660nm,730nm,850nm,940nm
20517.000000,42518.000000,46021.000000,23436.000000
20459.000000,42449.000000,45992.000000,23393.000000
20435.000000,42422.000000,45987.000000,23396.000000
20415.000000,42389.000000,45987.000000,23407.000000
20437.000000,42379.000000,45970.000000,23385.000000
20386.000000,42373.000000,45968.000000,23394.000000
20375.000000,42359.000000,45935.000000,23379.000000
20322.000000,42345.000000,45899.000000,23357.000000
20328.000000,42312.000000,45936.000000,23373.000000
20316.000000,42265.000000,45903.000000,23363.000000
20322.000000,42272.000000,45920.000000,23351.000000
20292.000000,42266.000000,45909.000000,23364.000000
20283.000000,42283.000000,45856.000000,23336.000000
20264.000000,42253.000000,45871.000000,23353.000000
20286.000000,42242.000000,45869.000000,23349.000000
20267.000000,42228.000000,45891.000000,23367.000000
20282.000000,42227.000000,45893.000000,23373.000000
20249.000000,42244.000000,45890.000000,23349.000000
20270.000000,42213.000000,45857.000000,23355.000000
20240.000000,42227.000000,45868.000000,23379.000000
20248.000000,42222.000000,45868.000000,23353.000000
20268.000000,42250.000000,45872.000000,23333.000000
20249.000000,42204.000000,45852.000000,23356.000000
20282.000000,42237.000000,45884.000000,23366.000000
20280.000000,42241.000000,45845.000000,23362.000000
20237.000000,42191.000000,45862.000000,23342.000000
20221.000000,42153.000000,45839.000000,23345.000000
20254.000000,42176.000000,45819.000000,23334.000000
20207.000000,42184.000000,45815.000000,23350.000000
20219.000000,42154.000000,45813.000000,23352.000000
20204.000000,42154.000000,45815.000000,23326.000000
20187.000000,42150.000000,45792.000000,23336.000000
20176.000000,42136.000000,45790.000000,23332.000000
20148.000000,42091.000000,45798.000000,23310.000000
20180.000000,42105.000000,45819.000000,23319.000000
20134.000000,42074.000000,45807.000000,23336.000000
20167.000000,42106.000000,45778.000000,23310.000000
20122.000000,42079.000000,45788.000000,23312.000000
20152.000000,42081.000000,45755.000000,23296.000000
20096.000000,42058.000000,45752.000000,23292.000000
20120.000000,42032.000000,45748.000000,23284.000000
20079.000000,42073.000000,45743.000000,23304.000000
20078.000000,42049.000000,45765.000000,23308.000000
20121.000000,42029.000000,45759.000000,23298.000000
20089.000000,41986.000000,45746.000000,23308.000000
20059.000000,42024.000000,45712.000000,23290.000000
20055.000000,41988.000000,45750.000000,23296.000000
20114.000000,42039.000000,45743.000000,23294.000000
20084.000000,42021.000000,45756.000000,23268.000000
20106.000000,41999.000000,45733.000000,23312.000000
20114.000000,42046.000000,45743.000000,23284.000000
20092.000000,42023.000000,45765.000000,23317.000000
20155.000000,42078.000000,45783.000000,23316.000000
20167.000000,42090.000000,45796.000000,23318.000000
20166.000000,42106.000000,45785.000000,23303.000000
20215.000000,42156.000000,45839.000000,23317.000000
20242.000000,42196.000000,45838.000000,23357.000000
20280.000000,42252.000000,45878.000000,23348.000000
20313.000000,42232.000000,45896.000000,23326.000000
20314.000000,42270.000000,45891.000000,23349.000000
20270.000000,42317.000000,45922.000000,23341.000000
20329.000000,42323.000000,45919.000000,23347.000000
20340.000000,42321.000000,45922.000000,23356.000000
20377.000000,42324.000000,45935.000000,23349.000000
20376.000000,42372.000000,45937.000000,23366.000000
20412.000000,42455.000000,46011.000000,23372.000000
20480.000000,42476.000000,46018.000000,23363.000000
20497.000000,42510.000000,46027.000000,23390.000000
20525.000000,42547.000000,46054.000000,23398.000000
20554.000000,42552.000000,46071.000000,23433.000000
20590.000000,42580.000000,46065.000000,23445.000000
20654.000000,42678.000000,46095.000000,23425.000000
20634.000000,42686.000000,46144.000000,23439.000000
20651.000000,42730.000000,46152.000000,23459.000000
20665.000000,42731.000000,46156.000000,23478.000000
20771.000000,42793.000000,46172.000000,23483.000000
20726.000000,42815.000000,46205.000000,23468.000000
20813.000000,42855.000000,46206.000000,23490.000000
20775.000000,42872.000000,46220.000000,23491.000000
20833.000000,42928.000000,46251.000000,23529.000000
20814.000000,42976.000000,46265.000000,23535.000000
20844.000000,42953.000000,46269.000000,23537.000000
20841.000000,42913.000000,46270.000000,23506.000000
20792.000000,42895.000000,46268.000000,23527.000000
20795.000000,42907.000000,46248.000000,23512.000000
20723.000000,42883.000000,46239.000000,23515.000000
20723.000000,42852.000000,46218.000000,23507.000000
20715.000000,42824.000000,46217.000000,23482.000000
20678.000000,42818.000000,46236.000000,23489.000000
20691.000000,42777.000000,46184.000000,23475.000000
20593.000000,42710.000000,46186.000000,23448.000000
20578.000000,42689.000000,46126.000000,23460.000000
20525.000000,42669.000000,46127.000000,23427.000000
20515.000000,42643.000000,46102.000000,23448.000000
20457.000000,42611.000000,46080.000000,23390.000000
20469.000000,42560.000000,46054.000000,23407.000000
20459.000000,42583.000000,46063.000000,23409.000000
20445.000000,42562.000000,46080.000000,23405.000000
20417.000000,42533.000000,46059.000000,23416.000000
20431.000000,42542.000000,46065.000000,23415.000000
20403.000000,42503.000000,46027.000000,23400.000000
20375.000000,42519.000000,46047.000000,23375.000000
20413.000000,42521.000000,46038.000000,23412.000000
20390.000000,42518.000000,46038.000000,23398.000000
20366.000000,42489.000000,46047.000000,23442.000000
20395.000000,42487.000000,46008.000000,23401.000000
20355.000000,42503.000000,46044.000000,23397.000000
20384.000000,42455.000000,46015.000000,23440.000000
20367.000000,42493.000000,46008.000000,23429.000000
20353.000000,42461.000000,45999.000000,23418.000000
20368.000000,42435.000000,45970.000000,23406.000000
20346.000000,42454.000000,46011.000000,23449.000000
20391.000000,42454.000000,46006.000000,23415.000000
20398.000000,42493.000000,46016.000000,23460.000000
20437.000000,42504.000000,46005.000000,23456.000000
20417.000000,42534.000000,45997.000000,23454.000000
20412.000000,42513.000000,46015.000000,23470.000000
20416.000000,42481.000000,45997.000000,23447.000000
20373.000000,42446.000000,46004.000000,23467.000000
20421.000000,42455.000000,45986.000000,23464.000000
20395.000000,42475.000000,46013.000000,23477.000000
20395.000000,42447.000000,45983.000000,23477.000000
20410.000000,42488.000000,46006.000000,23449.000000
20364.000000,42455.000000,45995.000000,23490.000000
20416.000000,42447.000000,45993.000000,23470.000000
20399.000000,42418.000000,46011.000000,23484.000000
20383.000000,42424.000000,45982.000000,23496.000000
20385.000000,42439.000000,45987.000000,23477.000000
20374.000000,42430.000000,45975.000000,23490.000000
20381.000000,42416.000000,45981.000000,23466.000000
20369.000000,42431.000000,45982.000000,23471.000000
20349.000000,42427.000000,45969.000000,23460.000000
20342.000000,42421.000000,45983.000000,23483.000000
20397.000000,42405.000000,45964.000000,23477.000000
20354.000000,42417.000000,45961.000000,23479.000000
20382.000000,42422.000000,45986.000000,23480.000000
20389.000000,42460.000000,45996.000000,23490.000000
20357.000000,42427.000000,46013.000000,23486.000000
20407.000000,42436.000000,45983.000000,23496.000000
20374.000000,42447.000000,45977.000000,23503.000000
20384.000000,42426.000000,45997.000000,23503.000000
20378.000000,42459.000000,45993.000000,23504.000000
20362.000000,42439.000000,45986.000000,23505.000000
20390.000000,42455.000000,45982.000000,23475.000000
20364.000000,42396.000000,45998.000000,23466.000000
20381.000000,42387.000000,45976.000000,23480.000000
20324.000000,42409.000000,45993.000000,23463.000000
20337.000000,42379.000000,45968.000000,23458.000000
20308.000000,42387.000000,45982.000000,23423.000000
20311.000000,42349.000000,45948.000000,23436.000000
20285.000000,42325.000000,45916.000000,23452.000000
20255.000000,42278.000000,45924.000000,23433.000000
20226.000000,42259.000000,45879.000000,23419.000000
20194.000000,42234.000000,45914.000000,23419.000000
20213.000000,42233.000000,45886.000000,23412.000000
20200.000000,42210.000000,45895.000000,23416.000000
20218.000000,42247.000000,45858.000000,23404.000000
20192.000000,42252.000000,45870.000000,23426.000000
20188.000000,42216.000000,45881.000000,23416.000000
20169.000000,42221.000000,45894.000000,23390.000000
20139.000000,42204.000000,45888.000000,23431.000000
20180.000000,42196.000000,45892.000000,23384.000000
20130.000000,42233.000000,45857.000000,23409.000000
20151.000000,42179.000000,45851.000000,23414.000000
20151.000000,42169.000000,45831.000000,23411.000000
20092.000000,42169.000000,45844.000000,23412.000000
20100.000000,42169.000000,45835.000000,23411.000000
20113.000000,42120.000000,45847.000000,23398.000000
20107.000000,42125.000000,45824.000000,23393.000000
20040.000000,42089.000000,45784.000000,23365.000000
20056.000000,42117.000000,45782.000000,23393.000000
20010.000000,42074.000000,45773.000000,23382.000000
20009.000000,42029.000000,45741.000000,23379.000000
19954.000000,42030.000000,45772.000000,23349.000000
19961.000000,42030.000000,45763.000000,23347.000000
19924.000000,41972.000000,45721.000000,23348.000000
19924.000000,41985.000000,45724.000000,23326.000000
19944.000000,41956.000000,45729.000000,23361.000000
19893.000000,41974.000000,45723.000000,23347.000000
19903.000000,41907.000000,45692.000000,23327.000000
19860.000000,41948.000000,45705.000000,23286.000000
19817.000000,41885.000000,45689.000000,23279.000000
19826.000000,41843.000000,45629.000000,23242.000000
19729.000000,41846.000000,45654.000000,23302.000000
19765.000000,41809.000000,45609.000000,23259.000000
19717.000000,41829.000000,45614.000000,23257.000000
19701.000000,41752.000000,45574.000000,23233.000000
19677.000000,41738.000000,45563.000000,23197.000000
19628.000000,41722.000000,45572.000000,23235.000000
19616.000000,41672.000000,45517.000000,23180.000000
19605.000000,41642.000000,45542.000000,23186.000000
19563.000000,41625.000000,45504.000000,23202.000000
19552.000000,41609.000000,45485.000000,23136.000000
19539.000000,41589.000000,45498.000000,23168.000000
19525.000000,41571.000000,45485.000000,23156.000000
19510.000000,41582.000000,45475.000000,23145.000000
19512.000000,41561.000000,45491.000000,23159.000000
19497.000000,41532.000000,45447.000000,23146.000000
19495.000000,41513.000000,45468.000000,23143.000000
19491.000000,41542.000000,45472.000000,23162.000000
19473.000000,41510.000000,45470.000000,23130.000000
19492.000000,41542.000000,45482.000000,23132.000000
19479.000000,41548.000000,45449.000000,23125.000000
19506.000000,41535.000000,45457.000000,23139.000000
19480.000000,41541.000000,45468.000000,23122.000000
19526.000000,41551.000000,45483.000000,23137.000000
19511.000000,41559.000000,45469.000000,23145.000000
19519.000000,41524.000000,45481.000000,23120.000000
19532.000000,41530.000000,45462.000000,23118.000000
19551.000000,41533.000000,45463.000000,23152.000000
19547.000000,41546.000000,45461.000000,23157.000000
19548.000000,41564.000000,45487.000000,23166.000000
19583.000000,41570.000000,45479.000000,23165.000000
19612.000000,41622.000000,45474.000000,23156.000000
19653.000000,41623.000000,45523.000000,23159.000000
19674.000000,41669.000000,45520.000000,23174.000000
19680.000000,41682.000000,45559.000000,23198.000000
19742.000000,41707.000000,45571.000000,23166.000000
19742.000000,41742.000000,45600.000000,23195.000000
19826.000000,41764.000000,45607.000000,23228.000000
19811.000000,41825.000000,45617.000000,23202.000000
19866.000000,41849.000000,45661.000000,23242.000000
19836.000000,41883.000000,45669.000000,23259.000000
19885.000000,41894.000000,45696.000000,23248.000000
19924.000000,41957.000000,45697.000000,23256.000000
19946.000000,41969.000000,45719.000000,23286.000000
20021.000000,41993.000000,45735.000000,23275.000000
20023.000000,42046.000000,45755.000000,23288.000000
20057.000000,42093.000000,45807.000000,23307.000000
20105.000000,42109.000000,45782.000000,23328.000000
20090.000000,42127.000000,45811.000000,23321.000000
20150.000000,42190.000000,45860.000000,23357.000000
20174.000000,42165.000000,45880.000000,23320.000000
20219.000000,42204.000000,45879.000000,23362.000000
20261.000000,42297.000000,45909.000000,23356.000000
20235.000000,42291.000000,45923.000000,23363.000000
20240.000000,42301.000000,45927.000000,23361.000000
20230.000000,42292.000000,45880.000000,23360.000000
20217.000000,42218.000000,45887.000000,23346.000000
20191.000000,42270.000000,45882.000000,23341.000000
20198.000000,42225.000000,45897.000000,23321.000000
20189.000000,42253.000000,45897.000000,23333.000000
20176.000000,42234.000000,45900.000000,23322.000000
20242.000000,42255.000000,45875.000000,23331.000000
20182.000000,42228.000000,45870.000000,23312.000000
20218.000000,42240.000000,45872.000000,23345.000000
20163.000000,42232.000000,45889.000000,23335.000000
20185.000000,42215.000000,45850.000000,23332.000000
20178.000000,42216.000000,45851.000000,23307.000000
20172.000000,42199.000000,45845.000000,23312.000000
20204.000000,42215.000000,45872.000000,23292.000000
20174.000000,42204.000000,45876.000000,23324.000000
20183.000000,42191.000000,45871.000000,23326.000000
20202.000000,42204.000000,45876.000000,23313.000000
20203.000000,42194.000000,45859.000000,23301.000000
20173.000000,42192.000000,45878.000000,23294.000000
20179.000000,42179.000000,45863.000000,23322.000000
20153.000000,42161.000000,45845.000000,23302.000000
20139.000000,42155.000000,45864.000000,23319.000000
20148.000000,42167.000000,45875.000000,23298.000000
20131.000000,42146.000000,45870.000000,23308.000000
20153.000000,42155.000000,45837.000000,23311.000000
20103.000000,42143.000000,45847.000000,23305.000000
20133.000000,42187.000000,45847.000000,23337.000000
20095.000000,42166.000000,45856.000000,23322.000000
20120.000000,42137.000000,45812.000000,23289.000000
20106.000000,42129.000000,45830.000000,23309.000000
20040.000000,42066.000000,45797.000000,23283.000000
20029.000000,42055.000000,45782.000000,23261.000000
20005.000000,42011.000000,45751.000000,23239.000000
19980.000000,42009.000000,45738.000000,23256.000000
19969.000000,42015.000000,45741.000000,23231.000000
19968.000000,41994.000000,45756.000000,23248.000000
19986.000000,42000.000000,45736.000000,23243.000000
19978.000000,41965.000000,45736.000000,23244.000000
19961.000000,42001.000000,45725.000000,23262.000000
19990.000000,41992.000000,45769.000000,23250.000000
19958.000000,41979.000000,45705.000000,23253.000000
19936.000000,41960.000000,45705.000000,23248.000000
19942.000000,41947.000000,45710.000000,23252.000000
19969.000000,41952.000000,45719.000000,23244.000000
19906.000000,41943.000000,45732.000000,23243.000000
19912.000000,41949.000000,45704.000000,23224.000000
19899.000000,41914.000000,45706.000000,23214.000000
19919.000000,41899.000000,45689.000000,23216.000000
19877.000000,41893.000000,45679.000000,23208.000000
19866.000000,41866.000000,45683.000000,23239.000000
19828.000000,41830.000000,45671.000000,23224.000000
19837.000000,41820.000000,45655.000000,23191.000000
19766.000000,41776.000000,45598.000000,23171.000000
19733.000000,41751.000000,45608.000000,23155.000000
19741.000000,41732.000000,45599.000000,23131.000000
19710.000000,41719.000000,45569.000000,23166.000000
19735.000000,41707.000000,45573.000000,23156.000000
19707.000000,41718.000000,45599.000000,23153.000000
19716.000000,41688.000000,45567.000000,23157.000000
19667.000000,41665.000000,45543.000000,23157.000000
19626.000000,41643.000000,45550.000000,23146.000000
19636.000000,41642.000000,45519.000000,23156.000000
19612.000000,41626.000000,45549.000000,23148.000000
19657.000000,41638.000000,45484.000000,23152.000000
19624.000000,41629.000000,45520.000000,23146.000000
19621.000000,41571.000000,45505.000000,23136.000000
19596.000000,41594.000000,45515.000000,23153.000000
19549.000000,41541.000000,45500.000000,23137.000000
19591.000000,41576.000000,45477.000000,23121.000000
19542.000000,41555.000000,45497.000000,23138.000000
19584.000000,41552.000000,45458.000000,23148.000000
19558.000000,41542.000000,45475.000000,23117.000000
19496.000000,41489.000000,45436.000000,23132.000000
19490.000000,41478.000000,45428.000000,23100.000000
19469.000000,41459.000000,45396.000000,23095.000000
19479.000000,41440.000000,45389.000000,23094.000000
19446.000000,41445.000000,45397.000000,23088.000000
19432.000000,41387.000000,45384.000000,23082.000000
19405.000000,41408.000000,45405.000000,23112.000000
19374.000000,41324.000000,45337.000000,23076.000000
19325.000000,41309.000000,45335.000000,23060.000000
19310.000000,41266.000000,45302.000000,23053.000000
19324.000000,41273.000000,45287.000000,23053.000000
19292.000000,41230.000000,45282.000000,23042.000000
19251.000000,41186.000000,45272.000000,23021.000000
19252.000000,41213.000000,45284.000000,23042.000000
19255.000000,41171.000000,45247.000000,23019.000000
19239.000000,41173.000000,45258.000000,23018.000000
19240.000000,41168.000000,45247.000000,23010.000000
19240.000000,41132.000000,45226.000000,23039.000000
19200.000000,41152.000000,45226.000000,22997.000000
19210.000000,41131.000000,45241.000000,23006.000000
19215.000000,41151.000000,45229.000000,23017.000000
19210.000000,41072.000000,45234.000000,23010.000000
19204.000000,41098.000000,45207.000000,23000.000000
19140.000000,41065.000000,45168.000000,22988.000000
19142.000000,41024.000000,45167.000000,23019.000000
19139.000000,41035.000000,45187.000000,22976.000000
19137.000000,40981.000000,45152.000000,22994.000000
19140.000000,41011.000000,45153.000000,22993.000000
19098.000000,40945.000000,45163.000000,22963.000000
19097.000000,40983.000000,45162.000000,22947.000000
19111.000000,40972.000000,45140.000000,22974.000000
19128.000000,40932.000000,45147.000000,22983.000000
19076.000000,40945.000000,45147.000000,22982.000000
19123.000000,40943.000000,45136.000000,22974.000000
19091.000000,40966.000000,45141.000000,22957.000000
19104.000000,40955.000000,45134.000000,22970.000000
19140.000000,40949.000000,45125.000000,22935.000000
19066.000000,40904.000000,45116.000000,22950.000000
19089.000000,40897.000000,45108.000000,22962.000000
19078.000000,40886.000000,45109.000000,22968.000000
19077.000000,40865.000000,45103.000000,22939.000000
19054.000000,40881.000000,45097.000000,22942.000000
19082.000000,40826.000000,45079.000000,22924.000000
19041.000000,40817.000000,45050.000000,22922.000000
19044.000000,40798.000000,45046.000000,22908.000000
19019.000000,40779.000000,45052.000000,22887.000000
18999.000000,40761.000000,45004.000000,22912.000000
18971.000000,40706.000000,45005.000000,22895.000000
18933.000000,40707.000000,45019.000000,22893.000000
18963.000000,40700.000000,44989.000000,22904.000000
18956.000000,40695.000000,44992.000000,22905.000000
18978.000000,40685.000000,44994.000000,22891.000000
18989.000000,40682.000000,44982.000000,22892.000000
18973.000000,40677.000000,45015.000000,22899.000000
19005.000000,40705.000000,44988.000000,22919.000000
19038.000000,40746.000000,45010.000000,22926.000000
19078.000000,40750.000000,45065.000000,22909.000000
19095.000000,40756.000000,45032.000000,22956.000000
19110.000000,40812.000000,45093.000000,22951.000000
19137.000000,40784.000000,45053.000000,22947.000000
19145.000000,40824.000000,45040.000000,22963.000000
19151.000000,40820.000000,45080.000000,22983.000000
19210.000000,40839.000000,45097.000000,22993.000000
19220.000000,40892.000000,45115.000000,23032.000000
19231.000000,40924.000000,45118.000000,22985.000000
19277.000000,40931.000000,45160.000000,23020.000000
19301.000000,40936.000000,45161.000000,23016.000000
19308.000000,40941.000000,45170.000000,23031.000000
19356.000000,41004.000000,45161.000000,23032.000000
19374.000000,41019.000000,45177.000000,23045.000000
19417.000000,41050.000000,45196.000000,23064.000000
19439.000000,41084.000000,45217.000000,23054.000000
19434.000000,41085.000000,45233.000000,23060.000000
19475.000000,41145.000000,45241.000000,23089.000000
19510.000000,41188.000000,45267.000000,23072.000000
19549.000000,41216.000000,45301.000000,23093.000000
19587.000000,41260.000000,45302.000000,23113.000000
19578.000000,41285.000000,45322.000000,23109.000000
19632.000000,41335.000000,45356.000000,23111.000000
19614.000000,41353.000000,45383.000000,23120.000000
19674.000000,41373.000000,45403.000000,23138.000000
19702.000000,41427.000000,45414.000000,23151.000000
19757.000000,41437.000000,45425.000000,23148.000000
19767.000000,41499.000000,45470.000000,23154.000000
19841.000000,41532.000000,45477.000000,23184.000000
19874.000000,41586.000000,45507.000000,23181.000000
19858.000000,41617.000000,45513.000000,23168.000000
19887.000000,41629.000000,45534.000000,23182.000000
19918.000000,41637.000000,45551.000000,23238.000000
19920.000000,41672.000000,45541.000000,23159.000000
19942.000000,41679.000000,45593.000000,23176.000000
20004.000000,41677.000000,45571.000000,23214.000000
19941.000000,41696.000000,45562.000000,23195.000000
19963.000000,41697.000000,45568.000000,23222.000000
19924.000000,41691.000000,45580.000000,23188.000000
19917.000000,41644.000000,45550.000000,23189.000000
19928.000000,41689.000000,45563.000000,23163.000000
19894.000000,41625.000000,45558.000000,23151.000000
19835.000000,41600.000000,45518.000000,23139.000000
19814.000000,41552.000000,45495.000000,23130.000000
19776.000000,41546.000000,45488.000000,23111.000000
19810.000000,41570.000000,45470.000000,23122.000000
19739.000000,41537.000000,45467.000000,23102.000000
19767.000000,41507.000000,45438.000000,23091.000000
19747.000000,41500.000000,45455.000000,23088.000000
19657.000000,41447.000000,45414.000000,23097.000000
19722.000000,41423.000000,45417.000000,23108.000000
19683.000000,41430.000000,45412.000000,23080.000000
19659.000000,41457.000000,45409.000000,23083.000000
19672.000000,41451.000000,45412.000000,23065.000000
19658.000000,41422.000000,45408.000000,23080.000000
19646.000000,41437.000000,45422.000000,23087.000000
19627.000000,41428.000000,45421.000000,23084.000000
19649.000000,41395.000000,45389.000000,23093.000000
19629.000000,41369.000000,45421.000000,23082.000000
19594.000000,41340.000000,45382.000000,23065.000000
19621.000000,41366.000000,45362.000000,23047.000000
19577.000000,41351.000000,45392.000000,23096.000000
19609.000000,41336.000000,45357.000000,23055.000000
19599.000000,41325.000000,45374.000000,23052.000000
19615.000000,41307.000000,45332.000000,23053.000000
19591.000000,41324.000000,45365.000000,23051.000000
19584.000000,41340.000000,45337.000000,23056.000000
19546.000000,41341.000000,45328.000000,23051.000000
19563.000000,41314.000000,45339.000000,23042.000000
19549.000000,41308.000000,45329.000000,23029.000000
19522.000000,41274.000000,45321.000000,23037.000000
19549.000000,41255.000000,45314.000000,23024.000000
19510.000000,41261.000000,45329.000000,23008.000000
19510.000000,41238.000000,45296.000000,23008.000000
19521.000000,41257.000000,45315.000000,23016.000000
19508.000000,41249.000000,45312.000000,23016.000000
19547.000000,41271.000000,45285.000000,23019.000000
19517.000000,41272.000000,45310.000000,23031.000000
19540.000000,41291.000000,45311.000000,23022.000000
19546.000000,41274.000000,45308.000000,23061.000000
19569.000000,41287.000000,45318.000000,23062.000000
19575.000000,41300.000000,45323.000000,23048.000000
19559.000000,41287.000000,45349.000000,23030.000000
19547.000000,41290.000000,45350.000000,23049.000000
19554.000000,41282.000000,45300.000000,23038.000000
19577.000000,41312.000000,45307.000000,23038.000000
19567.000000,41278.000000,45337.000000,23057.000000
19576.000000,41298.000000,45350.000000,23036.000000
19555.000000,41256.000000,45313.000000,23036.000000
19537.000000,41232.000000,45304.000000,23028.000000
19530.000000,41241.000000,45280.000000,23004.000000
19534.000000,41206.000000,45302.000000,23004.000000
19520.000000,41247.000000,45290.000000,22996.000000
19497.000000,41187.000000,45277.000000,23018.000000
19553.000000,41193.000000,45275.000000,22994.000000
19499.000000,41225.000000,45275.000000,23016.000000
19505.000000,41175.000000,45246.000000,22991.000000
19462.000000,41177.000000,45255.000000,22992.000000
19454.000000,41143.000000,45256.000000,22990.000000
19485.000000,41141.000000,45241.000000,22967.000000
19470.000000,41141.000000,45233.000000,22992.000000
19399.000000,41125.000000,45226.000000,22982.000000
19455.000000,41113.000000,45249.000000,22973.000000
19433.000000,41137.000000,45211.000000,22973.000000
19446.000000,41108.000000,45231.000000,22994.000000
19440.000000,41096.000000,45213.000000,22978.000000
19398.000000,41079.000000,45225.000000,22997.000000
19411.000000,41063.000000,45224.000000,23011.000000
19374.000000,41093.000000,45234.000000,22975.000000
19375.000000,41074.000000,45214.000000,22959.000000
19376.000000,41053.000000,45211.000000,22990.000000
19391.000000,41033.000000,45194.000000,22979.000000
19334.000000,41038.000000,45180.000000,22959.000000
19394.000000,41007.000000,45189.000000,22965.000000
19350.000000,41029.000000,45198.000000,22965.000000
19358.000000,41007.000000,45181.000000,22957.000000
19350.000000,41000.000000,45187.000000,22978.000000
19378.000000,41039.000000,45178.000000,22957.000000
19359.000000,41005.000000,45197.000000,22981.000000
19373.000000,41006.000000,45184.000000,22968.000000
19345.000000,41022.000000,45192.000000,22974.000000
19356.000000,40990.000000,45164.000000,22971.000000
19357.000000,40966.000000,45178.000000,22983.000000
19382.000000,40996.000000,45131.000000,22959.000000
19334.000000,40959.000000,45191.000000,22951.000000
19336.000000,40990.000000,45146.000000,22966.000000
19288.000000,41000.000000,45179.000000,22956.000000
19308.000000,40965.000000,45148.000000,22942.000000
19297.000000,40953.000000,45158.000000,22972.000000
19316.000000,40968.000000,45164.000000,22972.000000
19285.000000,40975.000000,45146.000000,22957.000000
19286.000000,40939.000000,45144.000000,22963.000000
19277.000000,40976.000000,45178.000000,22935.000000
19299.000000,40947.000000,45131.000000,22947.000000
19263.000000,40912.000000,45137.000000,22942.000000
19265.000000,40916.000000,45127.000000,22963.000000
19183.000000,40889.000000,45078.000000,22905.000000
19149.000000,40834.000000,45054.000000,22866.000000
19107.000000,40793.000000,45033.000000,22876.000000
19079.000000,40766.000000,45039.000000,22867.000000
19066.000000,40714.000000,45039.000000,22877.000000
19035.000000,40740.000000,45009.000000,22835.000000
19055.000000,40718.000000,45008.000000,22854.000000
19027.000000,40717.000000,45002.000000,22833.000000
19047.000000,40710.000000,45018.000000,22843.000000
19039.000000,40703.000000,44981.000000,22829.000000
19022.000000,40673.000000,44987.000000,22843.000000
19033.000000,40701.000000,44981.000000,22828.000000
19016.000000,40656.000000,44972.000000,22844.000000
19018.000000,40717.000000,44980.000000,22852.000000
19004.000000,40646.000000,45000.000000,22848.000000
19012.000000,40678.000000,44993.000000,22855.000000
19045.000000,40636.000000,44961.000000,22846.000000
19042.000000,40632.000000,44964.000000,22842.000000
18997.000000,40641.000000,44986.000000,22848.000000
19011.000000,40604.000000,44954.000000,22853.000000
19020.000000,40609.000000,44962.000000,22870.000000
19010.000000,40634.000000,44974.000000,22859.000000
18997.000000,40632.000000,44971.000000,22837.000000
19006.000000,40568.000000,44927.000000,22853.000000
18980.000000,40589.000000,44952.000000,22858.000000
19001.000000,40616.000000,44931.000000,22856.000000
19015.000000,40625.000000,44952.000000,22852.000000
19037.000000,40620.000000,44954.000000,22839.000000
19021.000000,40640.000000,44988.000000,22844.000000
19022.000000,40652.000000,44974.000000,22853.000000
19021.000000,40648.000000,44967.000000,22847.000000
19021.000000,40641.000000,44982.000000,22846.000000
19033.000000,40673.000000,44990.000000,22838.000000
19089.000000,40731.000000,45024.000000,22805.000000
19074.000000,40736.000000,45055.000000,22833.000000
19126.000000,40776.000000,45042.000000,22860.000000
19137.000000,40778.000000,45089.000000,22835.000000
19161.000000,40808.000000,45070.000000,22835.000000
19120.000000,40818.000000,45081.000000,22846.000000
19177.000000,40832.000000,45101.000000,22851.000000
19243.000000,40920.000000,45136.000000,22838.000000
19232.000000,40939.000000,45128.000000,22875.000000
19261.000000,40966.000000,45171.000000,22871.000000
19315.000000,41000.000000,45220.000000,22896.000000
19366.000000,41063.000000,45205.000000,22900.000000
19395.000000,41140.000000,45285.000000,22931.000000
19437.000000,41176.000000,45256.000000,22928.000000
19534.000000,41250.000000,45298.000000,22958.000000
19569.000000,41281.000000,45362.000000,22989.000000
19627.000000,41328.000000,45400.000000,22976.000000
19735.000000,41500.000000,45471.000000,23057.000000
19773.000000,41570.000000,45507.000000,23031.000000
19835.000000,41590.000000,45564.000000,23031.000000
19971.000000,41759.000000,45651.000000,23092.000000
19985.000000,41818.000000,45665.000000,23113.000000
20041.000000,41824.000000,45671.000000,23115.000000
20056.000000,41872.000000,45692.000000,23118.000000
20093.000000,41902.000000,45688.000000,23142.000000
20084.000000,41928.000000,45715.000000,23135.000000
20073.000000,41885.000000,45742.000000,23145.000000
20109.000000,41951.000000,45728.000000,23132.000000
20090.000000,41908.000000,45736.000000,23129.000000
20089.000000,41923.000000,45722.000000,23120.000000
20068.000000,41909.000000,45730.000000,23127.000000
20103.000000,41874.000000,45691.000000,23133.000000
20054.000000,41896.000000,45695.000000,23110.000000
20069.000000,41861.000000,45696.000000,23091.000000
20048.000000,41878.000000,45703.000000,23087.000000
20033.000000,41867.000000,45686.000000,23089.000000
20054.000000,41874.000000,45693.000000,23104.000000
20069.000000,41876.000000,45707.000000,23095.000000
20081.000000,41884.000000,45706.000000,23099.000000
20085.000000,41868.000000,45718.000000,23112.000000
20100.000000,41874.000000,45680.000000,23113.000000
20094.000000,41900.000000,45735.000000,23097.000000
20122.000000,41905.000000,45685.000000,23109.000000
20103.000000,41898.000000,45702.000000,23107.000000
20139.000000,41899.000000,45708.000000,23123.000000
20100.000000,41890.000000,45719.000000,23120.000000
20117.000000,41894.000000,45722.000000,23116.000000
20102.000000,41900.000000,45687.000000,23108.000000
20073.000000,41877.000000,45697.000000,23113.000000
20103.000000,41855.000000,45709.000000,23112.000000
20074.000000,41850.000000,45688.000000,23101.000000
20072.000000,41824.000000,45677.000000,23111.000000
20023.000000,41831.000000,45651.000000,23078.000000
20013.000000,41825.000000,45649.000000,23119.000000
20025.000000,41788.000000,45652.000000,23089.000000
19967.000000,41734.000000,45633.000000,23084.000000
19978.000000,41706.000000,45593.000000,23067.000000
19937.000000,41725.000000,45632.000000,23070.000000
19945.000000,41688.000000,45587.000000,23062.000000
19888.000000,41726.000000,45592.000000,23075.000000
19918.000000,41696.000000,45561.000000,23059.000000
19895.000000,41693.000000,45575.000000,23075.000000
19918.000000,41688.000000,45567.000000,23078.000000
19928.000000,41672.000000,45540.000000,23061.000000
19924.000000,41625.000000,45573.000000,23045.000000
19894.000000,41636.000000,45539.000000,23059.000000
19895.000000,41643.000000,45569.000000,23046.000000
19897.000000,41613.000000,45544.000000,23076.000000
19906.000000,41615.000000,45531.000000,23053.000000
19909.000000,41610.000000,45555.000000,23069.000000
19906.000000,41640.000000,45546.000000,23073.000000
19908.000000,41622.000000,45552.000000,23088.000000
19937.000000,41662.000000,45553.000000,23061.000000
19935.000000,41619.000000,45577.000000,23086.000000
19926.000000,41653.000000,45559.000000,23098.000000
19938.000000,41630.000000,45552.000000,23082.000000
19973.000000,41617.000000,45561.000000,23084.000000
19985.000000,41660.000000,45545.000000,23080.000000
19987.000000,41620.000000,45558.000000,23083.000000
19970.000000,41642.000000,45520.000000,23076.000000
19960.000000,41648.000000,45552.000000,23096.000000
20015.000000,41685.000000,45575.000000,23115.000000
20050.000000,41664.000000,45580.000000,23128.000000
20062.000000,41696.000000,45597.000000,23135.000000
20068.000000,41693.000000,45577.000000,23140.000000
20079.000000,41723.000000,45592.000000,23129.000000
20087.000000,41739.000000,45581.000000,23159.000000
20111.000000,41751.000000,45594.000000,23162.000000
20110.000000,41738.000000,45642.000000,23149.000000
20123.000000,41750.000000,45601.000000,23168.000000
20090.000000,41731.000000,45610.000000,23156.000000
20097.000000,41727.000000,45624.000000,23166.000000
20080.000000,41777.000000,45617.000000,23142.000000
20077.000000,41758.000000,45596.000000,23161.000000
20063.000000,41743.000000,45635.000000,23155.000000
20071.000000,41728.000000,45626.000000,23163.000000
20023.000000,41675.000000,45577.000000,23125.000000
20027.000000,41678.000000,45588.000000,23128.000000
20011.000000,41679.000000,45553.000000,23102.000000
19970.000000,41672.000000,45599.000000,23116.000000
19951.000000,41662.000000,45548.000000,23073.000000
19961.000000,41648.000000,45498.000000,23081.000000
19935.000000,41595.000000,45527.000000,23075.000000
19932.000000,41604.000000,45565.000000,23091.000000
19898.000000,41645.000000,45524.000000,23080.000000
19887.000000,41584.000000,45545.000000,23074.000000
19925.000000,41606.000000,45547.000000,23059.000000
19890.000000,41562.000000,45499.000000,23053.000000
19867.000000,41578.000000,45504.000000,23066.000000
19884.000000,41575.000000,45485.000000,23031.000000
19844.000000,41516.000000,45508.000000,23036.000000
19831.000000,41508.000000,45473.000000,23025.000000
19840.000000,41533.000000,45468.000000,23009.000000
19797.000000,41497.000000,45467.000000,23034.000000
19841.000000,41509.000000,45469.000000,22983.000000
19819.000000,41485.000000,45438.000000,23012.000000
19823.000000,41478.000000,45451.000000,23007.000000
19765.000000,41470.000000,45456.000000,23024.000000
19796.000000,41464.000000,45443.000000,22995.000000
19747.000000,41448.000000,45450.000000,22998.000000
19759.000000,41474.000000,45435.000000,22996.000000
19763.000000,41463.000000,45451.000000,23010.000000
19758.000000,41449.000000,45416.000000,23021.000000
19734.000000,41411.000000,45406.000000,22980.000000
19708.000000,41404.000000,45422.000000,23013.000000
19686.000000,41390.000000,45406.000000,22951.000000
19677.000000,41374.000000,45386.000000,22956.000000
19674.000000,41386.000000,45385.000000,22983.000000
19607.000000,41345.000000,45361.000000,22964.000000
19596.000000,41314.000000,45348.000000,22961.000000
19602.000000,41296.000000,45369.000000,22930.000000
19585.000000,41289.000000,45318.000000,22949.000000
19544.000000,41258.000000,45328.000000,22945.000000
19573.000000,41243.000000,45313.000000,22943.000000
19537.000000,41228.000000,45302.000000,22938.000000
19523.000000,41214.000000,45311.000000,22919.000000
19466.000000,41175.000000,45337.000000,22904.000000
19478.000000,41190.000000,45289.000000,22923.000000
19443.000000,41144.000000,45270.000000,22896.000000
19451.000000,41172.000000,45267.000000,22899.000000
19437.000000,41190.000000,45243.000000,22888.000000
19390.000000,41139.000000,45255.000000,22878.000000
19425.000000,41168.000000,45256.000000,22876.000000
19400.000000,41186.000000,45275.000000,22869.000000
19466.000000,41171.000000,45290.000000,22894.000000
19441.000000,41181.000000,45288.000000,22890.000000
19471.000000,41190.000000,45293.000000,22878.000000
19488.000000,41198.000000,45286.000000,22865.000000
19478.000000,41213.000000,45283.000000,22907.000000
19470.000000,41218.000000,45305.000000,22858.000000
19476.000000,41246.000000,45322.000000,22863.000000
19503.000000,41247.000000,45330.000000,22881.000000
19541.000000,41291.000000,45342.000000,22880.000000
19538.000000,41299.000000,45346.000000,22898.000000
19522.000000,41334.000000,45335.000000,22907.000000
19596.000000,41352.000000,45383.000000,22919.000000
19576.000000,41397.000000,45395.000000,22901.000000
19677.000000,41454.000000,45439.000000,22913.000000
19766.000000,41569.000000,45504.000000,22940.000000
19771.000000,41605.000000,45499.000000,22963.000000
19820.000000,41625.000000,45562.000000,22964.000000
19813.000000,41666.000000,45564.000000,22958.000000
19849.000000,41717.000000,45595.000000,22982.000000
19883.000000,41712.000000,45606.000000,22976.000000
20009.000000,41891.000000,45683.000000,23010.000000
20013.000000,41901.000000,45724.000000,23015.000000
20036.000000,41936.000000,45722.000000,23003.000000
20079.000000,42003.000000,45744.000000,23046.000000
20114.000000,41999.000000,45759.000000,23014.000000
20117.000000,42090.000000,45786.000000,23044.000000
20142.000000,42089.000000,45806.000000,23023.000000
20199.000000,42133.000000,45826.000000,23065.000000
20227.000000,42147.000000,45857.000000,23079.000000
20224.000000,42202.000000,45872.000000,23101.000000
20236.000000,42245.000000,45889.000000,23063.000000
20309.000000,42239.000000,45888.000000,23082.000000
20275.000000,42268.000000,45893.000000,23105.000000
20330.000000,42282.000000,45929.000000,23096.000000
20352.000000,42315.000000,45910.000000,23111.000000
20328.000000,42287.000000,45943.000000,23115.000000
20324.000000,42304.000000,45934.000000,23086.000000
20312.000000,42282.000000,45917.000000,23111.000000
20331.000000,42274.000000,45914.000000,23122.000000
20306.000000,42279.000000,45898.000000,23134.000000
20334.000000,42233.000000,45912.000000,23105.000000
20294.000000,42287.000000,45915.000000,23106.000000
20325.000000,42270.000000,45904.000000,23136.000000
20355.000000,42272.000000,45892.000000,23101.000000
20318.000000,42255.000000,45911.000000,23098.000000
20321.000000,42252.000000,45905.000000,23108.000000
20326.000000,42253.000000,45923.000000,23109.000000
20342.000000,42237.000000,45881.000000,23094.000000
20308.000000,42242.000000,45886.000000,23121.000000
20308.000000,42257.000000,45886.000000,23111.000000
20358.000000,42250.000000,45881.000000,23112.000000
20324.000000,42244.000000,45895.000000,23118.000000
20325.000000,42233.000000,45871.000000,23126.000000
20286.000000,42227.000000,45896.000000,23107.000000
20321.000000,42221.000000,45888.000000,23123.000000
20323.000000,42186.000000,45907.000000,23133.000000
20337.000000,42226.000000,45871.000000,23133.000000
20350.000000,42261.000000,45913.000000,23118.000000
20370.000000,42285.000000,45911.000000,23152.000000
20374.000000,42265.000000,45909.000000,23156.000000
20381.000000,42310.000000,45900.000000,23181.000000
20396.000000,42298.000000,45898.000000,23156.000000
20404.000000,42303.000000,45898.000000,23173.000000
20378.000000,42257.000000,45954.000000,23179.000000
20370.000000,42205.000000,45892.000000,23178.000000
20353.000000,42251.000000,45894.000000,23150.000000
20355.000000,42222.000000,45879.000000,23158.000000
20317.000000,42202.000000,45859.000000,23152.000000
20283.000000,42195.000000,45887.000000,23138.000000
20277.000000,42141.000000,45859.000000,23134.000000
20272.000000,42172.000000,45842.000000,23147.000000
20281.000000,42177.000000,45824.000000,23123.000000
20279.000000,42136.000000,45861.000000,23132.000000
20278.000000,42151.000000,45836.000000,23142.000000
20259.000000,42150.000000,45821.000000,23156.000000
20253.000000,42148.000000,45836.000000,23134.000000
20306.000000,42136.000000,45817.000000,23157.000000
20291.000000,42128.000000,45845.000000,23146.000000
20283.000000,42141.000000,45843.000000,23160.000000
20272.000000,42162.000000,45826.000000,23151.000000
20287.000000,42122.000000,45841.000000,23136.000000
20331.000000,42164.000000,45854.000000,23153.000000
20250.000000,42103.000000,45843.000000,23147.000000
20242.000000,42109.000000,45815.000000,23118.000000
20232.000000,42087.000000,45772.000000,23114.000000
20266.000000,42067.000000,45779.000000,23103.000000
20253.000000,42072.000000,45792.000000,23084.000000
20258.000000,42046.000000,45769.000000,23118.000000
20237.000000,42021.000000,45775.000000,23110.000000
20201.000000,42010.000000,45773.000000,23066.000000
20258.000000,41957.000000,45756.000000,23120.000000
20223.000000,41986.000000,45736.000000,23084.000000
20211.000000,41986.000000,45729.000000,23066.000000
20261.000000,42000.000000,45760.000000,23105.000000
20272.000000,42003.000000,45764.000000,23106.000000
20287.000000,42034.000000,45779.000000,23095.000000
20284.000000,42067.000000,45788.000000,23122.000000
20297.000000,42057.000000,45804.000000,23153.000000
20301.000000,42048.000000,45803.000000,23156.000000
20345.000000,42057.000000,45810.000000,23142.000000
20341.000000,42087.000000,45812.000000,23157.000000
20332.000000,42086.000000,45818.000000,23148.000000
20384.000000,42088.000000,45817.000000,23181.000000
20390.000000,42107.000000,45844.000000,23143.000000
20382.000000,42115.000000,45827.000000,23159.000000
20381.000000,42102.000000,45818.000000,23146.000000
20365.000000,42086.000000,45829.000000,23148.000000
20386.000000,42093.000000,45793.000000,23155.000000
20332.000000,42073.000000,45846.000000,23124.000000
20334.000000,42074.000000,45787.000000,23127.000000
20304.000000,42071.000000,45821.000000,23128.000000
20315.000000,42052.000000,45793.000000,23102.000000
20288.000000,42029.000000,45771.000000,23104.000000
20315.000000,42029.000000,45772.000000,23072.000000
20275.000000,42005.000000,45752.000000,23078.000000
20289.000000,42027.000000,45773.000000,23094.000000
20248.000000,42021.000000,45750.000000,23068.000000
20277.000000,41981.000000,45767.000000,23083.000000
20257.000000,42007.000000,45785.000000,23086.000000
20261.000000,41976.000000,45758.000000,23068.000000
20236.000000,41984.000000,45722.000000,23058.000000
20196.000000,41967.000000,45744.000000,23056.000000
20213.000000,41971.000000,45728.000000,23008.000000
20189.000000,41957.000000,45701.000000,23023.000000
20171.000000,41915.000000,45715.000000,23003.000000
20173.000000,41924.000000,45714.000000,23011.000000
20128.000000,41896.000000,45721.000000,22993.000000
20130.000000,41895.000000,45659.000000,22993.000000
20113.000000,41898.000000,45689.000000,22984.000000
20103.000000,41869.000000,45704.000000,22969.000000
20096.000000,41839.000000,45671.000000,22967.000000
20094.000000,41814.000000,45678.000000,22952.000000
20071.000000,41824.000000,45676.000000,22975.000000
20074.000000,41828.000000,45664.000000,22958.000000
20053.000000,41807.000000,45667.000000,22954.000000
20098.000000,41820.000000,45670.000000,22939.000000
20063.000000,41827.000000,45670.000000,22954.000000
20080.000000,41793.000000,45652.000000,22976.000000
20061.000000,41853.000000,45671.000000,22957.000000
20095.000000,41832.000000,45674.000000,22940.000000
20117.000000,41872.000000,45710.000000,22968.000000
20132.000000,41881.000000,45671.000000,22962.000000
20125.000000,41862.000000,45674.000000,22969.000000
20154.000000,41921.000000,45683.000000,22986.000000
20233.000000,41980.000000,45765.000000,22984.000000
20238.000000,41983.000000,45733.000000,23000.000000
20259.000000,42018.000000,45779.000000,22998.000000
20297.000000,42050.000000,45802.000000,23020.000000
20323.000000,42095.000000,45817.000000,23029.000000
20357.000000,42103.000000,45839.000000,23032.000000
20451.000000,42220.000000,45882.000000,23046.000000
20485.000000,42218.000000,45927.000000,23056.000000
20511.000000,42295.000000,45964.000000,23061.000000
20565.000000,42338.000000,45953.000000,23089.000000
20634.000000,42431.000000,46025.000000,23110.000000
20695.000000,42520.000000,46026.000000,23123.000000
20733.000000,42524.000000,46053.000000,23115.000000
20763.000000,42562.000000,46078.000000,23133.000000
20821.000000,42623.000000,46120.000000,23164.000000
21005.000000,42830.000000,46248.000000,23217.000000
21077.000000,42894.000000,46294.000000,23234.000000
21100.000000,42928.000000,46328.000000,23222.000000
21144.000000,42981.000000,46331.000000,23288.000000
21191.000000,43046.000000,46351.000000,23277.000000
21332.000000,43177.000000,46440.000000,23324.000000
21365.000000,43237.000000,46516.000000,23317.000000
21419.000000,43285.000000,46503.000000,23337.000000
21455.000000,43360.000000,46548.000000,23362.000000
21507.000000,43404.000000,46575.000000,23364.000000
21556.000000,43456.000000,46607.000000,23384.000000
21598.000000,43451.000000,46636.000000,23403.000000
21650.000000,43549.000000,46668.000000,23425.000000
21679.000000,43592.000000,46669.000000,23407.000000
21676.000000,43608.000000,46693.000000,23446.000000
21730.000000,43646.000000,46674.000000,23433.000000
21733.000000,43618.000000,46729.000000,23434.000000
21756.000000,43661.000000,46745.000000,23458.000000
21769.000000,43685.000000,46719.000000,23455.000000
21741.000000,43669.000000,46760.000000,23443.000000
21769.000000,43682.000000,46707.000000,23436.000000
21714.000000,43639.000000,46730.000000,23415.000000
21741.000000,43651.000000,46711.000000,23444.000000
21718.000000,43654.000000,46743.000000,23425.000000
21725.000000,43672.000000,46716.000000,23436.000000
21706.000000,43626.000000,46706.000000,23431.000000
21724.000000,43638.000000,46720.000000,23436.000000
21725.000000,43626.000000,46721.000000,23417.000000
21684.000000,43653.000000,46714.000000,23396.000000
21675.000000,43591.000000,46711.000000,23404.000000
21699.000000,43595.000000,46705.000000,23427.000000
21647.000000,43624.000000,46659.000000,23373.000000
21635.000000,43570.000000,46671.000000,23376.000000
21658.000000,43590.000000,46666.000000,23345.000000
21649.000000,43558.000000,46685.000000,23377.000000
21641.000000,43558.000000,46656.000000,23384.000000
21629.000000,43598.000000,46650.000000,23393.000000
21617.000000,43549.000000,46669.000000,23385.000000
21607.000000,43537.000000,46686.000000,23385.000000
21596.000000,43554.000000,46658.000000,23381.000000
21638.000000,43546.000000,46649.000000,23361.000000
21585.000000,43535.000000,46639.000000,23361.000000
21566.000000,43517.000000,46610.000000,23372.000000
21590.000000,43522.000000,46619.000000,23334.000000
21575.000000,43497.000000,46622.000000,23350.000000
21563.000000,43494.000000,46638.000000,23347.000000
21541.000000,43477.000000,46613.000000,23327.000000
21533.000000,43432.000000,46574.000000,23309.000000
21480.000000,43439.000000,46578.000000,23317.000000
21454.000000,43419.000000,46615.000000,23325.000000
21488.000000,43401.000000,46573.000000,23330.000000
21450.000000,43394.000000,46580.000000,23304.000000
21438.000000,43390.000000,46564.000000,23316.000000
21446.000000,43361.000000,46556.000000,23302.000000
21435.000000,43324.000000,46554.000000,23284.000000
21442.000000,43330.000000,46537.000000,23281.000000
21408.000000,43364.000000,46539.000000,23286.000000
21377.000000,43362.000000,46517.000000,23257.000000
21358.000000,43304.000000,46530.000000,23283.000000
21381.000000,43296.000000,46521.000000,23259.000000
21330.000000,43282.000000,46498.000000,23243.000000
21299.000000,43222.000000,46464.000000,23258.000000
21313.000000,43232.000000,46478.000000,23233.000000
21285.000000,43232.000000,46468.000000,23247.000000
21282.000000,43204.000000,46451.000000,23217.000000
21223.000000,43174.000000,46423.000000,23214.000000
21225.000000,43158.000000,46438.000000,23207.000000
21222.000000,43165.000000,46413.000000,23217.000000
21196.000000,43155.000000,46388.000000,23209.000000
21180.000000,43124.000000,46383.000000,23167.000000
21163.000000,43106.000000,46376.000000,23188.000000
21160.000000,43063.000000,46360.000000,23212.000000
21134.000000,43079.000000,46362.000000,23173.000000
21114.000000,43045.000000,46352.000000,23186.000000
21078.000000,43036.000000,46365.000000,23189.000000
21101.000000,43005.000000,46349.000000,23170.000000
21076.000000,42984.000000,46330.000000,23182.000000
21047.000000,42978.000000,46282.000000,23127.000000
21018.000000,42946.000000,46324.000000,23148.000000
20967.000000,42881.000000,46282.000000,23140.000000
20930.000000,42883.000000,46284.000000,23138.000000
20955.000000,42849.000000,46238.000000,23151.000000
20954.000000,42872.000000,46269.000000,23158.000000
20938.000000,42860.000000,46250.000000,23135.000000
20962.000000,42852.000000,46226.000000,23125.000000
20886.000000,42802.000000,46226.000000,23140.000000
20881.000000,42753.000000,46223.000000,23129.000000
20880.000000,42795.000000,46220.000000,23138.000000
20857.000000,42736.000000,46199.000000,23143.000000
20867.000000,42727.000000,46194.000000,23116.000000
20867.000000,42757.000000,46190.000000,23114.000000
20829.000000,42752.000000,46173.000000,23125.000000
20831.000000,42760.000000,46176.000000,23134.000000
20852.000000,42738.000000,46194.000000,23138.000000
20846.000000,42698.000000,46167.000000,23116.000000
20802.000000,42708.000000,46142.000000,23145.000000
20817.000000,42685.000000,46164.000000,23147.000000
20807.000000,42705.000000,46149.000000,23125.000000
20806.000000,42645.000000,46152.000000,23126.000000
20810.000000,42644.000000,46147.000000,23116.000000
20792.000000,42685.000000,46161.000000,23138.000000
20811.000000,42667.000000,46129.000000,23132.000000
20779.000000,42694.000000,46118.000000,23133.000000
20763.000000,42634.000000,46156.000000,23124.000000
20791.000000,42626.000000,46137.000000,23120.000000
20779.000000,42638.000000,46148.000000,23129.000000
20742.000000,42599.000000,46120.000000,23129.000000
20771.000000,42605.000000,46113.000000,23093.000000
20742.000000,42599.000000,46148.000000,23105.000000
20770.000000,42630.000000,46109.000000,23140.000000
20743.000000,42607.000000,46102.000000,23114.000000
20721.000000,42588.000000,46110.000000,23117.000000
20758.000000,42542.000000,46083.000000,23123.000000
20729.000000,42596.000000,46096.000000,23132.000000
20765.000000,42568.000000,46111.000000,23125.000000
20717.000000,42548.000000,46083.000000,23117.000000
20703.000000,42584.000000,46105.000000,23113.000000
20714.000000,42551.000000,46076.000000,23116.000000
20684.000000,42542.000000,46089.000000,23130.000000
20694.000000,42536.000000,46079.000000,23097.000000
20691.000000,42542.000000,46068.000000,23083.000000
20714.000000,42532.000000,46053.000000,23102.000000
20706.000000,42527.000000,46056.000000,23110.000000
20679.000000,42503.000000,46053.000000,23113.000000
20656.000000,42515.000000,46060.000000,23081.000000
20650.000000,42513.000000,46033.000000,23112.000000
20653.000000,42523.000000,46059.000000,23104.000000
20651.000000,42497.000000,46060.000000,23099.000000
20664.000000,42503.000000,46056.000000,23091.000000
20676.000000,42542.000000,46050.000000,23112.000000
20682.000000,42529.000000,46083.000000,23109.000000
20676.000000,42536.000000,46109.000000,23112.000000
20713.000000,42530.000000,46084.000000,23103.000000
20699.000000,42583.000000,46072.000000,23101.000000
20718.000000,42573.000000,46088.000000,23105.000000
20736.000000,42584.000000,46114.000000,23116.000000
20778.000000,42664.000000,46144.000000,23120.000000
20829.000000,42655.000000,46174.000000,23115.000000
20805.000000,42684.000000,46154.000000,23132.000000
20858.000000,42729.000000,46197.000000,23146.000000
20864.000000,42723.000000,46194.000000,23134.000000
20881.000000,42782.000000,46216.000000,23175.000000
20921.000000,42766.000000,46214.000000,23177.000000
20902.000000,42818.000000,46238.000000,23156.000000
20940.000000,42834.000000,46261.000000,23175.000000
20958.000000,42875.000000,46251.000000,23153.000000
20976.000000,42885.000000,46289.000000,23189.000000
21021.000000,42921.000000,46312.000000,23210.000000
21032.000000,42951.000000,46313.000000,23195.000000
21147.000000,43065.000000,46388.000000,23193.000000
21176.000000,43067.000000,46387.000000,23238.000000
21214.000000,43138.000000,46394.000000,23230.000000
21234.000000,43144.000000,46436.000000,23268.000000
21267.000000,43230.000000,46454.000000,23281.000000
21295.000000,43244.000000,46488.000000,23269.000000
21366.000000,43283.000000,46481.000000,23303.000000
21417.000000,43298.000000,46539.000000,23292.000000
21424.000000,43319.000000,46560.000000,23324.000000
21472.000000,43375.000000,46572.000000,23310.000000
21669.000000,43588.000000,46699.000000,23380.000000
21676.000000,43607.000000,46769.000000,23395.000000
21710.000000,43673.000000,46724.000000,23416.000000
21725.000000,43712.000000,46757.000000,23406.000000
21781.000000,43700.000000,46790.000000,23453.000000
21800.000000,43773.000000,46806.000000,23425.000000
21794.000000,43779.000000,46809.000000,23434.000000
21847.000000,43748.000000,46811.000000,23442.000000
21767.000000,43805.000000,46792.000000,23443.000000
21784.000000,43738.000000,46806.000000,23414.000000
21820.000000,43776.000000,46774.000000,23434.000000
21779.000000,43732.000000,46808.000000,23403.000000
21809.000000,43728.000000,46785.000000,23404.000000
21746.000000,43735.000000,46757.000000,23409.000000
21778.000000,43693.000000,46777.000000,23458.000000
21740.000000,43693.000000,46756.000000,23415.000000
21716.000000,43671.000000,46739.000000,23437.000000
21717.000000,43695.000000,46758.000000,23409.000000
21726.000000,43644.000000,46756.000000,23386.000000
21747.000000,43653.000000,46741.000000,23419.000000
21677.000000,43680.000000,46744.000000,23404.000000
21727.000000,43647.000000,46732.000000,23421.000000
21694.000000,43663.000000,46726.000000,23397.000000
21703.000000,43604.000000,46712.000000,23404.000000
21678.000000,43647.000000,46692.000000,23384.000000
21666.000000,43592.000000,46691.000000,23386.000000
21649.000000,43581.000000,46711.000000,23387.000000
21644.000000,43596.000000,46680.000000,23394.000000
21626.000000,43584.000000,46657.000000,23393.000000
21623.000000,43526.000000,46617.000000,23411.000000
21596.000000,43535.000000,46646.000000,23389.000000
21603.000000,43527.000000,46670.000000,23409.000000
21639.000000,43510.000000,46658.000000,23420.000000
21600.000000,43497.000000,46648.000000,23395.000000
21585.000000,43488.000000,46635.000000,23438.000000
21605.000000,43496.000000,46646.000000,23419.000000
21626.000000,43507.000000,46635.000000,23400.000000
21589.000000,43509.000000,46648.000000,23409.000000
21611.000000,43499.000000,46636.000000,23408.000000
21585.000000,43449.000000,46618.000000,23440.000000
21623.000000,43516.000000,46646.000000,23418.000000
21587.000000,43483.000000,46637.000000,23442.000000
21584.000000,43485.000000,46620.000000,23399.000000
21566.000000,43515.000000,46645.000000,23421.000000
21583.000000,43479.000000,46615.000000,23443.000000
21588.000000,43486.000000,46641.000000,23423.000000
21578.000000,43473.000000,46620.000000,23433.000000
21633.000000,43461.000000,46625.000000,23453.000000
21614.000000,43463.000000,46644.000000,23447.000000
21606.000000,43423.000000,46627.000000,23450.000000
21585.000000,43439.000000,46617.000000,23463.000000
21577.000000,43426.000000,46649.000000,23428.000000
21574.000000,43422.000000,46590.000000,23471.000000
21542.000000,43435.000000,46640.000000,23469.000000
21567.000000,43416.000000,46598.000000,23450.000000
21535.000000,43428.000000,46623.000000,23445.000000
21542.000000,43394.000000,46612.000000,23438.000000
21517.000000,43384.000000,46575.000000,23434.000000
21506.000000,43360.000000,46604.000000,23417.000000
21478.000000,43368.000000,46563.000000,23435.000000
21466.000000,43373.000000,46579.000000,23440.000000
21470.000000,43313.000000,46556.000000,23430.000000
21460.000000,43338.000000,46539.000000,23434.000000
21454.000000,43304.000000,46546.000000,23428.000000
21454.000000,43327.000000,46568.000000,23432.000000
21471.000000,43318.000000,46564.000000,23423.000000
21482.000000,43310.000000,46559.000000,23459.000000
21453.000000,43308.000000,46562.000000,23416.000000
21470.000000,43325.000000,46538.000000,23454.000000
21423.000000,43317.000000,46527.000000,23422.000000
21451.000000,43283.000000,46551.000000,23432.000000
21494.000000,43317.000000,46546.000000,23422.000000
21470.000000,43294.000000,46539.000000,23426.000000
21438.000000,43317.000000,46527.000000,23449.000000
21433.000000,43279.000000,46517.000000,23408.000000
21449.000000,43299.000000,46510.000000,23428.000000
21452.000000,43270.000000,46534.000000,23431.000000
21428.000000,43267.000000,46505.000000,23404.000000
21428.000000,43261.000000,46504.000000,23422.000000
21433.000000,43236.000000,46504.000000,23405.000000
21422.000000,43263.000000,46500.000000,23381.000000
21429.000000,43228.000000,46490.000000,23430.000000
21411.000000,43230.000000,46503.000000,23409.000000
21391.000000,43189.000000,46493.000000,23390.000000
21386.000000,43178.000000,46471.000000,23395.000000
21354.000000,43219.000000,46471.000000,23383.000000
21343.000000,43167.000000,46445.000000,23385.000000
21371.000000,43106.000000,46428.000000,23390.000000
21301.000000,43136.000000,46425.000000,23372.000000
21326.000000,43115.000000,46403.000000,23360.000000
21274.000000,43089.000000,46374.000000,23346.000000
21224.000000,43013.000000,46416.000000,23330.000000
21236.000000,43021.000000,46378.000000,23333.000000
21172.000000,43011.000000,46391.000000,23343.000000
21200.000000,42984.000000,46346.000000,23311.000000
21155.000000,42945.000000,46342.000000,23314.000000
21115.000000,42896.000000,46283.000000,23299.000000
21088.000000,42868.000000,46288.000000,23284.000000
21047.000000,42842.000000,46260.000000,23311.000000
21007.000000,42821.000000,46273.000000,23283.000000
21009.000000,42797.000000,46282.000000,23272.000000
20984.000000,42760.000000,46226.000000,23260.000000
20912.000000,42727.000000,46182.000000,23264.000000
20924.000000,42692.000000,46195.000000,23247.000000
20923.000000,42690.000000,46169.000000,23231.000000
20897.000000,42653.000000,46189.000000,23246.000000
20898.000000,42651.000000,46154.000000,23233.000000
20889.000000,42641.000000,46146.000000,23234.000000
20862.000000,42610.000000,46153.000000,23255.000000
20847.000000,42585.000000,46107.000000,23231.000000
20849.000000,42585.000000,46142.000000,23204.000000
20826.000000,42593.000000,46099.000000,23217.000000
20803.000000,42587.000000,46111.000000,23216.000000
20831.000000,42559.000000,46097.000000,23230.000000
20823.000000,42552.000000,46075.000000,23212.000000
20835.000000,42550.000000,46105.000000,23204.000000
20808.000000,42539.000000,46090.000000,23230.000000
20821.000000,42536.000000,46122.000000,23206.000000
20811.000000,42517.000000,46095.000000,23229.000000
20796.000000,42524.000000,46074.000000,23241.000000
20771.000000,42494.000000,46066.000000,23233.000000
20787.000000,42504.000000,46106.000000,23215.000000
20750.000000,42470.000000,46084.000000,23218.000000
20744.000000,42443.000000,46031.000000,23206.000000
20710.000000,42448.000000,46024.000000,23214.000000
20690.000000,42406.000000,46034.000000,23169.000000
20691.000000,42421.000000,46005.000000,23174.000000
20646.000000,42384.000000,46015.000000,23199.000000
20646.000000,42395.000000,46003.000000,23148.000000
20586.000000,42317.000000,45982.000000,23164.000000
20594.000000,42330.000000,45984.000000,23170.000000
20583.000000,42328.000000,45994.000000,23153.000000
20558.000000,42299.000000,45999.000000,23156.000000
20576.000000,42317.000000,45955.000000,23133.000000
20569.000000,42263.000000,45966.000000,23157.000000
20577.000000,42271.000000,45965.000000,23158.000000
20544.000000,42304.000000,45971.000000,23155.000000
20592.000000,42328.000000,45979.000000,23170.000000
20621.000000,42355.000000,45974.000000,23129.000000
20625.000000,42338.000000,45980.000000,23160.000000
20659.000000,42375.000000,46002.000000,23162.000000
20656.000000,42396.000000,46023.000000,23173.000000
20656.000000,42431.000000,46024.000000,23161.000000
20688.000000,42421.000000,46030.000000,23167.000000
20721.000000,42469.000000,46036.000000,23174.000000
20740.000000,42459.000000,46074.000000,23167.000000
20736.000000,42492.000000,46073.000000,23191.000000
20784.000000,42468.000000,46108.000000,23198.000000
20828.000000,42535.000000,46088.000000,23216.000000
20825.000000,42603.000000,46098.000000,23211.000000
20862.000000,42605.000000,46097.000000,23206.000000
20941.000000,42703.000000,46183.000000,23235.000000
20945.000000,42704.000000,46220.000000,23247.000000
20999.000000,42774.000000,46230.000000,23294.000000
21019.000000,42803.000000,46256.000000,23286.000000
21138.000000,42907.000000,46291.000000,23316.000000
21178.000000,42927.000000,46325.000000,23307.000000
21230.000000,43004.000000,46377.000000,23342.000000
21248.000000,43026.000000,46366.000000,23345.000000
21312.000000,43062.000000,46430.000000,23346.000000
21409.000000,43186.000000,46491.000000,23450.000000
21548.000000,43348.000000,46569.000000,23472.000000
21555.000000,43376.000000,46600.000000,23489.000000
21673.000000,43413.000000,46610.000000,23513.000000
21656.000000,43471.000000,46638.000000,23520.000000
21700.000000,43471.000000,46641.000000,23544.000000
21761.000000,43503.000000,46648.000000,23524.000000
21779.000000,43540.000000,46705.000000,23544.000000
21780.000000,43535.000000,46703.000000,23550.000000
21813.000000,43586.000000,46712.000000,23566.000000
21829.000000,43572.000000,46727.000000,23586.000000
21818.000000,43590.000000,46722.000000,23572.000000
21834.000000,43579.000000,46740.000000,23564.000000
21811.000000,43585.000000,46719.000000,23576.000000
21793.000000,43590.000000,46708.000000,23554.000000
21778.000000,43554.000000,46704.000000,23579.000000
21764.000000,43545.000000,46710.000000,23572.000000
21774.000000,43548.000000,46691.000000,23567.000000
21764.000000,43556.000000,46685.000000,23552.000000
21740.000000,43570.000000,46719.000000,23539.000000
21736.000000,43504.000000,46701.000000,23561.000000
21705.000000,43530.000000,46695.000000,23556.000000
21711.000000,43505.000000,46673.000000,23538.000000
21628.000000,43434.000000,46623.000000,23500.000000
21592.000000,43426.000000,46608.000000,23482.000000
21587.000000,43406.000000,46581.000000,23481.000000
21551.000000,43394.000000,46601.000000,23480.000000
21538.000000,43388.000000,46602.000000,23435.000000
21533.000000,43316.000000,46591.000000,23459.000000
21507.000000,43305.000000,46528.000000,23451.000000
21513.000000,43271.000000,46543.000000,23439.000000
21466.000000,43297.000000,46530.000000,23432.000000
21473.000000,43270.000000,46545.000000,23455.000000
21469.000000,43272.000000,46508.000000,23431.000000
21455.000000,43227.000000,46518.000000,23415.000000
21458.000000,43216.000000,46501.000000,23444.000000
21406.000000,43206.000000,46497.000000,23436.000000
21437.000000,43195.000000,46482.000000,23414.000000
21437.000000,43222.000000,46482.000000,23438.000000
21420.000000,43181.000000,46497.000000,23408.000000
21458.000000,43182.000000,46468.000000,23398.000000
21419.000000,43193.000000,46461.000000,23439.000000
21416.000000,43172.000000,46454.000000,23417.000000
21426.000000,43153.000000,46448.000000,23438.000000
21442.000000,43154.000000,46443.000000,23405.000000
21421.000000,43169.000000,46427.000000,23436.000000
21431.000000,43152.000000,46446.000000,23404.000000
21399.000000,43146.000000,46455.000000,23420.000000
21432.000000,43104.000000,46456.000000,23440.000000
21392.000000,43135.000000,46433.000000,23429.000000
21405.000000,43083.000000,46449.000000,23425.000000
21405.000000,43084.000000,46418.000000,23424.000000
21376.000000,43065.000000,46403.000000,23411.000000
21388.000000,43072.000000,46411.000000,23396.000000
21343.000000,43050.000000,46415.000000,23407.000000
21360.000000,43041.000000,46380.000000,23396.000000
21337.000000,43014.000000,46378.000000,23398.000000
21306.000000,42964.000000,46389.000000,23397.000000
21271.000000,42994.000000,46374.000000,23403.000000
21273.000000,43008.000000,46362.000000,23348.000000
21248.000000,42937.000000,46343.000000,23355.000000
21197.000000,42969.000000,46325.000000,23363.000000
21223.000000,42926.000000,46306.000000,23365.000000
21185.000000,42920.000000,46303.000000,23360.000000
21179.000000,42883.000000,46329.000000,23358.000000
21176.000000,42879.000000,46279.000000,23313.000000
21129.000000,42844.000000,46279.000000,23341.000000
21159.000000,42853.000000,46281.000000,23307.000000
21118.000000,42800.000000,46276.000000,23325.000000
21108.000000,42798.000000,46254.000000,23320.000000
21110.000000,42795.000000,46242.000000,23313.000000
21077.000000,42736.000000,46217.000000,23311.000000
21074.000000,42757.000000,46216.000000,23295.000000
21040.000000,42716.000000,46243.000000,23309.000000
21023.000000,42730.000000,46192.000000,23306.000000
21031.000000,42714.000000,46212.000000,23301.000000
21064.000000,42692.000000,46194.000000,23318.000000
21037.000000,42729.000000,46198.000000,23301.000000
21043.000000,42708.000000,46212.000000,23307.000000
21041.000000,42687.000000,46199.000000,23318.000000
21038.000000,42693.000000,46205.000000,23298.000000
21076.000000,42705.000000,46183.000000,23302.000000
21037.000000,42672.000000,46209.000000,23310.000000
21057.000000,42683.000000,46187.000000,23345.000000
21049.000000,42669.000000,46158.000000,23300.000000
21016.000000,42641.000000,46183.000000,23333.000000
21060.000000,42675.000000,46180.000000,23321.000000
21052.000000,42647.000000,46185.000000,23326.000000
21066.000000,42641.000000,46181.000000,23311.000000
21040.000000,42661.000000,46169.000000,23327.000000
21056.000000,42621.000000,46154.000000,23331.000000
21030.000000,42622.000000,46130.000000,23323.000000
21024.000000,42624.000000,46176.000000,23312.000000
21018.000000,42585.000000,46174.000000,23353.000000
20990.000000,42598.000000,46158.000000,23310.000000
21049.000000,42627.000000,46149.000000,23329.000000
21019.000000,42577.000000,46120.000000,23325.000000
21008.000000,42544.000000,46136.000000,23345.000000
20998.000000,42575.000000,46108.000000,23338.000000
20977.000000,42550.000000,46128.000000,23311.000000
20978.000000,42542.000000,46113.000000,23325.000000
20999.000000,42532.000000,46141.000000,23327.000000
20987.000000,42508.000000,46086.000000,23330.000000
20939.000000,42537.000000,46100.000000,23320.000000
20976.000000,42524.000000,46100.000000,23312.000000
20976.000000,42503.000000,46088.000000,23312.000000
20920.000000,42486.000000,46072.000000,23325.000000
20903.000000,42465.000000,46076.000000,23269.000000
20938.000000,42487.000000,46050.000000,23305.000000
20901.000000,42482.000000,46036.000000,23307.000000
20875.000000,42468.000000,46063.000000,23286.000000
20914.000000,42449.000000,46062.000000,23311.000000
20878.000000,42426.000000,46036.000000,23303.000000
20844.000000,42408.000000,46030.000000,23319.000000
20859.000000,42407.000000,46029.000000,23293.000000
20874.000000,42389.000000,46014.000000,23308.000000
20859.000000,42399.000000,46037.000000,23282.000000
20879.000000,42371.000000,46007.000000,23297.000000
20827.000000,42359.000000,46032.000000,23270.000000
20780.000000,42377.000000,45996.000000,23271.000000
20809.000000,42342.000000,45999.000000,23278.000000
20829.000000,42350.000000,46015.000000,23250.000000
20747.000000,42303.000000,45958.000000,23245.000000
20708.000000,42256.000000,45994.000000,23209.000000
20766.000000,42240.000000,45957.000000,23231.000000
20726.000000,42237.000000,45964.000000,23242.000000
20733.000000,42212.000000,45945.000000,23220.000000
20687.000000,42198.000000,45920.000000,23225.000000
20668.000000,42202.000000,45930.000000,23231.000000
20618.000000,42188.000000,45898.000000,23199.000000
20659.000000,42182.000000,45911.000000,23195.000000
20613.000000,42185.000000,45903.000000,23192.000000
20649.000000,42143.000000,45901.000000,23206.000000
20604.000000,42198.000000,45915.000000,23164.000000
20638.000000,42194.000000,45912.000000,23194.000000
20642.000000,42173.000000,45923.000000,23173.000000
20643.000000,42254.000000,45917.000000,23175.000000
20630.000000,42249.000000,45927.000000,23208.000000
20700.000000,42247.000000,45926.000000,23172.000000
20670.000000,42287.000000,45956.000000,23161.000000
20682.000000,42280.000000,45985.000000,23169.000000
20727.000000,42300.000000,45977.000000,23181.000000
20726.000000,42334.000000,46000.000000,23173.000000
20798.000000,42400.000000,46035.000000,23204.000000
20848.000000,42426.000000,46046.000000,23235.000000
20864.000000,42482.000000,46097.000000,23228.000000
20920.000000,42528.000000,46088.000000,23254.000000
20948.000000,42573.000000,46097.000000,23210.000000
20992.000000,42578.000000,46181.000000,23240.000000
21049.000000,42613.000000,46178.000000,23270.000000
21041.000000,42680.000000,46187.000000,23273.000000
21125.000000,42689.000000,46196.000000,23282.000000
21139.000000,42803.000000,46242.000000,23281.000000
21182.000000,42785.000000,46255.000000,23302.000000
21201.000000,42860.000000,46289.000000,23331.000000
21322.000000,42981.000000,46378.000000,23350.000000
21384.000000,43004.000000,46396.000000,23366.000000
21443.000000,43007.000000,46384.000000,23377.000000
21461.000000,43106.000000,46430.000000,23395.000000
21502.000000,43139.000000,46458.000000,23389.000000
21544.000000,43174.000000,46508.000000,23384.000000
21569.000000,43228.000000,46468.000000,23428.000000
21597.000000,43212.000000,46513.000000,23426.000000
21630.000000,43336.000000,46580.000000,23463.000000
21701.000000,43354.000000,46584.000000,23434.000000
21690.000000,43387.000000,46615.000000,23456.000000
21690.000000,43430.000000,46620.000000,23456.000000
21697.000000,43413.000000,46627.000000,23422.000000
21665.000000,43436.000000,46598.000000,23470.000000
21688.000000,43412.000000,46601.000000,23481.000000
21689.000000,43415.000000,46645.000000,23454.000000
21693.000000,43414.000000,46632.000000,23471.000000
21723.000000,43410.000000,46604.000000,23456.000000
21659.000000,43409.000000,46589.000000,23459.000000
21679.000000,43429.000000,46629.000000,23472.000000
21660.000000,43401.000000,46657.000000,23440.000000
21667.000000,43391.000000,46624.000000,23485.000000
21628.000000,43379.000000,46636.000000,23447.000000
21660.000000,43343.000000,46587.000000,23459.000000
21632.000000,43366.000000,46603.000000,23476.000000
21583.000000,43367.000000,46607.000000,23448.000000
21592.000000,43339.000000,46577.000000,23472.000000
21569.000000,43358.000000,46589.000000,23466.000000
21491.000000,43292.000000,46560.000000,23437.000000
21538.000000,43280.000000,46537.000000,23453.000000
21508.000000,43303.000000,46537.000000,23453.000000
21491.000000,43252.000000,46528.000000,23447.000000
21488.000000,43255.000000,46540.000000,23443.000000
21495.000000,43243.000000,46548.000000,23434.000000
21446.000000,43271.000000,46520.000000,23452.000000
21465.000000,43214.000000,46527.000000,23429.000000
21401.000000,43201.000000,46532.000000,23413.000000
21416.000000,43229.000000,46509.000000,23437.000000
21342.000000,43144.000000,46472.000000,23402.000000
21334.000000,43129.000000,46442.000000,23388.000000
21320.000000,43136.000000,46463.000000,23375.000000
21310.000000,43108.000000,46441.000000,23393.000000
21266.000000,43089.000000,46472.000000,23351.000000
21233.000000,43053.000000,46405.000000,23340.000000
21217.000000,43022.000000,46421.000000,23332.000000
21207.000000,43009.000000,46391.000000,23329.000000
21180.000000,42982.000000,46360.000000,23305.000000
21142.000000,42962.000000,46360.000000,23312.000000
21178.000000,42950.000000,46333.000000,23324.000000
21117.000000,42958.000000,46364.000000,23328.000000
21142.000000,42970.000000,46365.000000,23330.000000
21169.000000,42978.000000,46368.000000,23336.000000
21147.000000,42977.000000,46386.000000,23339.000000
21173.000000,42992.000000,46349.000000,23326.000000
21117.000000,42934.000000,46344.000000,23342.000000
21057.000000,42894.000000,46313.000000,23317.000000
21059.000000,42878.000000,46312.000000,23266.000000
20991.000000,42855.000000,46292.000000,23281.000000
20969.000000,42831.000000,46270.000000,23250.000000
20960.000000,42791.000000,46276.000000,23238.000000
20970.000000,42786.000000,46285.000000,23220.000000
20924.000000,42778.000000,46227.000000,23185.000000
20905.000000,42727.000000,46246.000000,23230.000000
20906.000000,42708.000000,46249.000000,23223.000000
20873.000000,42717.000000,46192.000000,23163.000000
20860.000000,42651.000000,46201.000000,23217.000000
20844.000000,42685.000000,46209.000000,23205.000000
20820.000000,42628.000000,46177.000000,23180.000000
20760.000000,42600.000000,46196.000000,23200.000000
20766.000000,42617.000000,46148.000000,23165.000000
20748.000000,42548.000000,46145.000000,23159.000000
20704.000000,42510.000000,46105.000000,23137.000000
20648.000000,42465.000000,46100.000000,23117.000000
20639.000000,42480.000000,46072.000000,23114.000000
20654.000000,42481.000000,46088.000000,23115.000000
20667.000000,42489.000000,46056.000000,23139.000000
20652.000000,42513.000000,46085.000000,23148.000000
20681.000000,42505.000000,46102.000000,23172.000000
20697.000000,42530.000000,46095.000000,23161.000000
20690.000000,42559.000000,46120.000000,23151.000000
20718.000000,42510.000000,46085.000000,23134.000000
20700.000000,42504.000000,46105.000000,23161.000000
20634.000000,42426.000000,46042.000000,23089.000000
20585.000000,42440.000000,46054.000000,23132.000000
20563.000000,42358.000000,46012.000000,23094.000000
20532.000000,42327.000000,45972.000000,23066.000000
20476.000000,42306.000000,45974.000000,23049.000000
20468.000000,42274.000000,45944.000000,23036.000000
20409.000000,42230.000000,45961.000000,22999.000000
20389.000000,42181.000000,45905.000000,23010.000000
20367.000000,42176.000000,45880.000000,22969.000000
20338.000000,42154.000000,45884.000000,22957.000000
20289.000000,42123.000000,45888.000000,22963.000000
20294.000000,42085.000000,45862.000000,22962.000000
20297.000000,42101.000000,45873.000000,23003.000000
20247.000000,42092.000000,45829.000000,22998.000000
20301.000000,42097.000000,45838.000000,23025.000000
20270.000000,42090.000000,45825.000000,23021.000000
20267.000000,42088.000000,45866.000000,23014.000000
20281.000000,42044.000000,45844.000000,22990.000000
20236.000000,42050.000000,45853.000000,23015.000000
20254.000000,42005.000000,45816.000000,22996.000000
20198.000000,41992.000000,45782.000000,22976.000000
20169.000000,41968.000000,45783.000000,22968.000000
20193.000000,41973.000000,45787.000000,22946.000000
20144.000000,41931.000000,45756.000000,22936.000000
20104.000000,41898.000000,45745.000000,22936.000000
20041.000000,41857.000000,45701.000000,22937.000000
20053.000000,41829.000000,45706.000000,22889.000000
20070.000000,41812.000000,45681.000000,22912.000000
20038.000000,41834.000000,45692.000000,22929.000000
20070.000000,41788.000000,45672.000000,22949.000000
20014.000000,41784.000000,45670.000000,22919.000000
19997.000000,41746.000000,45670.000000,22923.000000
20016.000000,41786.000000,45673.000000,22961.000000
19982.000000,41777.000000,45669.000000,22926.000000
19987.000000,41748.000000,45677.000000,22951.000000
20031.000000,41758.000000,45651.000000,22952.000000
19972.000000,41751.000000,45685.000000,22968.000000
20013.000000,41748.000000,45636.000000,22953.000000
19984.000000,41734.000000,45660.000000,22937.000000
20004.000000,41739.000000,45665.000000,22939.000000
19987.000000,41742.000000,45658.000000,22968.000000
20000.000000,41719.000000,45637.000000,22976.000000
20006.000000,41741.000000,45629.000000,22950.000000
20044.000000,41728.000000,45650.000000,22951.000000
20027.000000,41746.000000,45667.000000,22971.000000
20009.000000,41771.000000,45655.000000,22950.000000
20029.000000,41759.000000,45665.000000,22956.000000
20045.000000,41767.000000,45660.000000,22926.000000
20057.000000,41753.000000,45662.000000,22941.000000
20105.000000,41825.000000,45690.000000,22983.000000
20067.000000,41804.000000,45676.000000,23006.000000
20084.000000,41834.000000,45677.000000,22988.000000
20116.000000,41811.000000,45702.000000,22978.000000
20115.000000,41866.000000,45728.000000,23003.000000
20130.000000,41862.000000,45747.000000,22975.000000
20146.000000,41920.000000,45754.000000,22984.000000
20131.000000,41943.000000,45754.000000,22999.000000
20166.000000,41953.000000,45773.000000,23005.000000
20199.000000,41995.000000,45755.000000,22980.000000
20225.000000,41951.000000,45782.000000,22995.000000
20264.000000,42026.000000,45813.000000,23015.000000
20273.000000,42056.000000,45825.000000,22997.000000
20290.000000,42065.000000,45830.000000,22995.000000
20324.000000,42106.000000,45860.000000,23005.000000
20352.000000,42140.000000,45884.000000,23023.000000
20360.000000,42197.000000,45887.000000,23027.000000
20408.000000,42227.000000,45906.000000,23053.000000
20475.000000,42316.000000,45946.000000,23037.000000
20528.000000,42320.000000,45983.000000,23054.000000
20525.000000,42362.000000,46012.000000,23049.000000
20566.000000,42380.000000,46021.000000,23068.000000
20599.000000,42430.000000,46032.000000,23061.000000
20619.000000,42465.000000,46064.000000,23090.000000
20715.000000,42590.000000,46115.000000,23116.000000
20738.000000,42595.000000,46140.000000,23099.000000
20751.000000,42622.000000,46144.000000,23120.000000
20799.000000,42657.000000,46207.000000,23117.000000
20828.000000,42702.000000,46192.000000,23140.000000
20827.000000,42747.000000,46239.000000,23146.000000
20928.000000,42785.000000,46236.000000,23155.000000
20891.000000,42787.000000,46255.000000,23141.000000
20911.000000,42861.000000,46276.000000,23171.000000
20924.000000,42862.000000,46275.000000,23159.000000
20908.000000,42843.000000,46295.000000,23184.000000
20953.000000,42845.000000,46273.000000,23164.000000
20931.000000,42831.000000,46284.000000,23141.000000
20942.000000,42815.000000,46290.000000,23137.000000
20892.000000,42843.000000,46270.000000,23125.000000
20881.000000,42826.000000,46256.000000,23152.000000
20883.000000,42830.000000,46215.000000,23141.000000
20839.000000,42794.000000,46225.000000,23129.000000
20849.000000,42769.000000,46220.000000,23127.000000
20849.000000,42738.000000,46246.000000,23118.000000
20828.000000,42778.000000,46245.000000,23109.000000
20798.000000,42725.000000,46221.000000,23118.000000
20831.000000,42743.000000,46215.000000,23122.000000
20777.000000,42708.000000,46216.000000,23121.000000
20751.000000,42725.000000,46217.000000,23108.000000
20756.000000,42696.000000,46212.000000,23089.000000
20755.000000,42708.000000,46180.000000,23081.000000
20719.000000,42654.000000,46191.000000,23075.000000
20711.000000,42638.000000,46190.000000,23096.000000
20702.000000,42658.000000,46172.000000,23105.000000
20702.000000,42636.000000,46165.000000,23081.000000
20662.000000,42629.000000,46135.000000,23064.000000
20635.000000,42610.000000,46133.000000,23051.000000
20636.000000,42574.000000,46139.000000,23043.000000
20607.000000,42540.000000,46105.000000,23032.000000
20621.000000,42540.000000,46111.000000,23061.000000
20554.000000,42526.000000,46058.000000,23003.000000
20547.000000,42479.000000,46066.000000,23014.000000
20525.000000,42472.000000,46046.000000,22996.000000
20430.000000,42384.000000,46044.000000,22987.000000
20406.000000,42367.000000,46003.000000,22968.000000
20371.000000,42346.000000,46000.000000,22985.000000
20371.000000,42308.000000,45991.000000,22956.000000
20330.000000,42300.000000,45963.000000,22964.000000
20304.000000,42251.000000,45929.000000,22952.000000
20292.000000,42253.000000,45896.000000,22930.000000
20280.000000,42232.000000,45922.000000,22951.000000
20288.000000,42181.000000,45903.000000,22939.000000
20202.000000,42139.000000,45896.000000,22930.000000
20219.000000,42124.000000,45857.000000,22922.000000
20171.000000,42090.000000,45858.000000,22895.000000
20093.000000,41985.000000,45775.000000,22934.000000
20056.000000,41953.000000,45773.000000,22907.000000
20046.000000,41939.000000,45777.000000,22902.000000
20046.000000,41907.000000,45739.000000,22901.000000
19976.000000,41844.000000,45740.000000,22913.000000
19994.000000,41882.000000,45700.000000,22902.000000
19945.000000,41889.000000,45697.000000,22897.000000
19971.000000,41833.000000,45707.000000,22909.000000
19919.000000,41830.000000,45699.000000,22895.000000
19909.000000,41794.000000,45687.000000,22895.000000
19909.000000,41773.000000,45672.000000,22910.000000
19882.000000,41740.000000,45629.000000,22892.000000
19885.000000,41720.000000,45641.000000,22899.000000
19867.000000,41742.000000,45611.000000,22892.000000
19866.000000,41720.000000,45633.000000,22919.000000
19865.000000,41729.000000,45634.000000,22928.000000
19847.000000,41682.000000,45604.000000,22923.000000
19845.000000,41700.000000,45619.000000,22936.000000
19856.000000,41704.000000,45610.000000,22934.000000
19858.000000,41669.000000,45606.000000,22949.000000
19840.000000,41707.000000,45635.000000,22967.000000
19887.000000,41702.000000,45600.000000,22934.000000
19884.000000,41692.000000,45645.000000,22995.000000
19876.000000,41672.000000,45607.000000,22980.000000
19864.000000,41717.000000,45636.000000,22989.000000
19868.000000,41684.000000,45616.000000,22993.000000
19918.000000,41723.000000,45600.000000,23004.000000
19957.000000,41732.000000,45625.000000,23039.000000
19980.000000,41758.000000,45658.000000,23041.000000
19967.000000,41779.000000,45657.000000,23036.000000
19950.000000,41720.000000,45630.000000,23026.000000
19956.000000,41725.000000,45630.000000,23034.000000
19932.000000,41726.000000,45616.000000,23043.000000
19908.000000,41693.000000,45620.000000,22994.000000
19903.000000,41729.000000,45627.000000,23019.000000
19885.000000,41691.000000,45598.000000,23047.000000
19880.000000,41679.000000,45632.000000,23030.000000
19920.000000,41689.000000,45595.000000,23008.000000
19893.000000,41660.000000,45599.000000,22999.000000
19847.000000,41704.000000,45608.000000,23005.000000
19829.000000,41621.000000,45570.000000,23007.000000
19770.000000,41609.000000,45582.000000,22984.000000
19702.000000,41579.000000,45550.000000,22973.000000
19702.000000,41582.000000,45527.000000,22973.000000
19703.000000,41579.000000,45578.000000,22978.000000
19700.000000,41572.000000,45521.000000,22986.000000
19687.000000,41610.000000,45541.000000,22983.000000
19706.000000,41589.000000,45541.000000,22985.000000
19714.000000,41582.000000,45558.000000,22989.000000
19682.000000,41606.000000,45561.000000,22976.000000
19673.000000,41547.000000,45528.000000,22973.000000
19667.000000,41574.000000,45523.000000,22984.000000
19661.000000,41575.000000,45522.000000,22994.000000
19663.000000,41547.000000,45536.000000,22953.000000
19664.000000,41572.000000,45526.000000,22975.000000
19676.000000,41552.000000,45504.000000,22982.000000
19628.000000,41524.000000,45532.000000,22949.000000
19633.000000,41520.000000,45487.000000,22935.000000
19628.000000,41499.000000,45462.000000,22913.000000
19615.000000,41480.000000,45493.000000,22928.000000
19601.000000,41453.000000,45455.000000,22864.000000
19582.000000,41465.000000,45471.000000,22891.000000
19596.000000,41444.000000,45465.000000,22873.000000
19554.000000,41474.000000,45477.000000,22896.000000
19599.000000,41495.000000,45486.000000,22924.000000
19632.000000,41507.000000,45501.000000,22911.000000
19664.000000,41515.000000,45529.000000,22914.000000
19692.000000,41588.000000,45543.000000,22970.000000
19716.000000,41599.000000,45561.000000,22993.000000
19733.000000,41611.000000,45539.000000,23010.000000
19695.000000,41607.000000,45535.000000,22987.000000
19681.000000,41572.000000,45540.000000,22947.000000
19658.000000,41562.000000,45553.000000,22949.000000
19658.000000,41580.000000,45523.000000,22919.000000
19640.000000,41540.000000,45520.000000,22933.000000
19597.000000,41511.000000,45487.000000,22910.000000
19512.000000,41426.000000,45462.000000,22874.000000
19462.000000,41349.000000,45401.000000,22869.000000
19331.000000,41264.000000,45326.000000,22780.000000
19353.000000,41237.000000,45353.000000,22776.000000
19363.000000,41227.000000,45323.000000,22737.000000
19343.000000,41266.000000,45345.000000,22792.000000
19415.000000,41241.000000,45360.000000,22787.000000
19397.000000,41281.000000,45336.000000,22786.000000
19427.000000,41283.000000,45383.000000,22774.000000
19467.000000,41327.000000,45380.000000,22804.000000
19507.000000,41398.000000,45452.000000,22833.000000
19545.000000,41418.000000,45452.000000,22856.000000
19657.000000,41549.000000,45499.000000,22878.000000
19670.000000,41520.000000,45517.000000,22906.000000
19727.000000,41574.000000,45538.000000,22891.000000
19758.000000,41620.000000,45563.000000,22910.000000
19846.000000,41658.000000,45590.000000,22931.000000
19878.000000,41724.000000,45635.000000,22968.000000
19954.000000,41761.000000,45609.000000,22958.000000
19995.000000,41790.000000,45644.000000,22973.000000
20014.000000,41824.000000,45672.000000,22984.000000
20056.000000,41880.000000,45699.000000,22976.000000
20077.000000,41884.000000,45702.000000,23004.000000
20125.000000,41947.000000,45745.000000,22988.000000
20211.000000,42091.000000,45833.000000,23035.000000
20285.000000,42108.000000,45878.000000,23058.000000
20326.000000,42227.000000,45914.000000,23083.000000
20335.000000,42216.000000,45910.000000,23094.000000
20353.000000,42282.000000,45950.000000,23124.000000
20412.000000,42313.000000,45994.000000,23113.000000
20490.000000,42388.000000,46007.000000,23158.000000
20493.000000,42432.000000,46051.000000,23193.000000
20508.000000,42451.000000,46074.000000,23178.000000
20560.000000,42496.000000,46079.000000,23192.000000
20583.000000,42535.000000,46078.000000,23208.000000
20621.000000,42588.000000,46130.000000,23202.000000
20618.000000,42566.000000,46143.000000,23177.000000
20621.000000,42564.000000,46142.000000,23192.000000
20609.000000,42582.000000,46131.000000,23190.000000
20651.000000,42589.000000,46106.000000,23194.000000
20619.000000,42605.000000,46112.000000,23188.000000
20555.000000,42520.000000,46080.000000,23145.000000
20448.000000,42378.000000,45984.000000,23073.000000
20436.000000,42333.000000,45970.000000,23074.000000
20407.000000,42366.000000,45975.000000,23084.000000
20415.000000,42301.000000,45952.000000,23060.000000
20397.000000,42326.000000,45981.000000,23034.000000
20381.000000,42273.000000,45960.000000,23073.000000
20383.000000,42282.000000,45933.000000,23053.000000
20360.000000,42319.000000,45939.000000,23046.000000
20362.000000,42285.000000,45945.000000,23061.000000
20406.000000,42305.000000,45966.000000,23077.000000
20425.000000,42307.000000,45984.000000,23115.000000
20459.000000,42351.000000,45968.000000,23104.000000
20466.000000,42372.000000,46005.000000,23125.000000
20507.000000,42380.000000,45995.000000,23151.000000
20500.000000,42383.000000,46039.000000,23148.000000
20537.000000,42395.000000,46024.000000,23171.000000
20560.000000,42409.000000,46009.000000,23176.000000
20528.000000,42425.000000,46040.000000,23173.000000
20547.000000,42386.000000,46015.000000,23166.000000
20504.000000,42353.000000,46011.000000,23156.000000
20508.000000,42373.000000,45989.000000,23144.000000
20480.000000,42358.000000,45995.000000,23138.000000
20506.000000,42338.000000,45973.000000,23150.000000
20449.000000,42317.000000,45953.000000,23151.000000
20433.000000,42308.000000,45952.000000,23151.000000
20424.000000,42254.000000,45954.000000,23109.000000
20385.000000,42230.000000,45922.000000,23091.000000
20317.000000,42207.000000,45899.000000,23098.000000
20329.000000,42165.000000,45897.000000,23091.000000
20297.000000,42191.000000,45874.000000,23075.000000
20281.000000,42161.000000,45898.000000,23089.000000
20220.000000,42109.000000,45862.000000,23026.000000
20207.000000,42068.000000,45823.000000,23025.000000
20184.000000,42089.000000,45823.000000,23022.000000
20201.000000,42067.000000,45823.000000,23014.000000
20182.000000,42094.000000,45814.000000,23032.000000
20203.000000,42097.000000,45843.000000,23026.000000
20202.000000,42051.000000,45819.000000,23020.000000
20160.000000,42051.000000,45836.000000,23016.000000
20176.000000,42049.000000,45818.000000,22992.000000
20093.000000,41952.000000,45775.000000,22990.000000
20078.000000,41985.000000,45776.000000,22959.000000
20096.000000,41939.000000,45766.000000,22952.000000
20039.000000,41956.000000,45726.000000,22931.000000
20040.000000,41882.000000,45741.000000,22945.000000
20024.000000,41918.000000,45708.000000,22933.000000
19981.000000,41859.000000,45725.000000,22906.000000
20017.000000,41872.000000,45715.000000,22900.000000
19983.000000,41828.000000,45665.000000,22878.000000
19912.000000,41810.000000,45670.000000,22897.000000
19932.000000,41833.000000,45673.000000,22901.000000
19938.000000,41795.000000,45673.000000,22890.000000
19926.000000,41827.000000,45661.000000,22891.000000
19906.000000,41807.000000,45665.000000,22895.000000
19924.000000,41813.000000,45660.000000,22914.000000
19924.000000,41798.000000,45700.000000,22905.000000
19928.000000,41804.000000,45654.000000,22898.000000
19937.000000,41832.000000,45701.000000,22918.000000
19959.000000,41827.000000,45663.000000,22906.000000
19942.000000,41860.000000,45693.000000,22919.000000
19919.000000,41834.000000,45700.000000,22935.000000
19920.000000,41825.000000,45700.000000,22931.000000
19951.000000,41813.000000,45661.000000,22926.000000
19943.000000,41799.000000,45651.000000,22941.000000
19923.000000,41803.000000,45653.000000,22894.000000
19889.000000,41775.000000,45629.000000,22929.000000
19883.000000,41734.000000,45627.000000,22906.000000
19801.000000,41675.000000,45588.000000,22886.000000
19815.000000,41652.000000,45604.000000,22876.000000
19775.000000,41677.000000,45605.000000,22865.000000
19753.000000,41671.000000,45557.000000,22857.000000
19751.000000,41610.000000,45574.000000,22832.000000
19761.000000,41573.000000,45556.000000,22833.000000
19704.000000,41589.000000,45544.000000,22830.000000
19687.000000,41551.000000,45519.000000,22823.000000
19710.000000,41537.000000,45541.000000,22824.000000
19732.000000,41560.000000,45518.000000,22820.000000
19724.000000,41555.000000,45514.000000,22800.000000
19725.000000,41514.000000,45527.000000,22803.000000
19739.000000,41534.000000,45505.000000,22825.000000
19728.000000,41576.000000,45518.000000,22820.000000
19760.000000,41576.000000,45491.000000,22818.000000
19768.000000,41539.000000,45523.000000,22822.000000
19756.000000,41547.000000,45501.000000,22824.000000
19751.000000,41533.000000,45530.000000,22824.000000
19742.000000,41532.000000,45492.000000,22807.000000
19711.000000,41472.000000,45522.000000,22812.000000
19649.000000,41484.000000,45483.000000,22778.000000
19654.000000,41472.000000,45473.000000,22791.000000
19651.000000,41460.000000,45480.000000,22778.000000
19615.000000,41469.000000,45448.000000,22797.000000
19612.000000,41445.000000,45475.000000,22799.000000
19579.000000,41431.000000,45480.000000,22795.000000
19567.000000,41421.000000,45475.000000,22817.000000
19591.000000,41431.000000,45458.000000,22795.000000
19554.000000,41447.000000,45462.000000,22800.000000
19529.000000,41389.000000,45447.000000,22810.000000
19527.000000,41376.000000,45441.000000,22792.000000
19494.000000,41373.000000,45391.000000,22793.000000
19455.000000,41338.000000,45391.000000,22803.000000
19437.000000,41342.000000,45374.000000,22802.000000
19411.000000,41305.000000,45391.000000,22785.000000
19408.000000,41286.000000,45391.000000,22776.000000
19402.000000,41267.000000,45377.000000,22794.000000
19349.000000,41273.000000,45390.000000,22766.000000
19350.000000,41204.000000,45342.000000,22769.000000
19321.000000,41202.000000,45346.000000,22730.000000
19308.000000,41165.000000,45302.000000,22698.000000
19273.000000,41176.000000,45298.000000,22706.000000
19289.000000,41136.000000,45302.000000,22716.000000
19287.000000,41119.000000,45290.000000,22715.000000
19261.000000,41155.000000,45272.000000,22709.000000
19257.000000,41141.000000,45305.000000,22725.000000
19329.000000,41166.000000,45281.000000,22697.000000
19292.000000,41173.000000,45311.000000,22718.000000
19379.000000,41191.000000,45322.000000,22734.000000
19407.000000,41238.000000,45345.000000,22729.000000
19461.000000,41282.000000,45368.000000,22739.000000
19511.000000,41343.000000,45424.000000,22743.000000
19571.000000,41370.000000,45411.000000,22732.000000
19623.000000,41394.000000,45423.000000,22707.000000
19631.000000,41416.000000,45439.000000,22692.000000
19668.000000,41421.000000,45472.000000,22701.000000
19658.000000,41488.000000,45479.000000,22693.000000
19681.000000,41455.000000,45483.000000,22712.000000
19744.000000,41568.000000,45558.000000,22750.000000
19753.000000,41603.000000,45546.000000,22758.000000
19819.000000,41669.000000,45582.000000,22776.000000
19799.000000,41706.000000,45626.000000,22834.000000
19908.000000,41764.000000,45661.000000,22863.000000
19945.000000,41845.000000,45695.000000,22886.000000
20006.000000,41955.000000,45758.000000,22918.000000
20092.000000,42011.000000,45817.000000,22919.000000
20162.000000,42080.000000,45838.000000,22970.000000
20478.000000,42384.000000,46032.000000,23073.000000
20515.000000,42476.000000,46053.000000,23095.000000
20606.000000,42542.000000,46097.000000,23083.000000
20602.000000,42562.000000,46112.000000,23081.000000
20738.000000,42703.000000,46192.000000,23102.000000
20806.000000,42743.000000,46212.000000,23107.000000
20808.000000,42749.000000,46245.000000,23118.000000
20851.000000,42801.000000,46258.000000,23097.000000
20889.000000,42852.000000,46279.000000,23097.000000
20883.000000,42867.000000,46299.000000,23110.000000
20898.000000,42902.000000,46296.000000,23095.000000
20908.000000,42900.000000,46320.000000,23097.000000
20942.000000,42939.000000,46342.000000,23080.000000
20885.000000,42925.000000,46318.000000,23055.000000
20903.000000,42904.000000,46304.000000,23037.000000
20856.000000,42904.000000,46285.000000,23036.000000
20861.000000,42870.000000,46282.000000,23046.000000
20849.000000,42834.000000,46283.000000,23054.000000
20775.000000,42838.000000,46286.000000,23006.000000
20789.000000,42781.000000,46249.000000,23039.000000
20770.000000,42820.000000,46206.000000,23024.000000
20763.000000,42768.000000,46206.000000,23023.000000
20741.000000,42727.000000,46211.000000,22996.000000
20753.000000,42753.000000,46211.000000,23017.000000
20715.000000,42754.000000,46199.000000,22997.000000
20703.000000,42721.000000,46214.000000,23001.000000
20703.000000,42670.000000,46198.000000,22967.000000
20735.000000,42684.000000,46192.000000,23015.000000
20712.000000,42683.000000,46165.000000,22989.000000
20661.000000,42650.000000,46172.000000,22989.000000
20673.000000,42622.000000,46160.000000,22993.000000
20636.000000,42565.000000,46141.000000,22975.000000
20630.000000,42576.000000,46135.000000,22984.000000
20601.000000,42542.000000,46106.000000,22965.000000
20608.000000,42562.000000,46123.000000,22981.000000
20560.000000,42552.000000,46103.000000,22955.000000
20546.000000,42552.000000,46101.000000,22957.000000
20494.000000,42494.000000,46097.000000,22974.000000
20546.000000,42484.000000,46049.000000,22981.000000
20506.000000,42475.000000,46058.000000,22964.000000
20499.000000,42446.000000,46058.000000,22975.000000
20507.000000,42463.000000,46057.000000,22969.000000
20481.000000,42441.000000,46045.000000,22964.000000
20472.000000,42443.000000,46017.000000,22973.000000
20462.000000,42431.000000,46047.000000,22969.000000
20485.000000,42444.000000,46020.000000,22969.000000
20424.000000,42418.000000,46047.000000,22950.000000
20433.000000,42405.000000,46013.000000,22965.000000
20460.000000,42403.000000,46036.000000,22988.000000
20436.000000,42390.000000,46017.000000,22959.000000
20419.000000,42426.000000,46007.000000,22943.000000
20420.000000,42393.000000,46008.000000,22951.000000
20442.000000,42388.000000,45986.000000,22936.000000
20427.000000,42385.000000,46021.000000,22954.000000
20423.000000,42383.000000,45988.000000,22944.000000
20409.000000,42377.000000,46015.000000,22970.000000
20403.000000,42377.000000,45975.000000,22950.000000
20434.000000,42371.000000,45990.000000,22957.000000
20430.000000,42356.000000,46007.000000,22976.000000
20406.000000,42379.000000,46024.000000,22954.000000
20407.000000,42375.000000,45969.000000,22964.000000
20455.000000,42371.000000,45985.000000,22950.000000
20402.000000,42375.000000,46018.000000,22957.000000
20387.000000,42362.000000,46001.000000,22952.000000
20391.000000,42310.000000,46010.000000,22960.000000
20365.000000,42355.000000,45980.000000,22968.000000
20351.000000,42340.000000,45985.000000,22952.000000
20362.000000,42304.000000,45975.000000,22968.000000
20359.000000,42332.000000,45964.000000,22949.000000
20357.000000,42335.000000,45954.000000,22974.000000
20361.000000,42363.000000,45989.000000,22980.000000
20368.000000,42354.000000,45964.000000,22943.000000
20365.000000,42331.000000,45968.000000,22949.000000
20363.000000,42341.000000,46004.000000,22964.000000
20390.000000,42337.000000,45975.000000,22973.000000
20372.000000,42350.000000,46005.000000,22978.000000
20423.000000,42369.000000,46011.000000,22985.000000
20428.000000,42397.000000,46005.000000,22993.000000
20463.000000,42414.000000,46010.000000,23026.000000
20438.000000,42397.000000,46031.000000,23012.000000
20455.000000,42391.000000,46026.000000,22992.000000
20482.000000,42429.000000,46030.000000,23012.000000
20466.000000,42427.000000,46024.000000,23024.000000
20468.000000,42460.000000,46024.000000,23030.000000
20482.000000,42425.000000,46043.000000,23021.000000
20451.000000,42439.000000,46054.000000,23043.000000
20447.000000,42456.000000,46027.000000,23030.000000
20476.000000,42455.000000,46048.000000,23030.000000
20467.000000,42434.000000,46047.000000,23017.000000
20453.000000,42437.000000,46021.000000,23033.000000
20466.000000,42453.000000,46067.000000,22999.000000
20417.000000,42437.000000,46023.000000,23032.000000
20419.000000,42406.000000,46015.000000,22992.000000
20415.000000,42432.000000,46014.000000,22998.000000
20411.000000,42412.000000,46029.000000,22995.000000
20400.000000,42418.000000,46040.000000,22984.000000
20413.000000,42401.000000,46012.000000,22994.000000
20371.000000,42413.000000,46004.000000,23005.000000
20383.000000,42392.000000,46020.000000,22976.000000
20411.000000,42388.000000,46027.000000,22971.000000
20357.000000,42383.000000,46025.000000,22962.000000
20351.000000,42347.000000,45990.000000,22959.000000
20346.000000,42355.000000,46004.000000,22953.000000
20350.000000,42348.000000,45976.000000,22951.000000
20314.000000,42347.000000,45987.000000,22961.000000
20318.000000,42345.000000,45983.000000,22967.000000
20334.000000,42368.000000,45977.000000,22951.000000
20284.000000,42340.000000,45975.000000,22950.000000
20296.000000,42358.000000,45976.000000,22928.000000
20276.000000,42305.000000,45974.000000,22936.000000
20330.000000,42350.000000,45968.000000,22925.000000
20282.000000,42313.000000,45956.000000,22940.000000
20266.000000,42290.000000,45954.000000,22949.000000
20294.000000,42332.000000,45976.000000,22923.000000
20313.000000,42307.000000,45991.000000,22926.000000
20261.000000,42322.000000,45940.000000,22896.000000
20278.000000,42280.000000,45935.000000,22935.000000
20262.000000,42281.000000,45951.000000,22909.000000
20261.000000,42261.000000,45946.000000,22916.000000
20261.000000,42263.000000,45938.000000,22901.000000
20244.000000,42241.000000,45941.000000,22908.000000
20287.000000,42258.000000,45931.000000,22896.000000
20228.000000,42274.000000,45947.000000,22908.000000
20235.000000,42270.000000,45922.000000,22922.000000
20250.000000,42234.000000,45943.000000,22923.000000
20221.000000,42238.000000,45938.000000,22931.000000
20213.000000,42231.000000,45922.000000,22919.000000
20207.000000,42194.000000,45895.000000,22916.000000
20231.000000,42209.000000,45911.000000,22900.000000
20161.000000,42178.000000,45872.000000,22890.000000
20161.000000,42179.000000,45903.000000,22892.000000
20172.000000,42162.000000,45854.000000,22894.000000
20154.000000,42193.000000,45874.000000,22864.000000
20150.000000,42134.000000,45881.000000,22896.000000
20142.000000,42165.000000,45872.000000,22884.000000
20152.000000,42144.000000,45851.000000,22869.000000
20152.000000,42132.000000,45874.000000,22875.000000
20178.000000,42172.000000,45869.000000,22870.000000
20171.000000,42181.000000,45861.000000,22882.000000
20179.000000,42192.000000,45909.000000,22876.000000
20163.000000,42189.000000,45868.000000,22874.000000
20193.000000,42188.000000,45928.000000,22871.000000
20224.000000,42269.000000,45934.000000,22891.000000
20279.000000,42275.000000,45966.000000,22882.000000
20291.000000,42304.000000,45977.000000,22893.000000
20341.000000,42351.000000,45969.000000,22920.000000
20367.000000,42428.000000,46039.000000,22925.000000
20396.000000,42454.000000,46033.000000,22907.000000
20451.000000,42470.000000,46078.000000,22931.000000
20440.000000,42520.000000,46048.000000,22925.000000
20502.000000,42535.000000,46086.000000,22944.000000
20467.000000,42580.000000,46097.000000,22949.000000
20513.000000,42604.000000,46145.000000,22940.000000
20564.000000,42639.000000,46149.000000,22979.000000
20622.000000,42665.000000,46183.000000,22971.000000
20721.000000,42820.000000,46246.000000,23016.000000
20760.000000,42860.000000,46260.000000,23038.000000
20802.000000,42891.000000,46289.000000,23037.000000
20831.000000,42950.000000,46343.000000,23042.000000
20969.000000,43104.000000,46421.000000,23102.000000
21032.000000,43154.000000,46433.000000,23106.000000
21202.000000,43373.000000,46555.000000,23157.000000
21229.000000,43404.000000,46583.000000,23183.000000
21299.000000,43417.000000,46586.000000,23190.000000
21283.000000,43465.000000,46656.000000,23176.000000
21299.000000,43490.000000,46640.000000,23187.000000
21285.000000,43464.000000,46622.000000,23185.000000
21290.000000,43500.000000,46625.000000,23196.000000
21291.000000,43502.000000,46629.000000,23143.000000
21252.000000,43438.000000,46641.000000,23157.000000
21256.000000,43429.000000,46613.000000,23150.000000
21209.000000,43413.000000,46617.000000,23160.000000
21221.000000,43402.000000,46597.000000,23153.000000
21185.000000,43430.000000,46599.000000,23135.000000
21223.000000,43430.000000,46588.000000,23174.000000
21217.000000,43415.000000,46596.000000,23150.000000
21167.000000,43372.000000,46582.000000,23134.000000
21171.000000,43404.000000,46575.000000,23155.000000
21140.000000,43344.000000,46556.000000,23116.000000
21096.000000,43331.000000,46540.000000,23126.000000
21086.000000,43366.000000,46558.000000,23113.000000
21108.000000,43297.000000,46527.000000,23119.000000
21112.000000,43286.000000,46510.000000,23118.000000
21091.000000,43255.000000,46516.000000,23107.000000
21081.000000,43252.000000,46508.000000,23131.000000
21023.000000,43304.000000,46497.000000,23101.000000
21042.000000,43256.000000,46493.000000,23135.000000
21008.000000,43266.000000,46502.000000,23082.000000
21036.000000,43215.000000,46488.000000,23072.000000
21025.000000,43235.000000,46452.000000,23084.000000
20977.000000,43228.000000,46457.000000,23086.000000
20952.000000,43158.000000,46433.000000,23071.000000
20931.000000,43173.000000,46410.000000,23075.000000
20929.000000,43135.000000,46434.000000,23046.000000
20943.000000,43159.000000,46407.000000,23031.000000
20942.000000,43135.000000,46423.000000,23045.000000
20906.000000,43145.000000,46424.000000,23045.000000
20906.000000,43105.000000,46428.000000,23061.000000
20892.000000,43053.000000,46388.000000,23029.000000
20839.000000,43053.000000,46412.000000,23030.000000
20868.000000,43073.000000,46375.000000,23044.000000
20855.000000,43065.000000,46358.000000,23030.000000
20822.000000,43035.000000,46355.000000,23024.000000
20808.000000,43006.000000,46351.000000,23004.000000
20794.000000,42983.000000,46348.000000,23034.000000
20804.000000,43002.000000,46322.000000,23023.000000
20791.000000,42974.000000,46332.000000,23015.000000
20809.000000,42953.000000,46309.000000,23021.000000
20783.000000,42978.000000,46358.000000,23023.000000
20806.000000,42937.000000,46300.000000,23023.000000
20764.000000,42973.000000,46322.000000,23003.000000
20786.000000,42927.000000,46302.000000,23008.000000
20776.000000,42932.000000,46299.000000,23003.000000
20720.000000,42934.000000,46318.000000,22993.000000
20758.000000,42932.000000,46285.000000,23004.000000
20749.000000,42925.000000,46308.000000,23009.000000
20738.000000,42876.000000,46277.000000,22998.000000
20734.000000,42909.000000,46276.000000,23012.000000
20739.000000,42863.000000,46267.000000,23003.000000
20687.000000,42889.000000,46256.000000,23003.000000
20704.000000,42875.000000,46251.000000,23003.000000
20699.000000,42858.000000,46277.000000,23007.000000
20655.000000,42838.000000,46248.000000,22981.000000
20677.000000,42858.000000,46242.000000,22987.000000
20613.000000,42818.000000,46230.000000,22956.000000
20604.000000,42816.000000,46232.000000,22976.000000
20602.000000,42776.000000,46242.000000,22948.000000
20576.000000,42770.000000,46220.000000,22968.000000
20582.000000,42794.000000,46231.000000,22952.000000
20596.000000,42775.000000,46174.000000,22954.000000
20571.000000,42735.000000,46221.000000,22968.000000
20532.000000,42742.000000,46202.000000,22952.000000
20519.000000,42725.000000,46183.000000,22952.000000
20499.000000,42713.000000,46200.000000,22961.000000
20496.000000,42706.000000,46163.000000,22939.000000
20473.000000,42706.000000,46179.000000,22920.000000
20477.000000,42675.000000,46171.000000,22939.000000
20455.000000,42658.000000,46136.000000,22917.000000
20410.000000,42642.000000,46171.000000,22916.000000
20442.000000,42663.000000,46151.000000,22916.000000
20391.000000,42644.000000,46157.000000,22894.000000
20412.000000,42628.000000,46114.000000,22881.000000
20405.000000,42654.000000,46152.000000,22931.000000
20364.000000,42629.000000,46132.000000,22895.000000
20366.000000,42611.000000,46134.000000,22909.000000
20381.000000,42601.000000,46113.000000,22898.000000
20387.000000,42580.000000,46108.000000,22893.000000
20370.000000,42593.000000,46119.000000,22884.000000
20363.000000,42594.000000,46117.000000,22903.000000
20357.000000,42582.000000,46095.000000,22912.000000
20366.000000,42587.000000,46120.000000,22909.000000
20370.000000,42609.000000,46090.000000,22867.000000
20353.000000,42583.000000,46115.000000,22879.000000
20369.000000,42595.000000,46114.000000,22904.000000
20350.000000,42575.000000,46126.000000,22887.000000
20361.000000,42553.000000,46118.000000,22900.000000
20330.000000,42579.000000,46093.000000,22887.000000
20312.000000,42530.000000,46088.000000,22867.000000
20322.000000,42553.000000,46101.000000,22856.000000
20312.000000,42543.000000,46057.000000,22863.000000
20290.000000,42495.000000,46067.000000,22845.000000
20292.000000,42550.000000,46058.000000,22872.000000
20272.000000,42506.000000,46080.000000,22864.000000
20299.000000,42495.000000,46051.000000,22877.000000
20267.000000,42517.000000,46060.000000,22869.000000
20263.000000,42471.000000,46028.000000,22829.000000
20271.000000,42480.000000,46024.000000,22853.000000
20288.000000,42457.000000,46049.000000,22844.000000
20274.000000,42453.000000,46031.000000,22846.000000
20213.000000,42447.000000,45994.000000,22798.000000
20235.000000,42423.000000,46009.000000,22831.000000
20230.000000,42439.000000,46003.000000,22816.000000
20234.000000,42434.000000,45985.000000,22831.000000
20217.000000,42456.000000,45994.000000,22824.000000
20205.000000,42399.000000,45998.000000,22816.000000
20204.000000,42405.000000,45985.000000,22805.000000
20205.000000,42413.000000,46000.000000,22826.000000
20215.000000,42390.000000,45992.000000,22805.000000
20210.000000,42385.000000,45987.000000,22787.000000
20217.000000,42387.000000,46000.000000,22831.000000
20209.000000,42376.000000,45992.000000,22816.000000
20191.000000,42372.000000,45988.000000,22807.000000
20231.000000,42360.000000,45966.000000,22822.000000
20180.000000,42385.000000,45964.000000,22813.000000
20205.000000,42349.000000,45948.000000,22822.000000
20229.000000,42369.000000,45960.000000,22834.000000
20196.000000,42351.000000,45984.000000,22828.000000
20202.000000,42368.000000,45973.000000,22813.000000
20227.000000,42366.000000,46022.000000,22841.000000
20256.000000,42376.000000,45988.000000,22838.000000
20226.000000,42404.000000,45982.000000,22848.000000
20248.000000,42421.000000,46015.000000,22852.000000
20253.000000,42447.000000,46004.000000,22851.000000
20267.000000,42419.000000,46016.000000,22858.000000
20313.000000,42445.000000,46006.000000,22863.000000
20274.000000,42438.000000,46032.000000,22851.000000
20291.000000,42440.000000,46038.000000,22847.000000
20311.000000,42538.000000,46052.000000,22839.000000
20334.000000,42524.000000,46046.000000,22854.000000
20346.000000,42533.000000,46066.000000,22833.000000
20356.000000,42561.000000,46104.000000,22850.000000
20418.000000,42587.000000,46105.000000,22878.000000
20399.000000,42620.000000,46123.000000,22844.000000
20466.000000,42733.000000,46147.000000,22877.000000
20485.000000,42760.000000,46189.000000,22893.000000
20521.000000,42822.000000,46251.000000,22888.000000
20576.000000,42828.000000,46239.000000,22909.000000
20569.000000,42860.000000,46269.000000,22916.000000
20677.000000,42907.000000,46271.000000,22921.000000
20663.000000,42939.000000,46318.000000,22925.000000
20720.000000,42992.000000,46321.000000,22952.000000
20730.000000,43030.000000,46359.000000,22970.000000
20809.000000,43061.000000,46365.000000,22975.000000
20788.000000,43120.000000,46395.000000,22980.000000
20846.000000,43134.000000,46410.000000,23000.000000
20873.000000,43180.000000,46446.000000,23011.000000
20914.000000,43209.000000,46480.000000,23024.000000
20975.000000,43248.000000,46484.000000,23018.000000
20974.000000,43282.000000,46485.000000,23040.000000
21003.000000,43359.000000,46515.000000,23029.000000
21120.000000,43439.000000,46604.000000,23065.000000
21140.000000,43437.000000,46610.000000,23084.000000
21115.000000,43512.000000,46608.000000,23080.000000
21138.000000,43508.000000,46627.000000,23085.000000
21135.000000,43509.000000,46634.000000,23084.000000
21154.000000,43478.000000,46630.000000,23098.000000
21115.000000,43447.000000,46580.000000,23088.000000
21046.000000,43437.000000,46589.000000,23112.000000
21056.000000,43419.000000,46579.000000,23075.000000
21026.000000,43400.000000,46582.000000,23063.000000
21013.000000,43372.000000,46534.000000,23058.000000
20951.000000,43382.000000,46523.000000,23051.000000
20987.000000,43312.000000,46551.000000,23055.000000
20929.000000,43340.000000,46517.000000,23060.000000
20908.000000,43282.000000,46509.000000,23065.000000
20890.000000,43265.000000,46464.000000,23044.000000
20851.000000,43224.000000,46459.000000,23025.000000
20830.000000,43237.000000,46444.000000,23045.000000
20799.000000,43182.000000,46459.000000,23020.000000
20744.000000,43125.000000,46397.000000,23013.000000
20737.000000,43134.000000,46385.000000,22992.000000
20735.000000,43101.000000,46372.000000,22989.000000
20716.000000,43121.000000,46374.000000,22985.000000
20725.000000,43073.000000,46333.000000,22989.000000
20712.000000,43072.000000,46326.000000,22965.000000
20680.000000,43039.000000,46341.000000,22973.000000
20643.000000,43054.000000,46321.000000,22955.000000
20684.000000,43009.000000,46316.000000,22968.000000
20650.000000,43006.000000,46327.000000,22957.000000
20628.000000,43025.000000,46329.000000,22989.000000
20586.000000,42972.000000,46324.000000,22963.000000
20559.000000,42970.000000,46289.000000,22950.000000
20547.000000,42979.000000,46273.000000,22948.000000
20540.000000,42965.000000,46283.000000,22952.000000
20558.000000,42906.000000,46243.000000,22912.000000
20485.000000,42892.000000,46268.000000,22931.000000
20516.000000,42898.000000,46225.000000,22921.000000
20467.000000,42862.000000,46205.000000,22919.000000
20471.000000,42856.000000,46231.000000,22921.000000
20461.000000,42847.000000,46231.000000,22907.000000
20470.000000,42842.000000,46219.000000,22923.000000
20453.000000,42821.000000,46181.000000,22884.000000
20415.000000,42807.000000,46159.000000,22894.000000
20412.000000,42765.000000,46179.000000,22882.000000
20406.000000,42793.000000,46166.000000,22874.000000
20375.000000,42754.000000,46187.000000,22874.000000
20363.000000,42758.000000,46152.000000,22864.000000
20358.000000,42745.000000,46140.000000,22865.000000
20350.000000,42702.000000,46158.000000,22861.000000
20258.000000,42661.000000,46131.000000,22842.000000
20297.000000,42653.000000,46086.000000,22848.000000
20262.000000,42647.000000,46075.000000,22809.000000
20229.000000,42582.000000,46069.000000,22796.000000
20221.000000,42586.000000,46061.000000,22819.000000
20191.000000,42589.000000,46074.000000,22837.000000
20167.000000,42569.000000,46048.000000,22822.000000
20146.000000,42542.000000,46032.000000,22821.000000
20178.000000,42549.000000,46051.000000,22820.000000
20120.000000,42544.000000,46015.000000,22822.000000
20137.000000,42507.000000,46020.000000,22839.000000
20144.000000,42510.000000,46016.000000,22841.000000
20115.000000,42510.000000,46043.000000,22821.000000
20106.000000,42473.000000,46033.000000,22859.000000
20128.000000,42503.000000,46000.000000,22853.000000
20125.000000,42510.000000,46018.000000,22876.000000
20105.000000,42520.000000,46005.000000,22852.000000
20162.000000,42493.000000,46023.000000,22862.000000
20161.000000,42530.000000,45993.000000,22845.000000
20154.000000,42493.000000,46044.000000,22914.000000
20130.000000,42497.000000,46024.000000,22899.000000
20114.000000,42511.000000,46015.000000,22852.000000
20116.000000,42490.000000,45981.000000,22886.000000
20101.000000,42477.000000,45991.000000,22881.000000
20083.000000,42456.000000,45998.000000,22871.000000
20062.000000,42456.000000,46002.000000,22861.000000
20074.000000,42448.000000,45967.000000,22842.000000
20101.000000,42418.000000,45973.000000,22878.000000
20073.000000,42440.000000,45998.000000,22868.000000
20082.000000,42420.000000,45955.000000,22855.000000
20000.000000,42401.000000,45962.000000,22847.000000
19990.000000,42379.000000,45926.000000,22836.000000
19976.000000,42345.000000,45930.000000,22824.000000
19996.000000,42342.000000,45912.000000,22826.000000
19939.000000,42327.000000,45924.000000,22833.000000
19939.000000,42314.000000,45889.000000,22817.000000
19943.000000,42294.000000,45911.000000,22801.000000
19921.000000,42245.000000,45894.000000,22808.000000
19960.000000,42316.000000,45909.000000,22827.000000
19935.000000,42276.000000,45879.000000,22797.000000
19882.000000,42250.000000,45897.000000,22794.000000
19893.000000,42255.000000,45853.000000,22801.000000
19859.000000,42220.000000,45875.000000,22785.000000
19894.000000,42256.000000,45865.000000,22775.000000
19832.000000,42244.000000,45839.000000,22796.000000
19852.000000,42186.000000,45830.000000,22767.000000
19845.000000,42181.000000,45879.000000,22777.000000
19889.000000,42206.000000,45782.000000,22768.000000
19842.000000,42202.000000,45825.000000,22763.000000
19839.000000,42169.000000,45846.000000,22777.000000
19794.000000,42151.000000,45821.000000,22780.000000
19794.000000,42153.000000,45825.000000,22770.000000
19816.000000,42146.000000,45799.000000,22779.000000
19776.000000,42145.000000,45841.000000,22774.000000
19819.000000,42178.000000,45797.000000,22770.000000
19779.000000,42176.000000,45823.000000,22777.000000
19800.000000,42147.000000,45798.000000,22788.000000
19774.000000,42117.000000,45776.000000,22750.000000
19728.000000,42077.000000,45787.000000,22783.000000
19726.000000,42106.000000,45767.000000,22761.000000
19673.000000,42058.000000,45753.000000,22753.000000
19682.000000,42025.000000,45764.000000,22766.000000
19634.000000,42031.000000,45758.000000,22714.000000
19648.000000,42026.000000,45716.000000,22730.000000
19627.000000,42023.000000,45730.000000,22739.000000
19608.000000,41994.000000,45705.000000,22704.000000
19587.000000,41991.000000,45731.000000,22713.000000
19589.000000,41981.000000,45710.000000,22704.000000
19581.000000,41991.000000,45704.000000,22713.000000
19605.000000,41967.000000,45696.000000,22698.000000
19593.000000,42002.000000,45716.000000,22685.000000
19574.000000,42006.000000,45702.000000,22719.000000
19611.000000,41964.000000,45723.000000,22709.000000
19577.000000,42002.000000,45722.000000,22718.000000
19607.000000,41981.000000,45722.000000,22695.000000
19603.000000,42015.000000,45700.000000,22707.000000
19630.000000,42008.000000,45723.000000,22711.000000
19613.000000,42022.000000,45735.000000,22677.000000
19623.000000,42072.000000,45757.000000,22666.000000
19682.000000,42110.000000,45780.000000,22676.000000
19716.000000,42146.000000,45800.000000,22698.000000
19699.000000,42173.000000,45833.000000,22702.000000
19750.000000,42182.000000,45809.000000,22700.000000
19798.000000,42231.000000,45869.000000,22717.000000
19868.000000,42262.000000,45869.000000,22713.000000
19855.000000,42292.000000,45903.000000,22752.000000
19902.000000,42315.000000,45916.000000,22758.000000
19954.000000,42353.000000,45931.000000,22736.000000
19972.000000,42383.000000,45951.000000,22770.000000
20002.000000,42450.000000,45944.000000,22761.000000
20017.000000,42508.000000,45976.000000,22790.000000
20047.000000,42515.000000,46047.000000,22806.000000
20093.000000,42569.000000,46020.000000,22835.000000
20200.000000,42652.000000,46098.000000,22856.000000
20254.000000,42735.000000,46141.000000,22878.000000
20330.000000,42789.000000,46153.000000,22859.000000
20325.000000,42811.000000,46167.000000,22895.000000
20402.000000,42830.000000,46198.000000,22935.000000
20456.000000,42918.000000,46231.000000,22946.000000
20503.000000,43060.000000,46302.000000,22940.000000
20565.000000,43065.000000,46318.000000,22980.000000
20612.000000,43079.000000,46349.000000,22975.000000
20585.000000,43114.000000,46346.000000,22989.000000
20697.000000,43225.000000,46419.000000,23017.000000
20681.000000,43250.000000,46425.000000,23005.000000
20740.000000,43244.000000,46450.000000,23006.000000
20733.000000,43331.000000,46476.000000,23013.000000
20772.000000,43284.000000,46463.000000,23002.000000
20770.000000,43286.000000,46466.000000,23002.000000
20763.000000,43325.000000,46476.000000,23027.000000
20793.000000,43304.000000,46490.000000,23021.000000
20728.000000,43296.000000,46484.000000,22984.000000
20728.000000,43265.000000,46467.000000,23016.000000
20749.000000,43236.000000,46430.000000,23008.000000
20726.000000,43255.000000,46438.000000,22998.000000
20687.000000,43229.000000,46400.000000,22976.000000
20700.000000,43216.000000,46415.000000,22976.000000
20677.000000,43165.000000,46382.000000,22981.000000
20674.000000,43128.000000,46365.000000,22952.000000
20629.000000,43112.000000,46370.000000,22950.000000
20606.000000,43124.000000,46328.000000,22943.000000
20617.000000,43115.000000,46338.000000,22964.000000
20589.000000,43070.000000,46325.000000,22940.000000
20585.000000,43053.000000,46359.000000,22924.000000
20573.000000,43044.000000,46358.000000,22923.000000
20566.000000,43087.000000,46313.000000,22944.000000
20550.000000,43056.000000,46319.000000,22934.000000
20525.000000,43014.000000,46321.000000,22926.000000
20534.000000,43050.000000,46287.000000,22931.000000
20503.000000,42995.000000,46330.000000,22911.000000
20525.000000,43019.000000,46313.000000,22936.000000
20502.000000,43041.000000,46303.000000,22922.000000
20501.000000,43003.000000,46290.000000,22941.000000
20492.000000,42968.000000,46289.000000,22923.000000
20462.000000,42977.000000,46303.000000,22931.000000
20471.000000,42955.000000,46268.000000,22900.000000
20466.000000,43003.000000,46261.000000,22923.000000
20463.000000,42953.000000,46268.000000,22929.000000
20455.000000,42940.000000,46266.000000,22922.000000
20416.000000,42965.000000,46247.000000,22945.000000
20459.000000,42965.000000,46267.000000,22925.000000
20430.000000,42926.000000,46268.000000,22931.000000
20449.000000,42918.000000,46266.000000,22942.000000
20428.000000,42967.000000,46221.000000,22937.000000
20432.000000,42894.000000,46222.000000,22941.000000
20428.000000,42924.000000,46245.000000,22915.000000
20364.000000,42901.000000,46234.000000,22934.000000
20363.000000,42861.000000,46243.000000,22909.000000
20349.000000,42885.000000,46224.000000,22922.000000
20367.000000,42878.000000,46238.000000,22922.000000
20387.000000,42889.000000,46244.000000,22948.000000
20367.000000,42889.000000,46219.000000,22953.000000
20390.000000,42891.000000,46217.000000,22946.000000
20410.000000,42874.000000,46248.000000,22957.000000
20372.000000,42874.000000,46218.000000,22927.000000
20371.000000,42862.000000,46228.000000,22928.000000
20401.000000,42876.000000,46223.000000,22928.000000
20366.000000,42887.000000,46189.000000,22943.000000
20385.000000,42855.000000,46208.000000,22925.000000
20345.000000,42870.000000,46199.000000,22926.000000
20330.000000,42832.000000,46195.000000,22920.000000
20341.000000,42790.000000,46170.000000,22921.000000
20301.000000,42798.000000,46186.000000,22907.000000
20292.000000,42794.000000,46171.000000,22889.000000
20248.000000,42745.000000,46135.000000,22886.000000
20250.000000,42720.000000,46122.000000,22877.000000
20229.000000,42685.000000,46095.000000,22861.000000
20198.000000,42652.000000,46095.000000,22866.000000
20203.000000,42654.000000,46084.000000,22857.000000
20154.000000,42645.000000,46071.000000,22838.000000
20142.000000,42586.000000,46059.000000,22853.000000
20127.000000,42619.000000,46059.000000,22842.000000
20105.000000,42619.000000,46042.000000,22857.000000
20142.000000,42597.000000,46043.000000,22849.000000
20086.000000,42550.000000,46076.000000,22869.000000
20122.000000,42589.000000,46081.000000,22864.000000
20129.000000,42602.000000,46067.000000,22866.000000
20128.000000,42624.000000,46056.000000,22864.000000
20103.000000,42596.000000,46053.000000,22875.000000
20124.000000,42614.000000,46061.000000,22865.000000
20130.000000,42592.000000,46061.000000,22877.000000
20097.000000,42570.000000,46046.000000,22853.000000
20096.000000,42555.000000,46061.000000,22862.000000
20078.000000,42557.000000,46036.000000,22833.000000
20058.000000,42501.000000,46002.000000,22865.000000
19995.000000,42440.000000,45959.000000,22808.000000
19947.000000,42389.000000,45938.000000,22796.000000
19937.000000,42364.000000,45922.000000,22760.000000
19894.000000,42355.000000,45907.000000,22736.000000
19819.000000,42253.000000,45846.000000,22702.000000
19782.000000,42241.000000,45840.000000,22706.000000
19780.000000,42215.000000,45813.000000,22700.000000
19756.000000,42186.000000,45821.000000,22701.000000
19781.000000,42195.000000,45825.000000,22691.000000
19761.000000,42200.000000,45823.000000,22697.000000
19787.000000,42171.000000,45835.000000,22682.000000
19784.000000,42224.000000,45825.000000,22692.000000
19767.000000,42248.000000,45831.000000,22707.000000
19805.000000,42275.000000,45864.000000,22756.000000
19829.000000,42246.000000,45876.000000,22751.000000
19840.000000,42253.000000,45874.000000,22770.000000
19866.000000,42253.000000,45853.000000,22808.000000
19823.000000,42270.000000,45844.000000,22801.000000
19829.000000,42272.000000,45874.000000,22813.000000
19834.000000,42260.000000,45845.000000,22802.000000
19797.000000,42214.000000,45840.000000,22810.000000
19787.000000,42253.000000,45843.000000,22799.000000
19771.000000,42160.000000,45818.000000,22797.000000
19794.000000,42152.000000,45800.000000,22770.000000
19749.000000,42140.000000,45794.000000,22783.000000
19724.000000,42157.000000,45801.000000,22776.000000
19715.000000,42135.000000,45801.000000,22772.000000
19725.000000,42118.000000,45789.000000,22747.000000
19686.000000,42128.000000,45775.000000,22749.000000
19625.000000,42050.000000,45765.000000,22767.000000
19637.000000,42076.000000,45743.000000,22743.000000
19616.000000,42031.000000,45741.000000,22737.000000
19644.000000,42029.000000,45718.000000,22748.000000
19594.000000,42055.000000,45731.000000,22753.000000
19606.000000,42042.000000,45730.000000,22732.000000
19601.000000,42037.000000,45734.000000,22755.000000
19616.000000,42025.000000,45717.000000,22772.000000
19610.000000,42023.000000,45717.000000,22723.000000
19632.000000,42037.000000,45718.000000,22745.000000
19602.000000,42036.000000,45750.000000,22760.000000
19649.000000,42049.000000,45760.000000,22748.000000
19632.000000,42069.000000,45730.000000,22751.000000
19665.000000,42081.000000,45766.000000,22728.000000
19654.000000,42075.000000,45777.000000,22755.000000
19647.000000,42124.000000,45776.000000,22741.000000
19693.000000,42121.000000,45780.000000,22780.000000
19680.000000,42181.000000,45765.000000,22750.000000
19717.000000,42160.000000,45792.000000,22807.000000
19728.000000,42185.000000,45807.000000,22792.000000
19750.000000,42202.000000,45831.000000,22786.000000
19820.000000,42289.000000,45865.000000,22792.000000
19855.000000,42289.000000,45882.000000,22817.000000
19899.000000,42327.000000,45887.000000,22822.000000
19884.000000,42350.000000,45913.000000,22816.000000
19951.000000,42358.000000,45913.000000,22838.000000
19958.000000,42404.000000,45961.000000,22849.000000
19993.000000,42445.000000,45942.000000,22840.000000
20000.000000,42466.000000,45995.000000,22848.000000
20003.000000,42487.000000,45995.000000,22858.000000
20099.000000,42517.000000,45998.000000,22865.000000
20074.000000,42555.000000,46024.000000,22867.000000
20178.000000,42674.000000,46077.000000,22913.000000
20233.000000,42654.000000,46073.000000,22942.000000
20263.000000,42724.000000,46131.000000,22898.000000
20285.000000,42755.000000,46148.000000,22912.000000
20301.000000,42800.000000,46164.000000,22937.000000
20346.000000,42859.000000,46209.000000,22964.000000
20414.000000,42879.000000,46190.000000,22958.000000
20416.000000,42919.000000,46247.000000,22957.000000
20464.000000,42943.000000,46237.000000,23004.000000
20475.000000,43018.000000,46264.000000,22979.000000
20497.000000,43020.000000,46277.000000,23009.000000
20540.000000,43061.000000,46289.000000,22985.000000
20531.000000,43059.000000,46303.000000,23024.000000
20560.000000,43070.000000,46331.000000,23032.000000
20551.000000,43088.000000,46345.000000,23038.000000
20553.000000,43059.000000,46362.000000,23016.000000
20521.000000,43111.000000,46313.000000,23013.000000
20524.000000,43019.000000,46305.000000,23022.000000
20511.000000,43047.000000,46259.000000,22999.000000
20477.000000,42989.000000,46283.000000,22993.000000
20469.000000,42956.000000,46289.000000,23005.000000
20418.000000,42962.000000,46251.000000,22987.000000
20383.000000,42881.000000,46254.000000,22995.000000
20367.000000,42893.000000,46234.000000,22957.000000
20327.000000,42869.000000,46206.000000,22937.000000
20279.000000,42796.000000,46190.000000,22944.000000
20258.000000,42812.000000,46173.000000,22907.000000
20286.000000,42796.000000,46163.000000,22921.000000
20223.000000,42795.000000,46182.000000,22951.000000
20243.000000,42765.000000,46148.000000,22939.000000
20234.000000,42730.000000,46159.000000,22891.000000
20234.000000,42728.000000,46116.000000,22905.000000
20208.000000,42745.000000,46138.000000,22920.000000
20216.000000,42717.000000,46127.000000,22915.000000
20204.000000,42731.000000,46113.000000,22904.000000
20206.000000,42755.000000,46118.000000,22924.000000
20211.000000,42718.000000,46128.000000,22900.000000
20190.000000,42707.000000,46093.000000,22936.000000
20163.000000,42682.000000,46102.000000,22935.000000
20186.000000,42714.000000,46086.000000,22917.000000
20152.000000,42646.000000,46102.000000,22916.000000
20137.000000,42657.000000,46079.000000,22928.000000
20157.000000,42642.000000,46091.000000,22900.000000
20153.000000,42625.000000,46073.000000,22901.000000
20078.000000,42632.000000,46026.000000,22893.000000
20085.000000,42597.000000,46005.000000,22892.000000
20070.000000,42584.000000,46043.000000,22864.000000
20042.000000,42557.000000,46015.000000,22870.000000
20022.000000,42517.000000,46000.000000,22846.000000
19977.000000,42459.000000,45977.000000,22865.000000
19941.000000,42454.000000,45956.000000,22845.000000
19909.000000,42469.000000,45938.000000,22843.000000
19904.000000,42431.000000,45950.000000,22828.000000
19849.000000,42414.000000,45926.000000,22824.000000
19840.000000,42385.000000,45926.000000,22816.000000
19859.000000,42412.000000,45906.000000,22837.000000
19833.000000,42370.000000,45923.000000,22841.000000
19817.000000,42346.000000,45874.000000,22814.000000
19753.000000,42329.000000,45854.000000,22808.000000
19724.000000,42252.000000,45888.000000,22800.000000
19738.000000,42242.000000,45857.000000,22787.000000
19708.000000,42241.000000,45860.000000,22784.000000
19698.000000,42237.000000,45836.000000,22784.000000
19675.000000,42226.000000,45793.000000,22741.000000
19660.000000,42191.000000,45805.000000,22748.000000
19619.000000,42155.000000,45784.000000,22754.000000
19601.000000,42129.000000,45773.000000,22745.000000
19569.000000,42109.000000,45758.000000,22703.000000
19540.000000,42080.000000,45745.000000,22712.000000
19490.000000,41975.000000,45677.000000,22705.000000
19483.000000,42001.000000,45696.000000,22689.000000
19511.000000,41988.000000,45668.000000,22694.000000
19460.000000,41963.000000,45664.000000,22683.000000
19426.000000,41956.000000,45645.000000,22663.000000
19439.000000,41903.000000,45625.000000,22657.000000
19423.000000,41920.000000,45618.000000,22674.000000
19430.000000,41875.000000,45603.000000,22631.000000
19378.000000,41855.000000,45630.000000,22642.000000
19405.000000,41839.000000,45598.000000,22654.000000
19355.000000,41834.000000,45575.000000,22646.000000
19368.000000,41830.000000,45605.000000,22665.000000
19368.000000,41792.000000,45564.000000,22646.000000
19311.000000,41774.000000,45551.000000,22652.000000
19321.000000,41779.000000,45556.000000,22649.000000
19285.000000,41754.000000,45557.000000,22626.000000
19320.000000,41748.000000,45548.000000,22655.000000
19296.000000,41775.000000,45560.000000,22649.000000
19305.000000,41724.000000,45526.000000,22654.000000
19300.000000,41756.000000,45510.000000,22666.000000
19302.000000,41679.000000,45519.000000,22662.000000
19287.000000,41712.000000,45504.000000,22670.000000
19221.000000,41673.000000,45507.000000,22658.000000
19248.000000,41618.000000,45466.000000,22673.000000
19197.000000,41618.000000,45479.000000,22649.000000
19205.000000,41600.000000,45435.000000,22638.000000
19172.000000,41592.000000,45469.000000,22630.000000
19152.000000,41566.000000,45459.000000,22646.000000
19143.000000,41551.000000,45421.000000,22636.000000
19140.000000,41545.000000,45430.000000,22638.000000
19144.000000,41504.000000,45404.000000,22631.000000
19130.000000,41521.000000,45410.000000,22615.000000
19086.000000,41484.000000,45399.000000,22608.000000
19074.000000,41465.000000,45397.000000,22632.000000
19109.000000,41468.000000,45373.000000,22625.000000
19074.000000,41468.000000,45371.000000,22615.000000
19102.000000,41445.000000,45391.000000,22630.000000
19083.000000,41479.000000,45366.000000,22618.000000
19095.000000,41475.000000,45389.000000,22618.000000
19127.000000,41499.000000,45378.000000,22627.000000
19126.000000,41428.000000,45355.000000,22645.000000
19117.000000,41472.000000,45361.000000,22658.000000
19099.000000,41453.000000,45386.000000,22631.000000
19071.000000,41447.000000,45358.000000,22628.000000
19079.000000,41443.000000,45379.000000,22628.000000
19058.000000,41395.000000,45339.000000,22638.000000
19044.000000,41384.000000,45334.000000,22639.000000
19049.000000,41361.000000,45333.000000,22628.000000
19027.000000,41393.000000,45325.000000,22633.000000
19030.000000,41325.000000,45293.000000,22603.000000
18968.000000,41316.000000,45292.000000,22599.000000
18986.000000,41318.000000,45284.000000,22603.000000
18989.000000,41296.000000,45252.000000,22604.000000
18999.000000,41306.000000,45259.000000,22613.000000
18936.000000,41242.000000,45234.000000,22603.000000
18907.000000,41245.000000,45259.000000,22556.000000
18879.000000,41229.000000,45216.000000,22569.000000
18833.000000,41185.000000,45221.000000,22535.000000
18830.000000,41167.000000,45202.000000,22562.000000
18780.000000,41119.000000,45158.000000,22511.000000
18741.000000,41073.000000,45176.000000,22520.000000
18790.000000,41129.000000,45148.000000,22503.000000
18762.000000,41072.000000,45160.000000,22504.000000
18773.000000,41064.000000,45134.000000,22485.000000
18752.000000,41129.000000,45163.000000,22511.000000
18780.000000,41076.000000,45170.000000,22506.000000
18790.000000,41095.000000,45143.000000,22478.000000
18765.000000,41092.000000,45172.000000,22489.000000
18772.000000,41118.000000,45156.000000,22485.000000
18813.000000,41156.000000,45211.000000,22470.000000
18838.000000,41152.000000,45203.000000,22491.000000
18838.000000,41189.000000,45251.000000,22467.000000
18883.000000,41225.000000,45221.000000,22513.000000
18912.000000,41243.000000,45250.000000,22478.000000
18937.000000,41294.000000,45258.000000,22525.000000
18993.000000,41337.000000,45280.000000,22512.000000
19027.000000,41366.000000,45291.000000,22507.000000
19061.000000,41410.000000,45317.000000,22542.000000
19075.000000,41417.000000,45362.000000,22557.000000
19235.000000,41569.000000,45430.000000,22569.000000
19294.000000,41614.000000,45437.000000,22592.000000
19307.000000,41656.000000,45481.000000,22639.000000
19356.000000,41716.000000,45533.000000,22630.000000
19440.000000,41768.000000,45542.000000,22643.000000
19477.000000,41802.000000,45615.000000,22667.000000
19562.000000,41904.000000,45612.000000,22686.000000
19610.000000,41967.000000,45652.000000,22689.000000
19745.000000,42087.000000,45729.000000,22737.000000
19767.000000,42128.000000,45776.000000,22752.000000
19820.000000,42175.000000,45819.000000,22747.000000
19871.000000,42204.000000,45854.000000,22759.000000
19908.000000,42284.000000,45884.000000,22784.000000
19957.000000,42280.000000,45858.000000,22785.000000
19981.000000,42419.000000,45932.000000,22803.000000
20058.000000,42407.000000,45958.000000,22821.000000
20132.000000,42559.000000,46015.000000,22876.000000
20194.000000,42614.000000,46046.000000,22866.000000
20218.000000,42583.000000,46020.000000,22884.000000
20172.000000,42653.000000,46055.000000,22897.000000
20219.000000,42625.000000,46076.000000,22882.000000
20198.000000,42653.000000,46076.000000,22866.000000
20223.000000,42642.000000,46027.000000,22897.000000
20193.000000,42657.000000,46075.000000,22883.000000
20167.000000,42603.000000,46020.000000,22835.000000
20119.000000,42588.000000,46016.000000,22842.000000
20138.000000,42563.000000,46014.000000,22854.000000
20079.000000,42539.000000,46009.000000,22839.000000
20096.000000,42537.000000,45989.000000,22841.000000
20046.000000,42511.000000,45976.000000,22818.000000
20032.000000,42457.000000,45978.000000,22826.000000
20043.000000,42480.000000,45978.000000,22811.000000
19948.000000,42422.000000,45956.000000,22781.000000
19962.000000,42413.000000,45928.000000,22795.000000
19905.000000,42414.000000,45890.000000,22811.000000
19923.000000,42349.000000,45883.000000,22758.000000
19900.000000,42356.000000,45898.000000,22765.000000
19870.000000,42339.000000,45912.000000,22754.000000
19869.000000,42307.000000,45870.000000,22733.000000
19817.000000,42278.000000,45863.000000,22754.000000
19796.000000,42227.000000,45829.000000,22723.000000
19756.000000,42219.000000,45811.000000,22716.000000
19766.000000,42185.000000,45826.000000,22719.000000
19776.000000,42229.000000,45794.000000,22728.000000
19741.000000,42193.000000,45806.000000,22739.000000
19760.000000,42189.000000,45813.000000,22742.000000
19718.000000,42192.000000,45804.000000,22726.000000
19726.000000,42194.000000,45778.000000,22733.000000
19709.000000,42137.000000,45785.000000,22761.000000
19703.000000,42115.000000,45797.000000,22756.000000
19659.000000,42102.000000,45797.000000,22731.000000
19664.000000,42062.000000,45758.000000,22734.000000
19650.000000,42098.000000,45739.000000,22730.000000
19653.000000,42092.000000,45724.000000,22748.000000
19654.000000,42065.000000,45727.000000,22725.000000
19641.000000,42038.000000,45721.000000,22732.000000
19644.000000,42096.000000,45731.000000,22740.000000
19595.000000,42075.000000,45725.000000,22757.000000
19642.000000,42053.000000,45720.000000,22732.000000
19637.000000,42036.000000,45710.000000,22761.000000
19624.000000,42018.000000,45688.000000,22731.000000
19601.000000,42002.000000,45719.000000,22752.000000
19615.000000,41958.000000,45695.000000,22745.000000
19526.000000,41911.000000,45661.000000,22702.000000
19538.000000,41890.000000,45614.000000,22703.000000
19475.000000,41882.000000,45613.000000,22692.000000
19478.000000,41857.000000,45599.000000,22703.000000
19454.000000,41823.000000,45584.000000,22676.000000
19370.000000,41750.000000,45571.000000,22653.000000
19419.000000,41752.000000,45567.000000,22667.000000
19382.000000,41747.000000,45518.000000,22627.000000
19366.000000,41718.000000,45524.000000,22649.000000
19354.000000,41739.000000,45534.000000,22637.000000
19372.000000,41690.000000,45509.000000,22631.000000
19350.000000,41671.000000,45527.000000,22644.000000
19315.000000,41639.000000,45480.000000,22640.000000
19302.000000,41638.000000,45464.000000,22622.000000
19311.000000,41638.000000,45476.000000,22594.000000
19260.000000,41606.000000,45447.000000,22597.000000
19237.000000,41581.000000,45451.000000,22593.000000
19225.000000,41534.000000,45445.000000,22583.000000
19178.000000,41554.000000,45404.000000,22598.000000
19235.000000,41509.000000,45399.000000,22568.000000
19185.000000,41551.000000,45395.000000,22587.000000
19176.000000,41465.000000,45397.000000,22581.000000
19140.000000,41520.000000,45370.000000,22590.000000
19166.000000,41438.000000,45382.000000,22558.000000
19099.000000,41423.000000,45342.000000,22552.000000
19096.000000,41396.000000,45341.000000,22539.000000
19073.000000,41369.000000,45296.000000,22533.000000
19038.000000,41376.000000,45329.000000,22532.000000
19059.000000,41348.000000,45301.000000,22548.000000
19044.000000,41348.000000,45337.000000,22542.000000
18983.000000,41298.000000,45276.000000,22492.000000
18950.000000,41263.000000,45238.000000,22503.000000
18909.000000,41244.000000,45245.000000,22479.000000
18927.000000,41253.000000,45222.000000,22498.000000
18864.000000,41211.000000,45213.000000,22472.000000
18857.000000,41168.000000,45200.000000,22470.000000
18851.000000,41154.000000,45186.000000,22444.000000
18864.000000,41142.000000,45162.000000,22455.000000
18829.000000,41122.000000,45179.000000,22436.000000
18864.000000,41112.000000,45163.000000,22409.000000
18757.000000,41090.000000,45147.000000,22408.000000
18790.000000,41065.000000,45141.000000,22424.000000
18712.000000,41029.000000,45129.000000,22398.000000
18756.000000,41004.000000,45119.000000,22400.000000
18716.000000,41012.000000,45112.000000,22375.000000
18735.000000,40998.000000,45095.000000,22382.000000
18672.000000,40992.000000,45101.000000,22365.000000
18639.000000,40918.000000,45061.000000,22378.000000
18641.000000,40966.000000,45052.000000,22363.000000
18605.000000,40917.000000,45044.000000,22347.000000
18585.000000,40918.000000,45027.000000,22353.000000
18575.000000,40859.000000,45016.000000,22328.000000
18519.000000,40840.000000,44999.000000,22336.000000
18532.000000,40808.000000,45009.000000,22323.000000
18536.000000,40842.000000,45004.000000,22338.000000
18490.000000,40795.000000,45019.000000,22343.000000
18499.000000,40782.000000,44971.000000,22323.000000
18459.000000,40750.000000,44962.000000,22320.000000
18468.000000,40752.000000,44965.000000,22323.000000
18420.000000,40761.000000,44958.000000,22292.000000
18436.000000,40738.000000,44940.000000,22306.000000
18457.000000,40741.000000,44946.000000,22311.000000
18444.000000,40708.000000,44938.000000,22287.000000
18395.000000,40699.000000,44960.000000,22299.000000
18392.000000,40688.000000,44929.000000,22315.000000
18390.000000,40672.000000,44944.000000,22292.000000
18337.000000,40609.000000,44880.000000,22291.000000
18282.000000,40647.000000,44875.000000,22277.000000
18305.000000,40612.000000,44849.000000,22289.000000
18246.000000,40569.000000,44835.000000,22280.000000
18235.000000,40534.000000,44812.000000,22267.000000
18181.000000,40503.000000,44776.000000,22276.000000
18151.000000,40457.000000,44791.000000,22288.000000
18151.000000,40479.000000,44763.000000,22251.000000
18125.000000,40412.000000,44735.000000,22216.000000
18047.000000,40419.000000,44737.000000,22213.000000
18084.000000,40395.000000,44733.000000,22229.000000
18065.000000,40380.000000,44729.000000,22202.000000
18059.000000,40365.000000,44721.000000,22191.000000
18054.000000,40375.000000,44687.000000,22190.000000
18047.000000,40351.000000,44719.000000,22232.000000
18062.000000,40356.000000,44713.000000,22204.000000
18054.000000,40359.000000,44732.000000,22184.000000
18074.000000,40401.000000,44714.000000,22182.000000
18085.000000,40407.000000,44746.000000,22218.000000
18133.000000,40406.000000,44756.000000,22235.000000
18102.000000,40462.000000,44792.000000,22195.000000
18198.000000,40450.000000,44773.000000,22226.000000
18191.000000,40500.000000,44795.000000,22244.000000
18246.000000,40529.000000,44834.000000,22237.000000
18257.000000,40549.000000,44858.000000,22241.000000
18301.000000,40599.000000,44878.000000,22271.000000
18323.000000,40647.000000,44897.000000,22250.000000
18474.000000,40771.000000,44949.000000,22301.000000
18499.000000,40812.000000,44987.000000,22302.000000
18553.000000,40868.000000,44990.000000,22326.000000
18584.000000,40920.000000,45045.000000,22313.000000
18657.000000,40958.000000,45083.000000,22328.000000
18686.000000,41008.000000,45089.000000,22339.000000
18728.000000,41052.000000,45109.000000,22362.000000
18783.000000,41163.000000,45161.000000,22350.000000
18812.000000,41134.000000,45180.000000,22407.000000
18880.000000,41250.000000,45230.000000,22404.000000
18928.000000,41288.000000,45266.000000,22400.000000
18977.000000,41316.000000,45273.000000,22428.000000
19135.000000,41536.000000,45418.000000,22484.000000
19203.000000,41567.000000,45452.000000,22509.000000
19259.000000,41662.000000,45438.000000,22508.000000
19327.000000,41707.000000,45470.000000,22544.000000
19379.000000,41753.000000,45532.000000,22548.000000
19542.000000,41938.000000,45642.000000,22646.000000
19638.000000,42016.000000,45680.000000,22626.000000
19669.000000,42042.000000,45681.000000,22636.000000
19673.000000,42072.000000,45716.000000,22660.000000
19689.000000,42080.000000,45785.000000,22676.000000
19739.000000,42161.000000,45759.000000,22706.000000
19749.000000,42153.000000,45777.000000,22699.000000
19722.000000,42156.000000,45800.000000,22704.000000
19753.000000,42141.000000,45784.000000,22684.000000
19711.000000,42125.000000,45756.000000,22701.000000
19704.000000,42124.000000,45743.000000,22688.000000
19659.000000,42089.000000,45709.000000,22643.000000
19646.000000,42035.000000,45721.000000,22683.000000
19613.000000,42093.000000,45721.000000,22677.000000
19628.000000,42071.000000,45703.000000,22658.000000
19632.000000,42030.000000,45709.000000,22644.000000
19582.000000,42025.000000,45733.000000,22641.000000
19597.000000,42030.000000,45665.000000,22685.000000
19579.000000,42003.000000,45716.000000,22661.000000
19577.000000,42007.000000,45712.000000,22699.000000
19575.000000,42048.000000,45700.000000,22692.000000
19576.000000,42006.000000,45688.000000,22692.000000
19585.000000,42006.000000,45701.000000,22708.000000
19573.000000,42010.000000,45666.000000,22689.000000
19535.000000,42017.000000,45670.000000,22697.000000
19601.000000,41989.000000,45679.000000,22691.000000
19502.000000,41981.000000,45670.000000,22707.000000
19552.000000,41943.000000,45658.000000,22697.000000
19512.000000,41968.000000,45657.000000,22680.000000
19496.000000,41929.000000,45649.000000,22682.000000
19494.000000,41919.000000,45633.000000,22659.000000
19464.000000,41866.000000,45600.000000,22642.000000
19446.000000,41909.000000,45616.000000,22677.000000
19434.000000,41868.000000,45592.000000,22658.000000
19478.000000,41893.000000,45589.000000,22652.000000
19436.000000,41858.000000,45618.000000,22645.000000
19425.000000,41882.000000,45632.000000,22678.000000
19420.000000,41875.000000,45628.000000,22668.000000
19445.000000,41867.000000,45562.000000,22658.000000
19404.000000,41875.000000,45596.000000,22651.000000
19423.000000,41860.000000,45601.000000,22635.000000
19426.000000,41844.000000,45588.000000,22654.000000
19407.000000,41849.000000,45584.000000,22648.000000
19364.000000,41840.000000,45578.000000,22598.000000
19360.000000,41783.000000,45592.000000,22597.000000
19364.000000,41819.000000,45576.000000,22576.000000
19315.000000,41796.000000,45542.000000,22588.000000
19311.000000,41752.000000,45553.000000,22566.000000
19296.000000,41738.000000,45508.000000,22559.000000
19238.000000,41688.000000,45527.000000,22540.000000
19227.000000,41667.000000,45468.000000,22523.000000
19192.000000,41696.000000,45487.000000,22519.000000
19174.000000,41643.000000,45472.000000,22540.000000
19161.000000,41680.000000,45482.000000,22531.000000
19174.000000,41616.000000,45456.000000,22512.000000
19140.000000,41635.000000,45459.000000,22510.000000
19123.000000,41610.000000,45465.000000,22511.000000
19111.000000,41621.000000,45439.000000,22505.000000
19118.000000,41595.000000,45440.000000,22504.000000
19101.000000,41557.000000,45431.000000,22484.000000
19074.000000,41582.000000,45424.000000,22491.000000
19056.000000,41558.000000,45387.000000,22505.000000
19044.000000,41597.000000,45388.000000,22489.000000
19035.000000,41540.000000,45391.000000,22474.000000
19033.000000,41544.000000,45388.000000,22481.000000
19010.000000,41512.000000,45381.000000,22494.000000
19015.000000,41495.000000,45384.000000,22460.000000
19011.000000,41484.000000,45373.000000,22466.000000
18991.000000,41479.000000,45372.000000,22477.000000
18956.000000,41504.000000,45346.000000,22469.000000
18971.000000,41489.000000,45336.000000,22472.000000
18991.000000,41498.000000,45344.000000,22487.000000
19008.000000,41474.000000,45369.000000,22449.000000
18951.000000,41415.000000,45339.000000,22421.000000
18916.000000,41419.000000,45322.000000,22423.000000
18923.000000,41433.000000,45316.000000,22395.000000
18889.000000,41374.000000,45320.000000,22435.000000
18882.000000,41385.000000,45294.000000,22404.000000
18898.000000,41363.000000,45327.000000,22389.000000
18884.000000,41348.000000,45261.000000,22403.000000
18854.000000,41350.000000,45297.000000,22375.000000
18839.000000,41327.000000,45268.000000,22370.000000
18819.000000,41332.000000,45266.000000,22353.000000
18800.000000,41283.000000,45240.000000,22366.000000
18784.000000,41316.000000,45238.000000,22370.000000
18828.000000,41287.000000,45255.000000,22372.000000
18770.000000,41221.000000,45207.000000,22336.000000
18738.000000,41213.000000,45204.000000,22337.000000
18777.000000,41236.000000,45230.000000,22338.000000
18741.000000,41188.000000,45226.000000,22355.000000
18801.000000,41189.000000,45168.000000,22354.000000
18763.000000,41215.000000,45221.000000,22317.000000
18751.000000,41168.000000,45177.000000,22364.000000
18730.000000,41186.000000,45173.000000,22379.000000
18728.000000,41159.000000,45180.000000,22345.000000
18765.000000,41167.000000,45161.000000,22385.000000
18761.000000,41186.000000,45184.000000,22379.000000
18777.000000,41164.000000,45175.000000,22390.000000
18776.000000,41202.000000,45179.000000,22417.000000
18781.000000,41173.000000,45170.000000,22438.000000
18781.000000,41201.000000,45174.000000,22433.000000
18747.000000,41140.000000,45197.000000,22445.000000
18680.000000,41141.000000,45161.000000,22404.000000
18644.000000,41085.000000,45144.000000,22417.000000
18648.000000,41094.000000,45099.000000,22384.000000
18595.000000,41050.000000,45123.000000,22402.000000
18584.000000,41032.000000,45087.000000,22391.000000
18563.000000,41031.000000,45074.000000,22413.000000
18511.000000,40963.000000,45047.000000,22378.000000
18489.000000,40972.000000,45078.000000,22393.000000
18462.000000,40933.000000,45033.000000,22353.000000
18440.000000,40950.000000,45016.000000,22337.000000
18417.000000,40881.000000,44990.000000,22343.000000
18411.000000,40901.000000,44998.000000,22354.000000
18375.000000,40861.000000,44978.000000,22358.000000
18364.000000,40832.000000,44992.000000,22368.000000
18298.000000,40857.000000,44962.000000,22314.000000
18287.000000,40810.000000,44955.000000,22363.000000
18258.000000,40793.000000,44932.000000,22322.000000
18210.000000,40797.000000,44936.000000,22319.000000
18211.000000,40773.000000,44910.000000,22321.000000
18159.000000,40693.000000,44861.000000,22281.000000
18128.000000,40688.000000,44846.000000,22269.000000
18058.000000,40659.000000,44848.000000,22279.000000
18064.000000,40619.000000,44814.000000,22254.000000
18030.000000,40615.000000,44845.000000,22214.000000
17999.000000,40571.000000,44823.000000,22237.000000
18002.000000,40593.000000,44803.000000,22230.000000
17977.000000,40572.000000,44814.000000,22211.000000
17973.000000,40603.000000,44809.000000,22199.000000
17958.000000,40598.000000,44815.000000,22214.000000
18044.000000,40589.000000,44806.000000,22214.000000
18012.000000,40660.000000,44862.000000,22212.000000
18037.000000,40640.000000,44873.000000,22229.000000
18056.000000,40725.000000,44849.000000,22211.000000
18120.000000,40793.000000,44929.000000,22233.000000
18183.000000,40814.000000,44939.000000,22243.000000
18190.000000,40863.000000,44981.000000,22250.000000
18254.000000,40900.000000,44979.000000,22285.000000
18262.000000,40958.000000,45021.000000,22282.000000
18297.000000,40973.000000,45050.000000,22292.000000
18348.000000,41028.000000,45043.000000,22267.000000
18373.000000,41056.000000,45081.000000,22306.000000
18404.000000,41106.000000,45081.000000,22304.000000
18477.000000,41140.000000,45117.000000,22304.000000
18558.000000,41206.000000,45158.000000,22351.000000
18604.000000,41285.000000,45212.000000,22361.000000
18699.000000,41332.000000,45241.000000,22399.000000
18829.000000,41504.000000,45312.000000,22417.000000
18883.000000,41542.000000,45344.000000,22449.000000
18926.000000,41614.000000,45369.000000,22418.000000
18920.000000,41612.000000,45416.000000,22420.000000
19007.000000,41706.000000,45434.000000,22448.000000
19117.000000,41847.000000,45526.000000,22480.000000
19166.000000,41908.000000,45535.000000,22505.000000
19210.000000,41973.000000,45629.000000,22533.000000
19271.000000,42059.000000,45644.000000,22575.000000
19325.000000,42143.000000,45655.000000,22604.000000
19428.000000,42177.000000,45738.000000,22604.000000
19470.000000,42285.000000,45770.000000,22643.000000
19551.000000,42325.000000,45801.000000,22638.000000
19665.000000,42477.000000,45898.000000,22691.000000
19726.000000,42553.000000,45925.000000,22733.000000
19735.000000,42592.000000,45969.000000,22717.000000
19801.000000,42679.000000,45996.000000,22736.000000
19833.000000,42707.000000,45995.000000,22744.000000
19821.000000,42687.000000,46031.000000,22700.000000
19811.000000,42701.000000,46026.000000,22721.000000
19781.000000,42698.000000,45995.000000,22697.000000
19786.000000,42683.000000,45971.000000,22720.000000
19760.000000,42677.000000,45993.000000,22678.000000
19741.000000,42657.000000,45973.000000,22697.000000
19722.000000,42624.000000,45978.000000,22666.000000
19700.000000,42624.000000,45980.000000,22663.000000
19733.000000,42650.000000,45939.000000,22645.000000
19696.000000,42615.000000,45990.000000,22677.000000
19736.000000,42636.000000,45967.000000,22665.000000
19702.000000,42627.000000,45964.000000,22669.000000
19745.000000,42640.000000,45973.000000,22672.000000
19696.000000,42625.000000,45970.000000,22647.000000
19741.000000,42627.000000,45950.000000,22672.000000
19701.000000,42650.000000,45988.000000,22662.000000
19768.000000,42638.000000,45974.000000,22686.000000
19736.000000,42660.000000,45932.000000,22667.000000
19745.000000,42620.000000,45989.000000,22692.000000
19782.000000,42642.000000,45942.000000,22668.000000
19756.000000,42620.000000,45982.000000,22698.000000
19741.000000,42632.000000,45983.000000,22684.000000
19767.000000,42630.000000,45973.000000,22727.000000
19754.000000,42643.000000,45937.000000,22699.000000
19665.000000,42569.000000,45923.000000,22677.000000
19657.000000,42558.000000,45917.000000,22668.000000
19638.000000,42527.000000,45927.000000,22656.000000
19600.000000,42549.000000,45882.000000,22625.000000
19560.000000,42516.000000,45896.000000,22652.000000
19592.000000,42505.000000,45881.000000,22645.000000
19534.000000,42500.000000,45846.000000,22639.000000
19522.000000,42470.000000,45866.000000,22608.000000
19472.000000,42463.000000,45830.000000,22613.000000
19428.000000,42387.000000,45800.000000,22605.000000
19431.000000,42411.000000,45800.000000,22593.000000
19419.000000,42365.000000,45797.000000,22606.000000
19408.000000,42365.000000,45773.000000,22585.000000
19386.000000,42333.000000,45769.000000,22595.000000
19324.000000,42301.000000,45770.000000,22584.000000
19346.000000,42293.000000,45755.000000,22595.000000
19329.000000,42290.000000,45735.000000,22566.000000
19288.000000,42244.000000,45737.000000,22567.000000
19288.000000,42246.000000,45701.000000,22575.000000
19266.000000,42230.000000,45690.000000,22561.000000
19265.000000,42200.000000,45679.000000,22536.000000
19212.000000,42192.000000,45722.000000,22556.000000
19256.000000,42173.000000,45681.000000,22552.000000
19197.000000,42153.000000,45671.000000,22543.000000
19167.000000,42102.000000,45648.000000,22540.000000
19164.000000,42135.000000,45665.000000,22529.000000
19178.000000,42071.000000,45605.000000,22548.000000
19144.000000,42056.000000,45605.000000,22530.000000
19108.000000,42068.000000,45612.000000,22551.000000
19138.000000,42028.000000,45610.000000,22533.000000
19104.000000,42003.000000,45597.000000,22543.000000
19111.000000,41996.000000,45565.000000,22549.000000
19091.000000,41978.000000,45604.000000,22501.000000
19088.000000,41969.000000,45573.000000,22520.000000
18997.000000,41920.000000,45515.000000,22519.000000
18986.000000,41878.000000,45506.000000,22495.000000
19002.000000,41894.000000,45488.000000,22498.000000
18972.000000,41841.000000,45488.000000,22504.000000
18931.000000,41873.000000,45471.000000,22502.000000
18959.000000,41810.000000,45475.000000,22506.000000
18929.000000,41779.000000,45449.000000,22486.000000
18935.000000,41770.000000,45444.000000,22510.000000
18897.000000,41752.000000,45430.000000,22513.000000
18891.000000,41753.000000,45424.000000,22481.000000
18895.000000,41750.000000,45420.000000,22473.000000
18864.000000,41750.000000,45407.000000,22479.000000
18810.000000,41677.000000,45381.000000,22474.000000
18803.000000,41630.000000,45363.000000,22470.000000
18776.000000,41620.000000,45367.000000,22474.000000
18756.000000,41607.000000,45324.000000,22428.000000
18736.000000,41579.000000,45333.000000,22454.000000
18755.000000,41575.000000,45338.000000,22458.000000
18648.000000,41491.000000,45302.000000,22422.000000
18693.000000,41483.000000,45278.000000,22416.000000
18633.000000,41462.000000,45260.000000,22387.000000
18628.000000,41426.000000,45224.000000,22398.000000
18598.000000,41422.000000,45251.000000,22408.000000
18595.000000,41407.000000,45214.000000,22404.000000
18566.000000,41412.000000,45226.000000,22390.000000
18600.000000,41366.000000,45229.000000,22428.000000
18529.000000,41381.000000,45194.000000,22367.000000
18599.000000,41357.000000,45186.000000,22379.000000
18553.000000,41358.000000,45215.000000,22402.000000
18548.000000,41288.000000,45162.000000,22388.000000
18529.000000,41321.000000,45167.000000,22378.000000
18555.000000,41337.000000,45180.000000,22377.000000
18509.000000,41240.000000,45143.000000,22366.000000
18443.000000,41275.000000,45128.000000,22362.000000
18469.000000,41236.000000,45106.000000,22357.000000
18466.000000,41224.000000,45112.000000,22352.000000
18439.000000,41220.000000,45108.000000,22357.000000
18438.000000,41197.000000,45080.000000,22346.000000
18421.000000,41206.000000,45070.000000,22333.000000
18402.000000,41152.000000,45074.000000,22342.000000
18361.000000,41146.000000,45056.000000,22322.000000
18375.000000,41163.000000,45054.000000,22337.000000
18342.000000,41114.000000,45058.000000,22317.000000
18349.000000,41097.000000,45019.000000,22310.000000
18318.000000,41050.000000,45043.000000,22315.000000
18290.000000,41046.000000,45002.000000,22324.000000
18305.000000,41065.000000,45035.000000,22325.000000
18293.000000,41021.000000,45005.000000,22324.000000
18281.000000,41028.000000,45009.000000,22289.000000
18293.000000,41007.000000,44982.000000,22303.000000
18304.000000,41013.000000,45010.000000,22294.000000
18269.000000,41010.000000,45000.000000,22315.000000
18312.000000,41041.000000,44987.000000,22297.000000
18289.000000,41055.000000,44981.000000,22318.000000
18286.000000,41049.000000,45010.000000,22293.000000
18307.000000,41098.000000,45022.000000,22307.000000
18324.000000,41077.000000,45015.000000,22329.000000
18364.000000,41102.000000,45054.000000,22315.000000
18382.000000,41133.000000,45041.000000,22312.000000
18419.000000,41163.000000,45074.000000,22299.000000
18404.000000,41180.000000,45087.000000,22348.000000
18448.000000,41230.000000,45102.000000,22339.000000
18477.000000,41235.000000,45136.000000,22356.000000
18540.000000,41262.000000,45116.000000,22350.000000
18552.000000,41336.000000,45177.000000,22356.000000
18579.000000,41355.000000,45157.000000,22381.000000
18600.000000,41428.000000,45201.000000,22401.000000
18663.000000,41413.000000,45215.000000,22418.000000
18669.000000,41474.000000,45259.000000,22391.000000
18735.000000,41487.000000,45253.000000,22433.000000
18856.000000,41645.000000,45359.000000,22472.000000
18907.000000,41717.000000,45391.000000,22489.000000
18951.000000,41759.000000,45397.000000,22473.000000
18976.000000,41774.000000,45437.000000,22489.000000
19013.000000,41825.000000,45452.000000,22505.000000
19061.000000,41885.000000,45524.000000,22505.000000
19116.000000,41959.000000,45520.000000,22517.000000
19253.000000,42079.000000,45594.000000,22533.000000
19288.000000,42104.000000,45627.000000,22580.000000
19325.000000,42187.000000,45668.000000,22607.000000
19433.000000,42320.000000,45752.000000,22631.000000
19523.000000,42353.000000,45773.000000,22630.000000
19552.000000,42428.000000,45822.000000,22621.000000
19586.000000,42493.000000,45848.000000,22670.000000
19609.000000,42577.000000,45858.000000,22679.000000
19648.000000,42584.000000,45929.000000,22699.000000
19728.000000,42631.000000,45939.000000,22709.000000
19775.000000,42698.000000,45936.000000,22724.000000
19762.000000,42725.000000,45983.000000,22700.000000
19778.000000,42731.000000,45999.000000,22740.000000
19786.000000,42757.000000,45990.000000,22737.000000
19790.000000,42781.000000,45991.000000,22758.000000
19759.000000,42739.000000,45978.000000,22723.000000
19739.000000,42745.000000,45961.000000,22745.000000
19751.000000,42721.000000,45952.000000,22696.000000
19705.000000,42667.000000,45951.000000,22713.000000
19698.000000,42659.000000,45949.000000,22705.000000
19669.000000,42654.000000,45976.000000,22693.000000
19684.000000,42635.000000,45946.000000,22708.000000
19648.000000,42658.000000,45911.000000,22689.000000
19603.000000,42577.000000,45921.000000,22660.000000
19567.000000,42537.000000,45894.000000,22657.000000
19550.000000,42518.000000,45880.000000,22644.000000
19562.000000,42503.000000,45867.000000,22662.000000
19530.000000,42503.000000,45851.000000,22639.000000
19530.000000,42511.000000,45846.000000,22609.000000
19484.000000,42466.000000,45824.000000,22618.000000
19495.000000,42443.000000,45814.000000,22647.000000
19458.000000,42439.000000,45809.000000,22588.000000
19393.000000,42349.000000,45758.000000,22597.000000
19409.000000,42349.000000,45733.000000,22586.000000
19367.000000,42350.000000,45766.000000,22588.000000
19357.000000,42280.000000,45727.000000,22607.000000
19312.000000,42236.000000,45743.000000,22603.000000
19324.000000,42238.000000,45713.000000,22597.000000
19264.000000,42258.000000,45704.000000,22582.000000
19261.000000,42225.000000,45678.000000,22559.000000
19252.000000,42210.000000,45669.000000,22559.000000
19252.000000,42182.000000,45662.000000,22584.000000
19247.000000,42219.000000,45647.000000,22566.000000
19179.000000,42134.000000,45643.000000,22571.000000
19183.000000,42139.000000,45643.000000,22575.000000
19157.000000,42108.000000,45647.000000,22577.000000
19190.000000,42114.000000,45616.000000,22558.000000
19153.000000,42084.000000,45635.000000,22550.000000
19184.000000,42071.000000,45590.000000,22556.000000
19137.000000,42066.000000,45610.000000,22554.000000
19168.000000,42082.000000,45559.000000,22564.000000
19134.000000,42065.000000,45554.000000,22560.000000
19148.000000,42017.000000,45614.000000,22553.000000
19107.000000,42007.000000,45545.000000,22540.000000
19069.000000,41982.000000,45551.000000,22546.000000
19074.000000,41960.000000,45525.000000,22544.000000
19050.000000,41954.000000,45522.000000,22529.000000
19062.000000,41956.000000,45510.000000,22555.000000
19038.000000,41966.000000,45512.000000,22518.000000
19049.000000,41951.000000,45498.000000,22534.000000
19044.000000,41954.000000,45528.000000,22523.000000
19042.000000,41949.000000,45523.000000,22545.000000
19056.000000,41941.000000,45525.000000,22546.000000
19047.000000,41926.000000,45523.000000,22554.000000
19075.000000,41954.000000,45514.000000,22563.000000
19026.000000,41944.000000,45548.000000,22560.000000
19080.000000,41930.000000,45531.000000,22581.000000
19084.000000,41907.000000,45543.000000,22568.000000
19080.000000,41867.000000,45539.000000,22579.000000
19072.000000,41987.000000,45524.000000,22566.000000
19053.000000,41909.000000,45494.000000,22590.000000
19082.000000,41927.000000,45538.000000,22562.000000
19078.000000,41903.000000,45514.000000,22574.000000
19061.000000,41907.000000,45509.000000,22575.000000
19040.000000,41906.000000,45494.000000,22596.000000
19037.000000,41862.000000,45492.000000,22585.000000
18997.000000,41871.000000,45489.000000,22562.000000
18980.000000,41812.000000,45462.000000,22564.000000
18980.000000,41837.000000,45453.000000,22541.000000
18943.000000,41806.000000,45447.000000,22564.000000
18976.000000,41784.000000,45443.000000,22550.000000
18904.000000,41799.000000,45449.000000,22548.000000
18917.000000,41772.000000,45426.000000,22525.000000
18903.000000,41781.000000,45424.000000,22533.000000
18897.000000,41750.000000,45402.000000,22513.000000
18900.000000,41753.000000,45404.000000,22525.000000
18854.000000,41709.000000,45413.000000,22526.000000
18829.000000,41707.000000,45414.000000,22496.000000
18807.000000,41665.000000,45368.000000,22508.000000
18827.000000,41705.000000,45382.000000,22502.000000
18765.000000,41635.000000,45340.000000,22475.000000
18757.000000,41631.000000,45342.000000,22484.000000
18771.000000,41600.000000,45361.000000,22479.000000
18771.000000,41635.000000,45324.000000,22481.000000
18758.000000,41602.000000,45339.000000,22456.000000
18761.000000,41604.000000,45333.000000,22478.000000
18748.000000,41606.000000,45303.000000,22443.000000
18791.000000,41549.000000,45336.000000,22470.000000
18716.000000,41600.000000,45318.000000,22473.000000
18738.000000,41577.000000,45342.000000,22458.000000
18760.000000,41584.000000,45289.000000,22466.000000
18729.000000,41595.000000,45305.000000,22451.000000
18748.000000,41606.000000,45311.000000,22473.000000
18726.000000,41575.000000,45329.000000,22455.000000
18710.000000,41569.000000,45296.000000,22454.000000
18715.000000,41525.000000,45298.000000,22452.000000
18717.000000,41538.000000,45276.000000,22448.000000
18702.000000,41532.000000,45298.000000,22441.000000
18694.000000,41515.000000,45289.000000,22453.000000
18663.000000,41529.000000,45261.000000,22439.000000
18695.000000,41465.000000,45270.000000,22456.000000
18670.000000,41487.000000,45260.000000,22420.000000
18644.000000,41498.000000,45271.000000,22429.000000
18655.000000,41508.000000,45263.000000,22424.000000
18666.000000,41464.000000,45243.000000,22426.000000
18649.000000,41469.000000,45233.000000,22424.000000
18612.000000,41484.000000,45248.000000,22420.000000
18625.000000,41457.000000,45253.000000,22399.000000
18580.000000,41430.000000,45254.000000,22420.000000
18611.000000,41435.000000,45221.000000,22378.000000
18583.000000,41434.000000,45199.000000,22412.000000
18556.000000,41378.000000,45207.000000,22402.000000
18511.000000,41380.000000,45226.000000,22379.000000
18517.000000,41388.000000,45204.000000,22369.000000
18540.000000,41387.000000,45221.000000,22384.000000
18534.000000,41428.000000,45236.000000,22357.000000
18569.000000,41413.000000,45223.000000,22390.000000
18556.000000,41463.000000,45216.000000,22391.000000
18585.000000,41489.000000,45229.000000,22369.000000
18611.000000,41513.000000,45249.000000,22373.000000
18617.000000,41526.000000,45282.000000,22400.000000
18625.000000,41527.000000,45278.000000,22394.000000
18693.000000,41557.000000,45270.000000,22387.000000
18688.000000,41576.000000,45298.000000,22406.000000
18732.000000,41673.000000,45383.000000,22394.000000
18785.000000,41683.000000,45360.000000,22423.000000
18817.000000,41731.000000,45390.000000,22432.000000
18850.000000,41736.000000,45423.000000,22432.000000
18895.000000,41778.000000,45458.000000,22448.000000
18905.000000,41818.000000,45464.000000,22443.000000
18950.000000,41881.000000,45472.000000,22448.000000
18941.000000,41889.000000,45492.000000,22477.000000
19012.000000,41963.000000,45518.000000,22478.000000
19038.000000,41973.000000,45546.000000,22494.000000
19093.000000,42050.000000,45559.000000,22491.000000
19192.000000,42138.000000,45667.000000,22508.000000
19245.000000,42210.000000,45668.000000,22545.000000
19267.000000,42243.000000,45705.000000,22547.000000
19316.000000,42253.000000,45717.000000,22579.000000
19319.000000,42319.000000,45754.000000,22553.000000
19453.000000,42417.000000,45821.000000,22587.000000
19494.000000,42445.000000,45829.000000,22606.000000
19488.000000,42516.000000,45859.000000,22603.000000
19572.000000,42512.000000,45873.000000,22642.000000
19577.000000,42615.000000,45920.000000,22629.000000
19616.000000,42639.000000,45923.000000,22645.000000
19690.000000,42700.000000,45955.000000,22659.000000
19696.000000,42725.000000,45958.000000,22688.000000
19753.000000,42761.000000,45993.000000,22666.000000
19779.000000,42795.000000,46030.000000,22686.000000
19849.000000,42859.000000,46075.000000,22710.000000
19865.000000,42939.000000,46117.000000,22742.000000
19927.000000,42976.000000,46114.000000,22721.000000
20010.000000,43098.000000,46180.000000,22761.000000
19984.000000,43092.000000,46182.000000,22792.000000
20038.000000,43121.000000,46219.000000,22768.000000
19986.000000,43112.000000,46218.000000,22777.000000
19998.000000,43121.000000,46195.000000,22776.000000
20033.000000,43109.000000,46223.000000,22745.000000
19985.000000,43058.000000,46192.000000,22753.000000
19977.000000,43078.000000,46183.000000,22772.000000
19960.000000,43053.000000,46188.000000,22739.000000
20001.000000,43034.000000,46155.000000,22743.000000
19968.000000,43040.000000,46159.000000,22759.000000
19929.000000,42986.000000,46156.000000,22750.000000
19948.000000,43008.000000,46164.000000,22736.000000
19913.000000,42971.000000,46122.000000,22712.000000
19896.000000,42926.000000,46106.000000,22740.000000
19895.000000,42962.000000,46096.000000,22722.000000
19845.000000,42889.000000,46116.000000,22726.000000
19848.000000,42925.000000,46082.000000,22720.000000
19860.000000,42888.000000,46094.000000,22709.000000
19857.000000,42876.000000,46070.000000,22713.000000
19828.000000,42849.000000,46069.000000,22714.000000
19839.000000,42852.000000,46051.000000,22703.000000
19795.000000,42848.000000,46036.000000,22693.000000
19802.000000,42814.000000,46031.000000,22697.000000
19775.000000,42826.000000,46034.000000,22715.000000
19760.000000,42816.000000,46042.000000,22702.000000
19765.000000,42778.000000,46011.000000,22722.000000
19721.000000,42762.000000,46030.000000,22706.000000
19745.000000,42763.000000,45999.000000,22653.000000
19713.000000,42775.000000,45992.000000,22699.000000
19733.000000,42727.000000,45977.000000,22681.000000
19684.000000,42755.000000,45981.000000,22686.000000
19687.000000,42688.000000,45988.000000,22708.000000
19689.000000,42710.000000,45950.000000,22676.000000
19660.000000,42685.000000,45947.000000,22678.000000
19648.000000,42655.000000,45954.000000,22688.000000
19631.000000,42679.000000,45939.000000,22687.000000
19657.000000,42625.000000,45927.000000,22654.000000
19635.000000,42647.000000,45939.000000,22675.000000
19644.000000,42628.000000,45940.000000,22680.000000
19650.000000,42636.000000,45940.000000,22674.000000
19571.000000,42624.000000,45921.000000,22684.000000
19621.000000,42614.000000,45917.000000,22681.000000
19623.000000,42624.000000,45908.000000,22689.000000
19592.000000,42579.000000,45939.000000,22657.000000
19615.000000,42571.000000,45894.000000,22673.000000
19615.000000,42571.000000,45897.000000,22650.000000
19586.000000,42550.000000,45886.000000,22656.000000
19602.000000,42565.000000,45859.000000,22646.000000
19563.000000,42572.000000,45916.000000,22672.000000
19586.000000,42519.000000,45859.000000,22658.000000
19586.000000,42516.000000,45874.000000,22662.000000
19576.000000,42519.000000,45865.000000,22669.000000
19552.000000,42500.000000,45855.000000,22653.000000
19555.000000,42512.000000,45833.000000,22667.000000
19538.000000,42488.000000,45875.000000,22636.000000
19532.000000,42489.000000,45859.000000,22660.000000
19543.000000,42462.000000,45840.000000,22671.000000
19514.000000,42471.000000,45821.000000,22638.000000
19456.000000,42407.000000,45795.000000,22636.000000
19421.000000,42436.000000,45774.000000,22593.000000
19412.000000,42382.000000,45759.000000,22627.000000
19388.000000,42362.000000,45771.000000,22626.000000
19363.000000,42324.000000,45748.000000,22608.000000
19329.000000,42324.000000,45728.000000,22624.000000
19287.000000,42308.000000,45719.000000,22599.000000
19273.000000,42269.000000,45702.000000,22590.000000
19227.000000,42229.000000,45691.000000,22550.000000
19210.000000,42224.000000,45689.000000,22563.000000
19224.000000,42192.000000,45688.000000,22553.000000
19212.000000,42186.000000,45677.000000,22543.000000
19195.000000,42162.000000,45658.000000,22510.000000
19180.000000,42169.000000,45656.000000,22529.000000
19195.000000,42153.000000,45641.000000,22532.000000
19154.000000,42126.000000,45616.000000,22540.000000
19116.000000,42125.000000,45634.000000,22520.000000
19138.000000,42095.000000,45624.000000,22533.000000
19120.000000,42116.000000,45630.000000,22519.000000
19114.000000,42080.000000,45624.000000,22531.000000
19119.000000,42049.000000,45587.000000,22506.000000
19070.000000,42039.000000,45607.000000,22490.000000
19070.000000,42050.000000,45596.000000,22490.000000
19054.000000,42014.000000,45570.000000,22503.000000
19068.000000,42020.000000,45566.000000,22492.000000
19045.000000,42000.000000,45584.000000,22475.000000
19020.000000,42007.000000,45582.000000,22497.000000
19026.000000,41994.000000,45561.000000,22496.000000
19016.000000,41984.000000,45554.000000,22478.000000
18998.000000,41960.000000,45544.000000,22473.000000
19003.000000,41942.000000,45528.000000,22487.000000
19045.000000,41949.000000,45496.000000,22454.000000
18962.000000,41927.000000,45506.000000,22462.000000
18980.000000,41928.000000,45509.000000,22470.000000
18939.000000,41915.000000,45493.000000,22467.000000
18963.000000,41886.000000,45503.000000,22466.000000
18989.000000,41909.000000,45512.000000,22450.000000
18914.000000,41886.000000,45520.000000,22423.000000
18959.000000,41879.000000,45495.000000,22444.000000
18919.000000,41897.000000,45487.000000,22444.000000
18939.000000,41861.000000,45493.000000,22456.000000
18907.000000,41886.000000,45491.000000,22420.000000
18904.000000,41854.000000,45451.000000,22406.000000
18926.000000,41836.000000,45487.000000,22414.000000
18876.000000,41863.000000,45502.000000,22430.000000
18885.000000,41833.000000,45484.000000,22417.000000
18831.000000,41803.000000,45452.000000,22366.000000
18809.000000,41757.000000,45429.000000,22366.000000
18807.000000,41749.000000,45429.000000,22360.000000
18722.000000,41714.000000,45422.000000,22345.000000
18747.000000,41696.000000,45402.000000,22349.000000
18711.000000,41700.000000,45418.000000,22356.000000
18720.000000,41690.000000,45424.000000,22315.000000
18721.000000,41709.000000,45387.000000,22324.000000
18715.000000,41688.000000,45402.000000,22336.000000
18735.000000,41653.000000,45411.000000,22366.000000
18736.000000,41696.000000,45404.000000,22324.000000
18727.000000,41700.000000,45408.000000,22330.000000
18760.000000,41712.000000,45420.000000,22318.000000
18761.000000,41719.000000,45397.000000,22314.000000
18775.000000,41717.000000,45407.000000,22330.000000
18773.000000,41729.000000,45410.000000,22316.000000
18782.000000,41754.000000,45437.000000,22327.000000
18836.000000,41811.000000,45496.000000,22334.000000
18902.000000,41820.000000,45491.000000,22362.000000
18885.000000,41871.000000,45520.000000,22346.000000
18930.000000,41852.000000,45511.000000,22360.000000
18920.000000,41919.000000,45519.000000,22392.000000
18953.000000,41913.000000,45551.000000,22365.000000
18995.000000,41997.000000,45536.000000,22370.000000
19031.000000,41970.000000,45592.000000,22379.000000
19060.000000,42005.000000,45613.000000,22377.000000
19105.000000,42034.000000,45618.000000,22404.000000
19194.000000,42165.000000,45688.000000,22453.000000
19209.000000,42196.000000,45714.000000,22485.000000
19288.000000,42258.000000,45715.000000,22473.000000
19305.000000,42290.000000,45743.000000,22486.000000
19351.000000,42298.000000,45761.000000,22492.000000
19386.000000,42379.000000,45812.000000,22513.000000
19395.000000,42381.000000,45841.000000,22544.000000
19562.000000,42540.000000,45888.000000,22523.000000
19563.000000,42570.000000,45944.000000,22572.000000
19640.000000,42616.000000,45957.000000,22596.000000
19648.000000,42621.000000,45994.000000,22604.000000
19698.000000,42683.000000,46003.000000,22580.000000
19736.000000,42748.000000,46037.000000,22614.000000
19831.000000,42810.000000,46083.000000,22626.000000
19844.000000,42909.000000,46121.000000,22680.000000
19934.000000,42962.000000,46135.000000,22693.000000
20018.000000,43019.000000,46181.000000,22688.000000
20081.000000,43124.000000,46219.000000,22723.000000
20092.000000,43181.000000,46266.000000,22737.000000
20300.000000,43362.000000,46391.000000,22826.000000
20349.000000,43433.000000,46441.000000,22819.000000
20380.000000,43460.000000,46444.000000,22846.000000
20399.000000,43472.000000,46450.000000,22842.000000
20404.000000,43502.000000,46459.000000,22857.000000
20334.000000,43483.000000,46510.000000,22877.000000
20317.000000,43503.000000,46484.000000,22846.000000
20313.000000,43482.000000,46434.000000,22846.000000
20291.000000,43508.000000,46434.000000,22855.000000
20296.000000,43454.000000,46424.000000,22845.000000
20285.000000,43440.000000,46429.000000,22825.000000
20277.000000,43408.000000,46444.000000,22845.000000
20270.000000,43378.000000,46384.000000,22839.000000
20287.000000,43405.000000,46396.000000,22821.000000
20292.000000,43381.000000,46405.000000,22845.000000
20235.000000,43419.000000,46376.000000,22834.000000
20254.000000,43363.000000,46403.000000,22838.000000
20220.000000,43360.000000,46384.000000,22824.000000
20244.000000,43351.000000,46367.000000,22828.000000
20187.000000,43369.000000,46361.000000,22831.000000
20203.000000,43340.000000,46377.000000,22832.000000
20158.000000,43355.000000,46370.000000,22803.000000
20169.000000,43329.000000,46374.000000,22830.000000
20132.000000,43305.000000,46349.000000,22812.000000
20133.000000,43303.000000,46370.000000,22816.000000
20106.000000,43305.000000,46320.000000,22795.000000
20126.000000,43244.000000,46324.000000,22802.000000
20116.000000,43242.000000,46305.000000,22784.000000
20062.000000,43236.000000,46298.000000,22796.000000
20085.000000,43217.000000,46314.000000,22801.000000
20054.000000,43233.000000,46293.000000,22777.000000
20043.000000,43199.000000,46274.000000,22781.000000
20009.000000,43201.000000,46279.000000,22802.000000
20019.000000,43156.000000,46277.000000,22761.000000
19983.000000,43192.000000,46293.000000,22750.000000
20010.000000,43125.000000,46254.000000,22761.000000
19925.000000,43114.000000,46237.000000,22740.000000
19908.000000,43087.000000,46241.000000,22757.000000
19876.000000,43115.000000,46234.000000,22738.000000
19912.000000,43080.000000,46238.000000,22746.000000
19876.000000,43050.000000,46212.000000,22750.000000
19861.000000,43037.000000,46214.000000,22747.000000
19854.000000,43016.000000,46203.000000,22742.000000
19863.000000,43030.000000,46167.000000,22705.000000
19838.000000,42957.000000,46176.000000,22726.000000
19829.000000,42974.000000,46180.000000,22719.000000
19835.000000,42962.000000,46126.000000,22700.000000
19786.000000,42971.000000,46175.000000,22704.000000
19777.000000,42913.000000,46142.000000,22706.000000
19801.000000,42947.000000,46136.000000,22703.000000
19779.000000,42914.000000,46149.000000,22695.000000
19732.000000,42933.000000,46107.000000,22693.000000
19755.000000,42876.000000,46097.000000,22682.000000
19710.000000,42858.000000,46105.000000,22667.000000
19703.000000,42860.000000,46115.000000,22694.000000
19697.000000,42840.000000,46075.000000,22678.000000
19695.000000,42826.000000,46092.000000,22682.000000
19631.000000,42805.000000,46047.000000,22668.000000
19623.000000,42801.000000,46067.000000,22662.000000
19637.000000,42750.000000,46045.000000,22644.000000
19587.000000,42741.000000,46040.000000,22661.000000
19600.000000,42698.000000,46030.000000,22643.000000
19555.000000,42746.000000,46047.000000,22607.000000
19553.000000,42712.000000,46036.000000,22655.000000
19532.000000,42685.000000,46008.000000,22633.000000
19540.000000,42684.000000,46002.000000,22660.000000
19479.000000,42651.000000,45977.000000,22619.000000
19401.000000,42658.000000,46004.000000,22616.000000
19408.000000,42603.000000,45964.000000,22620.000000
19370.000000,42628.000000,45947.000000,22617.000000
19405.000000,42564.000000,45941.000000,22622.000000
19375.000000,42567.000000,45936.000000,22591.000000
19329.000000,42535.000000,45935.000000,22628.000000
19310.000000,42475.000000,45902.000000,22573.000000
19319.000000,42461.000000,45876.000000,22592.000000
19321.000000,42440.000000,45873.000000,22565.000000
19306.000000,42406.000000,45847.000000,22565.000000
19274.000000,42393.000000,45825.000000,22586.000000
19263.000000,42395.000000,45816.000000,22567.000000
19286.000000,42345.000000,45799.000000,22538.000000
19274.000000,42337.000000,45797.000000,22550.000000
19290.000000,42321.000000,45817.000000,22558.000000
19270.000000,42349.000000,45784.000000,22533.000000
19249.000000,42348.000000,45821.000000,22572.000000
19228.000000,42281.000000,45766.000000,22546.000000
19234.000000,42298.000000,45775.000000,22557.000000
19216.000000,42268.000000,45769.000000,22562.000000
19208.000000,42295.000000,45775.000000,22543.000000
19176.000000,42242.000000,45758.000000,22546.000000
19150.000000,42307.000000,45732.000000,22555.000000
19170.000000,42248.000000,45721.000000,22545.000000
19122.000000,42220.000000,45733.000000,22534.000000
19156.000000,42173.000000,45744.000000,22539.000000
19143.000000,42182.000000,45702.000000,22514.000000
19160.000000,42179.000000,45716.000000,22524.000000
19148.000000,42153.000000,45716.000000,22508.000000
19141.000000,42179.000000,45666.000000,22519.000000
19173.000000,42153.000000,45687.000000,22475.000000
19147.000000,42140.000000,45670.000000,22484.000000
19171.000000,42119.000000,45664.000000,22482.000000
19199.000000,42141.000000,45710.000000,22483.000000
19188.000000,42098.000000,45679.000000,22489.000000
19236.000000,42138.000000,45680.000000,22489.000000
19251.000000,42134.000000,45664.000000,22510.000000
19249.000000,42130.000000,45704.000000,22514.000000
19282.000000,42134.000000,45655.000000,22514.000000
19264.000000,42144.000000,45720.000000,22494.000000
19311.000000,42167.000000,45697.000000,22512.000000
19324.000000,42157.000000,45706.000000,22522.000000
19337.000000,42193.000000,45709.000000,22526.000000
19390.000000,42196.000000,45745.000000,22534.000000
19392.000000,42190.000000,45696.000000,22527.000000
19416.000000,42195.000000,45710.000000,22553.000000
19465.000000,42221.000000,45735.000000,22544.000000
19501.000000,42282.000000,45764.000000,22543.000000
19537.000000,42296.000000,45779.000000,22535.000000
19584.000000,42298.000000,45799.000000,22573.000000
19608.000000,42361.000000,45815.000000,22548.000000
19622.000000,42377.000000,45814.000000,22571.000000
19650.000000,42409.000000,45815.000000,22571.000000
19692.000000,42407.000000,45876.000000,22552.000000
19739.000000,42490.000000,45874.000000,22577.000000
19769.000000,42498.000000,45921.000000,22583.000000
19881.000000,42566.000000,45941.000000,22586.000000
19928.000000,42592.000000,45940.000000,22616.000000
19989.000000,42589.000000,45962.000000,22621.000000
20036.000000,42625.000000,45996.000000,22637.000000
20064.000000,42710.000000,46019.000000,22620.000000
20139.000000,42721.000000,46015.000000,22655.000000
20218.000000,42763.000000,46036.000000,22657.000000
20319.000000,42889.000000,46117.000000,22697.000000
20354.000000,42959.000000,46151.000000,22699.000000
20431.000000,42988.000000,46185.000000,22734.000000
20429.000000,43087.000000,46223.000000,22761.000000
20462.000000,43168.000000,46292.000000,22764.000000
20465.000000,43239.000000,46294.000000,22765.000000
20452.000000,43284.000000,46349.000000,22783.000000
20448.000000,43383.000000,46394.000000,22856.000000
20431.000000,43441.000000,46457.000000,22845.000000
20434.000000,43490.000000,46465.000000,22896.000000
20418.000000,43581.000000,46515.000000,22882.000000
20396.000000,43558.000000,46521.000000,22894.000000
20362.000000,43591.000000,46502.000000,22893.000000
20356.000000,43600.000000,46533.000000,22916.000000
20387.000000,43574.000000,46517.000000,22931.000000
20345.000000,43615.000000,46519.000000,22907.000000
20344.000000,43577.000000,46478.000000,22918.000000
20282.000000,43571.000000,46494.000000,22907.000000
20283.000000,43535.000000,46476.000000,22901.000000
20226.000000,43538.000000,46471.000000,22899.000000
20225.000000,43516.000000,46459.000000,22897.000000
20195.000000,43509.000000,46443.000000,22894.000000
20204.000000,43477.000000,46464.000000,22903.000000
20183.000000,43459.000000,46436.000000,22893.000000
20138.000000,43439.000000,46411.000000,22886.000000
20124.000000,43391.000000,46395.000000,22867.000000
20137.000000,43386.000000,46374.000000,22873.000000
20092.000000,43341.000000,46366.000000,22864.000000
20102.000000,43328.000000,46353.000000,22878.000000
20054.000000,43298.000000,46347.000000,22870.000000
20014.000000,43287.000000,46328.000000,22854.000000
20006.000000,43279.000000,46289.000000,22838.000000
19988.000000,43286.000000,46332.000000,22846.000000
19974.000000,43243.000000,46278.000000,22852.000000
19961.000000,43220.000000,46288.000000,22830.000000
19955.000000,43210.000000,46297.000000,22843.000000
19941.000000,43153.000000,46236.000000,22803.000000
19939.000000,43141.000000,46231.000000,22838.000000
19943.000000,43131.000000,46237.000000,22810.000000
19859.000000,43099.000000,46240.000000,22817.000000
19885.000000,43041.000000,46182.000000,22800.000000
19787.000000,43068.000000,46180.000000,22796.000000
19784.000000,43030.000000,46162.000000,22807.000000
19780.000000,43052.000000,46168.000000,22806.000000
19772.000000,42994.000000,46150.000000,22774.000000
19764.000000,42987.000000,46128.000000,22761.000000
19743.000000,42938.000000,46129.000000,22773.000000
19744.000000,42927.000000,46092.000000,22753.000000
19738.000000,42866.000000,46077.000000,22741.000000
19739.000000,42811.000000,46063.000000,22759.000000
19657.000000,42851.000000,46058.000000,22734.000000
19675.000000,42785.000000,46012.000000,22757.000000
19702.000000,42781.000000,46012.000000,22731.000000
19626.000000,42770.000000,46025.000000,22727.000000
19672.000000,42767.000000,46009.000000,22747.000000
19625.000000,42754.000000,46023.000000,22722.000000
19636.000000,42746.000000,45995.000000,22738.000000
19662.000000,42735.000000,46021.000000,22728.000000
19620.000000,42694.000000,45992.000000,22718.000000
19607.000000,42689.000000,45960.000000,22697.000000
19568.000000,42645.000000,45982.000000,22730.000000
19559.000000,42627.000000,45943.000000,22718.000000
19494.000000,42658.000000,45955.000000,22731.000000
19512.000000,42625.000000,45945.000000,22727.000000
19482.000000,42613.000000,45945.000000,22702.000000
19500.000000,42583.000000,45918.000000,22742.000000
19467.000000,42594.000000,45907.000000,22682.000000
19505.000000,42588.000000,45920.000000,22715.000000
19489.000000,42512.000000,45851.000000,22688.000000
19454.000000,42518.000000,45869.000000,22684.000000
19466.000000,42499.000000,45826.000000,22690.000000
19467.000000,42458.000000,45857.000000,22663.000000
19443.000000,42468.000000,45810.000000,22661.000000
19434.000000,42449.000000,45822.000000,22674.000000
19404.000000,42434.000000,45820.000000,22652.000000
19390.000000,42389.000000,45807.000000,22652.000000
19322.000000,42377.000000,45834.000000,22665.000000
19331.000000,42407.000000,45771.000000,22695.000000
19314.000000,42391.000000,45788.000000,22669.000000
19252.000000,42356.000000,45773.000000,22661.000000
19260.000000,42387.000000,45755.000000,22674.000000
19273.000000,42353.000000,45794.000000,22697.000000
19231.000000,42310.000000,45762.000000,22660.000000
19202.000000,42274.000000,45726.000000,22659.000000
19211.000000,42283.000000,45738.000000,22657.000000
19168.000000,42234.000000,45688.000000,22632.000000
19184.000000,42208.000000,45704.000000,22631.000000
19123.000000,42206.000000,45704.000000,22624.000000
19058.000000,42172.000000,45661.000000,22646.000000
19090.000000,42157.000000,45667.000000,22649.000000
19092.000000,42133.000000,45671.000000,22614.000000
19049.000000,42125.000000,45642.000000,22608.000000
19052.000000,42084.000000,45603.000000,22568.000000
19050.000000,42061.000000,45618.000000,22581.000000
19039.000000,42029.000000,45592.000000,22575.000000
18988.000000,41997.000000,45564.000000,22578.000000
19023.000000,41960.000000,45542.000000,22562.000000
18998.000000,41976.000000,45525.000000,22567.000000
19005.000000,41950.000000,45538.000000,22558.000000
18998.000000,41979.000000,45551.000000,22583.000000
19012.000000,41957.000000,45538.000000,22539.000000
19012.000000,41917.000000,45510.000000,22534.000000
19018.000000,41910.000000,45531.000000,22550.000000
19046.000000,41901.000000,45515.000000,22531.000000
19051.000000,41899.000000,45508.000000,22517.000000
19034.000000,41867.000000,45504.000000,22549.000000
19030.000000,41895.000000,45487.000000,22571.000000
19047.000000,41864.000000,45494.000000,22540.000000
18989.000000,41883.000000,45494.000000,22525.000000
19016.000000,41880.000000,45510.000000,22547.000000
19027.000000,41876.000000,45504.000000,22549.000000
19001.000000,41889.000000,45540.000000,22568.000000
19052.000000,41870.000000,45516.000000,22544.000000
18989.000000,41897.000000,45505.000000,22548.000000
18981.000000,41871.000000,45529.000000,22556.000000
18969.000000,41868.000000,45524.000000,22534.000000
18970.000000,41861.000000,45495.000000,22525.000000
18980.000000,41874.000000,45490.000000,22535.000000
18998.000000,41842.000000,45473.000000,22548.000000
19040.000000,41837.000000,45479.000000,22519.000000
19006.000000,41823.000000,45484.000000,22513.000000
19046.000000,41813.000000,45465.000000,22511.000000
19050.000000,41800.000000,45474.000000,22497.000000
19076.000000,41772.000000,45449.000000,22488.000000
19095.000000,41798.000000,45458.000000,22482.000000
19123.000000,41782.000000,45480.000000,22491.000000
19141.000000,41774.000000,45459.000000,22478.000000
19196.000000,41808.000000,45497.000000,22471.000000
19178.000000,41811.000000,45482.000000,22476.000000
19316.000000,41819.000000,45530.000000,22471.000000
19334.000000,41809.000000,45530.000000,22486.000000
19353.000000,41860.000000,45537.000000,22520.000000
19417.000000,41876.000000,45516.000000,22488.000000
19471.000000,41899.000000,45573.000000,22493.000000
19465.000000,41942.000000,45579.000000,22531.000000
19501.000000,41985.000000,45604.000000,22509.000000
19620.000000,42067.000000,45642.000000,22534.000000
19707.000000,42129.000000,45664.000000,22528.000000
19747.000000,42140.000000,45703.000000,22545.000000
19772.000000,42170.000000,45719.000000,22566.000000
19785.000000,42202.000000,45759.000000,22585.000000
19790.000000,42273.000000,45768.000000,22605.000000
19795.000000,42297.000000,45788.000000,22612.000000
19853.000000,42411.000000,45892.000000,22634.000000
19913.000000,42436.000000,45890.000000,22645.000000
19947.000000,42521.000000,45947.000000,22662.000000
20041.000000,42524.000000,45949.000000,22666.000000
20049.000000,42578.000000,45958.000000,22686.000000
20084.000000,42619.000000,46000.000000,22682.000000
20160.000000,42639.000000,46015.000000,22668.000000
20214.000000,42719.000000,46047.000000,22700.000000
20246.000000,42735.000000,46069.000000,22689.000000
20263.000000,42757.000000,46071.000000,22705.000000
20314.000000,42886.000000,46165.000000,22747.000000
20357.000000,42906.000000,46174.000000,22773.000000
20413.000000,42975.000000,46197.000000,22768.000000
20426.000000,43031.000000,46233.000000,22781.000000
20475.000000,43066.000000,46251.000000,22811.000000
20471.000000,43142.000000,46269.000000,22839.000000
20487.000000,43184.000000,46320.000000,22839.000000
20486.000000,43222.000000,46345.000000,22873.000000
20500.000000,43242.000000,46339.000000,22860.000000
20451.000000,43332.000000,46398.000000,22887.000000
20459.000000,43305.000000,46391.000000,22885.000000
20480.000000,43399.000000,46441.000000,22902.000000
20448.000000,43403.000000,46442.000000,22898.000000
20447.000000,43413.000000,46447.000000,22913.000000
20449.000000,43381.000000,46447.000000,22896.000000
20467.000000,43388.000000,46434.000000,22895.000000
20450.000000,43357.000000,46440.000000,22879.000000
20435.000000,43357.000000,46399.000000,22876.000000
20428.000000,43343.000000,46390.000000,22895.000000
20422.000000,43326.000000,46396.000000,22885.000000
20404.000000,43331.000000,46415.000000,22896.000000
20392.000000,43279.000000,46388.000000,22884.000000
20374.000000,43303.000000,46365.000000,22882.000000
20371.000000,43263.000000,46379.000000,22903.000000
20373.000000,43250.000000,46368.000000,22900.000000
20346.000000,43281.000000,46386.000000,22896.000000
20375.000000,43237.000000,46361.000000,22891.000000
20345.000000,43243.000000,46307.000000,22868.000000
20377.000000,43214.000000,46345.000000,22897.000000
20343.000000,43217.000000,46325.000000,22907.000000
20317.000000,43207.000000,46360.000000,22887.000000
20281.000000,43215.000000,46309.000000,22879.000000
20273.000000,43196.000000,46324.000000,22867.000000
20248.000000,43196.000000,46318.000000,22886.000000
20239.000000,43202.000000,46336.000000,22894.000000
20188.000000,43193.000000,46312.000000,22880.000000
20170.000000,43195.000000,46331.000000,22882.000000
20201.000000,43189.000000,46333.000000,22889.000000
20193.000000,43128.000000,46270.000000,22876.000000
20165.000000,43122.000000,46278.000000,22839.000000
20183.000000,43136.000000,46262.000000,22850.000000
20172.000000,43089.000000,46283.000000,22837.000000
20198.000000,43069.000000,46268.000000,22842.000000
20198.000000,43083.000000,46263.000000,22836.000000
20172.000000,43085.000000,46263.000000,22839.000000
20158.000000,43081.000000,46221.000000,22843.000000
20137.000000,43067.000000,46270.000000,22841.000000
20164.000000,43064.000000,46252.000000,22819.000000
20134.000000,43046.000000,46266.000000,22827.000000
20143.000000,43058.000000,46246.000000,22826.000000
20140.000000,43072.000000,46249.000000,22816.000000
20137.000000,43051.000000,46228.000000,22806.000000
20065.000000,43044.000000,46217.000000,22797.000000
20081.000000,43007.000000,46195.000000,22828.000000
20081.000000,43022.000000,46259.000000,22806.000000
20052.000000,43011.000000,46222.000000,22828.000000
20025.000000,42979.000000,46204.000000,22827.000000
20021.000000,42999.000000,46219.000000,22804.000000
20007.000000,42947.000000,46177.000000,22786.000000
19952.000000,42937.000000,46181.000000,22779.000000
19947.000000,42917.000000,46197.000000,22776.000000
19930.000000,42920.000000,46159.000000,22734.000000
19953.000000,42876.000000,46149.000000,22776.000000
19946.000000,42873.000000,46138.000000,22748.000000
19918.000000,42827.000000,46123.000000,22734.000000
19944.000000,42818.000000,46099.000000,22738.000000
19869.000000,42778.000000,46099.000000,22724.000000
19893.000000,42765.000000,46086.000000,22714.000000
19866.000000,42782.000000,46091.000000,22695.000000
19894.000000,42771.000000,46093.000000,22708.000000
19885.000000,42738.000000,46072.000000,22683.000000
19856.000000,42732.000000,46065.000000,22661.000000
19848.000000,42671.000000,46035.000000,22695.000000
19836.000000,42679.000000,46065.000000,22674.000000
19862.000000,42672.000000,46067.000000,22700.000000
19824.000000,42702.000000,46049.000000,22661.000000
19825.000000,42696.000000,46028.000000,22682.000000
19864.000000,42678.000000,46050.000000,22653.000000
19834.000000,42629.000000,46055.000000,22683.000000
19860.000000,42666.000000,45996.000000,22687.000000
19863.000000,42636.000000,46039.000000,22665.000000
19912.000000,42630.000000,46011.000000,22666.000000
19850.000000,42637.000000,46008.000000,22656.000000
19851.000000,42603.000000,46024.000000,22677.000000
19845.000000,42634.000000,46029.000000,22649.000000
19801.000000,42607.000000,46016.000000,22675.000000
19848.000000,42637.000000,46016.000000,22696.000000
19778.000000,42613.000000,46043.000000,22686.000000
19798.000000,42622.000000,46004.000000,22690.000000
19791.000000,42623.000000,46025.000000,22688.000000
19759.000000,42609.000000,46014.000000,22688.000000
19716.000000,42616.000000,46007.000000,22691.000000
19719.000000,42595.000000,46007.000000,22673.000000
19694.000000,42547.000000,45984.000000,22679.000000
19683.000000,42581.000000,45970.000000,22646.000000
19651.000000,42543.000000,45970.000000,22667.000000
19674.000000,42540.000000,45955.000000,22651.000000
19659.000000,42512.000000,45960.000000,22653.000000
19610.000000,42479.000000,45930.000000,22610.000000
19599.000000,42503.000000,45942.000000,22628.000000
19593.000000,42460.000000,45933.000000,22636.000000
19604.000000,42420.000000,45889.000000,22612.000000
19585.000000,42432.000000,45876.000000,22602.000000
19545.000000,42401.000000,45907.000000,22597.000000
19558.000000,42431.000000,45901.000000,22628.000000
19519.000000,42386.000000,45874.000000,22602.000000
19489.000000,42398.000000,45857.000000,22607.000000
19484.000000,42364.000000,45842.000000,22589.000000
19462.000000,42338.000000,45860.000000,22587.000000
19430.000000,42329.000000,45849.000000,22560.000000
19382.000000,42311.000000,45843.000000,22574.000000
19419.000000,42273.000000,45825.000000,22568.000000
19369.000000,42311.000000,45839.000000,22566.000000
19362.000000,42263.000000,45788.000000,22555.000000
19408.000000,42275.000000,45804.000000,22547.000000
19389.000000,42237.000000,45779.000000,22561.000000
19408.000000,42187.000000,45759.000000,22528.000000
19442.000000,42208.000000,45740.000000,22519.000000
19456.000000,42185.000000,45755.000000,22562.000000
19503.000000,42187.000000,45749.000000,22520.000000
19506.000000,42177.000000,45752.000000,22545.000000
19532.000000,42171.000000,45729.000000,22534.000000
19547.000000,42215.000000,45793.000000,22538.000000
19590.000000,42206.000000,45759.000000,22532.000000
19541.000000,42251.000000,45768.000000,22536.000000
19618.000000,42264.000000,45819.000000,22568.000000
19614.000000,42353.000000,45819.000000,22564.000000
19651.000000,42375.000000,45837.000000,22557.000000
19711.000000,42377.000000,45838.000000,22586.000000
19648.000000,42429.000000,45873.000000,22576.000000
19688.000000,42398.000000,45852.000000,22577.000000
19712.000000,42424.000000,45862.000000,22577.000000
19762.000000,42437.000000,45900.000000,22595.000000
19741.000000,42502.000000,45923.000000,22571.000000
19809.000000,42518.000000,45940.000000,22602.000000
19814.000000,42534.000000,45931.000000,22612.000000
19879.000000,42539.000000,45979.000000,22627.000000
19871.000000,42598.000000,45976.000000,22603.000000
19905.000000,42568.000000,45984.000000,22629.000000
19938.000000,42620.000000,45983.000000,22654.000000
19959.000000,42649.000000,46007.000000,22649.000000
19981.000000,42722.000000,46057.000000,22661.000000
20019.000000,42780.000000,46049.000000,22665.000000
20049.000000,42794.000000,46096.000000,22672.000000
20070.000000,42813.000000,46122.000000,22687.000000
20146.000000,42850.000000,46117.000000,22686.000000
20187.000000,42897.000000,46145.000000,22695.000000
20361.000000,42919.000000,46171.000000,22703.000000
20379.000000,42960.000000,46151.000000,22717.000000
20443.000000,43006.000000,46204.000000,22738.000000
20448.000000,43037.000000,46224.000000,22738.000000
20486.000000,43094.000000,46260.000000,22759.000000
20475.000000,43153.000000,46286.000000,22751.000000
20514.000000,43190.000000,46350.000000,22786.000000
20468.000000,43380.000000,46432.000000,22796.000000
20430.000000,43454.000000,46447.000000,22819.000000
20429.000000,43505.000000,46483.000000,22847.000000
20365.000000,43570.000000,46484.000000,22876.000000
20362.000000,43516.000000,46523.000000,22904.000000
20326.000000,43563.000000,46495.000000,22868.000000
20322.000000,43567.000000,46505.000000,22882.000000
20312.000000,43557.000000,46502.000000,22841.000000
20278.000000,43482.000000,46508.000000,22868.000000
20296.000000,43529.000000,46470.000000,22853.000000
20247.000000,43424.000000,46461.000000,22847.000000
20246.000000,43385.000000,46415.000000,22821.000000
20239.000000,43373.000000,46413.000000,22819.000000
20225.000000,43304.000000,46407.000000,22825.000000
20224.000000,43294.000000,46373.000000,22816.000000
20219.000000,43271.000000,46397.000000,22819.000000
20179.000000,43266.000000,46367.000000,22806.000000
20138.000000,43261.000000,46369.000000,22783.000000
20148.000000,43225.000000,46342.000000,22787.000000
20097.000000,43221.000000,46312.000000,22796.000000
20083.000000,43183.000000,46310.000000,22800.000000
20096.000000,43214.000000,46295.000000,22791.000000
20025.000000,43154.000000,46313.000000,22781.000000
20028.000000,43109.000000,46315.000000,22789.000000
20008.000000,43117.000000,46270.000000,22778.000000
20004.000000,43084.000000,46259.000000,22780.000000
19952.000000,43060.000000,46256.000000,22753.000000
19964.000000,43049.000000,46231.000000,22746.000000
19944.000000,43047.000000,46196.000000,22763.000000
19877.000000,43002.000000,46238.000000,22767.000000
19854.000000,42992.000000,46211.000000,22757.000000
19819.000000,42980.000000,46201.000000,22742.000000
19805.000000,42939.000000,46194.000000,22748.000000
19781.000000,42940.000000,46175.000000,22735.000000
19781.000000,42891.000000,46124.000000,22739.000000
19754.000000,42884.000000,46118.000000,22722.000000
19726.000000,42829.000000,46086.000000,22719.000000
19719.000000,42802.000000,46090.000000,22742.000000
19655.000000,42757.000000,46069.000000,22720.000000
19692.000000,42744.000000,46068.000000,22729.000000
19640.000000,42734.000000,46034.000000,22712.000000
19634.000000,42726.000000,46028.000000,22683.000000
19640.000000,42671.000000,46023.000000,22696.000000
19612.000000,42667.000000,46023.000000,22679.000000
19636.000000,42640.000000,46020.000000,22686.000000
19595.000000,42632.000000,45978.000000,22691.000000
19608.000000,42589.000000,45972.000000,22690.000000
19592.000000,42598.000000,45959.000000,22673.000000
19585.000000,42553.000000,45955.000000,22668.000000
19552.000000,42612.000000,45925.000000,22691.000000
19528.000000,42557.000000,45988.000000,22673.000000
19528.000000,42522.000000,45959.000000,22665.000000
19495.000000,42547.000000,45931.000000,22652.000000
19513.000000,42494.000000,45929.000000,22691.000000
19504.000000,42503.000000,45926.000000,22627.000000
19473.000000,42474.000000,45896.000000,22655.000000
19474.000000,42497.000000,45868.000000,22650.000000
19415.000000,42423.000000,45865.000000,22662.000000
19435.000000,42407.000000,45875.000000,22653.000000
19434.000000,42427.000000,45892.000000,22638.000000
19399.000000,42392.000000,45867.000000,22641.000000
19423.000000,42379.000000,45857.000000,22638.000000
19396.000000,42349.000000,45818.000000,22625.000000
19407.000000,42351.000000,45829.000000,22615.000000
19382.000000,42309.000000,45820.000000,22599.000000
19374.000000,42307.000000,45773.000000,22591.000000
19410.000000,42318.000000,45787.000000,22598.000000
19356.000000,42267.000000,45790.000000,22603.000000
19375.000000,42292.000000,45759.000000,22578.000000
19355.000000,42235.000000,45778.000000,22596.000000
19381.000000,42261.000000,45774.000000,22587.000000
19357.000000,42243.000000,45771.000000,22568.000000
19362.000000,42213.000000,45752.000000,22574.000000
19340.000000,42237.000000,45741.000000,22559.000000
19383.000000,42191.000000,45764.000000,22566.000000
19391.000000,42218.000000,45749.000000,22561.000000
19352.000000,42184.000000,45766.000000,22559.000000
19402.000000,42211.000000,45751.000000,22567.000000
19349.000000,42171.000000,45720.000000,22573.000000
19376.000000,42165.000000,45697.000000,22532.000000
19358.000000,42215.000000,45729.000000,22535.000000
19375.000000,42175.000000,45734.000000,22575.000000
19367.000000,42220.000000,45738.000000,22555.000000
19363.000000,42202.000000,45726.000000,22572.000000
19352.000000,42205.000000,45724.000000,22567.000000
19333.000000,42194.000000,45758.000000,22574.000000
19344.000000,42188.000000,45714.000000,22562.000000
19350.000000,42202.000000,45747.000000,22569.000000
19325.000000,42206.000000,45754.000000,22568.000000
19311.000000,42199.000000,45745.000000,22585.000000
19306.000000,42198.000000,45758.000000,22579.000000
19285.000000,42224.000000,45743.000000,22578.000000
19267.000000,42201.000000,45764.000000,22560.000000
19247.000000,42188.000000,45731.000000,22556.000000
19250.000000,42212.000000,45700.000000,22552.000000
19218.000000,42144.000000,45740.000000,22576.000000
19174.000000,42202.000000,45715.000000,22532.000000
19143.000000,42144.000000,45740.000000,22558.000000
19144.000000,42163.000000,45718.000000,22542.000000
19131.000000,42144.000000,45733.000000,22519.000000
19109.000000,42109.000000,45694.000000,22510.000000
19115.000000,42098.000000,45665.000000,22516.000000
19097.000000,42093.000000,45701.000000,22503.000000
19064.000000,42061.000000,45656.000000,22505.000000
19051.000000,42053.000000,45612.000000,22478.000000
19062.000000,41985.000000,45647.000000,22461.000000
19120.000000,42011.000000,45617.000000,22474.000000
19056.000000,41974.000000,45611.000000,22473.000000
19089.000000,41933.000000,45607.000000,22455.000000
19074.000000,41949.000000,45618.000000,22468.000000
19102.000000,41897.000000,45595.000000,22473.000000
19154.000000,41950.000000,45567.000000,22471.000000
19137.000000,41898.000000,45598.000000,22468.000000
19189.000000,41907.000000,45581.000000,22459.000000
19183.000000,41908.000000,45578.000000,22458.000000
19247.000000,41891.000000,45575.000000,22455.000000
19234.000000,41917.000000,45583.000000,22467.000000
19264.000000,41917.000000,45591.000000,22466.000000
19324.000000,41974.000000,45603.000000,22471.000000
19344.000000,41967.000000,45582.000000,22490.000000
19378.000000,42012.000000,45644.000000,22514.000000
19383.000000,42058.000000,45623.000000,22522.000000
19412.000000,42085.000000,45658.000000,22522.000000
19434.000000,42075.000000,45684.000000,22483.000000
19447.000000,42104.000000,45694.000000,22517.000000
19489.000000,42127.000000,45711.000000,22532.000000
19589.000000,42196.000000,45722.000000,22523.000000
19535.000000,42169.000000,45742.000000,22558.000000
19615.000000,42198.000000,45735.000000,22576.000000
19636.000000,42218.000000,45784.000000,22578.000000
19635.000000,42246.000000,45784.000000,22577.000000
19686.000000,42312.000000,45802.000000,22601.000000
19653.000000,42314.000000,45829.000000,22615.000000
19686.000000,42396.000000,45859.000000,22610.000000
19676.000000,42446.000000,45897.000000,22608.000000
19690.000000,42447.000000,45892.000000,22636.000000
19726.000000,42488.000000,45916.000000,22629.000000
19713.000000,42486.000000,45914.000000,22613.000000
19819.000000,42510.000000,45934.000000,22642.000000
19874.000000,42540.000000,45964.000000,22624.000000
19899.000000,42559.000000,45963.000000,22637.000000
19949.000000,42596.000000,45965.000000,22658.000000
20022.000000,42626.000000,45980.000000,22652.000000
20142.000000,42635.000000,45981.000000,22647.000000
20199.000000,42683.000000,46017.000000,22661.000000
20200.000000,42803.000000,46070.000000,22736.000000
20227.000000,42810.000000,46084.000000,22717.000000
20237.000000,42872.000000,46130.000000,22742.000000
20254.000000,42965.000000,46170.000000,22763.000000
20273.000000,43016.000000,46193.000000,22762.000000
20261.000000,43189.000000,46298.000000,22815.000000
20226.000000,43227.000000,46318.000000,22845.000000
20204.000000,43307.000000,46346.000000,22868.000000
20191.000000,43285.000000,46364.000000,22857.000000
20204.000000,43352.000000,46391.000000,22882.000000
20145.000000,43358.000000,46382.000000,22887.000000
20142.000000,43346.000000,46373.000000,22861.000000
20086.000000,43328.000000,46400.000000,22864.000000
20058.000000,43353.000000,46371.000000,22905.000000
20067.000000,43332.000000,46361.000000,22860.000000
20046.000000,43274.000000,46330.000000,22863.000000
20006.000000,43224.000000,46308.000000,22879.000000
19964.000000,43227.000000,46291.000000,22872.000000
19992.000000,43190.000000,46262.000000,22850.000000
19951.000000,43144.000000,46225.000000,22843.000000
19951.000000,43079.000000,46232.000000,22849.000000
19908.000000,43087.000000,46212.000000,22812.000000
19880.000000,43036.000000,46210.000000,22817.000000
19902.000000,43041.000000,46204.000000,22812.000000
19889.000000,42993.000000,46175.000000,22799.000000
19888.000000,43022.000000,46154.000000,22797.000000
19869.000000,42950.000000,46156.000000,22803.000000
19803.000000,42978.000000,46134.000000,22781.000000
19795.000000,42908.000000,46104.000000,22760.000000
19787.000000,42887.000000,46118.000000,22766.000000
19775.000000,42922.000000,46111.000000,22773.000000
19753.000000,42843.000000,46100.000000,22733.000000
19718.000000,42869.000000,46071.000000,22764.000000
19726.000000,42858.000000,46084.000000,22743.000000
19718.000000,42756.000000,46045.000000,22745.000000
19714.000000,42786.000000,46048.000000,22717.000000
19704.000000,42754.000000,46033.000000,22720.000000
19666.000000,42723.000000,46028.000000,22735.000000
19681.000000,42747.000000,46012.000000,22720.000000
19633.000000,42731.000000,46001.000000,22714.000000
19635.000000,42671.000000,45985.000000,22720.000000
19622.000000,42679.000000,46015.000000,22718.000000
19624.000000,42671.000000,45973.000000,22707.000000
19582.000000,42650.000000,45966.000000,22716.000000
19556.000000,42615.000000,45979.000000,22711.000000
19581.000000,42609.000000,45964.000000,22693.000000
19556.000000,42572.000000,45949.000000,22707.000000
19573.000000,42547.000000,45938.000000,22689.000000
19569.000000,42553.000000,45942.000000,22676.000000
19597.000000,42520.000000,45915.000000,22685.000000
19592.000000,42537.000000,45886.000000,22693.000000
19532.000000,42496.000000,45892.000000,22668.000000
19548.000000,42509.000000,45897.000000,22690.000000
19553.000000,42505.000000,45927.000000,22696.000000
19560.000000,42477.000000,45885.000000,22667.000000
19504.000000,42516.000000,45875.000000,22704.000000
19516.000000,42498.000000,45884.000000,22723.000000
19517.000000,42496.000000,45885.000000,22728.000000
19467.000000,42476.000000,45926.000000,22713.000000
19458.000000,42466.000000,45882.000000,22706.000000
19431.000000,42483.000000,45885.000000,22710.000000
19429.000000,42441.000000,45843.000000,22720.000000
19381.000000,42471.000000,45866.000000,22734.000000
19359.000000,42412.000000,45872.000000,22737.000000
19380.000000,42417.000000,45861.000000,22703.000000
19343.000000,42448.000000,45852.000000,22697.000000
19266.000000,42370.000000,45824.000000,22699.000000
19287.000000,42376.000000,45815.000000,22679.000000
19243.000000,42334.000000,45805.000000,22693.000000
19264.000000,42303.000000,45798.000000,22679.000000
19226.000000,42265.000000,45770.000000,22693.000000
19202.000000,42229.000000,45757.000000,22659.000000
19205.000000,42245.000000,45745.000000,22633.000000
19185.000000,42182.000000,45717.000000,22632.000000
19186.000000,42165.000000,45693.000000,22632.000000
19180.000000,42145.000000,45691.000000,22640.000000
19160.000000,42152.000000,45680.000000,22628.000000
19164.000000,42109.000000,45680.000000,22633.000000
19143.000000,42084.000000,45638.000000,22628.000000
19181.000000,42122.000000,45657.000000,22621.000000
19168.000000,42069.000000,45674.000000,22646.000000
19184.000000,42008.000000,45640.000000,22605.000000
19191.000000,42052.000000,45642.000000,22613.000000
19163.000000,42021.000000,45655.000000,22611.000000
19189.000000,42016.000000,45612.000000,22638.000000
19177.000000,42021.000000,45624.000000,22622.000000
19200.000000,41980.000000,45616.000000,22648.000000
19198.000000,42004.000000,45600.000000,22624.000000
19188.000000,42012.000000,45619.000000,22631.000000
19240.000000,41951.000000,45581.000000,22607.000000
19256.000000,41975.000000,45609.000000,22623.000000
19234.000000,41960.000000,45621.000000,22600.000000
19255.000000,41962.000000,45598.000000,22614.000000
19278.000000,41950.000000,45596.000000,22614.000000
19264.000000,41971.000000,45604.000000,22603.000000
19265.000000,41950.000000,45587.000000,22614.000000
19262.000000,41946.000000,45601.000000,22620.000000
19236.000000,41963.000000,45584.000000,22620.000000
19239.000000,41918.000000,45619.000000,22625.000000
19252.000000,41940.000000,45605.000000,22624.000000
19199.000000,41932.000000,45589.000000,22626.000000
19222.000000,41886.000000,45579.000000,22640.000000
19196.000000,41929.000000,45595.000000,22638.000000
19196.000000,41926.000000,45595.000000,22633.000000
19186.000000,41894.000000,45593.000000,22629.000000
19166.000000,41896.000000,45577.000000,22633.000000
19149.000000,41940.000000,45569.000000,22638.000000
19148.000000,41872.000000,45596.000000,22633.000000
19179.000000,41888.000000,45560.000000,22615.000000
19090.000000,41850.000000,45588.000000,22612.000000
19124.000000,41865.000000,45550.000000,22616.000000
19110.000000,41874.000000,45566.000000,22601.000000
19081.000000,41858.000000,45540.000000,22573.000000
19077.000000,41821.000000,45533.000000,22568.000000
19061.000000,41792.000000,45550.000000,22585.000000
18991.000000,41781.000000,45515.000000,22544.000000
18963.000000,41805.000000,45499.000000,22564.000000
18959.000000,41773.000000,45501.000000,22563.000000
18948.000000,41763.000000,45501.000000,22544.000000
18883.000000,41759.000000,45491.000000,22578.000000
18904.000000,41768.000000,45493.000000,22577.000000
18888.000000,41761.000000,45492.000000,22552.000000
18879.000000,41709.000000,45492.000000,22549.000000
18854.000000,41679.000000,45436.000000,22546.000000
18847.000000,41717.000000,45457.000000,22545.000000
18874.000000,41661.000000,45418.000000,22535.000000
18896.000000,41718.000000,45409.000000,22541.000000
18882.000000,41674.000000,45431.000000,22537.000000
18905.000000,41637.000000,45411.000000,22524.000000
18911.000000,41676.000000,45418.000000,22533.000000
18955.000000,41645.000000,45387.000000,22527.000000
18984.000000,41680.000000,45408.000000,22510.000000
18987.000000,41671.000000,45417.000000,22514.000000
19016.000000,41700.000000,45400.000000,22491.000000
19015.000000,41702.000000,45448.000000,22529.000000
19146.000000,41719.000000,45426.000000,22528.000000
19200.000000,41751.000000,45471.000000,22528.000000
19269.000000,41791.000000,45453.000000,22534.000000
19249.000000,41792.000000,45491.000000,22517.000000
19291.000000,41805.000000,45507.000000,22548.000000
19326.000000,41841.000000,45521.000000,22515.000000
19343.000000,41845.000000,45515.000000,22551.000000
19384.000000,41979.000000,45588.000000,22580.000000
19421.000000,42054.000000,45638.000000,22588.000000
19466.000000,42060.000000,45668.000000,22588.000000
19509.000000,42131.000000,45660.000000,22603.000000
19509.000000,42116.000000,45679.000000,22605.000000
19522.000000,42178.000000,45697.000000,22628.000000
19630.000000,42213.000000,45730.000000,22642.000000
19632.000000,42263.000000,45726.000000,22624.000000
19636.000000,42254.000000,45754.000000,22636.000000
19688.000000,42299.000000,45786.000000,22660.000000
19708.000000,42342.000000,45819.000000,22669.000000
19733.000000,42393.000000,45834.000000,22699.000000
19778.000000,42384.000000,45841.000000,22681.000000
19797.000000,42493.000000,45859.000000,22694.000000
19815.000000,42574.000000,45910.000000,22709.000000
19900.000000,42546.000000,45927.000000,22718.000000
19921.000000,42596.000000,45934.000000,22727.000000
20051.000000,42650.000000,45964.000000,22777.000000
20100.000000,42641.000000,45988.000000,22730.000000
20106.000000,42684.000000,46015.000000,22768.000000
20140.000000,42706.000000,45997.000000,22761.000000
20126.000000,42780.000000,46056.000000,22758.000000
20163.000000,42854.000000,46046.000000,22790.000000
20157.000000,42874.000000,46115.000000,22789.000000
20117.000000,43023.000000,46202.000000,22833.000000
20135.000000,43032.000000,46181.000000,22842.000000
20137.000000,43055.000000,46244.000000,22842.000000
20166.000000,43106.000000,46236.000000,22867.000000
20132.000000,43149.000000,46253.000000,22876.000000
20107.000000,43110.000000,46239.000000,22866.000000
20106.000000,43131.000000,46232.000000,22866.000000
20105.000000,43087.000000,46254.000000,22839.000000
20123.000000,43071.000000,46225.000000,22826.000000
20102.000000,43113.000000,46236.000000,22862.000000
20113.000000,43092.000000,46217.000000,22848.000000
20091.000000,43091.000000,46254.000000,22825.000000
20057.000000,43039.000000,46196.000000,22864.000000
20073.000000,43049.000000,46203.000000,22810.000000
20085.000000,43006.000000,46223.000000,22839.000000
20032.000000,43035.000000,46217.000000,22828.000000
20074.000000,42970.000000,46202.000000,22839.000000
20057.000000,42999.000000,46206.000000,22839.000000
20024.000000,42925.000000,46197.000000,22804.000000
20011.000000,42917.000000,46144.000000,22818.000000
20003.000000,42931.000000,46177.000000,22802.000000
20001.000000,42908.000000,46140.000000,22819.000000
19988.000000,42898.000000,46136.000000,22804.000000
20023.000000,42896.000000,46134.000000,22815.000000
19955.000000,42889.000000,46108.000000,22839.000000
19952.000000,42863.000000,46127.000000,22830.000000
19917.000000,42865.000000,46106.000000,22829.000000
19932.000000,42833.000000,46130.000000,22828.000000
19879.000000,42838.000000,46102.000000,22854.000000
19774.000000,42863.000000,46085.000000,22849.000000
19817.000000,42813.000000,46056.000000,22855.000000
19745.000000,42798.000000,46090.000000,22838.000000
19737.000000,42779.000000,46047.000000,22838.000000
19684.000000,42764.000000,46010.000000,22818.000000
19722.000000,42752.000000,46034.000000,22859.000000
19677.000000,42733.000000,46002.000000,22823.000000
19653.000000,42658.000000,45980.000000,22807.000000
19662.000000,42617.000000,45939.000000,22818.000000
19604.000000,42605.000000,45967.000000,22843.000000
19632.000000,42577.000000,45927.000000,22826.000000
19599.000000,42563.000000,45951.000000,22804.000000
19590.000000,42568.000000,45884.000000,22837.000000
19551.000000,42532.000000,45881.000000,22810.000000
19589.000000,42508.000000,45865.000000,22786.000000
19593.000000,42523.000000,45868.000000,22795.000000
19578.000000,42504.000000,45879.000000,22768.000000
19580.000000,42501.000000,45850.000000,22782.000000
19545.000000,42480.000000,45829.000000,22770.000000
19589.000000,42434.000000,45834.000000,22805.000000
19526.000000,42427.000000,45815.000000,22766.000000
19559.000000,42424.000000,45832.000000,22764.000000
19553.000000,42435.000000,45816.000000,22766.000000
19539.000000,42391.000000,45827.000000,22792.000000
19522.000000,42402.000000,45801.000000,22777.000000
19502.000000,42374.000000,45816.000000,22748.000000
19494.000000,42382.000000,45802.000000,22780.000000
19481.000000,42329.000000,45772.000000,22762.000000
19516.000000,42336.000000,45788.000000,22777.000000
19474.000000,42339.000000,45778.000000,22753.000000
19481.000000,42332.000000,45779.000000,22748.000000
19438.000000,42342.000000,45779.000000,22744.000000
19412.000000,42285.000000,45737.000000,22720.000000
19419.000000,42289.000000,45766.000000,22741.000000
19427.000000,42262.000000,45783.000000,22734.000000
19446.000000,42271.000000,45726.000000,22743.000000
19414.000000,42257.000000,45765.000000,22714.000000
19392.000000,42242.000000,45720.000000,22708.000000
19395.000000,42221.000000,45708.000000,22707.000000
19388.000000,42200.000000,45727.000000,22702.000000
19369.000000,42196.000000,45689.000000,22677.000000
19322.000000,42202.000000,45707.000000,22704.000000
19335.000000,42174.000000,45695.000000,22681.000000
19305.000000,42170.000000,45692.000000,22695.000000
19294.000000,42155.000000,45704.000000,22682.000000
19256.000000,42128.000000,45689.000000,22690.000000
19249.000000,42108.000000,45677.000000,22677.000000
19277.000000,42108.000000,45682.000000,22662.000000
19232.000000,42071.000000,45662.000000,22646.000000
19201.000000,42030.000000,45657.000000,22628.000000
19234.000000,42039.000000,45629.000000,22633.000000
19192.000000,42025.000000,45610.000000,22642.000000
19203.000000,42025.000000,45621.000000,22614.000000
19154.000000,41979.000000,45616.000000,22626.000000
19166.000000,41967.000000,45583.000000,22629.000000
19157.000000,41997.000000,45589.000000,22602.000000
19161.000000,41919.000000,45589.000000,22590.000000
19163.000000,41897.000000,45550.000000,22614.000000
19192.000000,41932.000000,45570.000000,22587.000000
19206.000000,41895.000000,45546.000000,22591.000000
19193.000000,41895.000000,45554.000000,22573.000000
19192.000000,41888.000000,45543.000000,22572.000000
19193.000000,41892.000000,45566.000000,22546.000000
19188.000000,41885.000000,45544.000000,22550.000000
19182.000000,41884.000000,45560.000000,22567.000000
19177.000000,41891.000000,45563.000000,22572.000000
19152.000000,41879.000000,45586.000000,22566.000000
19157.000000,41892.000000,45572.000000,22549.000000
19143.000000,41885.000000,45571.000000,22558.000000
19143.000000,41889.000000,45578.000000,22551.000000
19157.000000,41902.000000,45582.000000,22560.000000
19144.000000,41891.000000,45578.000000,22547.000000
19145.000000,41883.000000,45551.000000,22547.000000
19138.000000,41847.000000,45535.000000,22532.000000
19162.000000,41866.000000,45570.000000,22538.000000
19128.000000,41844.000000,45578.000000,22524.000000
19157.000000,41854.000000,45542.000000,22532.000000
19125.000000,41902.000000,45584.000000,22547.000000
19076.000000,41847.000000,45549.000000,22524.000000
19111.000000,41889.000000,45535.000000,22560.000000
19074.000000,41871.000000,45566.000000,22530.000000
19077.000000,41873.000000,45549.000000,22562.000000
19020.000000,41868.000000,45552.000000,22534.000000
19029.000000,41841.000000,45545.000000,22543.000000
19009.000000,41868.000000,45550.000000,22555.000000
19013.000000,41836.000000,45555.000000,22559.000000
18989.000000,41845.000000,45525.000000,22559.000000
18957.000000,41866.000000,45535.000000,22537.000000
19011.000000,41822.000000,45516.000000,22542.000000
18970.000000,41825.000000,45492.000000,22561.000000
18989.000000,41828.000000,45514.000000,22538.000000
18978.000000,41808.000000,45501.000000,22532.000000
18911.000000,41833.000000,45502.000000,22541.000000
18963.000000,41793.000000,45477.000000,22524.000000
18991.000000,41803.000000,45486.000000,22535.000000
19004.000000,41780.000000,45486.000000,22507.000000
19019.000000,41808.000000,45481.000000,22533.000000
19007.000000,41808.000000,45467.000000,22530.000000
19048.000000,41804.000000,45491.000000,22533.000000
19090.000000,41841.000000,45472.000000,22550.000000
19113.000000,41810.000000,45483.000000,22545.000000
19107.000000,41868.000000,45478.000000,22539.000000
19177.000000,41874.000000,45514.000000,22580.000000
19176.000000,41896.000000,45491.000000,22547.000000
19195.000000,41947.000000,45519.000000,22529.000000
19257.000000,41952.000000,45521.000000,22597.000000
19284.000000,42014.000000,45532.000000,22595.000000
19354.000000,41993.000000,45565.000000,22603.000000
19385.000000,42041.000000,45558.000000,22617.000000
19444.000000,42074.000000,45584.000000,22592.000000
19481.000000,42084.000000,45617.000000,22624.000000
19486.000000,42138.000000,45665.000000,22615.000000
19540.000000,42196.000000,45675.000000,22647.000000
19566.000000,42204.000000,45694.000000,22637.000000
19712.000000,42277.000000,45725.000000,22680.000000
19757.000000,42370.000000,45762.000000,22664.000000
19786.000000,42382.000000,45799.000000,22691.000000
19848.000000,42437.000000,45810.000000,22721.000000
19864.000000,42468.000000,45845.000000,22731.000000
19962.000000,42492.000000,45859.000000,22716.000000
19978.000000,42571.000000,45874.000000,22706.000000
20047.000000,42712.000000,45942.000000,22778.000000
20136.000000,42780.000000,45983.000000,22812.000000
20109.000000,42806.000000,46024.000000,22807.000000
20127.000000,42875.000000,46024.000000,22816.000000
20106.000000,42933.000000,46128.000000,22817.000000
20165.000000,42976.000000,46123.000000,22855.000000
20108.000000,43062.000000,46181.000000,22873.000000
20135.000000,43117.000000,46181.000000,22899.000000
20091.000000,43249.000000,46259.000000,22897.000000
20082.000000,43241.000000,46266.000000,22914.000000
20076.000000,43243.000000,46263.000000,22956.000000
20062.000000,43249.000000,46273.000000,22898.000000
20070.000000,43245.000000,46251.000000,22915.000000
20075.000000,43245.000000,46261.000000,22909.000000
20042.000000,43195.000000,46270.000000,22903.000000
20020.000000,43179.000000,46215.000000,22890.000000
20030.000000,43173.000000,46238.000000,22884.000000
19994.000000,43193.000000,46233.000000,22895.000000
20010.000000,43167.000000,46255.000000,22917.000000
20002.000000,43170.000000,46234.000000,22912.000000
19978.000000,43118.000000,46250.000000,22893.000000
19987.000000,43094.000000,46197.000000,22883.000000
19971.000000,43094.000000,46190.000000,22886.000000
19969.000000,43093.000000,46186.000000,22895.000000
19960.000000,43091.000000,46169.000000,22871.000000
19907.000000,43083.000000,46170.000000,22852.000000
19925.000000,43027.000000,46187.000000,22900.000000
19880.000000,43067.000000,46189.000000,22874.000000
19921.000000,43046.000000,46149.000000,22885.000000
19888.000000,43014.000000,46139.000000,22871.000000
19865.000000,43002.000000,46120.000000,22847.000000
19835.000000,43002.000000,46131.000000,22856.000000
19880.000000,42957.000000,46131.000000,22859.000000
19816.000000,42954.000000,46105.000000,22847.000000
19810.000000,42936.000000,46127.000000,22837.000000
19809.000000,42929.000000,46100.000000,22831.000000
19795.000000,42902.000000,46098.000000,22846.000000
19771.000000,42869.000000,46095.000000,22851.000000
19739.000000,42883.000000,46096.000000,22834.000000
19758.000000,42882.000000,46040.000000,22842.000000
19717.000000,42842.000000,46088.000000,22805.000000
19719.000000,42814.000000,46049.000000,22813.000000
19689.000000,42802.000000,46038.000000,22793.000000
19709.000000,42760.000000,46031.000000,22803.000000
19691.000000,42767.000000,46017.000000,22802.000000
19638.000000,42709.000000,46007.000000,22790.000000
19630.000000,42735.000000,45984.000000,22796.000000
19609.000000,42715.000000,45967.000000,22765.000000
19634.000000,42684.000000,45993.000000,22770.000000
19602.000000,42688.000000,45945.000000,22790.000000
19588.000000,42647.000000,45965.000000,22791.000000
19604.000000,42656.000000,45939.000000,22763.000000
19540.000000,42618.000000,45919.000000,22748.000000
19564.000000,42589.000000,45908.000000,22784.000000
19548.000000,42639.000000,45892.000000,22759.000000
19556.000000,42578.000000,45886.000000,22767.000000
19565.000000,42556.000000,45888.000000,22763.000000
19514.000000,42532.000000,45894.000000,22749.000000
19538.000000,42534.000000,45870.000000,22775.000000
19494.000000,42506.000000,45875.000000,22747.000000
19523.000000,42491.000000,45838.000000,22772.000000
19488.000000,42474.000000,45843.000000,22742.000000
19505.000000,42486.000000,45835.000000,22729.000000
19520.000000,42487.000000,45829.000000,22740.000000
19478.000000,42476.000000,45846.000000,22725.000000
19481.000000,42439.000000,45834.000000,22746.000000
19467.000000,42427.000000,45829.000000,22758.000000
19462.000000,42428.000000,45810.000000,22768.000000
19465.000000,42423.000000,45817.000000,22764.000000
19454.000000,42395.000000,45801.000000,22739.000000
19416.000000,42413.000000,45797.000000,22750.000000
19418.000000,42377.000000,45809.000000,22741.000000
19389.000000,42384.000000,45752.000000,22733.000000
19389.000000,42376.000000,45798.000000,22737.000000
19408.000000,42364.000000,45772.000000,22734.000000
19349.000000,42328.000000,45757.000000,22722.000000
19378.000000,42281.000000,45744.000000,22713.000000
19321.000000,42304.000000,45743.000000,22736.000000
19276.000000,42296.000000,45737.000000,22711.000000
19302.000000,42287.000000,45723.000000,22731.000000
19310.000000,42283.000000,45716.000000,22719.000000
19315.000000,42249.000000,45704.000000,22686.000000
19260.000000,42212.000000,45694.000000,22686.000000
19221.000000,42178.000000,45686.000000,22679.000000
19237.000000,42208.000000,45685.000000,22708.000000
19267.000000,42173.000000,45669.000000,22680.000000
19243.000000,42155.000000,45661.000000,22688.000000
19225.000000,42157.000000,45646.000000,22663.000000
19219.000000,42141.000000,45673.000000,22655.000000
19190.000000,42129.000000,45655.000000,22677.000000
19168.000000,42095.000000,45605.000000,22636.000000
19154.000000,42101.000000,45627.000000,22634.000000
19126.000000,42046.000000,45602.000000,22627.000000
19099.000000,42086.000000,45561.000000,22622.000000
19073.000000,42042.000000,45586.000000,22627.000000
19100.000000,42071.000000,45591.000000,22617.000000
19036.000000,42011.000000,45605.000000,22605.000000
19038.000000,41997.000000,45554.000000,22595.000000
19009.000000,41976.000000,45542.000000,22587.000000
18992.000000,41938.000000,45528.000000,22595.000000
18987.000000,41958.000000,45513.000000,22544.000000
18892.000000,41900.000000,45514.000000,22579.000000
18945.000000,41902.000000,45482.000000,22530.000000
18915.000000,41896.000000,45513.000000,22540.000000
18903.000000,41855.000000,45483.000000,22542.000000
18882.000000,41887.000000,45469.000000,22527.000000
18814.000000,41884.000000,45464.000000,22536.000000
18826.000000,41788.000000,45415.000000,22519.000000
18811.000000,41817.000000,45403.000000,22495.000000
18826.000000,41772.000000,45401.000000,22496.000000
18802.000000,41791.000000,45430.000000,22484.000000
18797.000000,41730.000000,45398.000000,22484.000000
18803.000000,41704.000000,45357.000000,22483.000000
18800.000000,41722.000000,45365.000000,22503.000000
18762.000000,41690.000000,45367.000000,22501.000000
18788.000000,41688.000000,45343.000000,22467.000000
18799.000000,41664.000000,45390.000000,22487.000000
18781.000000,41690.000000,45356.000000,22472.000000
18787.000000,41684.000000,45365.000000,22443.000000
18790.000000,41655.000000,45352.000000,22488.000000
18826.000000,41666.000000,45339.000000,22458.000000
18803.000000,41640.000000,45336.000000,22472.000000
18834.000000,41652.000000,45335.000000,22467.000000
18821.000000,41623.000000,45355.000000,22485.000000
18892.000000,41664.000000,45336.000000,22473.000000
18926.000000,41689.000000,45363.000000,22464.000000
18907.000000,41671.000000,45361.000000,22502.000000
18960.000000,41687.000000,45367.000000,22504.000000
18934.000000,41734.000000,45380.000000,22468.000000
18986.000000,41712.000000,45384.000000,22519.000000
19016.000000,41753.000000,45392.000000,22495.000000
19034.000000,41734.000000,45421.000000,22508.000000
19059.000000,41782.000000,45407.000000,22528.000000
19046.000000,41801.000000,45453.000000,22502.000000
19105.000000,41835.000000,45469.000000,22517.000000
19110.000000,41861.000000,45494.000000,22516.000000
19157.000000,41872.000000,45481.000000,22542.000000
19238.000000,41902.000000,45487.000000,22555.000000
19214.000000,41911.000000,45503.000000,22563.000000
19278.000000,41921.000000,45517.000000,22545.000000
19325.000000,41962.000000,45547.000000,22580.000000
19374.000000,42018.000000,45511.000000,22551.000000
19366.000000,42001.000000,45545.000000,22571.000000
19447.000000,42029.000000,45584.000000,22574.000000
19493.000000,42155.000000,45623.000000,22602.000000
19484.000000,42228.000000,45659.000000,22612.000000
19533.000000,42225.000000,45686.000000,22648.000000
19675.000000,42304.000000,45708.000000,22645.000000
19732.000000,42340.000000,45732.000000,22648.000000
19758.000000,42365.000000,45763.000000,22665.000000
19915.000000,42408.000000,45788.000000,22653.000000
19986.000000,42441.000000,45803.000000,22668.000000
19987.000000,42473.000000,45839.000000,22662.000000
20024.000000,42528.000000,45836.000000,22707.000000
20046.000000,42671.000000,45939.000000,22728.000000
20034.000000,42732.000000,45976.000000,22758.000000
20077.000000,42821.000000,46008.000000,22738.000000
20070.000000,42957.000000,46118.000000,22820.000000
20055.000000,43055.000000,46164.000000,22840.000000
20041.000000,43069.000000,46166.000000,22823.000000
20097.000000,43115.000000,46184.000000,22841.000000
20013.000000,43148.000000,46192.000000,22855.000000
19989.000000,43109.000000,46207.000000,22841.000000
19995.000000,43151.000000,46217.000000,22867.000000
19961.000000,43118.000000,46210.000000,22884.000000
19949.000000,43128.000000,46202.000000,22862.000000
19942.000000,43135.000000,46213.000000,22876.000000
19929.000000,43111.000000,46187.000000,22851.000000
19946.000000,43090.000000,46202.000000,22841.000000
19894.000000,43056.000000,46171.000000,22847.000000
19911.000000,43010.000000,46142.000000,22839.000000
19876.000000,43021.000000,46157.000000,22845.000000
19875.000000,43021.000000,46134.000000,22851.000000
19878.000000,43030.000000,46120.000000,22825.000000
19854.000000,42966.000000,46122.000000,22848.000000
19847.000000,42992.000000,46122.000000,22861.000000
19854.000000,42964.000000,46117.000000,22849.000000
19860.000000,42966.000000,46109.000000,22856.000000
19827.000000,42942.000000,46100.000000,22860.000000
19798.000000,42915.000000,46110.000000,22831.000000
19808.000000,42917.000000,46088.000000,22849.000000
19781.000000,42918.000000,46081.000000,22861.000000
19785.000000,42882.000000,46104.000000,22831.000000
19777.000000,42899.000000,46050.000000,22859.000000
19749.000000,42890.000000,46088.000000,22854.000000
19724.000000,42873.000000,46058.000000,22838.000000
19703.000000,42871.000000,46032.000000,22828.000000
19732.000000,42820.000000,46025.000000,22856.000000
19698.000000,42824.000000,46019.000000,22827.000000
19698.000000,42808.000000,46038.000000,22852.000000
19656.000000,42810.000000,46005.000000,22825.000000
19670.000000,42755.000000,46001.000000,22828.000000
19665.000000,42737.000000,45996.000000,22817.000000
19644.000000,42777.000000,46016.000000,22798.000000
19599.000000,42742.000000,45969.000000,22819.000000
19582.000000,42744.000000,46011.000000,22801.000000
19589.000000,42727.000000,45983.000000,22799.000000
19543.000000,42709.000000,45950.000000,22790.000000
19518.000000,42675.000000,45947.000000,22830.000000
19507.000000,42654.000000,45948.000000,22800.000000
19498.000000,42644.000000,45923.000000,22769.000000
19487.000000,42600.000000,45897.000000,22761.000000
19440.000000,42589.000000,45912.000000,22744.000000
19454.000000,42575.000000,45882.000000,22772.000000
19395.000000,42523.000000,45887.000000,22736.000000
19373.000000,42463.000000,45868.000000,22737.000000
19362.000000,42502.000000,45847.000000,22737.000000
19355.000000,42447.000000,45851.000000,22729.000000
19333.000000,42469.000000,45828.000000,22719.000000
19313.000000,42436.000000,45821.000000,22736.000000
19295.000000,42425.000000,45826.000000,22724.000000
19267.000000,42382.000000,45806.000000,22690.000000
19253.000000,42332.000000,45757.000000,22708.000000
19192.000000,42363.000000,45758.000000,22684.000000
19214.000000,42346.000000,45762.000000,22726.000000
19196.000000,42343.000000,45746.000000,22689.000000
19200.000000,42288.000000,45727.000000,22681.000000
19165.000000,42271.000000,45728.000000,22681.000000
19140.000000,42239.000000,45714.000000,22677.000000
19145.000000,42222.000000,45674.000000,22666.000000
19057.000000,42220.000000,45660.000000,22649.000000
19058.000000,42176.000000,45640.000000,22687.000000
19030.000000,42165.000000,45614.000000,22692.000000
19010.000000,42164.000000,45653.000000,22664.000000
18976.000000,42154.000000,45635.000000,22656.000000
18964.000000,42086.000000,45631.000000,22667.000000
18885.000000,42098.000000,45618.000000,22660.000000
18873.000000,42024.000000,45556.000000,22661.000000
18896.000000,41999.000000,45562.000000,22668.000000
18837.000000,41990.000000,45553.000000,22623.000000
18817.000000,41962.000000,45523.000000,22658.000000
18807.000000,41941.000000,45489.000000,22636.000000
18804.000000,41930.000000,45501.000000,22651.000000
18817.000000,41907.000000,45480.000000,22611.000000
18746.000000,41841.000000,45462.000000,22645.000000
18758.000000,41845.000000,45434.000000,22601.000000
18688.000000,41851.000000,45457.000000,22603.000000
18715.000000,41773.000000,45405.000000,22637.000000
18691.000000,41784.000000,45395.000000,22627.000000
18666.000000,41727.000000,45377.000000,22602.000000
18647.000000,41753.000000,45367.000000,22581.000000
18655.000000,41724.000000,45365.000000,22590.000000
18631.000000,41668.000000,45348.000000,22598.000000
18611.000000,41677.000000,45334.000000,22593.000000
18589.000000,41645.000000,45344.000000,22585.000000
18557.000000,41649.000000,45292.000000,22571.000000
18556.000000,41628.000000,45324.000000,22556.000000
18560.000000,41605.000000,45282.000000,22578.000000
18493.000000,41622.000000,45286.000000,22553.000000
18525.000000,41568.000000,45254.000000,22546.000000
18500.000000,41562.000000,45275.000000,22562.000000
18459.000000,41554.000000,45276.000000,22550.000000
18473.000000,41498.000000,45233.000000,22532.000000
18418.000000,41462.000000,45247.000000,22548.000000
18433.000000,41428.000000,45217.000000,22547.000000
18412.000000,41445.000000,45220.000000,22551.000000
18417.000000,41432.000000,45162.000000,22520.000000
18343.000000,41453.000000,45211.000000,22535.000000
18333.000000,41387.000000,45164.000000,22522.000000
18323.000000,41395.000000,45150.000000,22533.000000
18293.000000,41338.000000,45149.000000,22500.000000
18265.000000,41322.000000,45099.000000,22507.000000
18282.000000,41324.000000,45132.000000,22528.000000
18232.000000,41291.000000,45092.000000,22488.000000
18208.000000,41283.000000,45117.000000,22509.000000
18212.000000,41221.000000,45026.000000,22473.000000
18171.000000,41224.000000,45042.000000,22511.000000
18161.000000,41194.000000,45022.000000,22500.000000
18155.000000,41175.000000,44999.000000,22472.000000
18141.000000,41147.000000,44996.000000,22500.000000
18159.000000,41135.000000,44982.000000,22481.000000
18149.000000,41102.000000,44978.000000,22492.000000
18133.000000,41129.000000,44962.000000,22485.000000
18145.000000,41101.000000,44943.000000,22467.000000
18144.000000,41095.000000,44921.000000,22474.000000
18131.000000,41080.000000,44921.000000,22471.000000
18161.000000,41049.000000,44921.000000,22482.000000
18181.000000,41082.000000,44921.000000,22486.000000
18182.000000,41063.000000,44911.000000,22460.000000
18169.000000,41085.000000,44873.000000,22474.000000
18220.000000,41045.000000,44918.000000,22459.000000
18217.000000,41110.000000,44920.000000,22480.000000
18254.000000,41103.000000,44937.000000,22474.000000
18306.000000,41126.000000,44949.000000,22483.000000
18357.000000,41121.000000,44936.000000,22470.000000
18430.000000,41144.000000,44936.000000,22465.000000
18417.000000,41207.000000,44952.000000,22492.000000
18568.000000,41199.000000,44955.000000,22459.000000
18620.000000,41234.000000,44962.000000,22470.000000
18728.000000,41212.000000,45015.000000,22489.000000
18802.000000,41274.000000,44998.000000,22506.000000
18821.000000,41354.000000,45100.000000,22541.000000
18905.000000,41392.000000,45076.000000,22536.000000
18950.000000,41423.000000,45141.000000,22560.000000
19035.000000,41549.000000,45177.000000,22566.000000
19045.000000,41613.000000,45208.000000,22601.000000
19120.000000,41723.000000,45321.000000,22608.000000
19165.000000,41785.000000,45328.000000,22629.000000
19204.000000,41835.000000,45357.000000,22643.000000
19366.000000,41866.000000,45396.000000,22652.000000
19355.000000,41964.000000,45417.000000,22680.000000
19415.000000,42020.000000,45451.000000,22684.000000
19391.000000,42062.000000,45517.000000,22747.000000
19430.000000,42140.000000,45553.000000,22755.000000
19413.000000,42198.000000,45584.000000,22737.000000
19386.000000,42242.000000,45616.000000,22757.000000
19418.000000,42359.000000,45698.000000,22792.000000
19374.000000,42402.000000,45735.000000,22822.000000
19410.000000,42407.000000,45721.000000,22807.000000
19383.000000,42428.000000,45692.000000,22813.000000
19368.000000,42417.000000,45708.000000,22851.000000
19358.000000,42412.000000,45713.000000,22828.000000
19353.000000,42380.000000,45693.000000,22820.000000
19361.000000,42404.000000,45709.000000,22823.000000
19355.000000,42370.000000,45705.000000,22801.000000
19338.000000,42364.000000,45704.000000,22824.000000
19317.000000,42364.000000,45707.000000,22797.000000
19350.000000,42351.000000,45683.000000,22821.000000
19351.000000,42385.000000,45685.000000,22827.000000
19357.000000,42357.000000,45679.000000,22826.000000
19335.000000,42348.000000,45702.000000,22814.000000
19321.000000,42316.000000,45697.000000,22815.000000
19319.000000,42329.000000,45655.000000,22812.000000
19342.000000,42339.000000,45711.000000,22793.000000
19356.000000,42301.000000,45668.000000,22804.000000
19340.000000,42327.000000,45672.000000,22789.000000
19354.000000,42322.000000,45662.000000,22825.000000
19333.000000,42295.000000,45677.000000,22825.000000
19364.000000,42301.000000,45696.000000,22812.000000
19337.000000,42278.000000,45702.000000,22775.000000
19301.000000,42271.000000,45683.000000,22797.000000
19343.000000,42294.000000,45693.000000,22821.000000
19281.000000,42288.000000,45677.000000,22812.000000
19288.000000,42278.000000,45694.000000,22806.000000
19284.000000,42294.000000,45687.000000,22762.000000
19249.000000,42267.000000,45669.000000,22776.000000
19255.000000,42242.000000,45678.000000,22776.000000
19170.000000,42218.000000,45687.000000,22764.000000
19186.000000,42193.000000,45650.000000,22770.000000
19158.000000,42211.000000,45653.000000,22786.000000
19139.000000,42194.000000,45657.000000,22761.000000
19094.000000,42169.000000,45613.000000,22768.000000
19097.000000,42150.000000,45652.000000,22742.000000
19083.000000,42153.000000,45620.000000,22735.000000
19009.000000,42064.000000,45595.000000,22707.000000
19011.000000,42064.000000,45567.000000,22730.000000
19005.000000,42062.000000,45554.000000,22717.000000
18972.000000,42035.000000,45535.000000,22713.000000
18959.000000,42007.000000,45538.000000,22671.000000
18947.000000,41973.000000,45536.000000,22715.000000
18952.000000,41979.000000,45504.000000,22659.000000
18914.000000,41896.000000,45475.000000,22664.000000
18890.000000,41854.000000,45436.000000,22651.000000
18873.000000,41854.000000,45441.000000,22665.000000
18878.000000,41829.000000,45428.000000,22652.000000
18848.000000,41856.000000,45453.000000,22665.000000
18840.000000,41826.000000,45442.000000,22679.000000
18873.000000,41788.000000,45397.000000,22661.000000
18840.000000,41770.000000,45415.000000,22644.000000
18823.000000,41708.000000,45356.000000,22644.000000
18796.000000,41715.000000,45368.000000,22630.000000
18816.000000,41709.000000,45334.000000,22667.000000
18774.000000,41721.000000,45354.000000,22645.000000
18759.000000,41698.000000,45328.000000,22640.000000
18739.000000,41698.000000,45323.000000,22653.000000
18744.000000,41669.000000,45328.000000,22646.000000
18734.000000,41683.000000,45305.000000,22613.000000
18697.000000,41616.000000,45311.000000,22636.000000
18718.000000,41620.000000,45282.000000,22647.000000
18696.000000,41603.000000,45320.000000,22606.000000
18700.000000,41587.000000,45284.000000,22614.000000
18679.000000,41622.000000,45294.000000,22622.000000
18692.000000,41534.000000,45284.000000,22592.000000
18651.000000,41539.000000,45278.000000,22580.000000
18671.000000,41499.000000,45280.000000,22589.000000
18651.000000,41536.000000,45264.000000,22573.000000
18623.000000,41512.000000,45245.000000,22588.000000
18625.000000,41537.000000,45263.000000,22565.000000
18615.000000,41539.000000,45247.000000,22588.000000
18632.000000,41493.000000,45251.000000,22579.000000
18545.000000,41498.000000,45264.000000,22554.000000
18514.000000,41468.000000,45228.000000,22576.000000
18485.000000,41487.000000,45239.000000,22539.000000
18511.000000,41462.000000,45213.000000,22556.000000
18495.000000,41465.000000,45228.000000,22544.000000
18501.000000,41443.000000,45227.000000,22559.000000
18479.000000,41424.000000,45199.000000,22528.000000
18477.000000,41384.000000,45179.000000,22513.000000
18472.000000,41322.000000,45168.000000,22517.000000
18436.000000,41358.000000,45153.000000,22496.000000
18448.000000,41302.000000,45146.000000,22496.000000
18421.000000,41280.000000,45155.000000,22469.000000
18436.000000,41283.000000,45141.000000,22497.000000
18427.000000,41272.000000,45130.000000,22452.000000
18416.000000,41251.000000,45127.000000,22491.000000
18392.000000,41260.000000,45103.000000,22480.000000
18377.000000,41239.000000,45142.000000,22456.000000
18376.000000,41218.000000,45105.000000,22479.000000
18372.000000,41225.000000,45085.000000,22468.000000
18343.000000,41219.000000,45123.000000,22467.000000
18361.000000,41174.000000,45066.000000,22454.000000
18312.000000,41136.000000,45089.000000,22447.000000
18309.000000,41141.000000,45097.000000,22439.000000
18279.000000,41099.000000,45068.000000,22458.000000
18278.000000,41098.000000,45032.000000,22434.000000
18274.000000,41096.000000,45047.000000,22436.000000
18259.000000,41092.000000,45044.000000,22401.000000
18231.000000,41045.000000,45025.000000,22418.000000
18189.000000,41037.000000,45012.000000,22418.000000
18198.000000,41015.000000,45014.000000,22391.000000
18204.000000,41029.000000,44970.000000,22404.000000
18165.000000,41012.000000,44971.000000,22397.000000
18154.000000,40975.000000,44979.000000,22390.000000
18140.000000,40956.000000,44987.000000,22381.000000
18149.000000,40926.000000,44967.000000,22389.000000
18109.000000,40922.000000,44909.000000,22376.000000
18117.000000,40896.000000,44924.000000,22383.000000
18115.000000,40896.000000,44904.000000,22362.000000
18159.000000,40851.000000,44941.000000,22348.000000
18148.000000,40878.000000,44904.000000,22383.000000
18138.000000,40840.000000,44904.000000,22377.000000
18116.000000,40852.000000,44914.000000,22357.000000
18155.000000,40843.000000,44867.000000,22375.000000
18201.000000,40833.000000,44862.000000,22344.000000
18202.000000,40814.000000,44875.000000,22356.000000
18192.000000,40817.000000,44904.000000,22344.000000
18225.000000,40841.000000,44876.000000,22348.000000
18232.000000,40845.000000,44909.000000,22361.000000
18279.000000,40841.000000,44882.000000,22338.000000
18299.000000,40867.000000,44918.000000,22351.000000
18315.000000,40875.000000,44901.000000,22350.000000
18353.000000,40911.000000,44923.000000,22346.000000
18420.000000,40924.000000,44934.000000,22381.000000
18475.000000,40973.000000,44953.000000,22386.000000
18495.000000,40983.000000,44946.000000,22363.000000
18548.000000,40987.000000,44976.000000,22389.000000
18594.000000,41031.000000,44988.000000,22387.000000
18626.000000,41054.000000,45036.000000,22422.000000
18655.000000,41111.000000,45014.000000,22388.000000
18717.000000,41226.000000,45100.000000,22432.000000
18710.000000,41220.000000,45116.000000,22414.000000
18753.000000,41271.000000,45144.000000,22439.000000
18813.000000,41306.000000,45130.000000,22457.000000
18893.000000,41352.000000,45193.000000,22442.000000
18882.000000,41398.000000,45190.000000,22444.000000
18978.000000,41409.000000,45219.000000,22452.000000
19011.000000,41520.000000,45239.000000,22479.000000
19061.000000,41522.000000,45297.000000,22497.000000
19121.000000,41581.000000,45306.000000,22516.000000
19239.000000,41587.000000,45383.000000,22533.000000
19329.000000,41673.000000,45390.000000,22525.000000
19368.000000,41727.000000,45416.000000,22542.000000
19406.000000,41771.000000,45449.000000,22576.000000
19429.000000,41804.000000,45454.000000,22553.000000
19462.000000,41860.000000,45464.000000,22575.000000
19501.000000,41920.000000,45500.000000,22593.000000
19519.000000,42065.000000,45612.000000,22654.000000
19546.000000,42114.000000,45650.000000,22665.000000
19521.000000,42218.000000,45684.000000,22655.000000
19550.000000,42231.000000,45690.000000,22666.000000
19526.000000,42270.000000,45704.000000,22698.000000
19523.000000,42316.000000,45746.000000,22726.000000
19549.000000,42338.000000,45746.000000,22718.000000
19509.000000,42371.000000,45764.000000,22731.000000
19527.000000,42365.000000,45803.000000,22745.000000
19500.000000,42402.000000,45787.000000,22752.000000
19495.000000,42380.000000,45766.000000,22760.000000
19502.000000,42395.000000,45776.000000,22729.000000
19470.000000,42342.000000,45781.000000,22730.000000
19477.000000,42362.000000,45775.000000,22735.000000
19478.000000,42315.000000,45792.000000,22742.000000
19454.000000,42348.000000,45765.000000,22732.000000
19454.000000,42306.000000,45753.000000,22748.000000
19437.000000,42291.000000,45724.000000,22733.000000
19452.000000,42265.000000,45738.000000,22720.000000
19467.000000,42313.000000,45726.000000,22728.000000
19439.000000,42305.000000,45730.000000,22723.000000
19476.000000,42288.000000,45725.000000,22720.000000
19413.000000,42308.000000,45706.000000,22708.000000
19467.000000,42238.000000,45726.000000,22732.000000
19414.000000,42282.000000,45695.000000,22719.000000
19375.000000,42218.000000,45731.000000,22703.000000
19400.000000,42266.000000,45717.000000,22709.000000
19381.000000,42242.000000,45735.000000,22706.000000
19384.000000,42256.000000,45717.000000,22719.000000
19332.000000,42271.000000,45726.000000,22680.000000
19346.000000,42235.000000,45719.000000,22715.000000
19292.000000,42217.000000,45705.000000,22702.000000
19277.000000,42146.000000,45691.000000,22696.000000
19301.000000,42181.000000,45689.000000,22662.000000
19290.000000,42172.000000,45694.000000,22704.000000
19283.000000,42141.000000,45657.000000,22684.000000
19264.000000,42182.000000,45657.000000,22677.000000
19316.000000,42126.000000,45649.000000,22619.000000
19280.000000,42178.000000,45651.000000,22644.000000
19272.000000,42135.000000,45654.000000,22618.000000
19269.000000,42099.000000,45615.000000,22650.000000
19275.000000,42100.000000,45642.000000,22633.000000
19218.000000,42102.000000,45632.000000,22624.000000
19215.000000,42081.000000,45625.000000,22649.000000
19232.000000,42099.000000,45652.000000,22654.000000
19204.000000,42101.000000,45626.000000,22624.000000
19193.000000,42066.000000,45618.000000,22626.000000
19188.000000,42070.000000,45616.000000,22631.000000
19162.000000,42067.000000,45619.000000,22626.000000
19138.000000,42089.000000,45613.000000,22620.000000
19139.000000,42059.000000,45606.000000,22641.000000
19143.000000,42056.000000,45585.000000,22639.000000
19091.000000,42047.000000,45630.000000,22620.000000
19054.000000,42040.000000,45584.000000,22618.000000
19036.000000,41993.000000,45598.000000,22622.000000
19055.000000,42019.000000,45588.000000,22596.000000
19030.000000,41968.000000,45610.000000,22620.000000
19025.000000,41953.000000,45563.000000,22586.000000
18999.000000,41935.000000,45566.000000,22603.000000
19038.000000,41871.000000,45521.000000,22594.000000
19004.000000,41880.000000,45525.000000,22597.000000
19017.000000,41855.000000,45523.000000,22572.000000
18991.000000,41838.000000,45512.000000,22560.000000
19038.000000,41826.000000,45516.000000,22572.000000
18998.000000,41843.000000,45488.000000,22565.000000
18994.000000,41798.000000,45505.000000,22604.000000
18926.000000,41824.000000,45464.000000,22561.000000
18960.000000,41823.000000,45487.000000,22557.000000
18894.000000,41799.000000,45452.000000,22570.000000
18897.000000,41798.000000,45485.000000,22556.000000
18839.000000,41719.000000,45477.000000,22565.000000
18833.000000,41752.000000,45472.000000,22564.000000
18841.000000,41760.000000,45449.000000,22545.000000
18809.000000,41696.000000,45410.000000,22520.000000
18800.000000,41684.000000,45421.000000,22524.000000
18797.000000,41675.000000,45389.000000,22514.000000
18761.000000,41603.000000,45414.000000,22512.000000
18757.000000,41570.000000,45348.000000,22491.000000
18755.000000,41527.000000,45355.000000,22507.000000
18741.000000,41541.000000,45338.000000,22511.000000
18767.000000,41529.000000,45346.000000,22497.000000
18734.000000,41550.000000,45321.000000,22490.000000
18754.000000,41528.000000,45315.000000,22500.000000
18700.000000,41442.000000,45304.000000,22469.000000
18717.000000,41465.000000,45280.000000,22504.000000
18691.000000,41433.000000,45273.000000,22498.000000
18704.000000,41454.000000,45270.000000,22499.000000
18694.000000,41401.000000,45266.000000,22502.000000
18704.000000,41442.000000,45248.000000,22508.000000
18709.000000,41418.000000,45251.000000,22501.000000
18657.000000,41433.000000,45249.000000,22497.000000
18663.000000,41400.000000,45263.000000,22493.000000
18635.000000,41374.000000,45245.000000,22482.000000
18661.000000,41394.000000,45237.000000,22464.000000
18584.000000,41379.000000,45248.000000,22468.000000
18572.000000,41342.000000,45231.000000,22464.000000
18542.000000,41322.000000,45208.000000,22456.000000
18525.000000,41336.000000,45216.000000,22467.000000
18492.000000,41336.000000,45211.000000,22451.000000
18465.000000,41319.000000,45225.000000,22461.000000
18456.000000,41287.000000,45194.000000,22451.000000
18477.000000,41310.000000,45197.000000,22456.000000
18438.000000,41276.000000,45172.000000,22416.000000
18420.000000,41256.000000,45164.000000,22435.000000
18373.000000,41186.000000,45114.000000,22425.000000
18327.000000,41188.000000,45131.000000,22389.000000
18311.000000,41146.000000,45099.000000,22401.000000
18287.000000,41167.000000,45125.000000,22418.000000
18295.000000,41143.000000,45098.000000,22394.000000
18265.000000,41127.000000,45090.000000,22377.000000
18280.000000,41113.000000,45094.000000,22397.000000
18237.000000,41082.000000,45066.000000,22352.000000
18261.000000,41023.000000,45063.000000,22351.000000
18252.000000,40998.000000,45044.000000,22323.000000
18260.000000,40978.000000,45042.000000,22327.000000
18218.000000,41012.000000,44995.000000,22339.000000
18170.000000,40961.000000,45024.000000,22319.000000
18173.000000,40958.000000,45006.000000,22326.000000
18153.000000,40947.000000,44980.000000,22314.000000
18151.000000,40928.000000,44998.000000,22324.000000
18079.000000,40911.000000,44983.000000,22324.000000
18066.000000,40957.000000,44966.000000,22302.000000
18073.000000,40941.000000,44979.000000,22310.000000
18061.000000,40862.000000,44959.000000,22290.000000
18064.000000,40858.000000,44931.000000,22286.000000
18082.000000,40802.000000,44920.000000,22295.000000
18093.000000,40805.000000,44898.000000,22278.000000
18113.000000,40764.000000,44890.000000,22266.000000
18104.000000,40753.000000,44892.000000,22251.000000
18135.000000,40720.000000,44855.000000,22253.000000
18113.000000,40738.000000,44840.000000,22240.000000
18145.000000,40708.000000,44877.000000,22241.000000
18163.000000,40700.000000,44880.000000,22241.000000
18193.000000,40735.000000,44878.000000,22242.000000
18220.000000,40773.000000,44861.000000,22251.000000
18223.000000,40773.000000,44895.000000,22249.000000
18321.000000,40785.000000,44901.000000,22213.000000
18361.000000,40753.000000,44904.000000,22239.000000
18369.000000,40784.000000,44890.000000,22204.000000
18404.000000,40832.000000,44944.000000,22238.000000
18430.000000,40883.000000,44938.000000,22240.000000
18480.000000,40875.000000,44970.000000,22252.000000
18510.000000,40912.000000,44972.000000,22266.000000
18560.000000,41037.000000,45059.000000,22260.000000
18563.000000,41041.000000,45064.000000,22300.000000
18637.000000,41129.000000,45068.000000,22301.000000
18648.000000,41091.000000,45095.000000,22306.000000
18712.000000,41164.000000,45130.000000,22308.000000
18753.000000,41173.000000,45163.000000,22340.000000
18917.000000,41213.000000,45145.000000,22351.000000
18933.000000,41278.000000,45189.000000,22351.000000
19013.000000,41317.000000,45205.000000,22353.000000
19058.000000,41313.000000,45218.000000,22360.000000
19119.000000,41405.000000,45267.000000,22377.000000
19140.000000,41457.000000,45277.000000,22410.000000
19210.000000,41476.000000,45328.000000,22408.000000
19250.000000,41643.000000,45400.000000,22449.000000
19297.000000,41697.000000,45429.000000,22488.000000
19331.000000,41780.000000,45463.000000,22491.000000
19360.000000,41807.000000,45503.000000,22509.000000
19390.000000,41865.000000,45510.000000,22515.000000
19398.000000,41893.000000,45566.000000,22525.000000
19445.000000,41962.000000,45609.000000,22534.000000
19450.000000,42014.000000,45635.000000,22560.000000
19456.000000,42042.000000,45650.000000,22574.000000
19456.000000,42080.000000,45670.000000,22590.000000
19431.000000,42142.000000,45726.000000,22594.000000
19414.000000,42204.000000,45708.000000,22609.000000
19458.000000,42179.000000,45700.000000,22629.000000
19383.000000,42212.000000,45755.000000,22620.000000
19407.000000,42194.000000,45728.000000,22620.000000
19380.000000,42226.000000,45724.000000,22628.000000
19373.000000,42228.000000,45754.000000,22626.000000
19379.000000,42209.000000,45735.000000,22628.000000
19372.000000,42196.000000,45718.000000,22596.000000
19353.000000,42202.000000,45738.000000,22624.000000
19333.000000,42180.000000,45726.000000,22613.000000
19348.000000,42180.000000,45714.000000,22627.000000
19340.000000,42125.000000,45715.000000,22621.000000
19305.000000,42134.000000,45706.000000,22598.000000
19306.000000,42148.000000,45667.000000,22617.000000
19294.000000,42143.000000,45704.000000,22627.000000
19268.000000,42119.000000,45689.000000,22605.000000
19298.000000,42147.000000,45672.000000,22597.000000
19273.000000,42080.000000,45668.000000,22614.000000
19274.000000,42072.000000,45677.000000,22594.000000
19224.000000,42087.000000,45667.000000,22575.000000
19226.000000,42053.000000,45643.000000,22584.000000
19216.000000,42074.000000,45631.000000,22571.000000
19260.000000,42026.000000,45635.000000,22593.000000
19208.000000,42018.000000,45622.000000,22548.000000
19178.000000,42010.000000,45637.000000,22529.000000
19186.000000,41998.000000,45612.000000,22577.000000
19174.000000,42006.000000,45604.000000,22546.000000
19217.000000,41971.000000,45617.000000,22539.000000
19192.000000,42022.000000,45598.000000,22556.000000
19155.000000,41991.000000,45571.000000,22540.000000
19195.000000,41928.000000,45573.000000,22547.000000
19212.000000,41931.000000,45562.000000,22555.000000
19191.000000,41904.000000,45552.000000,22543.000000
19206.000000,41932.000000,45547.000000,22503.000000
19188.000000,41921.000000,45568.000000,22535.000000
19195.000000,41928.000000,45562.000000,22542.000000
19181.000000,41910.000000,45563.000000,22546.000000
19186.000000,41906.000000,45560.000000,22501.000000
19190.000000,41941.000000,45567.000000,22526.000000
19169.000000,41921.000000,45566.000000,22527.000000
19212.000000,41929.000000,45559.000000,22516.000000
19160.000000,41915.000000,45586.000000,22539.000000
19192.000000,41916.000000,45537.000000,22541.000000
19157.000000,41896.000000,45566.000000,22531.000000
19156.000000,41914.000000,45553.000000,22537.000000
19152.000000,41910.000000,45549.000000,22521.000000
19125.000000,41854.000000,45565.000000,22517.000000
19127.000000,41901.000000,45568.000000,22501.000000
19080.000000,41869.000000,45554.000000,22537.000000
19111.000000,41855.000000,45544.000000,22525.000000
19117.000000,41924.000000,45560.000000,22527.000000
19089.000000,41852.000000,45548.000000,22505.000000
19092.000000,41849.000000,45529.000000,22515.000000
19044.000000,41838.000000,45538.000000,22492.000000
19015.000000,41860.000000,45506.000000,22497.000000
19022.000000,41852.000000,45504.000000,22485.000000
18974.000000,41810.000000,45503.000000,22507.000000
18981.000000,41842.000000,45516.000000,22501.000000
18952.000000,41816.000000,45516.000000,22502.000000
18928.000000,41790.000000,45480.000000,22516.000000
18890.000000,41806.000000,45475.000000,22523.000000
18889.000000,41764.000000,45477.000000,22493.000000
18892.000000,41767.000000,45435.000000,22462.000000
18863.000000,41736.000000,45464.000000,22464.000000
18872.000000,41688.000000,45439.000000,22438.000000
18803.000000,41660.000000,45430.000000,22450.000000
18829.000000,41662.000000,45418.000000,22441.000000
18806.000000,41692.000000,45403.000000,22432.000000
18809.000000,41651.000000,45379.000000,22438.000000
18773.000000,41643.000000,45375.000000,22428.000000
18758.000000,41545.000000,45360.000000,22405.000000
18710.000000,41567.000000,45351.000000,22402.000000
18702.000000,41559.000000,45383.000000,22424.000000
18696.000000,41556.000000,45330.000000,22408.000000
18676.000000,41548.000000,45359.000000,22408.000000
18688.000000,41549.000000,45316.000000,22397.000000
18697.000000,41519.000000,45353.000000,22377.000000
18684.000000,41456.000000,45295.000000,22375.000000
18661.000000,41459.000000,45280.000000,22362.000000
18635.000000,41404.000000,45287.000000,22380.000000
18651.000000,41467.000000,45275.000000,22374.000000
18657.000000,41417.000000,45279.000000,22393.000000
18618.000000,41431.000000,45265.000000,22381.000000
18622.000000,41387.000000,45264.000000,22354.000000
18594.000000,41378.000000,45235.000000,22347.000000
18590.000000,41337.000000,45267.000000,22333.000000
18577.000000,41326.000000,45225.000000,22372.000000
18579.000000,41369.000000,45215.000000,22341.000000
18549.000000,41305.000000,45198.000000,22355.000000
18546.000000,41308.000000,45214.000000,22324.000000
18518.000000,41300.000000,45186.000000,22336.000000
18491.000000,41283.000000,45178.000000,22291.000000
18509.000000,41229.000000,45196.000000,22332.000000
18503.000000,41259.000000,45174.000000,22310.000000
18487.000000,41217.000000,45166.000000,22307.000000
18480.000000,41222.000000,45148.000000,22312.000000
18446.000000,41200.000000,45142.000000,22302.000000
18424.000000,41161.000000,45133.000000,22310.000000
18420.000000,41178.000000,45135.000000,22283.000000
18433.000000,41174.000000,45107.000000,22294.000000
18423.000000,41134.000000,45096.000000,22296.000000
18430.000000,41165.000000,45097.000000,22262.000000
18438.000000,41150.000000,45079.000000,22314.000000
18492.000000,41134.000000,45079.000000,22279.000000
18468.000000,41102.000000,45129.000000,22261.000000
18480.000000,41102.000000,45088.000000,22275.000000
18498.000000,41111.000000,45070.000000,22263.000000
18590.000000,41105.000000,45048.000000,22254.000000
18659.000000,41121.000000,45101.000000,22241.000000
18681.000000,41111.000000,45111.000000,22261.000000
18828.000000,41131.000000,45112.000000,22231.000000
18836.000000,41162.000000,45134.000000,22262.000000
18916.000000,41152.000000,45106.000000,22249.000000
18948.000000,41252.000000,45146.000000,22282.000000
19006.000000,41308.000000,45215.000000,22299.000000
19017.000000,41388.000000,45214.000000,22313.000000
19073.000000,41401.000000,45282.000000,22343.000000
19088.000000,41559.000000,45323.000000,22383.000000
19159.000000,41619.000000,45377.000000,22386.000000
19224.000000,41660.000000,45386.000000,22402.000000
19290.000000,41721.000000,45432.000000,22409.000000
19340.000000,41755.000000,45432.000000,22429.000000
19377.000000,41797.000000,45474.000000,22428.000000
19434.000000,41798.000000,45504.000000,22440.000000
19554.000000,41856.000000,45534.000000,22470.000000
19635.000000,41911.000000,45555.000000,22465.000000
19661.000000,42025.000000,45593.000000,22495.000000
19736.000000,42027.000000,45624.000000,22501.000000
19753.000000,42100.000000,45671.000000,22500.000000
19802.000000,42149.000000,45703.000000,22548.000000
19839.000000,42178.000000,45740.000000,22536.000000
19886.000000,42334.000000,45822.000000,22591.000000
19929.000000,42421.000000,45854.000000,22605.000000
19981.000000,42461.000000,45878.000000,22619.000000
20166.000000,42517.000000,45890.000000,22638.000000
20157.000000,42568.000000,45922.000000,22649.000000
20205.000000,42615.000000,45956.000000,22658.000000
20239.000000,42665.000000,45980.000000,22668.000000
20248.000000,42703.000000,46015.000000,22711.000000
20284.000000,42811.000000,46045.000000,22697.000000
20259.000000,42823.000000,46089.000000,22734.000000
20245.000000,43009.000000,46153.000000,22782.000000
20242.000000,43073.000000,46171.000000,22788.000000
20205.000000,43065.000000,46206.000000,22799.000000
20197.000000,43120.000000,46213.000000,22807.000000
20192.000000,43163.000000,46252.000000,22809.000000
20178.000000,43146.000000,46263.000000,22833.000000
20177.000000,43206.000000,46239.000000,22817.000000
20171.000000,43125.000000,46246.000000,22798.000000
20143.000000,43117.000000,46234.000000,22798.000000
20146.000000,43102.000000,46239.000000,22799.000000
20115.000000,43076.000000,46224.000000,22788.000000
20117.000000,43068.000000,46226.000000,22774.000000
20069.000000,43088.000000,46203.000000,22801.000000
20053.000000,43046.000000,46195.000000,22791.000000
20098.000000,43032.000000,46189.000000,22793.000000
20076.000000,43070.000000,46194.000000,22783.000000
20073.000000,43000.000000,46165.000000,22786.000000
20058.000000,43031.000000,46173.000000,22772.000000
20065.000000,42986.000000,46182.000000,22768.000000
20027.000000,42974.000000,46141.000000,22784.000000
20029.000000,42959.000000,46145.000000,22772.000000
19997.000000,42907.000000,46139.000000,22741.000000
20003.000000,42911.000000,46127.000000,22743.000000
19974.000000,42903.000000,46129.000000,22760.000000
19993.000000,42893.000000,46112.000000,22738.000000
19994.000000,42913.000000,46094.000000,22734.000000
19948.000000,42878.000000,46082.000000,22775.000000
19970.000000,42865.000000,46094.000000,22761.000000
19954.000000,42918.000000,46104.000000,22755.000000
19971.000000,42862.000000,46092.000000,22753.000000
19936.000000,42845.000000,46072.000000,22738.000000
19947.000000,42847.000000,46083.000000,22723.000000
19911.000000,42850.000000,46065.000000,22714.000000
19948.000000,42825.000000,46098.000000,22743.000000
19913.000000,42833.000000,46068.000000,22722.000000
19887.000000,42806.000000,46083.000000,22714.000000
19889.000000,42791.000000,46049.000000,22700.000000
19867.000000,42787.000000,46048.000000,22706.000000
19870.000000,42749.000000,46027.000000,22719.000000
19837.000000,42771.000000,46055.000000,22706.000000
19855.000000,42720.000000,46029.000000,22718.000000
19811.000000,42754.000000,45997.000000,22692.000000
19833.000000,42704.000000,46003.000000,22694.000000
19781.000000,42750.000000,46008.000000,22694.000000
19778.000000,42674.000000,46009.000000,22698.000000
19769.000000,42719.000000,45990.000000,22669.000000
19783.000000,42669.000000,46008.000000,22706.000000
19712.000000,42700.000000,45977.000000,22698.000000
19761.000000,42631.000000,45990.000000,22677.000000
19714.000000,42673.000000,45983.000000,22676.000000
19694.000000,42637.000000,45949.000000,22673.000000
19712.000000,42587.000000,45940.000000,22673.000000
19701.000000,42647.000000,45915.000000,22673.000000
19710.000000,42618.000000,45946.000000,22681.000000
19667.000000,42622.000000,45939.000000,22662.000000
19696.000000,42561.000000,45908.000000,22686.000000
19665.000000,42584.000000,45920.000000,22651.000000
19666.000000,42572.000000,45935.000000,22656.000000
19639.000000,42545.000000,45900.000000,22636.000000
19642.000000,42569.000000,45918.000000,22647.000000
19637.000000,42516.000000,45892.000000,22639.000000
19581.000000,42494.000000,45899.000000,22648.000000
19617.000000,42523.000000,45885.000000,22644.000000
19562.000000,42507.000000,45900.000000,22629.000000
19539.000000,42476.000000,45873.000000,22626.000000
19545.000000,42467.000000,45853.000000,22614.000000
19520.000000,42453.000000,45872.000000,22611.000000
19509.000000,42481.000000,45856.000000,22605.000000
19507.000000,42437.000000,45860.000000,22625.000000
19448.000000,42443.000000,45841.000000,22625.000000
19447.000000,42418.000000,45815.000000,22590.000000
19413.000000,42377.000000,45789.000000,22618.000000
19409.000000,42384.000000,45790.000000,22597.000000
19419.000000,42358.000000,45803.000000,22586.000000
19415.000000,42344.000000,45787.000000,22598.000000
19401.000000,42359.000000,45793.000000,22584.000000
19382.000000,42307.000000,45775.000000,22596.000000
19399.000000,42287.000000,45768.000000,22586.000000
19364.000000,42289.000000,45746.000000,22561.000000
19355.000000,42285.000000,45735.000000,22557.000000
19343.000000,42250.000000,45727.000000,22561.000000
19309.000000,42222.000000,45717.000000,22545.000000
19338.000000,42264.000000,45725.000000,22546.000000
19298.000000,42211.000000,45687.000000,22564.000000
19317.000000,42214.000000,45707.000000,22579.000000
19298.000000,42201.000000,45711.000000,22532.000000
19285.000000,42176.000000,45682.000000,22542.000000
19267.000000,42188.000000,45675.000000,22556.000000
19283.000000,42160.000000,45682.000000,22561.000000
19239.000000,42147.000000,45658.000000,22535.000000
19271.000000,42139.000000,45643.000000,22566.000000
19210.000000,42131.000000,45669.000000,22517.000000
19214.000000,42140.000000,45668.000000,22538.000000
19208.000000,42125.000000,45666.000000,22545.000000
19169.000000,42109.000000,45646.000000,22513.000000
19193.000000,42108.000000,45645.000000,22505.000000
19145.000000,42078.000000,45649.000000,22506.000000
19156.000000,42049.000000,45651.000000,22517.000000
19171.000000,42068.000000,45609.000000,22497.000000
19148.000000,42066.000000,45610.000000,22509.000000
19147.000000,42014.000000,45605.000000,22471.000000
19129.000000,42006.000000,45591.000000,22480.000000
19128.000000,41997.000000,45544.000000,22503.000000
19117.000000,41982.000000,45576.000000,22493.000000
19121.000000,41968.000000,45537.000000,22507.000000
19098.000000,42001.000000,45552.000000,22452.000000
19086.000000,41977.000000,45549.000000,22476.000000
19079.000000,41953.000000,45562.000000,22461.000000
19042.000000,41918.000000,45584.000000,22465.000000
19049.000000,41953.000000,45547.000000,22472.000000
19007.000000,41923.000000,45578.000000,22456.000000
18998.000000,41921.000000,45535.000000,22472.000000
18992.000000,41887.000000,45520.000000,22442.000000
19017.000000,41877.000000,45511.000000,22452.000000
19006.000000,41902.000000,45512.000000,22418.000000
19003.000000,41866.000000,45514.000000,22451.000000
19025.000000,41888.000000,45495.000000,22443.000000
19033.000000,41845.000000,45494.000000,22440.000000
19053.000000,41819.000000,45488.000000,22396.000000
19114.000000,41812.000000,45465.000000,22397.000000
19149.000000,41786.000000,45440.000000,22397.000000
19146.000000,41771.000000,45449.000000,22414.000000
19202.000000,41815.000000,45487.000000,22409.000000
19231.000000,41839.000000,45493.000000,22418.000000
19228.000000,41820.000000,45505.000000,22416.000000
19274.000000,41829.000000,45496.000000,22432.000000
19323.000000,41921.000000,45496.000000,22410.000000
19330.000000,41907.000000,45532.000000,22412.000000
19381.000000,41941.000000,45547.000000,22404.000000
19517.000000,42001.000000,45597.000000,22439.000000
19574.000000,42016.000000,45596.000000,22446.000000
19604.000000,42109.000000,45635.000000,22452.000000
19654.000000,42063.000000,45633.000000,22425.000000
19675.000000,42129.000000,45639.000000,22452.000000
19711.000000,42162.000000,45648.000000,22470.000000
19769.000000,42161.000000,45698.000000,22469.000000
19788.000000,42358.000000,45771.000000,22500.000000
19866.000000,42399.000000,45831.000000,22524.000000
19846.000000,42482.000000,45828.000000,22534.000000
19919.000000,42470.000000,45867.000000,22526.000000
19941.000000,42548.000000,45871.000000,22559.000000
19997.000000,42542.000000,45907.000000,22557.000000
20067.000000,42596.000000,45943.000000,22585.000000
20153.000000,42643.000000,45959.000000,22581.000000
20247.000000,42674.000000,46008.000000,22620.000000
20264.000000,42735.000000,46024.000000,22595.000000
20340.000000,42773.000000,46007.000000,22615.000000
20373.000000,42847.000000,46065.000000,22653.000000
20354.000000,42883.000000,46098.000000,22652.000000
20384.000000,42922.000000,46091.000000,22657.000000
20396.000000,43088.000000,46220.000000,22719.000000
20418.000000,43116.000000,46263.000000,22740.000000
20396.000000,43197.000000,46274.000000,22721.000000
20404.000000,43236.000000,46300.000000,22748.000000
20399.000000,43257.000000,46294.000000,22736.000000
20383.000000,43295.000000,46315.000000,22788.000000
20362.000000,43322.000000,46330.000000,22786.000000
20367.000000,43329.000000,46342.000000,22778.000000
20354.000000,43351.000000,46354.000000,22761.000000
20348.000000,43310.000000,46378.000000,22772.000000
20346.000000,43306.000000,46332.000000,22773.000000
20330.000000,43308.000000,46318.000000,22783.000000
20334.000000,43289.000000,46313.000000,22797.000000
20335.000000,43299.000000,46322.000000,22792.000000
20312.000000,43275.000000,46338.000000,22775.000000
20311.000000,43299.000000,46314.000000,22765.000000
20313.000000,43239.000000,46335.000000,22774.000000
20321.000000,43267.000000,46307.000000,22765.000000
20314.000000,43220.000000,46319.000000,22767.000000
20303.000000,43222.000000,46299.000000,22787.000000
20253.000000,43249.000000,46318.000000,22744.000000
20313.000000,43169.000000,46267.000000,22768.000000
20251.000000,43232.000000,46297.000000,22765.000000
20280.000000,43179.000000,46293.000000,22782.000000
20253.000000,43201.000000,46274.000000,22756.000000
20266.000000,43154.000000,46308.000000,22759.000000
20207.000000,43191.000000,46271.000000,22784.000000
20193.000000,43149.000000,46252.000000,22739.000000
20225.000000,43149.000000,46248.000000,22772.000000
20180.000000,43139.000000,46257.000000,22755.000000
20198.000000,43116.000000,46236.000000,22751.000000
20171.000000,43111.000000,46214.000000,22738.000000
20158.000000,43116.000000,46238.000000,22744.000000
20149.000000,43094.000000,46225.000000,22740.000000
20151.000000,43073.000000,46199.000000,22717.000000
20140.000000,43059.000000,46210.000000,22709.000000
20142.000000,43052.000000,46202.000000,22713.000000
20110.000000,43027.000000,46169.000000,22715.000000
20083.000000,43060.000000,46189.000000,22721.000000
20086.000000,43018.000000,46182.000000,22728.000000
20041.000000,43064.000000,46161.000000,22708.000000
20026.000000,43008.000000,46142.000000,22697.000000
20032.000000,42994.000000,46150.000000,22690.000000
19990.000000,42981.000000,46151.000000,22696.000000
20009.000000,42954.000000,46150.000000,22689.000000
19978.000000,42957.000000,46128.000000,22684.000000
19996.000000,42950.000000,46113.000000,22665.000000
19965.000000,42918.000000,46128.000000,22646.000000
19944.000000,42884.000000,46093.000000,22682.000000
19911.000000,42890.000000,46081.000000,22619.000000
19906.000000,42844.000000,46074.000000,22663.000000
19906.000000,42842.000000,46080.000000,22637.000000
19867.000000,42823.000000,46078.000000,22633.000000
19864.000000,42814.000000,46048.000000,22662.000000
19835.000000,42838.000000,46050.000000,22665.000000
19834.000000,42819.000000,46041.000000,22661.000000
19809.000000,42771.000000,46026.000000,22623.000000
19812.000000,42784.000000,46009.000000,22621.000000
19818.000000,42723.000000,46030.000000,22619.000000
19790.000000,42744.000000,45997.000000,22621.000000
19810.000000,42690.000000,45990.000000,22630.000000
19785.000000,42695.000000,46008.000000,22600.000000
19745.000000,42702.000000,46006.000000,22584.000000
19762.000000,42680.000000,45950.000000,22592.000000
19741.000000,42688.000000,45989.000000,22597.000000
19739.000000,42652.000000,45959.000000,22597.000000
19753.000000,42657.000000,45957.000000,22591.000000
19748.000000,42602.000000,45949.000000,22595.000000
19727.000000,42637.000000,45937.000000,22588.000000
19680.000000,42603.000000,45943.000000,22591.000000
19715.000000,42573.000000,45927.000000,22551.000000
19651.000000,42630.000000,45953.000000,22557.000000
19702.000000,42577.000000,45930.000000,22559.000000
19646.000000,42614.000000,45923.000000,22559.000000
19617.000000,42590.000000,45909.000000,22568.000000
19636.000000,42566.000000,45928.000000,22526.000000
19598.000000,42538.000000,45909.000000,22554.000000
19606.000000,42508.000000,45894.000000,22533.000000
19576.000000,42504.000000,45899.000000,22535.000000
19588.000000,42510.000000,45869.000000,22541.000000
19570.000000,42488.000000,45861.000000,22531.000000
19584.000000,42422.000000,45873.000000,22536.000000
19559.000000,42449.000000,45846.000000,22494.000000
19538.000000,42416.000000,45870.000000,22492.000000
19552.000000,42433.000000,45837.000000,22496.000000
19550.000000,42423.000000,45864.000000,22506.000000
19531.000000,42404.000000,45829.000000,22495.000000
19510.000000,42401.000000,45827.000000,22477.000000
19528.000000,42405.000000,45830.000000,22492.000000
19493.000000,42408.000000,45818.000000,22465.000000
19505.000000,42398.000000,45820.000000,22475.000000
19482.000000,42397.000000,45813.000000,22472.000000
19487.000000,42365.000000,45809.000000,22465.000000
19474.000000,42387.000000,45834.000000,22455.000000
19476.000000,42377.000000,45838.000000,22470.000000
19465.000000,42380.000000,45800.000000,22475.000000
19437.000000,42350.000000,45795.000000,22460.000000
19421.000000,42343.000000,45800.000000,22457.000000
19379.000000,42351.000000,45792.000000,22441.000000
19376.000000,42328.000000,45772.000000,22451.000000
19394.000000,42354.000000,45785.000000,22445.000000
19382.000000,42307.000000,45779.000000,22433.000000
19381.000000,42350.000000,45747.000000,22402.000000
19407.000000,42317.000000,45752.000000,22438.000000
19377.000000,42295.000000,45762.000000,22420.000000
19392.000000,42265.000000,45732.000000,22398.000000
19402.000000,42242.000000,45734.000000,22401.000000
19412.000000,42243.000000,45719.000000,22407.000000
19416.000000,42238.000000,45724.000000,22405.000000
19407.000000,42232.000000,45700.000000,22374.000000
19423.000000,42206.000000,45710.000000,22388.000000
19461.000000,42218.000000,45696.000000,22397.000000
19517.000000,42242.000000,45709.000000,22392.000000
19475.000000,42278.000000,45714.000000,22399.000000
19556.000000,42230.000000,45748.000000,22410.000000
19554.000000,42264.000000,45727.000000,22398.000000
19594.000000,42243.000000,45754.000000,22391.000000
19618.000000,42290.000000,45756.000000,22388.000000
19608.000000,42336.000000,45755.000000,22375.000000
19675.000000,42303.000000,45775.000000,22420.000000
19672.000000,42348.000000,45796.000000,22398.000000
19728.000000,42362.000000,45784.000000,22415.000000
19768.000000,42416.000000,45802.000000,22425.000000
19779.000000,42414.000000,45835.000000,22436.000000
19855.000000,42433.000000,45851.000000,22421.000000
19861.000000,42455.000000,45860.000000,22449.000000
19905.000000,42518.000000,45886.000000,22457.000000
19928.000000,42523.000000,45904.000000,22457.000000
20011.000000,42552.000000,45910.000000,22460.000000
20029.000000,42597.000000,45928.000000,22458.000000
20135.000000,42639.000000,45933.000000,22488.000000
20166.000000,42649.000000,45950.000000,22492.000000
20180.000000,42676.000000,46004.000000,22546.000000
20251.000000,42721.000000,46025.000000,22525.000000
20294.000000,42789.000000,46035.000000,22521.000000
20377.000000,42817.000000,46047.000000,22544.000000
20425.000000,42852.000000,46076.000000,22544.000000
20454.000000,42954.000000,46143.000000,22575.000000
20517.000000,43028.000000,46165.000000,22610.000000
20592.000000,43095.000000,46234.000000,22597.000000
20587.000000,43105.000000,46229.000000,22653.000000
20608.000000,43185.000000,46266.000000,22628.000000
20664.000000,43238.000000,46313.000000,22640.000000
20661.000000,43296.000000,46336.000000,22658.000000
20675.000000,43333.000000,46362.000000,22685.000000
20661.000000,43372.000000,46391.000000,22703.000000
20644.000000,43467.000000,46423.000000,22697.000000
20675.000000,43477.000000,46477.000000,22726.000000
20636.000000,43554.000000,46456.000000,22740.000000
20633.000000,43561.000000,46487.000000,22740.000000
20599.000000,43597.000000,46494.000000,22760.000000
20591.000000,43608.000000,46508.000000,22758.000000
20593.000000,43612.000000,46531.000000,22744.000000
20575.000000,43577.000000,46506.000000,22748.000000
20543.000000,43590.000000,46510.000000,22759.000000
20496.000000,43566.000000,46520.000000,22761.000000
20500.000000,43543.000000,46489.000000,22742.000000
20473.000000,43561.000000,46504.000000,22754.000000
20473.000000,43555.000000,46477.000000,22739.000000
20441.000000,43548.000000,46468.000000,22763.000000
20436.000000,43520.000000,46450.000000,22743.000000
20418.000000,43495.000000,46427.000000,22728.000000
20435.000000,43424.000000,46421.000000,22731.000000
20422.000000,43465.000000,46387.000000,22684.000000
20363.000000,43424.000000,46404.000000,22709.000000
20407.000000,43379.000000,46408.000000,22700.000000
20348.000000,43402.000000,46398.000000,22695.000000
20327.000000,43366.000000,46362.000000,22689.000000
20339.000000,43378.000000,46378.000000,22676.000000
20331.000000,43316.000000,46348.000000,22689.000000
20330.000000,43362.000000,46350.000000,22688.000000
20275.000000,43259.000000,46346.000000,22651.000000
20260.000000,43267.000000,46305.000000,22674.000000
20250.000000,43266.000000,46332.000000,22693.000000
20265.000000,43231.000000,46283.000000,22661.000000
20239.000000,43204.000000,46287.000000,22669.000000
20249.000000,43204.000000,46275.000000,22666.000000
20259.000000,43211.000000,46253.000000,22644.000000
20201.000000,43110.000000,46231.000000,22637.000000
20224.000000,43113.000000,46233.000000,22621.000000
20187.000000,43126.000000,46229.000000,22617.000000
20197.000000,43092.000000,46208.000000,22640.000000
20153.000000,43097.000000,46188.000000,22618.000000
20187.000000,43075.000000,46195.000000,22644.000000
20140.000000,43055.000000,46195.000000,22636.000000
20145.000000,43040.000000,46197.000000,22607.000000
20128.000000,43011.000000,46164.000000,22619.000000
20124.000000,43017.000000,46175.000000,22589.000000
20136.000000,42989.000000,46148.000000,22612.000000
20108.000000,42965.000000,46151.000000,22605.000000
20095.000000,42966.000000,46121.000000,22632.000000
20081.000000,42958.000000,46124.000000,22619.000000
20088.000000,42936.000000,46119.000000,22619.000000
20041.000000,42948.000000,46104.000000,22592.000000
20049.000000,42897.000000,46091.000000,22615.000000
19987.000000,42913.000000,46089.000000,22603.000000
19992.000000,42901.000000,46113.000000,22583.000000
19955.000000,42895.000000,46098.000000,22584.000000
19940.000000,42864.000000,46103.000000,22600.000000
19950.000000,42867.000000,46082.000000,22583.000000
19918.000000,42870.000000,46097.000000,22575.000000
19940.000000,42859.000000,46055.000000,22566.000000
19935.000000,42804.000000,46073.000000,22519.000000
19920.000000,42792.000000,46046.000000,22550.000000
19889.000000,42781.000000,46033.000000,22529.000000
19884.000000,42719.000000,46012.000000,22535.000000
19864.000000,42744.000000,46003.000000,22537.000000
19899.000000,42727.000000,46008.000000,22519.000000
19858.000000,42711.000000,45986.000000,22518.000000
19851.000000,42682.000000,45993.000000,22528.000000
19845.000000,42737.000000,45966.000000,22539.000000
19850.000000,42677.000000,45993.000000,22501.000000
19863.000000,42674.000000,45963.000000,22505.000000
19820.000000,42694.000000,45966.000000,22499.000000
19848.000000,42621.000000,45950.000000,22499.000000
19832.000000,42637.000000,45933.000000,22454.000000
19869.000000,42640.000000,45932.000000,22509.000000
19837.000000,42647.000000,45941.000000,22487.000000
19830.000000,42581.000000,45925.000000,22496.000000
19806.000000,42621.000000,45930.000000,22480.000000
19798.000000,42593.000000,45946.000000,22491.000000
19829.000000,42621.000000,45910.000000,22493.000000
19772.000000,42622.000000,45981.000000,22475.000000
19803.000000,42624.000000,45918.000000,22479.000000
19775.000000,42604.000000,45908.000000,22480.000000
19761.000000,42593.000000,45911.000000,22485.000000
19777.000000,42587.000000,45890.000000,22477.000000
19692.000000,42579.000000,45903.000000,22457.000000
19726.000000,42559.000000,45919.000000,22456.000000
19706.000000,42549.000000,45903.000000,22451.000000
19715.000000,42531.000000,45887.000000,22463.000000
19682.000000,42579.000000,45865.000000,22459.000000
19663.000000,42549.000000,45869.000000,22435.000000
19651.000000,42533.000000,45859.000000,22418.000000
19645.000000,42523.000000,45868.000000,22418.000000
19671.000000,42471.000000,45857.000000,22434.000000
19691.000000,42501.000000,45843.000000,22439.000000
19635.000000,42450.000000,45824.000000,22401.000000
19638.000000,42469.000000,45848.000000,22408.000000
19617.000000,42496.000000,45876.000000,22410.000000
19628.000000,42454.000000,45831.000000,22387.000000
19592.000000,42480.000000,45844.000000,22432.000000
19586.000000,42451.000000,45827.000000,22425.000000
19577.000000,42459.000000,45778.000000,22411.000000
19550.000000,42447.000000,45865.000000,22429.000000
19557.000000,42437.000000,45828.000000,22405.000000
19483.000000,42458.000000,45837.000000,22428.000000
19501.000000,42462.000000,45808.000000,22378.000000
19429.000000,42466.000000,45814.000000,22404.000000
19388.000000,42425.000000,45804.000000,22379.000000
19386.000000,42431.000000,45793.000000,22394.000000
19337.000000,42419.000000,45802.000000,22392.000000
19380.000000,42406.000000,45779.000000,22358.000000
19358.000000,42358.000000,45797.000000,22323.000000
19330.000000,42331.000000,45745.000000,22362.000000
19368.000000,42277.000000,45699.000000,22311.000000
19344.000000,42233.000000,45717.000000,22297.000000
19358.000000,42242.000000,45686.000000,22270.000000
19338.000000,42212.000000,45687.000000,22278.000000
19368.000000,42212.000000,45677.000000,22265.000000
19357.000000,42212.000000,45675.000000,22278.000000
19375.000000,42189.000000,45671.000000,22283.000000
19387.000000,42190.000000,45659.000000,22297.000000
19399.000000,42175.000000,45633.000000,22287.000000
19449.000000,42198.000000,45667.000000,22295.000000
19411.000000,42196.000000,45656.000000,22278.000000
19473.000000,42206.000000,45695.000000,22289.000000
19537.000000,42227.000000,45701.000000,22291.000000
19550.000000,42212.000000,45680.000000,22332.000000
19571.000000,42229.000000,45673.000000,22310.000000
19611.000000,42238.000000,45722.000000,22317.000000
19656.000000,42268.000000,45679.000000,22303.000000
19673.000000,42286.000000,45739.000000,22327.000000
19745.000000,42342.000000,45725.000000,22319.000000
19783.000000,42404.000000,45778.000000,22352.000000
19818.000000,42406.000000,45794.000000,22344.000000
19852.000000,42464.000000,45822.000000,22369.000000
19878.000000,42476.000000,45815.000000,22398.000000
19910.000000,42481.000000,45832.000000,22361.000000
20008.000000,42548.000000,45879.000000,22388.000000
20051.000000,42588.000000,45904.000000,22403.000000
20094.000000,42709.000000,45925.000000,22448.000000
20160.000000,42731.000000,45968.000000,22429.000000
20188.000000,42743.000000,45975.000000,22438.000000
20222.000000,42753.000000,46024.000000,22441.000000
20346.000000,42830.000000,46006.000000,22454.000000
20382.000000,42942.000000,46096.000000,22483.000000
20378.000000,42969.000000,46115.000000,22505.000000
20413.000000,43049.000000,46158.000000,22516.000000
20386.000000,43087.000000,46213.000000,22519.000000
20421.000000,43123.000000,46223.000000,22548.000000
20416.000000,43182.000000,46248.000000,22546.000000
20396.000000,43333.000000,46325.000000,22577.000000
20359.000000,43342.000000,46330.000000,22590.000000
20358.000000,43387.000000,46353.000000,22607.000000
20369.000000,43421.000000,46358.000000,22607.000000
20378.000000,43402.000000,46402.000000,22606.000000
20346.000000,43407.000000,46350.000000,22590.000000
20346.000000,43414.000000,46381.000000,22624.000000
20366.000000,43410.000000,46350.000000,22614.000000
20295.000000,43405.000000,46343.000000,22597.000000
20317.000000,43377.000000,46360.000000,22601.000000
20302.000000,43364.000000,46365.000000,22607.000000
20319.000000,43341.000000,46306.000000,22595.000000
20271.000000,43328.000000,46317.000000,22585.000000
20263.000000,43325.000000,46305.000000,22596.000000
20269.000000,43273.000000,46306.000000,22598.000000
20250.000000,43292.000000,46301.000000,22599.000000
20278.000000,43285.000000,46286.000000,22575.000000
20259.000000,43279.000000,46289.000000,22570.000000
20261.000000,43243.000000,46263.000000,22573.000000
20235.000000,43240.000000,46268.000000,22565.000000
20233.000000,43207.000000,46247.000000,22569.000000
20241.000000,43220.000000,46267.000000,22559.000000
20207.000000,43221.000000,46236.000000,22552.000000
20221.000000,43160.000000,46240.000000,22545.000000
20240.000000,43195.000000,46220.000000,22565.000000
20219.000000,43171.000000,46220.000000,22550.000000
20187.000000,43167.000000,46207.000000,22530.000000
20196.000000,43129.000000,46233.000000,22562.000000
20239.000000,43099.000000,46185.000000,22542.000000
20177.000000,43120.000000,46207.000000,22568.000000
20181.000000,43105.000000,46196.000000,22548.000000
20138.000000,43102.000000,46180.000000,22539.000000
20183.000000,43099.000000,46202.000000,22548.000000
20119.000000,43098.000000,46212.000000,22558.000000
20162.000000,43078.000000,46166.000000,22563.000000
20133.000000,43095.000000,46185.000000,22569.000000
20088.000000,43059.000000,46181.000000,22538.000000
20132.000000,43008.000000,46155.000000,22544.000000
20069.000000,43060.000000,46137.000000,22512.000000
20095.000000,43022.000000,46146.000000,22536.000000
20069.000000,43013.000000,46171.000000,22518.000000
20090.000000,43045.000000,46164.000000,22510.000000
20070.000000,43004.000000,46154.000000,22516.000000
20083.000000,43007.000000,46167.000000,22516.000000
20043.000000,42977.000000,46160.000000,22524.000000
20034.000000,43002.000000,46157.000000,22493.000000
20054.000000,43016.000000,46143.000000,22514.000000
20059.000000,42976.000000,46109.000000,22505.000000
20026.000000,42939.000000,46118.000000,22505.000000
20021.000000,42984.000000,46114.000000,22513.000000
20017.000000,42965.000000,46125.000000,22503.000000
19977.000000,42953.000000,46123.000000,22507.000000
19988.000000,42952.000000,46124.000000,22487.000000
19973.000000,42946.000000,46113.000000,22520.000000
19958.000000,42909.000000,46093.000000,22488.000000
19976.000000,42909.000000,46102.000000,22481.000000
19949.000000,42924.000000,46088.000000,22482.000000
19943.000000,42912.000000,46092.000000,22486.000000
19950.000000,42889.000000,46044.000000,22494.000000
19920.000000,42899.000000,46078.000000,22482.000000
19935.000000,42833.000000,46045.000000,22484.000000
19890.000000,42872.000000,46008.000000,22468.000000
19931.000000,42822.000000,46060.000000,22478.000000
19896.000000,42836.000000,46068.000000,22481.000000
19911.000000,42787.000000,46050.000000,22465.000000
19898.000000,42815.000000,46033.000000,22463.000000
19892.000000,42814.000000,46036.000000,22475.000000
19888.000000,42793.000000,46038.000000,22445.000000
19871.000000,42773.000000,46035.000000,22448.000000
19898.000000,42753.000000,46005.000000,22470.000000
19832.000000,42788.000000,46014.000000,22453.000000
19837.000000,42736.000000,45988.000000,22450.000000
19803.000000,42762.000000,45986.000000,22442.000000
19797.000000,42733.000000,45968.000000,22446.000000
19791.000000,42769.000000,45972.000000,22447.000000
19783.000000,42696.000000,45995.000000,22459.000000
19805.000000,42705.000000,45950.000000,22450.000000
19773.000000,42655.000000,45966.000000,22441.000000
19809.000000,42678.000000,45941.000000,22443.000000
19775.000000,42686.000000,45946.000000,22428.000000
19750.000000,42640.000000,45941.000000,22458.000000
19738.000000,42664.000000,45951.000000,22433.000000
19751.000000,42654.000000,45961.000000,22477.000000
19733.000000,42651.000000,45948.000000,22424.000000
19702.000000,42628.000000,45957.000000,22415.000000
19702.000000,42630.000000,45897.000000,22473.000000
19679.000000,42594.000000,45943.000000,22448.000000
19731.000000,42629.000000,45920.000000,22458.000000
19671.000000,42642.000000,45916.000000,22416.000000
19704.000000,42592.000000,45895.000000,22427.000000
19668.000000,42610.000000,45892.000000,22431.000000
19675.000000,42587.000000,45858.000000,22437.000000
19665.000000,42578.000000,45885.000000,22427.000000
19667.000000,42532.000000,45878.000000,22406.000000
19689.000000,42571.000000,45847.000000,22435.000000
19671.000000,42556.000000,45917.000000,22395.000000
19677.000000,42560.000000,45868.000000,22416.000000
19630.000000,42582.000000,45846.000000,22422.000000
19663.000000,42541.000000,45852.000000,22404.000000
19654.000000,42584.000000,45838.000000,22417.000000
19656.000000,42541.000000,45862.000000,22407.000000
19677.000000,42539.000000,45842.000000,22431.000000
19627.000000,42530.000000,45869.000000,22397.000000
19646.000000,42530.000000,45850.000000,22418.000000
19627.000000,42532.000000,45827.000000,22408.000000
19638.000000,42521.000000,45830.000000,22417.000000
19611.000000,42516.000000,45828.000000,22408.000000
19628.000000,42485.000000,45829.000000,22399.000000
19599.000000,42472.000000,45805.000000,22372.000000
19636.000000,42464.000000,45816.000000,22387.000000
19622.000000,42454.000000,45810.000000,22402.000000
19646.000000,42432.000000,45814.000000,22369.000000
19588.000000,42468.000000,45757.000000,22343.000000
19653.000000,42390.000000,45790.000000,22359.000000
19622.000000,42448.000000,45783.000000,22357.000000
19650.000000,42442.000000,45787.000000,22358.000000
19665.000000,42426.000000,45766.000000,22333.000000
19653.000000,42414.000000,45797.000000,22341.000000
19665.000000,42464.000000,45787.000000,22330.000000
19685.000000,42471.000000,45784.000000,22356.000000
19688.000000,42456.000000,45817.000000,22360.000000
19759.000000,42501.000000,45822.000000,22351.000000
19808.000000,42500.000000,45815.000000,22381.000000
19790.000000,42544.000000,45819.000000,22335.000000
19828.000000,42519.000000,45843.000000,22373.000000
19804.000000,42544.000000,45851.000000,22355.000000
19908.000000,42573.000000,45844.000000,22396.000000
19959.000000,42585.000000,45894.000000,22381.000000
20012.000000,42663.000000,45924.000000,22375.000000
20070.000000,42667.000000,45895.000000,22394.000000
20085.000000,42657.000000,45938.000000,22363.000000
20162.000000,42703.000000,45929.000000,22421.000000
20177.000000,42751.000000,45952.000000,22387.000000
20232.000000,42859.000000,46006.000000,22417.000000
20260.000000,42884.000000,46021.000000,22431.000000
20315.000000,42911.000000,46050.000000,22463.000000
20399.000000,42944.000000,46084.000000,22444.000000
20398.000000,43000.000000,46100.000000,22470.000000
20487.000000,43042.000000,46111.000000,22474.000000
20511.000000,43105.000000,46153.000000,22515.000000
20575.000000,43154.000000,46181.000000,22505.000000
20571.000000,43178.000000,46224.000000,22520.000000
20634.000000,43262.000000,46233.000000,22550.000000
20638.000000,43321.000000,46278.000000,22552.000000
20653.000000,43369.000000,46304.000000,22586.000000
20678.000000,43441.000000,46343.000000,22559.000000
20672.000000,43450.000000,46371.000000,22605.000000
20658.000000,43501.000000,46380.000000,22603.000000
20607.000000,43508.000000,46411.000000,22618.000000
20653.000000,43525.000000,46391.000000,22614.000000
20614.000000,43554.000000,46459.000000,22636.000000
20642.000000,43579.000000,46460.000000,22651.000000
20586.000000,43617.000000,46430.000000,22646.000000
20603.000000,43574.000000,46459.000000,22655.000000
20601.000000,43591.000000,46429.000000,22665.000000
20591.000000,43554.000000,46444.000000,22641.000000
20572.000000,43597.000000,46438.000000,22629.000000
20587.000000,43577.000000,46432.000000,22656.000000
20567.000000,43556.000000,46434.000000,22639.000000
20539.000000,43569.000000,46435.000000,22659.000000
20549.000000,43527.000000,46422.000000,22638.000000
20526.000000,43565.000000,46423.000000,22619.000000
20526.000000,43533.000000,46426.000000,22630.000000
20506.000000,43568.000000,46437.000000,22637.000000
20520.000000,43545.000000,46380.000000,22629.000000
20494.000000,43545.000000,46426.000000,22633.000000
20486.000000,43539.000000,46458.000000,22655.000000
20460.000000,43535.000000,46435.000000,22630.000000
20439.000000,43533.000000,46435.000000,22631.000000
20350.000000,43543.000000,46421.000000,22618.000000
20352.000000,43524.000000,46410.000000,22617.000000
20316.000000,43538.000000,46404.000000,22660.000000
20304.000000,43483.000000,46415.000000,22620.000000
20287.000000,43484.000000,46400.000000,22607.000000
20280.000000,43476.000000,46395.000000,22610.000000
20248.000000,43437.000000,46365.000000,22571.000000
20267.000000,43349.000000,46339.000000,22568.000000
20254.000000,43362.000000,46321.000000,22561.000000
20235.000000,43360.000000,46322.000000,22545.000000
20225.000000,43319.000000,46296.000000,22549.000000
20210.000000,43339.000000,46310.000000,22534.000000
20222.000000,43337.000000,46301.000000,22536.000000
20159.000000,43312.000000,46293.000000,22547.000000
20168.000000,43280.000000,46246.000000,22542.000000
20152.000000,43276.000000,46290.000000,22561.000000
20153.000000,43258.000000,46254.000000,22527.000000
20113.000000,43245.000000,46244.000000,22540.000000
20124.000000,43200.000000,46261.000000,22538.000000
20099.000000,43232.000000,46231.000000,22534.000000
20116.000000,43178.000000,46226.000000,22537.000000
20076.000000,43179.000000,46190.000000,22523.000000
20077.000000,43189.000000,46201.000000,22520.000000
20041.000000,43157.000000,46186.000000,22517.000000
20069.000000,43158.000000,46191.000000,22521.000000
20039.000000,43124.000000,46147.000000,22499.000000
20004.000000,43160.000000,46195.000000,22508.000000
20002.000000,43115.000000,46143.000000,22516.000000
19966.000000,43125.000000,46128.000000,22493.000000
19987.000000,43079.000000,46138.000000,22519.000000
19948.000000,43100.000000,46154.000000,22479.000000
19900.000000,43063.000000,46135.000000,22479.000000
19889.000000,43047.000000,46123.000000,22493.000000
19867.000000,43053.000000,46114.000000,22488.000000
19887.000000,43000.000000,46069.000000,22504.000000
19816.000000,42998.000000,46078.000000,22463.000000
19833.000000,42982.000000,46069.000000,22488.000000
19801.000000,42975.000000,46041.000000,22482.000000
19813.000000,42911.000000,46049.000000,22478.000000
19752.000000,42909.000000,46011.000000,22456.000000
19755.000000,42888.000000,46022.000000,22440.000000
19718.000000,42891.000000,45998.000000,22428.000000
19734.000000,42859.000000,46008.000000,22451.000000
19702.000000,42837.000000,46000.000000,22446.000000
19675.000000,42845.000000,45996.000000,22422.000000
19634.000000,42785.000000,45962.000000,22439.000000
19666.000000,42809.000000,45952.000000,22422.000000
19659.000000,42738.000000,45941.000000,22454.000000
19627.000000,42800.000000,45947.000000,22436.000000
19641.000000,42734.000000,45910.000000,22434.000000
19587.000000,42732.000000,45932.000000,22397.000000
19605.000000,42687.000000,45909.000000,22408.000000
19576.000000,42724.000000,45871.000000,22413.000000
19613.000000,42687.000000,45913.000000,22398.000000
19579.000000,42683.000000,45876.000000,22378.000000
19564.000000,42666.000000,45862.000000,22367.000000
19575.000000,42640.000000,45844.000000,22376.000000
19559.000000,42665.000000,45881.000000,22371.000000
19538.000000,42635.000000,45853.000000,22377.000000
19508.000000,42619.000000,45871.000000,22394.000000
19512.000000,42602.000000,45847.000000,22361.000000
19449.000000,42594.000000,45849.000000,22345.000000
19443.000000,42586.000000,45850.000000,22353.000000
19429.000000,42598.000000,45845.000000,22345.000000
19431.000000,42552.000000,45844.000000,22356.000000
19405.000000,42532.000000,45810.000000,22344.000000
19395.000000,42525.000000,45812.000000,22323.000000
19372.000000,42531.000000,45818.000000,22335.000000
19365.000000,42471.000000,45791.000000,22348.000000
19383.000000,42459.000000,45765.000000,22325.000000
19346.000000,42441.000000,45752.000000,22327.000000
19387.000000,42444.000000,45751.000000,22350.000000
19339.000000,42477.000000,45765.000000,22334.000000
19356.000000,42447.000000,45754.000000,22329.000000
19343.000000,42459.000000,45735.000000,22347.000000
19359.000000,42385.000000,45720.000000,22328.000000
19398.000000,42432.000000,45712.000000,22325.000000
19370.000000,42415.000000,45740.000000,22334.000000
19418.000000,42404.000000,45709.000000,22323.000000
19403.000000,42376.000000,45750.000000,22355.000000
19470.000000,42360.000000,45713.000000,22347.000000
19444.000000,42392.000000,45714.000000,22338.000000
19498.000000,42332.000000,45725.000000,22315.000000
19478.000000,42363.000000,45693.000000,22324.000000
19524.000000,42366.000000,45721.000000,22315.000000
19517.000000,42379.000000,45726.000000,22327.000000
19610.000000,42401.000000,45736.000000,22308.000000
19638.000000,42391.000000,45748.000000,22308.000000
19680.000000,42409.000000,45760.000000,22291.000000
19728.000000,42395.000000,45746.000000,22340.000000
19788.000000,42410.000000,45781.000000,22312.000000
19867.000000,42402.000000,45764.000000,22319.000000
19831.000000,42469.000000,45791.000000,22310.000000
19879.000000,42500.000000,45859.000000,22312.000000
19895.000000,42512.000000,45858.000000,22306.000000
19932.000000,42540.000000,45901.000000,22299.000000
19955.000000,42592.000000,45950.000000,22320.000000
19929.000000,42603.000000,45950.000000,22334.000000
19966.000000,42635.000000,45964.000000,22318.000000
19971.000000,42686.000000,46010.000000,22344.000000
19980.000000,42670.000000,46005.000000,22349.000000
20020.000000,42728.000000,46021.000000,22336.000000
20024.000000,42734.000000,46030.000000,22345.000000
20048.000000,42743.000000,46010.000000,22374.000000
20114.000000,42761.000000,46045.000000,22391.000000
20070.000000,42805.000000,46059.000000,22346.000000
20146.000000,42789.000000,46047.000000,22381.000000
20191.000000,42800.000000,46081.000000,22365.000000
20223.000000,42848.000000,46097.000000,22382.000000
20291.000000,42854.000000,46077.000000,22391.000000
20308.000000,42887.000000,46125.000000,22421.000000
20373.000000,42928.000000,46105.000000,22407.000000
20350.000000,42942.000000,46162.000000,22409.000000
20420.000000,43062.000000,46183.000000,22487.000000
20473.000000,43082.000000,46190.000000,22467.000000
20524.000000,43132.000000,46242.000000,22489.000000
20677.000000,43160.000000,46236.000000,22488.000000
20780.000000,43222.000000,46275.000000,22525.000000
20815.000000,43243.000000,46296.000000,22560.000000
20844.000000,43273.000000,46367.000000,22581.000000
20914.000000,43341.000000,46359.000000,22579.000000
20931.000000,43390.000000,46402.000000,22591.000000
20950.000000,43462.000000,46437.000000,22623.000000
20940.000000,43721.000000,46559.000000,22696.000000
20934.000000,43792.000000,46629.000000,22714.000000
20944.000000,43813.000000,46632.000000,22711.000000
20919.000000,43864.000000,46657.000000,22730.000000
20892.000000,43932.000000,46703.000000,22736.000000
20906.000000,43979.000000,46743.000000,22765.000000
20887.000000,43990.000000,46732.000000,22772.000000
20867.000000,43983.000000,46748.000000,22770.000000
20853.000000,43978.000000,46730.000000,22764.000000
20794.000000,44015.000000,46712.000000,22718.000000
20855.000000,43949.000000,46727.000000,22762.000000
20828.000000,43968.000000,46697.000000,22728.000000
20784.000000,43919.000000,46690.000000,22748.000000
20777.000000,43945.000000,46668.000000,22717.000000
20783.000000,43920.000000,46668.000000,22689.000000
20697.000000,43911.000000,46663.000000,22690.000000
20696.000000,43866.000000,46673.000000,22703.000000
20646.000000,43866.000000,46660.000000,22694.000000
20671.000000,43851.000000,46683.000000,22687.000000
20608.000000,43791.000000,46642.000000,22699.000000
20613.000000,43808.000000,46626.000000,22662.000000
20621.000000,43771.000000,46623.000000,22687.000000
20553.000000,43747.000000,46579.000000,22655.000000
20602.000000,43721.000000,46554.000000,22676.000000
20553.000000,43702.000000,46569.000000,22636.000000
20529.000000,43642.000000,46523.000000,22643.000000
20521.000000,43688.000000,46510.000000,22641.000000
20469.000000,43643.000000,46542.000000,22660.000000
20425.000000,43672.000000,46516.000000,22606.000000
20430.000000,43646.000000,46485.000000,22668.000000
20442.000000,43643.000000,46525.000000,22655.000000
20429.000000,43609.000000,46474.000000,22639.000000
20385.000000,43618.000000,46475.000000,22608.000000
20405.000000,43603.000000,46488.000000,22606.000000
20363.000000,43543.000000,46457.000000,22583.000000
20382.000000,43528.000000,46460.000000,22594.000000
20363.000000,43502.000000,46419.000000,22592.000000
20391.000000,43463.000000,46426.000000,22579.000000
20375.000000,43489.000000,46417.000000,22559.000000
20412.000000,43435.000000,46425.000000,22574.000000
20391.000000,43451.000000,46412.000000,22553.000000
20380.000000,43445.000000,46388.000000,22566.000000
20382.000000,43392.000000,46377.000000,22511.000000
20347.000000,43370.000000,46403.000000,22563.000000
20314.000000,43367.000000,46370.000000,22541.000000
20324.000000,43408.000000,46411.000000,22503.000000
20283.000000,43364.000000,46371.000000,22526.000000
20280.000000,43349.000000,46413.000000,22538.000000
20276.000000,43354.000000,46365.000000,22521.000000
20221.000000,43356.000000,46354.000000,22506.000000
20215.000000,43327.000000,46357.000000,22548.000000
20200.000000,43335.000000,46341.000000,22546.000000
20143.000000,43312.000000,46357.000000,22522.000000
20125.000000,43282.000000,46352.000000,22508.000000
20119.000000,43256.000000,46336.000000,22518.000000
20095.000000,43256.000000,46300.000000,22496.000000
20090.000000,43216.000000,46294.000000,22489.000000
20044.000000,43195.000000,46258.000000,22480.000000
20076.000000,43176.000000,46275.000000,22487.000000
20028.000000,43119.000000,46224.000000,22465.000000
20023.000000,43117.000000,46217.000000,22461.000000
19973.000000,43056.000000,46230.000000,22463.000000
19951.000000,43041.000000,46220.000000,22449.000000
19925.000000,43033.000000,46195.000000,22452.000000
19925.000000,43041.000000,46195.000000,22443.000000
19895.000000,43034.000000,46169.000000,22437.000000
19883.000000,42979.000000,46152.000000,22413.000000
19884.000000,42972.000000,46135.000000,22455.000000
19845.000000,42953.000000,46132.000000,22421.000000
19806.000000,42914.000000,46149.000000,22413.000000
19847.000000,42868.000000,46069.000000,22399.000000
19799.000000,42864.000000,46056.000000,22373.000000
19778.000000,42846.000000,46082.000000,22402.000000
19763.000000,42832.000000,46066.000000,22382.000000
19746.000000,42787.000000,46055.000000,22394.000000
19741.000000,42764.000000,46030.000000,22395.000000
19701.000000,42791.000000,46046.000000,22366.000000
19701.000000,42698.000000,46054.000000,22364.000000
19681.000000,42727.000000,46005.000000,22359.000000
19692.000000,42717.000000,46001.000000,22352.000000
19645.000000,42690.000000,45986.000000,22324.000000
19694.000000,42657.000000,46007.000000,22328.000000
19677.000000,42651.000000,45993.000000,22358.000000
19678.000000,42646.000000,46004.000000,22342.000000
19709.000000,42641.000000,45987.000000,22321.000000
19712.000000,42645.000000,45955.000000,22320.000000
19741.000000,42617.000000,45929.000000,22332.000000
19766.000000,42621.000000,45955.000000,22329.000000
19890.000000,42597.000000,45953.000000,22337.000000
19876.000000,42614.000000,45965.000000,22323.000000
19908.000000,42596.000000,45964.000000,22334.000000
19881.000000,42599.000000,45951.000000,22325.000000
19907.000000,42607.000000,45986.000000,22308.000000
19923.000000,42596.000000,45974.000000,22308.000000
19903.000000,42614.000000,45998.000000,22304.000000
19913.000000,42639.000000,46021.000000,22353.000000
19889.000000,42723.000000,46032.000000,22343.000000
19920.000000,42689.000000,46067.000000,22321.000000
19856.000000,42705.000000,46036.000000,22325.000000
19885.000000,42696.000000,46029.000000,22350.000000
19882.000000,42699.000000,46048.000000,22327.000000
19852.000000,42696.000000,46040.000000,22340.000000
19886.000000,42677.000000,46046.000000,22344.000000
19836.000000,42678.000000,46069.000000,22318.000000
19849.000000,42675.000000,46032.000000,22347.000000
19867.000000,42675.000000,46014.000000,22329.000000
19878.000000,42662.000000,46034.000000,22323.000000
19850.000000,42678.000000,46030.000000,22332.000000
19812.000000,42636.000000,46011.000000,22324.000000
19842.000000,42655.000000,45999.000000,22303.000000
19835.000000,42618.000000,46028.000000,22332.000000
19849.000000,42620.000000,46024.000000,22328.000000
19809.000000,42614.000000,45983.000000,22310.000000
19814.000000,42584.000000,46002.000000,22303.000000
19802.000000,42608.000000,46014.000000,22295.000000
19774.000000,42574.000000,46011.000000,22301.000000
19790.000000,42586.000000,46001.000000,22312.000000
19751.000000,42586.000000,45983.000000,22311.000000
19769.000000,42582.000000,45996.000000,22293.000000
19790.000000,42587.000000,45973.000000,22316.000000
19752.000000,42566.000000,45957.000000,22312.000000
19783.000000,42571.000000,45968.000000,22284.000000
19820.000000,42539.000000,45965.000000,22271.000000
19797.000000,42518.000000,45973.000000,22302.000000
19868.000000,42556.000000,45955.000000,22299.000000
19910.000000,42558.000000,45978.000000,22308.000000
19896.000000,42561.000000,45979.000000,22293.000000
19969.000000,42563.000000,45994.000000,22278.000000
19952.000000,42614.000000,46014.000000,22311.000000
19984.000000,42614.000000,45993.000000,22292.000000
19993.000000,42625.000000,46004.000000,22314.000000
20042.000000,42644.000000,46041.000000,22300.000000
20032.000000,42714.000000,46068.000000,22333.000000
20064.000000,42736.000000,46080.000000,22358.000000
20085.000000,42770.000000,46081.000000,22342.000000
20146.000000,42800.000000,46102.000000,22349.000000
20161.000000,42822.000000,46128.000000,22335.000000
20198.000000,42839.000000,46168.000000,22361.000000
20218.000000,42885.000000,46182.000000,22360.000000
20265.000000,42915.000000,46203.000000,22395.000000
20341.000000,42961.000000,46203.000000,22420.000000
20429.000000,42984.000000,46206.000000,22398.000000
20479.000000,43015.000000,46235.000000,22382.000000
20498.000000,43063.000000,46260.000000,22434.000000
20570.000000,43061.000000,46286.000000,22416.000000
20562.000000,43148.000000,46277.000000,22434.000000
20664.000000,43155.000000,46307.000000,22435.000000
20830.000000,43189.000000,46321.000000,22435.000000
20874.000000,43302.000000,46428.000000,22460.000000
20903.000000,43310.000000,46435.000000,22463.000000
20944.000000,43374.000000,46444.000000,22469.000000
20984.000000,43437.000000,46458.000000,22501.000000
21023.000000,43471.000000,46504.000000,22501.000000
21028.000000,43534.000000,46540.000000,22521.000000
21021.000000,43701.000000,46653.000000,22552.000000
21015.000000,43772.000000,46667.000000,22571.000000
21009.000000,43832.000000,46698.000000,22597.000000
20953.000000,43881.000000,46744.000000,22628.000000
20949.000000,43951.000000,46799.000000,22627.000000
20894.000000,43961.000000,46770.000000,22669.000000
20889.000000,43956.000000,46806.000000,22644.000000
20886.000000,43976.000000,46790.000000,22654.000000
20869.000000,44003.000000,46750.000000,22652.000000
20854.000000,43914.000000,46758.000000,22645.000000
20816.000000,43911.000000,46778.000000,22624.000000
20826.000000,43900.000000,46734.000000,22663.000000
20800.000000,43867.000000,46723.000000,22649.000000
20821.000000,43871.000000,46727.000000,22664.000000
20807.000000,43869.000000,46718.000000,22631.000000
20763.000000,43847.000000,46739.000000,22630.000000
20772.000000,43849.000000,46695.000000,22645.000000
20759.000000,43857.000000,46761.000000,22622.000000
20768.000000,43825.000000,46726.000000,22659.000000
20735.000000,43865.000000,46714.000000,22642.000000
20735.000000,43805.000000,46697.000000,22646.000000
20724.000000,43817.000000,46736.000000,22606.000000
20722.000000,43814.000000,46707.000000,22640.000000
20717.000000,43807.000000,46698.000000,22638.000000
20676.000000,43804.000000,46683.000000,22652.000000
20666.000000,43816.000000,46716.000000,22624.000000
20669.000000,43781.000000,46704.000000,22658.000000
20640.000000,43816.000000,46705.000000,22651.000000
20657.000000,43789.000000,46687.000000,22653.000000
20622.000000,43797.000000,46681.000000,22640.000000
20645.000000,43773.000000,46702.000000,22640.000000
20604.000000,43743.000000,46660.000000,22609.000000
20628.000000,43738.000000,46687.000000,22651.000000
20608.000000,43727.000000,46643.000000,22649.000000
20601.000000,43710.000000,46644.000000,22654.000000
20560.000000,43682.000000,46662.000000,22611.000000
20562.000000,43687.000000,46642.000000,22622.000000
20564.000000,43655.000000,46623.000000,22613.000000
20556.000000,43651.000000,46644.000000,22602.000000
20516.000000,43641.000000,46602.000000,22612.000000
20514.000000,43628.000000,46616.000000,22610.000000
20507.000000,43644.000000,46597.000000,22597.000000
20485.000000,43625.000000,46579.000000,22601.000000
20486.000000,43573.000000,46611.000000,22573.000000
20447.000000,43623.000000,46589.000000,22594.000000
20485.000000,43573.000000,46568.000000,22557.000000
20447.000000,43585.000000,46565.000000,22586.000000
20467.000000,43552.000000,46549.000000,22555.000000
20440.000000,43516.000000,46518.000000,22557.000000
20461.000000,43496.000000,46513.000000,22545.000000
20429.000000,43492.000000,46500.000000,22561.000000
20428.000000,43470.000000,46528.000000,22533.000000
20422.000000,43453.000000,46517.000000,22553.000000
20405.000000,43504.000000,46509.000000,22539.000000
20355.000000,43438.000000,46487.000000,22561.000000
20336.000000,43510.000000,46494.000000,22539.000000
20325.000000,43445.000000,46483.000000,22575.000000
20315.000000,43458.000000,46485.000000,22559.000000
20290.000000,43421.000000,46485.000000,22552.000000
20273.000000,43429.000000,46480.000000,22536.000000
20276.000000,43418.000000,46490.000000,22568.000000
20228.000000,43407.000000,46434.000000,22524.000000
20250.000000,43375.000000,46461.000000,22531.000000
20181.000000,43371.000000,46452.000000,22547.000000
20206.000000,43360.000000,46450.000000,22554.000000
20208.000000,43356.000000,46436.000000,22517.000000
20179.000000,43324.000000,46459.000000,22521.000000
20160.000000,43325.000000,46395.000000,22502.000000
20156.000000,43269.000000,46397.000000,22511.000000
20183.000000,43261.000000,46402.000000,22481.000000
20145.000000,43283.000000,46399.000000,22497.000000
20184.000000,43241.000000,46377.000000,22492.000000
20147.000000,43251.000000,46352.000000,22500.000000
20139.000000,43264.000000,46367.000000,22495.000000
20147.000000,43216.000000,46364.000000,22482.000000
20122.000000,43231.000000,46366.000000,22487.000000
20087.000000,43205.000000,46364.000000,22509.000000
20121.000000,43206.000000,46367.000000,22477.000000
20082.000000,43217.000000,46337.000000,22486.000000
20066.000000,43181.000000,46350.000000,22470.000000
20013.000000,43201.000000,46309.000000,22482.000000
20029.000000,43166.000000,46364.000000,22502.000000
20046.000000,43181.000000,46332.000000,22491.000000
20048.000000,43187.000000,46309.000000,22499.000000
20012.000000,43110.000000,46295.000000,22494.000000
19994.000000,43126.000000,46300.000000,22502.000000
19998.000000,43125.000000,46302.000000,22507.000000
19982.000000,43098.000000,46289.000000,22510.000000
19980.000000,43088.000000,46289.000000,22478.000000
19957.000000,43099.000000,46295.000000,22508.000000
19968.000000,43073.000000,46259.000000,22493.000000
19926.000000,43109.000000,46262.000000,22488.000000
19941.000000,43052.000000,46219.000000,22477.000000
19886.000000,43050.000000,46256.000000,22461.000000
19917.000000,43043.000000,46233.000000,22480.000000
19863.000000,43055.000000,46246.000000,22489.000000
19875.000000,42996.000000,46241.000000,22504.000000
19851.000000,42982.000000,46246.000000,22471.000000
19847.000000,42947.000000,46221.000000,22476.000000
19814.000000,42940.000000,46225.000000,22489.000000
19803.000000,42923.000000,46196.000000,22457.000000
19762.000000,42912.000000,46191.000000,22447.000000
19748.000000,42909.000000,46182.000000,22441.000000
19748.000000,42884.000000,46192.000000,22448.000000
19775.000000,42865.000000,46213.000000,22446.000000
19764.000000,42851.000000,46151.000000,22424.000000
19787.000000,42828.000000,46149.000000,22430.000000
19758.000000,42786.000000,46096.000000,22416.000000
19805.000000,42777.000000,46124.000000,22373.000000
19793.000000,42785.000000,46095.000000,22412.000000
19814.000000,42762.000000,46125.000000,22379.000000
19886.000000,42780.000000,46102.000000,22396.000000
19855.000000,42741.000000,46105.000000,22395.000000
19884.000000,42779.000000,46094.000000,22407.000000
19877.000000,42800.000000,46094.000000,22411.000000
19906.000000,42791.000000,46105.000000,22426.000000
19923.000000,42822.000000,46123.000000,22436.000000
19950.000000,42792.000000,46135.000000,22425.000000
19973.000000,42838.000000,46146.000000,22436.000000
19992.000000,42881.000000,46151.000000,22461.000000
19987.000000,42896.000000,46160.000000,22418.000000
20012.000000,42875.000000,46183.000000,22454.000000
20097.000000,42909.000000,46184.000000,22454.000000
20069.000000,42934.000000,46193.000000,22471.000000
20169.000000,42976.000000,46202.000000,22467.000000
20140.000000,42969.000000,46223.000000,22466.000000
20184.000000,42990.000000,46229.000000,22480.000000
20204.000000,43024.000000,46236.000000,22470.000000
20377.000000,43006.000000,46260.000000,22497.000000
20431.000000,43101.000000,46297.000000,22518.000000
20481.000000,43162.000000,46302.000000,22513.000000
20546.000000,43190.000000,46321.000000,22544.000000
20594.000000,43201.000000,46361.000000,22548.000000
20795.000000,43234.000000,46379.000000,22534.000000
20835.000000,43270.000000,46411.000000,22527.000000
20910.000000,43447.000000,46530.000000,22597.000000
20975.000000,43542.000000,46510.000000,22604.000000
21002.000000,43572.000000,46562.000000,22624.000000
21052.000000,43681.000000,46618.000000,22635.000000
21030.000000,43703.000000,46658.000000,22652.000000
21032.000000,43902.000000,46780.000000,22713.000000
21017.000000,43988.000000,46846.000000,22739.000000
21010.000000,44072.000000,46845.000000,22741.000000
21002.000000,44135.000000,46895.000000,22763.000000
20950.000000,44191.000000,46908.000000,22780.000000
20914.000000,44250.000000,46950.000000,22794.000000
20911.000000,44226.000000,46957.000000,22808.000000
20888.000000,44205.000000,46957.000000,22794.000000
20851.000000,44215.000000,46967.000000,22815.000000
20790.000000,44183.000000,46955.000000,22794.000000
20756.000000,44186.000000,46928.000000,22799.000000
20758.000000,44136.000000,46893.000000,22795.000000
20695.000000,44118.000000,46884.000000,22786.000000
20681.000000,44081.000000,46855.000000,22785.000000
20640.000000,44083.000000,46868.000000,22773.000000
20643.000000,43987.000000,46803.000000,22738.000000
20569.000000,43936.000000,46745.000000,22756.000000
20576.000000,43902.000000,46764.000000,22714.000000
20534.000000,43848.000000,46733.000000,22711.000000
20563.000000,43819.000000,46729.000000,22693.000000
20509.000000,43804.000000,46675.000000,22676.000000
20477.000000,43778.000000,46665.000000,22692.000000
20515.000000,43771.000000,46638.000000,22682.000000
20407.000000,43743.000000,46640.000000,22670.000000
20392.000000,43651.000000,46585.000000,22649.000000
20393.000000,43659.000000,46571.000000,22647.000000
20408.000000,43601.000000,46593.000000,22646.000000
20353.000000,43602.000000,46562.000000,22622.000000
20341.000000,43571.000000,46549.000000,22617.000000
20319.000000,43551.000000,46525.000000,22638.000000
20315.000000,43451.000000,46483.000000,22610.000000
20284.000000,43457.000000,46497.000000,22613.000000
20262.000000,43456.000000,46489.000000,22603.000000
20231.000000,43427.000000,46451.000000,22614.000000
20261.000000,43413.000000,46472.000000,22596.000000
20244.000000,43383.000000,46435.000000,22580.000000
20224.000000,43393.000000,46436.000000,22603.000000
20243.000000,43350.000000,46400.000000,22613.000000
20194.000000,43331.000000,46368.000000,22610.000000
20196.000000,43284.000000,46397.000000,22583.000000
20169.000000,43293.000000,46393.000000,22566.000000
20142.000000,43262.000000,46359.000000,22584.000000
20131.000000,43244.000000,46366.000000,22580.000000
20109.000000,43239.000000,46373.000000,22575.000000
20068.000000,43245.000000,46355.000000,22577.000000
20071.000000,43207.000000,46345.000000,22567.000000
20057.000000,43178.000000,46335.000000,22569.000000
20037.000000,43181.000000,46311.000000,22549.000000
20057.000000,43179.000000,46306.000000,22572.000000
20033.000000,43144.000000,46297.000000,22568.000000
20035.000000,43100.000000,46266.000000,22599.000000
20026.000000,43121.000000,46269.000000,22563.000000
20049.000000,43101.000000,46245.000000,22544.000000
20037.000000,43032.000000,46223.000000,22545.000000
20072.000000,43011.000000,46253.000000,22539.000000
20025.000000,43038.000000,46204.000000,22531.000000
20037.000000,43016.000000,46213.000000,22539.000000
20019.000000,42993.000000,46201.000000,22555.000000
20001.000000,42997.000000,46201.000000,22523.000000
20021.000000,42995.000000,46190.000000,22569.000000
20020.000000,43017.000000,46217.000000,22573.000000
20014.000000,42948.000000,46176.000000,22552.000000
19971.000000,42989.000000,46186.000000,22562.000000
20019.000000,42932.000000,46166.000000,22549.000000
19986.000000,42954.000000,46183.000000,22547.000000
20036.000000,42921.000000,46177.000000,22558.000000
20018.000000,42933.000000,46173.000000,22542.000000
19997.000000,42894.000000,46177.000000,22531.000000
20015.000000,42890.000000,46158.000000,22561.000000
19966.000000,42893.000000,46190.000000,22547.000000
19977.000000,42908.000000,46162.000000,22545.000000
19978.000000,42861.000000,46125.000000,22535.000000
19986.000000,42857.000000,46156.000000,22559.000000
19999.000000,42860.000000,46117.000000,22546.000000
19999.000000,42830.000000,46102.000000,22537.000000
19988.000000,42847.000000,46095.000000,22519.000000
19952.000000,42800.000000,46122.000000,22529.000000
19963.000000,42804.000000,46092.000000,22515.000000
19933.000000,42792.000000,46144.000000,22516.000000
19987.000000,42781.000000,46076.000000,22531.000000
19923.000000,42801.000000,46076.000000,22541.000000
19906.000000,42783.000000,46097.000000,22567.000000
19918.000000,42797.000000,46101.000000,22525.000000
19894.000000,42777.000000,46094.000000,22550.000000
19900.000000,42805.000000,46090.000000,22537.000000
19877.000000,42790.000000,46099.000000,22537.000000
19903.000000,42791.000000,46094.000000,22524.000000
19866.000000,42769.000000,46058.000000,22529.000000
19907.000000,42753.000000,46040.000000,22537.000000
19854.000000,42727.000000,46063.000000,22504.000000
19890.000000,42725.000000,46070.000000,22527.000000
19880.000000,42738.000000,46068.000000,22503.000000
19875.000000,42725.000000,46066.000000,22523.000000
19905.000000,42693.000000,46062.000000,22538.000000
19891.000000,42722.000000,46084.000000,22514.000000
19912.000000,42721.000000,46038.000000,22525.000000
19928.000000,42757.000000,46050.000000,22535.000000
19916.000000,42707.000000,46054.000000,22531.000000
19926.000000,42766.000000,46066.000000,22533.000000
19925.000000,42743.000000,46089.000000,22549.000000
19959.000000,42741.000000,46095.000000,22571.000000
19933.000000,42719.000000,46075.000000,22568.000000
19938.000000,42724.000000,46063.000000,22580.000000
19874.000000,42756.000000,46063.000000,22556.000000
19891.000000,42753.000000,46056.000000,22599.000000
19911.000000,42776.000000,46066.000000,22566.000000
19888.000000,42729.000000,46079.000000,22582.000000
19903.000000,42756.000000,46069.000000,22606.000000
19875.000000,42773.000000,46066.000000,22576.000000
19895.000000,42706.000000,46084.000000,22563.000000
19929.000000,42740.000000,46042.000000,22558.000000
19940.000000,42695.000000,46065.000000,22567.000000
19936.000000,42724.000000,46045.000000,22567.000000
19961.000000,42699.000000,46054.000000,22543.000000
20002.000000,42664.000000,46033.000000,22567.000000
19999.000000,42674.000000,46034.000000,22544.000000
20045.000000,42716.000000,46015.000000,22553.000000
20069.000000,42683.000000,46040.000000,22547.000000
20114.000000,42681.000000,46036.000000,22533.000000
20126.000000,42737.000000,46036.000000,22521.000000
20127.000000,42741.000000,46043.000000,22551.000000
20219.000000,42711.000000,46077.000000,22551.000000
20238.000000,42775.000000,46083.000000,22573.000000
20287.000000,42766.000000,46087.000000,22579.000000
20267.000000,42830.000000,46116.000000,22555.000000
20361.000000,42825.000000,46137.000000,22580.000000
20360.000000,42885.000000,46130.000000,22584.000000
20417.000000,42856.000000,46154.000000,22573.000000
20411.000000,42946.000000,46182.000000,22593.000000
20456.000000,42954.000000,46202.000000,22586.000000
20503.000000,43018.000000,46224.000000,22607.000000
20498.000000,43021.000000,46245.000000,22582.000000
20546.000000,43104.000000,46269.000000,22636.000000
20585.000000,43138.000000,46309.000000,22636.000000
20618.000000,43192.000000,46321.000000,22629.000000
20651.000000,43222.000000,46319.000000,22634.000000
20737.000000,43206.000000,46366.000000,22654.000000
20720.000000,43287.000000,46360.000000,22648.000000
20779.000000,43314.000000,46413.000000,22657.000000
20813.000000,43391.000000,46436.000000,22677.000000
20855.000000,43445.000000,46457.000000,22682.000000
20965.000000,43434.000000,46458.000000,22698.000000
20991.000000,43517.000000,46503.000000,22689.000000
21063.000000,43520.000000,46562.000000,22716.000000
21112.000000,43570.000000,46561.000000,22710.000000
21182.000000,43619.000000,46604.000000,22719.000000
21220.000000,43708.000000,46613.000000,22737.000000
21350.000000,43731.000000,46639.000000,22738.000000
21385.000000,43828.000000,46661.000000,22758.000000
21421.000000,43855.000000,46721.000000,22786.000000
21410.000000,43953.000000,46771.000000,22812.000000
21404.000000,44003.000000,46831.000000,22835.000000
21355.000000,44096.000000,46878.000000,22833.000000
21365.000000,44200.000000,46926.000000,22840.000000
21331.000000,44334.000000,47024.000000,22902.000000
21269.000000,44373.000000,47051.000000,22895.000000
21308.000000,44421.000000,47015.000000,22931.000000
21296.000000,44435.000000,47045.000000,22907.000000
21267.000000,44410.000000,47042.000000,22899.000000
21249.000000,44411.000000,47027.000000,22894.000000
21226.000000,44395.000000,47025.000000,22907.000000
21184.000000,44354.000000,47003.000000,22916.000000
21130.000000,44327.000000,47007.000000,22896.000000
21117.000000,44328.000000,47013.000000,22889.000000
21130.000000,44309.000000,46999.000000,22886.000000
21077.000000,44296.000000,46997.000000,22882.000000
21086.000000,44300.000000,46984.000000,22858.000000
21079.000000,44270.000000,46947.000000,22859.000000
21042.000000,44295.000000,46947.000000,22881.000000
21029.000000,44175.000000,46899.000000,22870.000000
21038.000000,44183.000000,46889.000000,22853.000000
21028.000000,44127.000000,46893.000000,22874.000000
21029.000000,44104.000000,46870.000000,22872.000000
21011.000000,44091.000000,46875.000000,22834.000000
21013.000000,44072.000000,46856.000000,22834.000000
21045.000000,44026.000000,46842.000000,22852.000000
21004.000000,44001.000000,46824.000000,22850.000000
21011.000000,44025.000000,46829.000000,22843.000000
20983.000000,44004.000000,46804.000000,22812.000000
21004.000000,44025.000000,46831.000000,22829.000000
20972.000000,43975.000000,46798.000000,22841.000000
20974.000000,43974.000000,46802.000000,22820.000000
20950.000000,44003.000000,46786.000000,22836.000000
20944.000000,44021.000000,46793.000000,22833.000000
20980.000000,43977.000000,46789.000000,22848.000000
20918.000000,43965.000000,46775.000000,22831.000000
20937.000000,43950.000000,46788.000000,22836.000000
20914.000000,43977.000000,46773.000000,22831.000000
20877.000000,43930.000000,46771.000000,22832.000000
20867.000000,43934.000000,46778.000000,22811.000000
20834.000000,43901.000000,46762.000000,22827.000000
20839.000000,43917.000000,46758.000000,22830.000000
20815.000000,43883.000000,46751.000000,22845.000000
20786.000000,43848.000000,46720.000000,22837.000000
20767.000000,43882.000000,46732.000000,22822.000000
20770.000000,43830.000000,46722.000000,22816.000000
20694.000000,43803.000000,46709.000000,22848.000000
20699.000000,43789.000000,46694.000000,22821.000000
20706.000000,43763.000000,46675.000000,22790.000000
20693.000000,43705.000000,46691.000000,22802.000000
20679.000000,43731.000000,46650.000000,22768.000000
20625.000000,43713.000000,46638.000000,22788.000000
20587.000000,43664.000000,46641.000000,22763.000000
20576.000000,43640.000000,46598.000000,22753.000000
20562.000000,43649.000000,46587.000000,22759.000000
20511.000000,43644.000000,46602.000000,22752.000000
20508.000000,43623.000000,46563.000000,22752.000000
20487.000000,43587.000000,46575.000000,22749.000000
20454.000000,43548.000000,46581.000000,22735.000000
20444.000000,43534.000000,46557.000000,22755.000000
20408.000000,43507.000000,46539.000000,22743.000000
20390.000000,43493.000000,46494.000000,22728.000000
20388.000000,43440.000000,46501.000000,22735.000000
20390.000000,43459.000000,46470.000000,22698.000000
20403.000000,43409.000000,46496.000000,22696.000000
20369.000000,43396.000000,46427.000000,22680.000000
20317.000000,43364.000000,46448.000000,22677.000000
20341.000000,43334.000000,46412.000000,22685.000000
20290.000000,43314.000000,46408.000000,22648.000000
20294.000000,43304.000000,46393.000000,22655.000000
20318.000000,43298.000000,46428.000000,22653.000000
20253.000000,43282.000000,46368.000000,22641.000000
20290.000000,43265.000000,46376.000000,22627.000000
20254.000000,43218.000000,46358.000000,22637.000000
20293.000000,43236.000000,46369.000000,22631.000000
20257.000000,43201.000000,46340.000000,22624.000000
20287.000000,43156.000000,46324.000000,22604.000000
20249.000000,43173.000000,46296.000000,22606.000000
20252.000000,43132.000000,46332.000000,22609.000000
20222.000000,43113.000000,46284.000000,22599.000000
20261.000000,43116.000000,46280.000000,22619.000000
20226.000000,43109.000000,46289.000000,22596.000000
20196.000000,43087.000000,46306.000000,22614.000000
20194.000000,43098.000000,46263.000000,22617.000000
20208.000000,43098.000000,46285.000000,22618.000000
20104.000000,43077.000000,46288.000000,22636.000000
20171.000000,43054.000000,46260.000000,22593.000000
20123.000000,43039.000000,46268.000000,22608.000000
20120.000000,43021.000000,46256.000000,22587.000000
20080.000000,43019.000000,46247.000000,22587.000000
20095.000000,42966.000000,46219.000000,22547.000000
20024.000000,43003.000000,46228.000000,22574.000000
20027.000000,42937.000000,46188.000000,22579.000000
19967.000000,42934.000000,46189.000000,22588.000000
19938.000000,42956.000000,46194.000000,22556.000000
19935.000000,42921.000000,46177.000000,22566.000000
19953.000000,42954.000000,46192.000000,22562.000000
19925.000000,42883.000000,46182.000000,22580.000000
19944.000000,42873.000000,46147.000000,22550.000000
19923.000000,42829.000000,46133.000000,22550.000000
19914.000000,42825.000000,46133.000000,22543.000000
19922.000000,42798.000000,46109.000000,22533.000000
19898.000000,42823.000000,46107.000000,22529.000000
19865.000000,42782.000000,46097.000000,22543.000000
19856.000000,42764.000000,46095.000000,22539.000000
19858.000000,42743.000000,46084.000000,22518.000000
19854.000000,42762.000000,46062.000000,22536.000000
19848.000000,42749.000000,46061.000000,22511.000000
19847.000000,42737.000000,46046.000000,22496.000000
19883.000000,42724.000000,46061.000000,22511.000000
19841.000000,42732.000000,46050.000000,22511.000000
19885.000000,42661.000000,46055.000000,22509.000000
19877.000000,42720.000000,46046.000000,22511.000000
19884.000000,42661.000000,46034.000000,22498.000000
19929.000000,42646.000000,46038.000000,22490.000000
19913.000000,42651.000000,46008.000000,22474.000000
19916.000000,42649.000000,46035.000000,22504.000000
19965.000000,42648.000000,46026.000000,22477.000000
20006.000000,42654.000000,46030.000000,22462.000000
20003.000000,42637.000000,46027.000000,22473.000000
20046.000000,42681.000000,46040.000000,22490.000000
20058.000000,42659.000000,46055.000000,22472.000000
20106.000000,42673.000000,46070.000000,22467.000000
20134.000000,42636.000000,46055.000000,22483.000000
20117.000000,42678.000000,46072.000000,22489.000000
20138.000000,42708.000000,46084.000000,22502.000000
20193.000000,42735.000000,46076.000000,22478.000000
20179.000000,42719.000000,46061.000000,22507.000000
20213.000000,42767.000000,46074.000000,22493.000000
20247.000000,42783.000000,46129.000000,22543.000000
20302.000000,42839.000000,46114.000000,22509.000000
20333.000000,42788.000000,46142.000000,22521.000000
20396.000000,42854.000000,46137.000000,22530.000000
20441.000000,42887.000000,46146.000000,22536.000000
20486.000000,42899.000000,46186.000000,22545.000000
20515.000000,42941.000000,46223.000000,22532.000000
20550.000000,42979.000000,46242.000000,22554.000000
20621.000000,43044.000000,46227.000000,22562.000000
20600.000000,43069.000000,46230.000000,22597.000000
20671.000000,43186.000000,46326.000000,22625.000000
20675.000000,43236.000000,46332.000000,22648.000000
20761.000000,43252.000000,46383.000000,22650.000000
20793.000000,43290.000000,46397.000000,22666.000000
20793.000000,43347.000000,46438.000000,22668.000000
20893.000000,43373.000000,46460.000000,22687.000000
20894.000000,43453.000000,46508.000000,22696.000000
20971.000000,43491.000000,46503.000000,22720.000000
21022.000000,43521.000000,46543.000000,22719.000000
21074.000000,43604.000000,46594.000000,22708.000000
21122.000000,43641.000000,46608.000000,22734.000000
21177.000000,43674.000000,46643.000000,22737.000000
21186.000000,43705.000000,46662.000000,22784.000000
21184.000000,43845.000000,46708.000000,22792.000000
21205.000000,43854.000000,46727.000000,22780.000000
21214.000000,43927.000000,46764.000000,22777.000000
21206.000000,43952.000000,46811.000000,22834.000000
21218.000000,44025.000000,46811.000000,22828.000000
21209.000000,44064.000000,46844.000000,22831.000000
21186.000000,44131.000000,46857.000000,22856.000000
21220.000000,44114.000000,46901.000000,22870.000000
21207.000000,44160.000000,46910.000000,22855.000000
21170.000000,44130.000000,46885.000000,22885.000000
21165.000000,44169.000000,46880.000000,22842.000000
21157.000000,44115.000000,46909.000000,22841.000000
21149.000000,44086.000000,46861.000000,22833.000000
21173.000000,44117.000000,46885.000000,22843.000000
21101.000000,44126.000000,46896.000000,22830.000000
21127.000000,44036.000000,46869.000000,22851.000000
21122.000000,44055.000000,46847.000000,22843.000000
21146.000000,44034.000000,46854.000000,22817.000000
21105.000000,44030.000000,46819.000000,22837.000000
21118.000000,44009.000000,46862.000000,22822.000000
21103.000000,43999.000000,46805.000000,22798.000000
21124.000000,44034.000000,46832.000000,22825.000000
21077.000000,43979.000000,46807.000000,22809.000000
21066.000000,43929.000000,46796.000000,22816.000000
21070.000000,43951.000000,46797.000000,22780.000000
21075.000000,43926.000000,46810.000000,22803.000000
21058.000000,43929.000000,46803.000000,22778.000000
21018.000000,43937.000000,46758.000000,22783.000000
21011.000000,43898.000000,46760.000000,22775.000000
21009.000000,43920.000000,46757.000000,22792.000000
20978.000000,43866.000000,46758.000000,22789.000000
20968.000000,43894.000000,46744.000000,22764.000000
20972.000000,43859.000000,46759.000000,22785.000000
20924.000000,43882.000000,46734.000000,22767.000000
20976.000000,43829.000000,46744.000000,22756.000000
20850.000000,43859.000000,46728.000000,22786.000000
20872.000000,43822.000000,46726.000000,22730.000000
20851.000000,43821.000000,46714.000000,22731.000000
20826.000000,43790.000000,46725.000000,22748.000000
20826.000000,43780.000000,46666.000000,22719.000000
20801.000000,43781.000000,46678.000000,22722.000000
20798.000000,43757.000000,46706.000000,22741.000000
20812.000000,43750.000000,46665.000000,22745.000000
20807.000000,43745.000000,46654.000000,22705.000000
20777.000000,43740.000000,46666.000000,22701.000000
20782.000000,43727.000000,46670.000000,22701.000000
20728.000000,43698.000000,46656.000000,22726.000000
20620.000000,43701.000000,46656.000000,22723.000000
20636.000000,43646.000000,46641.000000,22691.000000
20547.000000,43649.000000,46583.000000,22712.000000
20592.000000,43614.000000,46614.000000,22709.000000
20521.000000,43649.000000,46609.000000,22723.000000
20502.000000,43611.000000,46603.000000,22698.000000
20491.000000,43612.000000,46575.000000,22683.000000
20438.000000,43550.000000,46561.000000,22647.000000
20462.000000,43563.000000,46551.000000,22676.000000
20412.000000,43514.000000,46556.000000,22662.000000
20406.000000,43454.000000,46519.000000,22663.000000
20385.000000,43411.000000,46474.000000,22643.000000
20390.000000,43385.000000,46484.000000,22631.000000
20353.000000,43353.000000,46456.000000,22640.000000
20314.000000,43366.000000,46433.000000,22642.000000
20334.000000,43328.000000,46433.000000,22624.000000
20276.000000,43276.000000,46417.000000,22611.000000
20286.000000,43256.000000,46415.000000,22599.000000
20202.000000,43293.000000,46371.000000,22592.000000
20246.000000,43198.000000,46373.000000,22614.000000
20187.000000,43237.000000,46363.000000,22605.000000
20210.000000,43165.000000,46330.000000,22588.000000
20184.000000,43128.000000,46340.000000,22595.000000
20161.000000,43089.000000,46307.000000,22536.000000
20165.000000,43045.000000,46253.000000,22554.000000
20139.000000,43027.000000,46279.000000,22533.000000
20145.000000,42998.000000,46229.000000,22533.000000
20113.000000,43018.000000,46217.000000,22555.000000
20117.000000,43002.000000,46231.000000,22546.000000
20102.000000,42962.000000,46227.000000,22535.000000
20086.000000,42926.000000,46174.000000,22542.000000
20091.000000,42962.000000,46197.000000,22554.000000
20055.000000,42928.000000,46184.000000,22515.000000
20028.000000,42926.000000,46165.000000,22501.000000
19997.000000,42874.000000,46190.000000,22543.000000
19968.000000,42857.000000,46168.000000,22549.000000
19935.000000,42830.000000,46198.000000,22533.000000
19924.000000,42825.000000,46145.000000,22544.000000
19883.000000,42822.000000,46148.000000,22548.000000
19939.000000,42782.000000,46123.000000,22529.000000
19878.000000,42754.000000,46114.000000,22524.000000
19902.000000,42715.000000,46100.000000,22540.000000
19874.000000,42738.000000,46065.000000,22526.000000
19891.000000,42699.000000,46074.000000,22516.000000
19844.000000,42695.000000,46067.000000,22501.000000
19850.000000,42653.000000,46048.000000,22505.000000
19857.000000,42675.000000,46049.000000,22523.000000
19780.000000,42658.000000,46042.000000,22529.000000
19813.000000,42621.000000,46047.000000,22498.000000
19786.000000,42678.000000,46016.000000,22498.000000
19789.000000,42647.000000,46004.000000,22498.000000
19757.000000,42632.000000,46018.000000,22530.000000
19748.000000,42601.000000,46018.000000,22519.000000
19718.000000,42614.000000,46033.000000,22510.000000
19647.000000,42558.000000,45984.000000,22489.000000
19672.000000,42587.000000,46009.000000,22529.000000
19656.000000,42521.000000,45987.000000,22493.000000
19629.000000,42524.000000,45968.000000,22485.000000
19655.000000,42522.000000,45984.000000,22490.000000
19665.000000,42486.000000,45954.000000,22493.000000
19633.000000,42486.000000,45973.000000,22499.000000
19659.000000,42417.000000,45936.000000,22481.000000
19614.000000,42438.000000,45930.000000,22449.000000
19665.000000,42379.000000,45905.000000,22451.000000
19605.000000,42390.000000,45872.000000,22467.000000
19640.000000,42406.000000,45912.000000,22440.000000
19588.000000,42397.000000,45876.000000,22446.000000
19633.000000,42324.000000,45908.000000,22469.000000
19607.000000,42344.000000,45866.000000,22450.000000
19623.000000,42318.000000,45866.000000,22475.000000
19587.000000,42322.000000,45859.000000,22457.000000
19599.000000,42299.000000,45837.000000,22433.000000
19564.000000,42238.000000,45822.000000,22439.000000
19575.000000,42277.000000,45827.000000,22430.000000
19608.000000,42257.000000,45810.000000,22447.000000
19573.000000,42288.000000,45816.000000,22421.000000
19607.000000,42221.000000,45822.000000,22429.000000
19597.000000,42250.000000,45795.000000,22431.000000
19640.000000,42198.000000,45822.000000,22446.000000
19592.000000,42222.000000,45790.000000,22421.000000
19612.000000,42214.000000,45784.000000,22429.000000
19629.000000,42139.000000,45755.000000,22414.000000
19653.000000,42165.000000,45763.000000,22384.000000
19640.000000,42154.000000,45762.000000,22383.000000
19664.000000,42166.000000,45773.000000,22391.000000
19728.000000,42157.000000,45763.000000,22366.000000
19704.000000,42171.000000,45789.000000,22347.000000
19777.000000,42142.000000,45753.000000,22390.000000
19754.000000,42175.000000,45762.000000,22385.000000
19792.000000,42185.000000,45748.000000,22364.000000
19810.000000,42179.000000,45797.000000,22380.000000
19831.000000,42150.000000,45768.000000,22371.000000
19853.000000,42249.000000,45775.000000,22383.000000
19888.000000,42236.000000,45786.000000,22414.000000
19879.000000,42260.000000,45821.000000,22400.000000
19904.000000,42237.000000,45810.000000,22414.000000
19922.000000,42313.000000,45803.000000,22414.000000
19982.000000,42327.000000,45847.000000,22416.000000
20024.000000,42320.000000,45843.000000,22412.000000
20077.000000,42306.000000,45870.000000,22450.000000
20182.000000,42366.000000,45855.000000,22429.000000
20185.000000,42382.000000,45884.000000,22447.000000
20253.000000,42402.000000,45888.000000,22460.000000
20265.000000,42456.000000,45923.000000,22486.000000
20327.000000,42473.000000,45951.000000,22488.000000
20357.000000,42545.000000,45971.000000,22489.000000
20408.000000,42571.000000,45992.000000,22545.000000
20543.000000,42691.000000,46085.000000,22555.000000
20548.000000,42728.000000,46091.000000,22562.000000
20617.000000,42771.000000,46083.000000,22578.000000
20645.000000,42813.000000,46158.000000,22595.000000
20685.000000,42858.000000,46146.000000,22619.000000
20703.000000,42932.000000,46213.000000,22622.000000
20729.000000,42955.000000,46202.000000,22666.000000
20774.000000,43117.000000,46311.000000,22709.000000
20741.000000,43173.000000,46344.000000,22721.000000
20774.000000,43202.000000,46336.000000,22727.000000
20761.000000,43227.000000,46391.000000,22745.000000
20763.000000,43271.000000,46389.000000,22773.000000
20751.000000,43315.000000,46420.000000,22777.000000
20722.000000,43348.000000,46404.000000,22787.000000
20737.000000,43376.000000,46464.000000,22792.000000
20761.000000,43375.000000,46464.000000,22827.000000
20696.000000,43376.000000,46472.000000,22808.000000
20700.000000,43346.000000,46460.000000,22799.000000
20687.000000,43358.000000,46446.000000,22814.000000
20698.000000,43354.000000,46453.000000,22812.000000
20724.000000,43354.000000,46428.000000,22811.000000
20718.000000,43334.000000,46427.000000,22800.000000
20730.000000,43331.000000,46434.000000,22784.000000
20724.000000,43313.000000,46430.000000,22795.000000
20775.000000,43271.000000,46412.000000,22791.000000
20788.000000,43314.000000,46438.000000,22789.000000
20777.000000,43278.000000,46400.000000,22796.000000
20793.000000,43301.000000,46394.000000,22785.000000
20723.000000,43305.000000,46430.000000,22807.000000
20746.000000,43316.000000,46393.000000,22772.000000
20695.000000,43321.000000,46399.000000,22804.000000
20711.000000,43304.000000,46436.000000,22824.000000
20691.000000,43343.000000,46470.000000,22852.000000
20726.000000,43358.000000,46433.000000,22840.000000
20707.000000,43358.000000,46453.000000,22848.000000
20677.000000,43334.000000,46448.000000,22823.000000
20706.000000,43349.000000,46404.000000,22813.000000
20632.000000,43320.000000,46435.000000,22805.000000
20648.000000,43325.000000,46428.000000,22820.000000
20637.000000,43318.000000,46427.000000,22812.000000
20658.000000,43301.000000,46407.000000,22821.000000
20606.000000,43327.000000,46416.000000,22817.000000
20610.000000,43281.000000,46387.000000,22781.000000
20601.000000,43262.000000,46397.000000,22787.000000
20552.000000,43280.000000,46424.000000,22772.000000
20545.000000,43272.000000,46400.000000,22773.000000
20471.000000,43282.000000,46392.000000,22779.000000
20477.000000,43279.000000,46386.000000,22783.000000
20437.000000,43285.000000,46377.000000,22774.000000
20450.000000,43257.000000,46385.000000,22774.000000
20391.000000,43272.000000,46381.000000,22754.000000
20397.000000,43241.000000,46430.000000,22768.000000
20364.000000,43213.000000,46367.000000,22726.000000
20391.000000,43208.000000,46387.000000,22725.000000
20370.000000,43194.000000,46365.000000,22700.000000
20390.000000,43168.000000,46366.000000,22678.000000
20346.000000,43174.000000,46341.000000,22680.000000
20360.000000,43179.000000,46355.000000,22685.000000
20362.000000,43150.000000,46333.000000,22665.000000
20321.000000,43159.000000,46325.000000,22673.000000
20327.000000,43144.000000,46317.000000,22651.000000
20312.000000,43137.000000,46287.000000,22644.000000
20302.000000,43112.000000,46309.000000,22642.000000
20243.000000,43093.000000,46311.000000,22633.000000
20231.000000,43118.000000,46313.000000,22656.000000
20202.000000,43096.000000,46306.000000,22660.000000
20207.000000,43064.000000,46278.000000,22620.000000
20179.000000,43067.000000,46259.000000,22626.000000
20176.000000,43035.000000,46252.000000,22635.000000
20130.000000,43004.000000,46237.000000,22607.000000
20161.000000,42965.000000,46223.000000,22567.000000
20111.000000,42936.000000,46199.000000,22592.000000
20116.000000,42936.000000,46196.000000,22575.000000
20066.000000,42913.000000,46186.000000,22594.000000
20071.000000,42908.000000,46210.000000,22565.000000
20066.000000,42884.000000,46165.000000,22570.000000
20018.000000,42863.000000,46174.000000,22550.000000
20021.000000,42843.000000,46156.000000,22554.000000
20000.000000,42854.000000,46143.000000,22522.000000
19997.000000,42821.000000,46122.000000,22519.000000
19976.000000,42806.000000,46107.000000,22526.000000
19999.000000,42784.000000,46106.000000,22534.000000
19959.000000,42787.000000,46110.000000,22512.000000
19971.000000,42730.000000,46126.000000,22496.000000
19930.000000,42684.000000,46089.000000,22492.000000
19876.000000,42696.000000,46073.000000,22477.000000
19878.000000,42681.000000,46049.000000,22442.000000
19894.000000,42644.000000,46077.000000,22485.000000
19843.000000,42632.000000,46033.000000,22470.000000
19865.000000,42615.000000,46052.000000,22477.000000
19862.000000,42644.000000,46020.000000,22451.000000
19839.000000,42610.000000,45989.000000,22464.000000
19869.000000,42525.000000,45999.000000,22460.000000
19816.000000,42543.000000,45994.000000,22447.000000
19831.000000,42512.000000,45950.000000,22485.000000
19830.000000,42536.000000,45980.000000,22453.000000
19793.000000,42492.000000,45971.000000,22462.000000
19818.000000,42500.000000,45964.000000,22454.000000
19793.000000,42499.000000,45962.000000,22482.000000
19805.000000,42473.000000,45967.000000,22455.000000
19813.000000,42462.000000,45956.000000,22489.000000
19803.000000,42474.000000,45942.000000,22483.000000
19764.000000,42484.000000,45923.000000,22483.000000
19831.000000,42469.000000,45921.000000,22512.000000
19817.000000,42468.000000,45921.000000,22481.000000
19819.000000,42437.000000,45932.000000,22517.000000
19810.000000,42440.000000,45936.000000,22512.000000
19796.000000,42446.000000,45937.000000,22487.000000
19814.000000,42414.000000,45922.000000,22515.000000
19797.000000,42439.000000,45951.000000,22512.000000
19810.000000,42410.000000,45889.000000,22513.000000
19744.000000,42442.000000,45913.000000,22512.000000
19768.000000,42434.000000,45931.000000,22519.000000
19757.000000,42438.000000,45910.000000,22522.000000
19750.000000,42436.000000,45899.000000,22500.000000
19682.000000,42409.000000,45879.000000,22512.000000
19676.000000,42387.000000,45909.000000,22506.000000
19655.000000,42354.000000,45902.000000,22483.000000
19644.000000,42365.000000,45892.000000,22502.000000
19639.000000,42351.000000,45894.000000,22520.000000
19643.000000,42332.000000,45870.000000,22510.000000
19653.000000,42324.000000,45873.000000,22493.000000
19645.000000,42298.000000,45837.000000,22438.000000
19687.000000,42241.000000,45830.000000,22461.000000
19685.000000,42242.000000,45793.000000,22437.000000
19707.000000,42219.000000,45808.000000,22445.000000
19691.000000,42253.000000,45790.000000,22446.000000
19708.000000,42190.000000,45788.000000,22454.000000
19745.000000,42193.000000,45779.000000,22420.000000
19772.000000,42215.000000,45773.000000,22441.000000
19790.000000,42200.000000,45801.000000,22444.000000
19792.000000,42227.000000,45793.000000,22448.000000
19852.000000,42248.000000,45803.000000,22456.000000
19843.000000,42263.000000,45818.000000,22462.000000
19920.000000,42238.000000,45834.000000,22491.000000
19912.000000,42275.000000,45834.000000,22456.000000
19971.000000,42330.000000,45853.000000,22504.000000
19973.000000,42344.000000,45853.000000,22509.000000
20027.000000,42335.000000,45873.000000,22504.000000
20013.000000,42377.000000,45897.000000,22519.000000
20052.000000,42407.000000,45891.000000,22517.000000
20103.000000,42490.000000,45943.000000,22538.000000
20109.000000,42510.000000,45960.000000,22573.000000
20159.000000,42526.000000,45997.000000,22542.000000
20210.000000,42568.000000,46032.000000,22567.000000
20239.000000,42567.000000,46006.000000,22573.000000
20231.000000,42639.000000,46039.000000,22576.000000
20337.000000,42652.000000,46052.000000,22600.000000
20340.000000,42709.000000,46046.000000,22597.000000
20360.000000,42743.000000,46089.000000,22599.000000
20413.000000,42768.000000,46112.000000,22604.000000
20485.000000,42807.000000,46126.000000,22640.000000
20503.000000,42824.000000,46115.000000,22648.000000
20532.000000,42862.000000,46182.000000,22665.000000
20568.000000,42900.000000,46179.000000,22668.000000
20629.000000,42969.000000,46230.000000,22670.000000
20662.000000,42974.000000,46257.000000,22675.000000
20718.000000,43037.000000,46289.000000,22715.000000
20748.000000,43058.000000,46299.000000,22711.000000
20805.000000,43155.000000,46329.000000,22745.000000
20829.000000,43170.000000,46348.000000,22723.000000
20873.000000,43214.000000,46394.000000,22763.000000
20901.000000,43254.000000,46401.000000,22772.000000
20921.000000,43312.000000,46427.000000,22785.000000
20962.000000,43337.000000,46470.000000,22804.000000
20954.000000,43418.000000,46463.000000,22816.000000
20971.000000,43457.000000,46495.000000,22836.000000
20961.000000,43519.000000,46545.000000,22856.000000
20961.000000,43540.000000,46564.000000,22878.000000
20927.000000,43581.000000,46562.000000,22861.000000
20936.000000,43603.000000,46605.000000,22900.000000
20911.000000,43653.000000,46598.000000,22880.000000
20896.000000,43639.000000,46611.000000,22903.000000
20873.000000,43662.000000,46639.000000,22880.000000
20876.000000,43653.000000,46643.000000,22917.000000
20823.000000,43669.000000,46653.000000,22942.000000
20863.000000,43631.000000,46632.000000,22918.000000
20828.000000,43656.000000,46607.000000,22897.000000
20770.000000,43629.000000,46643.000000,22884.000000
20756.000000,43611.000000,46624.000000,22909.000000
20765.000000,43644.000000,46631.000000,22906.000000
20746.000000,43589.000000,46619.000000,22908.000000
20729.000000,43597.000000,46601.000000,22868.000000
20742.000000,43579.000000,46587.000000,22873.000000
20748.000000,43586.000000,46581.000000,22855.000000
20722.000000,43539.000000,46597.000000,22852.000000
20730.000000,43553.000000,46559.000000,22850.000000
20713.000000,43547.000000,46578.000000,22876.000000
20689.000000,43500.000000,46546.000000,22818.000000
20679.000000,43497.000000,46543.000000,22806.000000
20681.000000,43468.000000,46537.000000,22828.000000
20658.000000,43512.000000,46560.000000,22849.000000
20676.000000,43447.000000,46514.000000,22824.000000
20658.000000,43411.000000,46519.000000,22799.000000
20679.000000,43402.000000,46503.000000,22817.000000
20670.000000,43450.000000,46499.000000,22821.000000
20636.000000,43380.000000,46467.000000,22797.000000
20641.000000,43420.000000,46459.000000,22810.000000
20665.000000,43367.000000,46466.000000,22780.000000
20643.000000,43349.000000,46464.000000,22774.000000
20673.000000,43330.000000,46462.000000,22787.000000
20643.000000,43315.000000,46454.000000,22776.000000
20632.000000,43335.000000,46431.000000,22781.000000
20656.000000,43317.000000,46417.000000,22794.000000
20610.000000,43319.000000,46412.000000,22765.000000
20612.000000,43296.000000,46401.000000,22784.000000
20601.000000,43291.000000,46401.000000,22776.000000
20570.000000,43278.000000,46406.000000,22761.000000
20560.000000,43262.000000,46386.000000,22754.000000
20588.000000,43232.000000,46409.000000,22786.000000
20511.000000,43266.000000,46399.000000,22785.000000
20491.000000,43251.000000,46402.000000,22770.000000
20536.000000,43225.000000,46377.000000,22741.000000
20526.000000,43222.000000,46405.000000,22767.000000
20520.000000,43204.000000,46387.000000,22761.000000
20499.000000,43199.000000,46368.000000,22755.000000
20498.000000,43164.000000,46351.000000,22746.000000
20505.000000,43154.000000,46315.000000,22713.000000
20506.000000,43158.000000,46334.000000,22720.000000
20480.000000,43136.000000,46331.000000,22713.000000
20445.000000,43110.000000,46329.000000,22721.000000
20448.000000,43123.000000,46308.000000,22735.000000
20422.000000,43128.000000,46335.000000,22752.000000
20429.000000,43129.000000,46317.000000,22764.000000
20399.000000,43156.000000,46291.000000,22732.000000
20417.000000,43133.000000,46320.000000,22749.000000
20353.000000,43113.000000,46327.000000,22726.000000
20390.000000,43119.000000,46329.000000,22738.000000
20339.000000,43155.000000,46320.000000,22741.000000
20348.000000,43119.000000,46358.000000,22755.000000
20329.000000,43108.000000,46316.000000,22727.000000
20296.000000,43073.000000,46305.000000,22750.000000
20339.000000,43105.000000,46315.000000,22743.000000
20298.000000,43104.000000,46285.000000,22743.000000
20286.000000,43076.000000,46287.000000,22754.000000
20302.000000,43076.000000,46307.000000,22723.000000
20302.000000,43047.000000,46278.000000,22688.000000
20262.000000,43055.000000,46248.000000,22699.000000
20288.000000,42999.000000,46252.000000,22718.000000
20297.000000,43023.000000,46273.000000,22710.000000
20285.000000,42982.000000,46248.000000,22693.000000
20264.000000,43004.000000,46221.000000,22688.000000
20288.000000,42932.000000,46244.000000,22710.000000
20300.000000,42938.000000,46219.000000,22702.000000
20274.000000,42910.000000,46228.000000,22683.000000
20298.000000,42900.000000,46184.000000,22698.000000
20268.000000,42895.000000,46191.000000,22691.000000
20245.000000,42866.000000,46193.000000,22707.000000
20230.000000,42912.000000,46156.000000,22700.000000
20215.000000,42913.000000,46187.000000,22722.000000
20197.000000,42899.000000,46162.000000,22702.000000
20207.000000,42887.000000,46169.000000,22729.000000
20200.000000,42889.000000,46138.000000,22688.000000
20195.000000,42878.000000,46189.000000,22688.000000
20185.000000,42867.000000,46174.000000,22710.000000
20178.000000,42822.000000,46188.000000,22697.000000
20143.000000,42854.000000,46156.000000,22686.000000
20149.000000,42844.000000,46172.000000,22666.000000
20123.000000,42829.000000,46125.000000,22672.000000
20144.000000,42850.000000,46155.000000,22681.000000
20151.000000,42819.000000,46138.000000,22673.000000
20071.000000,42836.000000,46129.000000,22666.000000
20140.000000,42816.000000,46132.000000,22683.000000
20094.000000,42814.000000,46130.000000,22680.000000
20095.000000,42807.000000,46116.000000,22665.000000
20127.000000,42780.000000,46115.000000,22677.000000
20096.000000,42770.000000,46128.000000,22685.000000
20125.000000,42754.000000,46109.000000,22656.000000
20088.000000,42753.000000,46126.000000,22644.000000
20081.000000,42775.000000,46076.000000,22644.000000
20100.000000,42784.000000,46085.000000,22669.000000
20073.000000,42784.000000,46143.000000,22638.000000
20071.000000,42776.000000,46112.000000,22663.000000
20065.000000,42804.000000,46133.000000,22652.000000
20048.000000,42797.000000,46115.000000,22670.000000
20024.000000,42788.000000,46124.000000,22670.000000
20025.000000,42773.000000,46123.000000,22667.000000
20004.000000,42806.000000,46102.000000,22648.000000
20001.000000,42775.000000,46118.000000,22646.000000
19974.000000,42744.000000,46110.000000,22635.000000
19977.000000,42738.000000,46104.000000,22642.000000
19971.000000,42727.000000,46063.000000,22624.000000
19982.000000,42744.000000,46085.000000,22615.000000
19963.000000,42715.000000,46094.000000,22609.000000
19993.000000,42698.000000,46072.000000,22596.000000
20012.000000,42687.000000,46056.000000,22614.000000
20016.000000,42677.000000,46018.000000,22598.000000
19977.000000,42671.000000,46051.000000,22570.000000
20026.000000,42659.000000,46053.000000,22563.000000
20024.000000,42675.000000,46048.000000,22567.000000
20042.000000,42668.000000,46061.000000,22553.000000
20061.000000,42661.000000,46054.000000,22593.000000
20071.000000,42687.000000,46077.000000,22588.000000
20119.000000,42709.000000,46068.000000,22598.000000
20113.000000,42724.000000,46070.000000,22575.000000
20162.000000,42717.000000,46085.000000,22600.000000
20189.000000,42770.000000,46117.000000,22577.000000
20236.000000,42749.000000,46133.000000,22600.000000
20280.000000,42743.000000,46136.000000,22583.000000
20372.000000,42812.000000,46163.000000,22589.000000
20446.000000,42829.000000,46155.000000,22596.000000
20456.000000,42900.000000,46185.000000,22613.000000
20527.000000,42949.000000,46183.000000,22628.000000
20575.000000,42984.000000,46228.000000,22609.000000
20646.000000,43001.000000,46226.000000,22659.000000
20671.000000,43075.000000,46245.000000,22644.000000
20722.000000,43184.000000,46351.000000,22734.000000
20768.000000,43248.000000,46366.000000,22721.000000
20837.000000,43285.000000,46419.000000,22759.000000
20877.000000,43323.000000,46455.000000,22782.000000
20917.000000,43366.000000,46476.000000,22810.000000
20961.000000,43437.000000,46482.000000,22816.000000
21012.000000,43463.000000,46560.000000,22842.000000
21078.000000,43515.000000,46569.000000,22853.000000
21094.000000,43602.000000,46575.000000,22884.000000
21171.000000,43620.000000,46620.000000,22893.000000
21202.000000,43684.000000,46647.000000,22882.000000
21249.000000,43738.000000,46676.000000,22919.000000
21324.000000,43798.000000,46693.000000,22918.000000
21364.000000,43851.000000,46747.000000,22945.000000
21561.000000,43917.000000,46762.000000,22924.000000
21606.000000,43969.000000,46823.000000,22960.000000
21644.000000,44036.000000,46855.000000,22977.000000
21706.000000,44106.000000,46883.000000,22991.000000
21681.000000,44155.000000,46917.000000,23005.000000
21701.000000,44209.000000,46983.000000,23034.000000
21761.000000,44284.000000,46975.000000,23046.000000
21721.000000,44525.000000,47152.000000,23064.000000
21744.000000,44574.000000,47160.000000,23080.000000
21713.000000,44653.000000,47160.000000,23079.000000
21658.000000,44642.000000,47197.000000,23068.000000
21615.000000,44698.000000,47216.000000,23112.000000
21620.000000,44681.000000,47227.000000,23137.000000
21507.000000,44689.000000,47204.000000,23112.000000
21461.000000,44632.000000,47193.000000,23109.000000
21416.000000,44629.000000,47194.000000,23114.000000
21344.000000,44635.000000,47197.000000,23109.000000
21323.000000,44562.000000,47148.000000,23111.000000
21248.000000,44528.000000,47119.000000,23078.000000
21248.000000,44511.000000,47124.000000,23080.000000
21186.000000,44418.000000,47062.000000,23023.000000
21190.000000,44371.000000,47054.000000,23023.000000
21184.000000,44357.000000,47034.000000,23007.000000
21189.000000,44287.000000,46990.000000,23008.000000
21183.000000,44250.000000,46958.000000,22973.000000
21144.000000,44183.000000,46963.000000,22929.000000
21183.000000,44141.000000,46888.000000,22928.000000
21132.000000,44095.000000,46868.000000,22933.000000
21111.000000,44056.000000,46856.000000,22924.000000
21059.000000,44095.000000,46867.000000,22889.000000
21042.000000,44040.000000,46848.000000,22936.000000
20979.000000,44032.000000,46840.000000,22915.000000
20953.000000,44015.000000,46842.000000,22943.000000
20867.000000,44000.000000,46841.000000,22926.000000
20870.000000,43955.000000,46814.000000,22921.000000
20846.000000,43912.000000,46768.000000,22925.000000
20864.000000,43892.000000,46754.000000,22918.000000
20821.000000,43833.000000,46733.000000,22861.000000
20813.000000,43803.000000,46721.000000,22863.000000
20721.000000,43781.000000,46686.000000,22867.000000
20708.000000,43757.000000,46669.000000,22827.000000
20668.000000,43686.000000,46623.000000,22847.000000
20658.000000,43693.000000,46634.000000,22840.000000
20685.000000,43627.000000,46621.000000,22808.000000
20669.000000,43625.000000,46587.000000,22817.000000
20699.000000,43588.000000,46574.000000,22796.000000
20653.000000,43549.000000,46567.000000,22788.000000
20705.000000,43456.000000,46532.000000,22771.000000
20692.000000,43456.000000,46514.000000,22804.000000
20684.000000,43469.000000,46517.000000,22765.000000
20705.000000,43460.000000,46522.000000,22789.000000
20705.000000,43421.000000,46516.000000,22815.000000
20648.000000,43418.000000,46487.000000,22822.000000
20632.000000,43419.000000,46497.000000,22846.000000
20612.000000,43441.000000,46504.000000,22835.000000
20601.000000,43444.000000,46529.000000,22857.000000
20589.000000,43406.000000,46480.000000,22842.000000
20549.000000,43402.000000,46499.000000,22820.000000
20498.000000,43401.000000,46472.000000,22845.000000
20454.000000,43391.000000,46476.000000,22828.000000
20433.000000,43343.000000,46434.000000,22833.000000
20396.000000,43296.000000,46415.000000,22765.000000
20394.000000,43298.000000,46414.000000,22793.000000
20387.000000,43272.000000,46397.000000,22786.000000
20370.000000,43258.000000,46412.000000,22777.000000
20354.000000,43148.000000,46327.000000,22731.000000
20362.000000,43160.000000,46347.000000,22711.000000
20324.000000,43148.000000,46317.000000,22716.000000
20307.000000,43106.000000,46321.000000,22693.000000
20329.000000,43096.000000,46276.000000,22697.000000
20314.000000,43096.000000,46284.000000,22706.000000
20353.000000,43052.000000,46295.000000,22666.000000
20263.000000,43068.000000,46299.000000,22665.000000
20266.000000,43039.000000,46279.000000,22673.000000
20228.000000,43064.000000,46244.000000,22659.000000
20263.000000,42996.000000,46248.000000,22679.000000
20220.000000,43034.000000,46288.000000,22666.000000
20266.000000,43002.000000,46242.000000,22672.000000
20223.000000,43015.000000,46237.000000,22644.000000
20209.000000,42955.000000,46230.000000,22634.000000
20193.000000,42956.000000,46233.000000,22648.000000
20218.000000,42946.000000,46212.000000,22634.000000
20201.000000,42885.000000,46208.000000,22644.000000
20139.000000,42883.000000,46201.000000,22641.000000
20165.000000,42890.000000,46192.000000,22634.000000
20116.000000,42898.000000,46181.000000,22632.000000
20133.000000,42866.000000,46156.000000,22617.000000
20078.000000,42885.000000,46186.000000,22624.000000
20058.000000,42853.000000,46176.000000,22645.000000
20052.000000,42844.000000,46175.000000,22616.000000
20037.000000,42801.000000,46163.000000,22608.000000
20012.000000,42801.000000,46145.000000,22615.000000
19972.000000,42819.000000,46149.000000,22577.000000
19986.000000,42816.000000,46127.000000,22617.000000
19971.000000,42811.000000,46145.000000,22584.000000
19930.000000,42785.000000,46118.000000,22599.000000
19956.000000,42791.000000,46116.000000,22592.000000
19939.000000,42738.000000,46116.000000,22572.000000
19885.000000,42728.000000,46074.000000,22575.000000
19815.000000,42683.000000,46069.000000,22565.000000
19839.000000,42694.000000,46070.000000,22554.000000
19781.000000,42675.000000,46068.000000,22554.000000
19776.000000,42662.000000,46044.000000,22547.000000
19768.000000,42654.000000,46046.000000,22545.000000
19716.000000,42629.000000,46033.000000,22534.000000
19730.000000,42607.000000,46042.000000,22529.000000
19673.000000,42527.000000,46014.000000,22483.000000
19667.000000,42505.000000,45975.000000,22456.000000
19639.000000,42477.000000,45976.000000,22458.000000
19637.000000,42429.000000,45922.000000,22468.000000
19577.000000,42398.000000,45933.000000,22435.000000
19613.000000,42356.000000,45887.000000,22441.000000
19571.000000,42372.000000,45906.000000,22430.000000
19585.000000,42328.000000,45867.000000,22426.000000
19553.000000,42286.000000,45851.000000,22403.000000
19560.000000,42282.000000,45842.000000,22426.000000
19564.000000,42280.000000,45827.000000,22401.000000
19578.000000,42196.000000,45796.000000,22384.000000
19565.000000,42211.000000,45777.000000,22406.000000
19597.000000,42220.000000,45775.000000,22417.000000
19576.000000,42161.000000,45790.000000,22384.000000
19637.000000,42171.000000,45786.000000,22401.000000
19638.000000,42177.000000,45788.000000,22378.000000
19697.000000,42135.000000,45779.000000,22393.000000
19695.000000,42152.000000,45778.000000,22393.000000
19740.000000,42176.000000,45778.000000,22381.000000
19751.000000,42180.000000,45776.000000,22377.000000
19772.000000,42181.000000,45791.000000,22371.000000
19821.000000,42187.000000,45773.000000,22400.000000
19807.000000,42256.000000,45822.000000,22387.000000
19925.000000,42253.000000,45825.000000,22417.000000
19930.000000,42262.000000,45830.000000,22409.000000
19997.000000,42282.000000,45848.000000,22417.000000
20003.000000,42334.000000,45844.000000,22426.000000
20056.000000,42322.000000,45871.000000,22452.000000
20074.000000,42374.000000,45866.000000,22445.000000
20107.000000,42374.000000,45890.000000,22460.000000
20124.000000,42455.000000,45935.000000,22460.000000
20172.000000,42505.000000,45984.000000,22494.000000
20215.000000,42546.000000,45960.000000,22491.000000
20229.000000,42539.000000,46014.000000,22507.000000
20269.000000,42611.000000,46030.000000,22524.000000
20330.000000,42636.000000,46053.000000,22516.000000
20381.000000,42640.000000,46091.000000,22537.000000
20376.000000,42737.000000,46081.000000,22548.000000
20434.000000,42745.000000,46108.000000,22570.000000
20455.000000,42766.000000,46111.000000,22546.000000
20533.000000,42793.000000,46173.000000,22580.000000
20569.000000,42850.000000,46168.000000,22579.000000
20594.000000,42928.000000,46202.000000,22593.000000
20649.000000,42911.000000,46210.000000,22617.000000
20656.000000,43013.000000,46252.000000,22635.000000
20729.000000,42992.000000,46277.000000,22591.000000
20756.000000,43092.000000,46298.000000,22655.000000
20781.000000,43105.000000,46358.000000,22675.000000
20815.000000,43188.000000,46345.000000,22662.000000
20821.000000,43208.000000,46386.000000,22683.000000
20811.000000,43254.000000,46388.000000,22689.000000
20820.000000,43320.000000,46417.000000,22700.000000
20785.000000,43347.000000,46455.000000,22719.000000
20774.000000,43374.000000,46492.000000,22735.000000
20753.000000,43371.000000,46503.000000,22741.000000
20756.000000,43418.000000,46523.000000,22754.000000
20678.000000,43436.000000,46508.000000,22737.000000
20704.000000,43421.000000,46521.000000,22750.000000
20706.000000,43423.000000,46523.000000,22738.000000
20667.000000,43438.000000,46508.000000,22742.000000
20651.000000,43392.000000,46485.000000,22724.000000
20646.000000,43376.000000,46509.000000,22717.000000
20631.000000,43362.000000,46470.000000,22742.000000
20622.000000,43363.000000,46471.000000,22707.000000
20604.000000,43334.000000,46450.000000,22723.000000
20596.000000,43342.000000,46459.000000,22735.000000
20560.000000,43321.000000,46439.000000,22687.000000
20548.000000,43295.000000,46391.000000,22690.000000
20554.000000,43265.000000,46409.000000,22723.000000
20512.000000,43283.000000,46413.000000,22692.000000
20479.000000,43232.000000,46415.000000,22708.000000
20512.000000,43237.000000,46406.000000,22696.000000
20475.000000,43218.000000,46385.000000,22686.000000
20505.000000,43213.000000,46370.000000,22682.000000
20439.000000,43181.000000,46377.000000,22677.000000
20504.000000,43207.000000,46360.000000,22710.000000
20483.000000,43149.000000,46319.000000,22667.000000
20469.000000,43176.000000,46347.000000,22670.000000
20414.000000,43105.000000,46352.000000,22683.000000
20384.000000,43148.000000,46308.000000,22652.000000
20357.000000,43133.000000,46335.000000,22653.000000
20307.000000,43094.000000,46305.000000,22669.000000
20264.000000,43082.000000,46310.000000,22678.000000
20294.000000,43086.000000,46287.000000,22653.000000
20243.000000,43043.000000,46283.000000,22685.000000
20246.000000,43023.000000,46295.000000,22642.000000
20270.000000,42991.000000,46228.000000,22662.000000
20234.000000,42941.000000,46219.000000,22629.000000
20238.000000,42937.000000,46213.000000,22618.000000
20169.000000,42913.000000,46200.000000,22617.000000
20186.000000,42886.000000,46178.000000,22617.000000
20138.000000,42826.000000,46178.000000,22595.000000
20149.000000,42823.000000,46182.000000,22590.000000
20104.000000,42817.000000,46147.000000,22584.000000
20143.000000,42850.000000,46137.000000,22609.000000
20114.000000,42771.000000,46138.000000,22583.000000
20065.000000,42742.000000,46101.000000,22601.000000
20063.000000,42690.000000,46084.000000,22595.000000
20036.000000,42690.000000,46086.000000,22575.000000
20049.000000,42682.000000,46095.000000,22585.000000
19988.000000,42665.000000,46094.000000,22570.000000
20017.000000,42634.000000,46082.000000,22585.000000
19977.000000,42636.000000,46043.000000,22548.000000
19946.000000,42577.000000,46050.000000,22557.000000
19959.000000,42561.000000,46035.000000,22565.000000
19921.000000,42536.000000,46029.000000,22552.000000
19913.000000,42525.000000,45989.000000,22543.000000
19880.000000,42504.000000,46010.000000,22542.000000
19907.000000,42491.000000,45969.000000,22547.000000
19881.000000,42397.000000,45945.000000,22524.000000
19888.000000,42409.000000,45920.000000,22540.000000
19853.000000,42414.000000,45908.000000,22494.000000
19851.000000,42375.000000,45929.000000,22523.000000
19841.000000,42358.000000,45897.000000,22521.000000
19853.000000,42340.000000,45904.000000,22536.000000
19835.000000,42319.000000,45898.000000,22501.000000
19845.000000,42310.000000,45879.000000,22539.000000
19794.000000,42271.000000,45870.000000,22516.000000
19792.000000,42274.000000,45866.000000,22513.000000
19771.000000,42236.000000,45834.000000,22512.000000
19797.000000,42262.000000,45819.000000,22484.000000
19768.000000,42251.000000,45812.000000,22515.000000
19765.000000,42252.000000,45810.000000,22519.000000
19771.000000,42227.000000,45836.000000,22520.000000
19761.000000,42203.000000,45822.000000,22477.000000
19771.000000,42173.000000,45783.000000,22496.000000
19752.000000,42201.000000,45795.000000,22491.000000
19729.000000,42163.000000,45787.000000,22499.000000
19726.000000,42169.000000,45790.000000,22525.000000
19695.000000,42143.000000,45773.000000,22533.000000
19702.000000,42134.000000,45756.000000,22496.000000
19685.000000,42117.000000,45760.000000,22503.000000
19710.000000,42118.000000,45770.000000,22511.000000
19693.000000,42090.000000,45764.000000,22485.000000
19671.000000,42083.000000,45728.000000,22507.000000
19693.000000,42057.000000,45735.000000,22509.000000
19649.000000,42087.000000,45732.000000,22533.000000
19670.000000,42071.000000,45737.000000,22497.000000
19625.000000,42068.000000,45732.000000,22484.000000
19644.000000,42037.000000,45720.000000,22507.000000
19617.000000,42072.000000,45716.000000,22487.000000
19632.000000,42070.000000,45744.000000,22493.000000
19595.000000,42047.000000,45719.000000,22469.000000
19576.000000,42021.000000,45736.000000,22479.000000
19579.000000,42052.000000,45722.000000,22475.000000
19529.000000,42029.000000,45698.000000,22475.000000
19516.000000,42041.000000,45707.000000,22445.000000
19528.000000,42023.000000,45698.000000,22457.000000
19519.000000,41989.000000,45680.000000,22463.000000
19509.000000,41974.000000,45670.000000,22430.000000
19488.000000,41963.000000,45689.000000,22456.000000
19478.000000,41968.000000,45669.000000,22436.000000
19474.000000,41967.000000,45702.000000,22432.000000
19489.000000,41949.000000,45669.000000,22423.000000
19478.000000,41957.000000,45655.000000,22428.000000
19479.000000,41920.000000,45627.000000,22412.000000
19500.000000,41943.000000,45635.000000,22423.000000
19470.000000,41929.000000,45654.000000,22423.000000
19478.000000,41934.000000,45628.000000,22389.000000
19509.000000,41907.000000,45649.000000,22411.000000
19483.000000,41910.000000,45613.000000,22408.000000
19502.000000,41909.000000,45621.000000,22393.000000
19512.000000,41937.000000,45633.000000,22386.000000
19516.000000,41910.000000,45657.000000,22411.000000
19537.000000,41923.000000,45640.000000,22393.000000
19544.000000,41932.000000,45651.000000,22383.000000
19567.000000,41895.000000,45636.000000,22375.000000
19574.000000,41947.000000,45672.000000,22404.000000
19599.000000,41980.000000,45660.000000,22413.000000
19584.000000,42011.000000,45673.000000,22374.000000
19642.000000,42000.000000,45667.000000,22403.000000
19667.000000,41979.000000,45719.000000,22373.000000
19638.000000,42034.000000,45714.000000,22387.000000
19735.000000,42065.000000,45712.000000,22396.000000
19776.000000,42060.000000,45716.000000,22396.000000
19880.000000,42078.000000,45730.000000,22397.000000
19885.000000,42130.000000,45740.000000,22401.000000
19946.000000,42139.000000,45746.000000,22405.000000
19953.000000,42148.000000,45772.000000,22392.000000
19989.000000,42152.000000,45779.000000,22400.000000
20050.000000,42248.000000,45827.000000,22427.000000
20066.000000,42297.000000,45869.000000,22424.000000
20135.000000,42396.000000,45903.000000,22456.000000
20149.000000,42435.000000,45943.000000,22462.000000
20200.000000,42441.000000,45937.000000,22502.000000
20248.000000,42502.000000,46003.000000,22470.000000
20260.000000,42517.000000,46006.000000,22489.000000
20327.000000,42577.000000,46007.000000,22515.000000
20359.000000,42612.000000,46052.000000,22503.000000
20391.000000,42630.000000,46037.000000,22528.000000
20438.000000,42718.000000,46092.000000,22528.000000
20483.000000,42731.000000,46087.000000,22578.000000
20531.000000,42763.000000,46146.000000,22574.000000
20529.000000,42843.000000,46186.000000,22575.000000
20627.000000,42861.000000,46207.000000,22594.000000
20618.000000,42897.000000,46203.000000,22594.000000
20729.000000,42971.000000,46258.000000,22599.000000
20741.000000,43013.000000,46270.000000,22632.000000
20772.000000,43055.000000,46323.000000,22623.000000
20793.000000,43090.000000,46314.000000,22657.000000
20858.000000,43135.000000,46380.000000,22660.000000
20881.000000,43197.000000,46399.000000,22679.000000
20857.000000,43257.000000,46417.000000,22705.000000
20871.000000,43334.000000,46446.000000,22703.000000
20850.000000,43373.000000,46493.000000,22721.000000
20906.000000,43372.000000,46508.000000,22763.000000
20887.000000,43449.000000,46523.000000,22754.000000
20869.000000,43545.000000,46598.000000,22770.000000
20862.000000,43522.000000,46587.000000,22773.000000
20793.000000,43583.000000,46591.000000,22773.000000
20834.000000,43573.000000,46579.000000,22771.000000
20747.000000,43573.000000,46593.000000,22754.000000
20768.000000,43537.000000,46604.000000,22775.000000
20777.000000,43545.000000,46579.000000,22793.000000
20721.000000,43517.000000,46593.000000,22766.000000
20714.000000,43508.000000,46591.000000,22766.000000
20659.000000,43520.000000,46576.000000,22751.000000
20703.000000,43478.000000,46554.000000,22773.000000
20679.000000,43495.000000,46551.000000,22759.000000
20679.000000,43430.000000,46557.000000,22739.000000
20633.000000,43422.000000,46532.000000,22728.000000
20669.000000,43435.000000,46516.000000,22746.000000
20617.000000,43410.000000,46526.000000,22743.000000
20618.000000,43398.000000,46525.000000,22711.000000
20612.000000,43362.000000,46507.000000,22713.000000
20571.000000,43367.000000,46501.000000,22692.000000
20593.000000,43329.000000,46479.000000,22713.000000
20551.000000,43360.000000,46465.000000,22701.000000
20537.000000,43307.000000,46451.000000,22715.000000
20533.000000,43293.000000,46436.000000,22682.000000
20513.000000,43284.000000,46462.000000,22659.000000
20506.000000,43229.000000,46430.000000,22681.000000
20507.000000,43219.000000,46412.000000,22670.000000
20496.000000,43229.000000,46390.000000,22655.000000
20474.000000,43223.000000,46379.000000,22668.000000
20464.000000,43214.000000,46384.000000,22667.000000
20478.000000,43216.000000,46380.000000,22644.000000
20454.000000,43172.000000,46379.000000,22637.000000
20508.000000,43181.000000,46370.000000,22667.000000
20474.000000,43128.000000,46395.000000,22676.000000
20427.000000,43157.000000,46337.000000,22653.000000
20424.000000,43141.000000,46329.000000,22661.000000
20467.000000,43128.000000,46330.000000,22673.000000
20438.000000,43139.000000,46338.000000,22661.000000
20441.000000,43111.000000,46360.000000,22648.000000
20391.000000,43080.000000,46328.000000,22662.000000
20384.000000,43103.000000,46337.000000,22679.000000
20400.000000,43126.000000,46339.000000,22656.000000
20364.000000,43102.000000,46330.000000,22656.000000
20361.000000,43051.000000,46316.000000,22658.000000
20346.000000,43103.000000,46292.000000,22657.000000
20323.000000,43050.000000,46301.000000,22637.000000
20338.000000,43068.000000,46294.000000,22624.000000
20306.000000,43040.000000,46287.000000,22618.000000
20292.000000,43035.000000,46265.000000,22630.000000
20309.000000,42984.000000,46282.000000,22615.000000
20288.000000,43007.000000,46285.000000,22623.000000
20290.000000,42980.000000,46307.000000,22622.000000
20263.000000,42973.000000,46257.000000,22583.000000
20216.000000,42987.000000,46274.000000,22609.000000
20233.000000,42912.000000,46238.000000,22593.000000
20195.000000,42969.000000,46222.000000,22569.000000
20238.000000,42927.000000,46201.000000,22603.000000
20173.000000,42909.000000,46218.000000,22588.000000
20200.000000,42881.000000,46225.000000,22601.000000
20171.000000,42889.000000,46207.000000,22563.000000
20116.000000,42896.000000,46240.000000,22590.000000
20128.000000,42867.000000,46196.000000,22569.000000
20105.000000,42841.000000,46226.000000,22564.000000
20079.000000,42821.000000,46194.000000,22568.000000
20006.000000,42831.000000,46200.000000,22536.000000
20025.000000,42796.000000,46173.000000,22563.000000
19948.000000,42838.000000,46173.000000,22560.000000
19961.000000,42758.000000,46178.000000,22543.000000
19947.000000,42749.000000,46159.000000,22545.000000
19929.000000,42732.000000,46141.000000,22520.000000
19903.000000,42726.000000,46125.000000,22501.000000
19897.000000,42683.000000,46094.000000,22492.000000
19868.000000,42659.000000,46070.000000,22491.000000
19849.000000,42663.000000,46095.000000,22486.000000
19847.000000,42653.000000,46057.000000,22460.000000
19828.000000,42599.000000,46054.000000,22464.000000
19847.000000,42590.000000,46019.000000,22495.000000
19817.000000,42576.000000,46007.000000,22473.000000
19786.000000,42529.000000,46055.000000,22455.000000
19780.000000,42557.000000,46015.000000,22432.000000
19777.000000,42523.000000,46021.000000,22447.000000
19781.000000,42520.000000,45989.000000,22445.000000
19766.000000,42468.000000,46010.000000,22456.000000
19779.000000,42453.000000,46004.000000,22453.000000
19753.000000,42493.000000,45996.000000,22465.000000
19787.000000,42444.000000,45957.000000,22440.000000
19748.000000,42463.000000,45971.000000,22453.000000
19760.000000,42405.000000,45929.000000,22460.000000
19778.000000,42430.000000,45930.000000,22433.000000
19773.000000,42402.000000,45946.000000,22440.000000
19770.000000,42387.000000,45932.000000,22442.000000
19750.000000,42399.000000,45958.000000,22444.000000
19769.000000,42378.000000,45922.000000,22422.000000
19782.000000,42391.000000,45927.000000,22456.000000
19803.000000,42363.000000,45917.000000,22442.000000
19802.000000,42376.000000,45942.000000,22438.000000
19776.000000,42362.000000,45933.000000,22447.000000
19773.000000,42376.000000,45932.000000,22459.000000
19750.000000,42378.000000,45912.000000,22465.000000
19769.000000,42405.000000,45925.000000,22449.000000
19785.000000,42391.000000,45945.000000,22442.000000
19801.000000,42392.000000,45945.000000,22455.000000
19780.000000,42413.000000,45930.000000,22430.000000
19783.000000,42367.000000,45925.000000,22433.000000
19756.000000,42402.000000,45955.000000,22425.000000
19739.000000,42386.000000,45949.000000,22445.000000
19769.000000,42368.000000,45928.000000,22428.000000
19753.000000,42376.000000,45944.000000,22432.000000
19740.000000,42369.000000,45931.000000,22433.000000
19720.000000,42393.000000,45942.000000,22409.000000
19774.000000,42378.000000,45944.000000,22423.000000
19757.000000,42378.000000,45910.000000,22402.000000
19747.000000,42376.000000,45945.000000,22393.000000
19733.000000,42359.000000,45920.000000,22398.000000
19715.000000,42350.000000,45944.000000,22401.000000
19760.000000,42357.000000,45915.000000,22414.000000
19736.000000,42368.000000,45926.000000,22384.000000
19771.000000,42375.000000,45926.000000,22419.000000
19747.000000,42409.000000,45937.000000,22388.000000
19807.000000,42371.000000,45956.000000,22387.000000
19782.000000,42383.000000,45936.000000,22392.000000
19850.000000,42396.000000,45932.000000,22409.000000
19943.000000,42419.000000,45932.000000,22381.000000
19940.000000,42423.000000,45953.000000,22379.000000
19968.000000,42420.000000,45955.000000,22403.000000
19997.000000,42461.000000,45970.000000,22404.000000
20017.000000,42455.000000,45951.000000,22398.000000
20014.000000,42496.000000,46000.000000,22392.000000
20062.000000,42491.000000,45994.000000,22402.000000
20093.000000,42594.000000,46017.000000,22411.000000
20156.000000,42571.000000,46055.000000,22440.000000
20150.000000,42602.000000,46071.000000,22422.000000
20204.000000,42650.000000,46094.000000,22454.000000
20214.000000,42675.000000,46082.000000,22417.000000
20260.000000,42698.000000,46122.000000,22437.000000
20287.000000,42753.000000,46129.000000,22427.000000
20317.000000,42766.000000,46156.000000,22450.000000
20351.000000,42816.000000,46198.000000,22443.000000
20392.000000,42886.000000,46230.000000,22461.000000
20394.000000,42887.000000,46208.000000,22455.000000
20461.000000,42935.000000,46266.000000,22475.000000
20481.000000,42985.000000,46278.000000,22477.000000
20620.000000,43005.000000,46307.000000,22485.000000
20653.000000,43086.000000,46316.000000,22523.000000
20685.000000,43074.000000,46315.000000,22503.000000
20715.000000,43171.000000,46357.000000,22511.000000
20764.000000,43156.000000,46397.000000,22529.000000
20781.000000,43236.000000,46434.000000,22545.000000
20880.000000,43247.000000,46453.000000,22566.000000
20915.000000,43413.000000,46514.000000,22568.000000
20996.000000,43485.000000,46545.000000,22595.000000
21014.000000,43541.000000,46603.000000,22592.000000
21200.000000,43572.000000,46624.000000,22600.000000
21219.000000,43623.000000,46624.000000,22600.000000
21362.000000,43657.000000,46697.000000,22637.000000
21321.000000,43740.000000,46697.000000,22667.000000
21325.000000,43792.000000,46782.000000,22658.000000
21327.000000,43823.000000,46774.000000,22676.000000
21331.000000,43950.000000,46824.000000,22703.000000
21336.000000,44144.000000,46926.000000,22761.000000
21288.000000,44201.000000,46975.000000,22786.000000
21307.000000,44319.000000,47078.000000,22816.000000
21259.000000,44359.000000,47050.000000,22816.000000
21272.000000,44333.000000,47055.000000,22855.000000
21261.000000,44306.000000,47068.000000,22831.000000
21259.000000,44306.000000,47044.000000,22816.000000
21245.000000,44285.000000,47070.000000,22824.000000
21161.000000,44251.000000,47014.000000,22823.000000
21134.000000,44217.000000,47001.000000,22825.000000
21093.000000,44218.000000,47005.000000,22827.000000
21065.000000,44195.000000,46984.000000,22833.000000
21043.000000,44199.000000,46961.000000,22807.000000
21072.000000,44137.000000,46955.000000,22814.000000
21051.000000,44140.000000,46972.000000,22786.000000
21035.000000,44099.000000,46934.000000,22798.000000
21009.000000,44041.000000,46891.000000,22759.000000
20997.000000,43992.000000,46893.000000,22783.000000
20966.000000,44024.000000,46884.000000,22742.000000
20967.000000,43995.000000,46885.000000,22779.000000
20965.000000,43978.000000,46864.000000,22746.000000
20963.000000,43981.000000,46847.000000,22731.000000
20914.000000,43932.000000,46835.000000,22756.000000
20925.000000,43891.000000,46862.000000,22727.000000
20904.000000,43912.000000,46827.000000,22731.000000
20889.000000,43936.000000,46805.000000,22746.000000
20867.000000,43901.000000,46820.000000,22739.000000
20845.000000,43873.000000,46813.000000,22750.000000
20859.000000,43861.000000,46781.000000,22719.000000
20870.000000,43846.000000,46771.000000,22722.000000
20814.000000,43825.000000,46770.000000,22731.000000
20841.000000,43818.000000,46760.000000,22722.000000
20815.000000,43773.000000,46754.000000,22719.000000
20795.000000,43765.000000,46732.000000,22729.000000
20772.000000,43742.000000,46727.000000,22746.000000
20763.000000,43738.000000,46733.000000,22702.000000
20725.000000,43740.000000,46724.000000,22695.000000
20746.000000,43695.000000,46740.000000,22699.000000
20703.000000,43695.000000,46689.000000,22671.000000
20677.000000,43686.000000,46750.000000,22717.000000
20683.000000,43700.000000,46671.000000,22707.000000
20718.000000,43681.000000,46688.000000,22707.000000
20657.000000,43659.000000,46674.000000,22695.000000
20619.000000,43629.000000,46669.000000,22687.000000
20670.000000,43606.000000,46659.000000,22695.000000
20633.000000,43588.000000,46648.000000,22693.000000
20629.000000,43583.000000,46603.000000,22676.000000
20615.000000,43567.000000,46614.000000,22673.000000
20606.000000,43532.000000,46626.000000,22675.000000
20627.000000,43563.000000,46608.000000,22691.000000
20611.000000,43548.000000,46577.000000,22682.000000
20570.000000,43487.000000,46595.000000,22670.000000
20541.000000,43480.000000,46567.000000,22679.000000
20531.000000,43512.000000,46563.000000,22663.000000
20509.000000,43482.000000,46560.000000,22692.000000
20462.000000,43461.000000,46511.000000,22651.000000
20462.000000,43436.000000,46573.000000,22686.000000
20438.000000,43452.000000,46514.000000,22668.000000
20392.000000,43414.000000,46545.000000,22679.000000
20402.000000,43401.000000,46499.000000,22654.000000
20394.000000,43365.000000,46486.000000,22686.000000
20324.000000,43360.000000,46478.000000,22652.000000
20353.000000,43317.000000,46473.000000,22646.000000
20315.000000,43341.000000,46468.000000,22631.000000
20257.000000,43301.000000,46466.000000,22635.000000
20284.000000,43286.000000,46428.000000,22620.000000
20235.000000,43287.000000,46445.000000,22611.000000
20163.000000,43215.000000,46411.000000,22615.000000
20158.000000,43209.000000,46442.000000,22609.000000
20131.000000,43205.000000,46396.000000,22604.000000
20092.000000,43179.000000,46384.000000,22597.000000
20043.000000,43158.000000,46353.000000,22569.000000
20028.000000,43120.000000,46372.000000,22553.000000
20001.000000,43037.000000,46314.000000,22542.000000
20001.000000,43026.000000,46292.000000,22549.000000
19980.000000,42998.000000,46296.000000,22529.000000
19966.000000,42993.000000,46263.000000,22541.000000
19913.000000,42919.000000,46219.000000,22538.000000
19903.000000,42874.000000,46218.000000,22513.000000
19863.000000,42823.000000,46206.000000,22501.000000
19888.000000,42844.000000,46195.000000,22455.000000
19860.000000,42791.000000,46161.000000,22487.000000
19862.000000,42806.000000,46155.000000,22476.000000
19808.000000,42765.000000,46145.000000,22464.000000
19805.000000,42778.000000,46128.000000,22449.000000
19739.000000,42724.000000,46118.000000,22443.000000
19726.000000,42728.000000,46103.000000,22440.000000
19747.000000,42692.000000,46097.000000,22444.000000
19708.000000,42680.000000,46092.000000,22433.000000
19757.000000,42638.000000,46063.000000,22440.000000
19695.000000,42616.000000,46043.000000,22454.000000
19724.000000,42595.000000,46062.000000,22427.000000
19699.000000,42557.000000,45995.000000,22421.000000
19686.000000,42533.000000,46002.000000,22398.000000
19638.000000,42560.000000,46006.000000,22414.000000
19658.000000,42517.000000,45985.000000,22434.000000
19609.000000,42489.000000,45994.000000,22431.000000
19639.000000,42491.000000,45991.000000,22402.000000
19619.000000,42489.000000,45993.000000,22402.000000
19616.000000,42487.000000,45967.000000,22396.000000
19595.000000,42439.000000,45942.000000,22381.000000
19582.000000,42481.000000,45952.000000,22386.000000
19550.000000,42426.000000,45910.000000,22400.000000
19599.000000,42423.000000,45943.000000,22395.000000
19542.000000,42437.000000,45932.000000,22406.000000
19539.000000,42358.000000,45912.000000,22379.000000
19542.000000,42400.000000,45913.000000,22386.000000
19548.000000,42383.000000,45943.000000,22386.000000
19518.000000,42368.000000,45902.000000,22382.000000
19516.000000,42365.000000,45902.000000,22388.000000
19466.000000,42325.000000,45863.000000,22394.000000
19422.000000,42323.000000,45854.000000,22359.000000
19446.000000,42311.000000,45866.000000,22377.000000
19426.000000,42294.000000,45843.000000,22365.000000
19402.000000,42277.000000,45866.000000,22380.000000
19423.000000,42283.000000,45848.000000,22337.000000
19369.000000,42238.000000,45818.000000,22372.000000
19404.000000,42221.000000,45814.000000,22334.000000
19360.000000,42219.000000,45818.000000,22352.000000
19376.000000,42181.000000,45785.000000,22349.000000
19382.000000,42186.000000,45778.000000,22328.000000
19393.000000,42142.000000,45789.000000,22326.000000
19384.000000,42150.000000,45768.000000,22328.000000
19431.000000,42149.000000,45787.000000,22301.000000
19431.000000,42124.000000,45736.000000,22304.000000
19480.000000,42117.000000,45781.000000,22306.000000
19549.000000,42146.000000,45783.000000,22307.000000
19545.000000,42138.000000,45774.000000,22314.000000
19548.000000,42119.000000,45779.000000,22342.000000
19669.000000,42184.000000,45795.000000,22330.000000
19706.000000,42204.000000,45814.000000,22327.000000
19747.000000,42236.000000,45799.000000,22337.000000
19882.000000,42286.000000,45847.000000,22349.000000
19914.000000,42309.000000,45879.000000,22348.000000
19949.000000,42344.000000,45901.000000,22382.000000
19995.000000,42352.000000,45882.000000,22371.000000
20055.000000,42472.000000,45951.000000,22422.000000
20096.000000,42483.000000,45981.000000,22404.000000
20272.000000,42522.000000,45997.000000,22384.000000
20274.000000,42670.000000,46059.000000,22416.000000
20343.000000,42709.000000,46099.000000,22452.000000
20407.000000,42746.000000,46133.000000,22472.000000
20472.000000,42799.000000,46160.000000,22488.000000
20522.000000,42829.000000,46178.000000,22494.000000
20589.000000,42870.000000,46217.000000,22511.000000
20607.000000,43063.000000,46287.000000,22562.000000
20692.000000,43110.000000,46348.000000,22563.000000
20708.000000,43141.000000,46368.000000,22591.000000
20796.000000,43204.000000,46424.000000,22591.000000
20855.000000,43259.000000,46423.000000,22640.000000
20945.000000,43323.000000,46466.000000,22631.000000
20966.000000,43393.000000,46494.000000,22652.000000
21048.000000,43450.000000,46578.000000,22662.000000
21075.000000,43499.000000,46560.000000,22682.000000
21153.000000,43589.000000,46626.000000,22691.000000
21148.000000,43645.000000,46638.000000,22723.000000
21206.000000,43671.000000,46677.000000,22743.000000
21203.000000,43790.000000,46719.000000,22766.000000
21212.000000,43831.000000,46785.000000,22777.000000
21206.000000,43897.000000,46798.000000,22778.000000
21244.000000,43913.000000,46835.000000,22806.000000
21226.000000,44023.000000,46857.000000,22812.000000
21225.000000,44024.000000,46899.000000,22840.000000
21211.000000,44081.000000,46914.000000,22869.000000
21246.000000,44097.000000,46963.000000,22850.000000
21188.000000,44142.000000,46938.000000,22840.000000
21198.000000,44141.000000,46941.000000,22836.000000
21191.000000,44112.000000,46928.000000,22843.000000
21252.000000,44086.000000,46963.000000,22860.000000
21197.000000,44121.000000,46933.000000,22840.000000
21200.000000,44097.000000,46944.000000,22864.000000
21160.000000,44118.000000,46926.000000,22851.000000
21186.000000,44067.000000,46950.000000,22839.000000
21159.000000,44080.000000,46937.000000,22831.000000
21148.000000,44076.000000,46917.000000,22840.000000
21162.000000,44065.000000,46927.000000,22836.000000
21149.000000,44072.000000,46920.000000,22828.000000
21134.000000,44029.000000,46920.000000,22830.000000
21163.000000,44030.000000,46897.000000,22830.000000
21154.000000,44010.000000,46868.000000,22822.000000
21168.000000,44017.000000,46886.000000,22788.000000
21136.000000,43993.000000,46892.000000,22845.000000
21122.000000,44007.000000,46886.000000,22800.000000
21114.000000,43981.000000,46856.000000,22830.000000
21137.000000,44017.000000,46883.000000,22810.000000
21101.000000,44022.000000,46906.000000,22826.000000
21074.000000,44001.000000,46884.000000,22829.000000
21067.000000,43977.000000,46864.000000,22821.000000
21055.000000,43953.000000,46836.000000,22827.000000
21050.000000,43959.000000,46839.000000,22828.000000
21053.000000,43946.000000,46847.000000,22820.000000
21030.000000,43930.000000,46863.000000,22808.000000
20995.000000,43900.000000,46830.000000,22783.000000
20983.000000,43883.000000,46834.000000,22815.000000
20942.000000,43901.000000,46824.000000,22789.000000
20950.000000,43891.000000,46807.000000,22809.000000
20952.000000,43878.000000,46814.000000,22808.000000
20949.000000,43852.000000,46803.000000,22786.000000
20900.000000,43870.000000,46780.000000,22806.000000
20877.000000,43839.000000,46796.000000,22774.000000
20810.000000,43788.000000,46796.000000,22811.000000
20826.000000,43807.000000,46759.000000,22791.000000
20758.000000,43768.000000,46754.000000,22799.000000
20744.000000,43774.000000,46751.000000,22780.000000
20749.000000,43790.000000,46731.000000,22783.000000
20697.000000,43722.000000,46748.000000,22744.000000
20657.000000,43733.000000,46753.000000,22763.000000
20682.000000,43670.000000,46713.000000,22761.000000
20576.000000,43692.000000,46665.000000,22738.000000
20565.000000,43639.000000,46685.000000,22727.000000
20548.000000,43621.000000,46650.000000,22744.000000
20483.000000,43614.000000,46629.000000,22700.000000
20452.000000,43556.000000,46615.000000,22692.000000
20476.000000,43540.000000,46620.000000,22719.000000
20455.000000,43509.000000,46583.000000,22720.000000
20395.000000,43441.000000,46566.000000,22658.000000
20381.000000,43418.000000,46523.000000,22687.000000
20385.000000,43379.000000,46548.000000,22664.000000
20327.000000,43319.000000,46494.000000,22655.000000
20327.000000,43336.000000,46472.000000,22667.000000
20345.000000,43317.000000,46480.000000,22630.000000
20291.000000,43329.000000,46472.000000,22626.000000
20295.000000,43291.000000,46461.000000,22635.000000
20254.000000,43279.000000,46453.000000,22620.000000
20251.000000,43252.000000,46434.000000,22626.000000
20222.000000,43207.000000,46409.000000,22616.000000
20241.000000,43210.000000,46409.000000,22598.000000
20221.000000,43210.000000,46391.000000,22571.000000
20210.000000,43169.000000,46394.000000,22610.000000
20170.000000,43150.000000,46366.000000,22580.000000
20163.000000,43119.000000,46371.000000,22594.000000
20130.000000,43122.000000,46336.000000,22550.000000
20129.000000,43079.000000,46350.000000,22600.000000
20104.000000,43050.000000,46326.000000,22547.000000
20138.000000,43055.000000,46346.000000,22567.000000
20079.000000,43044.000000,46302.000000,22544.000000
20101.000000,43016.000000,46312.000000,22561.000000
20042.000000,43021.000000,46288.000000,22537.000000
20065.000000,42975.000000,46270.000000,22560.000000
20005.000000,42971.000000,46271.000000,22556.000000
20018.000000,42938.000000,46248.000000,22537.000000
20008.000000,42940.000000,46249.000000,22502.000000
20008.000000,42885.000000,46251.000000,22513.000000
19947.000000,42879.000000,46204.000000,22507.000000
19932.000000,42860.000000,46221.000000,22485.000000
19946.000000,42835.000000,46213.000000,22492.000000
19917.000000,42825.000000,46184.000000,22473.000000
19920.000000,42763.000000,46173.000000,22491.000000
19882.000000,42759.000000,46179.000000,22506.000000
19887.000000,42757.000000,46142.000000,22490.000000
19870.000000,42756.000000,46172.000000,22473.000000
19861.000000,42710.000000,46116.000000,22470.000000
19868.000000,42723.000000,46105.000000,22453.000000
19845.000000,42663.000000,46087.000000,22488.000000
19791.000000,42671.000000,46128.000000,22420.000000
19799.000000,42660.000000,46088.000000,22477.000000
19724.000000,42652.000000,46089.000000,22437.000000
19766.000000,42606.000000,46099.000000,22478.000000
19717.000000,42595.000000,46066.000000,22426.000000
19765.000000,42642.000000,46075.000000,22413.000000
19744.000000,42555.000000,46037.000000,22417.000000
19762.000000,42529.000000,46030.000000,22401.000000
19694.000000,42492.000000,45996.000000,22384.000000
19726.000000,42492.000000,46008.000000,22383.000000
19713.000000,42467.000000,45992.000000,22390.000000
19722.000000,42449.000000,46016.000000,22376.000000
19676.000000,42453.000000,45993.000000,22374.000000
19707.000000,42451.000000,46008.000000,22397.000000
19680.000000,42442.000000,45979.000000,22377.000000
19669.000000,42432.000000,45993.000000,22378.000000
19634.000000,42426.000000,45963.000000,22359.000000
19637.000000,42410.000000,45969.000000,22374.000000
19630.000000,42370.000000,45932.000000,22356.000000
19624.000000,42368.000000,45963.000000,22347.000000
19592.000000,42364.000000,45951.000000,22360.000000
19601.000000,42337.000000,45947.000000,22335.000000
19614.000000,42311.000000,45893.000000,22337.000000
19606.000000,42285.000000,45903.000000,22334.000000
19629.000000,42303.000000,45902.000000,22356.000000
19697.000000,42301.000000,45891.000000,22350.000000
19732.000000,42260.000000,45877.000000,22315.000000
19772.000000,42236.000000,45860.000000,22328.000000
19815.000000,42223.000000,45867.000000,22346.000000
19869.000000,42239.000000,45886.000000,22296.000000
19916.000000,42256.000000,45907.000000,22296.000000
19942.000000,42295.000000,45903.000000,22316.000000
20015.000000,42357.000000,45966.000000,22358.000000
20056.000000,42391.000000,45967.000000,22359.000000
20064.000000,42429.000000,45976.000000,22350.000000
20144.000000,42416.000000,45970.000000,22344.000000
20147.000000,42528.000000,46061.000000,22365.000000
20212.000000,42540.000000,46045.000000,22385.000000
20294.000000,42605.000000,46075.000000,22371.000000
20321.000000,42684.000000,46123.000000,22395.000000
20368.000000,42716.000000,46128.000000,22417.000000
20402.000000,42747.000000,46173.000000,22418.000000
20432.000000,42787.000000,46173.000000,22423.000000
20455.000000,42825.000000,46244.000000,22413.000000
20538.000000,42860.000000,46216.000000,22429.000000
20543.000000,43001.000000,46294.000000,22454.000000
20612.000000,43017.000000,46366.000000,22488.000000
20645.000000,43071.000000,46342.000000,22453.000000
20721.000000,43085.000000,46389.000000,22485.000000
20755.000000,43158.000000,46389.000000,22497.000000
20913.000000,43246.000000,46429.000000,22512.000000
20967.000000,43257.000000,46451.000000,22507.000000
20983.000000,43312.000000,46499.000000,22527.000000
21070.000000,43343.000000,46502.000000,22565.000000
21109.000000,43418.000000,46550.000000,22525.000000
21189.000000,43455.000000,46564.000000,22557.000000
21164.000000,43508.000000,46587.000000,22557.000000
21207.000000,43690.000000,46721.000000,22605.000000
21204.000000,43756.000000,46766.000000,22664.000000
21214.000000,43781.000000,46781.000000,22652.000000
21188.000000,43859.000000,46793.000000,22673.000000
21155.000000,43899.000000,46822.000000,22666.000000
21190.000000,43927.000000,46856.000000,22689.000000
21131.000000,43973.000000,46870.000000,22703.000000
21169.000000,43998.000000,46902.000000,22730.000000
21119.000000,43996.000000,46895.000000,22712.000000
21135.000000,43971.000000,46894.000000,22739.000000
21080.000000,44006.000000,46869.000000,22699.000000
21115.000000,43973.000000,46857.000000,22713.000000
21074.000000,43963.000000,46874.000000,22701.000000
21086.000000,43937.000000,46868.000000,22697.000000
21051.000000,43950.000000,46861.000000,22684.000000
21018.000000,43936.000000,46863.000000,22695.000000
21039.000000,43919.000000,46853.000000,22698.000000
20982.000000,43936.000000,46832.000000,22710.000000
20970.000000,43916.000000,46837.000000,22661.000000
20970.000000,43901.000000,46846.000000,22673.000000
20988.000000,43863.000000,46827.000000,22679.000000
20946.000000,43867.000000,46783.000000,22679.000000
20973.000000,43827.000000,46803.000000,22672.000000
20923.000000,43835.000000,46785.000000,22685.000000
20923.000000,43780.000000,46775.000000,22635.000000
20912.000000,43809.000000,46774.000000,22644.000000
20894.000000,43787.000000,46763.000000,22639.000000
20894.000000,43745.000000,46759.000000,22637.000000
20868.000000,43695.000000,46754.000000,22643.000000
20834.000000,43677.000000,46723.000000,22644.000000
20797.000000,43716.000000,46693.000000,22638.000000
20825.000000,43628.000000,46692.000000,22620.000000
20798.000000,43629.000000,46679.000000,22639.000000
20803.000000,43617.000000,46674.000000,22614.000000
20812.000000,43593.000000,46661.000000,22613.000000
20799.000000,43584.000000,46658.000000,22626.000000
20800.000000,43558.000000,46587.000000,22604.000000
20778.000000,43522.000000,46616.000000,22574.000000
20767.000000,43526.000000,46611.000000,22591.000000
20768.000000,43530.000000,46638.000000,22612.000000
20760.000000,43491.000000,46588.000000,22590.000000
20750.000000,43506.000000,46565.000000,22607.000000
20777.000000,43470.000000,46566.000000,22618.000000
20716.000000,43466.000000,46557.000000,22584.000000
20729.000000,43418.000000,46551.000000,22605.000000
20725.000000,43417.000000,46568.000000,22587.000000
20701.000000,43420.000000,46581.000000,22618.000000
20704.000000,43388.000000,46556.000000,22601.000000
20726.000000,43417.000000,46556.000000,22598.000000
20701.000000,43363.000000,46511.000000,22603.000000
20698.000000,43428.000000,46506.000000,22585.000000
20655.000000,43348.000000,46516.000000,22617.000000
20634.000000,43367.000000,46510.000000,22596.000000
20666.000000,43370.000000,46516.000000,22603.000000
20603.000000,43368.000000,46509.000000,22601.000000
20599.000000,43348.000000,46519.000000,22618.000000
20598.000000,43363.000000,46522.000000,22588.000000
20559.000000,43320.000000,46487.000000,22570.000000
20548.000000,43295.000000,46489.000000,22577.000000
20533.000000,43313.000000,46494.000000,22574.000000
20558.000000,43297.000000,46439.000000,22577.000000
20488.000000,43285.000000,46474.000000,22560.000000
20461.000000,43294.000000,46472.000000,22561.000000
20476.000000,43247.000000,46444.000000,22553.000000
20464.000000,43227.000000,46452.000000,22513.000000
20464.000000,43236.000000,46437.000000,22527.000000
20434.000000,43192.000000,46437.000000,22529.000000
20444.000000,43169.000000,46386.000000,22530.000000
20397.000000,43158.000000,46389.000000,22501.000000
20398.000000,43124.000000,46385.000000,22522.000000
20362.000000,43154.000000,46354.000000,22504.000000
20367.000000,43100.000000,46361.000000,22500.000000
20332.000000,43116.000000,46368.000000,22497.000000
20336.000000,43085.000000,46369.000000,22495.000000
20338.000000,43058.000000,46348.000000,22496.000000
20292.000000,43065.000000,46344.000000,22477.000000
20313.000000,43045.000000,46320.000000,22493.000000
20250.000000,43049.000000,46331.000000,22473.000000
20262.000000,43010.000000,46309.000000,22472.000000
20228.000000,43001.000000,46309.000000,22464.000000
20239.000000,42984.000000,46316.000000,22468.000000
20205.000000,42943.000000,46272.000000,22439.000000
20207.000000,42934.000000,46299.000000,22436.000000
20205.000000,42935.000000,46272.000000,22441.000000
20174.000000,42912.000000,46287.000000,22420.000000
20163.000000,42888.000000,46226.000000,22418.000000
20162.000000,42894.000000,46209.000000,22420.000000
20180.000000,42857.000000,46234.000000,22407.000000
20133.000000,42868.000000,46204.000000,22406.000000
20141.000000,42853.000000,46200.000000,22409.000000
20109.000000,42809.000000,46193.000000,22422.000000
20086.000000,42788.000000,46224.000000,22373.000000
20041.000000,42824.000000,46159.000000,22387.000000
20060.000000,42780.000000,46187.000000,22380.000000
20008.000000,42778.000000,46175.000000,22372.000000
20047.000000,42728.000000,46158.000000,22388.000000
20016.000000,42742.000000,46138.000000,22362.000000
20004.000000,42692.000000,46146.000000,22365.000000
20008.000000,42682.000000,46123.000000,22346.000000
19967.000000,42675.000000,46121.000000,22352.000000
19977.000000,42620.000000,46104.000000,22362.000000
19965.000000,42645.000000,46095.000000,22368.000000
19967.000000,42644.000000,46076.000000,22324.000000
19945.000000,42656.000000,46069.000000,22313.000000
19937.000000,42587.000000,46068.000000,22345.000000
19911.000000,42633.000000,46055.000000,22316.000000
19915.000000,42548.000000,46074.000000,22325.000000
19896.000000,42576.000000,46073.000000,22299.000000
19877.000000,42548.000000,46060.000000,22326.000000
19864.000000,42582.000000,46070.000000,22297.000000
19885.000000,42507.000000,46046.000000,22313.000000
19842.000000,42546.000000,46032.000000,22301.000000
19830.000000,42503.000000,46029.000000,22308.000000
19801.000000,42481.000000,46007.000000,22289.000000
19810.000000,42469.000000,45999.000000,22289.000000
19803.000000,42442.000000,45999.000000,22262.000000
19816.000000,42437.000000,45996.000000,22276.000000
19824.000000,42448.000000,46003.000000,22312.000000
19824.000000,42408.000000,45984.000000,22247.000000
19809.000000,42407.000000,45977.000000,22263.000000
19823.000000,42401.000000,45965.000000,22251.000000
19848.000000,42404.000000,45979.000000,22274.000000
19819.000000,42379.000000,45967.000000,22238.000000
19856.000000,42400.000000,45942.000000,22246.000000
19903.000000,42404.000000,45957.000000,22253.000000
19982.000000,42386.000000,45981.000000,22264.000000
19967.000000,42449.000000,45939.000000,22280.000000
20003.000000,42414.000000,45969.000000,22255.000000
20017.000000,42441.000000,45984.000000,22233.000000
20055.000000,42409.000000,45978.000000,22267.000000
20098.000000,42428.000000,45976.000000,22248.000000
20095.000000,42455.000000,46015.000000,22244.000000
20140.000000,42526.000000,46045.000000,22266.000000
20203.000000,42580.000000,46053.000000,22300.000000
20244.000000,42566.000000,46093.000000,22300.000000
20256.000000,42620.000000,46080.000000,22290.000000
20292.000000,42652.000000,46121.000000,22318.000000
20312.000000,42688.000000,46135.000000,22292.000000
20355.000000,42715.000000,46154.000000,22286.000000
20415.000000,42766.000000,46157.000000,22299.000000
20431.000000,42867.000000,46235.000000,22322.000000
20496.000000,42851.000000,46228.000000,22343.000000
20498.000000,42898.000000,46275.000000,22341.000000
20579.000000,42945.000000,46276.000000,22350.000000
20596.000000,43031.000000,46302.000000,22355.000000
20655.000000,43042.000000,46370.000000,22348.000000
20731.000000,43055.000000,46354.000000,22357.000000
20813.000000,43094.000000,46374.000000,22363.000000
20840.000000,43178.000000,46382.000000,22372.000000
20902.000000,43195.000000,46429.000000,22388.000000
20971.000000,43243.000000,46434.000000,22385.000000
21015.000000,43280.000000,46502.000000,22409.000000
21033.000000,43316.000000,46536.000000,22438.000000
21092.000000,43473.000000,46606.000000,22473.000000
21153.000000,43534.000000,46636.000000,22484.000000
21191.000000,43587.000000,46694.000000,22485.000000
21245.000000,43648.000000,46672.000000,22498.000000
21278.000000,43711.000000,46717.000000,22500.000000
21314.000000,43740.000000,46759.000000,22563.000000
21364.000000,43807.000000,46770.000000,22563.000000
21411.000000,43846.000000,46799.000000,22582.000000
21428.000000,43936.000000,46830.000000,22601.000000
21433.000000,43984.000000,46855.000000,22599.000000
21427.000000,44035.000000,46892.000000,22609.000000
21416.000000,44087.000000,46944.000000,22638.000000
21403.000000,44140.000000,46957.000000,22649.000000
21381.000000,44172.000000,46996.000000,22691.000000
21353.000000,44267.000000,47045.000000,22682.000000
21328.000000,44243.000000,47052.000000,22672.000000
21356.000000,44275.000000,47058.000000,22709.000000
21316.000000,44256.000000,47073.000000,22688.000000
21310.000000,44270.000000,47015.000000,22700.000000
21303.000000,44288.000000,47007.000000,22705.000000
21272.000000,44256.000000,47024.000000,22695.000000
21251.000000,44239.000000,47007.000000,22656.000000
21273.000000,44210.000000,47025.000000,22699.000000
21237.000000,44239.000000,47023.000000,22678.000000
21241.000000,44198.000000,46991.000000,22685.000000
21175.000000,44160.000000,46967.000000,22666.000000
21210.000000,44145.000000,46995.000000,22680.000000
21192.000000,44124.000000,46943.000000,22666.000000
21171.000000,44108.000000,46962.000000,22664.000000
21152.000000,44097.000000,46924.000000,22656.000000
21134.000000,44070.000000,46946.000000,22666.000000
21168.000000,44082.000000,46937.000000,22655.000000
21119.000000,44096.000000,46917.000000,22661.000000
21099.000000,44048.000000,46911.000000,22668.000000
21089.000000,44048.000000,46911.000000,22651.000000
21024.000000,44026.000000,46890.000000,22642.000000
21001.000000,44033.000000,46884.000000,22646.000000
21003.000000,44016.000000,46872.000000,22657.000000
21014.000000,43996.000000,46886.000000,22653.000000
20966.000000,43997.000000,46864.000000,22663.000000
21001.000000,43964.000000,46855.000000,22643.000000
20945.000000,43986.000000,46848.000000,22640.000000
20977.000000,43891.000000,46845.000000,22641.000000
20907.000000,43894.000000,46794.000000,22630.000000
20932.000000,43874.000000,46824.000000,22632.000000
20924.000000,43870.000000,46786.000000,22627.000000
20923.000000,43835.000000,46793.000000,22596.000000
20892.000000,43871.000000,46747.000000,22639.000000
20882.000000,43815.000000,46768.000000,22597.000000
20870.000000,43821.000000,46764.000000,22608.000000
20832.000000,43800.000000,46754.000000,22593.000000
20847.000000,43808.000000,46757.000000,22606.000000
20831.000000,43754.000000,46760.000000,22596.000000
20828.000000,43781.000000,46748.000000,22615.000000
20774.000000,43729.000000,46725.000000,22581.000000
20791.000000,43738.000000,46718.000000,22605.000000
20752.000000,43734.000000,46737.000000,22583.000000
20732.000000,43698.000000,46673.000000,22593.000000
20764.000000,43704.000000,46670.000000,22581.000000
20738.000000,43680.000000,46719.000000,22568.000000
20706.000000,43653.000000,46647.000000,22562.000000
20704.000000,43634.000000,46663.000000,22562.000000
20726.000000,43596.000000,46623.000000,22574.000000
20708.000000,43580.000000,46652.000000,22561.000000
20694.000000,43573.000000,46619.000000,22576.000000
20651.000000,43540.000000,46637.000000,22534.000000
20661.000000,43545.000000,46598.000000,22570.000000
20650.000000,43530.000000,46607.000000,22538.000000
20674.000000,43507.000000,46572.000000,22539.000000
20603.000000,43517.000000,46582.000000,22557.000000
20585.000000,43506.000000,46584.000000,22559.000000
20579.000000,43462.000000,46556.000000,22541.000000
20526.000000,43460.000000,46547.000000,22555.000000
20507.000000,43462.000000,46546.000000,22561.000000
20487.000000,43423.000000,46533.000000,22548.000000
20467.000000,43415.000000,46508.000000,22526.000000
20446.000000,43385.000000,46517.000000,22502.000000
20407.000000,43359.000000,46494.000000,22532.000000
20457.000000,43363.000000,46487.000000,22520.000000
20360.000000,43349.000000,46482.000000,22512.000000
20393.000000,43289.000000,46430.000000,22501.000000
20345.000000,43291.000000,46439.000000,22486.000000
20336.000000,43242.000000,46435.000000,22494.000000
20286.000000,43241.000000,46438.000000,22471.000000
20272.000000,43233.000000,46433.000000,22488.000000
20273.000000,43231.000000,46426.000000,22472.000000
20255.000000,43203.000000,46391.000000,22445.000000
20236.000000,43186.000000,46381.000000,22438.000000
20232.000000,43154.000000,46378.000000,22443.000000
20173.000000,43098.000000,46357.000000,22440.000000
20135.000000,43115.000000,46333.000000,22435.000000
20127.000000,43107.000000,46345.000000,22450.000000
20117.000000,43083.000000,46326.000000,22395.000000
20117.000000,43058.000000,46310.000000,22395.000000
20095.000000,42999.000000,46290.000000,22389.000000
20086.000000,43016.000000,46283.000000,22414.000000
20047.000000,42926.000000,46228.000000,22351.000000
20079.000000,42950.000000,46256.000000,22368.000000
20040.000000,42924.000000,46264.000000,22364.000000
20042.000000,42900.000000,46238.000000,22361.000000
20010.000000,42886.000000,46224.000000,22340.000000
20019.000000,42864.000000,46229.000000,22324.000000
20008.000000,42877.000000,46198.000000,22346.000000
20002.000000,42854.000000,46224.000000,22323.000000
19989.000000,42803.000000,46202.000000,22317.000000
20006.000000,42842.000000,46179.000000,22321.000000
19995.000000,42793.000000,46167.000000,22353.000000
19969.000000,42767.000000,46159.000000,22328.000000
19977.000000,42780.000000,46169.000000,22322.000000
19958.000000,42765.000000,46141.000000,22295.000000
19976.000000,42712.000000,46127.000000,22311.000000
19933.000000,42726.000000,46131.000000,22286.000000
19946.000000,42710.000000,46113.000000,22297.000000
19925.000000,42706.000000,46114.000000,22276.000000
19918.000000,42703.000000,46114.000000,22302.000000
19856.000000,42656.000000,46097.000000,22298.000000
19910.000000,42675.000000,46102.000000,22285.000000
19867.000000,42627.000000,46073.000000,22304.000000
19867.000000,42660.000000,46121.000000,22273.000000
19812.000000,42642.000000,46072.000000,22273.000000
19841.000000,42638.000000,46076.000000,22283.000000
19802.000000,42588.000000,46055.000000,22274.000000
19831.000000,42624.000000,46038.000000,22253.000000
19778.000000,42588.000000,46065.000000,22244.000000
19794.000000,42563.000000,46057.000000,22270.000000
19797.000000,42547.000000,46010.000000,22271.000000
19773.000000,42544.000000,46030.000000,22238.000000
19772.000000,42496.000000,45994.000000,22231.000000
19760.000000,42541.000000,46009.000000,22227.000000
19771.000000,42498.000000,45989.000000,22234.000000
19830.000000,42490.000000,45987.000000,22215.000000
19822.000000,42475.000000,45972.000000,22235.000000
19829.000000,42465.000000,46002.000000,22211.000000
19865.000000,42490.000000,46000.000000,22199.000000
19915.000000,42487.000000,45984.000000,22173.000000
19971.000000,42470.000000,46000.000000,22223.000000
20003.000000,42501.000000,45969.000000,22203.000000
20029.000000,42492.000000,45971.000000,22203.000000
20097.000000,42514.000000,45994.000000,22199.000000
20148.000000,42509.000000,46005.000000,22204.000000
20171.000000,42566.000000,46046.000000,22215.000000
20198.000000,42566.000000,46051.000000,22212.000000
20296.000000,42661.000000,46090.000000,22246.000000
20370.000000,42664.000000,46081.000000,22233.000000
20394.000000,42695.000000,46096.000000,22218.000000
20463.000000,42755.000000,46183.000000,22264.000000
20504.000000,42802.000000,46190.000000,22256.000000
20533.000000,42837.000000,46189.000000,22260.000000
20577.000000,42883.000000,46229.000000,22301.000000
20649.000000,42994.000000,46285.000000,22311.000000
20684.000000,43012.000000,46300.000000,22340.000000
20730.000000,43069.000000,46338.000000,22345.000000
20782.000000,43106.000000,46346.000000,22374.000000
20783.000000,43146.000000,46375.000000,22360.000000
20902.000000,43222.000000,46399.000000,22406.000000
20897.000000,43273.000000,46414.000000,22425.000000
21078.000000,43300.000000,46464.000000,22423.000000
21106.000000,43343.000000,46480.000000,22442.000000
21145.000000,43395.000000,46522.000000,22452.000000
21272.000000,43428.000000,46543.000000,22467.000000
21278.000000,43480.000000,46586.000000,22447.000000
21318.000000,43512.000000,46615.000000,22503.000000
21378.000000,43589.000000,46644.000000,22493.000000
21395.000000,43737.000000,46730.000000,22574.000000
21371.000000,43830.000000,46768.000000,22578.000000
21430.000000,43834.000000,46782.000000,22594.000000
21416.000000,44004.000000,46866.000000,22608.000000
21423.000000,44050.000000,46910.000000,22644.000000
21417.000000,44086.000000,46913.000000,22659.000000
21406.000000,44092.000000,46931.000000,22657.000000
21413.000000,44158.000000,46976.000000,22689.000000
21437.000000,44148.000000,46999.000000,22672.000000
21436.000000,44136.000000,46998.000000,22685.000000
21433.000000,44210.000000,47024.000000,22674.000000
21456.000000,44184.000000,46987.000000,22668.000000
21435.000000,44227.000000,47022.000000,22688.000000
21456.000000,44179.000000,47011.000000,22671.000000
21432.000000,44231.000000,47000.000000,22701.000000
21424.000000,44233.000000,47008.000000,22705.000000
21410.000000,44219.000000,47012.000000,22684.000000
21422.000000,44204.000000,47008.000000,22720.000000
21401.000000,44250.000000,47015.000000,22697.000000
21407.000000,44215.000000,46997.000000,22704.000000
21383.000000,44228.000000,47015.000000,22702.000000
21398.000000,44204.000000,47009.000000,22697.000000
21376.000000,44206.000000,47005.000000,22713.000000
21416.000000,44197.000000,47016.000000,22698.000000
21399.000000,44239.000000,47031.000000,22704.000000
21390.000000,44205.000000,46989.000000,22681.000000
21375.000000,44192.000000,47001.000000,22691.000000
21387.000000,44195.000000,47003.000000,22667.000000
21369.000000,44179.000000,46989.000000,22682.000000
21371.000000,44202.000000,47018.000000,22655.000000
21397.000000,44191.000000,47008.000000,22669.000000
21379.000000,44210.000000,46985.000000,22677.000000
21402.000000,44198.000000,47002.000000,22678.000000
21409.000000,44215.000000,47001.000000,22670.000000
21359.000000,44234.000000,46994.000000,22666.000000
21401.000000,44229.000000,46992.000000,22665.000000
21434.000000,44238.000000,46993.000000,22685.000000
21391.000000,44256.000000,47030.000000,22660.000000
21393.000000,44199.000000,47027.000000,22688.000000
21392.000000,44233.000000,47006.000000,22677.000000
21359.000000,44247.000000,47032.000000,22691.000000
21340.000000,44267.000000,47029.000000,22686.000000
21340.000000,44271.000000,47027.000000,22683.000000
21304.000000,44257.000000,47041.000000,22669.000000
21307.000000,44258.000000,47028.000000,22690.000000
21263.000000,44258.000000,47010.000000,22674.000000
21262.000000,44226.000000,47032.000000,22670.000000
21257.000000,44235.000000,47027.000000,22641.000000
21232.000000,44201.000000,47019.000000,22661.000000
21204.000000,44223.000000,46983.000000,22653.000000
21201.000000,44164.000000,46994.000000,22614.000000
21145.000000,44166.000000,46987.000000,22627.000000
21150.000000,44192.000000,46978.000000,22634.000000
21123.000000,44143.000000,46934.000000,22620.000000
21112.000000,44148.000000,46961.000000,22598.000000
21086.000000,44106.000000,46926.000000,22588.000000
21068.000000,44103.000000,46941.000000,22567.000000
21040.000000,44059.000000,46893.000000,22584.000000
21053.000000,44049.000000,46920.000000,22575.000000
21067.000000,44036.000000,46903.000000,22564.000000
21030.000000,44019.000000,46895.000000,22562.000000
21058.000000,44025.000000,46893.000000,22556.000000
21029.000000,43982.000000,46857.000000,22569.000000
21002.000000,43956.000000,46842.000000,22565.000000
20999.000000,44004.000000,46859.000000,22531.000000
21008.000000,43936.000000,46845.000000,22530.000000
21003.000000,43965.000000,46840.000000,22514.000000
20999.000000,43913.000000,46826.000000,22548.000000
21013.000000,43901.000000,46836.000000,22529.000000
21026.000000,43871.000000,46814.000000,22548.000000
20971.000000,43900.000000,46795.000000,22535.000000
20979.000000,43869.000000,46827.000000,22515.000000
20945.000000,43849.000000,46798.000000,22546.000000
20982.000000,43870.000000,46811.000000,22549.000000
20993.000000,43878.000000,46808.000000,22528.000000
20977.000000,43833.000000,46802.000000,22559.000000
20966.000000,43856.000000,46791.000000,22550.000000
20966.000000,43814.000000,46804.000000,22540.000000
20955.000000,43787.000000,46778.000000,22570.000000
20940.000000,43810.000000,46765.000000,22546.000000
20901.000000,43772.000000,46766.000000,22564.000000
20900.000000,43772.000000,46747.000000,22556.000000
20887.000000,43770.000000,46761.000000,22539.000000
20933.000000,43740.000000,46716.000000,22555.000000
20932.000000,43751.000000,46754.000000,22549.000000
20922.000000,43737.000000,46746.000000,22541.000000
20903.000000,43741.000000,46726.000000,22549.000000
20903.000000,43698.000000,46722.000000,22536.000000
20884.000000,43719.000000,46697.000000,22540.000000
20893.000000,43708.000000,46749.000000,22537.000000
20867.000000,43694.000000,46704.000000,22552.000000
20894.000000,43709.000000,46755.000000,22505.000000
20878.000000,43703.000000,46709.000000,22548.000000
20882.000000,43701.000000,46709.000000,22526.000000
20883.000000,43669.000000,46696.000000,22553.000000
20830.000000,43707.000000,46689.000000,22502.000000
20866.000000,43654.000000,46681.000000,22521.000000
20819.000000,43680.000000,46683.000000,22512.000000
20845.000000,43647.000000,46693.000000,22525.000000
20818.000000,43634.000000,46666.000000,22505.000000
20801.000000,43646.000000,46689.000000,22528.000000
20797.000000,43656.000000,46712.000000,22520.000000
20798.000000,43610.000000,46675.000000,22519.000000
20770.000000,43647.000000,46656.000000,22502.000000
20748.000000,43622.000000,46691.000000,22481.000000
20734.000000,43618.000000,46643.000000,22498.000000
20698.000000,43616.000000,46663.000000,22497.000000
20688.000000,43581.000000,46642.000000,22488.000000
20681.000000,43587.000000,46627.000000,22458.000000
20648.000000,43550.000000,46653.000000,22490.000000
20653.000000,43562.000000,46634.000000,22458.000000
20623.000000,43544.000000,46635.000000,22453.000000
20652.000000,43579.000000,46602.000000,22448.000000
20660.000000,43502.000000,46591.000000,22431.000000
20656.000000,43479.000000,46564.000000,22411.000000
20644.000000,43460.000000,46595.000000,22406.000000
20646.000000,43447.000000,46583.000000,22422.000000
20682.000000,43429.000000,46566.000000,22391.000000
20707.000000,43436.000000,46565.000000,22376.000000
20732.000000,43422.000000,46555.000000,22377.000000
20769.000000,43418.000000,46561.000000,22385.000000
20765.000000,43441.000000,46592.000000,22387.000000
20816.000000,43440.000000,46557.000000,22377.000000
20829.000000,43474.000000,46584.000000,22387.000000
20856.000000,43464.000000,46605.000000,22404.000000
20959.000000,43495.000000,46609.000000,22412.000000
20974.000000,43528.000000,46633.000000,22408.000000
21015.000000,43585.000000,46630.000000,22435.000000
21020.000000,43572.000000,46656.000000,22423.000000
21027.000000,43589.000000,46637.000000,22430.000000
21106.000000,43609.000000,46689.000000,22433.000000
21111.000000,43620.000000,46666.000000,22435.000000
21161.000000,43732.000000,46727.000000,22457.000000
21170.000000,43732.000000,46737.000000,22468.000000
21262.000000,43763.000000,46750.000000,22488.000000
21278.000000,43819.000000,46774.000000,22514.000000
21361.000000,43858.000000,46785.000000,22524.000000
21376.000000,43850.000000,46803.000000,22541.000000
21440.000000,43933.000000,46824.000000,22554.000000
21448.000000,43960.000000,46875.000000,22573.000000
21601.000000,43976.000000,46897.000000,22572.000000
21615.000000,44036.000000,46902.000000,22597.000000
21666.000000,44041.000000,46932.000000,22601.000000
21694.000000,44091.000000,46945.000000,22593.000000
21753.000000,44154.000000,46997.000000,22619.000000
21793.000000,44183.000000,46999.000000,22627.000000
21853.000000,44208.000000,47032.000000,22644.000000
21877.000000,44362.000000,47112.000000,22693.000000
21942.000000,44418.000000,47153.000000,22698.000000
21934.000000,44459.000000,47187.000000,22734.000000
22009.000000,44472.000000,47181.000000,22733.000000
21996.000000,44538.000000,47207.000000,22716.000000
21987.000000,44606.000000,47265.000000,22751.000000
22012.000000,44612.000000,47260.000000,22805.000000
22011.000000,44679.000000,47296.000000,22793.000000
21991.000000,44705.000000,47303.000000,22786.000000
21936.000000,44765.000000,47339.000000,22838.000000
21993.000000,44816.000000,47395.000000,22833.000000
21987.000000,44835.000000,47372.000000,22862.000000
21964.000000,44838.000000,47362.000000,22838.000000
21991.000000,44815.000000,47359.000000,22830.000000
21955.000000,44794.000000,47378.000000,22858.000000
21974.000000,44825.000000,47370.000000,22846.000000
21976.000000,44776.000000,47365.000000,22841.000000
21980.000000,44788.000000,47349.000000,22832.000000
21947.000000,44756.000000,47354.000000,22839.000000
21933.000000,44751.000000,47331.000000,22801.000000
21961.000000,44782.000000,47349.000000,22836.000000
21946.000000,44771.000000,47350.000000,22826.000000
21919.000000,44742.000000,47359.000000,22852.000000
21924.000000,44744.000000,47321.000000,22820.000000
21861.000000,44700.000000,47323.000000,22820.000000
21875.000000,44740.000000,47306.000000,22822.000000
21886.000000,44699.000000,47306.000000,22813.000000
21822.000000,44710.000000,47322.000000,22811.000000
21863.000000,44681.000000,47318.000000,22774.000000
21789.000000,44698.000000,47290.000000,22792.000000
21832.000000,44704.000000,47320.000000,22776.000000
21823.000000,44699.000000,47274.000000,22789.000000
21808.000000,44657.000000,47323.000000,22775.000000
21789.000000,44660.000000,47271.000000,22778.000000
21823.000000,44610.000000,47281.000000,22763.000000
21803.000000,44605.000000,47258.000000,22747.000000
21802.000000,44619.000000,47232.000000,22744.000000
21795.000000,44625.000000,47246.000000,22751.000000
21796.000000,44620.000000,47237.000000,22712.000000
21806.000000,44567.000000,47232.000000,22734.000000
21773.000000,44599.000000,47230.000000,22760.000000
21772.000000,44594.000000,47229.000000,22741.000000
21779.000000,44621.000000,47217.000000,22743.000000
21802.000000,44587.000000,47226.000000,22739.000000
21728.000000,44599.000000,47224.000000,22740.000000
21747.000000,44565.000000,47223.000000,22756.000000
21746.000000,44563.000000,47196.000000,22749.000000
21746.000000,44582.000000,47247.000000,22768.000000
21699.000000,44585.000000,47186.000000,22764.000000
21706.000000,44535.000000,47232.000000,22728.000000
21645.000000,44556.000000,47222.000000,22733.000000
21691.000000,44517.000000,47207.000000,22718.000000
21669.000000,44541.000000,47200.000000,22736.000000
21657.000000,44535.000000,47214.000000,22732.000000
21650.000000,44513.000000,47197.000000,22734.000000
21675.000000,44497.000000,47222.000000,22722.000000
21610.000000,44510.000000,47177.000000,22694.000000
21602.000000,44489.000000,47176.000000,22712.000000
21616.000000,44476.000000,47166.000000,22692.000000
21610.000000,44484.000000,47168.000000,22687.000000
21584.000000,44490.000000,47136.000000,22703.000000
21594.000000,44487.000000,47172.000000,22711.000000
21579.000000,44422.000000,47132.000000,22678.000000
21563.000000,44445.000000,47153.000000,22701.000000
21530.000000,44429.000000,47126.000000,22686.000000
21525.000000,44422.000000,47153.000000,22657.000000
21557.000000,44383.000000,47114.000000,22679.000000
21498.000000,44412.000000,47090.000000,22698.000000
21527.000000,44381.000000,47098.000000,22665.000000
21480.000000,44395.000000,47087.000000,22641.000000
21489.000000,44345.000000,47078.000000,22668.000000
21455.000000,44339.000000,47053.000000,22642.000000
21506.000000,44333.000000,47068.000000,22627.000000
21482.000000,44307.000000,47062.000000,22645.000000
21440.000000,44302.000000,47062.000000,22611.000000
21432.000000,44289.000000,47064.000000,22641.000000
21418.000000,44292.000000,47068.000000,22607.000000
21444.000000,44293.000000,47048.000000,22646.000000
21400.000000,44303.000000,47067.000000,22607.000000
21398.000000,44272.000000,47041.000000,22616.000000
21397.000000,44264.000000,47047.000000,22616.000000
21388.000000,44240.000000,47035.000000,22635.000000
21346.000000,44255.000000,47025.000000,22602.000000
21327.000000,44223.000000,47016.000000,22603.000000
21351.000000,44202.000000,47003.000000,22565.000000
21349.000000,44198.000000,47031.000000,22593.000000
21339.000000,44189.000000,47014.000000,22605.000000
21333.000000,44180.000000,47005.000000,22614.000000
21308.000000,44166.000000,46967.000000,22583.000000
21308.000000,44164.000000,46995.000000,22570.000000
21295.000000,44165.000000,46982.000000,22563.000000
21342.000000,44125.000000,46984.000000,22565.000000
21294.000000,44147.000000,46967.000000,22567.000000
21289.000000,44136.000000,46992.000000,22570.000000
21313.000000,44154.000000,46940.000000,22584.000000
21267.000000,44141.000000,46970.000000,22578.000000
21286.000000,44103.000000,46944.000000,22557.000000
21272.000000,44144.000000,46963.000000,22572.000000
21296.000000,44106.000000,46966.000000,22575.000000
21291.000000,44135.000000,46945.000000,22548.000000
21286.000000,44096.000000,46981.000000,22589.000000
21288.000000,44103.000000,46941.000000,22566.000000
21258.000000,44121.000000,46946.000000,22558.000000
21253.000000,44093.000000,46943.000000,22529.000000
21217.000000,44094.000000,46943.000000,22536.000000
21260.000000,44100.000000,46932.000000,22532.000000
21247.000000,44075.000000,46964.000000,22541.000000
21217.000000,44065.000000,46958.000000,22538.000000
21213.000000,44096.000000,46957.000000,22537.000000
21185.000000,44079.000000,46942.000000,22515.000000
21226.000000,44067.000000,46932.000000,22540.000000
21180.000000,44086.000000,46930.000000,22532.000000
21229.000000,44065.000000,46926.000000,22529.000000
21202.000000,44054.000000,46937.000000,22534.000000
21198.000000,44012.000000,46912.000000,22526.000000
21237.000000,44039.000000,46929.000000,22538.000000
21224.000000,44022.000000,46896.000000,22500.000000
21245.000000,44033.000000,46892.000000,22513.000000
21267.000000,44008.000000,46918.000000,22510.000000
21289.000000,44000.000000,46876.000000,22523.000000
21271.000000,43998.000000,46918.000000,22518.000000
21339.000000,44037.000000,46901.000000,22507.000000
21318.000000,44058.000000,46932.000000,22517.000000
21327.000000,44048.000000,46921.000000,22523.000000
21365.000000,44078.000000,46936.000000,22529.000000
21377.000000,44026.000000,46953.000000,22551.000000
21380.000000,44091.000000,46931.000000,22526.000000
21403.000000,44122.000000,46966.000000,22528.000000
21463.000000,44119.000000,46950.000000,22524.000000
21447.000000,44180.000000,46976.000000,22527.000000
21533.000000,44170.000000,47000.000000,22556.000000
21516.000000,44168.000000,46982.000000,22549.000000
21584.000000,44211.000000,47024.000000,22546.000000
21601.000000,44231.000000,47046.000000,22511.000000
21643.000000,44278.000000,47043.000000,22549.000000
21678.000000,44278.000000,47056.000000,22583.000000
21695.000000,44314.000000,47071.000000,22575.000000
21788.000000,44370.000000,47107.000000,22612.000000
21816.000000,44432.000000,47140.000000,22598.000000
21873.000000,44472.000000,47152.000000,22599.000000
21877.000000,44479.000000,47154.000000,22582.000000
21946.000000,44481.000000,47163.000000,22636.000000
21976.000000,44552.000000,47181.000000,22630.000000
22031.000000,44579.000000,47244.000000,22633.000000
22047.000000,44711.000000,47254.000000,22673.000000
22137.000000,44707.000000,47324.000000,22681.000000
22164.000000,44754.000000,47350.000000,22692.000000
22274.000000,44807.000000,47358.000000,22713.000000
22315.000000,44856.000000,47399.000000,22720.000000
22341.000000,44905.000000,47389.000000,22726.000000
22353.000000,44936.000000,47443.000000,22736.000000
22319.000000,45041.000000,47469.000000,22754.000000
22345.000000,45046.000000,47486.000000,22784.000000
22321.000000,45096.000000,47530.000000,22778.000000
22345.000000,45211.000000,47615.000000,22837.000000
22333.000000,45271.000000,47630.000000,22839.000000
22343.000000,45274.000000,47610.000000,22857.000000
22289.000000,45274.000000,47643.000000,22862.000000
22323.000000,45274.000000,47660.000000,22849.000000
22308.000000,45284.000000,47639.000000,22837.000000
22298.000000,45307.000000,47675.000000,22850.000000
22315.000000,45282.000000,47650.000000,22853.000000
22262.000000,45291.000000,47627.000000,22833.000000
22287.000000,45289.000000,47613.000000,22845.000000
22255.000000,45254.000000,47631.000000,22849.000000
22252.000000,45246.000000,47625.000000,22859.000000
22191.000000,45275.000000,47635.000000,22862.000000
22201.000000,45241.000000,47608.000000,22850.000000
22199.000000,45246.000000,47614.000000,22847.000000
22192.000000,45233.000000,47605.000000,22829.000000
22212.000000,45207.000000,47609.000000,22841.000000
22140.000000,45225.000000,47589.000000,22812.000000
22148.000000,45186.000000,47588.000000,22847.000000
22147.000000,45195.000000,47582.000000,22827.000000
22149.000000,45150.000000,47575.000000,22806.000000
22141.000000,45183.000000,47545.000000,22811.000000
22174.000000,45165.000000,47581.000000,22823.000000
22125.000000,45133.000000,47563.000000,22801.000000
22088.000000,45117.000000,47566.000000,22798.000000
22106.000000,45126.000000,47585.000000,22807.000000
22117.000000,45098.000000,47543.000000,22786.000000
22081.000000,45099.000000,47521.000000,22796.000000
22054.000000,45096.000000,47522.000000,22805.000000
22073.000000,45096.000000,47510.000000,22772.000000
22069.000000,45117.000000,47522.000000,22808.000000
22047.000000,45054.000000,47510.000000,22788.000000
22062.000000,45106.000000,47495.000000,22786.000000
22050.000000,45077.000000,47513.000000,22773.000000
22045.000000,45089.000000,47514.000000,22779.000000
21999.000000,45081.000000,47521.000000,22793.000000
22019.000000,45034.000000,47505.000000,22776.000000
21991.000000,45008.000000,47476.000000,22772.000000
22027.000000,45028.000000,47505.000000,22752.000000
22015.000000,45006.000000,47467.000000,22796.000000
21964.000000,45050.000000,47491.000000,22773.000000
21971.000000,44976.000000,47440.000000,22783.000000
21992.000000,45003.000000,47471.000000,22772.000000
21963.000000,44990.000000,47442.000000,22743.000000
21959.000000,44996.000000,47431.000000,22742.000000
21981.000000,44956.000000,47435.000000,22747.000000
21971.000000,44975.000000,47441.000000,22763.000000
21988.000000,44941.000000,47453.000000,22750.000000
21966.000000,44961.000000,47440.000000,22757.000000
21944.000000,44939.000000,47425.000000,22754.000000
21934.000000,44949.000000,47441.000000,22729.000000
21953.000000,44952.000000,47413.000000,22742.000000
21945.000000,44961.000000,47425.000000,22767.000000
21934.000000,44921.000000,47433.000000,22767.000000
21914.000000,44905.000000,47428.000000,22762.000000
21915.000000,44927.000000,47420.000000,22763.000000
21901.000000,44927.000000,47433.000000,22727.000000
21937.000000,44879.000000,47440.000000,22754.000000
21870.000000,44892.000000,47428.000000,22753.000000
21892.000000,44897.000000,47432.000000,22760.000000
21858.000000,44893.000000,47416.000000,22717.000000
21869.000000,44864.000000,47414.000000,22741.000000
21849.000000,44898.000000,47407.000000,22707.000000
21828.000000,44852.000000,47417.000000,22741.000000
21810.000000,44866.000000,47398.000000,22731.000000
21812.000000,44853.000000,47387.000000,22728.000000
21814.000000,44832.000000,47358.000000,22735.000000
21791.000000,44824.000000,47378.000000,22725.000000
21792.000000,44790.000000,47362.000000,22727.000000
21755.000000,44794.000000,47340.000000,22697.000000
21786.000000,44750.000000,47344.000000,22699.000000
21732.000000,44763.000000,47330.000000,22699.000000
21731.000000,44755.000000,47342.000000,22714.000000
21708.000000,44773.000000,47361.000000,22704.000000
21701.000000,44722.000000,47342.000000,22696.000000
21742.000000,44737.000000,47344.000000,22697.000000
21699.000000,44743.000000,47316.000000,22680.000000
21722.000000,44705.000000,47294.000000,22707.000000
21704.000000,44721.000000,47312.000000,22657.000000
21714.000000,44725.000000,47307.000000,22665.000000
21684.000000,44728.000000,47294.000000,22683.000000
21667.000000,44674.000000,47309.000000,22671.000000
21638.000000,44698.000000,47282.000000,22687.000000
21652.000000,44682.000000,47289.000000,22688.000000
21633.000000,44698.000000,47264.000000,22659.000000
21603.000000,44689.000000,47291.000000,22694.000000
21604.000000,44672.000000,47279.000000,22677.000000
21605.000000,44656.000000,47269.000000,22677.000000
21591.000000,44618.000000,47255.000000,22672.000000
21567.000000,44628.000000,47294.000000,22637.000000
21583.000000,44641.000000,47277.000000,22649.000000
21552.000000,44612.000000,47248.000000,22635.000000
21539.000000,44624.000000,47237.000000,22619.000000
21549.000000,44572.000000,47280.000000,22642.000000
21535.000000,44588.000000,47245.000000,22625.000000
21513.000000,44588.000000,47236.000000,22605.000000
21530.000000,44563.000000,47202.000000,22610.000000
21515.000000,44605.000000,47215.000000,22641.000000
21480.000000,44556.000000,47208.000000,22629.000000
21493.000000,44578.000000,47214.000000,22594.000000
21446.000000,44522.000000,47229.000000,22597.000000
21451.000000,44552.000000,47215.000000,22587.000000
21444.000000,44561.000000,47219.000000,22588.000000
21426.000000,44503.000000,47186.000000,22602.000000
21439.000000,44521.000000,47183.000000,22574.000000
21432.000000,44485.000000,47152.000000,22575.000000
21413.000000,44475.000000,47168.000000,22576.000000
21401.000000,44480.000000,47185.000000,22533.000000
21433.000000,44426.000000,47140.000000,22565.000000
21385.000000,44442.000000,47175.000000,22548.000000
21397.000000,44453.000000,47126.000000,22567.000000
21393.000000,44434.000000,47107.000000,22535.000000
21416.000000,44423.000000,47108.000000,22556.000000
21381.000000,44398.000000,47122.000000,22542.000000
21403.000000,44411.000000,47116.000000,22554.000000
21407.000000,44377.000000,47102.000000,22529.000000
21438.000000,44361.000000,47122.000000,22541.000000
21468.000000,44356.000000,47117.000000,22547.000000
21447.000000,44358.000000,47124.000000,22517.000000
21478.000000,44367.000000,47117.000000,22543.000000
21467.000000,44378.000000,47114.000000,22544.000000
21483.000000,44372.000000,47091.000000,22579.000000
21501.000000,44420.000000,47106.000000,22579.000000
21517.000000,44380.000000,47101.000000,22560.000000
21533.000000,44415.000000,47114.000000,22562.000000
21539.000000,44419.000000,47152.000000,22580.000000
21564.000000,44422.000000,47156.000000,22569.000000
21593.000000,44439.000000,47158.000000,22583.000000
21606.000000,44451.000000,47174.000000,22595.000000
21601.000000,44454.000000,47121.000000,22582.000000
21598.000000,44501.000000,47155.000000,22612.000000
21637.000000,44470.000000,47194.000000,22600.000000
21669.000000,44502.000000,47191.000000,22593.000000
21681.000000,44531.000000,47169.000000,22608.000000
21712.000000,44537.000000,47228.000000,22621.000000
21689.000000,44603.000000,47204.000000,22632.000000
21749.000000,44603.000000,47243.000000,22616.000000
21739.000000,44616.000000,47237.000000,22634.000000
21919.000000,44586.000000,47247.000000,22630.000000
21929.000000,44668.000000,47256.000000,22636.000000
22004.000000,44657.000000,47266.000000,22646.000000
22075.000000,44704.000000,47307.000000,22638.000000
22104.000000,44748.000000,47309.000000,22630.000000
22190.000000,44759.000000,47340.000000,22667.000000
22227.000000,44769.000000,47349.000000,22695.000000
22317.000000,44913.000000,47437.000000,22696.000000
22358.000000,45026.000000,47463.000000,22696.000000
22411.000000,45040.000000,47505.000000,22751.000000
22431.000000,45144.000000,47569.000000,22775.000000
22446.000000,45172.000000,47584.000000,22794.000000
22407.000000,45282.000000,47635.000000,22767.000000
22394.000000,45336.000000,47689.000000,22795.000000
22374.000000,45404.000000,47718.000000,22805.000000
22374.000000,45475.000000,47781.000000,22831.000000
22339.000000,45548.000000,47785.000000,22848.000000
22325.000000,45561.000000,47820.000000,22864.000000
22315.000000,45590.000000,47816.000000,22839.000000
22296.000000,45598.000000,47801.000000,22857.000000
22339.000000,45586.000000,47793.000000,22854.000000
22245.000000,45553.000000,47769.000000,22849.000000
22272.000000,45514.000000,47763.000000,22815.000000
22239.000000,45509.000000,47781.000000,22815.000000
22260.000000,45472.000000,47755.000000,22823.000000
22257.000000,45493.000000,47769.000000,22812.000000
22222.000000,45483.000000,47780.000000,22816.000000
22224.000000,45441.000000,47722.000000,22839.000000
22203.000000,45431.000000,47745.000000,22834.000000
22226.000000,45407.000000,47728.000000,22815.000000
22186.000000,45425.000000,47717.000000,22832.000000
22142.000000,45390.000000,47714.000000,22832.000000
22141.000000,45425.000000,47712.000000,22820.000000
22127.000000,45393.000000,47668.000000,22820.000000
22081.000000,45357.000000,47682.000000,22824.000000
22052.000000,45340.000000,47688.000000,22832.000000
22068.000000,45302.000000,47664.000000,22803.000000
22023.000000,45276.000000,47654.000000,22816.000000
22014.000000,45242.000000,47647.000000,22800.000000
21992.000000,45255.000000,47644.000000,22795.000000
22003.000000,45226.000000,47588.000000,22799.000000
21938.000000,45207.000000,47588.000000,22775.000000
21923.000000,45211.000000,47576.000000,22800.000000
21905.000000,45131.000000,47556.000000,22771.000000
21938.000000,45105.000000,47541.000000,22768.000000
21861.000000,45134.000000,47535.000000,22761.000000
21882.000000,45115.000000,47535.000000,22751.000000
21832.000000,45058.000000,47504.000000,22769.000000
21839.000000,44988.000000,47469.000000,22765.000000
21813.000000,44977.000000,47454.000000,22765.000000
21788.000000,44939.000000,47446.000000,22742.000000
21762.000000,44947.000000,47452.000000,22778.000000
21690.000000,44923.000000,47432.000000,22767.000000
21694.000000,44870.000000,47389.000000,22762.000000
21625.000000,44892.000000,47372.000000,22754.000000
21647.000000,44862.000000,47396.000000,22728.000000
21558.000000,44830.000000,47362.000000,22693.000000
21551.000000,44806.000000,47351.000000,22708.000000
21538.000000,44779.000000,47358.000000,22714.000000
21507.000000,44725.000000,47329.000000,22693.000000
21492.000000,44679.000000,47297.000000,22668.000000
21468.000000,44665.000000,47279.000000,22652.000000
21454.000000,44627.000000,47277.000000,22656.000000
21431.000000,44622.000000,47273.000000,22650.000000
21448.000000,44597.000000,47222.000000,22639.000000
21429.000000,44535.000000,47211.000000,22604.000000
21392.000000,44535.000000,47194.000000,22600.000000
21386.000000,44537.000000,47193.000000,22573.000000
21394.000000,44482.000000,47127.000000,22611.000000
21388.000000,44444.000000,47143.000000,22579.000000
21408.000000,44435.000000,47136.000000,22567.000000
21405.000000,44463.000000,47117.000000,22576.000000
21406.000000,44411.000000,47093.000000,22573.000000
21390.000000,44412.000000,47141.000000,22577.000000
21426.000000,44386.000000,47126.000000,22546.000000
21399.000000,44402.000000,47128.000000,22581.000000
21408.000000,44370.000000,47119.000000,22549.000000
21394.000000,44403.000000,47104.000000,22565.000000
21416.000000,44381.000000,47117.000000,22577.000000
21387.000000,44399.000000,47095.000000,22562.000000
21360.000000,44389.000000,47108.000000,22566.000000
21371.000000,44348.000000,47113.000000,22597.000000
21353.000000,44388.000000,47095.000000,22582.000000
21344.000000,44356.000000,47101.000000,22600.000000
21274.000000,44364.000000,47111.000000,22607.000000
21251.000000,44353.000000,47092.000000,22601.000000
21219.000000,44366.000000,47091.000000,22614.000000
21201.000000,44323.000000,47065.000000,22605.000000
21198.000000,44316.000000,47104.000000,22586.000000
21174.000000,44287.000000,47078.000000,22605.000000
21185.000000,44288.000000,47055.000000,22597.000000
21120.000000,44246.000000,47036.000000,22578.000000
21135.000000,44204.000000,47003.000000,22554.000000
21080.000000,44208.000000,47002.000000,22585.000000
21058.000000,44157.000000,46993.000000,22551.000000
21007.000000,44166.000000,46973.000000,22532.000000
21004.000000,44128.000000,46990.000000,22567.000000
20984.000000,44113.000000,46956.000000,22583.000000
20928.000000,44084.000000,46970.000000,22557.000000
20889.000000,44070.000000,46924.000000,22536.000000
20853.000000,44059.000000,46909.000000,22539.000000
20796.000000,44016.000000,46873.000000,22550.000000
20769.000000,43999.000000,46877.000000,22511.000000
20739.000000,43956.000000,46848.000000,22529.000000
20726.000000,43936.000000,46839.000000,22495.000000
20616.000000,43925.000000,46816.000000,22497.000000
20646.000000,43869.000000,46838.000000,22488.000000
20591.000000,43828.000000,46782.000000,22490.000000
20607.000000,43747.000000,46749.000000,22441.000000
20599.000000,43707.000000,46707.000000,22432.000000
20604.000000,43687.000000,46738.000000,22437.000000
20570.000000,43692.000000,46721.000000,22431.000000
20573.000000,43584.000000,46643.000000,22407.000000
20591.000000,43554.000000,46619.000000,22407.000000
20582.000000,43551.000000,46610.000000,22407.000000
20540.000000,43549.000000,46604.000000,22387.000000
20533.000000,43517.000000,46608.000000,22392.000000
20532.000000,43498.000000,46586.000000,22400.000000
20509.000000,43507.000000,46579.000000,22413.000000
20453.000000,43454.000000,46560.000000,22404.000000
20439.000000,43422.000000,46575.000000,22397.000000
20401.000000,43446.000000,46519.000000,22413.000000
20413.000000,43412.000000,46572.000000,22353.000000
20429.000000,43399.000000,46528.000000,22374.000000
20414.000000,43429.000000,46535.000000,22372.000000
20388.000000,43377.000000,46553.000000,22382.000000
20353.000000,43337.000000,46453.000000,22330.000000
20361.000000,43301.000000,46469.000000,22315.000000
20360.000000,43293.000000,46487.000000,22321.000000
20382.000000,43275.000000,46460.000000,22301.000000
20410.000000,43267.000000,46428.000000,22293.000000
20410.000000,43220.000000,46438.000000,22291.000000
20405.000000,43231.000000,46441.000000,22273.000000
20422.000000,43250.000000,46446.000000,22278.000000
20372.000000,43213.000000,46438.000000,22286.000000
20388.000000,43200.000000,46416.000000,22262.000000
20410.000000,43220.000000,46435.000000,22293.000000
20424.000000,43254.000000,46441.000000,22277.000000
20433.000000,43254.000000,46427.000000,22281.000000
20417.000000,43283.000000,46430.000000,22277.000000
20443.000000,43234.000000,46469.000000,22303.000000
20444.000000,43223.000000,46425.000000,22244.000000
20450.000000,43218.000000,46432.000000,22242.000000
20452.000000,43238.000000,46431.000000,22239.000000
20521.000000,43236.000000,46419.000000,22246.000000
20577.000000,43261.000000,46446.000000,22257.000000
20601.000000,43246.000000,46479.000000,22266.000000
20646.000000,43243.000000,46467.000000,22261.000000
20634.000000,43269.000000,46472.000000,22240.000000
20678.000000,43257.000000,46460.000000,22236.000000
20697.000000,43334.000000,46495.000000,22251.000000
20696.000000,43370.000000,46528.000000,22230.000000
20740.000000,43401.000000,46534.000000,22276.000000
20800.000000,43423.000000,46583.000000,22278.000000
20840.000000,43447.000000,46558.000000,22274.000000
20828.000000,43462.000000,46575.000000,22281.000000
20843.000000,43558.000000,46621.000000,22301.000000
20939.000000,43537.000000,46622.000000,22268.000000
20929.000000,43575.000000,46641.000000,22302.000000
21017.000000,43602.000000,46678.000000,22316.000000
20998.000000,43729.000000,46741.000000,22318.000000
21084.000000,43760.000000,46755.000000,22331.000000
21098.000000,43812.000000,46771.000000,22337.000000
21172.000000,43827.000000,46826.000000,22346.000000
21249.000000,43921.000000,46810.000000,22358.000000
21276.000000,43901.000000,46858.000000,22370.000000
21282.000000,43949.000000,46868.000000,22374.000000
21370.000000,44049.000000,46883.000000,22392.000000
21385.000000,44019.000000,46884.000000,22393.000000
21468.000000,44089.000000,46927.000000,22401.000000
21471.000000,44184.000000,46975.000000,22463.000000
21476.000000,44187.000000,47013.000000,22460.000000
21521.000000,44246.000000,47030.000000,22459.000000
21513.000000,44315.000000,47102.000000,22496.000000
21573.000000,44357.000000,47111.000000,22547.000000
21596.000000,44438.000000,47110.000000,22529.000000
21543.000000,44409.000000,47161.000000,22522.000000
21554.000000,44498.000000,47181.000000,22557.000000
21580.000000,44511.000000,47198.000000,22545.000000
21555.000000,44569.000000,47210.000000,22542.000000
21552.000000,44575.000000,47249.000000,22555.000000
21543.000000,44632.000000,47239.000000,22563.000000
21543.000000,44639.000000,47269.000000,22546.000000
21552.000000,44661.000000,47294.000000,22544.000000
21550.000000,44630.000000,47263.000000,22590.000000
21534.000000,44672.000000,47253.000000,22579.000000
21570.000000,44632.000000,47241.000000,22554.000000
21580.000000,44626.000000,47254.000000,22546.000000
21561.000000,44641.000000,47257.000000,22544.000000
21572.000000,44625.000000,47232.000000,22534.000000
21602.000000,44616.000000,47265.000000,22559.000000
21618.000000,44601.000000,47244.000000,22535.000000
21616.000000,44653.000000,47244.000000,22527.000000
21637.000000,44622.000000,47224.000000,22519.000000
21658.000000,44571.000000,47189.000000,22505.000000
21649.000000,44572.000000,47247.000000,22528.000000
21697.000000,44578.000000,47241.000000,22510.000000
21648.000000,44595.000000,47224.000000,22555.000000
21690.000000,44587.000000,47224.000000,22543.000000
21684.000000,44598.000000,47252.000000,22558.000000
21611.000000,44575.000000,47280.000000,22558.000000
21612.000000,44601.000000,47243.000000,22574.000000
21627.000000,44594.000000,47250.000000,22570.000000
21578.000000,44624.000000,47264.000000,22573.000000
21540.000000,44635.000000,47253.000000,22572.000000
21492.000000,44610.000000,47239.000000,22598.000000
21486.000000,44633.000000,47256.000000,22598.000000
21450.000000,44605.000000,47249.000000,22556.000000
21442.000000,44582.000000,47242.000000,22573.000000
21428.000000,44585.000000,47232.000000,22559.000000
21439.000000,44552.000000,47237.000000,22559.000000
21384.000000,44542.000000,47202.000000,22550.000000
21399.000000,44492.000000,47174.000000,22536.000000
21380.000000,44449.000000,47196.000000,22525.000000
21402.000000,44459.000000,47189.000000,22497.000000
21416.000000,44453.000000,47145.000000,22503.000000
21415.000000,44415.000000,47150.000000,22492.000000
21388.000000,44418.000000,47163.000000,22517.000000
21392.000000,44408.000000,47122.000000,22510.000000
21404.000000,44395.000000,47148.000000,22492.000000
21370.000000,44412.000000,47124.000000,22518.000000
21389.000000,44385.000000,47123.000000,22530.000000
21400.000000,44396.000000,47128.000000,22521.000000
21391.000000,44408.000000,47130.000000,22519.000000
21388.000000,44399.000000,47140.000000,22529.000000
21409.000000,44392.000000,47150.000000,22515.000000
21425.000000,44374.000000,47133.000000,22526.000000
21389.000000,44405.000000,47141.000000,22524.000000
21444.000000,44382.000000,47146.000000,22513.000000
21431.000000,44396.000000,47134.000000,22513.000000
21465.000000,44406.000000,47139.000000,22510.000000
21443.000000,44410.000000,47149.000000,22517.000000
21437.000000,44420.000000,47138.000000,22513.000000
21471.000000,44431.000000,47120.000000,22513.000000
21449.000000,44416.000000,47140.000000,22521.000000
21483.000000,44442.000000,47155.000000,22503.000000
21489.000000,44451.000000,47161.000000,22515.000000
21484.000000,44442.000000,47154.000000,22512.000000
21505.000000,44447.000000,47186.000000,22516.000000
21469.000000,44464.000000,47149.000000,22516.000000
21481.000000,44490.000000,47179.000000,22496.000000
21545.000000,44496.000000,47173.000000,22517.000000
21556.000000,44502.000000,47202.000000,22526.000000
21543.000000,44520.000000,47165.000000,22521.000000
21553.000000,44505.000000,47190.000000,22529.000000
21578.000000,44494.000000,47202.000000,22536.000000
21563.000000,44513.000000,47177.000000,22530.000000
21557.000000,44481.000000,47207.000000,22541.000000
21530.000000,44531.000000,47213.000000,22548.000000
21523.000000,44513.000000,47237.000000,22554.000000
21557.000000,44524.000000,47210.000000,22561.000000
21503.000000,44539.000000,47217.000000,22586.000000
21469.000000,44520.000000,47210.000000,22596.000000
21492.000000,44531.000000,47234.000000,22582.000000
21467.000000,44518.000000,47193.000000,22594.000000
21430.000000,44495.000000,47204.000000,22568.000000
21463.000000,44498.000000,47157.000000,22557.000000
21405.000000,44505.000000,47189.000000,22545.000000
21424.000000,44467.000000,47151.000000,22569.000000
21368.000000,44473.000000,47154.000000,22556.000000
21404.000000,44406.000000,47174.000000,22536.000000
21358.000000,44414.000000,47136.000000,22524.000000
21371.000000,44388.000000,47150.000000,22516.000000
21324.000000,44400.000000,47129.000000,22524.000000
21324.000000,44339.000000,47108.000000,22520.000000
21287.000000,44350.000000,47073.000000,22515.000000
21298.000000,44320.000000,47099.000000,22512.000000
21286.000000,44294.000000,47048.000000,22485.000000
21304.000000,44278.000000,47087.000000,22493.000000
21299.000000,44275.000000,47050.000000,22531.000000
21300.000000,44238.000000,47056.000000,22487.000000
21316.000000,44217.000000,47056.000000,22507.000000
21341.000000,44233.000000,47022.000000,22483.000000
21348.000000,44189.000000,47015.000000,22471.000000
21305.000000,44197.000000,47028.000000,22483.000000
21347.000000,44176.000000,46995.000000,22467.000000
21383.000000,44181.000000,46998.000000,22491.000000
21361.000000,44168.000000,46992.000000,22496.000000
21363.000000,44156.000000,47020.000000,22497.000000
21353.000000,44174.000000,47021.000000,22495.000000
21384.000000,44198.000000,47000.000000,22484.000000
21364.000000,44204.000000,47028.000000,22499.000000
21350.000000,44157.000000,46996.000000,22513.000000
21340.000000,44255.000000,46989.000000,22506.000000
21276.000000,44193.000000,47024.000000,22503.000000
21258.000000,44233.000000,47032.000000,22517.000000
21235.000000,44231.000000,47035.000000,22530.000000
21220.000000,44208.000000,47029.000000,22515.000000
21222.000000,44220.000000,47042.000000,22537.000000
21190.000000,44152.000000,47001.000000,22484.000000
21240.000000,44141.000000,47013.000000,22486.000000
21220.000000,44134.000000,47005.000000,22464.000000
21244.000000,44136.000000,46992.000000,22448.000000
21255.000000,44089.000000,46986.000000,22436.000000
21281.000000,44088.000000,46975.000000,22402.000000
21338.000000,44081.000000,46938.000000,22392.000000
21316.000000,44054.000000,46936.000000,22412.000000
21384.000000,44057.000000,46926.000000,22395.000000
21362.000000,44079.000000,46953.000000,22388.000000
21400.000000,44097.000000,46948.000000,22398.000000
21394.000000,44120.000000,46965.000000,22415.000000
21457.000000,44095.000000,46971.000000,22423.000000
21431.000000,44151.000000,46965.000000,22411.000000
21471.000000,44137.000000,46970.000000,22414.000000
21507.000000,44170.000000,47011.000000,22424.000000
21510.000000,44166.000000,47019.000000,22440.000000
21546.000000,44211.000000,47008.000000,22404.000000
21596.000000,44216.000000,47045.000000,22444.000000
21640.000000,44238.000000,47056.000000,22435.000000
21605.000000,44252.000000,47051.000000,22479.000000
21648.000000,44290.000000,47066.000000,22459.000000
21671.000000,44395.000000,47117.000000,22478.000000
21713.000000,44373.000000,47100.000000,22461.000000
21793.000000,44433.000000,47155.000000,22495.000000
21823.000000,44415.000000,47166.000000,22503.000000
21812.000000,44470.000000,47179.000000,22479.000000
21921.000000,44487.000000,47219.000000,22475.000000
21931.000000,44507.000000,47221.000000,22496.000000
21977.000000,44524.000000,47219.000000,22491.000000
22012.000000,44516.000000,47238.000000,22455.000000
22032.000000,44605.000000,47289.000000,22483.000000
22108.000000,44628.000000,47305.000000,22507.000000
22171.000000,44665.000000,47308.000000,22508.000000
22229.000000,44750.000000,47365.000000,22551.000000
22286.000000,44837.000000,47360.000000,22550.000000
22318.000000,44830.000000,47382.000000,22572.000000
22297.000000,44908.000000,47421.000000,22584.000000
22311.000000,44925.000000,47473.000000,22584.000000
22329.000000,45010.000000,47514.000000,22585.000000
22344.000000,45136.000000,47544.000000,22628.000000
22350.000000,45138.000000,47564.000000,22660.000000
22393.000000,45274.000000,47681.000000,22648.000000
22425.000000,45306.000000,47680.000000,22690.000000
22458.000000,45302.000000,47712.000000,22689.000000
22475.000000,45351.000000,47674.000000,22674.000000
22478.000000,45370.000000,47729.000000,22669.000000
22493.000000,45368.000000,47715.000000,22669.000000
22461.000000,45413.000000,47732.000000,22667.000000
22515.000000,45399.000000,47755.000000,22686.000000
22463.000000,45456.000000,47780.000000,22681.000000
22453.000000,45512.000000,47823.000000,22702.000000
22466.000000,45538.000000,47826.000000,22705.000000
22446.000000,45560.000000,47865.000000,22705.000000
22425.000000,45564.000000,47833.000000,22706.000000
22397.000000,45594.000000,47827.000000,22689.000000
22372.000000,45593.000000,47859.000000,22703.000000
22354.000000,45653.000000,47859.000000,22677.000000
22371.000000,45605.000000,47881.000000,22690.000000
22348.000000,45610.000000,47834.000000,22691.000000
22366.000000,45600.000000,47814.000000,22681.000000
22347.000000,45583.000000,47840.000000,22678.000000
22361.000000,45552.000000,47801.000000,22680.000000
22346.000000,45535.000000,47821.000000,22675.000000
22340.000000,45515.000000,47811.000000,22655.000000
22306.000000,45522.000000,47781.000000,22644.000000
22341.000000,45465.000000,47796.000000,22632.000000
22271.000000,45466.000000,47791.000000,22638.000000
22267.000000,45459.000000,47776.000000,22655.000000
22245.000000,45459.000000,47754.000000,22653.000000
22196.000000,45438.000000,47774.000000,22656.000000
22235.000000,45406.000000,47741.000000,22644.000000
22176.000000,45404.000000,47765.000000,22674.000000
22177.000000,45385.000000,47769.000000,22672.000000
22149.000000,45366.000000,47718.000000,22644.000000
22125.000000,45332.000000,47729.000000,22627.000000
22088.000000,45334.000000,47683.000000,22608.000000
22105.000000,45299.000000,47680.000000,22626.000000
22064.000000,45258.000000,47660.000000,22616.000000
22080.000000,45248.000000,47658.000000,22583.000000
22051.000000,45212.000000,47626.000000,22579.000000
22038.000000,45166.000000,47617.000000,22578.000000
22026.000000,45149.000000,47599.000000,22577.000000
22022.000000,45139.000000,47608.000000,22580.000000
22018.000000,45135.000000,47581.000000,22578.000000
21981.000000,45171.000000,47552.000000,22598.000000
21966.000000,45103.000000,47572.000000,22553.000000
21951.000000,45130.000000,47534.000000,22572.000000
21942.000000,45076.000000,47546.000000,22570.000000
21947.000000,45051.000000,47511.000000,22571.000000
21942.000000,45014.000000,47487.000000,22549.000000
21913.000000,45031.000000,47468.000000,22557.000000
21911.000000,44953.000000,47464.000000,22543.000000
21897.000000,44974.000000,47474.000000,22530.000000
21889.000000,44952.000000,47474.000000,22533.000000
21858.000000,44902.000000,47435.000000,22547.000000
21867.000000,44901.000000,47434.000000,22554.000000
21830.000000,44903.000000,47431.000000,22536.000000
21784.000000,44874.000000,47428.000000,22538.000000
21708.000000,44832.000000,47428.000000,22552.000000
21674.000000,44876.000000,47426.000000,22515.000000
21696.000000,44820.000000,47382.000000,22535.000000
21679.000000,44804.000000,47381.000000,22523.000000
21671.000000,44752.000000,47357.000000,22502.000000
21587.000000,44798.000000,47335.000000,22488.000000
21635.000000,44717.000000,47332.000000,22486.000000
21563.000000,44685.000000,47305.000000,22429.000000
21596.000000,44637.000000,47293.000000,22448.000000
21580.000000,44610.000000,47270.000000,22416.000000
21573.000000,44609.000000,47275.000000,22438.000000
21577.000000,44586.000000,47248.000000,22408.000000
21580.000000,44599.000000,47238.000000,22430.000000
21550.000000,44524.000000,47221.000000,22416.000000
21568.000000,44492.000000,47228.000000,22385.000000
21573.000000,44483.000000,47174.000000,22383.000000
21511.000000,44492.000000,47197.000000,22426.000000
21542.000000,44445.000000,47195.000000,22419.000000
21474.000000,44487.000000,47162.000000,22400.000000
21533.000000,44421.000000,47147.000000,22399.000000
21453.000000,44421.000000,47175.000000,22371.000000
21523.000000,44426.000000,47169.000000,22389.000000
21515.000000,44418.000000,47153.000000,22368.000000
21516.000000,44393.000000,47152.000000,22372.000000
21531.000000,44392.000000,47128.000000,22376.000000
21520.000000,44409.000000,47144.000000,22405.000000
21493.000000,44386.000000,47120.000000,22396.000000
21470.000000,44364.000000,47121.000000,22377.000000
21467.000000,44345.000000,47106.000000,22375.000000
21477.000000,44350.000000,47089.000000,22395.000000
21452.000000,44326.000000,47100.000000,22393.000000
21444.000000,44343.000000,47120.000000,22410.000000
21426.000000,44323.000000,47105.000000,22414.000000
21389.000000,44373.000000,47105.000000,22382.000000
21424.000000,44323.000000,47100.000000,22386.000000
21391.000000,44313.000000,47071.000000,22353.000000
21367.000000,44265.000000,47089.000000,22367.000000
21368.000000,44323.000000,47065.000000,22376.000000
21338.000000,44283.000000,47045.000000,22382.000000
21335.000000,44246.000000,47060.000000,22380.000000
21298.000000,44199.000000,47041.000000,22355.000000
21299.000000,44207.000000,47040.000000,22349.000000
21278.000000,44174.000000,47027.000000,22309.000000
21234.000000,44193.000000,47019.000000,22324.000000
21200.000000,44156.000000,47024.000000,22331.000000
21216.000000,44134.000000,46984.000000,22354.000000
21197.000000,44148.000000,46994.000000,22335.000000
21178.000000,44096.000000,46986.000000,22313.000000
21152.000000,44132.000000,46951.000000,22296.000000
21207.000000,44071.000000,46962.000000,22286.000000
21140.000000,44092.000000,46927.000000,22267.000000
21153.000000,44050.000000,46927.000000,22259.000000
21172.000000,44039.000000,46912.000000,22272.000000
21142.000000,44016.000000,46929.000000,22282.000000
21118.000000,44029.000000,46916.000000,22252.000000
21135.000000,44013.000000,46926.000000,22267.000000
21136.000000,43994.000000,46936.000000,22244.000000
21114.000000,44042.000000,46909.000000,22250.000000
21094.000000,43985.000000,46882.000000,22238.000000
21083.000000,43989.000000,46887.000000,22199.000000
21080.000000,43978.000000,46887.000000,22243.000000
21069.000000,43963.000000,46852.000000,22203.000000
21098.000000,43964.000000,46889.000000,22202.000000
21101.000000,43957.000000,46908.000000,22227.000000
21124.000000,43970.000000,46887.000000,22221.000000
21127.000000,43932.000000,46851.000000,22225.000000
21186.000000,43944.000000,46871.000000,22207.000000
21167.000000,43938.000000,46861.000000,22177.000000
21288.000000,43969.000000,46867.000000,22199.000000
21318.000000,43940.000000,46844.000000,22183.000000
21339.000000,43952.000000,46892.000000,22210.000000
21370.000000,43966.000000,46883.000000,22190.000000
21374.000000,43991.000000,46896.000000,22206.000000
21427.000000,44020.000000,46905.000000,22203.000000
21401.000000,44015.000000,46910.000000,22206.000000
21463.000000,44140.000000,46976.000000,22221.000000
21458.000000,44152.000000,46985.000000,22243.000000
21494.000000,44179.000000,47016.000000,22228.000000
21563.000000,44234.000000,47029.000000,22252.000000
21548.000000,44251.000000,47040.000000,22247.000000
21594.000000,44251.000000,47031.000000,22249.000000
21662.000000,44313.000000,47072.000000,22264.000000
21672.000000,44294.000000,47079.000000,22261.000000
21704.000000,44359.000000,47120.000000,22263.000000
21823.000000,44378.000000,47129.000000,22292.000000
21823.000000,44438.000000,47158.000000,22290.000000
21870.000000,44465.000000,47172.000000,22286.000000
21896.000000,44485.000000,47170.000000,22298.000000
21956.000000,44550.000000,47226.000000,22311.000000
21961.000000,44552.000000,47223.000000,22313.000000
22005.000000,44585.000000,47272.000000,22319.000000
22050.000000,44684.000000,47323.000000,22363.000000
22081.000000,44718.000000,47330.000000,22361.000000
22143.000000,44773.000000,47342.000000,22362.000000
22172.000000,44793.000000,47401.000000,22364.000000
22188.000000,44827.000000,47388.000000,22390.000000
22215.000000,44918.000000,47406.000000,22393.000000
22327.000000,44934.000000,47435.000000,22439.000000
22337.000000,44994.000000,47464.000000,22439.000000
22366.000000,45029.000000,47484.000000,22435.000000
22338.000000,45060.000000,47517.000000,22462.000000
22364.000000,45125.000000,47527.000000,22471.000000
22298.000000,45162.000000,47569.000000,22482.000000
22334.000000,45196.000000,47603.000000,22490.000000
22265.000000,45370.000000,47700.000000,22502.000000
22273.000000,45364.000000,47697.000000,22499.000000
22233.000000,45382.000000,47686.000000,22553.000000
22228.000000,45366.000000,47691.000000,22498.000000
22223.000000,45375.000000,47707.000000,22510.000000
22214.000000,45357.000000,47704.000000,22496.000000
22178.000000,45356.000000,47691.000000,22510.000000
22167.000000,45321.000000,47676.000000,22506.000000
22185.000000,45316.000000,47652.000000,22526.000000
22151.000000,45289.000000,47646.000000,22496.000000
22151.000000,45290.000000,47632.000000,22470.000000
22170.000000,45246.000000,47658.000000,22465.000000
22093.000000,45274.000000,47625.000000,22456.000000
22143.000000,45219.000000,47630.000000,22473.000000
22095.000000,45217.000000,47609.000000,22483.000000
22122.000000,45199.000000,47617.000000,22454.000000
22103.000000,45211.000000,47596.000000,22472.000000
22091.000000,45190.000000,47585.000000,22483.000000
22062.000000,45185.000000,47577.000000,22485.000000
22069.000000,45159.000000,47579.000000,22448.000000
22039.000000,45149.000000,47562.000000,22431.000000
22051.000000,45144.000000,47583.000000,22476.000000
22016.000000,45130.000000,47595.000000,22460.000000
21987.000000,45122.000000,47548.000000,22438.000000
21994.000000,45132.000000,47542.000000,22455.000000
21968.000000,45112.000000,47539.000000,22482.000000
21907.000000,45098.000000,47549.000000,22479.000000
21927.000000,45061.000000,47543.000000,22475.000000
21908.000000,45057.000000,47520.000000,22497.000000
21910.000000,45053.000000,47522.000000,22445.000000
21845.000000,45061.000000,47488.000000,22450.000000
21838.000000,45030.000000,47483.000000,22452.000000
21851.000000,45045.000000,47482.000000,22420.000000
21844.000000,45010.000000,47487.000000,22435.000000
21838.000000,44986.000000,47493.000000,22433.000000
21826.000000,44973.000000,47490.000000,22441.000000
21826.000000,44960.000000,47430.000000,22422.000000
21806.000000,44949.000000,47425.000000,22417.000000
21803.000000,44936.000000,47443.000000,22408.000000
21784.000000,44939.000000,47409.000000,22382.000000
21791.000000,44888.000000,47440.000000,22417.000000
21775.000000,44912.000000,47436.000000,22387.000000
21792.000000,44861.000000,47407.000000,22415.000000
21752.000000,44877.000000,47373.000000,22388.000000
21725.000000,44864.000000,47398.000000,22372.000000
21762.000000,44851.000000,47402.000000,22369.000000
21780.000000,44843.000000,47400.000000,22359.000000
21769.000000,44818.000000,47375.000000,22397.000000
21753.000000,44818.000000,47383.000000,22368.000000
21755.000000,44820.000000,47362.000000,22388.000000
21715.000000,44803.000000,47343.000000,22359.000000
21765.000000,44756.000000,47355.000000,22365.000000
21748.000000,44802.000000,47335.000000,22368.000000
21711.000000,44775.000000,47322.000000,22362.000000
21733.000000,44759.000000,47329.000000,22356.000000
21738.000000,44744.000000,47344.000000,22351.000000
21705.000000,44754.000000,47327.000000,22380.000000
21695.000000,44729.000000,47347.000000,22346.000000
21746.000000,44737.000000,47326.000000,22363.000000
21709.000000,44729.000000,47334.000000,22369.000000
21726.000000,44741.000000,47339.000000,22371.000000
21706.000000,44720.000000,47279.000000,22333.000000
21698.000000,44694.000000,47318.000000,22363.000000
21677.000000,44709.000000,47325.000000,22338.000000
21648.000000,44690.000000,47316.000000,22369.000000
21685.000000,44724.000000,47286.000000,22328.000000
21668.000000,44705.000000,47312.000000,22348.000000
21656.000000,44691.000000,47285.000000,22381.000000
21637.000000,44670.000000,47309.000000,22357.000000
21626.000000,44655.000000,47291.000000,22353.000000
21631.000000,44669.000000,47276.000000,22369.000000
21632.000000,44646.000000,47251.000000,22364.000000
21599.000000,44673.000000,47265.000000,22371.000000
21627.000000,44634.000000,47235.000000,22370.000000
21559.000000,44638.000000,47238.000000,22354.000000
21592.000000,44602.000000,47252.000000,22338.000000
21541.000000,44631.000000,47235.000000,22345.000000
21543.000000,44608.000000,47227.000000,22363.000000
21554.000000,44573.000000,47218.000000,22330.000000
21485.000000,44582.000000,47230.000000,22325.000000
21479.000000,44565.000000,47224.000000,22360.000000
21458.000000,44537.000000,47219.000000,22338.000000
21445.000000,44543.000000,47199.000000,22332.000000
21379.000000,44562.000000,47210.000000,22353.000000
21401.000000,44513.000000,47178.000000,22333.000000
21358.000000,44503.000000,47159.000000,22340.000000
21342.000000,44443.000000,47139.000000,22304.000000
21334.000000,44429.000000,47128.000000,22285.000000
21340.000000,44419.000000,47131.000000,22273.000000
21264.000000,44403.000000,47128.000000,22262.000000
21266.000000,44369.000000,47144.000000,22247.000000
21249.000000,44358.000000,47105.000000,22244.000000
21212.000000,44385.000000,47085.000000,22270.000000
21266.000000,44340.000000,47080.000000,22238.000000
21225.000000,44357.000000,47078.000000,22234.000000
21212.000000,44339.000000,47047.000000,22202.000000
21217.000000,44287.000000,47050.000000,22226.000000
21232.000000,44279.000000,47025.000000,22220.000000
21196.000000,44256.000000,47006.000000,22208.000000
21205.000000,44228.000000,47010.000000,22190.000000
21173.000000,44215.000000,47026.000000,22187.000000
21171.000000,44224.000000,47011.000000,22172.000000
21148.000000,44175.000000,46989.000000,22174.000000
21164.000000,44153.000000,46975.000000,22156.000000
21151.000000,44163.000000,46956.000000,22172.000000
21125.000000,44152.000000,46948.000000,22160.000000
21152.000000,44120.000000,46967.000000,22161.000000
21125.000000,44143.000000,46958.000000,22141.000000
21133.000000,44106.000000,46914.000000,22139.000000
21115.000000,44082.000000,46933.000000,22145.000000
21094.000000,44112.000000,46929.000000,22117.000000
21104.000000,44093.000000,46916.000000,22125.000000
21110.000000,44063.000000,46920.000000,22127.000000
21093.000000,44062.000000,46924.000000,22107.000000
21066.000000,44033.000000,46931.000000,22149.000000
21081.000000,44028.000000,46880.000000,22135.000000
21100.000000,44023.000000,46892.000000,22115.000000
21078.000000,44026.000000,46892.000000,22122.000000
21091.000000,44016.000000,46896.000000,22122.000000
21071.000000,44006.000000,46889.000000,22092.000000
21081.000000,44033.000000,46893.000000,22091.000000
21114.000000,43995.000000,46872.000000,22086.000000
21149.000000,43975.000000,46880.000000,22075.000000
21166.000000,43982.000000,46844.000000,22105.000000
21195.000000,43997.000000,46844.000000,22074.000000
21190.000000,43973.000000,46863.000000,22096.000000
21271.000000,43976.000000,46890.000000,22077.000000
21313.000000,43982.000000,46881.000000,22074.000000
21335.000000,44035.000000,46864.000000,22072.000000
21350.000000,44020.000000,46908.000000,22107.000000
21408.000000,44037.000000,46866.000000,22093.000000
21393.000000,44060.000000,46905.000000,22083.000000
21439.000000,44073.000000,46941.000000,22098.000000
21568.000000,44166.000000,46961.000000,22153.000000
21598.000000,44190.000000,46993.000000,22133.000000
21654.000000,44222.000000,47000.000000,22143.000000
21659.000000,44236.000000,47048.000000,22127.000000
21722.000000,44270.000000,47033.000000,22112.000000
21750.000000,44300.000000,47042.000000,22137.000000
21784.000000,44345.000000,47077.000000,22200.000000
21841.000000,44439.000000,47140.000000,22187.000000
21886.000000,44454.000000,47146.000000,22183.000000
21926.000000,44486.000000,47159.000000,22195.000000
21978.000000,44553.000000,47208.000000,22222.000000
22013.000000,44576.000000,47202.000000,22199.000000
22040.000000,44632.000000,47281.000000,22227.000000
22058.000000,44687.000000,47264.000000,22260.000000
22064.000000,44745.000000,47301.000000,22262.000000
22155.000000,44754.000000,47315.000000,22282.000000
22178.000000,44792.000000,47307.000000,22272.000000
22226.000000,44831.000000,47387.000000,22281.000000
22247.000000,44898.000000,47412.000000,22287.000000
22296.000000,44904.000000,47421.000000,22318.000000
22296.000000,44952.000000,47437.000000,22327.000000
22457.000000,44982.000000,47473.000000,22314.000000
22465.000000,45040.000000,47479.000000,22350.000000
22534.000000,45107.000000,47540.000000,22362.000000
22583.000000,45109.000000,47552.000000,22343.000000
22638.000000,45144.000000,47566.000000,22392.000000
22647.000000,45204.000000,47564.000000,22369.000000
22634.000000,45217.000000,47610.000000,22363.000000
22685.000000,45380.000000,47660.000000,22433.000000
22710.000000,45458.000000,47695.000000,22434.000000
22744.000000,45491.000000,47733.000000,22440.000000
22677.000000,45524.000000,47738.000000,22477.000000
22694.000000,45560.000000,47779.000000,22494.000000
22657.000000,45598.000000,47800.000000,22459.000000
22698.000000,45614.000000,47835.000000,22474.000000
22673.000000,45616.000000,47820.000000,22514.000000
22674.000000,45652.000000,47819.000000,22501.000000
22690.000000,45636.000000,47836.000000,22516.000000
22659.000000,45619.000000,47828.000000,22480.000000
22623.000000,45635.000000,47840.000000,22494.000000
22648.000000,45612.000000,47811.000000,22503.000000
22641.000000,45616.000000,47793.000000,22486.000000
22623.000000,45617.000000,47809.000000,22467.000000
22655.000000,45563.000000,47807.000000,22477.000000
22604.000000,45586.000000,47784.000000,22488.000000
22641.000000,45582.000000,47796.000000,22500.000000
22632.000000,45589.000000,47798.000000,22504.000000
22654.000000,45572.000000,47782.000000,22511.000000
22617.000000,45596.000000,47783.000000,22496.000000
22637.000000,45562.000000,47788.000000,22513.000000
22597.000000,45555.000000,47809.000000,22501.000000
22637.000000,45573.000000,47808.000000,22497.000000
22580.000000,45562.000000,47790.000000,22536.000000
22575.000000,45581.000000,47815.000000,22502.000000
22576.000000,45556.000000,47795.000000,22546.000000
22570.000000,45585.000000,47788.000000,22525.000000
22566.000000,45550.000000,47794.000000,22525.000000
22533.000000,45579.000000,47795.000000,22516.000000
22512.000000,45519.000000,47753.000000,22549.000000
22501.000000,45514.000000,47767.000000,22509.000000
22493.000000,45493.000000,47752.000000,22507.000000
22481.000000,45505.000000,47760.000000,22508.000000
22448.000000,45478.000000,47737.000000,22516.000000
22415.000000,45514.000000,47739.000000,22472.000000
22418.000000,45476.000000,47707.000000,22483.000000
22396.000000,45479.000000,47729.000000,22462.000000
22416.000000,45423.000000,47705.000000,22476.000000
22388.000000,45438.000000,47695.000000,22468.000000
22374.000000,45398.000000,47710.000000,22463.000000
22343.000000,45413.000000,47655.000000,22457.000000
22353.000000,45348.000000,47651.000000,22448.000000
22334.000000,45343.000000,47658.000000,22434.000000
22344.000000,45323.000000,47671.000000,22446.000000
22304.000000,45341.000000,47639.000000,22418.000000
22309.000000,45298.000000,47662.000000,22404.000000
22232.000000,45294.000000,47626.000000,22421.000000
22245.000000,45288.000000,47643.000000,22398.000000
22209.000000,45248.000000,47619.000000,22412.000000
22173.000000,45291.000000,47615.000000,22382.000000
22153.000000,45241.000000,47615.000000,22432.000000
22122.000000,45240.000000,47618.000000,22395.000000
22166.000000,45226.000000,47582.000000,22401.000000
22104.000000,45163.000000,47555.000000,22362.000000
22111.000000,45102.000000,47549.000000,22373.000000
22086.000000,45152.000000,47528.000000,22351.000000
22115.000000,45115.000000,47542.000000,22335.000000
22077.000000,45090.000000,47496.000000,22359.000000
22128.000000,45068.000000,47505.000000,22319.000000
22081.000000,45053.000000,47500.000000,22315.000000
22124.000000,45063.000000,47513.000000,22313.000000
22093.000000,45047.000000,47489.000000,22330.000000
22092.000000,45076.000000,47474.000000,22300.000000
22093.000000,45030.000000,47480.000000,22296.000000
22070.000000,45034.000000,47511.000000,22272.000000
22059.000000,45050.000000,47463.000000,22317.000000
22002.000000,45098.000000,47466.000000,22310.000000
22055.000000,45056.000000,47469.000000,22286.000000
22029.000000,45074.000000,47481.000000,22311.000000
22033.000000,45033.000000,47477.000000,22281.000000
22023.000000,45072.000000,47495.000000,22273.000000
22016.000000,45030.000000,47476.000000,22314.000000
22001.000000,45041.000000,47461.000000,22286.000000
21999.000000,45026.000000,47465.000000,22281.000000
21983.000000,45033.000000,47485.000000,22261.000000
22047.000000,45014.000000,47496.000000,22251.000000
21989.000000,45049.000000,47465.000000,22264.000000
22031.000000,45032.000000,47469.000000,22265.000000
21966.000000,45014.000000,47468.000000,22258.000000
22018.000000,45000.000000,47485.000000,22221.000000
21955.000000,45046.000000,47497.000000,22251.000000
21984.000000,45061.000000,47490.000000,22247.000000
21951.000000,45050.000000,47487.000000,22279.000000
21888.000000,45047.000000,47481.000000,22240.000000
21874.000000,45061.000000,47509.000000,22253.000000
21870.000000,45075.000000,47491.000000,22267.000000
21877.000000,45073.000000,47460.000000,22255.000000
21840.000000,45073.000000,47472.000000,22255.000000
21844.000000,45065.000000,47482.000000,22252.000000
21838.000000,45050.000000,47473.000000,22243.000000
21848.000000,44963.000000,47459.000000,22238.000000
21788.000000,44985.000000,47471.000000,22235.000000
21808.000000,44989.000000,47452.000000,22216.000000
21802.000000,44968.000000,47437.000000,22226.000000
21792.000000,44958.000000,47469.000000,22192.000000
21783.000000,44945.000000,47425.000000,22206.000000
21748.000000,44930.000000,47459.000000,22190.000000
21755.000000,44935.000000,47404.000000,22195.000000
21759.000000,44905.000000,47417.000000,22181.000000
21762.000000,44904.000000,47411.000000,22186.000000
21739.000000,44933.000000,47395.000000,22168.000000
21734.000000,44920.000000,47412.000000,22209.000000
21727.000000,44909.000000,47431.000000,22191.000000
21736.000000,44881.000000,47403.000000,22179.000000
21714.000000,44895.000000,47387.000000,22166.000000
21715.000000,44869.000000,47392.000000,22197.000000
21709.000000,44854.000000,47394.000000,22186.000000
21645.000000,44852.000000,47365.000000,22168.000000
21643.000000,44876.000000,47366.000000,22171.000000
21652.000000,44850.000000,47346.000000,22174.000000
21667.000000,44834.000000,47357.000000,22172.000000
21686.000000,44839.000000,47354.000000,22170.000000
21666.000000,44793.000000,47332.000000,22170.000000
21662.000000,44818.000000,47333.000000,22166.000000
21638.000000,44784.000000,47360.000000,22171.000000
21682.000000,44769.000000,47304.000000,22149.000000
21642.000000,44784.000000,47321.000000,22153.000000
21680.000000,44748.000000,47297.000000,22170.000000
21689.000000,44791.000000,47321.000000,22142.000000
21695.000000,44751.000000,47282.000000,22151.000000
21698.000000,44807.000000,47311.000000,22155.000000
21741.000000,44735.000000,47319.000000,22176.000000
21741.000000,44735.000000,47304.000000,22163.000000
21740.000000,44760.000000,47317.000000,22132.000000
21764.000000,44774.000000,47306.000000,22168.000000
21819.000000,44828.000000,47342.000000,22142.000000
21836.000000,44778.000000,47321.000000,22182.000000
21883.000000,44820.000000,47378.000000,22140.000000
21885.000000,44827.000000,47324.000000,22179.000000
21897.000000,44851.000000,47388.000000,22173.000000
21936.000000,44858.000000,47382.000000,22183.000000
21941.000000,44875.000000,47390.000000,22168.000000
22060.000000,44939.000000,47409.000000,22203.000000
22084.000000,44943.000000,47425.000000,22201.000000
22129.000000,44974.000000,47456.000000,22220.000000
22178.000000,45012.000000,47455.000000,22207.000000
22227.000000,45012.000000,47465.000000,22239.000000
22247.000000,45042.000000,47471.000000,22228.000000
22276.000000,45086.000000,47536.000000,22258.000000
22367.000000,45186.000000,47574.000000,22289.000000
22415.000000,45255.000000,47555.000000,22292.000000
22511.000000,45268.000000,47609.000000,22313.000000
22557.000000,45319.000000,47613.000000,22290.000000
22646.000000,45341.000000,47667.000000,22324.000000
22702.000000,45426.000000,47690.000000,22327.000000
22823.000000,45454.000000,47730.000000,22354.000000
22848.000000,45526.000000,47767.000000,22358.000000
22861.000000,45582.000000,47802.000000,22411.000000
22929.000000,45666.000000,47852.000000,22429.000000
22965.000000,45784.000000,47890.000000,22441.000000
22942.000000,45843.000000,47945.000000,22454.000000
22967.000000,45914.000000,47980.000000,22487.000000
22971.000000,46007.000000,48069.000000,22499.000000
22961.000000,46061.000000,48069.000000,22528.000000
22967.000000,46109.000000,48116.000000,22537.000000
22944.000000,46185.000000,48136.000000,22530.000000
22957.000000,46181.000000,48141.000000,22531.000000
22971.000000,46193.000000,48146.000000,22544.000000
22948.000000,46249.000000,48161.000000,22553.000000
22954.000000,46210.000000,48168.000000,22563.000000
22910.000000,46259.000000,48196.000000,22567.000000
22943.000000,46233.000000,48203.000000,22569.000000
22913.000000,46214.000000,48164.000000,22561.000000
22953.000000,46210.000000,48206.000000,22565.000000
22969.000000,46175.000000,48144.000000,22548.000000
22952.000000,46228.000000,48164.000000,22532.000000
22923.000000,46214.000000,48134.000000,22534.000000
22914.000000,46198.000000,48155.000000,22546.000000
22902.000000,46170.000000,48139.000000,22539.000000
22903.000000,46157.000000,48145.000000,22533.000000
22918.000000,46143.000000,48128.000000,22561.000000
22908.000000,46162.000000,48140.000000,22536.000000
22882.000000,46179.000000,48107.000000,22561.000000
22871.000000,46168.000000,48107.000000,22541.000000
22881.000000,46124.000000,48101.000000,22553.000000
22885.000000,46114.000000,48111.000000,22557.000000
22891.000000,46089.000000,48137.000000,22533.000000
22889.000000,46102.000000,48092.000000,22548.000000
22907.000000,46084.000000,48106.000000,22525.000000
22872.000000,46075.000000,48089.000000,22530.000000
22869.000000,46081.000000,48061.000000,22516.000000
22871.000000,46069.000000,48077.000000,22541.000000
22930.000000,46038.000000,48056.000000,22509.000000
22903.000000,46049.000000,48068.000000,22546.000000
22880.000000,46062.000000,48043.000000,22547.000000
22910.000000,46047.000000,48044.000000,22525.000000
22874.000000,46023.000000,48039.000000,22526.000000
22884.000000,45990.000000,48055.000000,22520.000000
22826.000000,46017.000000,48032.000000,22535.000000
22859.000000,46027.000000,48051.000000,22535.000000
22803.000000,46030.000000,48043.000000,22544.000000
22814.000000,46002.000000,48043.000000,22540.000000
22790.000000,45984.000000,48034.000000,22550.000000
22805.000000,45968.000000,48056.000000,22548.000000
22800.000000,45972.000000,48039.000000,22543.000000
22797.000000,45969.000000,48002.000000,22541.000000
22720.000000,45952.000000,47994.000000,22538.000000
22717.000000,45928.000000,48029.000000,22526.000000
22685.000000,45926.000000,47989.000000,22549.000000
22655.000000,45906.000000,48007.000000,22536.000000
22627.000000,45938.000000,47956.000000,22549.000000
22591.000000,45911.000000,47977.000000,22520.000000
22580.000000,45884.000000,47996.000000,22538.000000
22563.000000,45903.000000,47971.000000,22539.000000
22545.000000,45837.000000,47939.000000,22536.000000
22487.000000,45829.000000,47939.000000,22494.000000
22485.000000,45768.000000,47924.000000,22495.000000
22423.000000,45781.000000,47918.000000,22499.000000
22383.000000,45761.000000,47892.000000,22492.000000
22356.000000,45747.000000,47893.000000,22466.000000
22300.000000,45705.000000,47874.000000,22453.000000
22337.000000,45682.000000,47846.000000,22465.000000
22257.000000,45683.000000,47869.000000,22434.000000
22268.000000,45666.000000,47824.000000,22445.000000
22245.000000,45571.000000,47799.000000,22392.000000
22233.000000,45545.000000,47805.000000,22400.000000
22240.000000,45552.000000,47771.000000,22395.000000
22178.000000,45522.000000,47781.000000,22370.000000
22172.000000,45487.000000,47750.000000,22367.000000
22180.000000,45456.000000,47723.000000,22382.000000
22131.000000,45430.000000,47692.000000,22381.000000
22168.000000,45390.000000,47684.000000,22352.000000
22166.000000,45376.000000,47689.000000,22348.000000
22138.000000,45350.000000,47651.000000,22341.000000
22141.000000,45387.000000,47656.000000,22352.000000
22115.000000,45331.000000,47641.000000,22346.000000
22113.000000,45318.000000,47626.000000,22347.000000
22086.000000,45295.000000,47654.000000,22349.000000
22123.000000,45301.000000,47658.000000,22343.000000
22091.000000,45288.000000,47629.000000,22304.000000
22108.000000,45251.000000,47605.000000,22359.000000
22067.000000,45300.000000,47606.000000,22358.000000
22041.000000,45242.000000,47578.000000,22344.000000
22066.000000,45246.000000,47613.000000,22339.000000
21993.000000,45217.000000,47578.000000,22330.000000
22038.000000,45203.000000,47570.000000,22327.000000
22004.000000,45220.000000,47582.000000,22336.000000
22021.000000,45194.000000,47561.000000,22339.000000
22011.000000,45192.000000,47572.000000,22333.000000
21989.000000,45158.000000,47554.000000,22300.000000
21983.000000,45150.000000,47540.000000,22308.000000
21964.000000,45164.000000,47536.000000,22300.000000
21978.000000,45126.000000,47525.000000,22319.000000
21966.000000,45156.000000,47537.000000,22311.000000
21945.000000,45112.000000,47521.000000,22326.000000
21920.000000,45113.000000,47520.000000,22301.000000
21895.000000,45131.000000,47518.000000,22346.000000
21883.000000,45096.000000,47512.000000,22295.000000
21865.000000,45068.000000,47521.000000,22288.000000
21836.000000,45091.000000,47501.000000,22306.000000
21823.000000,45075.000000,47503.000000,22293.000000
21840.000000,45022.000000,47454.000000,22302.000000
21808.000000,45037.000000,47468.000000,22300.000000
21782.000000,44995.000000,47463.000000,22297.000000
21770.000000,45031.000000,47472.000000,22264.000000
21778.000000,45008.000000,47485.000000,22274.000000
21756.000000,44984.000000,47439.000000,22279.000000
21715.000000,44949.000000,47460.000000,22270.000000
21739.000000,44947.000000,47411.000000,22261.000000
21716.000000,44955.000000,47390.000000,22269.000000
21708.000000,44911.000000,47400.000000,22312.000000
21663.000000,44947.000000,47399.000000,22268.000000
21680.000000,44896.000000,47399.000000,22272.000000
21656.000000,44888.000000,47389.000000,22260.000000
21679.000000,44831.000000,47351.000000,22236.000000
21663.000000,44817.000000,47366.000000,22251.000000
21624.000000,44829.000000,47363.000000,22227.000000
21639.000000,44809.000000,47376.000000,22247.000000
21567.000000,44811.000000,47307.000000,22253.000000
21583.000000,44778.000000,47314.000000,22257.000000
21576.000000,44809.000000,47352.000000,22237.000000
21571.000000,44768.000000,47302.000000,22238.000000
21508.000000,44740.000000,47300.000000,22228.000000
21534.000000,44692.000000,47297.000000,22251.000000
21522.000000,44690.000000,47294.000000,22258.000000
21516.000000,44664.000000,47257.000000,22216.000000
21530.000000,44622.000000,47240.000000,22205.000000
21546.000000,44652.000000,47232.000000,22204.000000
21573.000000,44616.000000,47243.000000,22227.000000
21580.000000,44607.000000,47214.000000,22184.000000
21657.000000,44579.000000,47228.000000,22208.000000
21608.000000,44615.000000,47237.000000,22195.000000
21669.000000,44608.000000,47234.000000,22174.000000
21690.000000,44605.000000,47214.000000,22196.000000
21687.000000,44629.000000,47228.000000,22207.000000
21722.000000,44620.000000,47246.000000,22210.000000
21748.000000,44632.000000,47229.000000,22228.000000
21770.000000,44656.000000,47246.000000,22222.000000
21804.000000,44677.000000,47268.000000,22225.000000
21877.000000,44702.000000,47289.000000,22230.000000
21881.000000,44732.000000,47292.000000,22223.000000
21899.000000,44711.000000,47273.000000,22223.000000
21988.000000,44747.000000,47290.000000,22224.000000
22029.000000,44775.000000,47312.000000,22253.000000
22078.000000,44767.000000,47319.000000,22247.000000
22097.000000,44766.000000,47335.000000,22259.000000
22130.000000,44815.000000,47339.000000,22284.000000
22146.000000,44849.000000,47402.000000,22271.000000
22180.000000,44872.000000,47393.000000,22275.000000
22231.000000,44970.000000,47462.000000,22315.000000
22281.000000,44965.000000,47463.000000,22330.000000
22298.000000,45062.000000,47480.000000,22326.000000
22372.000000,45056.000000,47506.000000,22355.000000
22342.000000,45127.000000,47501.000000,22350.000000
22383.000000,45144.000000,47548.000000,22377.000000
22424.000000,45159.000000,47542.000000,22368.000000
22570.000000,45213.000000,47564.000000,22390.000000
22620.000000,45235.000000,47609.000000,22411.000000
22640.000000,45279.000000,47613.000000,22378.000000
22719.000000,45339.000000,47630.000000,22404.000000
22757.000000,45368.000000,47669.000000,22408.000000
22823.000000,45397.000000,47690.000000,22423.000000
22839.000000,45453.000000,47730.000000,22422.000000
22855.000000,45594.000000,47814.000000,22484.000000
22875.000000,45649.000000,47837.000000,22502.000000
22888.000000,45736.000000,47881.000000,22502.000000
22878.000000,45766.000000,47903.000000,22512.000000
22861.000000,45827.000000,47933.000000,22531.000000
22826.000000,45860.000000,47958.000000,22548.000000
22816.000000,45964.000000,47987.000000,22545.000000
22795.000000,45968.000000,47999.000000,22573.000000
22763.000000,45988.000000,48013.000000,22571.000000
22780.000000,45984.000000,48034.000000,22603.000000
22728.000000,46003.000000,48036.000000,22562.000000
22736.000000,45984.000000,48051.000000,22574.000000
22708.000000,45982.000000,48019.000000,22557.000000
22672.000000,45985.000000,48021.000000,22564.000000
22657.000000,45983.000000,48001.000000,22576.000000
22634.000000,45910.000000,48027.000000,22539.000000
22647.000000,45885.000000,47998.000000,22530.000000
22596.000000,45899.000000,47986.000000,22523.000000
22626.000000,45862.000000,47949.000000,22522.000000
22614.000000,45857.000000,47953.000000,22517.000000
22614.000000,45792.000000,47934.000000,22491.000000
22626.000000,45810.000000,47935.000000,22493.000000
22619.000000,45783.000000,47922.000000,22474.000000
22616.000000,45766.000000,47908.000000,22485.000000
22621.000000,45766.000000,47879.000000,22474.000000
22596.000000,45759.000000,47898.000000,22466.000000
22638.000000,45732.000000,47908.000000,22479.000000
22601.000000,45691.000000,47866.000000,22500.000000
22613.000000,45735.000000,47886.000000,22501.000000
22630.000000,45731.000000,47880.000000,22500.000000
22617.000000,45727.000000,47898.000000,22475.000000
22601.000000,45712.000000,47866.000000,22490.000000
22625.000000,45713.000000,47872.000000,22495.000000
22622.000000,45704.000000,47864.000000,22515.000000
22621.000000,45697.000000,47840.000000,22494.000000
22614.000000,45671.000000,47853.000000,22542.000000
22622.000000,45718.000000,47838.000000,22531.000000
22592.000000,45674.000000,47821.000000,22507.000000
22628.000000,45648.000000,47812.000000,22494.000000
22605.000000,45675.000000,47854.000000,22494.000000
22612.000000,45648.000000,47855.000000,22525.000000
22631.000000,45635.000000,47847.000000,22514.000000
22606.000000,45653.000000,47824.000000,22495.000000
22602.000000,45671.000000,47853.000000,22487.000000
22616.000000,45678.000000,47833.000000,22515.000000
22603.000000,45666.000000,47831.000000,22503.000000
22631.000000,45642.000000,47842.000000,22515.000000
22615.000000,45654.000000,47840.000000,22510.000000
22601.000000,45658.000000,47847.000000,22513.000000
22589.000000,45635.000000,47835.000000,22503.000000
22584.000000,45652.000000,47832.000000,22496.000000
22608.000000,45672.000000,47844.000000,22482.000000
22580.000000,45654.000000,47822.000000,22513.000000
22560.000000,45634.000000,47838.000000,22498.000000
22578.000000,45644.000000,47819.000000,22518.000000
22506.000000,45656.000000,47818.000000,22511.000000
22520.000000,45638.000000,47822.000000,22510.000000
22499.000000,45613.000000,47804.000000,22499.000000
22514.000000,45628.000000,47808.000000,22488.000000
22407.000000,45616.000000,47825.000000,22495.000000
22447.000000,45574.000000,47822.000000,22505.000000
22385.000000,45599.000000,47794.000000,22505.000000
22411.000000,45563.000000,47806.000000,22488.000000
22367.000000,45590.000000,47802.000000,22450.000000
22355.000000,45563.000000,47776.000000,22482.000000
22332.000000,45553.000000,47776.000000,22447.000000
22367.000000,45473.000000,47710.000000,22451.000000
22338.000000,45474.000000,47738.000000,22444.000000
22323.000000,45437.000000,47717.000000,22402.000000
22349.000000,45430.000000,47721.000000,22424.000000
22333.000000,45389.000000,47708.000000,22409.000000
22343.000000,45371.000000,47665.000000,22406.000000
22343.000000,45362.000000,47695.000000,22410.000000
22337.000000,45363.000000,47661.000000,22409.000000
22336.000000,45354.000000,47672.000000,22398.000000
22344.000000,45347.000000,47654.000000,22410.000000
22332.000000,45343.000000,47646.000000,22392.000000
22339.000000,45341.000000,47676.000000,22432.000000
22329.000000,45328.000000,47667.000000,22404.000000
22346.000000,45305.000000,47653.000000,22428.000000
22316.000000,45313.000000,47641.000000,22452.000000
22307.000000,45343.000000,47632.000000,22410.000000
22311.000000,45263.000000,47643.000000,22425.000000
22299.000000,45314.000000,47639.000000,22437.000000
22316.000000,45327.000000,47643.000000,22439.000000
22256.000000,45352.000000,47634.000000,22440.000000
22232.000000,45292.000000,47632.000000,22437.000000
22245.000000,45322.000000,47614.000000,22424.000000
22230.000000,45284.000000,47620.000000,22405.000000
22162.000000,45267.000000,47619.000000,22433.000000
22154.000000,45239.000000,47594.000000,22401.000000
22144.000000,45238.000000,47595.000000,22411.000000
22129.000000,45235.000000,47586.000000,22418.000000
22131.000000,45217.000000,47585.000000,22435.000000
22105.000000,45239.000000,47597.000000,22393.000000
22111.000000,45182.000000,47574.000000,22422.000000
22078.000000,45172.000000,47538.000000,22392.000000
22075.000000,45146.000000,47558.000000,22379.000000
22102.000000,45145.000000,47549.000000,22382.000000
22048.000000,45192.000000,47533.000000,22371.000000
22062.000000,45130.000000,47529.000000,22362.000000
22041.000000,45144.000000,47521.000000,22340.000000
22056.000000,45122.000000,47541.000000,22354.000000
22040.000000,45124.000000,47515.000000,22342.000000
22066.000000,45107.000000,47534.000000,22373.000000
22052.000000,45079.000000,47505.000000,22321.000000
22030.000000,45084.000000,47483.000000,22337.000000
22004.000000,45071.000000,47496.000000,22317.000000
22001.000000,45081.000000,47523.000000,22316.000000
21975.000000,45094.000000,47487.000000,22319.000000
22002.000000,45082.000000,47484.000000,22317.000000
21994.000000,45020.000000,47487.000000,22332.000000
21964.000000,45077.000000,47469.000000,22305.000000
22002.000000,45023.000000,47482.000000,22310.000000
21992.000000,45008.000000,47453.000000,22306.000000
21958.000000,44992.000000,47472.000000,22311.000000
22027.000000,44946.000000,47448.000000,22312.000000
22044.000000,44959.000000,47416.000000,22284.000000
22100.000000,44963.000000,47446.000000,22298.000000
22055.000000,44975.000000,47417.000000,22301.000000
22102.000000,44940.000000,47434.000000,22319.000000
22114.000000,44959.000000,47425.000000,22299.000000
22133.000000,44947.000000,47423.000000,22311.000000
22165.000000,44942.000000,47439.000000,22304.000000
22217.000000,45009.000000,47471.000000,22339.000000
22172.000000,44997.000000,47449.000000,22321.000000
22280.000000,45008.000000,47476.000000,22326.000000
22297.000000,45025.000000,47470.000000,22372.000000
22295.000000,45037.000000,47478.000000,22377.000000
22314.000000,45030.000000,47516.000000,22383.000000
22320.000000,45076.000000,47556.000000,22369.000000
22389.000000,45098.000000,47529.000000,22381.000000
22331.000000,45153.000000,47551.000000,22378.000000
22365.000000,45200.000000,47579.000000,22422.000000
22380.000000,45230.000000,47586.000000,22415.000000
22433.000000,45246.000000,47614.000000,22427.000000
22424.000000,45243.000000,47594.000000,22447.000000
22473.000000,45306.000000,47635.000000,22435.000000
22459.000000,45298.000000,47616.000000,22424.000000
22507.000000,45329.000000,47648.000000,22424.000000
22535.000000,45342.000000,47666.000000,22413.000000
22582.000000,45395.000000,47675.000000,22406.000000
22607.000000,45358.000000,47663.000000,22448.000000
22609.000000,45414.000000,47715.000000,22434.000000
22673.000000,45412.000000,47719.000000,22454.000000
22759.000000,45478.000000,47748.000000,22439.000000
22831.000000,45494.000000,47774.000000,22469.000000
22842.000000,45536.000000,47749.000000,22448.000000
22877.000000,45554.000000,47779.000000,22490.000000
22946.000000,45603.000000,47803.000000,22454.000000
22982.000000,45606.000000,47825.000000,22492.000000
23067.000000,45644.000000,47830.000000,22491.000000
23065.000000,45759.000000,47937.000000,22534.000000
23162.000000,45820.000000,47938.000000,22525.000000
23186.000000,45914.000000,47973.000000,22537.000000
23293.000000,45992.000000,48005.000000,22546.000000
23311.000000,45991.000000,48026.000000,22555.000000
23320.000000,46073.000000,48091.000000,22604.000000
23346.000000,46118.000000,48109.000000,22594.000000
23378.000000,46223.000000,48133.000000,22619.000000
23421.000000,46261.000000,48180.000000,22634.000000
23417.000000,46306.000000,48251.000000,22640.000000
23452.000000,46378.000000,48235.000000,22668.000000
23439.000000,46412.000000,48280.000000,22679.000000
23440.000000,46450.000000,48293.000000,22674.000000
23447.000000,46497.000000,48347.000000,22704.000000
23453.000000,46525.000000,48356.000000,22710.000000
23465.000000,46546.000000,48349.000000,22728.000000
23454.000000,46512.000000,48344.000000,22719.000000
23445.000000,46553.000000,48346.000000,22719.000000
23479.000000,46521.000000,48366.000000,22755.000000
23466.000000,46534.000000,48330.000000,22732.000000
23452.000000,46559.000000,48344.000000,22761.000000
23446.000000,46548.000000,48350.000000,22742.000000
23414.000000,46557.000000,48363.000000,22741.000000
23456.000000,46587.000000,48379.000000,22746.000000
23382.000000,46549.000000,48343.000000,22748.000000
23412.000000,46539.000000,48364.000000,22743.000000
23367.000000,46597.000000,48349.000000,22747.000000
23378.000000,46537.000000,48364.000000,22752.000000
23367.000000,46550.000000,48348.000000,22752.000000
23343.000000,46516.000000,48351.000000,22759.000000
23364.000000,46538.000000,48326.000000,22763.000000
23305.000000,46487.000000,48333.000000,22746.000000
23286.000000,46487.000000,48328.000000,22735.000000
23255.000000,46476.000000,48344.000000,22724.000000
23222.000000,46487.000000,48305.000000,22739.000000
23219.000000,46480.000000,48326.000000,22724.000000
23198.000000,46460.000000,48305.000000,22697.000000
23177.000000,46464.000000,48289.000000,22698.000000
23144.000000,46416.000000,48288.000000,22679.000000
23135.000000,46433.000000,48274.000000,22703.000000
23103.000000,46391.000000,48271.000000,22685.000000
23091.000000,46361.000000,48243.000000,22671.000000
23104.000000,46363.000000,48239.000000,22636.000000
23127.000000,46335.000000,48204.000000,22659.000000
23096.000000,46290.000000,48191.000000,22613.000000
23064.000000,46288.000000,48218.000000,22617.000000
23078.000000,46291.000000,48186.000000,22616.000000
23013.000000,46283.000000,48209.000000,22614.000000
23016.000000,46265.000000,48198.000000,22630.000000
23005.000000,46270.000000,48193.000000,22598.000000
23007.000000,46277.000000,48206.000000,22608.000000
22982.000000,46243.000000,48160.000000,22607.000000
22980.000000,46229.000000,48182.000000,22583.000000
22989.000000,46236.000000,48173.000000,22546.000000
22933.000000,46182.000000,48174.000000,22600.000000
22956.000000,46198.000000,48157.000000,22580.000000
22903.000000,46212.000000,48152.000000,22589.000000
22884.000000,46181.000000,48145.000000,22590.000000
22843.000000,46190.000000,48124.000000,22571.000000
22857.000000,46147.000000,48124.000000,22561.000000
22803.000000,46162.000000,48139.000000,22569.000000
22822.000000,46149.000000,48123.000000,22541.000000
22758.000000,46112.000000,48111.000000,22553.000000
22747.000000,46109.000000,48121.000000,22558.000000
22725.000000,46087.000000,48075.000000,22519.000000
22729.000000,46074.000000,48083.000000,22513.000000
22696.000000,46085.000000,48085.000000,22555.000000
22669.000000,46073.000000,48070.000000,22527.000000
22660.000000,46048.000000,48028.000000,22523.000000
22614.000000,46009.000000,48053.000000,22460.000000
22588.000000,45989.000000,48038.000000,22502.000000
22550.000000,45995.000000,48014.000000,22482.000000
22561.000000,45927.000000,48008.000000,22481.000000
22522.000000,45950.000000,48003.000000,22471.000000
22512.000000,45902.000000,48017.000000,22459.000000
22502.000000,45905.000000,47960.000000,22455.000000
22468.000000,45821.000000,47962.000000,22440.000000
22492.000000,45819.000000,47918.000000,22432.000000
22457.000000,45787.000000,47891.000000,22422.000000
22457.000000,45748.000000,47885.000000,22451.000000
22441.000000,45760.000000,47876.000000,22411.000000
22441.000000,45728.000000,47881.000000,22399.000000
22406.000000,45718.000000,47850.000000,22424.000000
22373.000000,45677.000000,47857.000000,22417.000000
22364.000000,45676.000000,47862.000000,22396.000000
22364.000000,45642.000000,47828.000000,22392.000000
22331.000000,45632.000000,47814.000000,22405.000000
22331.000000,45558.000000,47805.000000,22384.000000
22313.000000,45565.000000,47791.000000,22404.000000
22305.000000,45572.000000,47787.000000,22406.000000
22306.000000,45523.000000,47750.000000,22392.000000
22276.000000,45529.000000,47760.000000,22361.000000
22276.000000,45487.000000,47754.000000,22364.000000
22237.000000,45473.000000,47728.000000,22371.000000
22182.000000,45483.000000,47697.000000,22375.000000
22211.000000,45409.000000,47697.000000,22374.000000
22167.000000,45434.000000,47675.000000,22355.000000
22123.000000,45394.000000,47686.000000,22364.000000
22131.000000,45405.000000,47670.000000,22368.000000
22156.000000,45363.000000,47667.000000,22348.000000
22150.000000,45325.000000,47666.000000,22349.000000
22083.000000,45285.000000,47626.000000,22346.000000
22126.000000,45281.000000,47618.000000,22339.000000
22079.000000,45289.000000,47600.000000,22312.000000
22101.000000,45168.000000,47579.000000,22304.000000
22065.000000,45232.000000,47565.000000,22283.000000
22073.000000,45195.000000,47561.000000,22306.000000
22090.000000,45160.000000,47555.000000,22278.000000
22020.000000,45125.000000,47554.000000,22298.000000
22037.000000,45134.000000,47531.000000,22299.000000
22025.000000,45143.000000,47561.000000,22298.000000
22022.000000,45123.000000,47491.000000,22295.000000
22003.000000,45105.000000,47521.000000,22300.000000
22002.000000,45125.000000,47533.000000,22303.000000
21991.000000,45122.000000,47528.000000,22308.000000
21954.000000,45093.000000,47485.000000,22315.000000
21970.000000,45097.000000,47473.000000,22303.000000
21934.000000,45066.000000,47501.000000,22264.000000
21939.000000,45070.000000,47477.000000,22284.000000
21919.000000,45083.000000,47484.000000,22276.000000
21903.000000,45052.000000,47491.000000,22286.000000
21877.000000,45055.000000,47489.000000,22280.000000
21881.000000,45032.000000,47470.000000,22275.000000
21874.000000,45007.000000,47457.000000,22271.000000
21857.000000,44988.000000,47482.000000,22268.000000
21859.000000,44991.000000,47424.000000,22254.000000
21839.000000,44972.000000,47440.000000,22249.000000
21830.000000,44944.000000,47422.000000,22268.000000
21876.000000,44949.000000,47427.000000,22246.000000
21880.000000,44936.000000,47404.000000,22244.000000
21853.000000,44925.000000,47413.000000,22247.000000
21914.000000,44943.000000,47407.000000,22254.000000
21926.000000,44917.000000,47400.000000,22236.000000
21977.000000,44919.000000,47430.000000,22243.000000
21965.000000,44932.000000,47411.000000,22239.000000
21968.000000,44919.000000,47398.000000,22234.000000
22005.000000,44931.000000,47426.000000,22222.000000
22031.000000,44963.000000,47422.000000,22260.000000
22044.000000,44982.000000,47418.000000,22254.000000
22068.000000,45001.000000,47483.000000,22253.000000
22033.000000,45017.000000,47452.000000,22277.000000
22090.000000,45051.000000,47477.000000,22274.000000
22124.000000,45044.000000,47469.000000,22294.000000
22139.000000,45061.000000,47524.000000,22284.000000
22158.000000,45093.000000,47502.000000,22303.000000
22151.000000,45120.000000,47540.000000,22295.000000
22227.000000,45121.000000,47517.000000,22283.000000
22251.000000,45148.000000,47561.000000,22292.000000
22317.000000,45195.000000,47511.000000,22309.000000
22340.000000,45224.000000,47563.000000,22315.000000
22397.000000,45247.000000,47615.000000,22332.000000
22452.000000,45271.000000,47601.000000,22319.000000
22520.000000,45316.000000,47642.000000,22338.000000
22593.000000,45365.000000,47655.000000,22351.000000
22650.000000,45413.000000,47653.000000,22350.000000
22705.000000,45467.000000,47694.000000,22351.000000
22747.000000,45484.000000,47697.000000,22385.000000
22770.000000,45578.000000,47799.000000,22389.000000
22827.000000,45638.000000,47816.000000,22414.000000
22848.000000,45678.000000,47816.000000,22409.000000
22880.000000,45762.000000,47866.000000,22442.000000
22887.000000,45845.000000,47893.000000,22468.000000
22898.000000,45834.000000,47981.000000,22480.000000
22892.000000,45926.000000,47988.000000,22488.000000
22921.000000,46010.000000,48025.000000,22497.000000
22915.000000,46035.000000,48045.000000,22484.000000
22906.000000,46081.000000,48065.000000,22524.000000
22859.000000,46152.000000,48103.000000,22546.000000
22889.000000,46158.000000,48131.000000,22564.000000
22888.000000,46160.000000,48130.000000,22543.000000
22885.000000,46146.000000,48110.000000,22544.000000
22887.000000,46151.000000,48142.000000,22548.000000
22874.000000,46130.000000,48143.000000,22552.000000
22857.000000,46165.000000,48114.000000,22524.000000
22858.000000,46131.000000,48147.000000,22564.000000
22834.000000,46128.000000,48093.000000,22539.000000
22851.000000,46141.000000,48099.000000,22524.000000
22836.000000,46125.000000,48101.000000,22560.000000
22802.000000,46121.000000,48116.000000,22555.000000
22812.000000,46109.000000,48102.000000,22529.000000
22799.000000,46095.000000,48051.000000,22509.000000
22812.000000,46099.000000,48089.000000,22540.000000
22782.000000,46098.000000,48072.000000,22527.000000
22800.000000,46104.000000,48063.000000,22534.000000
22761.000000,46114.000000,48082.000000,22510.000000
22792.000000,46065.000000,48103.000000,22520.000000
22731.000000,46070.000000,48080.000000,22531.000000
22736.000000,46054.000000,48068.000000,22538.000000
22712.000000,46038.000000,48062.000000,22542.000000
22742.000000,46029.000000,48054.000000,22537.000000
22700.000000,46011.000000,48028.000000,22540.000000
22683.000000,46022.000000,48034.000000,22503.000000
22662.000000,46000.000000,48033.000000,22525.000000
22617.000000,45992.000000,48038.000000,22529.000000
22641.000000,45983.000000,48042.000000,22512.000000
22659.000000,46002.000000,48001.000000,22538.000000
22632.000000,45952.000000,48011.000000,22512.000000
22613.000000,45975.000000,48014.000000,22516.000000
22625.000000,45929.000000,48009.000000,22497.000000
22595.000000,45933.000000,47969.000000,22502.000000
22614.000000,45897.000000,47974.000000,22487.000000
22551.000000,45915.000000,47974.000000,22489.000000
22557.000000,45865.000000,47969.000000,22499.000000
22526.000000,45885.000000,47967.000000,22471.000000
22529.000000,45866.000000,47960.000000,22477.000000
22529.000000,45884.000000,47942.000000,22486.000000
22535.000000,45852.000000,47977.000000,22481.000000
22502.000000,45826.000000,47934.000000,22472.000000
22526.000000,45821.000000,47954.000000,22460.000000
22509.000000,45813.000000,47921.000000,22469.000000
22480.000000,45804.000000,47922.000000,22465.000000
22481.000000,45810.000000,47930.000000,22461.000000
22466.000000,45796.000000,47911.000000,22447.000000
22436.000000,45792.000000,47896.000000,22453.000000
22419.000000,45783.000000,47902.000000,22448.000000
22414.000000,45758.000000,47901.000000,22463.000000
22397.000000,45766.000000,47866.000000,22450.000000
22421.000000,45719.000000,47878.000000,22445.000000
22398.000000,45740.000000,47889.000000,22445.000000
22417.000000,45702.000000,47858.000000,22433.000000
22380.000000,45669.000000,47827.000000,22405.000000
22349.000000,45680.000000,47870.000000,22432.000000
22378.000000,45656.000000,47842.000000,22413.000000
22335.000000,45659.000000,47858.000000,22400.000000
22347.000000,45619.000000,47830.000000,22403.000000
22349.000000,45594.000000,47798.000000,22433.000000
22338.000000,45618.000000,47790.000000,22428.000000
22295.000000,45618.000000,47760.000000,22397.000000
22305.000000,45594.000000,47786.000000,22409.000000
22307.000000,45607.000000,47764.000000,22428.000000
22298.000000,45563.000000,47770.000000,22406.000000
22277.000000,45586.000000,47771.000000,22408.000000
22258.000000,45516.000000,47782.000000,22416.000000
22234.000000,45563.000000,47772.000000,22417.000000
22253.000000,45520.000000,47766.000000,22410.000000
22198.000000,45524.000000,47760.000000,22400.000000
22169.000000,45502.000000,47763.000000,22395.000000
22175.000000,45527.000000,47751.000000,22388.000000
22166.000000,45476.000000,47716.000000,22396.000000
22153.000000,45441.000000,47726.000000,22404.000000
22112.000000,45495.000000,47708.000000,22401.000000
22154.000000,45445.000000,47691.000000,22397.000000
22076.000000,45432.000000,47694.000000,22390.000000
22123.000000,45401.000000,47684.000000,22382.000000
22118.000000,45371.000000,47680.000000,22390.000000
22081.000000,45351.000000,47657.000000,22376.000000
22123.000000,45347.000000,47654.000000,22378.000000
22042.000000,45369.000000,47687.000000,22389.000000
22050.000000,45351.000000,47638.000000,22375.000000
22053.000000,45352.000000,47615.000000,22363.000000
22024.000000,45308.000000,47651.000000,22374.000000
22039.000000,45338.000000,47636.000000,22395.000000
22007.000000,45288.000000,47646.000000,22382.000000
22006.000000,45285.000000,47619.000000,22388.000000
21997.000000,45276.000000,47629.000000,22392.000000
22004.000000,45279.000000,47593.000000,22383.000000
21964.000000,45237.000000,47630.000000,22363.000000
21989.000000,45239.000000,47582.000000,22346.000000
21981.000000,45242.000000,47582.000000,22338.000000
21979.000000,45224.000000,47570.000000,22375.000000
21929.000000,45226.000000,47575.000000,22340.000000
21967.000000,45209.000000,47604.000000,22338.000000
21915.000000,45202.000000,47555.000000,22362.000000
21923.000000,45169.000000,47540.000000,22351.000000
21953.000000,45204.000000,47548.000000,22349.000000
21896.000000,45156.000000,47562.000000,22336.000000
21911.000000,45164.000000,47545.000000,22332.000000
21903.000000,45204.000000,47550.000000,22338.000000
21893.000000,45151.000000,47514.000000,22333.000000
21857.000000,45136.000000,47512.000000,22318.000000
21890.000000,45117.000000,47542.000000,22350.000000
21881.000000,45134.000000,47501.000000,22338.000000
21855.000000,45097.000000,47522.000000,22354.000000
21850.000000,45095.000000,47491.000000,22357.000000
21821.000000,45104.000000,47511.000000,22321.000000
21840.000000,45073.000000,47482.000000,22334.000000
21801.000000,45096.000000,47514.000000,22344.000000
21788.000000,45043.000000,47483.000000,22317.000000
21798.000000,45125.000000,47474.000000,22333.000000
21763.000000,45055.000000,47476.000000,22353.000000
21763.000000,45053.000000,47492.000000,22324.000000
21740.000000,45030.000000,47479.000000,22307.000000
21780.000000,45005.000000,47440.000000,22311.000000
21764.000000,45005.000000,47429.000000,22311.000000
21771.000000,44953.000000,47430.000000,22292.000000
21744.000000,44966.000000,47424.000000,22284.000000
21709.000000,44916.000000,47431.000000,22291.000000
21735.000000,44931.000000,47402.000000,22279.000000
21722.000000,44915.000000,47421.000000,22293.000000
21762.000000,44921.000000,47410.000000,22284.000000
21688.000000,44920.000000,47409.000000,22267.000000
21761.000000,44898.000000,47385.000000,22291.000000
21733.000000,44922.000000,47389.000000,22278.000000
21764.000000,44887.000000,47399.000000,22300.000000
21813.000000,44894.000000,47393.000000,22270.000000
21811.000000,44891.000000,47392.000000,22262.000000
21814.000000,44873.000000,47369.000000,22255.000000
21831.000000,44865.000000,47399.000000,22267.000000
21881.000000,44904.000000,47396.000000,22258.000000
21911.000000,44941.000000,47418.000000,22264.000000
21890.000000,44940.000000,47413.000000,22276.000000
21954.000000,44946.000000,47427.000000,22268.000000
21975.000000,44962.000000,47410.000000,22294.000000
21977.000000,44989.000000,47425.000000,22276.000000
21966.000000,45047.000000,47418.000000,22277.000000
22020.000000,44992.000000,47453.000000,22286.000000
22061.000000,45067.000000,47450.000000,22310.000000
22086.000000,45056.000000,47502.000000,22301.000000
22116.000000,45073.000000,47500.000000,22306.000000
22177.000000,45112.000000,47525.000000,22321.000000
22292.000000,45147.000000,47508.000000,22325.000000
22332.000000,45207.000000,47548.000000,22321.000000
22378.000000,45169.000000,47549.000000,22340.000000
22447.000000,45203.000000,47586.000000,22354.000000
22447.000000,45253.000000,47602.000000,22388.000000
22522.000000,45312.000000,47624.000000,22380.000000
22558.000000,45331.000000,47653.000000,22379.000000
22593.000000,45504.000000,47723.000000,22422.000000
22606.000000,45534.000000,47777.000000,22427.000000
22635.000000,45611.000000,47790.000000,22439.000000
22643.000000,45630.000000,47806.000000,22440.000000
22661.000000,45715.000000,47832.000000,22478.000000
22680.000000,45761.000000,47853.000000,22492.000000
22673.000000,45802.000000,47909.000000,22482.000000
22657.000000,45846.000000,47949.000000,22506.000000
22651.000000,45884.000000,47959.000000,22524.000000
22681.000000,45914.000000,47946.000000,22529.000000
22649.000000,45931.000000,47964.000000,22529.000000
22671.000000,45930.000000,48004.000000,22548.000000
22655.000000,45967.000000,47994.000000,22527.000000
22590.000000,45933.000000,48004.000000,22560.000000
22624.000000,45936.000000,47991.000000,22553.000000
22594.000000,45945.000000,47975.000000,22557.000000
22615.000000,45952.000000,47972.000000,22559.000000
22592.000000,45948.000000,47996.000000,22568.000000
22609.000000,45956.000000,48003.000000,22531.000000
22587.000000,45942.000000,47969.000000,22560.000000
22594.000000,45919.000000,47974.000000,22526.000000
22558.000000,45900.000000,47957.000000,22544.000000
22554.000000,45926.000000,47986.000000,22516.000000
22549.000000,45871.000000,47955.000000,22547.000000
22539.000000,45888.000000,47949.000000,22558.000000
22567.000000,45884.000000,47981.000000,22546.000000
22585.000000,45902.000000,47946.000000,22533.000000
22519.000000,45889.000000,47948.000000,22532.000000
22547.000000,45865.000000,47962.000000,22533.000000
22602.000000,45859.000000,47953.000000,22513.000000
22574.000000,45851.000000,47933.000000,22541.000000
22542.000000,45803.000000,47962.000000,22541.000000
22571.000000,45836.000000,47934.000000,22544.000000
22535.000000,45835.000000,47915.000000,22549.000000
22572.000000,45815.000000,47930.000000,22538.000000
22540.000000,45841.000000,47915.000000,22532.000000
22531.000000,45869.000000,47955.000000,22528.000000
22531.000000,45880.000000,47916.000000,22525.000000
22515.000000,45844.000000,47935.000000,22532.000000
22512.000000,45878.000000,47935.000000,22533.000000
22492.000000,45838.000000,47960.000000,22528.000000
22510.000000,45849.000000,47920.000000,22515.000000
22506.000000,45863.000000,47934.000000,22500.000000
22514.000000,45786.000000,47897.000000,22513.000000
22446.000000,45853.000000,47913.000000,22532.000000
22445.000000,45777.000000,47891.000000,22523.000000
22450.000000,45794.000000,47894.000000,22516.000000
22453.000000,45776.000000,47902.000000,22521.000000
22409.000000,45780.000000,47879.000000,22493.000000
22439.000000,45758.000000,47887.000000,22512.000000
22410.000000,45729.000000,47863.000000,22512.000000
22422.000000,45696.000000,47888.000000,22514.000000
22413.000000,45691.000000,47834.000000,22488.000000
22382.000000,45664.000000,47826.000000,22506.000000
22404.000000,45688.000000,47817.000000,22485.000000
22410.000000,45675.000000,47832.000000,22486.000000
22401.000000,45613.000000,47805.000000,22472.000000
22401.000000,45646.000000,47796.000000,22478.000000
22419.000000,45585.000000,47810.000000,22485.000000
22378.000000,45592.000000,47787.000000,22469.000000
22418.000000,45587.000000,47789.000000,22472.000000
22369.000000,45569.000000,47776.000000,22466.000000
22403.000000,45543.000000,47777.000000,22481.000000
22392.000000,45574.000000,47796.000000,22480.000000
22384.000000,45555.000000,47791.000000,22482.000000
22375.000000,45549.000000,47769.000000,22488.000000
22391.000000,45549.000000,47791.000000,22488.000000
22350.000000,45565.000000,47758.000000,22511.000000
22333.000000,45562.000000,47773.000000,22478.000000
22345.000000,45571.000000,47765.000000,22483.000000
22323.000000,45539.000000,47755.000000,22488.000000
22340.000000,45520.000000,47776.000000,22494.000000
22324.000000,45541.000000,47763.000000,22489.000000
22302.000000,45528.000000,47745.000000,22501.000000
22278.000000,45549.000000,47749.000000,22494.000000
22262.000000,45511.000000,47748.000000,22478.000000
22287.000000,45499.000000,47709.000000,22457.000000
22268.000000,45501.000000,47756.000000,22495.000000
22221.000000,45479.000000,47731.000000,22440.000000
22203.000000,45490.000000,47698.000000,22497.000000
22199.000000,45479.000000,47728.000000,22487.000000
22154.000000,45444.000000,47727.000000,22465.000000
22179.000000,45462.000000,47705.000000,22467.000000
22133.000000,45478.000000,47685.000000,22459.000000
22126.000000,45409.000000,47681.000000,22474.000000
22106.000000,45400.000000,47692.000000,22482.000000
22102.000000,45357.000000,47648.000000,22430.000000
22072.000000,45367.000000,47634.000000,22424.000000
22066.000000,45340.000000,47669.000000,22423.000000
22057.000000,45332.000000,47625.000000,22433.000000
22010.000000,45308.000000,47624.000000,22406.000000
22014.000000,45294.000000,47608.000000,22398.000000
21992.000000,45276.000000,47597.000000,22409.000000
21969.000000,45235.000000,47573.000000,22412.000000
21982.000000,45250.000000,47569.000000,22387.000000
21941.000000,45216.000000,47549.000000,22410.000000
21933.000000,45196.000000,47555.000000,22385.000000
21905.000000,45149.000000,47554.000000,22404.000000
21920.000000,45171.000000,47523.000000,22390.000000
21878.000000,45124.000000,47529.000000,22384.000000
21910.000000,45092.000000,47497.000000,22396.000000
21872.000000,45132.000000,47505.000000,22369.000000
21847.000000,45075.000000,47514.000000,22356.000000
21856.000000,45095.000000,47488.000000,22356.000000
21830.000000,45033.000000,47492.000000,22339.000000
21837.000000,45003.000000,47465.000000,22356.000000
21833.000000,45029.000000,47466.000000,22355.000000
21828.000000,44978.000000,47439.000000,22347.000000
21819.000000,45012.000000,47450.000000,22348.000000
21835.000000,44989.000000,47427.000000,22361.000000
21822.000000,44972.000000,47413.000000,22311.000000
21813.000000,44946.000000,47429.000000,22336.000000
21832.000000,44936.000000,47416.000000,22327.000000
21811.000000,44910.000000,47402.000000,22321.000000
21866.000000,44905.000000,47408.000000,22313.000000
21784.000000,44946.000000,47394.000000,22341.000000
21864.000000,44903.000000,47387.000000,22354.000000
21817.000000,44888.000000,47381.000000,22335.000000
21834.000000,44887.000000,47365.000000,22311.000000
21808.000000,44882.000000,47385.000000,22316.000000
21829.000000,44862.000000,47405.000000,22357.000000
21832.000000,44895.000000,47369.000000,22335.000000
21817.000000,44902.000000,47361.000000,22333.000000
21849.000000,44892.000000,47371.000000,22321.000000
21819.000000,44853.000000,47355.000000,22330.000000
21840.000000,44862.000000,47368.000000,22334.000000
21805.000000,44876.000000,47360.000000,22337.000000
21808.000000,44866.000000,47367.000000,22359.000000
21807.000000,44873.000000,47369.000000,22337.000000
21773.000000,44885.000000,47349.000000,22322.000000
21778.000000,44842.000000,47371.000000,22354.000000
21744.000000,44875.000000,47382.000000,22332.000000
21736.000000,44834.000000,47364.000000,22357.000000
21764.000000,44876.000000,47342.000000,22332.000000
21720.000000,44837.000000,47388.000000,22359.000000
21736.000000,44834.000000,47396.000000,22337.000000
21712.000000,44844.000000,47369.000000,22327.000000
21764.000000,44838.000000,47348.000000,22328.000000
21745.000000,44841.000000,47333.000000,22309.000000
21791.000000,44832.000000,47308.000000,22320.000000
21740.000000,44814.000000,47341.000000,22331.000000
21780.000000,44815.000000,47334.000000,22326.000000
21742.000000,44808.000000,47332.000000,22308.000000
21795.000000,44804.000000,47325.000000,22319.000000
21792.000000,44821.000000,47327.000000,22312.000000
21809.000000,44792.000000,47343.000000,22326.000000
21822.000000,44797.000000,47324.000000,22351.000000
21874.000000,44810.000000,47361.000000,22331.000000
21863.000000,44789.000000,47316.000000,22326.000000
21868.000000,44837.000000,47342.000000,22304.000000
21894.000000,44824.000000,47312.000000,22357.000000
21923.000000,44844.000000,47345.000000,22331.000000
21957.000000,44832.000000,47337.000000,22341.000000
21951.000000,44850.000000,47372.000000,22324.000000
21953.000000,44921.000000,47402.000000,22389.000000
22007.000000,44897.000000,47403.000000,22370.000000
22022.000000,44945.000000,47401.000000,22362.000000
22099.000000,44932.000000,47404.000000,22342.000000
22138.000000,44929.000000,47413.000000,22367.000000
22274.000000,44967.000000,47439.000000,22358.000000
22330.000000,45009.000000,47450.000000,22358.000000
22384.000000,44997.000000,47472.000000,22376.000000
22409.000000,45053.000000,47457.000000,22387.000000
22450.000000,45098.000000,47486.000000,22393.000000
22547.000000,45164.000000,47511.000000,22416.000000
22623.000000,45207.000000,47540.000000,22420.000000
22692.000000,45314.000000,47634.000000,22456.000000
22757.000000,45392.000000,47655.000000,22501.000000
22781.000000,45431.000000,47687.000000,22474.000000
22816.000000,45485.000000,47739.000000,22533.000000
22812.000000,45596.000000,47779.000000,22562.000000
22842.000000,45641.000000,47830.000000,22554.000000
22848.000000,45752.000000,47827.000000,22586.000000
22833.000000,45849.000000,47917.000000,22612.000000
22831.000000,45883.000000,47955.000000,22640.000000
22820.000000,45957.000000,47994.000000,22652.000000
22819.000000,45993.000000,48029.000000,22666.000000
22790.000000,46073.000000,48032.000000,22636.000000
22799.000000,46045.000000,48039.000000,22681.000000
22794.000000,46056.000000,48040.000000,22693.000000
22764.000000,46059.000000,48107.000000,22652.000000
22780.000000,46071.000000,48065.000000,22683.000000
22738.000000,46061.000000,48069.000000,22652.000000
22720.000000,46040.000000,48042.000000,22673.000000
22691.000000,46060.000000,48030.000000,22681.000000
22699.000000,46024.000000,48032.000000,22670.000000
22675.000000,46044.000000,48041.000000,22659.000000
22682.000000,46001.000000,48006.000000,22660.000000
22639.000000,46004.000000,48013.000000,22643.000000
22656.000000,45974.000000,48025.000000,22689.000000
22618.000000,45974.000000,47991.000000,22655.000000
22591.000000,45953.000000,48012.000000,22659.000000
22591.000000,45893.000000,47974.000000,22640.000000
22569.000000,45918.000000,47963.000000,22667.000000
22563.000000,45902.000000,47943.000000,22653.000000
22524.000000,45884.000000,47951.000000,22642.000000
22521.000000,45854.000000,47913.000000,22627.000000
22519.000000,45854.000000,47917.000000,22637.000000
22497.000000,45815.000000,47934.000000,22597.000000
22466.000000,45795.000000,47908.000000,22615.000000
22448.000000,45752.000000,47900.000000,22641.000000
22445.000000,45790.000000,47872.000000,22618.000000
22414.000000,45712.000000,47863.000000,22610.000000
22354.000000,45734.000000,47851.000000,22607.000000
22294.000000,45685.000000,47861.000000,22598.000000
22299.000000,45639.000000,47810.000000,22594.000000
22274.000000,45660.000000,47817.000000,22571.000000
22261.000000,45595.000000,47807.000000,22578.000000
22210.000000,45617.000000,47779.000000,22562.000000
22206.000000,45551.000000,47783.000000,22554.000000
22192.000000,45522.000000,47715.000000,22521.000000
22198.000000,45467.000000,47729.000000,22532.000000
22175.000000,45455.000000,47727.000000,22497.000000
22166.000000,45407.000000,47705.000000,22503.000000
22163.000000,45378.000000,47669.000000,22498.000000
22173.000000,45423.000000,47674.000000,22508.000000
22158.000000,45385.000000,47672.000000,22478.000000
22137.000000,45366.000000,47655.000000,22486.000000
22158.000000,45330.000000,47654.000000,22503.000000
22163.000000,45326.000000,47639.000000,22477.000000
22169.000000,45355.000000,47648.000000,22471.000000
22139.000000,45315.000000,47642.000000,22486.000000
22135.000000,45322.000000,47629.000000,22488.000000
22116.000000,45298.000000,47630.000000,22461.000000
22098.000000,45307.000000,47605.000000,22485.000000
22143.000000,45280.000000,47586.000000,22491.000000
22089.000000,45300.000000,47590.000000,22467.000000
22092.000000,45279.000000,47610.000000,22477.000000
22078.000000,45257.000000,47626.000000,22475.000000
22008.000000,45286.000000,47605.000000,22467.000000
22008.000000,45284.000000,47593.000000,22465.000000
22000.000000,45253.000000,47587.000000,22469.000000
21963.000000,45200.000000,47571.000000,22457.000000
21945.000000,45205.000000,47574.000000,22432.000000
21970.000000,45218.000000,47537.000000,22447.000000
21927.000000,45189.000000,47563.000000,22422.000000
21914.000000,45136.000000,47525.000000,22387.000000
21914.000000,45135.000000,47529.000000,22394.000000
21925.000000,45116.000000,47495.000000,22409.000000
21876.000000,45093.000000,47487.000000,22380.000000
21905.000000,45059.000000,47500.000000,22388.000000
21876.000000,45032.000000,47462.000000,22378.000000
21855.000000,45037.000000,47487.000000,22386.000000
21912.000000,44985.000000,47448.000000,22389.000000
21867.000000,44977.000000,47440.000000,22401.000000
21843.000000,44974.000000,47445.000000,22397.000000
21803.000000,44997.000000,47436.000000,22399.000000
21800.000000,44988.000000,47415.000000,22413.000000
21783.000000,44951.000000,47403.000000,22379.000000
21742.000000,44943.000000,47407.000000,22389.000000
21716.000000,44917.000000,47372.000000,22384.000000
21714.000000,44899.000000,47391.000000,22373.000000
21671.000000,44890.000000,47387.000000,22388.000000
21703.000000,44867.000000,47378.000000,22364.000000
21705.000000,44865.000000,47375.000000,22361.000000
21678.000000,44836.000000,47356.000000,22364.000000
21676.000000,44801.000000,47316.000000,22354.000000
21696.000000,44795.000000,47340.000000,22345.000000
21681.000000,44747.000000,47337.000000,22334.000000
21670.000000,44761.000000,47302.000000,22360.000000
21673.000000,44731.000000,47282.000000,22336.000000
21676.000000,44743.000000,47299.000000,22318.000000
21684.000000,44735.000000,47269.000000,22329.000000
21658.000000,44733.000000,47276.000000,22337.000000
21643.000000,44735.000000,47309.000000,22346.000000
21631.000000,44728.000000,47287.000000,22356.000000
21610.000000,44701.000000,47293.000000,22345.000000
21594.000000,44723.000000,47276.000000,22331.000000
21598.000000,44720.000000,47280.000000,22322.000000
21580.000000,44690.000000,47282.000000,22333.000000
21584.000000,44680.000000,47285.000000,22353.000000
21559.000000,44662.000000,47287.000000,22344.000000
21554.000000,44671.000000,47282.000000,22327.000000
21556.000000,44640.000000,47269.000000,22325.000000
21509.000000,44683.000000,47261.000000,22341.000000
21520.000000,44655.000000,47240.000000,22335.000000
21494.000000,44647.000000,47255.000000,22324.000000
21495.000000,44621.000000,47236.000000,22302.000000
21480.000000,44664.000000,47244.000000,22325.000000
21484.000000,44616.000000,47236.000000,22325.000000
21447.000000,44599.000000,47205.000000,22276.000000
21462.000000,44571.000000,47208.000000,22280.000000
21443.000000,44570.000000,47207.000000,22307.000000
21431.000000,44536.000000,47188.000000,22270.000000
21454.000000,44544.000000,47150.000000,22281.000000
21436.000000,44533.000000,47207.000000,22254.000000
21465.000000,44499.000000,47171.000000,22269.000000
21452.000000,44503.000000,47165.000000,22257.000000
21470.000000,44476.000000,47138.000000,22253.000000
21449.000000,44503.000000,47147.000000,22265.000000
21437.000000,44463.000000,47121.000000,22274.000000
21434.000000,44480.000000,47123.000000,22255.000000
21453.000000,44463.000000,47132.000000,22233.000000
21461.000000,44453.000000,47141.000000,22250.000000
21455.000000,44421.000000,47119.000000,22266.000000
21462.000000,44444.000000,47130.000000,22264.000000
21433.000000,44472.000000,47137.000000,22276.000000
21463.000000,44427.000000,47130.000000,22259.000000
21439.000000,44481.000000,47113.000000,22259.000000
21456.000000,44473.000000,47107.000000,22257.000000
21430.000000,44439.000000,47123.000000,22277.000000
21441.000000,44439.000000,47146.000000,22272.000000
21437.000000,44465.000000,47099.000000,22256.000000
21471.000000,44443.000000,47135.000000,22259.000000
21409.000000,44458.000000,47129.000000,22245.000000
21422.000000,44457.000000,47127.000000,22279.000000
21483.000000,44458.000000,47163.000000,22260.000000
21453.000000,44496.000000,47130.000000,22252.000000
21443.000000,44455.000000,47120.000000,22250.000000
21429.000000,44477.000000,47156.000000,22245.000000
21434.000000,44452.000000,47142.000000,22254.000000
21417.000000,44468.000000,47121.000000,22253.000000
21451.000000,44503.000000,47121.000000,22280.000000
21439.000000,44461.000000,47149.000000,22271.000000
21450.000000,44480.000000,47161.000000,22274.000000
21458.000000,44489.000000,47133.000000,22261.000000
21452.000000,44468.000000,47140.000000,22255.000000
21490.000000,44489.000000,47125.000000,22241.000000
21479.000000,44441.000000,47128.000000,22241.000000
21512.000000,44456.000000,47088.000000,22255.000000
21621.000000,44444.000000,47096.000000,22256.000000
21634.000000,44450.000000,47134.000000,22254.000000
21685.000000,44458.000000,47136.000000,22257.000000
21670.000000,44416.000000,47135.000000,22269.000000
21709.000000,44480.000000,47124.000000,22256.000000
21708.000000,44507.000000,47136.000000,22246.000000
21762.000000,44508.000000,47131.000000,22259.000000
21779.000000,44651.000000,47209.000000,22306.000000
21936.000000,44629.000000,47241.000000,22325.000000
21966.000000,44668.000000,47249.000000,22310.000000
21980.000000,44684.000000,47276.000000,22321.000000
22089.000000,44743.000000,47304.000000,22354.000000
22088.000000,44735.000000,47311.000000,22354.000000
22158.000000,44799.000000,47321.000000,22351.000000
22178.000000,44850.000000,47324.000000,22365.000000
22205.000000,44956.000000,47455.000000,22418.000000
22216.000000,45034.000000,47441.000000,22415.000000
22247.000000,45026.000000,47496.000000,22444.000000
22301.000000,45073.000000,47489.000000,22477.000000
22306.000000,45162.000000,47517.000000,22489.000000
22452.000000,45173.000000,47540.000000,22477.000000
22488.000000,45214.000000,47546.000000,22492.000000
22536.000000,45231.000000,47574.000000,22507.000000
22567.000000,45288.000000,47596.000000,22502.000000
22664.000000,45289.000000,47637.000000,22524.000000
22662.000000,45353.000000,47634.000000,22538.000000
22714.000000,45369.000000,47646.000000,22565.000000
22724.000000,45476.000000,47719.000000,22581.000000
22769.000000,45494.000000,47776.000000,22600.000000
22777.000000,45547.000000,47750.000000,22628.000000
22815.000000,45633.000000,47801.000000,22650.000000
22837.000000,45665.000000,47846.000000,22673.000000
22838.000000,45696.000000,47854.000000,22677.000000
22853.000000,45760.000000,47889.000000,22691.000000
22834.000000,45800.000000,47889.000000,22709.000000
22855.000000,45823.000000,47909.000000,22723.000000
22846.000000,45839.000000,47962.000000,22753.000000
22889.000000,45865.000000,47984.000000,22735.000000
22860.000000,45910.000000,47979.000000,22726.000000
22863.000000,45927.000000,47999.000000,22740.000000
22829.000000,45948.000000,48025.000000,22717.000000
22866.000000,46002.000000,48007.000000,22762.000000
22839.000000,45959.000000,48010.000000,22766.000000
22860.000000,45988.000000,48043.000000,22737.000000
22848.000000,45976.000000,48011.000000,22760.000000
22823.000000,45968.000000,48036.000000,22742.000000
22861.000000,45994.000000,48022.000000,22775.000000
22860.000000,46000.000000,48016.000000,22766.000000
22850.000000,46007.000000,48032.000000,22782.000000
22833.000000,46002.000000,48015.000000,22776.000000
22857.000000,45984.000000,48005.000000,22784.000000
22844.000000,45996.000000,48016.000000,22769.000000
22806.000000,45983.000000,48040.000000,22772.000000
22797.000000,45950.000000,48028.000000,22782.000000
22791.000000,45947.000000,48026.000000,22753.000000
22778.000000,45991.000000,48034.000000,22759.000000
22781.000000,45984.000000,48043.000000,22750.000000
22767.000000,45992.000000,48016.000000,22783.000000
22754.000000,45972.000000,48014.000000,22761.000000
22748.000000,46000.000000,47995.000000,22760.000000
22742.000000,45973.000000,48015.000000,22757.000000
22770.000000,45948.000000,48002.000000,22743.000000
22786.000000,45940.000000,47977.000000,22706.000000
22796.000000,45918.000000,47986.000000,22747.000000
22765.000000,45933.000000,48010.000000,22711.000000
22763.000000,45920.000000,47984.000000,22730.000000
22737.000000,45922.000000,47946.000000,22718.000000
22779.000000,45890.000000,47973.000000,22724.000000
22775.000000,45915.000000,47954.000000,22710.000000
22757.000000,45911.000000,47976.000000,22700.000000
22754.000000,45928.000000,47956.000000,22719.000000
22768.000000,45902.000000,47966.000000,22713.000000
22784.000000,45899.000000,47982.000000,22732.000000
22760.000000,45923.000000,47997.000000,22712.000000
22803.000000,45918.000000,47974.000000,22725.000000
22841.000000,45931.000000,47975.000000,22720.000000
22829.000000,45923.000000,47996.000000,22729.000000
22803.000000,45930.000000,47952.000000,22689.000000
22853.000000,45938.000000,47976.000000,22719.000000
22839.000000,45960.000000,47984.000000,22731.000000
22864.000000,45961.000000,47991.000000,22734.000000
22852.000000,45987.000000,47986.000000,22733.000000
22831.000000,46021.000000,48024.000000,22763.000000
22827.000000,46019.000000,47996.000000,22743.000000
22845.000000,45994.000000,48042.000000,22755.000000
22835.000000,46003.000000,48027.000000,22772.000000
22873.000000,45978.000000,48013.000000,22805.000000
22854.000000,46011.000000,48022.000000,22769.000000
22871.000000,45991.000000,48026.000000,22806.000000
22857.000000,46033.000000,48009.000000,22790.000000
22836.000000,45990.000000,48009.000000,22785.000000
22823.000000,45977.000000,48004.000000,22790.000000
22830.000000,45986.000000,48019.000000,22810.000000
22799.000000,46002.000000,48010.000000,22792.000000
22777.000000,45970.000000,48002.000000,22802.000000
22699.000000,45993.000000,47997.000000,22792.000000
22735.000000,45971.000000,47999.000000,22802.000000
22688.000000,45953.000000,48010.000000,22820.000000
22707.000000,45958.000000,48020.000000,22810.000000
22658.000000,45932.000000,48004.000000,22795.000000
22683.000000,45914.000000,48004.000000,22773.000000
22636.000000,45868.000000,47947.000000,22805.000000
22644.000000,45883.000000,47953.000000,22768.000000
22608.000000,45824.000000,47936.000000,22768.000000
22587.000000,45861.000000,47903.000000,22737.000000
22576.000000,45805.000000,47898.000000,22767.000000
22565.000000,45818.000000,47911.000000,22753.000000
22566.000000,45828.000000,47906.000000,22755.000000
22527.000000,45778.000000,47898.000000,22749.000000
22490.000000,45741.000000,47889.000000,22730.000000
22471.000000,45739.000000,47873.000000,22711.000000
22487.000000,45710.000000,47872.000000,22729.000000
22429.000000,45718.000000,47848.000000,22707.000000
22408.000000,45690.000000,47858.000000,22701.000000
22411.000000,45699.000000,47852.000000,22689.000000
22433.000000,45662.000000,47867.000000,22692.000000
22365.000000,45641.000000,47763.000000,22651.000000
22383.000000,45599.000000,47804.000000,22672.000000
22381.000000,45578.000000,47761.000000,22646.000000
22383.000000,45589.000000,47768.000000,22672.000000
22380.000000,45553.000000,47754.000000,22642.000000
22394.000000,45489.000000,47758.000000,22663.000000
22375.000000,45537.000000,47751.000000,22612.000000
22357.000000,45531.000000,47728.000000,22637.000000
22318.000000,45533.000000,47773.000000,22625.000000
22320.000000,45499.000000,47761.000000,22655.000000
22311.000000,45508.000000,47734.000000,22636.000000
22314.000000,45475.000000,47746.000000,22673.000000
22298.000000,45499.000000,47716.000000,22648.000000
22335.000000,45450.000000,47745.000000,22632.000000
22296.000000,45467.000000,47714.000000,22628.000000
22341.000000,45445.000000,47719.000000,22609.000000
22340.000000,45446.000000,47694.000000,22627.000000
22345.000000,45417.000000,47693.000000,22615.000000
22354.000000,45426.000000,47679.000000,22597.000000
22319.000000,45438.000000,47704.000000,22626.000000
22291.000000,45426.000000,47671.000000,22617.000000
22324.000000,45409.000000,47692.000000,22640.000000
22309.000000,45422.000000,47666.000000,22653.000000
22331.000000,45415.000000,47706.000000,22647.000000
22323.000000,45418.000000,47685.000000,22623.000000
22307.000000,45447.000000,47686.000000,22648.000000
22319.000000,45417.000000,47680.000000,22664.000000
22317.000000,45413.000000,47687.000000,22635.000000
22305.000000,45405.000000,47685.000000,22640.000000
22334.000000,45409.000000,47696.000000,22612.000000
22353.000000,45406.000000,47660.000000,22643.000000
22314.000000,45423.000000,47679.000000,22630.000000
22361.000000,45383.000000,47662.000000,22645.000000
22318.000000,45433.000000,47667.000000,22639.000000
22360.000000,45413.000000,47664.000000,22653.000000
22313.000000,45405.000000,47687.000000,22636.000000
22329.000000,45398.000000,47669.000000,22643.000000
22327.000000,45439.000000,47655.000000,22660.000000
22284.000000,45402.000000,47655.000000,22681.000000
22320.000000,45396.000000,47698.000000,22640.000000
22291.000000,45400.000000,47685.000000,22667.000000
22287.000000,45411.000000,47685.000000,22648.000000
22285.000000,45400.000000,47677.000000,22640.000000
22271.000000,45414.000000,47646.000000,22655.000000
22244.000000,45383.000000,47669.000000,22601.000000
22262.000000,45364.000000,47680.000000,22607.000000
22240.000000,45392.000000,47621.000000,22602.000000
22265.000000,45364.000000,47646.000000,22635.000000
22221.000000,45395.000000,47654.000000,22593.000000
22281.000000,45340.000000,47624.000000,22606.000000
22203.000000,45365.000000,47623.000000,22596.000000
22242.000000,45332.000000,47645.000000,22597.000000
22226.000000,45319.000000,47615.000000,22609.000000
22236.000000,45328.000000,47649.000000,22624.000000
22238.000000,45314.000000,47612.000000,22601.000000
22219.000000,45314.000000,47623.000000,22606.000000
22250.000000,45326.000000,47624.000000,22594.000000
22206.000000,45320.000000,47591.000000,22609.000000
22229.000000,45347.000000,47607.000000,22576.000000
22252.000000,45334.000000,47622.000000,22575.000000
22236.000000,45308.000000,47609.000000,22565.000000
22246.000000,45323.000000,47622.000000,22580.000000
22304.000000,45296.000000,47643.000000,22570.000000
22309.000000,45314.000000,47618.000000,22583.000000
22345.000000,45335.000000,47618.000000,22587.000000
22359.000000,45306.000000,47645.000000,22564.000000
22420.000000,45322.000000,47620.000000,22563.000000
22424.000000,45364.000000,47642.000000,22596.000000
22411.000000,45412.000000,47627.000000,22592.000000
22475.000000,45373.000000,47654.000000,22579.000000
22438.000000,45433.000000,47663.000000,22601.000000
22522.000000,45474.000000,47733.000000,22634.000000
22507.000000,45528.000000,47744.000000,22627.000000
22572.000000,45543.000000,47745.000000,22631.000000
22593.000000,45539.000000,47744.000000,22638.000000
22599.000000,45560.000000,47761.000000,22660.000000
22656.000000,45601.000000,47805.000000,22666.000000
22670.000000,45662.000000,47786.000000,22663.000000
22675.000000,45653.000000,47824.000000,22698.000000
22735.000000,45714.000000,47830.000000,22661.000000
22765.000000,45712.000000,47824.000000,22722.000000
22764.000000,45770.000000,47863.000000,22690.000000
22829.000000,45764.000000,47892.000000,22688.000000
22872.000000,45823.000000,47883.000000,22711.000000
22864.000000,45879.000000,47933.000000,22732.000000
22913.000000,45909.000000,47934.000000,22740.000000
22970.000000,45909.000000,47945.000000,22757.000000
23049.000000,45943.000000,47971.000000,22777.000000
23105.000000,46040.000000,48023.000000,22761.000000
23162.000000,46051.000000,48031.000000,22778.000000
23488.000000,46098.000000,48042.000000,22759.000000
23558.000000,46120.000000,48080.000000,22793.000000
23602.000000,46170.000000,48068.000000,22782.000000
23676.000000,46241.000000,48135.000000,22841.000000
23675.000000,46306.000000,48199.000000,22848.000000
23682.000000,46326.000000,48205.000000,22883.000000
23802.000000,46423.000000,48225.000000,22899.000000
23786.000000,46776.000000,48476.000000,23006.000000
23798.000000,46838.000000,48490.000000,23010.000000
23802.000000,46952.000000,48533.000000,23042.000000
23823.000000,46935.000000,48573.000000,23087.000000
23820.000000,47034.000000,48567.000000,23067.000000
23810.000000,47054.000000,48627.000000,23088.000000
23833.000000,47117.000000,48669.000000,23122.000000
23814.000000,47129.000000,48649.000000,23097.000000
23835.000000,47119.000000,48641.000000,23133.000000
23792.000000,47168.000000,48682.000000,23107.000000
23796.000000,47144.000000,48680.000000,23138.000000
23819.000000,47177.000000,48685.000000,23131.000000
23795.000000,47158.000000,48662.000000,23121.000000
23799.000000,47152.000000,48673.000000,23138.000000
23754.000000,47161.000000,48712.000000,23141.000000
23721.000000,47172.000000,48687.000000,23141.000000
23643.000000,47182.000000,48700.000000,23154.000000
23625.000000,47176.000000,48695.000000,23128.000000
23615.000000,47177.000000,48688.000000,23125.000000
23565.000000,47147.000000,48680.000000,23157.000000
23607.000000,47123.000000,48663.000000,23128.000000
23590.000000,47093.000000,48674.000000,23099.000000
23591.000000,47045.000000,48633.000000,23070.000000
23556.000000,47035.000000,48632.000000,23080.000000
23551.000000,46996.000000,48609.000000,23042.000000
23519.000000,47034.000000,48587.000000,23063.000000
23524.000000,46985.000000,48592.000000,23046.000000
23488.000000,46995.000000,48553.000000,23040.000000
23488.000000,46971.000000,48593.000000,23052.000000
23477.000000,46959.000000,48568.000000,23026.000000
23420.000000,46972.000000,48573.000000,23035.000000
23405.000000,46938.000000,48536.000000,23032.000000
23369.000000,46961.000000,48540.000000,23028.000000
23386.000000,46923.000000,48535.000000,23030.000000
23393.000000,46902.000000,48541.000000,23034.000000
23383.000000,46880.000000,48540.000000,23028.000000
23456.000000,46883.000000,48488.000000,23009.000000
23478.000000,46841.000000,48493.000000,22998.000000
23474.000000,46837.000000,48500.000000,22995.000000
23487.000000,46814.000000,48466.000000,22995.000000
23503.000000,46814.000000,48477.000000,22989.000000
23502.000000,46802.000000,48457.000000,23005.000000
23512.000000,46808.000000,48463.000000,23011.000000
23502.000000,46802.000000,48473.000000,23023.000000
23510.000000,46801.000000,48483.000000,23027.000000
23519.000000,46849.000000,48504.000000,23033.000000
23506.000000,46840.000000,48476.000000,23041.000000
23503.000000,46820.000000,48492.000000,23039.000000
23461.000000,46808.000000,48501.000000,23054.000000
23392.000000,46862.000000,48475.000000,23055.000000
23397.000000,46831.000000,48480.000000,23081.000000
23332.000000,46827.000000,48469.000000,23061.000000
23366.000000,46813.000000,48468.000000,23062.000000
23307.000000,46807.000000,48485.000000,23054.000000
23263.000000,46782.000000,48501.000000,23045.000000
23268.000000,46784.000000,48464.000000,23032.000000
23244.000000,46721.000000,48427.000000,23017.000000
23271.000000,46684.000000,48370.000000,23009.000000
23218.000000,46675.000000,48431.000000,22991.000000
23170.000000,46634.000000,48355.000000,23006.000000
23159.000000,46636.000000,48360.000000,22958.000000
23172.000000,46626.000000,48362.000000,22995.000000
23161.000000,46612.000000,48341.000000,22944.000000
23117.000000,46594.000000,48365.000000,22977.000000
23119.000000,46578.000000,48379.000000,22935.000000
23136.000000,46570.000000,48313.000000,22935.000000
23145.000000,46559.000000,48316.000000,22909.000000
23129.000000,46560.000000,48292.000000,22917.000000
23107.000000,46518.000000,48357.000000,22909.000000
23133.000000,46483.000000,48314.000000,22916.000000
23095.000000,46492.000000,48302.000000,22901.000000
23101.000000,46476.000000,48282.000000,22899.000000
23059.000000,46470.000000,48269.000000,22890.000000
23069.000000,46449.000000,48287.000000,22884.000000
23031.000000,46438.000000,48291.000000,22898.000000
23003.000000,46427.000000,48271.000000,22872.000000
23034.000000,46451.000000,48256.000000,22902.000000
23012.000000,46438.000000,48252.000000,22886.000000
23003.000000,46431.000000,48265.000000,22882.000000
22981.000000,46432.000000,48239.000000,22881.000000
22988.000000,46405.000000,48233.000000,22894.000000
22971.000000,46407.000000,48222.000000,22885.000000
22964.000000,46382.000000,48227.000000,22893.000000
23007.000000,46337.000000,48222.000000,22863.000000
22979.000000,46351.000000,48245.000000,22865.000000
22979.000000,46367.000000,48224.000000,22854.000000
22982.000000,46384.000000,48205.000000,22867.000000
22975.000000,46320.000000,48190.000000,22871.000000
23002.000000,46340.000000,48194.000000,22864.000000
22979.000000,46346.000000,48219.000000,22871.000000
22960.000000,46300.000000,48196.000000,22856.000000
22929.000000,46311.000000,48211.000000,22869.000000
22940.000000,46270.000000,48195.000000,22886.000000
22872.000000,46325.000000,48179.000000,22857.000000
22857.000000,46266.000000,48182.000000,22872.000000
22838.000000,46278.000000,48159.000000,22863.000000
22748.000000,46230.000000,48178.000000,22886.000000
22745.000000,46195.000000,48142.000000,22861.000000
22726.000000,46183.000000,48143.000000,22834.000000
22689.000000,46193.000000,48128.000000,22840.000000
22618.000000,46212.000000,48113.000000,22827.000000
22624.000000,46147.000000,48127.000000,22801.000000
22614.000000,46145.000000,48107.000000,22811.000000
22584.000000,46092.000000,48090.000000,22758.000000
22561.000000,46066.000000,48043.000000,22790.000000
22547.000000,46052.000000,48051.000000,22758.000000
22548.000000,46028.000000,48027.000000,22732.000000
22576.000000,45995.000000,48019.000000,22716.000000
22559.000000,45964.000000,48002.000000,22733.000000
22517.000000,45950.000000,47976.000000,22700.000000
22528.000000,45933.000000,47966.000000,22727.000000
22512.000000,45908.000000,47968.000000,22705.000000
22556.000000,45908.000000,47960.000000,22705.000000
22546.000000,45886.000000,47948.000000,22712.000000
22589.000000,45917.000000,47941.000000,22719.000000
22575.000000,45887.000000,47966.000000,22701.000000
22600.000000,45846.000000,47929.000000,22717.000000
22617.000000,45816.000000,47920.000000,22723.000000
22621.000000,45820.000000,47905.000000,22708.000000
22663.000000,45831.000000,47916.000000,22718.000000
22695.000000,45835.000000,47916.000000,22726.000000
22716.000000,45831.000000,47934.000000,22727.000000
22723.000000,45839.000000,47914.000000,22705.000000
22717.000000,45862.000000,47942.000000,22719.000000
22762.000000,45834.000000,47931.000000,22728.000000
22757.000000,45894.000000,47926.000000,22723.000000
22785.000000,45891.000000,47959.000000,22738.000000
22795.000000,45918.000000,47954.000000,22748.000000
22852.000000,45903.000000,47989.000000,22749.000000
22907.000000,45960.000000,48012.000000,22745.000000
22958.000000,45989.000000,48001.000000,22764.000000
22986.000000,45962.000000,47999.000000,22742.000000
22980.000000,46024.000000,48030.000000,22764.000000
23060.000000,45994.000000,48056.000000,22782.000000
23099.000000,46077.000000,48056.000000,22779.000000
23138.000000,46069.000000,48076.000000,22800.000000
23193.000000,46174.000000,48136.000000,22794.000000
23218.000000,46223.000000,48158.000000,22799.000000
23270.000000,46219.000000,48170.000000,22810.000000
23310.000000,46273.000000,48226.000000,22828.000000
23379.000000,46347.000000,48203.000000,22833.000000
23420.000000,46397.000000,48242.000000,22842.000000
23459.000000,46427.000000,48274.000000,22874.000000
23525.000000,46500.000000,48298.000000,22884.000000
23535.000000,46525.000000,48342.000000,22871.000000
23599.000000,46586.000000,48388.000000,22913.000000
23573.000000,46628.000000,48417.000000,22929.000000
23615.000000,46693.000000,48439.000000,22950.000000
23610.000000,46792.000000,48493.000000,22951.000000
23618.000000,46805.000000,48516.000000,22979.000000
23660.000000,46910.000000,48541.000000,22959.000000
23663.000000,46924.000000,48596.000000,23016.000000
23696.000000,46976.000000,48568.000000,23017.000000
23704.000000,47015.000000,48610.000000,23012.000000
23676.000000,46997.000000,48615.000000,23051.000000
23710.000000,47041.000000,48653.000000,23044.000000
23712.000000,47062.000000,48653.000000,23050.000000
23724.000000,47123.000000,48691.000000,23067.000000
23713.000000,47121.000000,48702.000000,23058.000000
23734.000000,47155.000000,48672.000000,23059.000000
23714.000000,47173.000000,48712.000000,23072.000000
23722.000000,47166.000000,48705.000000,23058.000000
23703.000000,47187.000000,48707.000000,23088.000000
23699.000000,47167.000000,48688.000000,23072.000000
23720.000000,47173.000000,48697.000000,23099.000000
23714.000000,47164.000000,48725.000000,23064.000000
23720.000000,47195.000000,48705.000000,23072.000000
23728.000000,47193.000000,48695.000000,23073.000000
23726.000000,47177.000000,48693.000000,23084.000000
23671.000000,47186.000000,48702.000000,23083.000000
23715.000000,47151.000000,48689.000000,23069.000000
23694.000000,47152.000000,48740.000000,23066.000000
23692.000000,47121.000000,48691.000000,23103.000000
23681.000000,47172.000000,48702.000000,23050.000000
23699.000000,47145.000000,48700.000000,23088.000000
23699.000000,47138.000000,48723.000000,23090.000000
23661.000000,47156.000000,48695.000000,23058.000000
23708.000000,47135.000000,48697.000000,23072.000000
23700.000000,47164.000000,48690.000000,23089.000000
23708.000000,47107.000000,48702.000000,23084.000000
23661.000000,47153.000000,48678.000000,23074.000000
23662.000000,47107.000000,48702.000000,23107.000000
23656.000000,47126.000000,48680.000000,23092.000000
23671.000000,47121.000000,48660.000000,23080.000000
23679.000000,47130.000000,48690.000000,23095.000000
23647.000000,47106.000000,48673.000000,23079.000000
23673.000000,47117.000000,48695.000000,23074.000000
23676.000000,47124.000000,48652.000000,23096.000000
23637.000000,47088.000000,48691.000000,23080.000000
23663.000000,47121.000000,48648.000000,23090.000000
23625.000000,47100.000000,48668.000000,23078.000000
23651.000000,47061.000000,48637.000000,23082.000000
23624.000000,47052.000000,48638.000000,23075.000000
23660.000000,47049.000000,48617.000000,23069.000000
23645.000000,47046.000000,48623.000000,23068.000000
23645.000000,46997.000000,48625.000000,23081.000000
23569.000000,46998.000000,48625.000000,23068.000000
23619.000000,47034.000000,48608.000000,23082.000000
23603.000000,47005.000000,48628.000000,23057.000000
23627.000000,46967.000000,48605.000000,23084.000000
23590.000000,47014.000000,48609.000000,23070.000000
23622.000000,46969.000000,48605.000000,23064.000000
23614.000000,46940.000000,48597.000000,23069.000000
23558.000000,46966.000000,48602.000000,23058.000000
23608.000000,46961.000000,48564.000000,23068.000000
23555.000000,46961.000000,48581.000000,23047.000000
23599.000000,46939.000000,48587.000000,23071.000000
23548.000000,46947.000000,48575.000000,23073.000000
23568.000000,46912.000000,48604.000000,23063.000000
23523.000000,46920.000000,48575.000000,23063.000000
23494.000000,46886.000000,48577.000000,23087.000000
23509.000000,46912.000000,48553.000000,23072.000000
23451.000000,46921.000000,48569.000000,23029.000000
23497.000000,46878.000000,48537.000000,23065.000000
23462.000000,46886.000000,48520.000000,23067.000000
23446.000000,46864.000000,48513.000000,23060.000000
23445.000000,46866.000000,48527.000000,23046.000000
23467.000000,46800.000000,48513.000000,23051.000000
23415.000000,46848.000000,48508.000000,23006.000000
23405.000000,46786.000000,48513.000000,23023.000000
23369.000000,46782.000000,48489.000000,23004.000000
23372.000000,46763.000000,48510.000000,23041.000000
23350.000000,46772.000000,48466.000000,23030.000000
23352.000000,46749.000000,48460.000000,23010.000000
23322.000000,46745.000000,48447.000000,23012.000000
23286.000000,46751.000000,48454.000000,23015.000000
23291.000000,46707.000000,48466.000000,23000.000000
23260.000000,46704.000000,48426.000000,22988.000000
23306.000000,46651.000000,48444.000000,22995.000000
23252.000000,46709.000000,48380.000000,23020.000000
23264.000000,46643.000000,48420.000000,23007.000000
23209.000000,46653.000000,48405.000000,23010.000000
23241.000000,46581.000000,48342.000000,22984.000000
23230.000000,46550.000000,48366.000000,22940.000000
23246.000000,46543.000000,48363.000000,22959.000000
23216.000000,46512.000000,48346.000000,22977.000000
23236.000000,46526.000000,48337.000000,22959.000000
23201.000000,46565.000000,48329.000000,22937.000000
23214.000000,46491.000000,48347.000000,22951.000000
23169.000000,46464.000000,48293.000000,22951.000000
23140.000000,46485.000000,48327.000000,22916.000000
23158.000000,46484.000000,48283.000000,22962.000000
23133.000000,46463.000000,48307.000000,22940.000000
23115.000000,46460.000000,48323.000000,22958.000000
23080.000000,46465.000000,48272.000000,22937.000000
23077.000000,46445.000000,48303.000000,22973.000000
23025.000000,46441.000000,48250.000000,22910.000000
23051.000000,46371.000000,48281.000000,22943.000000
22994.000000,46401.000000,48267.000000,22910.000000
23039.000000,46359.000000,48273.000000,22936.000000
22999.000000,46319.000000,48219.000000,22927.000000
22990.000000,46342.000000,48272.000000,22936.000000
22948.000000,46359.000000,48199.000000,22923.000000
22962.000000,46313.000000,48211.000000,22893.000000
22937.000000,46287.000000,48171.000000,22915.000000
22910.000000,46302.000000,48192.000000,22909.000000
22916.000000,46251.000000,48198.000000,22921.000000
22879.000000,46291.000000,48172.000000,22907.000000
22907.000000,46221.000000,48159.000000,22901.000000
22849.000000,46263.000000,48136.000000,22892.000000
22901.000000,46177.000000,48179.000000,22895.000000
22813.000000,46228.000000,48150.000000,22894.000000
22853.000000,46172.000000,48132.000000,22884.000000
22791.000000,46183.000000,48137.000000,22885.000000
22787.000000,46171.000000,48111.000000,22883.000000
22814.000000,46174.000000,48118.000000,22881.000000
22755.000000,46127.000000,48111.000000,22885.000000
22747.000000,46099.000000,48121.000000,22852.000000
22750.000000,46104.000000,48096.000000,22876.000000
22688.000000,46069.000000,48052.000000,22864.000000
22714.000000,46121.000000,48064.000000,22845.000000
22702.000000,46069.000000,48048.000000,22849.000000
22716.000000,46095.000000,48066.000000,22831.000000
22679.000000,46027.000000,48027.000000,22824.000000
22667.000000,46005.000000,48013.000000,22786.000000
22654.000000,45986.000000,48050.000000,22826.000000
22672.000000,45932.000000,48011.000000,22811.000000
22665.000000,45949.000000,47993.000000,22799.000000
22703.000000,45948.000000,48001.000000,22800.000000
22636.000000,45940.000000,47981.000000,22796.000000
22663.000000,45920.000000,47985.000000,22799.000000
22677.000000,45895.000000,47960.000000,22788.000000
22678.000000,45867.000000,47972.000000,22801.000000
22667.000000,45878.000000,47972.000000,22799.000000
22685.000000,45882.000000,47964.000000,22802.000000
22660.000000,45834.000000,47952.000000,22816.000000
22667.000000,45884.000000,47933.000000,22788.000000
22666.000000,45874.000000,47941.000000,22812.000000
22672.000000,45883.000000,47971.000000,22798.000000
22688.000000,45875.000000,47936.000000,22813.000000
22682.000000,45880.000000,47927.000000,22843.000000
22693.000000,45842.000000,47918.000000,22841.000000
22673.000000,45828.000000,47927.000000,22830.000000
22703.000000,45851.000000,47956.000000,22816.000000
22681.000000,45838.000000,47912.000000,22822.000000
22725.000000,45835.000000,47932.000000,22837.000000
22717.000000,45844.000000,47921.000000,22815.000000
22750.000000,45841.000000,47930.000000,22831.000000
22735.000000,45836.000000,47945.000000,22819.000000
22710.000000,45860.000000,47987.000000,22831.000000
22721.000000,45855.000000,47958.000000,22821.000000
22726.000000,45871.000000,47956.000000,22845.000000
22768.000000,45852.000000,47982.000000,22840.000000
22737.000000,45867.000000,47974.000000,22796.000000
22820.000000,45848.000000,47973.000000,22821.000000
22799.000000,45890.000000,47973.000000,22823.000000
22785.000000,45885.000000,48009.000000,22806.000000
22888.000000,45917.000000,48000.000000,22808.000000
22882.000000,45908.000000,48012.000000,22822.000000
22871.000000,45930.000000,48001.000000,22818.000000
22907.000000,45936.000000,48030.000000,22856.000000
22962.000000,45972.000000,48037.000000,22840.000000
23002.000000,46017.000000,48034.000000,22844.000000
23028.000000,46014.000000,48068.000000,22850.000000
23081.000000,46012.000000,48067.000000,22838.000000
23089.000000,46044.000000,48070.000000,22856.000000
23105.000000,46057.000000,48086.000000,22871.000000
23101.000000,46076.000000,48113.000000,22851.000000
23192.000000,46155.000000,48139.000000,22879.000000
23174.000000,46186.000000,48161.000000,22852.000000
23220.000000,46222.000000,48174.000000,22885.000000
23249.000000,46239.000000,48188.000000,22879.000000
23311.000000,46258.000000,48213.000000,22901.000000
23349.000000,46281.000000,48229.000000,22928.000000
23358.000000,46311.000000,48245.000000,22912.000000
23429.000000,46333.000000,48277.000000,22925.000000
23451.000000,46378.000000,48255.000000,22897.000000
23529.000000,46397.000000,48319.000000,22939.000000
23555.000000,46490.000000,48301.000000,22939.000000
23629.000000,46474.000000,48343.000000,22950.000000
23625.000000,46542.000000,48371.000000,22955.000000
23671.000000,46586.000000,48409.000000,22955.000000
23747.000000,46645.000000,48422.000000,23005.000000
23726.000000,46739.000000,48446.000000,22981.000000
23777.000000,46742.000000,48472.000000,23044.000000
23767.000000,46769.000000,48532.000000,23007.000000
23762.000000,46828.000000,48545.000000,23057.000000
23773.000000,46894.000000,48547.000000,23035.000000
23792.000000,46928.000000,48606.000000,23062.000000
23795.000000,46994.000000,48626.000000,23099.000000
23765.000000,46989.000000,48626.000000,23079.000000
23790.000000,47016.000000,48651.000000,23085.000000
23745.000000,47002.000000,48674.000000,23101.000000
23769.000000,47042.000000,48664.000000,23093.000000
23717.000000,47095.000000,48656.000000,23107.000000
23716.000000,47042.000000,48653.000000,23095.000000
23742.000000,47051.000000,48649.000000,23115.000000
23720.000000,47035.000000,48648.000000,23129.000000
23716.000000,47040.000000,48654.000000,23096.000000
23731.000000,47012.000000,48675.000000,23097.000000
23730.000000,47004.000000,48651.000000,23074.000000
23707.000000,46996.000000,48630.000000,23078.000000
23764.000000,47006.000000,48645.000000,23102.000000
23703.000000,46989.000000,48631.000000,23089.000000
23715.000000,46990.000000,48632.000000,23082.000000
23708.000000,46985.000000,48602.000000,23088.000000
23700.000000,46961.000000,48639.000000,23084.000000
23692.000000,46977.000000,48591.000000,23088.000000
23673.000000,46968.000000,48615.000000,23102.000000
23696.000000,46958.000000,48598.000000,23109.000000
23652.000000,46990.000000,48626.000000,23094.000000
23647.000000,46955.000000,48629.000000,23105.000000
23633.000000,46949.000000,48630.000000,23112.000000
23629.000000,46953.000000,48634.000000,23116.000000
23638.000000,46962.000000,48594.000000,23123.000000
23570.000000,46940.000000,48608.000000,23108.000000
23585.000000,46918.000000,48587.000000,23089.000000
23557.000000,46944.000000,48579.000000,23099.000000
23545.000000,46894.000000,48560.000000,23078.000000
23549.000000,46908.000000,48555.000000,23070.000000
23504.000000,46862.000000,48576.000000,23075.000000
23549.000000,46851.000000,48557.000000,23089.000000
23510.000000,46868.000000,48551.000000,23064.000000
23494.000000,46852.000000,48551.000000,23078.000000
23524.000000,46878.000000,48525.000000,23045.000000
23472.000000,46803.000000,48545.000000,23042.000000
23515.000000,46771.000000,48493.000000,23046.000000
23492.000000,46780.000000,48536.000000,23029.000000
23487.000000,46779.000000,48479.000000,23048.000000
23488.000000,46785.000000,48502.000000,23040.000000
23454.000000,46743.000000,48491.000000,23048.000000
23465.000000,46760.000000,48513.000000,23023.000000
23442.000000,46707.000000,48483.000000,23032.000000
23440.000000,46702.000000,48471.000000,23032.000000
23402.000000,46707.000000,48468.000000,22995.000000
23442.000000,46686.000000,48468.000000,23025.000000
23393.000000,46705.000000,48441.000000,23043.000000
23403.000000,46631.000000,48468.000000,23031.000000
23382.000000,46675.000000,48431.000000,23043.000000
23385.000000,46645.000000,48444.000000,23030.000000
23402.000000,46651.000000,48419.000000,23021.000000
23340.000000,46602.000000,48420.000000,23035.000000
23359.000000,46611.000000,48401.000000,23029.000000
23344.000000,46616.000000,48392.000000,23017.000000
23382.000000,46582.000000,48384.000000,23024.000000
23328.000000,46605.000000,48389.000000,23027.000000
23334.000000,46545.000000,48385.000000,23026.000000
23327.000000,46521.000000,48368.000000,23004.000000
23313.000000,46567.000000,48368.000000,23034.000000
23293.000000,46527.000000,48352.000000,23024.000000
23284.000000,46534.000000,48368.000000,23023.000000
23294.000000,46499.000000,48354.000000,23020.000000
23266.000000,46509.000000,48319.000000,23008.000000
23271.000000,46497.000000,48348.000000,22996.000000
23220.000000,46490.000000,48316.000000,22993.000000
23203.000000,46447.000000,48346.000000,23013.000000
23246.000000,46454.000000,48311.000000,22991.000000
23163.000000,46419.000000,48335.000000,22985.000000
23180.000000,46421.000000,48310.000000,22994.000000
23148.000000,46415.000000,48279.000000,22983.000000
23164.000000,46397.000000,48294.000000,22985.000000
23140.000000,46383.000000,48256.000000,22983.000000
23117.000000,46358.000000,48260.000000,22973.000000
23113.000000,46325.000000,48264.000000,22980.000000
23118.000000,46350.000000,48245.000000,22948.000000
23099.000000,46337.000000,48235.000000,22963.000000
23058.000000,46313.000000,48238.000000,22960.000000
23058.000000,46286.000000,48233.000000,22929.000000
23059.000000,46289.000000,48224.000000,22920.000000
23031.000000,46241.000000,48191.000000,22938.000000
23044.000000,46227.000000,48183.000000,22939.000000
22975.000000,46240.000000,48197.000000,22935.000000
23030.000000,46200.000000,48163.000000,22948.000000
23018.000000,46201.000000,48192.000000,22946.000000
23005.000000,46164.000000,48158.000000,22907.000000
22974.000000,46173.000000,48173.000000,22928.000000
22984.000000,46179.000000,48145.000000,22908.000000
22964.000000,46157.000000,48150.000000,22922.000000
22977.000000,46110.000000,48159.000000,22894.000000
22959.000000,46128.000000,48164.000000,22914.000000
22903.000000,46114.000000,48124.000000,22902.000000
22920.000000,46115.000000,48102.000000,22910.000000
22943.000000,46058.000000,48115.000000,22885.000000
22869.000000,46068.000000,48112.000000,22895.000000
22880.000000,46074.000000,48080.000000,22913.000000
22868.000000,46043.000000,48089.000000,22890.000000
22833.000000,46042.000000,48062.000000,22886.000000
22844.000000,46060.000000,48101.000000,22883.000000
22856.000000,46027.000000,48072.000000,22864.000000
22831.000000,45986.000000,48075.000000,22890.000000
22814.000000,45972.000000,48054.000000,22874.000000
22855.000000,45963.000000,48030.000000,22868.000000
22805.000000,45916.000000,48052.000000,22865.000000
22793.000000,45919.000000,47996.000000,22874.000000
22803.000000,45920.000000,48005.000000,22873.000000
22770.000000,45905.000000,48002.000000,22836.000000
22758.000000,45930.000000,48019.000000,22866.000000
22744.000000,45899.000000,48009.000000,22850.000000
22781.000000,45889.000000,47938.000000,22850.000000
22711.000000,45855.000000,48008.000000,22852.000000
22746.000000,45863.000000,47979.000000,22863.000000
22697.000000,45835.000000,47937.000000,22850.000000
22742.000000,45821.000000,47983.000000,22837.000000
22711.000000,45836.000000,47940.000000,22855.000000
22713.000000,45805.000000,47949.000000,22828.000000
22658.000000,45790.000000,47940.000000,22840.000000
22685.000000,45802.000000,47926.000000,22853.000000
22728.000000,45781.000000,47927.000000,22843.000000
22679.000000,45792.000000,47936.000000,22827.000000
22667.000000,45766.000000,47907.000000,22831.000000
22650.000000,45767.000000,47908.000000,22807.000000
22622.000000,45744.000000,47912.000000,22841.000000
22672.000000,45764.000000,47931.000000,22850.000000
22603.000000,45730.000000,47919.000000,22835.000000
22649.000000,45719.000000,47908.000000,22802.000000
22614.000000,45711.000000,47889.000000,22825.000000
22612.000000,45691.000000,47880.000000,22828.000000
22607.000000,45708.000000,47904.000000,22789.000000
22622.000000,45686.000000,47886.000000,22793.000000
22584.000000,45670.000000,47869.000000,22795.000000
22576.000000,45669.000000,47880.000000,22816.000000
22590.000000,45671.000000,47882.000000,22804.000000
22600.000000,45634.000000,47851.000000,22786.000000
22599.000000,45646.000000,47842.000000,22810.000000
22576.000000,45692.000000,47856.000000,22810.000000
22577.000000,45651.000000,47867.000000,22816.000000
22546.000000,45673.000000,47830.000000,22791.000000
22546.000000,45615.000000,47844.000000,22811.000000
22550.000000,45668.000000,47850.000000,22786.000000
22556.000000,45625.000000,47848.000000,22815.000000
22561.000000,45632.000000,47856.000000,22815.000000
22545.000000,45590.000000,47818.000000,22805.000000
22580.000000,45597.000000,47821.000000,22809.000000
22562.000000,45575.000000,47805.000000,22802.000000
22569.000000,45594.000000,47804.000000,22798.000000
22584.000000,45602.000000,47823.000000,22787.000000
22554.000000,45561.000000,47812.000000,22786.000000
22576.000000,45567.000000,47805.000000,22810.000000
22588.000000,45580.000000,47814.000000,22782.000000
22584.000000,45566.000000,47816.000000,22800.000000
22617.000000,45579.000000,47821.000000,22790.000000
22635.000000,45587.000000,47808.000000,22801.000000
22665.000000,45569.000000,47825.000000,22795.000000
22716.000000,45602.000000,47824.000000,22803.000000
22684.000000,45620.000000,47815.000000,22823.000000
22751.000000,45604.000000,47824.000000,22795.000000
22768.000000,45651.000000,47820.000000,22806.000000
22741.000000,45639.000000,47859.000000,22806.000000
22797.000000,45669.000000,47827.000000,22813.000000
22807.000000,45700.000000,47898.000000,22826.000000
22821.000000,45728.000000,47889.000000,22841.000000
22866.000000,45765.000000,47926.000000,22816.000000
22869.000000,45727.000000,47900.000000,22841.000000
22905.000000,45782.000000,47917.000000,22851.000000
22953.000000,45773.000000,47951.000000,22867.000000
23028.000000,45807.000000,47955.000000,22872.000000
23036.000000,45825.000000,47984.000000,22881.000000
23084.000000,45856.000000,47966.000000,22872.000000
23100.000000,45917.000000,47971.000000,22881.000000
23155.000000,45908.000000,47979.000000,22894.000000
23202.000000,45965.000000,48006.000000,22907.000000
23212.000000,46007.000000,48043.000000,22925.000000
23290.000000,46057.000000,48075.000000,22957.000000
23326.000000,46111.000000,48131.000000,22950.000000
23399.000000,46139.000000,48128.000000,22962.000000
23430.000000,46207.000000,48134.000000,22959.000000
23499.000000,46210.000000,48183.000000,22981.000000
23525.000000,46244.000000,48216.000000,23007.000000
23531.000000,46312.000000,48264.000000,23004.000000
23576.000000,46397.000000,48284.000000,23020.000000
23582.000000,46418.000000,48307.000000,23046.000000
23625.000000,46470.000000,48319.000000,23055.000000
23605.000000,46536.000000,48339.000000,23060.000000
23629.000000,46565.000000,48408.000000,23093.000000
23634.000000,46647.000000,48413.000000,23087.000000
23614.000000,46636.000000,48453.000000,23112.000000
23633.000000,46705.000000,48471.000000,23113.000000
23631.000000,46707.000000,48496.000000,23114.000000
23584.000000,46780.000000,48496.000000,23135.000000
23627.000000,46822.000000,48513.000000,23128.000000
23573.000000,46802.000000,48525.000000,23170.000000
23604.000000,46811.000000,48503.000000,23112.000000
23574.000000,46777.000000,48527.000000,23123.000000
23577.000000,46756.000000,48494.000000,23145.000000
23577.000000,46776.000000,48495.000000,23128.000000
23539.000000,46760.000000,48502.000000,23136.000000
23575.000000,46741.000000,48486.000000,23134.000000
23515.000000,46737.000000,48481.000000,23131.000000
23551.000000,46736.000000,48486.000000,23135.000000
23533.000000,46752.000000,48499.000000,23146.000000
23529.000000,46755.000000,48490.000000,23126.000000
23554.000000,46706.000000,48479.000000,23132.000000
23525.000000,46692.000000,48455.000000,23123.000000
23532.000000,46689.000000,48466.000000,23145.000000
23533.000000,46677.000000,48456.000000,23120.000000
23520.000000,46654.000000,48450.000000,23118.000000
23476.000000,46678.000000,48473.000000,23125.000000
23493.000000,46630.000000,48474.000000,23136.000000
23460.000000,46668.000000,48437.000000,23110.000000
23463.000000,46653.000000,48445.000000,23145.000000
23424.000000,46611.000000,48469.000000,23121.000000
23447.000000,46591.000000,48422.000000,23125.000000
23427.000000,46575.000000,48404.000000,23117.000000
23403.000000,46595.000000,48431.000000,23114.000000
23401.000000,46579.000000,48421.000000,23114.000000
23403.000000,46627.000000,48384.000000,23111.000000
23377.000000,46582.000000,48416.000000,23117.000000
23346.000000,46606.000000,48406.000000,23105.000000
23341.000000,46524.000000,48363.000000,23070.000000
23335.000000,46549.000000,48381.000000,23084.000000
23316.000000,46521.000000,48381.000000,23083.000000
23342.000000,46509.000000,48365.000000,23099.000000
23304.000000,46478.000000,48356.000000,23082.000000
23283.000000,46483.000000,48331.000000,23064.000000
23267.000000,46461.000000,48317.000000,23074.000000
23270.000000,46446.000000,48323.000000,23094.000000
23267.000000,46490.000000,48340.000000,23045.000000
23233.000000,46431.000000,48337.000000,23066.000000
23274.000000,46398.000000,48318.000000,23057.000000
23231.000000,46431.000000,48308.000000,23042.000000
23216.000000,46400.000000,48320.000000,23049.000000
23199.000000,46414.000000,48312.000000,23054.000000
23187.000000,46393.000000,48278.000000,23042.000000
23214.000000,46396.000000,48266.000000,23056.000000
23157.000000,46361.000000,48272.000000,23037.000000
23148.000000,46399.000000,48282.000000,23054.000000
23121.000000,46363.000000,48289.000000,23043.000000
23117.000000,46341.000000,48235.000000,23024.000000
23088.000000,46320.000000,48256.000000,23004.000000
23074.000000,46315.000000,48248.000000,23034.000000
23079.000000,46294.000000,48234.000000,22999.000000
23004.000000,46289.000000,48215.000000,23009.000000
23024.000000,46284.000000,48224.000000,23009.000000
22989.000000,46295.000000,48210.000000,22995.000000
22959.000000,46232.000000,48211.000000,22991.000000
22951.000000,46244.000000,48188.000000,22957.000000
22946.000000,46220.000000,48182.000000,22988.000000
22919.000000,46183.000000,48147.000000,22972.000000
22895.000000,46166.000000,48145.000000,22946.000000
22887.000000,46128.000000,48143.000000,22969.000000
22834.000000,46163.000000,48142.000000,22927.000000
22825.000000,46097.000000,48150.000000,22955.000000
22836.000000,46110.000000,48149.000000,22958.000000
22811.000000,46112.000000,48134.000000,22943.000000
22792.000000,46088.000000,48079.000000,22954.000000
22714.000000,46052.000000,48089.000000,22943.000000
22701.000000,46027.000000,48081.000000,22908.000000
22759.000000,46038.000000,48067.000000,22890.000000
22681.000000,46007.000000,48054.000000,22905.000000
22722.000000,45970.000000,48037.000000,22907.000000
22651.000000,45965.000000,48027.000000,22883.000000
22692.000000,45936.000000,48016.000000,22887.000000
22639.000000,45882.000000,47957.000000,22862.000000
22646.000000,45846.000000,47967.000000,22867.000000
22637.000000,45848.000000,47963.000000,22882.000000
22623.000000,45805.000000,47992.000000,22866.000000
22593.000000,45792.000000,47937.000000,22861.000000
22584.000000,45807.000000,47937.000000,22843.000000
22572.000000,45752.000000,47936.000000,22848.000000
22508.000000,45759.000000,47900.000000,22872.000000
22503.000000,45740.000000,47902.000000,22881.000000
22449.000000,45723.000000,47887.000000,22843.000000
22425.000000,45697.000000,47884.000000,22844.000000
22449.000000,45704.000000,47872.000000,22834.000000
22393.000000,45662.000000,47836.000000,22845.000000
22369.000000,45620.000000,47852.000000,22811.000000
22398.000000,45619.000000,47835.000000,22839.000000
22392.000000,45559.000000,47828.000000,22850.000000
22339.000000,45527.000000,47801.000000,22817.000000
22337.000000,45506.000000,47791.000000,22809.000000
22313.000000,45476.000000,47771.000000,22791.000000
22300.000000,45487.000000,47754.000000,22769.000000
22306.000000,45440.000000,47716.000000,22766.000000
22279.000000,45419.000000,47726.000000,22795.000000
22261.000000,45375.000000,47692.000000,22770.000000
22279.000000,45402.000000,47712.000000,22762.000000
22242.000000,45368.000000,47688.000000,22761.000000
22248.000000,45338.000000,47661.000000,22756.000000
22229.000000,45303.000000,47688.000000,22742.000000
22256.000000,45302.000000,47633.000000,22744.000000
22222.000000,45276.000000,47615.000000,22747.000000
22238.000000,45265.000000,47618.000000,22777.000000
22216.000000,45278.000000,47627.000000,22738.000000
22231.000000,45243.000000,47610.000000,22744.000000
22219.000000,45260.000000,47602.000000,22730.000000
22224.000000,45199.000000,47624.000000,22730.000000
22214.000000,45213.000000,47603.000000,22734.000000
22181.000000,45220.000000,47599.000000,22750.000000
22202.000000,45205.000000,47612.000000,22768.000000
22215.000000,45235.000000,47580.000000,22729.000000
22190.000000,45184.000000,47594.000000,22735.000000
22216.000000,45211.000000,47588.000000,22724.000000
22202.000000,45192.000000,47598.000000,22748.000000
22203.000000,45186.000000,47592.000000,22725.000000
22223.000000,45150.000000,47545.000000,22717.000000
22238.000000,45143.000000,47545.000000,22712.000000
22249.000000,45171.000000,47563.000000,22727.000000
22261.000000,45157.000000,47574.000000,22720.000000
22270.000000,45188.000000,47567.000000,22729.000000
22294.000000,45182.000000,47594.000000,22720.000000
22319.000000,45170.000000,47584.000000,22716.000000
22322.000000,45164.000000,47599.000000,22724.000000
22329.000000,45202.000000,47583.000000,22732.000000
22354.000000,45190.000000,47602.000000,22722.000000
22382.000000,45240.000000,47584.000000,22730.000000
22369.000000,45241.000000,47622.000000,22750.000000
22427.000000,45246.000000,47622.000000,22759.000000
22457.000000,45277.000000,47617.000000,22757.000000
22525.000000,45275.000000,47627.000000,22768.000000
22564.000000,45306.000000,47647.000000,22772.000000
22565.000000,45336.000000,47657.000000,22793.000000
22658.000000,45292.000000,47641.000000,22766.000000
22687.000000,45378.000000,47687.000000,22784.000000
22681.000000,45387.000000,47700.000000,22769.000000
22716.000000,45485.000000,47714.000000,22847.000000
22756.000000,45475.000000,47727.000000,22804.000000
22807.000000,45562.000000,47793.000000,22858.000000
22841.000000,45573.000000,47810.000000,22848.000000
22900.000000,45636.000000,47832.000000,22879.000000
22912.000000,45664.000000,47856.000000,22864.000000
23021.000000,45697.000000,47902.000000,22901.000000
23010.000000,45748.000000,47875.000000,22863.000000
23089.000000,45761.000000,47917.000000,22888.000000
23064.000000,45839.000000,47921.000000,22907.000000
23125.000000,45862.000000,47990.000000,22922.000000
23163.000000,45940.000000,48025.000000,22940.000000
23183.000000,45974.000000,48044.000000,22945.000000
23173.000000,46027.000000,48064.000000,22972.000000
23184.000000,46067.000000,48127.000000,22995.000000
23209.000000,46095.000000,48117.000000,22978.000000
23198.000000,46190.000000,48147.000000,23016.000000
23163.000000,46212.000000,48179.000000,23023.000000
23184.000000,46267.000000,48187.000000,23027.000000
23189.000000,46279.000000,48207.000000,23033.000000
23151.000000,46283.000000,48215.000000,23028.000000
23155.000000,46300.000000,48207.000000,23049.000000
23161.000000,46308.000000,48238.000000,23060.000000
23106.000000,46299.000000,48248.000000,23064.000000
23140.000000,46324.000000,48210.000000,23065.000000
23121.000000,46292.000000,48222.000000,23053.000000
23125.000000,46296.000000,48208.000000,23034.000000
23089.000000,46305.000000,48198.000000,23056.000000
23072.000000,46277.000000,48208.000000,23053.000000
23023.000000,46268.000000,48218.000000,23053.000000
23059.000000,46232.000000,48216.000000,23046.000000
23033.000000,46213.000000,48177.000000,23056.000000
23011.000000,46223.000000,48191.000000,23075.000000
23013.000000,46181.000000,48172.000000,23042.000000
22978.000000,46193.000000,48158.000000,23041.000000
22990.000000,46167.000000,48155.000000,23051.000000
22930.000000,46159.000000,48148.000000,23015.000000
22978.000000,46124.000000,48103.000000,23038.000000
22947.000000,46138.000000,48108.000000,23018.000000
22962.000000,46112.000000,48121.000000,23008.000000
22935.000000,46101.000000,48117.000000,23013.000000
22938.000000,46092.000000,48114.000000,23022.000000
22924.000000,46086.000000,48106.000000,23008.000000
22895.000000,46036.000000,48101.000000,23029.000000
22887.000000,46078.000000,48080.000000,23004.000000
22886.000000,46035.000000,48074.000000,23005.000000
22874.000000,46021.000000,48071.000000,23013.000000
22890.000000,46035.000000,48094.000000,23021.000000
22876.000000,46023.000000,48056.000000,23008.000000
22834.000000,46054.000000,48048.000000,23024.000000
22839.000000,45998.000000,48048.000000,23017.000000
22804.000000,45996.000000,48047.000000,23003.000000
22820.000000,45957.000000,48027.000000,23026.000000
22803.000000,45957.000000,48041.000000,22997.000000
22764.000000,45971.000000,48033.000000,23000.000000
22829.000000,45972.000000,48019.000000,23028.000000
22751.000000,45941.000000,48010.000000,22997.000000
22806.000000,45889.000000,47988.000000,22991.000000
22750.000000,45926.000000,47969.000000,23000.000000
22752.000000,45900.000000,47962.000000,22980.000000
22716.000000,45882.000000,47970.000000,22943.000000
22726.000000,45847.000000,47992.000000,22987.000000
22715.000000,45855.000000,47970.000000,22983.000000
22684.000000,45823.000000,47960.000000,22980.000000
22703.000000,45820.000000,47935.000000,22995.000000
22666.000000,45831.000000,47944.000000,22971.000000
22681.000000,45779.000000,47937.000000,22984.000000
22637.000000,45810.000000,47907.000000,22979.000000
22650.000000,45778.000000,47954.000000,22962.000000
22623.000000,45805.000000,47916.000000,22982.000000
22639.000000,45780.000000,47924.000000,22989.000000
22630.000000,45793.000000,47913.000000,22990.000000
22578.000000,45741.000000,47873.000000,22978.000000
22580.000000,45743.000000,47865.000000,22960.000000
22561.000000,45735.000000,47855.000000,22961.000000
22539.000000,45687.000000,47881.000000,22962.000000
22534.000000,45702.000000,47856.000000,22947.000000
22547.000000,45709.000000,47864.000000,22967.000000
22512.000000,45682.000000,47843.000000,22930.000000
22500.000000,45688.000000,47860.000000,22932.000000
22496.000000,45634.000000,47846.000000,22952.000000
22455.000000,45614.000000,47826.000000,22934.000000
22463.000000,45592.000000,47819.000000,22935.000000
22418.000000,45598.000000,47810.000000,22926.000000
22405.000000,45580.000000,47806.000000,22923.000000
22417.000000,45607.000000,47784.000000,22937.000000
22372.000000,45544.000000,47791.000000,22937.000000
22355.000000,45537.000000,47769.000000,22930.000000
22361.000000,45530.000000,47769.000000,22895.000000
22364.000000,45504.000000,47772.000000,22921.000000
22371.000000,45470.000000,47738.000000,22904.000000
22338.000000,45453.000000,47731.000000,22900.000000
22367.000000,45394.000000,47714.000000,22887.000000
22356.000000,45419.000000,47695.000000,22885.000000
22336.000000,45356.000000,47711.000000,22895.000000
22329.000000,45364.000000,47644.000000,22873.000000
22326.000000,45371.000000,47685.000000,22883.000000
22304.000000,45351.000000,47676.000000,22900.000000
22267.000000,45365.000000,47666.000000,22876.000000
22255.000000,45333.000000,47683.000000,22883.000000
22246.000000,45373.000000,47644.000000,22879.000000
22267.000000,45312.000000,47657.000000,22879.000000
22218.000000,45314.000000,47662.000000,22842.000000
22208.000000,45314.000000,47661.000000,22852.000000
22219.000000,45325.000000,47665.000000,22875.000000
22176.000000,45270.000000,47620.000000,22839.000000
22163.000000,45247.000000,47628.000000,22840.000000
22148.000000,45256.000000,47625.000000,22808.000000
22164.000000,45234.000000,47609.000000,22853.000000
22122.000000,45248.000000,47600.000000,22847.000000
22108.000000,45199.000000,47600.000000,22825.000000
22116.000000,45205.000000,47576.000000,22816.000000
22126.000000,45172.000000,47592.000000,22804.000000
22120.000000,45183.000000,47554.000000,22800.000000
22081.000000,45132.000000,47548.000000,22812.000000
22118.000000,45132.000000,47538.000000,22790.000000
22066.000000,45138.000000,47551.000000,22793.000000
22095.000000,45090.000000,47556.000000,22799.000000
22046.000000,45099.000000,47500.000000,22791.000000
22014.000000,45073.000000,47517.000000,22783.000000
21980.000000,45079.000000,47500.000000,22772.000000
21971.000000,45060.000000,47512.000000,22776.000000
21989.000000,45052.000000,47515.000000,22791.000000
21967.000000,45052.000000,47498.000000,22762.000000
21973.000000,45062.000000,47545.000000,22799.000000
21936.000000,45065.000000,47505.000000,22745.000000
21911.000000,44997.000000,47504.000000,22743.000000
21919.000000,45003.000000,47448.000000,22738.000000
21927.000000,44988.000000,47486.000000,22742.000000
21895.000000,44988.000000,47448.000000,22719.000000
21907.000000,44989.000000,47457.000000,22719.000000
21889.000000,44919.000000,47446.000000,22706.000000
21880.000000,44935.000000,47434.000000,22716.000000
21910.000000,44919.000000,47422.000000,22722.000000
21846.000000,44924.000000,47428.000000,22732.000000
21865.000000,44927.000000,47430.000000,22701.000000
21859.000000,44902.000000,47417.000000,22709.000000
21852.000000,44865.000000,47427.000000,22678.000000
21807.000000,44888.000000,47411.000000,22700.000000
21839.000000,44874.000000,47420.000000,22689.000000
21824.000000,44878.000000,47398.000000,22677.000000
21811.000000,44836.000000,47384.000000,22681.000000
21800.000000,44863.000000,47385.000000,22643.000000
21747.000000,44805.000000,47365.000000,22669.000000
21785.000000,44807.000000,47371.000000,22652.000000
21761.000000,44808.000000,47391.000000,22648.000000
21791.000000,44824.000000,47345.000000,22659.000000
21756.000000,44803.000000,47355.000000,22652.000000
21779.000000,44766.000000,47349.000000,22665.000000
21737.000000,44782.000000,47349.000000,22636.000000
21727.000000,44737.000000,47332.000000,22648.000000
21755.000000,44754.000000,47325.000000,22610.000000
21713.000000,44779.000000,47305.000000,22653.000000
21733.000000,44735.000000,47294.000000,22628.000000
21717.000000,44751.000000,47294.000000,22633.000000
21694.000000,44737.000000,47304.000000,22644.000000
21689.000000,44689.000000,47309.000000,22615.000000
21714.000000,44716.000000,47290.000000,22639.000000
21710.000000,44726.000000,47317.000000,22624.000000
21700.000000,44730.000000,47303.000000,22624.000000
21717.000000,44695.000000,47275.000000,22598.000000
21732.000000,44684.000000,47273.000000,22570.000000
21721.000000,44633.000000,47305.000000,22589.000000
21749.000000,44678.000000,47280.000000,22589.000000
21779.000000,44640.000000,47235.000000,22615.000000
21748.000000,44641.000000,47262.000000,22607.000000
21778.000000,44667.000000,47284.000000,22603.000000
21789.000000,44652.000000,47234.000000,22602.000000
21821.000000,44652.000000,47271.000000,22601.000000
21839.000000,44658.000000,47247.000000,22599.000000
21833.000000,44668.000000,47280.000000,22597.000000
21903.000000,44681.000000,47288.000000,22659.000000
21903.000000,44709.000000,47314.000000,22626.000000
21921.000000,44755.000000,47305.000000,22622.000000
21957.000000,44763.000000,47339.000000,22649.000000
21959.000000,44776.000000,47331.000000,22607.000000
22057.000000,44787.000000,47347.000000,22653.000000
22075.000000,44805.000000,47365.000000,22648.000000
22114.000000,44841.000000,47387.000000,22655.000000
22140.000000,44871.000000,47414.000000,22649.000000
22143.000000,44894.000000,47432.000000,22676.000000
22155.000000,44923.000000,47408.000000,22648.000000
22211.000000,44926.000000,47431.000000,22656.000000
22304.000000,44996.000000,47465.000000,22700.000000
22306.000000,45038.000000,47479.000000,22678.000000
22362.000000,45091.000000,47507.000000,22714.000000
22381.000000,45096.000000,47544.000000,22721.000000
22418.000000,45097.000000,47538.000000,22730.000000
22452.000000,45153.000000,47539.000000,22729.000000
22475.000000,45186.000000,47569.000000,22734.000000
22523.000000,45264.000000,47623.000000,22795.000000
22545.000000,45318.000000,47638.000000,22754.000000
22596.000000,45336.000000,47675.000000,22793.000000
22632.000000,45432.000000,47671.000000,22776.000000
22727.000000,45419.000000,47712.000000,22821.000000
22743.000000,45449.000000,47721.000000,22806.000000
22752.000000,45501.000000,47739.000000,22832.000000
22775.000000,45561.000000,47768.000000,22843.000000
22786.000000,45600.000000,47827.000000,22856.000000
22772.000000,45615.000000,47831.000000,22866.000000
22781.000000,45683.000000,47843.000000,22846.000000
22732.000000,45723.000000,47939.000000,22872.000000
22774.000000,45757.000000,47912.000000,22902.000000
22747.000000,45810.000000,47924.000000,22901.000000
22730.000000,45800.000000,47953.000000,22922.000000
22732.000000,45795.000000,47956.000000,22906.000000
22715.000000,45839.000000,47946.000000,22906.000000
22707.000000,45822.000000,47935.000000,22910.000000
22687.000000,45826.000000,47957.000000,22921.000000
22651.000000,45787.000000,47932.000000,22933.000000
22652.000000,45718.000000,47921.000000,22909.000000
22623.000000,45760.000000,47895.000000,22881.000000
22635.000000,45715.000000,47894.000000,22911.000000
22638.000000,45723.000000,47889.000000,22911.000000
22628.000000,45712.000000,47873.000000,22897.000000
22620.000000,45707.000000,47890.000000,22915.000000
22590.000000,45668.000000,47843.000000,22899.000000
22611.000000,45623.000000,47839.000000,22880.000000
22603.000000,45610.000000,47852.000000,22899.000000
22582.000000,45617.000000,47820.000000,22907.000000
22599.000000,45651.000000,47881.000000,22890.000000
22561.000000,45613.000000,47836.000000,22875.000000
22552.000000,45614.000000,47849.000000,22876.000000
22562.000000,45608.000000,47847.000000,22894.000000
22547.000000,45584.000000,47814.000000,22905.000000
22554.000000,45580.000000,47804.000000,22872.000000
22514.000000,45542.000000,47801.000000,22884.000000
22529.000000,45515.000000,47797.000000,22885.000000
22532.000000,45536.000000,47784.000000,22893.000000
22469.000000,45527.000000,47799.000000,22873.000000
22525.000000,45514.000000,47782.000000,22890.000000
22494.000000,45529.000000,47777.000000,22869.000000
22465.000000,45508.000000,47760.000000,22900.000000
22471.000000,45473.000000,47755.000000,22863.000000
22438.000000,45456.000000,47775.000000,22872.000000
22453.000000,45465.000000,47757.000000,22845.000000
22447.000000,45457.000000,47756.000000,22863.000000
22467.000000,45420.000000,47724.000000,22873.000000
22442.000000,45464.000000,47715.000000,22861.000000
22435.000000,45411.000000,47768.000000,22860.000000
22391.000000,45408.000000,47721.000000,22860.000000
22420.000000,45391.000000,47724.000000,22837.000000
22407.000000,45386.000000,47710.000000,22893.000000
22371.000000,45373.000000,47702.000000,22851.000000
22423.000000,45399.000000,47698.000000,22856.000000
22375.000000,45338.000000,47680.000000,22856.000000
22350.000000,45322.000000,47687.000000,22847.000000
22353.000000,45333.000000,47688.000000,22864.000000
22293.000000,45305.000000,47657.000000,22871.000000
22346.000000,45318.000000,47659.000000,22853.000000
22358.000000,45283.000000,47662.000000,22846.000000
22315.000000,45290.000000,47659.000000,22831.000000
22308.000000,45290.000000,47670.000000,22828.000000
22332.000000,45223.000000,47631.000000,22834.000000
22327.000000,45253.000000,47601.000000,22851.000000
22329.000000,45242.000000,47652.000000,22815.000000
22326.000000,45214.000000,47604.000000,22819.000000
22332.000000,45257.000000,47608.000000,22802.000000
22299.000000,45194.000000,47612.000000,22828.000000
22323.000000,45208.000000,47607.000000,22827.000000
22289.000000,45206.000000,47610.000000,22808.000000
22272.000000,45173.000000,47596.000000,22835.000000
22248.000000,45192.000000,47583.000000,22824.000000
22259.000000,45186.000000,47611.000000,22803.000000
22213.000000,45159.000000,47606.000000,22823.000000
22234.000000,45168.000000,47600.000000,22811.000000
22252.000000,45159.000000,47568.000000,22829.000000
22217.000000,45162.000000,47591.000000,22779.000000
22229.000000,45157.000000,47592.000000,22787.000000
22218.000000,45112.000000,47598.000000,22774.000000
22216.000000,45107.000000,47574.000000,22773.000000
22216.000000,45093.000000,47560.000000,22775.000000
22173.000000,45098.000000,47533.000000,22776.000000
22171.000000,45075.000000,47551.000000,22775.000000
22190.000000,45091.000000,47552.000000,22759.000000
22171.000000,45065.000000,47546.000000,22763.000000
22145.000000,45068.000000,47527.000000,22750.000000
22163.000000,45034.000000,47549.000000,22764.000000
22157.000000,45025.000000,47519.000000,22758.000000
22135.000000,45026.000000,47532.000000,22765.000000
22138.000000,44991.000000,47493.000000,22756.000000
22111.000000,45031.000000,47510.000000,22741.000000
22124.000000,45030.000000,47517.000000,22753.000000
22108.000000,44996.000000,47499.000000,22762.000000
22126.000000,44959.000000,47486.000000,22723.000000
22089.000000,44973.000000,47509.000000,22746.000000
22087.000000,44971.000000,47492.000000,22739.000000
22125.000000,44949.000000,47462.000000,22746.000000
22085.000000,44931.000000,47472.000000,22723.000000
22103.000000,44955.000000,47491.000000,22731.000000
22100.000000,44944.000000,47470.000000,22737.000000
22053.000000,44942.000000,47453.000000,22729.000000
22044.000000,44914.000000,47464.000000,22715.000000
22042.000000,44956.000000,47466.000000,22712.000000
22053.000000,44936.000000,47440.000000,22726.000000
22037.000000,44904.000000,47467.000000,22729.000000
22016.000000,44922.000000,47448.000000,22741.000000
21995.000000,44918.000000,47419.000000,22726.000000
22038.000000,44904.000000,47433.000000,22728.000000
21998.000000,44892.000000,47430.000000,22704.000000
22017.000000,44920.000000,47441.000000,22683.000000
22011.000000,44890.000000,47430.000000,22694.000000
22001.000000,44870.000000,47417.000000,22694.000000
22016.000000,44858.000000,47405.000000,22680.000000
21989.000000,44848.000000,47435.000000,22688.000000
21968.000000,44837.000000,47395.000000,22692.000000
21987.000000,44853.000000,47406.000000,22676.000000
21958.000000,44854.000000,47420.000000,22674.000000
21981.000000,44848.000000,47409.000000,22666.000000
21919.000000,44848.000000,47399.000000,22677.000000
21944.000000,44821.000000,47383.000000,22671.000000
21904.000000,44820.000000,47381.000000,22666.000000
21921.000000,44806.000000,47396.000000,22682.000000
21888.000000,44796.000000,47378.000000,22643.000000
21907.000000,44811.000000,47384.000000,22651.000000
21903.000000,44799.000000,47384.000000,22657.000000
21896.000000,44804.000000,47369.000000,22627.000000
21867.000000,44794.000000,47392.000000,22625.000000
21878.000000,44786.000000,47364.000000,22608.000000
21864.000000,44766.000000,47347.000000,22621.000000
21871.000000,44760.000000,47348.000000,22575.000000
21854.000000,44741.000000,47381.000000,22615.000000
21860.000000,44715.000000,47355.000000,22605.000000
21845.000000,44764.000000,47350.000000,22597.000000
21841.000000,44738.000000,47353.000000,22580.000000
21832.000000,44748.000000,47362.000000,22568.000000
21882.000000,44720.000000,47333.000000,22578.000000
21921.000000,44753.000000,47346.000000,22577.000000
21860.000000,44710.000000,47335.000000,22573.000000
21896.000000,44712.000000,47340.000000,22553.000000
21881.000000,44721.000000,47312.000000,22570.000000
21897.000000,44719.000000,47339.000000,22560.000000
21948.000000,44740.000000,47323.000000,22535.000000
21981.000000,44729.000000,47339.000000,22538.000000
21970.000000,44728.000000,47342.000000,22539.000000
22020.000000,44749.000000,47365.000000,22536.000000
22050.000000,44729.000000,47336.000000,22521.000000
22055.000000,44761.000000,47382.000000,22540.000000
22100.000000,44783.000000,47401.000000,22547.000000
22113.000000,44789.000000,47386.000000,22548.000000
22138.000000,44842.000000,47411.000000,22544.000000
22228.000000,44845.000000,47420.000000,22544.000000
22197.000000,44902.000000,47425.000000,22549.000000
22270.000000,44926.000000,47433.000000,22550.000000
22276.000000,44918.000000,47456.000000,22571.000000
22342.000000,44936.000000,47482.000000,22550.000000
22389.000000,44996.000000,47490.000000,22572.000000
22412.000000,45026.000000,47498.000000,22560.000000
22448.000000,45094.000000,47531.000000,22597.000000
22568.000000,45112.000000,47564.000000,22598.000000
22586.000000,45106.000000,47568.000000,22605.000000
22600.000000,45176.000000,47584.000000,22596.000000
22685.000000,45276.000000,47641.000000,22650.000000
22761.000000,45294.000000,47673.000000,22644.000000
22749.000000,45333.000000,47702.000000,22651.000000
22853.000000,45357.000000,47723.000000,22638.000000
22837.000000,45459.000000,47766.000000,22700.000000
22864.000000,45493.000000,47793.000000,22677.000000
22880.000000,45544.000000,47833.000000,22709.000000
22861.000000,45655.000000,47853.000000,22728.000000
22847.000000,45660.000000,47889.000000,22721.000000
22861.000000,45708.000000,47912.000000,22768.000000
22842.000000,45788.000000,47967.000000,22781.000000
22808.000000,45823.000000,47982.000000,22818.000000
22820.000000,45816.000000,47973.000000,22791.000000
22815.000000,45839.000000,47999.000000,22784.000000
22833.000000,45852.000000,47992.000000,22780.000000
22824.000000,45808.000000,47996.000000,22822.000000
22818.000000,45810.000000,47990.000000,22790.000000
22794.000000,45852.000000,47972.000000,22769.000000
22780.000000,45774.000000,47959.000000,22769.000000
22806.000000,45748.000000,47938.000000,22785.000000
22802.000000,45772.000000,47915.000000,22739.000000
22791.000000,45759.000000,47948.000000,22785.000000
22779.000000,45760.000000,47943.000000,22761.000000
22761.000000,45742.000000,47946.000000,22798.000000
22725.000000,45717.000000,47940.000000,22765.000000
22779.000000,45737.000000,47932.000000,22767.000000
22724.000000,45716.000000,47895.000000,22773.000000
22757.000000,45717.000000,47930.000000,22746.000000
22726.000000,45693.000000,47937.000000,22772.000000
22730.000000,45683.000000,47899.000000,22759.000000
22733.000000,45690.000000,47911.000000,22761.000000
22686.000000,45634.000000,47928.000000,22751.000000
22722.000000,45660.000000,47906.000000,22754.000000
22681.000000,45696.000000,47894.000000,22768.000000
22679.000000,45641.000000,47915.000000,22754.000000
22677.000000,45657.000000,47893.000000,22740.000000
22631.000000,45621.000000,47887.000000,22731.000000
22682.000000,45647.000000,47833.000000,22754.000000
22650.000000,45633.000000,47860.000000,22723.000000
22638.000000,45612.000000,47874.000000,22732.000000
22686.000000,45602.000000,47857.000000,22702.000000
22648.000000,45566.000000,47861.000000,22725.000000
22645.000000,45566.000000,47829.000000,22731.000000
22656.000000,45592.000000,47841.000000,22736.000000
22647.000000,45547.000000,47835.000000,22732.000000
22685.000000,45560.000000,47823.000000,22726.000000
22621.000000,45561.000000,47848.000000,22703.000000
22641.000000,45541.000000,47826.000000,22712.000000
22616.000000,45552.000000,47822.000000,22721.000000
22606.000000,45549.000000,47822.000000,22723.000000
22579.000000,45543.000000,47842.000000,22726.000000
22573.000000,45525.000000,47835.000000,22708.000000
22583.000000,45500.000000,47825.000000,22695.000000
22544.000000,45517.000000,47814.000000,22731.000000
22584.000000,45509.000000,47803.000000,22713.000000
22544.000000,45508.000000,47795.000000,22682.000000
22538.000000,45466.000000,47783.000000,22673.000000
22511.000000,45462.000000,47793.000000,22676.000000
22499.000000,45482.000000,47781.000000,22682.000000
22479.000000,45410.000000,47769.000000,22682.000000
22500.000000,45447.000000,47772.000000,22668.000000
22480.000000,45413.000000,47742.000000,22672.000000
22502.000000,45433.000000,47754.000000,22670.000000
22450.000000,45343.000000,47773.000000,22651.000000
22457.000000,45369.000000,47740.000000,22642.000000
22438.000000,45408.000000,47731.000000,22632.000000
22424.000000,45333.000000,47715.000000,22643.000000
22435.000000,45366.000000,47724.000000,22643.000000
22395.000000,45367.000000,47729.000000,22618.000000
22375.000000,45342.000000,47697.000000,22619.000000
22379.000000,45335.000000,47696.000000,22617.000000
22358.000000,45306.000000,47701.000000,22605.000000
22385.000000,45312.000000,47674.000000,22617.000000
22356.000000,45286.000000,47717.000000,22582.000000
22338.000000,45266.000000,47668.000000,22620.000000
22338.000000,45267.000000,47646.000000,22602.000000
22312.000000,45186.000000,47670.000000,22578.000000
22301.000000,45201.000000,47636.000000,22575.000000
22345.000000,45200.000000,47657.000000,22543.000000
22240.000000,45194.000000,47628.000000,22560.000000
22241.000000,45196.000000,47632.000000,22579.000000
22199.000000,45166.000000,47629.000000,22558.000000
22189.000000,45170.000000,47612.000000,22561.000000
22200.000000,45176.000000,47619.000000,22521.000000
22217.000000,45124.000000,47575.000000,22545.000000
22204.000000,45080.000000,47579.000000,22524.000000
22156.000000,45087.000000,47569.000000,22520.000000
22146.000000,45065.000000,47540.000000,22533.000000
22141.000000,45073.000000,47529.000000,22492.000000
22155.000000,45037.000000,47525.000000,22484.000000
22122.000000,45042.000000,47526.000000,22503.000000
22082.000000,45002.000000,47515.000000,22481.000000
22071.000000,44991.000000,47544.000000,22502.000000
22068.000000,45020.000000,47522.000000,22478.000000
22102.000000,44954.000000,47492.000000,22472.000000
22045.000000,44977.000000,47482.000000,22461.000000
22068.000000,44939.000000,47500.000000,22453.000000
22080.000000,44934.000000,47479.000000,22448.000000
22021.000000,44893.000000,47472.000000,22454.000000
22032.000000,44917.000000,47448.000000,22435.000000
22003.000000,44886.000000,47452.000000,22418.000000
22014.000000,44850.000000,47444.000000,22432.000000
21999.000000,44881.000000,47438.000000,22420.000000
22002.000000,44846.000000,47452.000000,22416.000000
21982.000000,44843.000000,47440.000000,22393.000000
21985.000000,44816.000000,47416.000000,22421.000000
21964.000000,44806.000000,47418.000000,22392.000000
21973.000000,44780.000000,47422.000000,22405.000000
21977.000000,44784.000000,47400.000000,22370.000000
21962.000000,44795.000000,47397.000000,22371.000000
21940.000000,44736.000000,47384.000000,22366.000000
21955.000000,44724.000000,47355.000000,22389.000000
21929.000000,44704.000000,47375.000000,22338.000000
21934.000000,44689.000000,47356.000000,22344.000000
21921.000000,44713.000000,47310.000000,22347.000000
21924.000000,44689.000000,47341.000000,22332.000000
21913.000000,44690.000000,47314.000000,22341.000000
21891.000000,44656.000000,47326.000000,22316.000000
21930.000000,44664.000000,47318.000000,22317.000000
21867.000000,44678.000000,47325.000000,22310.000000
21906.000000,44649.000000,47319.000000,22328.000000
21933.000000,44651.000000,47289.000000,22305.000000
21904.000000,44613.000000,47299.000000,22315.000000
21902.000000,44620.000000,47331.000000,22308.000000
21911.000000,44590.000000,47312.000000,22326.000000
21925.000000,44568.000000,47283.000000,22309.000000
21942.000000,44616.000000,47287.000000,22296.000000
21933.000000,44636.000000,47308.000000,22307.000000
21956.000000,44587.000000,47285.000000,22292.000000
21967.000000,44640.000000,47291.000000,22285.000000
21983.000000,44589.000000,47289.000000,22313.000000
21994.000000,44651.000000,47275.000000,22305.000000
22023.000000,44637.000000,47309.000000,22283.000000
22016.000000,44657.000000,47323.000000,22290.000000
22026.000000,44673.000000,47324.000000,22295.000000
22061.000000,44670.000000,47332.000000,22301.000000
22129.000000,44686.000000,47354.000000,22284.000000
22120.000000,44694.000000,47327.000000,22283.000000
22159.000000,44728.000000,47355.000000,22283.000000
22172.000000,44753.000000,47385.000000,22285.000000
22177.000000,44735.000000,47386.000000,22335.000000
22291.000000,44783.000000,47425.000000,22276.000000
22272.000000,44822.000000,47395.000000,22293.000000
22320.000000,44852.000000,47438.000000,22326.000000
22343.000000,44887.000000,47457.000000,22351.000000
22340.000000,44864.000000,47449.000000,22319.000000
22404.000000,44895.000000,47480.000000,22349.000000
22408.000000,44936.000000,47475.000000,22347.000000
22440.000000,44992.000000,47542.000000,22366.000000
22465.000000,45055.000000,47541.000000,22362.000000
22490.000000,45078.000000,47565.000000,22378.000000
22539.000000,45113.000000,47562.000000,22367.000000
22550.000000,45104.000000,47611.000000,22399.000000
22578.000000,45146.000000,47593.000000,22420.000000
22676.000000,45192.000000,47630.000000,22405.000000
22723.000000,45215.000000,47645.000000,22432.000000
22712.000000,45249.000000,47662.000000,22409.000000
22745.000000,45302.000000,47659.000000,22438.000000
22736.000000,45305.000000,47709.000000,22452.000000
22758.000000,45341.000000,47703.000000,22444.000000
22777.000000,45363.000000,47730.000000,22469.000000
22754.000000,45455.000000,47785.000000,22499.000000
22785.000000,45508.000000,47813.000000,22533.000000
22763.000000,45532.000000,47829.000000,22511.000000
22747.000000,45541.000000,47849.000000,22520.000000
22782.000000,45579.000000,47849.000000,22534.000000
22762.000000,45589.000000,47870.000000,22520.000000
22729.000000,45620.000000,47870.000000,22521.000000
22761.000000,45614.000000,47861.000000,22552.000000
22736.000000,45571.000000,47888.000000,22546.000000
22746.000000,45605.000000,47883.000000,22562.000000
22707.000000,45575.000000,47874.000000,22539.000000
22717.000000,45616.000000,47886.000000,22563.000000
22656.000000,45591.000000,47864.000000,22575.000000
22692.000000,45609.000000,47886.000000,22588.000000
22671.000000,45600.000000,47881.000000,22565.000000
22654.000000,45570.000000,47879.000000,22586.000000
22675.000000,45589.000000,47884.000000,22578.000000
22653.000000,45587.000000,47874.000000,22596.000000
22683.000000,45539.000000,47848.000000,22569.000000
22640.000000,45555.000000,47845.000000,22578.000000
22646.000000,45522.000000,47861.000000,22550.000000
22666.000000,45550.000000,47855.000000,22571.000000
22622.000000,45543.000000,47879.000000,22578.000000
22658.000000,45540.000000,47842.000000,22575.000000
22627.000000,45550.000000,47876.000000,22575.000000
22616.000000,45530.000000,47834.000000,22561.000000
22632.000000,45568.000000,47841.000000,22575.000000
22617.000000,45506.000000,47838.000000,22582.000000
22621.000000,45500.000000,47844.000000,22574.000000
22569.000000,45496.000000,47813.000000,22566.000000
22611.000000,45525.000000,47824.000000,22569.000000
22576.000000,45519.000000,47837.000000,22565.000000
22581.000000,45512.000000,47810.000000,22580.000000
22578.000000,45526.000000,47823.000000,22568.000000
22553.000000,45471.000000,47820.000000,22566.000000
22575.000000,45474.000000,47798.000000,22596.000000
22586.000000,45485.000000,47797.000000,22576.000000
22540.000000,45483.000000,47812.000000,22595.000000
22566.000000,45451.000000,47806.000000,22570.000000
22549.000000,45460.000000,47799.000000,22565.000000
22557.000000,45434.000000,47767.000000,22578.000000
22537.000000,45445.000000,47766.000000,22590.000000
22528.000000,45420.000000,47773.000000,22577.000000
22546.000000,45423.000000,47764.000000,22587.000000
22529.000000,45403.000000,47800.000000,22585.000000
22559.000000,45404.000000,47760.000000,22576.000000
22535.000000,45404.000000,47760.000000,22605.000000
22532.000000,45376.000000,47756.000000,22579.000000
22499.000000,45397.000000,47749.000000,22587.000000
22475.000000,45382.000000,47751.000000,22563.000000
22502.000000,45397.000000,47714.000000,22582.000000
22501.000000,45389.000000,47762.000000,22571.000000
22473.000000,45377.000000,47724.000000,22571.000000
22489.000000,45376.000000,47730.000000,22570.000000
22484.000000,45344.000000,47728.000000,22591.000000
22494.000000,45338.000000,47731.000000,22551.000000
22440.000000,45365.000000,47714.000000,22558.000000
22514.000000,45343.000000,47717.000000,22589.000000
22451.000000,45333.000000,47702.000000,22574.000000
22464.000000,45317.000000,47729.000000,22572.000000
22478.000000,45311.000000,47706.000000,22558.000000
22471.000000,45294.000000,47720.000000,22578.000000
22473.000000,45324.000000,47700.000000,22584.000000
22445.000000,45322.000000,47717.000000,22539.000000
22453.000000,45290.000000,47706.000000,22579.000000
22455.000000,45292.000000,47703.000000,22567.000000
22435.000000,45285.000000,47692.000000,22578.000000
22433.000000,45347.000000,47688.000000,22567.000000
22383.000000,45291.000000,47705.000000,22593.000000
22431.000000,45326.000000,47687.000000,22559.000000
22389.000000,45292.000000,47694.000000,22559.000000
22353.000000,45284.000000,47692.000000,22553.000000
22344.000000,45277.000000,47676.000000,22536.000000
22387.000000,45291.000000,47659.000000,22533.000000
22378.000000,45279.000000,47696.000000,22538.000000
22339.000000,45237.000000,47689.000000,22553.000000
22357.000000,45231.000000,47668.000000,22527.000000
22330.000000,45259.000000,47655.000000,22556.000000
22335.000000,45222.000000,47659.000000,22544.000000
22353.000000,45224.000000,47655.000000,22520.000000
22331.000000,45225.000000,47654.000000,22523.000000
22310.000000,45206.000000,47625.000000,22500.000000
22293.000000,45207.000000,47632.000000,22548.000000
22313.000000,45179.000000,47631.000000,22510.000000
22299.000000,45164.000000,47622.000000,22507.000000
22264.000000,45149.000000,47624.000000,22501.000000
22304.000000,45168.000000,47611.000000,22479.000000
22260.000000,45139.000000,47603.000000,22495.000000
22276.000000,45162.000000,47614.000000,22478.000000
22272.000000,45176.000000,47589.000000,22494.000000
22268.000000,45108.000000,47602.000000,22514.000000
22243.000000,45156.000000,47611.000000,22487.000000
22250.000000,45103.000000,47604.000000,22483.000000
22271.000000,45120.000000,47584.000000,22494.000000
22250.000000,45102.000000,47598.000000,22507.000000
22300.000000,45109.000000,47611.000000,22487.000000
22251.000000,45101.000000,47551.000000,22493.000000
22290.000000,45077.000000,47572.000000,22485.000000
22280.000000,45112.000000,47538.000000,22465.000000
22301.000000,45047.000000,47563.000000,22472.000000
22309.000000,45046.000000,47540.000000,22454.000000
22268.000000,45066.000000,47553.000000,22481.000000
22334.000000,45046.000000,47536.000000,22464.000000
22340.000000,45069.000000,47577.000000,22485.000000
22337.000000,45074.000000,47586.000000,22468.000000
22349.000000,45110.000000,47597.000000,22473.000000
22350.000000,45056.000000,47557.000000,22489.000000
22332.000000,45100.000000,47575.000000,22468.000000
22367.000000,45130.000000,47595.000000,22512.000000
22370.000000,45107.000000,47570.000000,22503.000000
22372.000000,45139.000000,47579.000000,22510.000000
22383.000000,45118.000000,47572.000000,22507.000000
22375.000000,45120.000000,47576.000000,22512.000000
22391.000000,45134.000000,47563.000000,22517.000000
22408.000000,45110.000000,47593.000000,22517.000000
22401.000000,45097.000000,47614.000000,22521.000000
22398.000000,45142.000000,47624.000000,22542.000000
22366.000000,45139.000000,47608.000000,22499.000000
22372.000000,45119.000000,47619.000000,22508.000000
22376.000000,45170.000000,47615.000000,22476.000000
22352.000000,45150.000000,47610.000000,22488.000000
22349.000000,45131.000000,47630.000000,22507.000000
22298.000000,45163.000000,47645.000000,22507.000000
22328.000000,45154.000000,47611.000000,22503.000000
22322.000000,45168.000000,47614.000000,22481.000000
22315.000000,45121.000000,47601.000000,22481.000000
22313.000000,45135.000000,47585.000000,22454.000000
22285.000000,45108.000000,47570.000000,22469.000000
22319.000000,45090.000000,47586.000000,22463.000000
22340.000000,45096.000000,47583.000000,22435.000000
22366.000000,45061.000000,47575.000000,22445.000000
22386.000000,45054.000000,47559.000000,22379.000000
22332.000000,45056.000000,47574.000000,22401.000000
22439.000000,45049.000000,47565.000000,22401.000000
22452.000000,45080.000000,47584.000000,22398.000000
22466.000000,45062.000000,47541.000000,22387.000000
22500.000000,45098.000000,47570.000000,22404.000000
22524.000000,45070.000000,47584.000000,22407.000000
22547.000000,45070.000000,47584.000000,22396.000000
22577.000000,45101.000000,47598.000000,22393.000000
22582.000000,45101.000000,47583.000000,22434.000000
22680.000000,45167.000000,47610.000000,22425.000000
22684.000000,45195.000000,47649.000000,22434.000000
22723.000000,45178.000000,47621.000000,22431.000000
22729.000000,45194.000000,47659.000000,22443.000000
22755.000000,45188.000000,47645.000000,22456.000000
22790.000000,45237.000000,47665.000000,22437.000000
22822.000000,45267.000000,47695.000000,22464.000000
22856.000000,45370.000000,47746.000000,22475.000000
22896.000000,45402.000000,47762.000000,22495.000000
22885.000000,45445.000000,47792.000000,22469.000000
22923.000000,45443.000000,47773.000000,22493.000000
22980.000000,45515.000000,47799.000000,22512.000000
22970.000000,45464.000000,47828.000000,22525.000000
23044.000000,45537.000000,47841.000000,22508.000000
23024.000000,45562.000000,47863.000000,22501.000000
23045.000000,45605.000000,47863.000000,22533.000000
23118.000000,45627.000000,47910.000000,22512.000000
23127.000000,45639.000000,47940.000000,22536.000000
23168.000000,45691.000000,47913.000000,22520.000000
23186.000000,45736.000000,47958.000000,22545.000000
23168.000000,45760.000000,47942.000000,22554.000000
23266.000000,45805.000000,47981.000000,22556.000000
23369.000000,45828.000000,48015.000000,22560.000000
23376.000000,45857.000000,48026.000000,22575.000000
23401.000000,45908.000000,48020.000000,22571.000000
23450.000000,45901.000000,48064.000000,22585.000000
23540.000000,45917.000000,48093.000000,22562.000000
23527.000000,46012.000000,48109.000000,22574.000000
23602.000000,46079.000000,48157.000000,22601.000000
23606.000000,46073.000000,48177.000000,22615.000000
23643.000000,46124.000000,48196.000000,22625.000000
23647.000000,46174.000000,48246.000000,22649.000000
23669.000000,46203.000000,48235.000000,22664.000000
23689.000000,46329.000000,48284.000000,22669.000000
23689.000000,46358.000000,48311.000000,22663.000000
23675.000000,46385.000000,48321.000000,22690.000000
23672.000000,46414.000000,48350.000000,22717.000000
23647.000000,46438.000000,48395.000000,22705.000000
23685.000000,46458.000000,48369.000000,22704.000000
23645.000000,46446.000000,48407.000000,22690.000000
23659.000000,46442.000000,48373.000000,22717.000000
23677.000000,46499.000000,48402.000000,22693.000000
23643.000000,46467.000000,48370.000000,22711.000000
23650.000000,46492.000000,48392.000000,22703.000000
23680.000000,46484.000000,48404.000000,22692.000000
23662.000000,46469.000000,48374.000000,22710.000000
23674.000000,46490.000000,48382.000000,22717.000000
23664.000000,46478.000000,48379.000000,22679.000000
23674.000000,46528.000000,48389.000000,22688.000000
23653.000000,46489.000000,48386.000000,22665.000000
23642.000000,46453.000000,48356.000000,22699.000000
23665.000000,46485.000000,48379.000000,22685.000000
23660.000000,46429.000000,48381.000000,22690.000000
23651.000000,46426.000000,48366.000000,22692.000000
23667.000000,46489.000000,48377.000000,22705.000000
23644.000000,46430.000000,48337.000000,22697.000000
23661.000000,46484.000000,48370.000000,22692.000000
23659.000000,46477.000000,48372.000000,22708.000000
23717.000000,46461.000000,48368.000000,22708.000000
23682.000000,46477.000000,48369.000000,22688.000000
23698.000000,46457.000000,48360.000000,22711.000000
23678.000000,46451.000000,48388.000000,22693.000000
23699.000000,46430.000000,48373.000000,22669.000000
23730.000000,46472.000000,48382.000000,22663.000000
23681.000000,46468.000000,48379.000000,22714.000000
23688.000000,46474.000000,48392.000000,22678.000000
23710.000000,46478.000000,48398.000000,22681.000000
23679.000000,46465.000000,48387.000000,22660.000000
23701.000000,46478.000000,48397.000000,22663.000000
23722.000000,46488.000000,48394.000000,22680.000000
23734.000000,46467.000000,48387.000000,22694.000000
23726.000000,46523.000000,48400.000000,22695.000000
23721.000000,46466.000000,48382.000000,22695.000000
23738.000000,46496.000000,48385.000000,22671.000000
23736.000000,46522.000000,48419.000000,22699.000000
23735.000000,46502.000000,48405.000000,22682.000000
23716.000000,46536.000000,48410.000000,22675.000000
23718.000000,46488.000000,48432.000000,22676.000000
23737.000000,46505.000000,48396.000000,22651.000000
23752.000000,46530.000000,48400.000000,22654.000000
23737.000000,46514.000000,48413.000000,22654.000000
23754.000000,46514.000000,48407.000000,22651.000000
23754.000000,46561.000000,48424.000000,22641.000000
23733.000000,46540.000000,48420.000000,22656.000000
23750.000000,46552.000000,48423.000000,22668.000000
23749.000000,46539.000000,48435.000000,22651.000000
23744.000000,46554.000000,48408.000000,22659.000000
23727.000000,46541.000000,48417.000000,22616.000000
23723.000000,46550.000000,48457.000000,22652.000000
23760.000000,46552.000000,48397.000000,22640.000000
23737.000000,46587.000000,48443.000000,22654.000000
23796.000000,46555.000000,48452.000000,22634.000000
23703.000000,46541.000000,48424.000000,22614.000000
23699.000000,46538.000000,48431.000000,22606.000000
23731.000000,46545.000000,48424.000000,22621.000000
23703.000000,46547.000000,48440.000000,22613.000000
23713.000000,46554.000000,48428.000000,22613.000000
23681.000000,46522.000000,48432.000000,22595.000000
23665.000000,46558.000000,48409.000000,22604.000000
23673.000000,46560.000000,48430.000000,22591.000000
23668.000000,46539.000000,48441.000000,22577.000000
23676.000000,46529.000000,48436.000000,22577.000000
23660.000000,46521.000000,48437.000000,22582.000000
23623.000000,46524.000000,48430.000000,22547.000000
23633.000000,46506.000000,48434.000000,22554.000000
23611.000000,46466.000000,48397.000000,22541.000000
23619.000000,46494.000000,48396.000000,22542.000000
23618.000000,46480.000000,48368.000000,22544.000000
23601.000000,46476.000000,48384.000000,22547.000000
23622.000000,46483.000000,48385.000000,22516.000000
23626.000000,46478.000000,48401.000000,22527.000000
23575.000000,46440.000000,48367.000000,22505.000000
23579.000000,46442.000000,48364.000000,22481.000000
23548.000000,46451.000000,48374.000000,22497.000000
23575.000000,46436.000000,48376.000000,22506.000000
23546.000000,46456.000000,48394.000000,22498.000000
23525.000000,46415.000000,48365.000000,22477.000000
23523.000000,46455.000000,48391.000000,22478.000000
23517.000000,46396.000000,48384.000000,22480.000000
23496.000000,46444.000000,48360.000000,22457.000000
23484.000000,46388.000000,48363.000000,22438.000000
23455.000000,46410.000000,48346.000000,22453.000000
23438.000000,46353.000000,48339.000000,22420.000000
23463.000000,46380.000000,48338.000000,22421.000000
23440.000000,46339.000000,48326.000000,22405.000000
23436.000000,46339.000000,48316.000000,22382.000000
23424.000000,46323.000000,48302.000000,22420.000000
23408.000000,46327.000000,48280.000000,22408.000000
23385.000000,46338.000000,48252.000000,22413.000000
23372.000000,46300.000000,48305.000000,22382.000000
23372.000000,46287.000000,48263.000000,22397.000000
23389.000000,46297.000000,48263.000000,22357.000000
23351.000000,46252.000000,48259.000000,22357.000000
23331.000000,46229.000000,48249.000000,22365.000000
23333.000000,46256.000000,48253.000000,22357.000000
23330.000000,46220.000000,48229.000000,22337.000000
23322.000000,46222.000000,48227.000000,22352.000000
23271.000000,46192.000000,48220.000000,22363.000000
23310.000000,46177.000000,48207.000000,22329.000000
23306.000000,46183.000000,48213.000000,22342.000000
23277.000000,46157.000000,48187.000000,22328.000000
23298.000000,46185.000000,48196.000000,22338.000000
23233.000000,46154.000000,48176.000000,22324.000000
23269.000000,46145.000000,48165.000000,22318.000000
23224.000000,46122.000000,48188.000000,22317.000000
23165.000000,46088.000000,48151.000000,22330.000000
23214.000000,46130.000000,48157.000000,22318.000000
23182.000000,46088.000000,48132.000000,22324.000000
23177.000000,46084.000000,48153.000000,22299.000000
23227.000000,46102.000000,48170.000000,22304.000000
23213.000000,46050.000000,48141.000000,22285.000000
23216.000000,46064.000000,48122.000000,22278.000000
23177.000000,46046.000000,48134.000000,22233.000000
23188.000000,46044.000000,48105.000000,22249.000000
23172.000000,46060.000000,48078.000000,22235.000000
23172.000000,46044.000000,48124.000000,22239.000000
23209.000000,46044.000000,48094.000000,22245.000000
23204.000000,46055.000000,48112.000000,22262.000000
23183.000000,46035.000000,48101.000000,22226.000000
23198.000000,46014.000000,48100.000000,22219.000000
23187.000000,46018.000000,48111.000000,22182.000000
23228.000000,46030.000000,48110.000000,22182.000000
23254.000000,46048.000000,48112.000000,22190.000000
23257.000000,46022.000000,48106.000000,22174.000000
23246.000000,46047.000000,48135.000000,22194.000000
23265.000000,46018.000000,48133.000000,22196.000000
23276.000000,46022.000000,48112.000000,22158.000000
23325.000000,46059.000000,48129.000000,22172.000000
23322.000000,46061.000000,48114.000000,22170.000000
23327.000000,46065.000000,48140.000000,22174.000000
23363.000000,46099.000000,48146.000000,22155.000000
23358.000000,46129.000000,48158.000000,22175.000000
23381.000000,46113.000000,48184.000000,22155.000000
23378.000000,46147.000000,48153.000000,22189.000000
23374.000000,46129.000000,48155.000000,22191.000000
23407.000000,46145.000000,48198.000000,22169.000000
23399.000000,46187.000000,48195.000000,22166.000000
23464.000000,46192.000000,48187.000000,22174.000000
23462.000000,46196.000000,48215.000000,22177.000000
23466.000000,46198.000000,48217.000000,22167.000000
23505.000000,46218.000000,48182.000000,22160.000000
23525.000000,46216.000000,48219.000000,22173.000000
23556.000000,46229.000000,48192.000000,22140.000000
23570.000000,46271.000000,48236.000000,22143.000000
23628.000000,46285.000000,48244.000000,22140.000000
23654.000000,46312.000000,48244.000000,22134.000000
23695.000000,46322.000000,48272.000000,22154.000000
23701.000000,46322.000000,48279.000000,22131.000000
23769.000000,46386.000000,48290.000000,22132.000000
23766.000000,46389.000000,48322.000000,22138.000000
23829.000000,46441.000000,48343.000000,22183.000000
23858.000000,46470.000000,48373.000000,22147.000000
23877.000000,46475.000000,48382.000000,22169.000000
23935.000000,46536.000000,48402.000000,22151.000000
23929.000000,46577.000000,48421.000000,22177.000000
24001.000000,46575.000000,48441.000000,22158.000000
24004.000000,46657.000000,48446.000000,22167.000000
24032.000000,46661.000000,48475.000000,22227.000000
24096.000000,46721.000000,48508.000000,22170.000000
24107.000000,46721.000000,48508.000000,22197.000000
24134.000000,46722.000000,48509.000000,22172.000000
24144.000000,46818.000000,48556.000000,22163.000000
24189.000000,46865.000000,48559.000000,22195.000000
24230.000000,46872.000000,48599.000000,22178.000000
24241.000000,46932.000000,48623.000000,22184.000000
24244.000000,46928.000000,48630.000000,22187.000000
24313.000000,47009.000000,48645.000000,22213.000000
24316.000000,47023.000000,48667.000000,22171.000000
24349.000000,47064.000000,48700.000000,22192.000000
24399.000000,47122.000000,48745.000000,22161.000000
24408.000000,47121.000000,48784.000000,22141.000000
24508.000000,47192.000000,48779.000000,22112.000000
24535.000000,47192.000000,48807.000000,22128.000000
24524.000000,47248.000000,48785.000000,22136.000000
24574.000000,47322.000000,48845.000000,22156.000000
24565.000000,47323.000000,48867.000000,22166.000000
24596.000000,47374.000000,48853.000000,22160.000000
24617.000000,47392.000000,48894.000000,22166.000000
24620.000000,47392.000000,48890.000000,22159.000000
24659.000000,47490.000000,48926.000000,22182.000000
24653.000000,47472.000000,48958.000000,22166.000000
24640.000000,47557.000000,48972.000000,22199.000000
24689.000000,47551.000000,48988.000000,22180.000000
24678.000000,47545.000000,49004.000000,22190.000000
24704.000000,47604.000000,49041.000000,22161.000000
24740.000000,47645.000000,49030.000000,22170.000000
24712.000000,47642.000000,49019.000000,22164.000000
24751.000000,47668.000000,49054.000000,22152.000000
24804.000000,47660.000000,49072.000000,22175.000000
24811.000000,47680.000000,49057.000000,22170.000000
24772.000000,47714.000000,49067.000000,22143.000000
24824.000000,47745.000000,49103.000000,22137.000000
24810.000000,47752.000000,49119.000000,22121.000000
24787.000000,47772.000000,49111.000000,22150.000000
24815.000000,47769.000000,49130.000000,22163.000000
24817.000000,47806.000000,49122.000000,22193.000000
24842.000000,47840.000000,49132.000000,22197.000000
24834.000000,47824.000000,49154.000000,22208.000000
24838.000000,47835.000000,49140.000000,22207.000000
24840.000000,47862.000000,49139.000000,22194.000000
24851.000000,47847.000000,49158.000000,22219.000000
24844.000000,47889.000000,49151.000000,22211.000000
24867.000000,47875.000000,49193.000000,22205.000000
24833.000000,47834.000000,49162.000000,22249.000000
24851.000000,47892.000000,49157.000000,22224.000000
24879.000000,47869.000000,49147.000000,22221.000000
24834.000000,47900.000000,49188.000000,22218.000000
24837.000000,47894.000000,49177.000000,22222.000000
24835.000000,47903.000000,49187.000000,22261.000000
24875.000000,47901.000000,49170.000000,22250.000000
24872.000000,47884.000000,49172.000000,22241.000000
24873.000000,47890.000000,49178.000000,22253.000000
24882.000000,47937.000000,49194.000000,22220.000000
24888.000000,47895.000000,49200.000000,22238.000000
24834.000000,47895.000000,49184.000000,22255.000000
24883.000000,47903.000000,49146.000000,22243.000000
24852.000000,47898.000000,49165.000000,22227.000000
24886.000000,47918.000000,49183.000000,22227.000000
24871.000000,47906.000000,49194.000000,22253.000000
24884.000000,47906.000000,49174.000000,22226.000000
24835.000000,47930.000000,49181.000000,22214.000000
24865.000000,47921.000000,49199.000000,22234.000000
24826.000000,47919.000000,49194.000000,22231.000000
24846.000000,47954.000000,49178.000000,22228.000000
24850.000000,47925.000000,49190.000000,22218.000000
24836.000000,47924.000000,49188.000000,22216.000000
24849.000000,47947.000000,49180.000000,22200.000000
24822.000000,47929.000000,49187.000000,22199.000000
24816.000000,47935.000000,49162.000000,22185.000000
24836.000000,47890.000000,49196.000000,22199.000000
24810.000000,47910.000000,49147.000000,22195.000000
24813.000000,47926.000000,49168.000000,22175.000000
24848.000000,47916.000000,49174.000000,22197.000000
24791.000000,47921.000000,49169.000000,22192.000000
24836.000000,47918.000000,49162.000000,22198.000000
24794.000000,47905.000000,49168.000000,22177.000000
24775.000000,47890.000000,49167.000000,22194.000000
24800.000000,47931.000000,49149.000000,22188.000000
24766.000000,47909.000000,49197.000000,22174.000000
24784.000000,47926.000000,49152.000000,22165.000000
24797.000000,47941.000000,49169.000000,22165.000000
24773.000000,47888.000000,49154.000000,22152.000000
24846.000000,47889.000000,49123.000000,22156.000000
24830.000000,47920.000000,49135.000000,22154.000000
24838.000000,47911.000000,49142.000000,22143.000000
24868.000000,47884.000000,49137.000000,22143.000000
24870.000000,47903.000000,49156.000000,22137.000000
24928.000000,47928.000000,49158.000000,22140.000000
24918.000000,47902.000000,49138.000000,22154.000000
24936.000000,47908.000000,49147.000000,22157.000000
24979.000000,47952.000000,49158.000000,22171.000000
24915.000000,47939.000000,49185.000000,22196.000000
24939.000000,47975.000000,49184.000000,22182.000000
24980.000000,47994.000000,49180.000000,22198.000000
24948.000000,48013.000000,49198.000000,22248.000000
24999.000000,48024.000000,49203.000000,22215.000000
24979.000000,48070.000000,49217.000000,22226.000000
24990.000000,48087.000000,49222.000000,22225.000000
24995.000000,48086.000000,49241.000000,22237.000000
25011.000000,48084.000000,49245.000000,22261.000000
25041.000000,48120.000000,49259.000000,22209.000000
25062.000000,48137.000000,49259.000000,22226.000000
25086.000000,48148.000000,49274.000000,22228.000000
25103.000000,48183.000000,49289.000000,22244.000000
25122.000000,48170.000000,49311.000000,22242.000000
25122.000000,48219.000000,49315.000000,22252.000000
25148.000000,48269.000000,49338.000000,22242.000000
25154.000000,48311.000000,49362.000000,22252.000000
25163.000000,48285.000000,49361.000000,22262.000000
25202.000000,48299.000000,49397.000000,22274.000000
25202.000000,48345.000000,49415.000000,22288.000000
25190.000000,48357.000000,49388.000000,22278.000000
25208.000000,48342.000000,49413.000000,22272.000000
25177.000000,48378.000000,49445.000000,22282.000000
25205.000000,48388.000000,49419.000000,22307.000000
25221.000000,48409.000000,49459.000000,22304.000000
25258.000000,48419.000000,49440.000000,22267.000000
25222.000000,48443.000000,49472.000000,22296.000000
25312.000000,48426.000000,49459.000000,22293.000000
25271.000000,48417.000000,49458.000000,22266.000000
25264.000000,48475.000000,49466.000000,22281.000000
25245.000000,48481.000000,49483.000000,22301.000000
25234.000000,48483.000000,49444.000000,22280.000000
25203.000000,48521.000000,49482.000000,22296.000000
25194.000000,48500.000000,49482.000000,22278.000000
25183.000000,48535.000000,49518.000000,22292.000000
25215.000000,48583.000000,49503.000000,22286.000000
25171.000000,48520.000000,49499.000000,22290.000000
25151.000000,48520.000000,49472.000000,22277.000000
25174.000000,48497.000000,49458.000000,22270.000000
25172.000000,48462.000000,49478.000000,22268.000000
25190.000000,48448.000000,49459.000000,22241.000000
25183.000000,48432.000000,49469.000000,22244.000000
25187.000000,48432.000000,49451.000000,22228.000000
25146.000000,48425.000000,49431.000000,22262.000000
25141.000000,48375.000000,49453.000000,22219.000000
25128.000000,48412.000000,49439.000000,22250.000000
25118.000000,48398.000000,49442.000000,22223.000000
25084.000000,48418.000000,49453.000000,22227.000000
25040.000000,48382.000000,49452.000000,22204.000000
25034.000000,48378.000000,49417.000000,22215.000000
25027.000000,48369.000000,49454.000000,22197.000000
24989.000000,48337.000000,49412.000000,22203.000000
24994.000000,48322.000000,49395.000000,22170.000000
24970.000000,48352.000000,49357.000000,22164.000000
24927.000000,48218.000000,49352.000000,22142.000000
24930.000000,48176.000000,49310.000000,22175.000000
24925.000000,48171.000000,49289.000000,22138.000000
24895.000000,48094.000000,49282.000000,22157.000000
24937.000000,48117.000000,49245.000000,22109.000000
24874.000000,48055.000000,49251.000000,22116.000000
24853.000000,48048.000000,49242.000000,22121.000000
24851.000000,48047.000000,49228.000000,22107.000000
24837.000000,48004.000000,49207.000000,22119.000000
24807.000000,47982.000000,49164.000000,22075.000000
24827.000000,47920.000000,49190.000000,22069.000000
24789.000000,47933.000000,49137.000000,22084.000000
24806.000000,47924.000000,49160.000000,22075.000000
24775.000000,47889.000000,49147.000000,22072.000000
24761.000000,47875.000000,49129.000000,22056.000000
24745.000000,47880.000000,49145.000000,22045.000000
24723.000000,47856.000000,49149.000000,22061.000000
24701.000000,47873.000000,49132.000000,22025.000000
24684.000000,47838.000000,49137.000000,22014.000000
24633.000000,47823.000000,49111.000000,22051.000000
24641.000000,47862.000000,49113.000000,22029.000000
24593.000000,47848.000000,49124.000000,22049.000000
24605.000000,47841.000000,49094.000000,22029.000000
24628.000000,47836.000000,49109.000000,22006.000000
24605.000000,47803.000000,49072.000000,22011.000000
24659.000000,47776.000000,49080.000000,22016.000000
24683.000000,47738.000000,49064.000000,22007.000000
24649.000000,47726.000000,49058.000000,21996.000000
24674.000000,47760.000000,49034.000000,21985.000000
24688.000000,47747.000000,49059.000000,21977.000000
24659.000000,47760.000000,49075.000000,21974.000000
24670.000000,47819.000000,49086.000000,21988.000000
24659.000000,47841.000000,49103.000000,22017.000000
24643.000000,47831.000000,49128.000000,22006.000000
24685.000000,47874.000000,49124.000000,22017.000000
24657.000000,47853.000000,49120.000000,22010.000000
24669.000000,47879.000000,49124.000000,22028.000000
24688.000000,47929.000000,49137.000000,22037.000000
24689.000000,47907.000000,49138.000000,22012.000000
24739.000000,47953.000000,49172.000000,22013.000000
24748.000000,47938.000000,49197.000000,21994.000000
24785.000000,47952.000000,49177.000000,22016.000000
24726.000000,48027.000000,49196.000000,22004.000000
24805.000000,48010.000000,49223.000000,22007.000000
