660nm,730nm,850nm,940nm
21311.000000,4147.000000,2621.000000,46702.000000
21258.000000,4105.000000,2557.000000,46647.000000
21184.000000,4043.000000,2470.000000,46644.000000
21106.000000,3998.000000,2451.000000,46580.000000
21102.000000,3985.000000,2386.000000,46542.000000
21029.000000,3924.000000,2294.000000,46522.000000
20975.000000,3877.000000,2281.000000,46494.000000
20915.000000,3822.000000,2199.000000,46471.000000
20874.000000,3821.000000,2142.000000,46436.000000
20846.000000,3759.000000,2050.000000,46362.000000
20764.000000,3702.000000,2005.000000,46367.000000
20725.000000,3633.000000,1937.000000,46305.000000
20647.000000,3622.000000,1897.000000,46311.000000
20606.000000,3580.000000,1841.000000,46274.000000
20530.000000,3543.000000,1795.000000,46246.000000
20518.000000,3506.000000,1723.000000,46236.000000
20459.000000,3432.000000,1681.000000,46179.000000
20420.000000,3394.000000,1620.000000,46130.000000
20333.000000,3421.000000,1598.000000,46117.000000
20339.000000,3334.000000,1549.000000,46096.000000
20260.000000,3320.000000,1497.000000,46109.000000
20233.000000,3273.000000,1441.000000,46020.000000
20218.000000,3218.000000,1348.000000,46010.000000
20100.000000,3201.000000,1318.000000,45990.000000
20062.000000,3188.000000,1273.000000,45951.000000
20047.000000,3190.000000,1250.000000,45939.000000
20033.000000,3172.000000,1280.000000,45949.000000
20101.000000,3192.000000,1274.000000,45968.000000
20123.000000,3238.000000,1339.000000,46024.000000
20206.000000,3279.000000,1422.000000,46046.000000
20299.000000,3343.000000,1521.000000,46119.000000
20405.000000,3440.000000,1640.000000,46169.000000
20498.000000,3518.000000,1739.000000,46239.000000
20624.000000,3611.000000,1898.000000,46284.000000
20701.000000,3689.000000,1995.000000,46383.000000
20836.000000,3778.000000,2154.000000,46393.000000
20950.000000,3888.000000,2272.000000,46508.000000
21050.000000,3967.000000,2395.000000,46575.000000
21168.000000,4024.000000,2529.000000,46669.000000
21310.000000,4165.000000,2677.000000,46700.000000
21414.000000,4231.000000,2747.000000,46758.000000
21495.000000,4279.000000,2857.000000,46844.000000
21604.000000,4397.000000,3006.000000,46902.000000
21616.000000,4375.000000,2985.000000,46916.000000
21667.000000,4414.000000,3048.000000,46918.000000
21619.000000,4393.000000,2961.000000,46902.000000
21578.000000,4373.000000,2916.000000,46847.000000
21524.000000,4349.000000,2872.000000,46830.000000
21505.000000,4289.000000,2830.000000,46805.000000
21410.000000,4255.000000,2776.000000,46806.000000
21403.000000,4222.000000,2734.000000,46769.000000
21378.000000,4204.000000,2678.000000,46728.000000
21283.000000,4134.000000,2650.000000,46716.000000
21243.000000,4104.000000,2585.000000,46671.000000
21214.000000,4047.000000,2520.000000,46633.000000
21141.000000,4016.000000,2449.000000,46605.000000
21133.000000,3988.000000,2396.000000,46591.000000
21090.000000,3946.000000,2365.000000,46544.000000
20981.000000,3893.000000,2303.000000,46503.000000
20963.000000,3878.000000,2262.000000,46498.000000
20934.000000,3813.000000,2183.000000,46440.000000
20866.000000,3806.000000,2177.000000,46439.000000
20839.000000,3775.000000,2086.000000,46371.000000
20734.000000,3702.000000,1994.000000,46371.000000
20719.000000,3649.000000,1967.000000,46310.000000
20635.000000,3635.000000,1910.000000,46311.000000
20585.000000,3565.000000,1825.000000,46270.000000
20585.000000,3535.000000,1780.000000,46266.000000
20510.000000,3501.000000,1750.000000,46221.000000
20458.000000,3442.000000,1674.000000,46194.000000
20357.000000,3398.000000,1596.000000,46143.000000
20343.000000,3363.000000,1559.000000,46143.000000
20292.000000,3334.000000,1539.000000,46107.000000
20267.000000,3291.000000,1465.000000,46075.000000
20191.000000,3305.000000,1436.000000,46053.000000
20163.000000,3251.000000,1422.000000,46033.000000
20150.000000,3224.000000,1368.000000,45999.000000
20090.000000,3170.000000,1274.000000,45984.000000
20026.000000,3102.000000,1217.000000,45942.000000
19979.000000,3129.000000,1189.000000,45888.000000
19921.000000,3043.000000,1155.000000,45870.000000
19925.000000,3065.000000,1139.000000,45879.000000
19973.000000,3061.000000,1186.000000,45918.000000
20046.000000,3160.000000,1248.000000,45968.000000
20090.000000,3202.000000,1344.000000,46002.000000
20176.000000,3279.000000,1430.000000,46052.000000
20289.000000,3336.000000,1571.000000,46108.000000
20385.000000,3457.000000,1667.000000,46163.000000
20468.000000,3500.000000,1756.000000,46243.000000
20591.000000,3576.000000,1882.000000,46293.000000
20708.000000,3702.000000,2022.000000,46357.000000
20832.000000,3780.000000,2134.000000,46442.000000
20950.000000,3840.000000,2263.000000,46522.000000
21052.000000,3948.000000,2420.000000,46578.000000
21171.000000,4074.000000,2501.000000,46642.000000
21287.000000,4111.000000,2631.000000,46709.000000
21388.000000,4173.000000,2712.000000,46751.000000
21426.000000,4230.000000,2810.000000,46830.000000
21419.000000,4253.000000,2841.000000,46824.000000
21447.000000,4261.000000,2791.000000,46801.000000
21437.000000,4266.000000,2814.000000,46827.000000
21394.000000,4177.000000,2759.000000,46770.000000
21356.000000,4225.000000,2724.000000,46754.000000
21314.000000,4148.000000,2634.000000,46691.000000
21287.000000,4132.000000,2623.000000,46742.000000
21210.000000,4055.000000,2565.000000,46668.000000
21201.000000,4037.000000,2532.000000,46643.000000
21144.000000,4022.000000,2485.000000,46610.000000
21130.000000,3992.000000,2456.000000,46589.000000
21084.000000,4003.000000,2406.000000,46608.000000
21072.000000,3939.000000,2363.000000,46544.000000
20984.000000,3913.000000,2318.000000,46537.000000
20950.000000,3886.000000,2292.000000,46525.000000
20932.000000,3879.000000,2257.000000,46489.000000
20905.000000,3822.000000,2199.000000,46459.000000
20848.000000,3801.000000,2145.000000,46459.000000
20784.000000,3761.000000,2132.000000,46403.000000
20772.000000,3751.000000,2037.000000,46353.000000
20714.000000,3687.000000,1966.000000,46343.000000
20659.000000,3620.000000,1921.000000,46324.000000
20562.000000,3578.000000,1861.000000,46282.000000
20507.000000,3550.000000,1802.000000,46227.000000
20506.000000,3518.000000,1790.000000,46222.000000
20421.000000,3474.000000,1730.000000,46181.000000
20352.000000,3423.000000,1650.000000,46150.000000
20319.000000,3367.000000,1599.000000,46076.000000
20252.000000,3335.000000,1542.000000,46063.000000
20180.000000,3282.000000,1460.000000,46077.000000
20163.000000,3254.000000,1425.000000,46007.000000
20094.000000,3205.000000,1296.000000,46001.000000
20056.000000,3147.000000,1288.000000,45961.000000
19976.000000,3150.000000,1235.000000,45927.000000
19977.000000,3045.000000,1182.000000,45901.000000
19932.000000,3052.000000,1170.000000,45909.000000
20001.000000,3115.000000,1237.000000,45914.000000
20062.000000,3186.000000,1295.000000,45952.000000
20112.000000,3208.000000,1333.000000,45983.000000
20190.000000,3304.000000,1476.000000,46079.000000
20284.000000,3367.000000,1583.000000,46139.000000
20418.000000,3440.000000,1698.000000,46173.000000
20582.000000,3573.000000,1879.000000,46302.000000
20673.000000,3648.000000,2004.000000,46345.000000
20818.000000,3764.000000,2108.000000,46421.000000
20932.000000,3878.000000,2307.000000,46534.000000
21220.000000,4071.000000,2605.000000,46718.000000
21283.000000,4125.000000,2657.000000,46728.000000
21345.000000,4145.000000,2707.000000,46764.000000
21455.000000,4295.000000,2829.000000,46803.000000
21457.000000,4297.000000,2863.000000,46819.000000
21415.000000,4296.000000,2816.000000,46830.000000
21419.000000,4293.000000,2819.000000,46805.000000
21371.000000,4207.000000,2743.000000,46727.000000
21339.000000,4186.000000,2718.000000,46718.000000
21314.000000,4166.000000,2680.000000,46756.000000
21270.000000,4137.000000,2638.000000,46675.000000
21216.000000,4081.000000,2565.000000,46655.000000
21204.000000,4031.000000,2511.000000,46666.000000
21164.000000,4027.000000,2498.000000,46636.000000
21128.000000,4005.000000,2431.000000,46559.000000
21050.000000,3965.000000,2381.000000,46624.000000
21013.000000,3969.000000,2364.000000,46582.000000
20982.000000,3890.000000,2316.000000,46528.000000
20929.000000,3856.000000,2262.000000,46515.000000
20881.000000,3807.000000,2207.000000,46474.000000
20861.000000,3791.000000,2164.000000,46424.000000
20819.000000,3738.000000,2103.000000,46422.000000
20768.000000,3722.000000,2053.000000,46376.000000
20724.000000,3691.000000,2004.000000,46348.000000
20669.000000,3656.000000,1952.000000,46352.000000
20645.000000,3593.000000,1891.000000,46312.000000
20550.000000,3531.000000,1889.000000,46274.000000
20545.000000,3521.000000,1799.000000,46249.000000
20487.000000,3501.000000,1760.000000,46242.000000
20457.000000,3453.000000,1701.000000,46181.000000
20399.000000,3430.000000,1676.000000,46157.000000
20339.000000,3378.000000,1606.000000,46157.000000
20290.000000,3341.000000,1582.000000,46145.000000
20266.000000,3332.000000,1551.000000,46117.000000
20228.000000,3331.000000,1484.000000,46063.000000
20191.000000,3256.000000,1427.000000,46029.000000
20151.000000,3246.000000,1365.000000,46028.000000
20084.000000,3190.000000,1309.000000,45986.000000
20026.000000,3204.000000,1289.000000,45952.000000
20025.000000,3094.000000,1201.000000,45932.000000
19965.000000,3084.000000,1198.000000,45893.000000
19961.000000,3088.000000,1199.000000,45944.000000
19990.000000,3142.000000,1205.000000,45916.000000
20060.000000,3160.000000,1273.000000,45999.000000
20120.000000,3241.000000,1358.000000,46011.000000
20220.000000,3304.000000,1493.000000,46079.000000
20328.000000,3377.000000,1576.000000,46139.000000
20433.000000,3461.000000,1734.000000,46239.000000
20548.000000,3522.000000,1875.000000,46272.000000
20654.000000,3608.000000,1969.000000,46342.000000
20784.000000,3701.000000,2090.000000,46425.000000
20880.000000,3823.000000,2234.000000,46475.000000
21009.000000,3913.000000,2327.000000,46568.000000
21135.000000,4009.000000,2452.000000,46661.000000
21237.000000,4094.000000,2582.000000,46703.000000
21366.000000,4138.000000,2726.000000,46777.000000
21435.000000,4224.000000,2814.000000,46791.000000
21484.000000,4259.000000,2884.000000,46851.000000
21532.000000,4305.000000,2868.000000,46851.000000
21488.000000,4293.000000,2838.000000,46833.000000
21481.000000,4280.000000,2833.000000,46815.000000
21455.000000,4235.000000,2795.000000,46787.000000
21415.000000,4192.000000,2737.000000,46755.000000
21370.000000,4146.000000,2700.000000,46773.000000
21324.000000,4179.000000,2655.000000,46729.000000
21292.000000,4175.000000,2659.000000,46702.000000
21213.000000,4083.000000,2595.000000,46676.000000
21204.000000,4045.000000,2543.000000,46661.000000
21164.000000,4029.000000,2508.000000,46635.000000
21132.000000,3973.000000,2436.000000,46625.000000
21107.000000,3989.000000,2407.000000,46598.000000
21065.000000,3939.000000,2356.000000,46554.000000
21015.000000,3901.000000,2283.000000,46540.000000
20973.000000,3871.000000,2275.000000,46501.000000
20945.000000,3814.000000,2205.000000,46479.000000
20885.000000,3796.000000,2173.000000,46457.000000
20842.000000,3778.000000,2108.000000,46423.000000
20797.000000,3723.000000,2075.000000,46412.000000
20784.000000,3700.000000,2026.000000,46361.000000
20721.000000,3645.000000,1952.000000,46368.000000
20674.000000,3634.000000,1937.000000,46348.000000
20621.000000,3581.000000,1869.000000,46313.000000
20544.000000,3510.000000,1819.000000,46279.000000
20524.000000,3492.000000,1774.000000,46255.000000
20492.000000,3476.000000,1735.000000,46229.000000
20431.000000,3446.000000,1684.000000,46191.000000
20392.000000,3414.000000,1642.000000,46170.000000
20355.000000,3380.000000,1606.000000,46158.000000
20342.000000,3375.000000,1572.000000,46151.000000
20303.000000,3342.000000,1552.000000,46087.000000
20224.000000,3323.000000,1467.000000,46094.000000
20224.000000,3256.000000,1424.000000,46032.000000
20175.000000,3245.000000,1416.000000,46042.000000
20126.000000,3203.000000,1328.000000,46022.000000
20111.000000,3181.000000,1308.000000,45990.000000
20040.000000,3188.000000,1295.000000,45978.000000
20048.000000,3161.000000,1269.000000,45952.000000
20065.000000,3153.000000,1282.000000,45945.000000
20133.000000,3201.000000,1329.000000,45994.000000
20154.000000,3249.000000,1386.000000,46085.000000
20286.000000,3333.000000,1516.000000,46104.000000
20325.000000,3389.000000,1598.000000,46146.000000
20446.000000,3470.000000,1724.000000,46215.000000
20566.000000,3544.000000,1873.000000,46300.000000
20691.000000,3667.000000,1975.000000,46378.000000
20834.000000,3746.000000,2102.000000,46413.000000
20899.000000,3842.000000,2217.000000,46520.000000
21043.000000,3926.000000,2375.000000,46570.000000
21158.000000,4049.000000,2495.000000,46640.000000
21272.000000,4110.000000,2604.000000,46713.000000
21370.000000,4228.000000,2730.000000,46771.000000
21488.000000,4300.000000,2866.000000,46856.000000
21590.000000,4374.000000,2924.000000,46884.000000
21641.000000,4436.000000,3088.000000,46908.000000
21698.000000,4442.000000,3064.000000,46951.000000
21664.000000,4446.000000,3050.000000,46950.000000
21622.000000,4447.000000,2985.000000,46927.000000
21600.000000,4388.000000,2957.000000,46906.000000
21550.000000,4334.000000,2908.000000,46875.000000
21488.000000,4290.000000,2848.000000,46844.000000
21449.000000,4256.000000,2819.000000,46859.000000
21403.000000,4207.000000,2734.000000,46762.000000
21350.000000,4187.000000,2689.000000,46749.000000
21340.000000,4152.000000,2645.000000,46727.000000
21269.000000,4135.000000,2591.000000,46698.000000
21242.000000,4077.000000,2519.000000,46648.000000
21154.000000,4006.000000,2448.000000,46643.000000
21129.000000,4029.000000,2450.000000,46615.000000
21141.000000,3998.000000,2449.000000,46590.000000
21077.000000,3973.000000,2398.000000,46563.000000
21040.000000,3920.000000,2351.000000,46538.000000
21000.000000,3923.000000,2296.000000,46516.000000
20970.000000,3851.000000,2243.000000,46475.000000
20936.000000,3776.000000,2210.000000,46470.000000
20850.000000,3777.000000,2115.000000,46427.000000
20838.000000,3776.000000,2072.000000,46409.000000
20784.000000,3694.000000,1982.000000,46377.000000
20697.000000,3655.000000,1973.000000,46359.000000
20643.000000,3600.000000,1945.000000,46329.000000
20596.000000,3580.000000,1864.000000,46302.000000
20576.000000,3532.000000,1814.000000,46258.000000
20488.000000,3491.000000,1775.000000,46258.000000
20471.000000,3458.000000,1702.000000,46183.000000
20424.000000,3391.000000,1634.000000,46163.000000
20374.000000,3381.000000,1612.000000,46136.000000
20289.000000,3328.000000,1539.000000,46110.000000
20272.000000,3296.000000,1506.000000,46088.000000
20228.000000,3259.000000,1424.000000,46065.000000
20228.000000,3234.000000,1387.000000,46040.000000
20135.000000,3212.000000,1345.000000,45996.000000
20144.000000,3189.000000,1309.000000,45986.000000
20070.000000,3159.000000,1274.000000,46001.000000
20067.000000,3169.000000,1261.000000,45952.000000
20094.000000,3201.000000,1295.000000,45967.000000
20165.000000,3218.000000,1359.000000,46000.000000
20222.000000,3252.000000,1417.000000,46063.000000
20288.000000,3335.000000,1520.000000,46144.000000
20371.000000,3396.000000,1618.000000,46165.000000
20503.000000,3470.000000,1754.000000,46246.000000
20583.000000,3566.000000,1854.000000,46289.000000
20728.000000,3649.000000,1977.000000,46357.000000
20802.000000,3717.000000,2053.000000,46440.000000
20917.000000,3843.000000,2174.000000,46491.000000
21011.000000,3868.000000,2310.000000,46551.000000
21068.000000,3902.000000,2349.000000,46593.000000
21166.000000,4007.000000,2484.000000,46660.000000
21285.000000,4109.000000,2612.000000,46696.000000
21363.000000,4178.000000,2697.000000,46772.000000
21478.000000,4214.000000,2803.000000,46803.000000
21512.000000,4288.000000,2838.000000,46841.000000
21532.000000,4295.000000,2849.000000,46862.000000
21498.000000,4261.000000,2827.000000,46813.000000
21482.000000,4224.000000,2762.000000,46775.000000
21438.000000,4207.000000,2784.000000,46789.000000
21370.000000,4199.000000,2703.000000,46748.000000
21334.000000,4125.000000,2640.000000,46707.000000
21298.000000,4114.000000,2579.000000,46698.000000
21297.000000,4104.000000,2589.000000,46673.000000
21249.000000,4073.000000,2524.000000,46676.000000
21199.000000,4023.000000,2467.000000,46639.000000
21151.000000,3968.000000,2415.000000,46603.000000
21118.000000,3957.000000,2358.000000,46579.000000
21089.000000,3908.000000,2358.000000,46586.000000
21017.000000,3852.000000,2291.000000,46543.000000
20988.000000,3830.000000,2250.000000,46514.000000
20979.000000,3825.000000,2179.000000,46471.000000
20905.000000,3792.000000,2149.000000,46445.000000
20867.000000,3731.000000,2117.000000,46453.000000
20859.000000,3699.000000,2045.000000,46413.000000
20798.000000,3638.000000,1978.000000,46373.000000
20722.000000,3591.000000,1947.000000,46333.000000
20679.000000,3546.000000,1881.000000,46311.000000
20641.000000,3534.000000,1875.000000,46275.000000
20594.000000,3537.000000,1794.000000,46288.000000
20544.000000,3442.000000,1716.000000,46230.000000
20474.000000,3436.000000,1707.000000,46219.000000
20447.000000,3423.000000,1633.000000,46192.000000
20433.000000,3364.000000,1586.000000,46156.000000
20344.000000,3354.000000,1564.000000,46139.000000
20367.000000,3346.000000,1530.000000,46098.000000
20290.000000,3255.000000,1455.000000,46063.000000
20236.000000,3240.000000,1451.000000,46050.000000
20249.000000,3234.000000,1390.000000,46025.000000
20214.000000,3219.000000,1323.000000,46013.000000
20167.000000,3164.000000,1281.000000,45996.000000
20133.000000,3096.000000,1280.000000,45971.000000
20115.000000,3126.000000,1232.000000,45968.000000
20055.000000,3128.000000,1193.000000,45934.000000
20029.000000,3073.000000,1188.000000,45937.000000
20021.000000,3091.000000,1185.000000,45932.000000
20105.000000,3095.000000,1218.000000,45964.000000
20161.000000,3168.000000,1286.000000,45982.000000
20218.000000,3229.000000,1396.000000,46044.000000
20287.000000,3251.000000,1498.000000,46130.000000
20399.000000,3355.000000,1611.000000,46175.000000
20529.000000,3485.000000,1700.000000,46244.000000
20636.000000,3567.000000,1871.000000,46321.000000
20766.000000,3706.000000,1997.000000,46379.000000
20885.000000,3784.000000,2138.000000,46462.000000
21021.000000,3855.000000,2280.000000,46525.000000
21149.000000,3956.000000,2411.000000,46626.000000
21247.000000,4016.000000,2534.000000,46716.000000
21389.000000,4180.000000,2656.000000,46758.000000
21458.000000,4223.000000,2793.000000,46827.000000
21561.000000,4322.000000,2906.000000,46882.000000
21608.000000,4315.000000,2932.000000,46887.000000
21674.000000,4368.000000,2947.000000,46940.000000
21684.000000,4398.000000,2999.000000,46940.000000
21676.000000,4363.000000,2992.000000,46918.000000
21677.000000,4355.000000,2938.000000,46907.000000
21596.000000,4315.000000,2879.000000,46906.000000
21523.000000,4295.000000,2848.000000,46846.000000
21526.000000,4256.000000,2794.000000,46834.000000
21467.000000,4202.000000,2718.000000,46809.000000
21416.000000,4178.000000,2689.000000,46777.000000
21396.000000,4116.000000,2611.000000,46709.000000
21292.000000,4065.000000,2583.000000,46701.000000
21245.000000,4029.000000,2491.000000,46659.000000
21241.000000,4004.000000,2489.000000,46635.000000
21179.000000,3990.000000,2404.000000,46622.000000
21099.000000,3883.000000,2300.000000,46578.000000
21080.000000,3884.000000,2317.000000,46534.000000
21026.000000,3795.000000,2214.000000,46491.000000
20958.000000,3781.000000,2184.000000,46472.000000
20911.000000,3766.000000,2141.000000,46484.000000
20906.000000,3711.000000,2071.000000,46416.000000
20854.000000,3679.000000,2013.000000,46363.000000
20799.000000,3634.000000,1977.000000,46400.000000
20750.000000,3587.000000,1907.000000,46353.000000
20662.000000,3555.000000,1876.000000,46336.000000
20634.000000,3555.000000,1826.000000,46283.000000
20544.000000,3493.000000,1767.000000,46238.000000
20508.000000,3433.000000,1704.000000,46209.000000
20500.000000,3398.000000,1655.000000,46198.000000
20425.000000,3396.000000,1596.000000,46183.000000
20389.000000,3330.000000,1551.000000,46148.000000
20350.000000,3314.000000,1535.000000,46108.000000
20328.000000,3262.000000,1474.000000,46107.000000
20292.000000,3243.000000,1395.000000,46091.000000
20266.000000,3251.000000,1404.000000,46058.000000
20207.000000,3223.000000,1348.000000,46051.000000
20178.000000,3143.000000,1284.000000,46020.000000
20139.000000,3139.000000,1226.000000,45958.000000
20082.000000,3071.000000,1192.000000,45939.000000
20045.000000,3010.000000,1139.000000,45913.000000
19988.000000,3024.000000,1111.000000,45894.000000
19985.000000,3015.000000,1129.000000,45912.000000
20079.000000,3090.000000,1202.000000,45937.000000
20111.000000,3130.000000,1314.000000,45995.000000
20213.000000,3206.000000,1384.000000,46061.000000
20389.000000,3309.000000,1606.000000,46160.000000
20419.000000,3360.000000,1614.000000,46219.000000
20462.000000,3398.000000,1668.000000,46223.000000
20632.000000,3532.000000,1847.000000,46320.000000
20760.000000,3638.000000,1967.000000,46392.000000
20895.000000,3748.000000,2154.000000,46473.000000
21119.000000,3896.000000,2370.000000,46583.000000
21284.000000,4014.000000,2542.000000,46708.000000
21397.000000,4133.000000,2677.000000,46763.000000
21474.000000,4202.000000,2771.000000,46848.000000
21569.000000,4245.000000,2834.000000,46863.000000
21600.000000,4257.000000,2893.000000,46902.000000
21573.000000,4302.000000,2899.000000,46900.000000
21570.000000,4301.000000,2846.000000,46887.000000
21520.000000,4291.000000,2813.000000,46864.000000
21488.000000,4222.000000,2768.000000,46798.000000
21429.000000,4146.000000,2723.000000,46790.000000
21384.000000,4135.000000,2635.000000,46755.000000
21337.000000,4091.000000,2607.000000,46761.000000
21318.000000,4076.000000,2563.000000,46667.000000
21277.000000,4014.000000,2502.000000,46690.000000
21239.000000,3974.000000,2483.000000,46647.000000
21193.000000,3983.000000,2411.000000,46624.000000
21146.000000,3952.000000,2360.000000,46571.000000
21110.000000,3868.000000,2319.000000,46583.000000
21071.000000,3861.000000,2298.000000,46580.000000
21028.000000,3842.000000,2267.000000,46531.000000
21000.000000,3827.000000,2202.000000,46470.000000
20943.000000,3778.000000,2142.000000,46480.000000
20922.000000,3744.000000,2074.000000,46451.000000
20848.000000,3645.000000,2047.000000,46415.000000
20811.000000,3625.000000,1976.000000,46354.000000
20734.000000,3595.000000,1957.000000,46369.000000
20727.000000,3553.000000,1880.000000,46337.000000
20668.000000,3512.000000,1832.000000,46304.000000
20632.000000,3474.000000,1797.000000,46240.000000
20566.000000,3445.000000,1719.000000,46265.000000
20533.000000,3430.000000,1698.000000,46242.000000
20479.000000,3405.000000,1621.000000,46219.000000
20420.000000,3357.000000,1571.000000,46163.000000
20404.000000,3351.000000,1578.000000,46151.000000
20415.000000,3326.000000,1526.000000,46147.000000
20379.000000,3282.000000,1481.000000,46109.000000
20317.000000,3257.000000,1446.000000,46094.000000
20276.000000,3243.000000,1417.000000,46079.000000
20224.000000,3218.000000,1385.000000,46049.000000
20216.000000,3210.000000,1300.000000,46029.000000
20161.000000,3170.000000,1304.000000,45980.000000
20113.000000,3158.000000,1259.000000,46021.000000
20129.000000,3119.000000,1235.000000,45977.000000
20164.000000,3185.000000,1322.000000,46003.000000
20224.000000,3205.000000,1371.000000,46044.000000
20244.000000,3230.000000,1415.000000,46077.000000
20316.000000,3272.000000,1479.000000,46154.000000
20428.000000,3374.000000,1575.000000,46159.000000
20516.000000,3425.000000,1717.000000,46236.000000
20591.000000,3544.000000,1848.000000,46290.000000
20741.000000,3606.000000,1926.000000,46384.000000
20820.000000,3672.000000,2056.000000,46437.000000
20933.000000,3779.000000,2171.000000,46508.000000
21038.000000,3859.000000,2291.000000,46555.000000
21182.000000,3960.000000,2428.000000,46638.000000
21250.000000,4032.000000,2526.000000,46695.000000
21365.000000,4090.000000,2631.000000,46793.000000
21420.000000,4192.000000,2739.000000,46802.000000
21503.000000,4218.000000,2820.000000,46844.000000
21553.000000,4273.000000,2865.000000,46891.000000
21591.000000,4314.000000,2869.000000,46879.000000
21555.000000,4257.000000,2836.000000,46871.000000
21541.000000,4252.000000,2813.000000,46833.000000
21486.000000,4220.000000,2773.000000,46831.000000
21456.000000,4191.000000,2736.000000,46804.000000
21439.000000,4153.000000,2718.000000,46797.000000
21371.000000,4143.000000,2651.000000,46762.000000
21377.000000,4148.000000,2609.000000,46739.000000
21327.000000,4085.000000,2568.000000,46710.000000
21297.000000,4029.000000,2537.000000,46689.000000
21292.000000,4041.000000,2495.000000,46689.000000
21222.000000,3996.000000,2485.000000,46650.000000
21190.000000,3952.000000,2451.000000,46664.000000
21145.000000,3959.000000,2433.000000,46651.000000
21136.000000,3944.000000,2353.000000,46602.000000
21063.000000,3899.000000,2323.000000,46551.000000
21036.000000,3869.000000,2248.000000,46542.000000
21019.000000,3816.000000,2220.000000,46537.000000
20953.000000,3798.000000,2174.000000,46488.000000
20969.000000,3775.000000,2150.000000,46469.000000
20901.000000,3724.000000,2092.000000,46434.000000
20863.000000,3712.000000,2040.000000,46432.000000
20807.000000,3679.000000,1992.000000,46401.000000
20774.000000,3662.000000,1969.000000,46399.000000
20787.000000,3608.000000,1948.000000,46361.000000
20703.000000,3545.000000,1882.000000,46327.000000
20691.000000,3565.000000,1874.000000,46310.000000
20606.000000,3507.000000,1818.000000,46294.000000
20572.000000,3508.000000,1774.000000,46257.000000
20543.000000,3455.000000,1713.000000,46231.000000
20517.000000,3401.000000,1635.000000,46212.000000
20456.000000,3361.000000,1616.000000,46174.000000
20428.000000,3360.000000,1576.000000,46141.000000
20378.000000,3331.000000,1505.000000,46101.000000
20311.000000,3282.000000,1455.000000,46069.000000
20273.000000,3252.000000,1395.000000,46084.000000
20286.000000,3262.000000,1404.000000,46096.000000
20237.000000,3202.000000,1342.000000,46036.000000
20199.000000,3160.000000,1338.000000,46051.000000
20224.000000,3176.000000,1329.000000,46045.000000
20228.000000,3255.000000,1380.000000,46065.000000
20271.000000,3233.000000,1427.000000,46095.000000
20314.000000,3288.000000,1506.000000,46136.000000
20394.000000,3368.000000,1608.000000,46156.000000
20516.000000,3413.000000,1683.000000,46215.000000
20599.000000,3503.000000,1787.000000,46310.000000
20705.000000,3587.000000,1941.000000,46364.000000
20712.000000,3574.000000,1946.000000,46371.000000
20841.000000,3689.000000,2042.000000,46430.000000
20922.000000,3738.000000,2188.000000,46488.000000
21057.000000,3847.000000,2261.000000,46554.000000
21094.000000,3875.000000,2365.000000,46645.000000
21225.000000,3997.000000,2484.000000,46675.000000
21327.000000,4088.000000,2628.000000,46753.000000
21422.000000,4137.000000,2688.000000,46793.000000
21493.000000,4215.000000,2765.000000,46859.000000
21535.000000,4264.000000,2827.000000,46883.000000
21553.000000,4251.000000,2849.000000,46886.000000
21553.000000,4230.000000,2814.000000,46846.000000
21501.000000,4233.000000,2724.000000,46801.000000
21461.000000,4202.000000,2728.000000,46808.000000
21459.000000,4178.000000,2691.000000,46784.000000
21424.000000,4158.000000,2672.000000,46744.000000
21389.000000,4125.000000,2597.000000,46755.000000
21342.000000,4098.000000,2561.000000,46725.000000
21281.000000,4052.000000,2490.000000,46691.000000
21247.000000,3958.000000,2471.000000,46667.000000
21232.000000,3970.000000,2408.000000,46631.000000
21155.000000,3924.000000,2374.000000,46603.000000
21104.000000,3881.000000,2270.000000,46592.000000
21043.000000,3843.000000,2270.000000,46543.000000
21014.000000,3849.000000,2216.000000,46487.000000
21017.000000,3778.000000,2178.000000,46482.000000
20936.000000,3749.000000,2090.000000,46446.000000
20903.000000,3692.000000,2051.000000,46459.000000
20864.000000,3657.000000,2013.000000,46408.000000
20784.000000,3646.000000,1959.000000,46399.000000
20797.000000,3614.000000,1924.000000,46378.000000
20738.000000,3574.000000,1870.000000,46339.000000
20693.000000,3517.000000,1841.000000,46338.000000
20619.000000,3525.000000,1767.000000,46258.000000
20578.000000,3484.000000,1709.000000,46252.000000
20590.000000,3432.000000,1721.000000,46265.000000
20560.000000,3427.000000,1662.000000,46230.000000
20483.000000,3413.000000,1621.000000,46189.000000
20472.000000,3347.000000,1576.000000,46160.000000
20409.000000,3312.000000,1515.000000,46134.000000
20402.000000,3285.000000,1483.000000,46139.000000
20308.000000,3242.000000,1446.000000,46130.000000
20294.000000,3238.000000,1411.000000,46046.000000
20272.000000,3226.000000,1372.000000,46049.000000
20220.000000,3192.000000,1322.000000,46035.000000
20247.000000,3203.000000,1302.000000,46026.000000
20186.000000,3155.000000,1318.000000,45994.000000
20183.000000,3177.000000,1311.000000,46010.000000
20200.000000,3194.000000,1329.000000,46052.000000
20273.000000,3212.000000,1384.000000,46074.000000
20372.000000,3289.000000,1468.000000,46117.000000
20428.000000,3331.000000,1556.000000,46170.000000
20525.000000,3400.000000,1683.000000,46235.000000
20624.000000,3474.000000,1780.000000,46264.000000
20754.000000,3603.000000,1906.000000,46362.000000
20883.000000,3633.000000,2031.000000,46452.000000
20937.000000,3774.000000,2172.000000,46490.000000
21061.000000,3854.000000,2299.000000,46573.000000
21168.000000,3924.000000,2408.000000,46626.000000
21275.000000,3984.000000,2511.000000,46716.000000
21397.000000,4097.000000,2644.000000,46775.000000
21523.000000,4181.000000,2748.000000,46847.000000
21556.000000,4238.000000,2823.000000,46885.000000
21706.000000,4318.000000,2918.000000,46902.000000
21694.000000,4340.000000,2989.000000,46939.000000
21753.000000,4386.000000,2955.000000,46959.000000
21710.000000,4350.000000,2971.000000,46933.000000
21653.000000,4358.000000,2933.000000,46899.000000
21661.000000,4289.000000,2840.000000,46869.000000
21609.000000,4225.000000,2815.000000,46851.000000
21538.000000,4240.000000,2766.000000,46829.000000
21499.000000,4176.000000,2729.000000,46819.000000
21478.000000,4178.000000,2664.000000,46774.000000
21410.000000,4133.000000,2609.000000,46734.000000
21374.000000,4113.000000,2559.000000,46722.000000
21331.000000,4066.000000,2557.000000,46701.000000
21295.000000,4001.000000,2475.000000,46675.000000
21271.000000,3973.000000,2431.000000,46675.000000
21192.000000,3947.000000,2366.000000,46644.000000
21167.000000,3886.000000,2313.000000,46579.000000
21121.000000,3823.000000,2273.000000,46555.000000
21085.000000,3811.000000,2239.000000,46514.000000
21021.000000,3770.000000,2177.000000,46516.000000
20963.000000,3718.000000,2101.000000,46470.000000
20931.000000,3693.000000,2052.000000,46387.000000
20901.000000,3649.000000,1994.000000,46423.000000
20772.000000,3589.000000,1890.000000,46307.000000
20737.000000,3543.000000,1858.000000,46333.000000
20748.000000,3553.000000,1833.000000,46305.000000
20718.000000,3524.000000,1848.000000,46309.000000
20688.000000,3466.000000,1766.000000,46257.000000
20577.000000,3438.000000,1720.000000,46278.000000
20559.000000,3420.000000,1695.000000,46249.000000
20519.000000,3378.000000,1631.000000,46196.000000
20484.000000,3335.000000,1582.000000,46180.000000
20467.000000,3335.000000,1547.000000,46164.000000
20394.000000,3304.000000,1534.000000,46115.000000
20375.000000,3269.000000,1441.000000,46112.000000
20353.000000,3255.000000,1417.000000,46082.000000
20316.000000,3238.000000,1368.000000,46051.000000
20277.000000,3199.000000,1334.000000,46036.000000
20254.000000,3191.000000,1338.000000,46023.000000
20330.000000,3216.000000,1411.000000,46087.000000
20404.000000,3302.000000,1545.000000,46162.000000
20450.000000,3343.000000,1553.000000,46162.000000
20545.000000,3408.000000,1654.000000,46217.000000
20611.000000,3478.000000,1758.000000,46287.000000
20745.000000,3585.000000,1944.000000,46387.000000
20865.000000,3645.000000,2038.000000,46457.000000
20981.000000,3750.000000,2155.000000,46492.000000
21159.000000,3871.000000,2337.000000,46625.000000
21221.000000,3940.000000,2421.000000,46657.000000
21371.000000,4052.000000,2599.000000,46754.000000
21483.000000,4149.000000,2698.000000,46787.000000
21587.000000,4199.000000,2800.000000,46861.000000
21699.000000,4342.000000,2930.000000,46909.000000
21731.000000,4345.000000,2971.000000,47003.000000
21792.000000,4398.000000,3034.000000,46984.000000
21776.000000,4409.000000,3051.000000,46985.000000
21717.000000,4333.000000,2908.000000,46950.000000
21683.000000,4348.000000,2933.000000,46926.000000
21695.000000,4295.000000,2868.000000,46896.000000
21662.000000,4273.000000,2829.000000,46883.000000
21565.000000,4211.000000,2727.000000,46825.000000
21562.000000,4168.000000,2712.000000,46761.000000
21505.000000,4192.000000,2691.000000,46786.000000
21452.000000,4136.000000,2644.000000,46727.000000
21416.000000,4065.000000,2562.000000,46733.000000
21367.000000,4000.000000,2533.000000,46713.000000
21328.000000,4007.000000,2442.000000,46665.000000
21298.000000,3946.000000,2427.000000,46614.000000
21275.000000,3970.000000,2397.000000,46607.000000
21218.000000,3941.000000,2389.000000,46611.000000
21172.000000,3872.000000,2331.000000,46569.000000
21148.000000,3875.000000,2256.000000,46562.000000
21092.000000,3831.000000,2214.000000,46496.000000
21076.000000,3753.000000,2146.000000,46482.000000
21017.000000,3772.000000,2104.000000,46468.000000
20973.000000,3689.000000,2070.000000,46411.000000
20942.000000,3682.000000,2016.000000,46438.000000
20871.000000,3652.000000,1972.000000,46387.000000
20835.000000,3614.000000,1937.000000,46375.000000
20824.000000,3573.000000,1849.000000,46329.000000
20772.000000,3526.000000,1818.000000,46312.000000
20768.000000,3495.000000,1773.000000,46288.000000
20665.000000,3467.000000,1782.000000,46279.000000
20642.000000,3431.000000,1687.000000,46222.000000
20604.000000,3435.000000,1656.000000,46224.000000
20520.000000,3389.000000,1620.000000,46188.000000
20510.000000,3352.000000,1556.000000,46167.000000
20500.000000,3365.000000,1557.000000,46168.000000
20463.000000,3299.000000,1515.000000,46167.000000
20435.000000,3284.000000,1484.000000,46117.000000
20375.000000,3267.000000,1438.000000,46118.000000
20375.000000,3262.000000,1453.000000,46089.000000
20398.000000,3224.000000,1483.000000,46131.000000
20405.000000,3268.000000,1463.000000,46103.000000
20479.000000,3321.000000,1559.000000,46170.000000
20553.000000,3359.000000,1641.000000,46210.000000
20790.000000,3569.000000,1890.000000,46319.000000
20832.000000,3549.000000,1887.000000,46366.000000
20815.000000,3604.000000,1951.000000,46411.000000
20981.000000,3726.000000,2097.000000,46482.000000
21056.000000,3771.000000,2212.000000,46525.000000
21194.000000,3866.000000,2310.000000,46577.000000
21263.000000,3978.000000,2447.000000,46648.000000
21381.000000,4010.000000,2516.000000,46696.000000
21489.000000,4080.000000,2646.000000,46792.000000
21569.000000,4169.000000,2731.000000,46816.000000
21640.000000,4260.000000,2837.000000,46896.000000
21709.000000,4333.000000,2876.000000,46911.000000
21727.000000,4348.000000,2960.000000,46947.000000
21789.000000,4320.000000,2922.000000,46921.000000
21742.000000,4310.000000,2900.000000,46921.000000
21689.000000,4277.000000,2873.000000,46908.000000
21665.000000,4294.000000,2822.000000,46858.000000
21659.000000,4239.000000,2768.000000,46849.000000
21578.000000,4223.000000,2715.000000,46821.000000
21545.000000,4178.000000,2647.000000,46749.000000
21511.000000,4132.000000,2636.000000,46736.000000
21429.000000,4091.000000,2576.000000,46756.000000
21430.000000,4076.000000,2559.000000,46720.000000
21375.000000,4015.000000,2511.000000,46681.000000
21328.000000,4019.000000,2427.000000,46644.000000
21334.000000,3977.000000,2414.000000,46646.000000
21239.000000,3945.000000,2339.000000,46627.000000
21253.000000,3939.000000,2303.000000,46591.000000
21211.000000,3913.000000,2315.000000,46557.000000
21188.000000,3834.000000,2199.000000,46532.000000
21149.000000,3852.000000,2198.000000,46518.000000
21107.000000,3803.000000,2151.000000,46499.000000
21045.000000,3766.000000,2130.000000,46463.000000
21034.000000,3758.000000,2084.000000,46442.000000
21010.000000,3689.000000,2032.000000,46419.000000
20993.000000,3656.000000,1956.000000,46397.000000
20914.000000,3648.000000,1971.000000,46375.000000
20872.000000,3604.000000,1893.000000,46355.000000
20862.000000,3585.000000,1875.000000,46301.000000
20847.000000,3554.000000,1826.000000,46321.000000
20781.000000,3527.000000,1760.000000,46306.000000
20715.000000,3484.000000,1733.000000,46260.000000
20667.000000,3444.000000,1645.000000,46226.000000
20681.000000,3425.000000,1640.000000,46179.000000
20598.000000,3362.000000,1592.000000,46149.000000
20551.000000,3309.000000,1503.000000,46143.000000
20508.000000,3304.000000,1501.000000,46129.000000
20455.000000,3278.000000,1449.000000,46088.000000
20447.000000,3262.000000,1390.000000,46066.000000
20367.000000,3242.000000,1325.000000,46053.000000
20394.000000,3200.000000,1326.000000,46025.000000
20341.000000,3196.000000,1274.000000,46030.000000
20352.000000,3210.000000,1350.000000,46039.000000
20406.000000,3264.000000,1381.000000,46088.000000
20483.000000,3282.000000,1443.000000,46109.000000
20517.000000,3318.000000,1525.000000,46197.000000
20622.000000,3393.000000,1625.000000,46220.000000
20715.000000,3441.000000,1710.000000,46277.000000
20829.000000,3532.000000,1863.000000,46311.000000
20956.000000,3626.000000,1973.000000,46395.000000
21083.000000,3754.000000,2111.000000,46470.000000
21133.000000,3794.000000,2177.000000,46538.000000
21268.000000,3871.000000,2331.000000,46580.000000
21296.000000,3922.000000,2356.000000,46621.000000
21400.000000,3990.000000,2479.000000,46715.000000
21491.000000,4082.000000,2596.000000,46769.000000
21592.000000,4177.000000,2714.000000,46782.000000
21685.000000,4269.000000,2779.000000,46869.000000
21768.000000,4314.000000,2886.000000,46923.000000
21826.000000,4355.000000,2941.000000,46916.000000
21870.000000,4394.000000,2952.000000,46943.000000
21824.000000,4372.000000,2959.000000,46918.000000
21807.000000,4361.000000,2920.000000,46914.000000
21805.000000,4357.000000,2888.000000,46908.000000
21793.000000,4342.000000,2857.000000,46880.000000
21762.000000,4299.000000,2808.000000,46852.000000
21725.000000,4267.000000,2771.000000,46839.000000
21646.000000,4236.000000,2721.000000,46801.000000
21622.000000,4181.000000,2678.000000,46791.000000
21614.000000,4152.000000,2633.000000,46775.000000
21574.000000,4168.000000,2611.000000,46751.000000
21482.000000,4095.000000,2550.000000,46705.000000
21481.000000,4072.000000,2518.000000,46700.000000
21434.000000,4061.000000,2480.000000,46703.000000
21406.000000,3995.000000,2427.000000,46672.000000
21359.000000,3998.000000,2355.000000,46608.000000
21357.000000,3968.000000,2352.000000,46561.000000
21305.000000,3926.000000,2271.000000,46579.000000
21285.000000,3912.000000,2258.000000,46534.000000
21231.000000,3857.000000,2204.000000,46512.000000
21180.000000,3851.000000,2142.000000,46478.000000
21132.000000,3790.000000,2117.000000,46511.000000
21086.000000,3740.000000,2083.000000,46450.000000
21045.000000,3743.000000,2013.000000,46422.000000
21028.000000,3684.000000,1948.000000,46368.000000
20942.000000,3616.000000,1893.000000,46373.000000
20927.000000,3616.000000,1850.000000,46332.000000
20867.000000,3532.000000,1822.000000,46265.000000
20799.000000,3512.000000,1741.000000,46255.000000
20762.000000,3469.000000,1678.000000,46251.000000
20710.000000,3471.000000,1628.000000,46202.000000
20694.000000,3416.000000,1603.000000,46199.000000
20640.000000,3378.000000,1547.000000,46148.000000
20599.000000,3361.000000,1507.000000,46151.000000
20560.000000,3298.000000,1474.000000,46126.000000
20530.000000,3308.000000,1420.000000,46068.000000
20470.000000,3238.000000,1339.000000,46038.000000
20460.000000,3198.000000,1331.000000,46018.000000
20395.000000,3215.000000,1313.000000,46006.000000
20365.000000,3169.000000,1241.000000,46032.000000
20386.000000,3182.000000,1233.000000,45982.000000
20344.000000,3162.000000,1220.000000,45977.000000
20351.000000,3176.000000,1245.000000,46019.000000
20390.000000,3207.000000,1303.000000,46023.000000
20457.000000,3256.000000,1337.000000,46077.000000
20523.000000,3309.000000,1463.000000,46120.000000
20611.000000,3360.000000,1543.000000,46164.000000
20746.000000,3454.000000,1649.000000,46244.000000
20823.000000,3541.000000,1805.000000,46286.000000
20953.000000,3649.000000,1906.000000,46380.000000
21042.000000,3713.000000,2047.000000,46448.000000
21121.000000,3841.000000,2160.000000,46545.000000
21253.000000,3898.000000,2282.000000,46600.000000
21348.000000,3980.000000,2410.000000,46668.000000
21473.000000,4060.000000,2531.000000,46706.000000
21580.000000,4129.000000,2649.000000,46768.000000
21659.000000,4218.000000,2722.000000,46838.000000
21725.000000,4279.000000,2796.000000,46837.000000
21803.000000,4331.000000,2857.000000,46873.000000
21780.000000,4305.000000,2826.000000,46880.000000
21787.000000,4314.000000,2856.000000,46869.000000
21750.000000,4283.000000,2810.000000,46833.000000
21718.000000,4233.000000,2742.000000,46796.000000
21651.000000,4217.000000,2710.000000,46827.000000
21659.000000,4189.000000,2681.000000,46785.000000
21597.000000,4183.000000,2639.000000,46781.000000
21562.000000,4128.000000,2564.000000,46720.000000
21513.000000,4100.000000,2522.000000,46714.000000
21474.000000,4071.000000,2477.000000,46678.000000
21509.000000,4061.000000,2467.000000,46644.000000
21444.000000,4026.000000,2400.000000,46653.000000
21358.000000,4002.000000,2401.000000,46648.000000
21358.000000,3946.000000,2334.000000,46622.000000
21284.000000,3907.000000,2322.000000,46580.000000
21276.000000,3898.000000,2254.000000,46550.000000
21243.000000,3890.000000,2215.000000,46534.000000
21196.000000,3858.000000,2207.000000,46527.000000
21166.000000,3813.000000,2127.000000,46508.000000
21105.000000,3779.000000,2088.000000,46440.000000
21087.000000,3754.000000,2016.000000,46417.000000
21014.000000,3705.000000,1960.000000,46389.000000
20979.000000,3641.000000,1903.000000,46349.000000
20929.000000,3598.000000,1858.000000,46346.000000
20939.000000,3586.000000,1859.000000,46343.000000
20899.000000,3540.000000,1806.000000,46282.000000
20813.000000,3513.000000,1759.000000,46257.000000
20773.000000,3502.000000,1695.000000,46228.000000
20717.000000,3446.000000,1653.000000,46231.000000
20687.000000,3433.000000,1600.000000,46207.000000
20613.000000,3381.000000,1571.000000,46186.000000
20612.000000,3351.000000,1536.000000,46178.000000
20537.000000,3347.000000,1488.000000,46119.000000
20519.000000,3286.000000,1445.000000,46129.000000
20500.000000,3269.000000,1365.000000,46071.000000
20471.000000,3266.000000,1375.000000,46030.000000
20481.000000,3215.000000,1312.000000,45997.000000
20388.000000,3207.000000,1283.000000,46018.000000
20354.000000,3192.000000,1255.000000,46004.000000
20358.000000,3208.000000,1263.000000,46014.000000
20376.000000,3198.000000,1286.000000,46022.000000
20411.000000,3223.000000,1329.000000,46031.000000
20451.000000,3269.000000,1391.000000,46097.000000
20486.000000,3317.000000,1492.000000,46115.000000
20608.000000,3359.000000,1554.000000,46162.000000
20731.000000,3433.000000,1675.000000,46226.000000
20822.000000,3543.000000,1812.000000,46293.000000
20923.000000,3639.000000,1935.000000,46371.000000
21040.000000,3750.000000,2058.000000,46441.000000
21132.000000,3839.000000,2190.000000,46523.000000
21301.000000,3891.000000,2288.000000,46566.000000
21372.000000,4020.000000,2421.000000,46645.000000
21472.000000,4092.000000,2503.000000,46724.000000
21545.000000,4164.000000,2617.000000,46753.000000
21607.000000,4268.000000,2761.000000,46858.000000
21799.000000,4309.000000,2856.000000,46871.000000
21818.000000,4378.000000,2937.000000,46929.000000
21881.000000,4422.000000,3000.000000,46970.000000
21894.000000,4402.000000,3000.000000,46962.000000
21896.000000,4443.000000,3008.000000,46959.000000
21865.000000,4421.000000,2966.000000,46918.000000
21786.000000,4358.000000,2903.000000,46895.000000
21816.000000,4345.000000,2882.000000,46872.000000
21802.000000,4345.000000,2859.000000,46879.000000
21722.000000,4284.000000,2796.000000,46857.000000
21702.000000,4249.000000,2798.000000,46832.000000
21706.000000,4252.000000,2774.000000,46813.000000
21664.000000,4272.000000,2731.000000,46818.000000
21617.000000,4211.000000,2669.000000,46778.000000
21615.000000,4198.000000,2693.000000,46756.000000
21593.000000,4174.000000,2627.000000,46743.000000
21541.000000,4138.000000,2561.000000,46717.000000
21488.000000,4118.000000,2548.000000,46670.000000
21457.000000,4109.000000,2485.000000,46705.000000
21443.000000,4049.000000,2438.000000,46667.000000
21414.000000,4021.000000,2435.000000,46660.000000
21377.000000,3969.000000,2379.000000,46622.000000
21270.000000,3985.000000,2360.000000,46590.000000
21282.000000,3942.000000,2275.000000,46551.000000
21269.000000,3910.000000,2236.000000,46533.000000
21123.000000,3860.000000,2159.000000,46483.000000
21153.000000,3823.000000,2154.000000,46477.000000
21145.000000,3817.000000,2136.000000,46442.000000
21122.000000,3789.000000,2089.000000,46451.000000
21078.000000,3766.000000,2057.000000,46379.000000
20998.000000,3704.000000,1987.000000,46410.000000
20982.000000,3697.000000,1930.000000,46378.000000
20938.000000,3625.000000,1882.000000,46315.000000
20877.000000,3635.000000,1857.000000,46296.000000
20843.000000,3598.000000,1792.000000,46264.000000
20801.000000,3535.000000,1742.000000,46271.000000
20776.000000,3468.000000,1713.000000,46208.000000
20713.000000,3469.000000,1665.000000,46203.000000
20671.000000,3427.000000,1609.000000,46186.000000
20625.000000,3417.000000,1566.000000,46161.000000
20623.000000,3382.000000,1535.000000,46154.000000
20594.000000,3343.000000,1507.000000,46109.000000
20520.000000,3317.000000,1451.000000,46119.000000
20491.000000,3292.000000,1455.000000,46052.000000
20447.000000,3299.000000,1390.000000,46073.000000
20459.000000,3319.000000,1394.000000,46077.000000
20483.000000,3276.000000,1375.000000,46088.000000
20480.000000,3326.000000,1455.000000,46090.000000
20561.000000,3356.000000,1524.000000,46132.000000
20606.000000,3392.000000,1599.000000,46200.000000
20730.000000,3486.000000,1673.000000,46233.000000
20820.000000,3550.000000,1761.000000,46267.000000
20895.000000,3631.000000,1870.000000,46336.000000
21016.000000,3707.000000,1987.000000,46394.000000
21083.000000,3812.000000,2106.000000,46476.000000
21199.000000,3856.000000,2237.000000,46546.000000
21301.000000,3960.000000,2345.000000,46622.000000
21387.000000,4047.000000,2476.000000,46686.000000
21527.000000,4100.000000,2600.000000,46735.000000
21554.000000,4198.000000,2698.000000,46793.000000
21720.000000,4242.000000,2786.000000,46818.000000
21763.000000,4323.000000,2843.000000,46880.000000
21795.000000,4365.000000,2890.000000,46883.000000
21792.000000,4351.000000,2906.000000,46868.000000
21752.000000,4337.000000,2864.000000,46864.000000
21707.000000,4318.000000,2821.000000,46823.000000
21691.000000,4279.000000,2786.000000,46820.000000
21660.000000,4243.000000,2735.000000,46815.000000
21600.000000,4226.000000,2715.000000,46806.000000
21594.000000,4205.000000,2666.000000,46777.000000
21564.000000,4183.000000,2615.000000,46738.000000
21485.000000,4127.000000,2574.000000,46724.000000
21491.000000,4125.000000,2529.000000,46670.000000
21463.000000,4053.000000,2474.000000,46654.000000
21375.000000,4040.000000,2410.000000,46626.000000
21338.000000,4001.000000,2367.000000,46625.000000
21313.000000,3969.000000,2347.000000,46550.000000
21251.000000,3932.000000,2284.000000,46549.000000
21227.000000,3899.000000,2211.000000,46524.000000
21135.000000,3850.000000,2165.000000,46498.000000
21156.000000,3822.000000,2131.000000,46466.000000
21078.000000,3771.000000,2065.000000,46436.000000
21025.000000,3731.000000,2040.000000,46440.000000
20989.000000,3711.000000,1996.000000,46389.000000
20958.000000,3663.000000,1949.000000,46349.000000
20928.000000,3654.000000,1867.000000,46336.000000
20892.000000,3609.000000,1854.000000,46286.000000
20822.000000,3566.000000,1818.000000,46293.000000
20790.000000,3553.000000,1754.000000,46252.000000
20771.000000,3520.000000,1756.000000,46250.000000
20710.000000,3461.000000,1691.000000,46199.000000
20644.000000,3429.000000,1600.000000,46184.000000
20587.000000,3376.000000,1549.000000,46156.000000
20530.000000,3357.000000,1498.000000,46091.000000
20470.000000,3299.000000,1461.000000,46071.000000
20442.000000,3262.000000,1398.000000,46064.000000
20391.000000,3242.000000,1319.000000,46012.000000
20367.000000,3205.000000,1260.000000,45965.000000
20372.000000,3232.000000,1305.000000,45968.000000
20385.000000,3228.000000,1292.000000,46004.000000
20356.000000,3233.000000,1311.000000,46003.000000
20453.000000,3268.000000,1391.000000,46051.000000
20486.000000,3358.000000,1462.000000,46128.000000
20594.000000,3416.000000,1590.000000,46194.000000
20809.000000,3568.000000,1791.000000,46282.000000
20850.000000,3604.000000,1844.000000,46320.000000
20850.000000,3640.000000,1864.000000,46341.000000
21001.000000,3714.000000,2021.000000,46420.000000
21088.000000,3813.000000,2173.000000,46507.000000
21198.000000,3915.000000,2299.000000,46577.000000
21303.000000,3969.000000,2417.000000,46628.000000
21412.000000,4095.000000,2542.000000,46708.000000
21576.000000,4165.000000,2657.000000,46782.000000
21647.000000,4252.000000,2804.000000,46835.000000
21772.000000,4376.000000,2936.000000,46940.000000
21866.000000,4464.000000,3027.000000,46964.000000
21940.000000,4502.000000,3124.000000,46989.000000
22010.000000,4539.000000,3155.000000,47029.000000
21988.000000,4565.000000,3155.000000,46996.000000
21950.000000,4509.000000,3103.000000,46991.000000
21893.000000,4466.000000,3044.000000,46962.000000
21882.000000,4486.000000,2987.000000,46947.000000
21848.000000,4432.000000,2980.000000,46917.000000
21843.000000,4409.000000,2927.000000,46910.000000
21787.000000,4393.000000,2881.000000,46869.000000
21736.000000,4329.000000,2848.000000,46862.000000
21702.000000,4328.000000,2802.000000,46851.000000
21668.000000,4296.000000,2763.000000,46814.000000
21626.000000,4267.000000,2727.000000,46800.000000
21597.000000,4228.000000,2696.000000,46801.000000
21577.000000,4196.000000,2660.000000,46741.000000
21541.000000,4149.000000,2591.000000,46711.000000
21480.000000,4148.000000,2528.000000,46699.000000
21469.000000,4113.000000,2509.000000,46685.000000
21435.000000,4063.000000,2403.000000,46634.000000
21379.000000,4017.000000,2367.000000,46612.000000
21260.000000,3994.000000,2311.000000,46551.000000
21237.000000,3911.000000,2257.000000,46522.000000
21203.000000,3886.000000,2187.000000,46495.000000
21105.000000,3807.000000,2129.000000,46450.000000
21036.000000,3768.000000,2042.000000,46421.000000
20999.000000,3734.000000,1984.000000,46385.000000
20929.000000,3680.000000,1937.000000,46368.000000
20905.000000,3669.000000,1888.000000,46331.000000
20831.000000,3617.000000,1854.000000,46305.000000
20825.000000,3557.000000,1792.000000,46296.000000
20753.000000,3533.000000,1732.000000,46248.000000
20715.000000,3481.000000,1627.000000,46210.000000
20697.000000,3475.000000,1639.000000,46207.000000
20656.000000,3421.000000,1595.000000,46187.000000
20604.000000,3386.000000,1558.000000,46140.000000
20573.000000,3386.000000,1526.000000,46143.000000
20536.000000,3347.000000,1485.000000,46123.000000
20530.000000,3326.000000,1425.000000,46128.000000
20460.000000,3310.000000,1393.000000,46073.000000
20397.000000,3279.000000,1357.000000,46031.000000
20415.000000,3265.000000,1331.000000,46011.000000
20342.000000,3240.000000,1332.000000,46031.000000
20367.000000,3256.000000,1362.000000,46039.000000
20438.000000,3284.000000,1376.000000,46068.000000
20458.000000,3299.000000,1437.000000,46079.000000
20528.000000,3369.000000,1499.000000,46129.000000
20633.000000,3425.000000,1611.000000,46197.000000
20695.000000,3512.000000,1696.000000,46244.000000
20828.000000,3575.000000,1868.000000,46300.000000
20960.000000,3705.000000,1966.000000,46366.000000
21066.000000,3757.000000,2076.000000,46462.000000
21209.500000,3995.000000,2373.000000,46622.000000
21353.000000,4037.000000,2439.000000,46637.000000
21373.000000,4068.000000,2480.000000,46686.000000
21503.000000,4169.000000,2620.000000,46731.000000
21596.000000,4221.000000,2736.000000,46822.000000
21685.000000,4303.000000,2843.000000,46873.000000
21769.000000,4354.000000,2948.000000,46946.000000
21854.000000,4448.000000,3021.000000,46987.000000
21863.000000,4462.000000,3068.000000,46956.000000
21891.000000,4452.000000,3030.000000,46975.000000
21828.000000,4435.000000,2991.000000,46944.000000
21786.000000,4396.000000,2956.000000,46903.000000
21782.000000,4380.000000,2874.000000,46909.000000
21719.000000,4386.000000,2838.000000,46848.000000
21709.000000,4307.000000,2830.000000,46828.000000
21648.000000,4285.000000,2774.000000,46840.000000
21631.000000,4243.000000,2696.000000,46831.000000
21589.000000,4220.000000,2684.000000,46800.000000
21537.000000,4199.000000,2655.000000,46766.000000
21514.000000,4160.000000,2593.000000,46716.000000
21488.000000,4121.000000,2557.000000,46698.000000
21418.000000,4093.000000,2483.000000,46667.000000
21398.000000,4081.000000,2440.000000,46639.000000
21332.000000,4007.000000,2404.000000,46603.000000
21269.000000,3950.000000,2310.000000,46585.000000
21276.000000,3969.000000,2307.000000,46550.000000
21216.000000,3906.000000,2246.000000,46569.000000
21167.000000,3837.000000,2199.000000,46488.000000
21121.000000,3867.000000,2142.000000,46466.000000
21095.000000,3822.000000,2103.000000,46443.000000
21000.000000,3781.000000,2040.000000,46421.000000
20957.000000,3758.000000,1972.000000,46349.000000
20957.000000,3685.000000,1932.000000,46364.000000
20901.000000,3685.000000,1924.000000,46334.000000
20882.000000,3664.000000,1880.000000,46342.000000
20861.000000,3603.000000,1833.000000,46312.000000
20777.000000,3605.000000,1793.000000,46290.000000
20794.000000,3552.000000,1766.000000,46237.000000
20708.000000,3496.000000,1722.000000,46210.000000
20638.000000,3502.000000,1671.000000,46217.000000
20619.000000,3438.000000,1613.000000,46203.000000
20580.000000,3405.000000,1561.000000,46150.000000
20533.000000,3384.000000,1550.000000,46147.000000
20511.000000,3365.000000,1530.000000,46108.000000
20467.000000,3356.000000,1431.000000,46101.000000
20490.000000,3318.000000,1445.000000,46113.000000
20448.000000,3306.000000,1398.000000,46070.000000
20428.000000,3314.000000,1407.000000,46073.000000
20427.000000,3283.000000,1425.000000,46064.000000
20442.000000,3318.000000,1404.000000,46100.000000
20500.000000,3351.000000,1505.000000,46143.000000
20526.000000,3325.000000,1534.000000,46139.000000
20563.000000,3400.000000,1587.000000,46165.000000
20656.000000,3510.000000,1697.000000,46230.000000
20768.000000,3550.000000,1810.000000,46300.000000
20793.000000,3597.000000,1850.000000,46292.000000
20894.000000,3644.000000,1924.000000,46380.000000
20981.000000,3769.000000,2032.000000,46396.000000
21077.000000,3809.000000,2152.000000,46510.000000
21181.000000,3906.000000,2266.000000,46553.000000
21254.000000,3997.000000,2389.000000,46624.000000
21398.000000,4086.000000,2534.000000,46728.000000
21503.000000,4177.000000,2650.000000,46753.000000
21609.000000,4244.000000,2738.000000,46841.000000
21697.000000,4325.000000,2860.000000,46880.000000
21776.000000,4387.000000,2937.000000,46909.000000
21780.000000,4405.000000,2952.000000,46930.000000
21755.000000,4405.000000,2946.000000,46907.000000
21742.000000,4373.000000,2882.000000,46907.000000
21719.000000,4360.000000,2821.000000,46874.000000
21672.000000,4301.000000,2847.000000,46852.000000
21659.000000,4306.000000,2817.000000,46833.000000
21617.000000,4251.000000,2746.000000,46802.000000
21590.000000,4224.000000,2719.000000,46784.000000
21541.000000,4196.000000,2674.000000,46754.000000
21484.000000,4183.000000,2634.000000,46738.000000
21477.000000,4166.000000,2579.000000,46716.000000
21433.000000,4120.000000,2517.000000,46682.000000
21387.000000,4108.000000,2490.000000,46679.000000
21337.000000,4053.000000,2402.000000,46625.000000
21277.000000,4024.000000,2406.000000,46604.000000
21261.000000,3959.000000,2347.000000,46574.000000
21197.000000,3943.000000,2297.000000,46559.000000
21170.000000,3952.000000,2268.000000,46497.000000
21113.000000,3849.000000,2167.000000,46497.000000
21041.000000,3806.000000,2102.000000,46450.000000
20995.000000,3768.000000,2040.000000,46429.000000
20961.000000,3754.000000,2003.000000,46418.000000
20915.000000,3692.000000,1943.000000,46372.000000
20819.000000,3608.000000,1848.000000,46300.000000
20823.000000,3600.000000,1856.000000,46274.000000
20751.000000,3553.000000,1775.000000,46266.000000
20716.000000,3550.000000,1765.000000,46255.000000
20714.000000,3522.000000,1742.000000,46253.000000
20691.000000,3521.000000,1699.000000,46226.000000
20630.000000,3483.000000,1620.000000,46205.000000
20602.000000,3443.000000,1593.000000,46137.000000
20540.000000,3424.000000,1569.000000,46126.000000
20527.000000,3365.000000,1495.000000,46133.000000
20439.000000,3322.000000,1473.000000,46100.000000
20439.000000,3317.000000,1452.000000,46080.000000
20363.000000,3254.000000,1374.000000,46043.000000
20351.000000,3242.000000,1333.000000,46039.000000
20373.000000,3232.000000,1314.000000,45979.000000
20333.000000,3258.000000,1304.000000,45997.000000
20326.000000,3267.000000,1373.000000,46057.000000
20379.000000,3298.000000,1397.000000,46059.000000
20469.000000,3332.000000,1469.000000,46098.000000
20530.000000,3401.000000,1554.000000,46149.000000
20600.000000,3459.000000,1661.000000,46210.000000
20720.000000,3546.000000,1803.000000,46296.000000
20829.000000,3648.000000,1891.000000,46365.000000
20914.000000,3725.000000,2015.000000,46422.000000
21063.000000,3809.000000,2174.000000,46462.000000
21126.000000,3937.000000,2298.000000,46561.000000
21249.000000,3994.000000,2390.000000,46638.000000
21380.000000,4049.000000,2551.000000,46721.000000
21452.000000,4157.000000,2652.000000,46753.000000
21562.000000,4234.000000,2745.000000,46817.000000
21654.000000,4321.000000,2855.000000,46877.000000
21734.000000,4355.000000,2921.000000,46913.000000
21748.000000,4412.000000,2978.000000,46955.000000
21773.000000,4399.000000,2966.000000,46907.000000
21777.000000,4386.000000,3008.000000,46937.000000
21764.000000,4415.000000,2957.000000,46929.000000
21729.000000,4386.000000,2892.000000,46885.000000
21707.000000,4340.000000,2841.000000,46876.000000
21628.000000,4319.000000,2828.000000,46854.000000
21636.000000,4296.000000,2815.000000,46830.000000
21642.000000,4313.000000,2777.000000,46805.000000
21571.000000,4235.000000,2695.000000,46785.000000
21525.000000,4224.000000,2679.000000,46755.000000
21465.000000,4173.000000,2609.000000,46733.000000
21455.000000,4136.000000,2605.000000,46724.000000
21397.000000,4121.000000,2545.000000,46706.000000
21357.000000,4070.000000,2471.000000,46674.000000
21297.000000,4054.000000,2428.000000,46644.000000
21294.000000,4019.000000,2395.000000,46588.000000
21231.000000,3984.000000,2322.000000,46571.000000
21166.000000,3930.000000,2290.000000,46530.000000
21137.000000,3875.000000,2209.000000,46478.000000
21063.000000,3847.000000,2138.000000,46473.000000
21022.000000,3816.000000,2129.000000,46471.000000
20986.000000,3771.000000,2058.000000,46420.000000
20921.000000,3734.000000,1990.000000,46371.000000
20888.000000,3690.000000,1962.000000,46344.000000
20824.000000,3639.000000,1894.000000,46319.000000
20777.000000,3586.000000,1852.000000,46292.000000
20689.000000,3541.000000,1779.000000,46261.000000
20684.000000,3531.000000,1778.000000,46251.000000
20641.000000,3497.000000,1688.000000,46199.000000
20645.000000,3433.000000,1604.000000,46144.000000
20572.000000,3409.000000,1613.000000,46136.000000
20553.000000,3417.000000,1572.000000,46133.000000
20480.000000,3329.000000,1542.000000,46134.000000
20431.000000,3318.000000,1491.000000,46104.000000
20384.000000,3306.000000,1430.000000,46036.000000
20344.000000,3261.000000,1351.000000,46043.000000
20308.000000,3255.000000,1291.000000,45988.000000
20231.000000,3196.000000,1267.000000,45982.000000
20250.000000,3183.000000,1273.000000,45978.000000
20238.000000,3216.000000,1269.000000,45959.000000
20274.000000,3234.000000,1314.000000,46029.000000
20328.000000,3271.000000,1349.000000,46035.000000
20370.000000,3329.000000,1464.000000,46065.000000
20447.000000,3373.000000,1523.000000,46124.000000
20558.000000,3425.000000,1645.000000,46188.000000
20602.000000,3531.000000,1759.000000,46253.000000
20755.000000,3610.000000,1855.000000,46300.000000
20849.000000,3666.000000,1968.000000,46379.000000
20876.000000,3733.000000,2034.000000,46396.000000
20986.000000,3817.000000,2149.000000,46492.000000
21105.000000,3896.000000,2318.000000,46593.000000
21221.000000,3986.000000,2405.000000,46621.000000
21360.000000,4094.000000,2540.000000,46695.000000
21489.000000,4190.000000,2680.000000,46754.000000
21536.000000,4220.000000,2737.000000,46788.000000
21603.000000,4295.000000,2773.000000,46844.000000
21641.000000,4306.000000,2840.000000,46876.000000
21662.000000,4335.000000,2863.000000,46870.000000
21622.000000,4333.000000,2868.000000,46846.000000
21590.000000,4326.000000,2792.000000,46855.000000
21538.000000,4265.000000,2733.000000,46802.000000
21523.000000,4207.000000,2674.000000,46784.000000
21486.000000,4205.000000,2656.000000,46748.000000
21434.000000,4150.000000,2602.000000,46713.000000
21405.000000,4125.000000,2572.000000,46710.000000
21350.000000,4078.000000,2533.000000,46715.000000
21312.000000,4062.000000,2466.000000,46680.000000
21293.000000,4031.000000,2424.000000,46652.000000
21203.000000,4022.000000,2383.000000,46598.000000
21204.000000,3961.000000,2322.000000,46557.000000
21123.000000,3925.000000,2277.000000,46532.000000
21134.000000,3890.000000,2203.000000,46540.000000
21061.000000,3839.000000,2178.000000,46496.000000
21069.000000,3792.000000,2162.000000,46471.000000
20960.000000,3764.000000,2079.000000,46432.000000
20896.000000,3765.000000,2052.000000,46435.000000
20764.000000,3646.000000,1880.000000,46341.000000
20762.000000,3632.000000,1866.000000,46328.000000
20742.000000,3601.000000,1864.000000,46311.000000
20630.000000,3490.000000,1707.000000,46239.000000
20603.000000,3507.000000,1707.000000,46204.000000
20591.000000,3474.000000,1694.000000,46211.000000
20542.000000,3444.000000,1630.000000,46177.000000
20464.000000,3396.000000,1531.000000,46137.000000
20398.000000,3330.000000,1459.000000,46102.000000
20368.000000,3293.000000,1402.000000,46058.000000
20331.000000,3278.000000,1381.000000,46026.000000
20263.000000,3241.000000,1328.000000,46039.000000
20232.000000,3217.000000,1306.000000,45970.000000
20188.000000,3187.000000,1222.000000,45956.000000
20147.000000,3133.000000,1189.000000,45928.000000
20096.000000,3072.000000,1149.000000,45915.000000
20103.000000,3080.000000,1118.000000,45904.000000
20089.000000,3099.000000,1124.000000,45910.000000
20111.000000,3089.000000,1171.000000,45922.000000
20153.000000,3167.000000,1229.000000,45950.000000
20236.000000,3235.000000,1282.000000,45981.000000
20245.000000,3269.000000,1384.000000,46044.000000
20374.000000,3345.000000,1493.000000,46090.000000
20457.000000,3417.000000,1589.000000,46189.000000
20644.000000,3546.000000,1790.000000,46254.000000
20748.000000,3621.000000,1908.000000,46357.000000
20850.000000,3721.000000,2047.000000,46421.000000
20995.000000,3797.000000,2186.000000,46482.000000
21130.000000,3921.000000,2323.000000,46606.000000
21241.000000,4026.000000,2459.000000,46661.000000
21308.000000,4106.000000,2607.000000,46701.000000
21413.000000,4208.000000,2753.000000,46793.000000
21507.000000,4277.000000,2840.000000,46851.000000
21622.000000,4356.000000,2946.000000,46901.000000
21696.000000,4410.000000,3009.000000,46922.000000
21656.000000,4401.000000,2975.000000,46906.000000
21644.000000,4383.000000,2929.000000,46907.000000
21623.000000,4359.000000,2955.000000,46901.000000
21596.000000,4326.000000,2863.000000,46865.000000
21547.000000,4314.000000,2815.000000,46837.000000
21520.000000,4309.000000,2808.000000,46790.000000
21509.000000,4260.000000,2756.000000,46823.000000
21428.000000,4232.000000,2710.000000,46770.000000
21415.000000,4210.000000,2679.000000,46737.000000
21421.000000,4160.000000,2613.000000,46737.000000
21349.000000,4155.000000,2594.000000,46713.000000
21265.000000,4100.000000,2498.000000,46647.000000
21267.000000,4032.000000,2481.000000,46685.000000
21248.000000,4063.000000,2472.000000,46658.000000
21213.000000,4058.000000,2464.000000,46631.000000
21178.000000,4032.000000,2406.000000,46600.000000
21095.000000,3960.000000,2357.000000,46548.000000
21110.000000,3965.000000,2310.000000,46516.000000
21045.000000,3897.000000,2245.000000,46487.000000
20969.000000,3870.000000,2190.000000,46461.000000
20901.000000,3809.000000,2179.000000,46475.000000
20894.000000,3810.000000,2129.000000,46418.000000
20841.000000,3786.000000,2082.000000,46415.000000
20806.000000,3739.000000,1987.000000,46386.000000
20790.000000,3700.000000,1967.000000,46342.000000
20727.000000,3641.000000,1921.000000,46321.000000
20677.000000,3592.000000,1874.000000,46297.000000
20635.000000,3601.000000,1814.000000,46284.000000
20592.000000,3549.000000,1794.000000,46234.000000
20582.000000,3505.000000,1738.000000,46196.000000
20528.000000,3459.000000,1700.000000,46201.000000
20480.000000,3469.000000,1666.000000,46171.000000
20444.000000,3428.000000,1600.000000,46147.000000
20371.000000,3367.000000,1554.000000,46110.000000
20367.000000,3373.000000,1509.000000,46099.000000
20304.000000,3303.000000,1441.000000,46066.000000
20266.000000,3264.000000,1370.000000,46031.000000
20222.000000,3290.000000,1365.000000,46040.000000
20222.000000,3253.000000,1348.000000,46006.000000
20162.000000,3207.000000,1323.000000,46013.000000
20211.000000,3238.000000,1325.000000,46006.000000
20243.000000,3286.000000,1386.000000,46040.000000
20251.000000,3266.000000,1414.000000,46078.000000
20249.000000,3314.000000,1428.000000,46048.000000
20306.000000,3372.000000,1540.000000,46130.000000
20372.000000,3434.000000,1606.000000,46187.000000
20497.000000,3487.000000,1722.000000,46223.000000
20577.000000,3558.000000,1813.000000,46273.000000
20705.000000,3636.000000,1969.000000,46354.000000
20806.000000,3766.000000,2062.000000,46441.000000
20887.000000,3823.000000,2169.000000,46492.000000
21032.000000,3914.000000,2296.000000,46564.000000
21126.000000,3992.000000,2448.000000,46636.000000
21237.000000,4067.000000,2595.000000,46719.000000
21358.000000,4200.000000,2665.000000,46788.000000
21457.000000,4263.000000,2795.000000,46838.000000
21553.000000,4313.000000,2915.000000,46909.000000
21571.000000,4374.000000,2943.000000,46902.000000
21582.000000,4357.000000,2988.000000,46911.000000
21558.000000,4367.000000,2896.000000,46889.000000
21558.000000,4354.000000,2920.000000,46892.000000
21497.000000,4295.000000,2865.000000,46854.000000
21452.000000,4255.000000,2783.000000,46833.000000
21443.000000,4244.000000,2760.000000,46807.000000
21364.000000,4231.000000,2726.000000,46780.000000
21342.000000,4201.000000,2694.000000,46767.000000
21308.000000,4162.000000,2627.000000,46674.000000
21236.000000,4130.000000,2587.000000,46700.000000
21222.000000,4066.000000,2506.000000,46658.000000
21151.000000,4049.000000,2493.000000,46659.000000
21147.000000,4058.000000,2456.000000,46624.000000
21105.000000,3978.000000,2437.000000,46625.000000
21073.000000,3961.000000,2364.000000,46616.000000
21007.000000,3959.000000,2338.000000,46537.000000
21018.000000,3887.000000,2307.000000,46522.000000
20974.000000,3881.000000,2240.000000,46496.000000
20859.000000,3806.000000,2183.000000,46463.000000
20866.000000,3817.000000,2167.000000,46500.000000
20855.000000,3825.000000,2138.000000,46443.000000
20830.000000,3764.000000,2104.000000,46406.000000
20803.000000,3743.000000,2077.000000,46420.000000
20747.000000,3721.000000,2004.000000,46374.000000
20735.000000,3701.000000,1992.000000,46378.000000
20684.000000,3637.000000,1916.000000,46347.000000
20624.000000,3608.000000,1869.000000,46300.000000
20537.000000,3553.000000,1801.000000,46265.000000
20495.000000,3529.000000,1774.000000,46242.000000
20490.000000,3491.000000,1707.000000,46208.000000
20437.000000,3461.000000,1659.000000,46196.000000
20366.000000,3408.000000,1625.000000,46185.000000
20344.000000,3392.000000,1571.000000,46132.000000
20312.000000,3341.000000,1542.000000,46112.000000
20256.000000,3311.000000,1509.000000,46075.000000
20237.000000,3298.000000,1440.000000,46070.000000
20193.000000,3244.000000,1368.000000,46034.000000
20143.000000,3258.000000,1322.000000,45989.000000
20109.000000,3238.000000,1327.000000,45971.000000
20124.000000,3240.000000,1315.000000,46001.000000
20124.000000,3223.000000,1321.000000,46013.000000
20162.000000,3240.000000,1418.000000,46043.000000
20217.000000,3297.000000,1444.000000,46073.000000
20315.000000,3370.000000,1547.000000,46125.000000
20384.000000,3439.000000,1656.000000,46153.000000
20477.000000,3513.000000,1784.000000,46263.000000
20602.000000,3593.000000,1891.000000,46313.000000
20728.000000,3704.000000,2040.000000,46437.000000
20857.000000,3802.000000,2203.000000,46482.000000
20966.000000,3897.000000,2330.000000,46571.000000
21088.000000,4036.000000,2500.000000,46662.000000
21221.000000,4110.000000,2638.000000,46749.000000
21314.000000,4215.000000,2784.000000,46857.000000
21458.000000,4318.000000,2957.000000,46910.000000
21557.000000,4406.000000,3035.000000,46946.000000
21649.000000,4477.000000,3149.000000,47008.000000
21687.000000,4529.000000,3164.000000,47005.000000
21712.000000,4492.000000,3157.000000,47042.000000
21646.000000,4522.000000,3155.000000,47013.000000
21645.000000,4480.000000,3115.000000,46982.000000
21648.000000,4453.000000,3064.000000,46971.000000
21584.000000,4431.000000,3088.000000,46953.000000
21567.000000,4436.000000,3004.000000,46925.000000
21501.000000,4368.000000,2963.000000,46882.000000
21445.000000,4359.000000,2907.000000,46914.000000
21412.000000,4332.000000,2846.000000,46868.000000
21384.000000,4266.000000,2784.000000,46807.000000
21318.000000,4229.000000,2732.000000,46786.000000
21274.000000,4162.000000,2705.000000,46746.000000
21201.000000,4145.000000,2640.000000,46735.000000
21196.000000,4111.000000,2574.000000,46686.000000
21112.000000,4032.000000,2497.000000,46664.000000
21061.000000,4024.000000,2469.000000,46627.000000
21002.000000,3983.000000,2400.000000,46589.000000
20991.000000,3916.000000,2395.000000,46608.000000
20934.000000,3922.000000,2284.000000,46529.000000
20885.000000,3872.000000,2235.000000,46490.000000
20815.000000,3804.000000,2184.000000,46455.000000
20756.000000,3741.000000,2122.000000,46460.000000
20694.000000,3743.000000,2038.000000,46425.000000
20638.000000,3681.000000,1961.000000,46366.000000
20585.000000,3624.000000,1914.000000,46327.000000
20534.000000,3598.000000,1865.000000,46315.000000
20464.000000,3498.000000,1789.000000,46253.000000
20429.000000,3516.000000,1739.000000,46230.000000
20390.000000,3471.000000,1665.000000,46201.000000
20318.000000,3419.000000,1617.000000,46167.000000
20290.000000,3337.000000,1584.000000,46160.000000
20197.000000,3359.000000,1525.000000,46116.000000
20162.000000,3276.000000,1459.000000,46080.000000
20113.000000,3227.000000,1413.000000,46047.000000
20064.000000,3227.000000,1325.000000,45999.000000
20065.000000,3150.000000,1276.000000,45982.000000
20065.000000,3225.000000,1371.000000,46035.000000
20060.000000,3235.000000,1383.000000,46031.000000
20103.000000,3221.000000,1424.000000,46042.000000
20203.000000,3337.000000,1515.000000,46138.000000
20278.000000,3398.000000,1639.000000,46174.000000
20403.000000,3492.000000,1778.000000,46271.000000
20515.000000,3588.000000,1886.000000,46327.000000
20679.000000,3716.000000,2106.000000,46453.000000
20867.000000,3857.000000,2291.000000,46548.000000
20951.000000,3945.000000,2435.000000,46634.000000
21100.000000,4069.000000,2574.000000,46739.000000
21248.000000,4154.000000,2732.000000,46794.000000
21345.000000,4248.000000,2860.000000,46856.000000
21470.000000,4332.000000,3043.000000,46915.000000
21578.000000,4408.000000,3146.000000,47004.000000
21652.000000,4503.000000,3202.000000,47042.000000
21647.000000,4561.000000,3231.000000,47036.000000
21644.000000,4569.000000,3233.000000,47068.000000
21662.000000,4515.000000,3190.000000,47023.000000
21641.000000,4497.000000,3170.000000,47005.000000
21589.000000,4485.000000,3095.000000,46987.000000
21547.000000,4426.000000,3082.000000,46997.000000
21528.000000,4404.000000,3038.000000,46957.000000
21499.000000,4410.000000,3032.000000,46906.000000
21462.000000,4358.000000,2948.000000,46894.000000
21416.000000,4305.000000,2903.000000,46876.000000
21391.000000,4318.000000,2896.000000,46858.000000
21370.000000,4281.000000,2870.000000,46839.000000
21347.000000,4269.000000,2841.000000,46839.000000
21292.000000,4220.000000,2764.000000,46776.000000
21290.000000,4244.000000,2738.000000,46815.000000
21252.000000,4205.000000,2749.000000,46751.000000
21217.000000,4183.000000,2750.000000,46775.000000
21187.000000,4167.000000,2702.000000,46758.000000
21171.000000,4152.000000,2682.000000,46760.000000
21163.000000,4166.000000,2654.000000,46738.000000
21153.000000,4142.000000,2653.000000,46724.000000
21100.000000,4140.000000,2609.000000,46732.000000
21104.000000,4105.000000,2574.000000,46695.000000
21041.000000,4113.000000,2550.000000,46665.000000
21042.000000,4054.000000,2479.000000,46637.000000
20950.000000,4014.000000,2441.000000,46611.000000
20940.000000,3999.000000,2407.000000,46609.000000
20912.000000,3997.000000,2392.000000,46572.000000
20862.000000,3932.000000,2336.000000,46559.000000
20857.000000,3934.000000,2289.000000,46526.000000
20812.000000,3894.000000,2268.000000,46523.000000
20794.000000,3856.000000,2248.000000,46504.000000
20786.000000,3836.000000,2181.000000,46486.000000
20652.000000,3814.000000,2197.000000,46457.000000
20662.000000,3782.000000,2119.000000,46412.000000
20637.000000,3730.000000,2047.000000,46405.000000
20533.000000,3720.000000,1992.000000,46370.000000
20497.000000,3649.000000,1951.000000,46351.000000
20417.000000,3612.000000,1900.000000,46317.000000
20421.000000,3575.000000,1872.000000,46315.000000
20413.000000,3566.000000,1856.000000,46288.000000
20396.000000,3573.000000,1851.000000,46308.000000
20441.000000,3618.000000,1929.000000,46339.000000
20517.000000,3664.000000,1997.000000,46368.000000
20595.000000,3712.000000,2082.000000,46414.000000
20674.000000,3821.000000,2186.000000,46507.000000
20730.000000,3879.000000,2288.000000,46539.000000
20839.000000,3973.000000,2413.000000,46623.000000
20954.000000,4027.000000,2484.000000,46660.000000
21036.000000,4115.000000,2678.000000,46760.000000
21183.000000,4233.000000,2767.000000,46802.000000
21273.000000,4301.000000,2861.000000,46877.000000
21381.000000,4363.000000,2996.000000,46982.000000
21468.000000,4442.000000,3131.000000,47047.000000
21590.000000,4512.000000,3227.000000,47066.000000
21666.000000,4584.000000,3306.000000,47134.000000
21728.000000,4648.000000,3412.000000,47140.000000
21800.000000,4678.000000,3466.000000,47208.000000
21795.000000,4696.000000,3423.000000,47158.000000
21782.000000,4658.000000,3380.000000,47150.000000
21751.000000,4658.000000,3373.000000,47121.000000
21652.000000,4529.000000,3246.000000,47083.000000
21620.000000,4570.000000,3195.000000,47056.000000
21605.000000,4530.000000,3211.000000,47062.000000
21551.000000,4481.000000,3115.000000,47005.000000
21510.000000,4425.000000,3073.000000,46984.000000
21486.000000,4416.000000,3027.000000,46972.000000
21406.000000,4367.000000,2968.000000,46901.000000
21363.000000,4293.000000,2907.000000,46898.000000
21287.000000,4272.000000,2814.000000,46880.000000
21254.000000,4223.000000,2754.000000,46834.000000
21184.000000,4178.000000,2719.000000,46810.000000
21137.000000,4143.000000,2641.000000,46762.000000
21086.000000,4082.000000,2617.000000,46726.000000
21015.000000,4037.000000,2525.000000,46684.000000
20939.000000,3982.000000,2455.000000,46636.000000
20915.000000,3935.000000,2385.000000,46654.000000
20858.000000,3889.000000,2367.000000,46591.000000
20823.000000,3872.000000,2265.000000,46558.000000
20767.000000,3825.000000,2269.000000,46535.000000
20721.000000,3784.000000,2178.000000,46480.000000
20689.000000,3754.000000,2135.000000,46445.000000
20633.000000,3678.000000,2065.000000,46417.000000
20577.000000,3641.000000,2015.000000,46422.000000
20508.000000,3611.000000,1942.000000,46394.000000
20465.000000,3588.000000,1920.000000,46365.000000
20416.000000,3556.000000,1874.000000,46329.000000
20359.000000,3523.000000,1824.000000,46325.000000
20343.000000,3468.000000,1789.000000,46285.000000
20311.000000,3451.000000,1753.000000,46240.000000
20288.000000,3450.000000,1730.000000,46226.000000
20247.000000,3417.000000,1714.000000,46224.000000
20246.000000,3395.000000,1664.000000,46198.000000
20180.000000,3396.000000,1643.000000,46205.000000
20162.000000,3350.000000,1634.000000,46180.000000
20159.000000,3346.000000,1585.000000,46171.000000
20090.000000,3308.000000,1528.000000,46172.000000
20107.000000,3282.000000,1559.000000,46175.000000
20151.000000,3338.000000,1570.000000,46132.000000
20128.000000,3369.000000,1647.000000,46152.000000
20208.000000,3413.000000,1690.000000,46258.000000
20247.000000,3466.000000,1781.000000,46274.000000
20372.000000,3534.000000,1917.000000,46331.000000
20437.000000,3612.000000,2012.000000,46402.000000
20556.000000,3716.000000,2114.000000,46469.000000
20669.000000,3773.000000,2247.000000,46554.000000
20812.000000,3892.000000,2374.000000,46617.000000
20914.000000,3978.000000,2496.000000,46658.000000
21012.000000,4052.000000,2648.000000,46749.000000
21124.000000,4168.000000,2759.000000,46832.000000
21176.000000,4205.000000,2798.000000,46878.000000
21265.000000,4268.000000,2952.000000,46917.000000
21486.000000,4443.000000,3157.000000,47058.000000
21503.000000,4468.000000,3210.000000,47087.000000
21543.000000,4510.000000,3199.000000,47077.000000
21580.000000,4526.000000,3250.000000,47102.000000
21611.000000,4531.000000,3286.000000,47087.000000
21568.000000,4517.000000,3250.000000,47084.000000
21558.000000,4501.000000,3239.000000,47061.000000
21498.000000,4503.000000,3166.000000,47029.000000
21468.000000,4430.000000,3155.000000,47000.000000
21419.000000,4425.000000,3073.000000,46966.000000
21439.000000,4362.000000,3014.000000,46957.000000
21348.000000,4330.000000,2986.000000,46942.000000
21315.000000,4341.000000,2952.000000,46937.000000
21291.000000,4325.000000,2906.000000,46902.000000
21297.000000,4279.000000,2899.000000,46881.000000
21277.000000,4261.000000,2844.000000,46837.000000
21185.000000,4227.000000,2810.000000,46856.000000
21124.000000,4202.000000,2760.000000,46782.000000
21123.000000,4136.000000,2681.000000,46777.000000
21072.000000,4080.000000,2656.000000,46745.000000
20993.000000,4082.000000,2605.000000,46709.000000
20970.000000,4048.000000,2533.000000,46680.000000
20950.000000,3990.000000,2491.000000,46670.000000
20886.000000,3982.000000,2441.000000,46632.000000
20813.000000,3934.000000,2382.000000,46611.000000
20807.000000,3867.000000,2341.000000,46580.000000
20667.000000,3787.000000,2219.000000,46512.000000
20646.000000,3781.000000,2209.000000,46496.000000
20655.000000,3763.000000,2164.000000,46482.000000
20584.000000,3721.000000,2093.000000,46422.000000
20555.000000,3661.000000,2047.000000,46407.000000
20488.000000,3622.000000,2003.000000,46416.000000
20434.000000,3598.000000,1959.000000,46369.000000
20435.000000,3563.000000,1920.000000,46348.000000
20391.000000,3525.000000,1890.000000,46341.000000
20343.000000,3507.000000,1840.000000,46344.000000
20285.000000,3496.000000,1825.000000,46301.000000
20276.000000,3449.000000,1776.000000,46241.000000
20250.000000,3438.000000,1760.000000,46257.000000
20203.000000,3439.000000,1754.000000,46245.000000
20203.000000,3417.000000,1739.000000,46244.000000
20240.000000,3460.000000,1739.000000,46245.000000
20238.000000,3473.000000,1812.000000,46268.000000
20316.000000,3502.000000,1899.000000,46309.000000
20394.000000,3567.000000,1945.000000,46356.000000
20483.000000,3628.000000,2064.000000,46445.000000
20576.000000,3732.000000,2188.000000,46488.000000
20661.000000,3822.000000,2276.000000,46553.000000
20822.000000,3923.000000,2442.000000,46637.000000
20942.000000,4013.000000,2563.000000,46698.000000
21056.000000,4103.000000,2669.000000,46787.000000
21170.000000,4188.000000,2845.000000,46875.000000
21314.000000,4315.000000,3001.000000,46969.000000
21408.000000,4422.000000,3131.000000,47026.000000
21529.000000,4465.000000,3220.000000,47093.000000
21644.000000,4574.000000,3353.000000,47171.000000
21754.000000,4653.000000,3445.000000,47204.000000
21779.000000,4719.000000,3521.000000,47250.000000
21844.000000,4789.000000,3595.000000,47284.000000
21911.000000,4809.000000,3596.000000,47264.000000
21866.000000,4790.000000,3553.000000,47248.000000
21791.000000,4757.000000,3546.000000,47236.000000
21768.000000,4704.000000,3512.000000,47202.000000
21748.000000,4694.000000,3461.000000,47153.000000
21683.000000,4660.000000,3415.000000,47189.000000
21700.000000,4657.000000,3342.000000,47130.000000
21614.000000,4596.000000,3262.000000,47105.000000
21572.000000,4554.000000,3275.000000,47074.000000
21525.000000,4493.000000,3207.000000,47053.000000
21493.000000,4475.000000,3139.000000,47024.000000
21448.000000,4466.000000,3126.000000,46993.000000
21403.000000,4397.000000,3059.000000,46950.000000
21354.000000,4371.000000,2990.000000,46939.000000
21281.000000,4315.000000,2949.000000,46880.000000
21250.000000,4273.000000,2857.000000,46864.000000
21186.000000,4227.000000,2820.000000,46841.000000
21151.000000,4173.000000,2733.000000,46814.000000
21058.000000,4138.000000,2653.000000,46767.000000
21014.000000,4082.000000,2604.000000,46718.000000
20934.000000,3995.000000,2524.000000,46693.000000
20857.000000,3968.000000,2458.000000,46657.000000
20848.000000,3933.000000,2397.000000,46603.000000
20763.000000,3861.000000,2301.000000,46568.000000
20747.000000,3784.000000,2252.000000,46554.000000
20610.000000,3755.000000,2167.000000,46505.000000
20604.000000,3715.000000,2112.000000,46449.000000
20499.000000,3664.000000,2043.000000,46440.000000
20462.000000,3593.000000,1991.000000,46407.000000
20377.000000,3568.000000,1946.000000,46365.000000
20318.000000,3529.000000,1864.000000,46324.000000
20319.000000,3501.000000,1819.000000,46306.000000
20191.000000,3416.000000,1742.000000,46245.000000
20177.000000,3401.000000,1718.000000,46245.000000
20175.000000,3396.000000,1703.000000,46211.000000
20165.000000,3352.000000,1630.000000,46200.000000
20096.000000,3298.000000,1628.000000,46206.000000
20122.000000,3315.000000,1615.000000,46175.000000
20117.000000,3340.000000,1643.000000,46210.000000
20185.000000,3403.000000,1707.000000,46281.000000
20262.000000,3465.000000,1815.000000,46311.000000
20356.000000,3552.000000,1923.000000,46369.000000
20473.000000,3608.000000,2022.000000,46394.000000
20538.000000,3691.000000,2155.000000,46489.000000
20689.000000,3795.000000,2259.000000,46568.000000
20810.000000,3890.000000,2419.000000,46644.000000
20975.000000,4020.000000,2583.000000,46699.000000
21089.000000,4121.000000,2711.000000,46808.000000
21191.000000,4229.000000,2862.000000,46901.000000
21309.000000,4349.000000,3045.000000,46986.000000
21428.000000,4399.000000,3137.000000,47066.000000
21566.000000,4514.000000,3249.000000,47100.000000
21672.000000,4606.000000,3415.000000,47202.000000
21758.000000,4680.000000,3489.000000,47211.000000
21833.000000,4764.000000,3577.000000,47265.000000
21826.000000,4764.000000,3605.000000,47241.000000
21829.000000,4759.000000,3607.000000,47279.000000
21815.000000,4765.000000,3576.000000,47265.000000
21820.000000,4751.000000,3517.000000,47244.000000
21735.000000,4694.000000,3445.000000,47197.000000
21682.000000,4659.000000,3420.000000,47166.000000
21651.000000,4628.000000,3390.000000,47158.000000
21600.000000,4622.000000,3338.000000,47128.000000
21600.000000,4567.000000,3267.000000,47092.000000
21568.000000,4517.000000,3231.000000,47068.000000
21529.000000,4487.000000,3179.000000,47055.000000
21485.000000,4458.000000,3149.000000,47034.000000
21438.000000,4418.000000,3123.000000,47012.000000
21393.000000,4401.000000,3091.000000,46979.000000
21378.000000,4371.000000,3011.000000,46940.000000
21274.000000,4329.000000,2957.000000,46916.000000
21279.000000,4293.000000,2948.000000,46964.000000
21244.000000,4281.000000,2925.000000,46912.000000
21197.000000,4238.000000,2870.000000,46883.000000
21182.000000,4211.000000,2809.000000,46806.000000
21138.000000,4172.000000,2752.000000,46797.000000
21083.000000,4134.000000,2672.000000,46774.000000
21042.000000,4083.000000,2639.000000,46742.000000
20981.000000,4076.000000,2613.000000,46731.000000
20928.000000,4029.000000,2533.000000,46698.000000
20941.000000,4024.000000,2508.000000,46683.000000
20875.000000,3978.000000,2437.000000,46643.000000
20877.000000,3916.000000,2398.000000,46618.000000
20790.000000,3892.000000,2411.000000,46611.000000
20759.000000,3901.000000,2321.000000,46586.000000
20708.000000,3831.000000,2260.000000,46542.000000
20647.000000,3795.000000,2226.000000,46527.000000
20614.000000,3757.000000,2154.000000,46507.000000
20578.000000,3722.000000,2152.000000,46453.000000
20556.000000,3709.000000,2094.000000,46447.000000
20467.000000,3661.000000,2086.000000,46463.000000
20458.000000,3661.000000,2046.000000,46438.000000
20409.000000,3616.000000,2011.000000,46409.000000
20410.000000,3609.000000,1977.000000,46384.000000
20410.000000,3601.000000,1974.000000,46395.000000
20406.000000,3578.000000,1987.000000,46398.000000
20467.000000,3655.000000,2019.000000,46422.000000
20469.000000,3649.000000,2063.000000,46453.000000
20560.000000,3737.000000,2181.000000,46477.000000
20650.000000,3763.000000,2267.000000,46569.000000
20737.000000,3856.000000,2363.000000,46610.000000
20841.000000,3960.000000,2519.000000,46703.000000
20944.000000,4057.000000,2643.000000,46757.000000
21065.000000,4149.000000,2761.000000,46832.000000
21191.000000,4212.000000,2883.000000,46882.000000
21298.000000,4324.000000,3036.000000,46972.000000
21395.000000,4431.000000,3167.000000,47082.000000
21531.000000,4508.000000,3277.000000,47153.000000
21609.000000,4594.000000,3420.000000,47221.000000
21735.000000,4710.000000,3546.000000,47245.000000
21847.000000,4814.000000,3618.000000,47300.000000
21938.000000,4866.000000,3771.000000,47406.000000
21994.000000,4892.000000,3804.000000,47418.000000
22050.000000,4971.000000,3838.000000,47436.000000
22071.000000,4975.000000,3870.000000,47413.000000
22033.000000,4961.000000,3830.000000,47393.000000
21974.000000,4923.000000,3791.000000,47389.000000
21951.000000,4890.000000,3735.000000,47370.000000
21909.000000,4849.000000,3666.000000,47335.000000
21858.000000,4847.000000,3644.000000,47284.000000
21836.000000,4793.000000,3586.000000,47230.000000
21796.000000,4743.000000,3555.000000,47248.000000
21788.000000,4727.000000,3491.000000,47195.000000
21713.000000,4690.000000,3456.000000,47201.000000
21631.000000,4650.000000,3413.000000,47166.000000
21631.000000,4601.000000,3370.000000,47108.000000
21596.000000,4568.000000,3333.000000,47117.000000
21533.000000,4526.000000,3302.000000,47113.000000
21529.000000,4525.000000,3247.000000,47047.000000
21476.000000,4518.000000,3211.000000,47065.000000
21453.000000,4425.000000,3104.000000,47000.000000
21370.000000,4390.000000,3058.000000,46968.000000
21320.000000,4368.000000,2996.000000,46942.000000
21279.000000,4344.000000,2955.000000,46963.000000
21230.000000,4309.000000,2937.000000,46896.000000
21250.000000,4256.000000,2891.000000,46892.000000
21156.000000,4246.000000,2844.000000,46852.000000
21142.000000,4186.000000,2765.000000,46823.000000
21087.000000,4167.000000,2709.000000,46799.000000
21035.000000,4062.000000,2649.000000,46764.000000
20982.000000,4094.000000,2617.000000,46736.000000
20937.000000,4023.000000,2534.000000,46698.000000
20885.000000,3988.000000,2499.000000,46680.000000
20841.000000,3947.000000,2432.000000,46619.000000
20757.000000,3880.000000,2374.000000,46602.000000
20741.000000,3896.000000,2391.000000,46605.000000
20694.000000,3822.000000,2271.000000,46559.000000
20624.000000,3795.000000,2230.000000,46541.000000
20625.000000,3756.000000,2213.000000,46486.000000
20569.000000,3759.000000,2182.000000,46523.000000
20583.000000,3719.000000,2169.000000,46525.000000
20509.000000,3711.000000,2121.000000,46474.000000
20520.000000,3695.000000,2104.000000,46465.000000
20541.000000,3718.000000,2153.000000,46464.000000
20570.000000,3738.000000,2161.000000,46499.000000
20627.000000,3785.000000,2244.000000,46526.000000
20686.000000,3811.000000,2301.000000,46544.000000
20746.000000,3895.000000,2386.000000,46624.000000
20842.000000,3976.000000,2482.000000,46690.000000
20974.000000,3996.000000,2611.000000,46727.000000
21039.000000,4109.000000,2700.000000,46802.000000
21133.000000,4193.000000,2774.000000,46820.000000
21232.000000,4254.000000,2928.000000,46942.000000
21371.000000,4386.000000,3082.000000,47008.000000
21394.000000,4409.000000,3119.000000,46998.000000
21569.000000,4532.000000,3312.000000,47141.000000
21706.000000,4639.000000,3465.000000,47213.000000
21785.000000,4740.000000,3557.000000,47265.000000
21872.000000,4776.000000,3640.000000,47334.000000
21877.000000,4814.000000,3625.000000,47307.000000
21859.000000,4801.000000,3576.000000,47268.000000
21789.000000,4760.000000,3531.000000,47256.000000
21788.000000,4711.000000,3503.000000,47193.000000
21714.000000,4665.000000,3446.000000,47172.000000
21667.000000,4616.000000,3378.000000,47155.000000
21614.000000,4595.000000,3341.000000,47139.000000
21576.000000,4579.000000,3303.000000,47108.000000
21558.000000,4501.000000,3234.000000,47054.000000
21472.000000,4479.000000,3194.000000,47029.000000
21441.000000,4462.000000,3149.000000,47019.000000
21425.000000,4406.000000,3130.000000,47015.000000
21361.000000,4389.000000,3046.000000,46971.000000
21352.000000,4362.000000,3015.000000,46978.000000
21265.000000,4309.000000,2974.000000,46914.000000
21240.000000,4284.000000,2888.000000,46891.000000
21175.000000,4237.000000,2823.000000,46814.000000
21154.000000,4212.000000,2805.000000,46824.000000
21102.000000,4156.000000,2734.000000,46800.000000
21050.000000,4139.000000,2689.000000,46794.000000
21026.000000,4103.000000,2645.000000,46764.000000
20974.000000,4065.000000,2580.000000,46712.000000
20942.000000,4000.000000,2496.000000,46664.000000
20871.000000,3979.000000,2455.000000,46635.000000
20803.000000,3934.000000,2361.000000,46611.000000
20742.000000,3835.000000,2329.000000,46569.000000
20699.000000,3835.000000,2306.000000,46567.000000
20660.000000,3792.000000,2233.000000,46534.000000
20617.000000,3703.000000,2189.000000,46501.000000
20574.000000,3677.000000,2152.000000,46485.000000
20544.000000,3677.000000,2092.000000,46451.000000
20505.000000,3641.000000,2061.000000,46444.000000
20454.000000,3636.000000,2024.000000,46414.000000
20469.000000,3613.000000,2010.000000,46431.000000
20453.000000,3619.000000,2014.000000,46422.000000
20403.000000,3624.000000,2023.000000,46414.000000
20420.000000,3587.000000,1966.000000,46381.000000
20416.000000,3568.000000,1953.000000,46382.000000
20445.000000,3558.000000,1995.000000,46408.000000
20449.000000,3630.000000,2020.000000,46413.000000
20492.000000,3627.000000,2040.000000,46468.000000
20549.000000,3715.000000,2161.000000,46512.000000
20615.000000,3780.000000,2245.000000,46557.000000
20743.000000,3882.000000,2361.000000,46600.000000
20851.000000,3941.000000,2481.000000,46654.000000
20971.000000,4024.000000,2611.000000,46722.000000
21036.000000,4119.000000,2743.000000,46819.000000
21123.000000,4198.000000,2847.000000,46876.000000
21245.000000,4298.000000,2956.000000,46937.000000
21354.000000,4393.000000,3077.000000,47023.000000
21438.000000,4427.000000,3132.000000,47032.000000
21534.000000,4501.000000,3251.000000,47144.000000
21618.000000,4562.000000,3351.000000,47153.000000
21719.000000,4658.000000,3452.000000,47201.000000
21791.000000,4695.000000,3526.000000,47267.000000
21835.000000,4776.000000,3593.000000,47288.000000
21871.000000,4810.000000,3630.000000,47287.000000
21889.000000,4775.000000,3610.000000,47288.000000
21820.000000,4726.000000,3542.000000,47252.000000
21791.000000,4721.000000,3545.000000,47279.000000
21773.000000,4706.000000,3529.000000,47206.000000
21721.000000,4660.000000,3418.000000,47193.000000
21679.000000,4621.000000,3408.000000,47173.000000
21626.000000,4574.000000,3358.000000,47133.000000
21599.000000,4557.000000,3280.000000,47115.000000
21563.000000,4515.000000,3236.000000,47083.000000
21496.000000,4454.000000,3138.000000,47041.000000
21418.000000,4392.000000,3105.000000,46982.000000
21377.000000,4371.000000,3058.000000,46975.000000
21292.000000,4329.000000,2960.000000,46917.000000
21251.000000,4255.000000,2917.000000,46907.000000
21192.000000,4240.000000,2823.000000,46857.000000
21147.000000,4177.000000,2766.000000,46836.000000
21076.000000,4114.000000,2704.000000,46775.000000
21036.000000,4109.000000,2645.000000,46758.000000
20975.000000,4023.000000,2561.000000,46708.000000
20925.000000,3960.000000,2519.000000,46697.000000
20864.000000,3936.000000,2435.000000,46671.000000
20837.000000,3878.000000,2370.000000,46607.000000
20760.000000,3824.000000,2328.000000,46574.000000
20684.000000,3786.000000,2278.000000,46575.000000
20659.000000,3759.000000,2208.000000,46517.000000
20635.000000,3728.000000,2218.000000,46486.000000
20603.000000,3649.000000,2129.000000,46483.000000
20577.000000,3682.000000,2142.000000,46463.000000
20551.000000,3659.000000,2105.000000,46476.000000
20513.000000,3633.000000,2037.000000,46398.000000
20460.000000,3613.000000,1972.000000,46408.000000
20457.000000,3571.000000,1986.000000,46389.000000
20384.000000,3545.000000,1959.000000,46362.000000
20398.000000,3564.000000,1913.000000,46355.000000
20383.000000,3481.000000,1904.000000,46348.000000
20319.000000,3487.000000,1837.000000,46331.000000
20287.000000,3428.000000,1761.000000,46278.000000
20250.000000,3395.000000,1772.000000,46272.000000
20217.000000,3409.000000,1735.000000,46270.000000
20199.000000,3382.000000,1739.000000,46270.000000
20232.000000,3412.000000,1745.000000,46258.000000
20261.000000,3419.000000,1793.000000,46297.000000
20344.000000,3505.000000,1906.000000,46325.000000
20391.000000,3561.000000,1962.000000,46387.000000
20500.000000,3647.000000,2053.000000,46490.000000
20598.000000,3745.000000,2191.000000,46523.000000
20743.000000,3846.000000,2306.000000,46607.000000
20901.000000,3981.000000,2494.000000,46672.000000
21109.000000,4163.000000,2753.000000,46841.000000
21167.000000,4206.000000,2799.000000,46861.000000
21181.000000,4206.000000,2880.000000,46846.000000
21383.000000,4355.000000,3047.000000,46974.000000
21514.000000,4447.000000,3185.000000,47078.000000
21587.000000,4526.000000,3288.000000,47117.000000
21702.000000,4641.000000,3402.000000,47201.000000
21780.000000,4694.000000,3502.000000,47235.000000
21861.000000,4749.000000,3589.000000,47242.000000
21906.000000,4794.000000,3629.000000,47267.000000
21864.000000,4787.000000,3601.000000,47256.000000
21802.000000,4782.000000,3538.000000,47224.000000
21799.000000,4749.000000,3510.000000,47179.000000
21801.000000,4734.000000,3501.000000,47235.000000
21723.000000,4695.000000,3473.000000,47194.000000
21697.000000,4662.000000,3407.000000,47158.000000
21652.000000,4605.000000,3345.000000,47150.000000
21594.000000,4528.000000,3259.000000,47096.000000
21571.000000,4530.000000,3304.000000,47093.000000
21530.000000,4502.000000,3212.000000,47020.000000
21488.000000,4499.000000,3141.000000,47009.000000
21483.000000,4419.000000,3114.000000,47019.000000
21385.000000,4387.000000,3072.000000,46975.000000
21351.000000,4341.000000,3004.000000,46955.000000
21296.000000,4300.000000,2957.000000,46904.000000
21268.000000,4282.000000,2933.000000,46889.000000
21243.000000,4258.000000,2848.000000,46896.000000
21166.000000,4230.000000,2856.000000,46839.000000
21169.000000,4207.000000,2784.000000,46819.000000
21111.000000,4165.000000,2722.000000,46799.000000
21076.000000,4126.000000,2723.000000,46779.000000
21039.000000,4101.000000,2625.000000,46737.000000
20991.000000,4041.000000,2579.000000,46722.000000
20958.000000,4021.000000,2552.000000,46693.000000
20870.000000,3972.000000,2529.000000,46669.000000
20886.000000,3979.000000,2431.000000,46621.000000
20842.000000,3939.000000,2426.000000,46613.000000
20775.000000,3842.000000,2353.000000,46595.000000
20714.000000,3820.000000,2328.000000,46561.000000
20695.000000,3817.000000,2278.000000,46536.000000
20656.000000,3792.000000,2236.000000,46519.000000
20606.000000,3780.000000,2158.000000,46484.000000
20553.000000,3719.000000,2160.000000,46482.000000
20528.000000,3686.000000,2089.000000,46447.000000
20483.000000,3695.000000,2090.000000,46418.000000
20477.000000,3653.000000,2069.000000,46448.000000
20447.000000,3636.000000,2010.000000,46406.000000
20461.000000,3643.000000,2053.000000,46405.000000
20471.000000,3678.000000,2081.000000,46424.000000
20531.000000,3722.000000,2170.000000,46480.000000
20644.000000,3816.000000,2288.000000,46535.000000
20806.000000,3914.000000,2406.000000,46611.000000
20882.000000,3983.000000,2506.000000,46693.000000
20996.000000,4128.000000,2650.000000,46786.000000
21106.000000,4209.000000,2835.000000,46857.000000
21259.000000,4312.000000,2989.000000,46976.000000
21455.000000,4515.000000,3203.000000,47057.000000
21582.000000,4522.000000,3358.000000,47149.000000
21729.000000,4714.000000,3512.000000,47236.000000
21766.000000,4736.000000,3541.000000,47238.000000
21916.000000,4838.000000,3690.000000,47365.000000
21978.000000,4910.000000,3780.000000,47384.000000
22044.000000,4961.000000,3867.000000,47439.000000
22022.000000,4962.000000,3797.000000,47384.000000
21945.000000,4887.000000,3725.000000,47358.000000
21849.000000,4835.000000,3644.000000,47297.000000
21785.000000,4773.000000,3562.000000,47242.000000
21755.000000,4742.000000,3512.000000,47215.000000
21698.000000,4676.000000,3456.000000,47191.000000
21640.000000,4574.000000,3379.000000,47141.000000
21577.000000,4546.000000,3285.000000,47113.000000
21457.000000,4481.000000,3147.000000,47019.000000
21430.000000,4443.000000,3139.000000,47011.000000
21427.000000,4488.000000,3132.000000,47019.000000
21341.000000,4352.000000,3062.000000,46967.000000
21222.000000,4291.000000,2927.000000,46900.000000
21229.000000,4314.000000,2893.000000,46904.000000
21215.000000,4280.000000,2894.000000,46856.000000
21160.000000,4210.000000,2838.000000,46845.000000
21090.000000,4105.000000,2738.000000,46804.000000
21021.000000,4115.000000,2711.000000,46774.000000
20973.000000,4047.000000,2609.000000,46743.000000
20907.000000,4028.000000,2555.000000,46702.000000
20843.000000,3948.000000,2463.000000,46660.000000
20778.000000,3919.000000,2402.000000,46610.000000
20682.000000,3812.000000,2277.000000,46538.000000
20678.000000,3804.000000,2281.000000,46535.000000
20653.000000,3792.000000,2231.000000,46531.000000
20603.000000,3751.000000,2219.000000,46504.000000
20538.000000,3673.000000,2144.000000,46468.000000
20468.000000,3636.000000,2044.000000,46406.000000
20417.000000,3572.000000,1968.000000,46390.000000
20370.000000,3571.000000,1932.000000,46345.000000
20323.000000,3496.000000,1849.000000,46312.000000
20240.000000,3460.000000,1819.000000,46315.000000
20256.000000,3449.000000,1816.000000,46293.000000
20238.000000,3454.000000,1769.000000,46309.000000
20289.000000,3488.000000,1883.000000,46296.000000
20350.000000,3555.000000,1958.000000,46390.000000
20436.000000,3625.000000,2064.000000,46440.000000
20542.000000,3688.000000,2170.000000,46511.000000
20605.000000,3807.000000,2268.000000,46555.000000
20741.000000,3859.000000,2372.000000,46614.000000
20847.000000,3932.000000,2503.000000,46685.000000
20934.000000,4022.000000,2615.000000,46756.000000
21070.000000,4119.000000,2766.000000,46832.000000
21173.000000,4192.000000,2865.000000,46883.000000
21312.000000,4284.000000,3015.000000,46970.000000
21409.000000,4369.000000,3139.000000,47070.000000
21547.000000,4463.000000,3271.000000,47100.000000
21532.000000,4509.000000,3267.000000,47142.000000
21592.000000,4540.000000,3343.000000,47153.000000
21634.000000,4603.000000,3357.000000,47136.000000
21627.000000,4545.000000,3343.000000,47147.000000
21559.000000,4523.000000,3308.000000,47141.000000
21523.000000,4548.000000,3302.000000,47103.000000
21511.000000,4477.000000,3239.000000,47073.000000
21488.000000,4486.000000,3193.000000,47067.000000
21455.000000,4471.000000,3187.000000,47033.000000
21432.000000,4408.000000,3143.000000,47030.000000
21392.000000,4400.000000,3085.000000,46988.000000
21333.000000,4364.000000,3042.000000,46960.000000
21275.000000,4322.000000,2994.000000,46937.000000
21243.000000,4284.000000,2953.000000,46897.000000
21172.000000,4228.000000,2869.000000,46897.000000
21162.000000,4221.000000,2843.000000,46858.000000
21143.000000,4211.000000,2763.000000,46835.000000
21089.000000,4139.000000,2766.000000,46842.000000
21017.000000,4140.000000,2729.000000,46819.000000
21011.000000,4097.000000,2692.000000,46777.000000
20947.000000,4032.000000,2660.000000,46747.000000
20927.000000,3998.000000,2579.000000,46692.000000
20834.000000,3942.000000,2482.000000,46676.000000
20840.000000,3938.000000,2481.000000,46665.000000
20764.000000,3883.000000,2406.000000,46643.000000
20733.000000,3842.000000,2377.000000,46601.000000
20681.000000,3810.000000,2312.000000,46583.000000
20659.000000,3791.000000,2280.000000,46530.000000
20607.000000,3715.000000,2245.000000,46549.000000
20535.000000,3769.000000,2181.000000,46507.000000
20537.000000,3720.000000,2147.000000,46482.000000
20498.000000,3682.000000,2090.000000,46460.000000
20463.000000,3624.000000,2069.000000,46417.000000
20453.000000,3602.000000,2084.000000,46414.000000
20406.000000,3615.000000,2056.000000,46445.000000
20387.000000,3608.000000,1969.000000,46378.000000
20336.000000,3577.000000,1990.000000,46392.000000
20357.000000,3572.000000,1951.000000,46356.000000
20278.000000,3523.000000,1883.000000,46333.000000
20273.000000,3497.000000,1886.000000,46314.000000
20245.000000,3496.000000,1848.000000,46319.000000
20253.000000,3495.000000,1860.000000,46356.000000
20305.000000,3533.000000,1906.000000,46347.000000
20353.000000,3561.000000,1990.000000,46406.000000
20483.000000,3677.000000,2093.000000,46473.000000
20618.000000,3807.000000,2276.000000,46560.000000
20744.000000,3899.000000,2405.000000,46608.000000
20984.000000,4115.000000,2711.000000,46802.000000
21021.000000,4124.000000,2762.000000,46808.000000
21071.000000,4198.000000,2810.000000,46846.000000
21203.000000,4288.000000,3009.000000,46927.000000
21439.000000,4477.000000,3241.000000,47087.000000
21486.000000,4517.000000,3277.000000,47091.000000
21621.000000,4640.000000,3457.000000,47183.000000
21675.000000,4658.000000,3510.000000,47239.000000
21740.000000,4719.000000,3547.000000,47255.000000
21723.000000,4713.000000,3584.000000,47238.000000
21755.000000,4750.000000,3569.000000,47232.000000
21687.000000,4687.000000,3507.000000,47215.000000
21659.000000,4631.000000,3451.000000,47155.000000
21584.000000,4616.000000,3416.000000,47173.000000
21589.000000,4589.000000,3371.000000,47123.000000
21502.000000,4555.000000,3281.000000,47096.000000
21460.000000,4511.000000,3280.000000,47100.000000
21405.000000,4478.000000,3203.000000,47070.000000
21374.000000,4445.000000,3171.000000,47030.000000
21354.000000,4419.000000,3128.000000,47018.000000
21320.000000,4340.000000,3065.000000,46995.000000
21215.000000,4334.000000,3017.000000,46944.000000
21210.000000,4297.000000,2945.000000,46922.000000
21151.000000,4251.000000,2917.000000,46882.000000
21109.000000,4208.000000,2837.000000,46855.000000
21039.000000,4173.000000,2785.000000,46836.000000
20996.000000,4118.000000,2742.000000,46796.000000
20970.000000,4081.000000,2670.000000,46765.000000
20886.000000,4020.000000,2614.000000,46779.000000
20859.000000,3988.000000,2544.000000,46702.000000
20808.000000,3955.000000,2525.000000,46697.000000
20787.000000,3896.000000,2476.000000,46655.000000
20744.000000,3886.000000,2437.000000,46648.000000
20680.000000,3859.000000,2380.000000,46607.000000
20648.000000,3793.000000,2323.000000,46574.000000
20610.000000,3798.000000,2288.000000,46571.000000
20580.000000,3776.000000,2257.000000,46526.000000
20527.000000,3724.000000,2202.000000,46505.000000
20555.000000,3704.000000,2170.000000,46502.000000
20464.000000,3667.000000,2108.000000,46477.000000
20431.000000,3651.000000,2118.000000,46444.000000
20387.000000,3613.000000,2083.000000,46463.000000
20376.000000,3599.000000,2018.000000,46425.000000
20290.000000,3556.000000,1968.000000,46392.000000
20291.000000,3499.000000,1909.000000,46346.000000
20225.000000,3487.000000,1849.000000,46320.000000
20181.000000,3440.000000,1820.000000,46284.000000
20155.000000,3422.000000,1808.000000,46284.000000
20133.000000,3385.000000,1769.000000,46278.000000
20149.000000,3430.000000,1825.000000,46294.000000
20173.000000,3443.000000,1863.000000,46327.000000
20244.000000,3510.000000,1903.000000,46363.000000
20276.000000,3564.000000,1984.000000,46399.000000
20391.000000,3629.000000,2077.000000,46429.000000
20479.000000,3685.000000,2217.000000,46538.000000
20624.000000,3814.000000,2370.000000,46635.000000
20773.000000,3944.000000,2504.000000,46687.000000
20871.000000,4000.000000,2641.000000,46787.000000
21020.000000,4151.000000,2783.000000,46828.000000
21130.000000,4259.000000,2963.000000,46914.000000
21249.000000,4351.000000,3094.000000,47014.000000
21453.000000,4443.000000,3246.000000,47093.000000
21522.000000,4519.000000,3352.000000,47141.000000
21601.000000,4619.000000,3455.000000,47201.000000
21651.000000,4630.000000,3477.000000,47216.000000
21627.000000,4638.000000,3495.000000,47207.000000
21582.000000,4590.000000,3426.000000,47193.000000
21570.000000,4613.000000,3414.000000,47187.000000
21581.000000,4596.000000,3406.000000,47154.000000
21522.000000,4555.000000,3357.000000,47118.000000
21488.000000,4509.000000,3365.000000,47154.000000
21501.000000,4517.000000,3301.000000,47090.000000
21431.000000,4513.000000,3275.000000,47105.000000
21413.000000,4447.000000,3233.000000,47046.000000
21352.000000,4420.000000,3191.000000,47044.000000
21313.000000,4392.000000,3158.000000,47036.000000
21270.000000,4372.000000,3094.000000,47000.000000
21223.000000,4307.000000,3062.000000,46995.000000
21184.000000,4307.000000,3020.000000,46934.000000
21174.000000,4299.000000,2978.000000,46919.000000
21074.000000,4227.000000,2928.000000,46923.000000
21102.000000,4224.000000,2874.000000,46854.000000
21048.000000,4196.000000,2826.000000,46830.000000
20997.000000,4148.000000,2784.000000,46833.000000
20951.000000,4120.000000,2713.000000,46823.000000
20904.000000,4099.000000,2676.000000,46767.000000
20862.000000,4038.000000,2606.000000,46741.000000
20820.000000,3964.000000,2584.000000,46711.000000
20764.000000,3986.000000,2547.000000,46671.000000
20770.000000,3919.000000,2459.000000,46673.000000
20676.000000,3886.000000,2405.000000,46631.000000
20635.000000,3856.000000,2346.000000,46613.000000
20597.000000,3825.000000,2322.000000,46558.000000
20549.000000,3767.000000,2277.000000,46544.000000
20516.000000,3748.000000,2245.000000,46530.000000
20490.000000,3734.000000,2219.000000,46513.000000
20460.000000,3705.000000,2154.000000,46506.000000
20414.000000,3655.000000,2113.000000,46481.000000
20356.000000,3652.000000,2100.000000,46480.000000
20330.000000,3640.000000,2075.000000,46451.000000
20339.000000,3605.000000,2039.000000,46431.000000
20263.000000,3565.000000,2018.000000,46401.000000
20251.000000,3547.000000,1964.000000,46370.000000
20222.000000,3512.000000,1915.000000,46349.000000
20224.000000,3552.000000,1948.000000,46399.000000
20229.000000,3551.000000,1966.000000,46372.000000
20267.000000,3556.000000,2031.000000,46395.000000
20322.000000,3608.000000,2076.000000,46420.000000
20359.000000,3669.000000,2106.000000,46466.000000
20442.000000,3744.000000,2234.000000,46523.000000
20544.000000,3815.000000,2354.000000,46597.000000
20559.000000,3846.000000,2334.000000,46600.000000
20778.000000,4014.000000,2598.000000,46736.000000
20836.000000,4018.000000,2650.000000,46773.000000
20842.000000,4048.000000,2692.000000,46765.000000
21076.000000,4205.000000,2858.000000,46878.000000
21153.000000,4278.000000,2978.000000,46939.000000
21258.000000,4369.000000,3123.000000,47043.000000
21343.000000,4447.000000,3238.000000,47094.000000
21429.000000,4492.000000,3310.000000,47113.000000
21459.000000,4523.000000,3318.000000,47110.000000
21397.000000,4501.000000,3277.000000,47109.000000
21419.000000,4512.000000,3265.000000,47095.000000
21353.000000,4464.000000,3226.000000,47081.000000
21325.000000,4389.000000,3151.000000,47048.000000
21278.000000,4351.000000,3106.000000,47018.000000
21247.000000,4340.000000,3058.000000,46970.000000
21171.000000,4317.000000,3004.000000,46981.000000
21139.000000,4297.000000,2920.000000,46928.000000
21106.000000,4232.000000,2925.000000,46920.000000
21070.000000,4200.000000,2834.000000,46882.000000
20993.000000,4145.000000,2812.000000,46887.000000
21016.000000,4135.000000,2796.000000,46859.000000
20980.000000,4099.000000,2747.000000,46818.000000
20922.000000,4095.000000,2692.000000,46785.000000
20872.000000,4045.000000,2677.000000,46781.000000
20877.000000,4063.000000,2637.000000,46758.000000
20814.000000,4005.000000,2567.000000,46713.000000
20776.000000,3968.000000,2532.000000,46692.000000
20756.000000,3942.000000,2492.000000,46676.000000
20651.000000,3927.000000,2465.000000,46635.000000
20638.000000,3847.000000,2384.000000,46632.000000
20601.000000,3827.000000,2372.000000,46588.000000
20566.000000,3779.000000,2303.000000,46572.000000
20479.000000,3757.000000,2265.000000,46557.000000
20474.000000,3736.000000,2216.000000,46525.000000
20463.000000,3697.000000,2151.000000,46470.000000
20356.000000,3669.000000,2114.000000,46441.000000
20368.000000,3615.000000,2115.000000,46486.000000
20330.000000,3627.000000,2081.000000,46437.000000
20297.000000,3614.000000,2050.000000,46428.000000
20282.000000,3563.000000,1993.000000,46403.000000
20219.000000,3543.000000,1967.000000,46346.000000
20194.000000,3504.000000,1942.000000,46348.000000
20170.000000,3470.000000,1892.000000,46326.000000
20130.000000,3466.000000,1859.000000,46319.000000
20174.000000,3484.000000,1863.000000,46315.000000
20177.000000,3493.000000,1888.000000,46315.000000
20232.000000,3543.000000,1942.000000,46346.000000
20259.000000,3587.000000,2015.000000,46411.000000
20326.000000,3663.000000,2137.000000,46462.000000
20428.000000,3750.000000,2219.000000,46512.000000
20566.000000,3816.000000,2347.000000,46552.000000
20657.000000,3889.000000,2447.000000,46644.000000
20767.000000,4025.000000,2578.000000,46721.000000
20871.000000,4079.000000,2692.000000,46784.000000
20968.000000,4184.000000,2812.000000,46864.000000
21069.000000,4272.000000,2984.000000,46938.000000
21234.000000,4369.000000,3114.000000,47037.000000
21351.000000,4463.000000,3252.000000,47082.000000
21379.000000,4482.000000,3258.000000,47103.000000
21589.000000,4635.000000,3464.000000,47227.000000
21584.000000,4627.000000,3517.000000,47218.000000
21604.000000,4645.000000,3528.000000,47238.000000
21656.000000,4715.000000,3556.000000,47238.000000
21639.000000,4732.000000,3542.000000,47210.000000
21606.000000,4661.000000,3512.000000,47189.000000
21566.000000,4606.000000,3478.000000,47190.000000
21524.000000,4603.000000,3438.000000,47162.000000
21488.000000,4588.000000,3413.000000,47163.000000
21445.000000,4543.000000,3348.000000,47147.000000
21403.000000,4519.000000,3312.000000,47087.000000
21356.000000,4487.000000,3260.000000,47085.000000
21320.000000,4470.000000,3229.000000,47059.000000
21271.000000,4419.000000,3142.000000,47043.000000
21229.000000,4385.000000,3113.000000,46991.000000
21161.000000,4337.000000,3091.000000,46984.000000
21157.000000,4313.000000,3006.000000,46939.000000
21083.000000,4272.000000,2977.000000,46906.000000
21028.000000,4230.000000,2898.000000,46881.000000
21042.000000,4201.000000,2856.000000,46865.000000
20983.000000,4152.000000,2837.000000,46827.000000
20911.000000,4106.000000,2766.000000,46826.000000
20889.000000,4089.000000,2677.000000,46779.000000
20832.000000,4035.000000,2654.000000,46789.000000
20827.000000,4015.000000,2625.000000,46722.000000
20750.000000,3993.000000,2606.000000,46720.000000
20727.000000,3957.000000,2526.000000,46687.000000
20690.000000,3937.000000,2493.000000,46659.000000
20660.000000,3901.000000,2470.000000,46636.000000
20618.000000,3878.000000,2399.000000,46622.000000
20586.000000,3845.000000,2362.000000,46605.000000
20553.000000,3804.000000,2360.000000,46575.000000
20505.000000,3805.000000,2302.000000,46548.000000
20457.000000,3746.000000,2254.000000,46551.000000
20424.000000,3714.000000,2232.000000,46505.000000
20418.000000,3708.000000,2182.000000,46458.000000
20346.000000,3668.000000,2085.000000,46453.000000
20289.000000,3611.000000,2052.000000,46438.000000
20225.000000,3565.000000,2022.000000,46399.000000
20194.000000,3518.000000,1938.000000,46359.000000
20208.000000,3520.000000,1963.000000,46350.000000
20140.000000,3493.000000,1909.000000,46318.000000
20116.000000,3459.000000,1896.000000,46349.000000
20138.000000,3525.000000,1906.000000,46330.000000
20195.000000,3546.000000,1941.000000,46395.000000
20245.000000,3578.000000,2003.000000,46406.000000
20321.000000,3646.000000,2075.000000,46428.000000
20417.000000,3747.000000,2205.000000,46489.000000
20573.000000,3849.000000,2376.000000,46637.000000
20582.000000,3868.000000,2371.000000,46624.000000
20628.000000,3868.000000,2451.000000,46670.000000
20734.000000,3933.000000,2551.000000,46698.000000
20869.000000,4095.000000,2722.000000,46793.000000
20989.000000,4186.000000,2833.000000,46872.000000
21103.000000,4275.000000,3008.000000,46940.000000
21215.000000,4388.000000,3120.000000,47020.000000
21345.000000,4425.000000,3265.000000,47090.000000
21449.000000,4557.000000,3358.000000,47150.000000
21573.000000,4638.000000,3469.000000,47228.000000
21637.000000,4695.000000,3530.000000,47290.000000
21638.000000,4678.000000,3573.000000,47259.000000
21614.000000,4657.000000,3527.000000,47203.000000
21581.000000,4625.000000,3510.000000,47217.000000
21511.000000,4621.000000,3432.000000,47173.000000
21506.000000,4593.000000,3431.000000,47159.000000
21446.000000,4535.000000,3365.000000,47154.000000
21419.000000,4540.000000,3350.000000,47124.000000
21388.000000,4527.000000,3299.000000,47119.000000
21368.000000,4512.000000,3262.000000,47065.000000
21338.000000,4454.000000,3210.000000,47060.000000
21317.000000,4429.000000,3182.000000,47061.000000
21255.000000,4409.000000,3143.000000,47057.000000
21200.000000,4404.000000,3133.000000,47038.000000
21180.000000,4354.000000,3099.000000,46998.000000
21149.000000,4322.000000,3052.000000,46968.000000
21134.000000,4276.000000,2968.000000,46940.000000
21064.000000,4250.000000,2927.000000,46896.000000
21046.000000,4205.000000,2893.000000,46893.000000
21002.000000,4224.000000,2857.000000,46878.000000
20988.000000,4191.000000,2834.000000,46846.000000
20948.000000,4118.000000,2810.000000,46832.000000
20905.000000,4099.000000,2746.000000,46768.000000
20873.000000,4104.000000,2725.000000,46781.000000
20842.000000,4074.000000,2672.000000,46759.000000
20810.000000,3997.000000,2640.000000,46748.000000
20730.000000,3998.000000,2613.000000,46690.000000
20703.000000,3920.000000,2495.000000,46667.000000
20643.000000,3933.000000,2499.000000,46648.000000
20610.000000,3893.000000,2421.000000,46580.000000
20573.000000,3864.000000,2380.000000,46597.000000
20520.000000,3810.000000,2359.000000,46590.000000
20497.000000,3797.000000,2367.000000,46574.000000
20377.000000,3740.000000,2228.000000,46491.000000
20377.000000,3716.000000,2175.000000,46449.000000
20356.000000,3710.000000,2202.000000,46479.000000
20272.000000,3666.000000,2103.000000,46418.000000
20256.000000,3608.000000,2113.000000,46438.000000
20314.000000,3679.000000,2096.000000,46441.000000
20308.000000,3684.000000,2158.000000,46469.000000
20519.000000,3885.000000,2426.000000,46612.000000
20590.000000,3871.000000,2457.000000,46675.000000
20600.000000,3935.000000,2478.000000,46672.000000
20785.000000,4020.000000,2650.000000,46718.000000
20909.000000,4142.000000,2796.000000,46821.000000
21017.000000,4256.000000,2931.000000,46873.000000
21175.000000,4357.000000,3141.000000,47013.000000
21296.000000,4452.000000,3264.000000,47040.000000
21418.000000,4560.000000,3396.000000,47137.000000
21511.000000,4666.000000,3509.000000,47216.000000
21665.000000,4751.000000,3670.000000,47270.000000
21762.000000,4802.000000,3744.000000,47367.000000
21859.000000,4881.000000,3853.000000,47392.000000
21844.000000,4891.000000,3856.000000,47394.000000
21804.000000,4873.000000,3777.000000,47368.000000
21718.000000,4829.000000,3687.000000,47296.000000
21696.000000,4795.000000,3677.000000,47308.000000
21687.000000,4791.000000,3672.000000,47288.000000
21643.000000,4766.000000,3635.000000,47313.000000
21635.000000,4735.000000,3593.000000,47242.000000
21586.000000,4689.000000,3549.000000,47214.000000
21574.000000,4684.000000,3502.000000,47183.000000
21507.000000,4644.000000,3462.000000,47184.000000
21479.000000,4622.000000,3400.000000,47121.000000
21433.000000,4588.000000,3373.000000,47117.000000
21382.000000,4533.000000,3321.000000,47070.000000
21355.000000,4487.000000,3267.000000,47076.000000
21308.000000,4482.000000,3226.000000,47079.000000
21255.000000,4416.000000,3183.000000,47019.000000
21234.000000,4381.000000,3182.000000,47045.000000
21231.000000,4388.000000,3127.000000,46985.000000
21179.000000,4375.000000,3066.000000,46960.000000
21122.000000,4353.000000,3041.000000,46944.000000
21099.000000,4290.000000,3009.000000,46945.000000
21053.000000,4303.000000,3007.000000,46921.000000
21041.000000,4248.000000,2944.000000,46881.000000
21000.000000,4193.000000,2860.000000,46862.000000
20966.000000,4197.000000,2846.000000,46856.000000
20876.000000,4163.000000,2778.000000,46799.000000
20834.000000,4112.000000,2769.000000,46759.000000
20800.000000,4039.000000,2677.000000,46736.000000
20713.000000,4009.000000,2608.000000,46738.000000
20694.000000,3974.000000,2548.000000,46669.000000
20651.000000,3916.000000,2512.000000,46637.000000
20591.000000,3920.000000,2452.000000,46644.000000
20542.000000,3841.000000,2415.000000,46611.000000
20497.000000,3798.000000,2346.000000,46564.000000
20453.000000,3796.000000,2258.000000,46510.000000
20391.000000,3755.000000,2198.000000,46480.000000
20351.000000,3707.000000,2204.000000,46440.000000
20318.000000,3690.000000,2155.000000,46486.000000
20301.000000,3695.000000,2150.000000,46447.000000
20317.000000,3698.000000,2192.000000,46501.000000
20361.000000,3727.000000,2232.000000,46508.000000
20420.000000,3779.000000,2298.000000,46553.000000
20507.000000,3830.000000,2352.000000,46586.000000
20559.000000,3886.000000,2429.000000,46622.000000
20657.000000,3952.000000,2524.000000,46670.000000
20749.000000,4006.000000,2631.000000,46734.000000
20846.000000,4074.000000,2712.000000,46768.000000
20902.000000,4141.000000,2811.000000,46862.000000
21030.000000,4241.000000,2969.000000,46898.000000
21104.000000,4318.000000,3053.000000,46969.000000
21226.000000,4374.000000,3139.000000,47025.000000
21292.000000,4472.000000,3241.000000,47097.000000
21369.000000,4536.000000,3348.000000,47142.000000
21458.000000,4594.000000,3421.000000,47186.000000
21489.000000,4603.000000,3456.000000,47215.000000
21459.000000,4624.000000,3431.000000,47166.000000
21453.000000,4599.000000,3393.000000,47138.000000
21382.000000,4538.000000,3368.000000,47121.000000
21349.000000,4504.000000,3272.000000,47107.000000
21336.000000,4437.000000,3213.000000,47091.000000
21271.000000,4410.000000,3165.000000,47040.000000
21209.000000,4388.000000,3141.000000,47030.000000
21214.000000,4338.000000,3092.000000,46991.000000
21170.000000,4336.000000,3108.000000,47010.000000
21173.000000,4348.000000,3072.000000,46982.000000
21121.000000,4309.000000,3012.000000,46981.000000
21127.000000,4291.000000,2953.000000,46962.000000
21062.000000,4236.000000,2926.000000,46942.000000
21040.000000,4204.000000,2901.000000,46906.000000
21011.000000,4188.000000,2867.000000,46871.000000
20963.000000,4181.000000,2852.000000,46856.000000
20880.000000,4117.000000,2744.000000,46809.000000
20859.000000,4057.000000,2699.000000,46806.000000
20860.000000,4085.000000,2695.000000,46793.000000
20810.000000,4020.000000,2637.000000,46750.000000
20758.000000,3974.000000,2598.000000,46727.000000
20723.000000,3935.000000,2524.000000,46703.000000
20614.000000,3937.000000,2449.000000,46660.000000
20633.000000,3891.000000,2441.000000,46631.000000
20546.000000,3859.000000,2387.000000,46589.000000
20507.000000,3793.000000,2340.000000,46577.000000
20474.000000,3796.000000,2315.000000,46564.000000
20414.000000,3720.000000,2244.000000,46563.000000
20369.000000,3707.000000,2180.000000,46519.000000
20354.000000,3656.000000,2165.000000,46480.000000
20316.000000,3623.000000,2084.000000,46464.000000
20271.000000,3600.000000,2064.000000,46435.000000
20268.000000,3563.000000,2040.000000,46425.000000
20188.000000,3538.000000,2002.000000,46406.000000
20194.000000,3535.000000,2007.000000,46397.000000
20128.000000,3531.000000,1947.000000,46393.000000
20115.000000,3475.000000,1921.000000,46366.000000
20100.000000,3458.000000,1905.000000,46340.000000
20077.000000,3471.000000,1870.000000,46342.000000
20090.000000,3468.000000,1911.000000,46366.000000
20117.000000,3521.000000,1916.000000,46353.000000
20179.000000,3561.000000,2027.000000,46411.000000
20225.000000,3591.000000,2071.000000,46449.000000
20306.000000,3682.000000,2163.000000,46506.000000
20444.000000,3772.000000,2298.000000,46578.000000
20543.000000,3845.000000,2394.000000,46648.000000
20702.000000,3950.000000,2548.000000,46735.000000
20801.000000,4068.000000,2704.000000,46795.000000
20925.000000,4170.000000,2853.000000,46867.000000
21045.000000,4246.000000,2989.000000,46974.000000
21238.000000,4408.000000,3223.000000,47064.000000
21276.000000,4459.000000,3242.000000,47116.000000
21430.000000,4534.000000,3378.000000,47182.000000
21570.000000,4685.000000,3521.000000,47270.000000
21695.000000,4721.000000,3659.000000,47319.000000
21745.000000,4808.000000,3724.000000,47406.000000
21838.000000,4912.000000,3807.000000,47408.000000
21811.000000,4846.000000,3825.000000,47385.000000
21799.000000,4839.000000,3780.000000,47404.000000
21758.000000,4864.000000,3793.000000,47398.000000
21737.000000,4807.000000,3705.000000,47325.000000
21724.000000,4775.000000,3695.000000,47341.000000
21675.000000,4762.000000,3632.000000,47307.000000
21655.000000,4700.000000,3589.000000,47282.000000
21615.000000,4690.000000,3556.000000,47234.000000
21569.000000,4659.000000,3509.000000,47212.000000
21499.000000,4645.000000,3480.000000,47212.000000
21430.000000,4535.000000,3389.000000,47129.000000
21419.000000,4513.000000,3331.000000,47120.000000
21417.000000,4533.000000,3330.000000,47123.000000
21340.000000,4467.000000,3257.000000,47106.000000
21305.000000,4459.000000,3262.000000,47106.000000
21261.000000,4409.000000,3195.000000,47074.000000
21187.000000,4382.000000,3126.000000,47052.000000
21129.000000,4371.000000,3092.000000,47011.000000
21089.000000,4297.000000,3013.000000,46955.000000
21037.000000,4272.000000,2945.000000,46953.000000
21008.000000,4217.000000,2926.000000,46883.000000
20927.000000,4179.000000,2854.000000,46848.000000
20879.000000,4118.000000,2746.000000,46841.000000
20825.000000,4039.000000,2662.000000,46753.000000
20786.000000,3993.000000,2663.000000,46778.000000
20768.000000,4006.000000,2634.000000,46783.000000
20719.000000,3966.000000,2619.000000,46742.000000
20653.000000,3940.000000,2532.000000,46710.000000
20605.000000,3920.000000,2471.000000,46662.000000
20563.000000,3849.000000,2415.000000,46647.000000
20496.000000,3804.000000,2364.000000,46617.000000
20481.000000,3798.000000,2328.000000,46582.000000
20416.000000,3789.000000,2315.000000,46564.000000
20410.000000,3747.000000,2264.000000,46550.000000
20361.000000,3729.000000,2193.000000,46473.000000
20287.000000,3653.000000,2126.000000,46505.000000
20247.000000,3598.000000,2106.000000,46478.000000
20173.000000,3587.000000,2043.000000,46414.000000
20151.000000,3509.000000,1981.000000,46406.000000
20084.000000,3484.000000,1947.000000,46378.000000
20071.000000,3499.000000,1924.000000,46376.000000
20079.000000,3444.000000,1896.000000,46383.000000
20104.000000,3461.000000,1890.000000,46370.000000
20065.000000,3482.000000,1923.000000,46382.000000
20150.000000,3510.000000,1995.000000,46410.000000
20204.000000,3581.000000,2053.000000,46451.000000
20290.000000,3627.000000,2203.000000,46513.000000
20426.000000,3764.000000,2338.000000,46574.000000
20513.000000,3843.000000,2447.000000,46662.000000
20644.000000,3945.000000,2567.000000,46745.000000
20768.000000,4052.000000,2712.000000,46822.000000
20848.000000,4114.000000,2842.000000,46893.000000
20997.000000,4258.000000,3000.000000,46998.000000
21149.000000,4338.000000,3115.000000,47047.000000
21263.000000,4424.000000,3213.000000,47120.000000
21361.000000,4472.000000,3375.000000,47178.000000
21434.000000,4550.000000,3463.000000,47257.000000
21552.000000,4690.000000,3572.000000,47251.000000
21612.000000,4698.000000,3625.000000,47306.000000
21626.000000,4655.000000,3612.000000,47316.000000
21600.000000,4716.000000,3594.000000,47276.000000
21558.000000,4666.000000,3547.000000,47259.000000
21500.000000,4593.000000,3526.000000,47226.000000
21493.000000,4603.000000,3458.000000,47217.000000
21468.000000,4579.000000,3408.000000,47189.000000
21412.000000,4536.000000,3369.000000,47149.000000
21347.000000,4483.000000,3287.000000,47155.000000
21295.000000,4480.000000,3269.000000,47131.000000
21290.000000,4438.000000,3204.000000,47083.000000
21233.000000,4393.000000,3182.000000,47095.000000
21215.000000,4395.000000,3160.000000,47055.000000
21166.000000,4358.000000,3119.000000,47011.000000
21100.000000,4267.000000,3056.000000,46998.000000
21108.000000,4278.000000,3064.000000,47010.000000
21004.000000,4217.000000,2984.000000,46974.000000
20998.000000,4232.000000,2967.000000,46955.000000
20954.000000,4165.000000,2874.000000,46905.000000
20911.000000,4151.000000,2851.000000,46878.000000
20854.000000,4114.000000,2802.000000,46865.000000
20855.000000,4077.000000,2740.000000,46800.000000
20800.000000,4025.000000,2679.000000,46793.000000
20727.000000,4029.000000,2646.000000,46777.000000
20684.000000,3971.000000,2588.000000,46738.000000
20635.000000,3949.000000,2545.000000,46683.000000
20563.000000,3879.000000,2488.000000,46696.000000
20540.000000,3862.000000,2442.000000,46705.000000
20507.000000,3832.000000,2404.000000,46635.000000
20450.000000,3783.000000,2346.000000,46612.000000
20409.000000,3790.000000,2304.000000,46578.000000
20391.000000,3750.000000,2275.000000,46606.000000
20320.000000,3701.000000,2266.000000,46535.000000
20301.000000,3670.000000,2200.000000,46507.000000
20241.000000,3641.000000,2117.000000,46519.000000
20204.000000,3583.000000,2111.000000,46458.000000
20172.000000,3546.000000,2069.000000,46444.000000
20100.000000,3540.000000,2001.000000,46427.000000
20104.000000,3552.000000,2021.000000,46421.000000
20151.000000,3540.000000,2019.000000,46417.000000
20158.000000,3562.000000,2046.000000,46439.000000
20195.000000,3600.000000,2130.000000,46478.000000
20282.000000,3606.000000,2182.000000,46525.000000
20355.000000,3729.000000,2300.000000,46600.000000
20433.000000,3801.000000,2417.000000,46654.000000
20562.000000,3882.000000,2495.000000,46684.000000
20641.000000,3977.000000,2643.000000,46794.000000
20812.000000,4088.000000,2789.000000,46876.000000
20895.000000,4170.000000,2908.000000,46961.000000
20999.000000,4244.000000,3017.000000,47001.000000
21129.000000,4338.000000,3153.000000,47077.000000
21254.000000,4413.000000,3296.000000,47137.000000
21306.000000,4494.000000,3398.000000,47222.000000
21362.000000,4508.000000,3431.000000,47224.000000
21459.000000,4603.000000,3529.000000,47291.000000
21544.000000,4641.000000,3596.000000,47307.000000
21573.000000,4735.000000,3636.000000,47330.000000
21577.000000,4722.000000,3634.000000,47323.000000
21550.000000,4711.000000,3609.000000,47325.000000
21540.000000,4702.000000,3564.000000,47299.000000
21428.000000,4574.000000,3475.000000,47263.000000
21403.000000,4563.000000,3461.000000,47256.000000
21398.000000,4572.000000,3465.000000,47249.000000
21364.000000,4562.000000,3390.000000,47213.000000
21340.000000,4497.000000,3355.000000,47169.000000
21291.000000,4470.000000,3270.000000,47130.000000
21225.000000,4434.000000,3246.000000,47096.000000
21212.000000,4371.000000,3213.000000,47110.000000
21196.000000,4394.000000,3203.000000,47073.000000
21138.000000,4373.000000,3129.000000,47042.000000
21128.000000,4326.000000,3096.000000,47025.000000
21038.000000,4283.000000,3027.000000,46999.000000
20997.000000,4246.000000,2992.000000,46979.000000
20962.000000,4207.000000,2942.000000,46942.000000
20913.000000,4180.000000,2914.000000,46905.000000
20906.000000,4153.000000,2860.000000,46857.000000
20852.000000,4078.000000,2800.000000,46874.000000
20794.000000,4076.000000,2712.000000,46804.000000
20734.000000,4046.000000,2693.000000,46815.000000
20684.000000,3946.000000,2642.000000,46794.000000
20642.000000,3972.000000,2617.000000,46724.000000
20610.000000,3908.000000,2509.000000,46722.000000
20498.000000,3886.000000,2421.000000,46638.000000
20451.000000,3764.000000,2378.000000,46609.000000
20412.000000,3770.000000,2364.000000,46639.000000
20369.000000,3748.000000,2293.000000,46575.000000
20288.000000,3705.000000,2210.000000,46560.000000
20243.000000,3607.000000,2155.000000,46480.000000
20174.000000,3564.000000,2102.000000,46467.000000
20166.000000,3572.000000,2052.000000,46470.000000
20130.000000,3532.000000,2018.000000,46427.000000
20110.000000,3525.000000,1990.000000,46422.000000
20129.000000,3509.000000,2043.000000,46459.000000
20188.000000,3573.000000,2045.000000,46453.000000
20193.000000,3580.000000,2128.000000,46492.000000
20272.000000,3655.000000,2158.000000,46531.000000
20353.000000,3704.000000,2285.000000,46579.000000
20449.000000,3792.000000,2381.000000,46672.000000
20562.000000,3863.000000,2522.000000,46730.000000
20652.000000,3960.000000,2618.000000,46816.000000
20768.000000,4045.000000,2738.000000,46824.000000
20877.000000,4167.000000,2864.000000,46936.000000
20985.000000,4220.000000,2988.000000,47000.000000
21107.000000,4330.000000,3108.000000,47068.000000
21142.000000,4343.000000,3174.000000,47092.000000
21235.000000,4437.000000,3288.000000,47160.000000
21345.000000,4504.000000,3388.000000,47209.000000
21448.000000,4575.000000,3452.000000,47274.000000
21489.000000,4610.000000,3538.000000,47273.000000
21537.000000,4651.000000,3528.000000,47294.000000
21503.000000,4616.000000,3521.000000,47274.000000
21464.000000,4584.000000,3481.000000,47267.000000
21481.000000,4585.000000,3500.000000,47243.000000
21412.000000,4562.000000,3429.000000,47220.000000
21346.000000,4510.000000,3386.000000,47128.000000
21329.000000,4465.000000,3311.000000,47145.000000
21237.000000,4425.000000,3253.000000,47133.000000
21252.000000,4384.000000,3192.000000,47086.000000
21218.000000,4373.000000,3171.000000,47082.000000
21134.000000,4305.000000,3124.000000,47051.000000
21053.000000,4281.000000,3037.000000,47029.000000
21068.000000,4257.000000,3038.000000,46980.000000
21008.000000,4233.000000,2966.000000,46965.000000
20987.000000,4183.000000,2920.000000,46912.000000
20960.000000,4148.000000,2878.000000,46915.000000
20882.000000,4095.000000,2813.000000,46875.000000
20889.000000,4125.000000,2800.000000,46862.000000
20856.000000,4088.000000,2774.000000,46836.000000
20826.000000,4074.000000,2729.000000,46813.000000
20783.000000,4022.000000,2724.000000,46849.000000
20764.000000,4020.000000,2680.000000,46826.000000
20730.000000,3988.000000,2652.000000,46773.000000
20692.000000,3946.000000,2609.000000,46749.000000
20640.000000,3926.000000,2535.000000,46742.000000
20569.000000,3876.000000,2466.000000,46701.000000
20504.000000,3809.000000,2414.000000,46646.000000
20455.000000,3792.000000,2375.000000,46638.000000
20445.000000,3760.000000,2367.000000,46646.000000
20393.000000,3727.000000,2283.000000,46586.000000
20343.000000,3670.000000,2230.000000,46596.000000
20298.000000,3680.000000,2217.000000,46515.000000
20282.000000,3624.000000,2151.000000,46525.000000
20246.000000,3601.000000,2149.000000,46494.000000
20197.000000,3568.000000,2100.000000,46470.000000
20158.000000,3516.000000,2027.000000,46453.000000
20168.000000,3500.000000,1986.000000,46437.000000
20124.000000,3477.000000,1987.000000,46443.000000
20117.000000,3495.000000,1988.000000,46413.000000
20144.000000,3528.000000,2008.000000,46432.000000
20183.000000,3564.000000,2094.000000,46504.000000
20270.000000,3616.000000,2165.000000,46524.000000
20339.000000,3673.000000,2244.000000,46588.000000
20426.000000,3767.000000,2354.000000,46673.000000
20511.000000,3832.000000,2494.000000,46687.000000
20648.000000,3962.000000,2645.000000,46774.000000
20797.000000,4051.000000,2763.000000,46858.000000
20889.000000,4157.000000,2913.000000,46931.000000
20999.000000,4241.000000,3041.000000,47012.000000
21113.000000,4299.000000,3149.000000,47082.000000
21271.000000,4443.000000,3329.000000,47172.000000
21412.000000,4520.000000,3444.000000,47256.000000
21485.000000,4628.000000,3549.000000,47346.000000
21645.000000,4738.000000,3663.000000,47398.000000
21705.000000,4783.000000,3744.000000,47405.000000
21806.000000,4852.000000,3855.000000,47452.000000
21754.000000,4846.000000,3864.000000,47471.000000
21780.000000,4833.000000,3831.000000,47472.000000
21782.000000,4861.000000,3796.000000,47413.000000
21739.000000,4821.000000,3782.000000,47413.000000
21682.000000,4770.000000,3729.000000,47396.000000
21652.000000,4728.000000,3670.000000,47371.000000
21617.000000,4730.000000,3606.000000,47327.000000
21582.000000,4696.000000,3549.000000,47327.000000
21521.000000,4641.000000,3532.000000,47299.000000
21477.000000,4611.000000,3476.000000,47257.000000
21446.000000,4560.000000,3441.000000,47266.000000
21415.000000,4542.000000,3421.000000,47199.000000
21379.000000,4533.000000,3385.000000,47214.000000
21342.000000,4525.000000,3342.000000,47180.000000
21286.000000,4434.000000,3288.000000,47154.000000
21238.000000,4437.000000,3224.000000,47085.000000
21193.000000,4362.000000,3183.000000,47079.000000
21164.000000,4325.000000,3150.000000,47067.000000
21117.000000,4323.000000,3087.000000,47043.000000
21049.000000,4262.000000,3005.000000,46997.000000
21009.000000,4229.000000,2966.000000,46985.000000
20962.000000,4166.000000,2921.000000,46937.000000
20912.000000,4141.000000,2866.000000,46907.000000
20876.000000,4119.000000,2804.000000,46883.000000
20836.000000,4096.000000,2772.000000,46873.000000
20796.000000,4019.000000,2714.000000,46812.000000
20728.000000,3990.000000,2629.000000,46775.000000
20682.000000,3928.000000,2563.000000,46751.000000
20628.000000,3905.000000,2531.000000,46730.000000
20623.000000,3896.000000,2514.000000,46721.000000
20560.000000,3858.000000,2446.000000,46695.000000
20476.000000,3782.000000,2420.000000,46645.000000
20425.000000,3771.000000,2347.000000,46636.000000
20387.000000,3739.000000,2292.000000,46588.000000
20377.000000,3711.000000,2253.000000,46550.000000
20328.000000,3681.000000,2166.000000,46557.000000
20281.000000,3623.000000,2184.000000,46508.000000
20216.000000,3615.000000,2101.000000,46486.000000
20177.000000,3543.000000,2036.000000,46458.000000
20160.000000,3512.000000,2037.000000,46431.000000
20144.000000,3516.000000,2063.000000,46472.000000
20166.000000,3561.000000,2052.000000,46465.000000
20240.000000,3599.000000,2116.000000,46523.000000
20297.000000,3635.000000,2197.000000,46549.000000
20359.000000,3705.000000,2267.000000,46598.000000
20467.000000,3781.000000,2389.000000,46701.000000
20561.000000,3875.000000,2530.000000,46780.000000
20685.000000,3945.000000,2659.000000,46823.000000
20730.000000,4008.000000,2682.000000,46819.000000
20895.000000,4127.000000,2844.000000,46924.000000
21030.000000,4222.000000,3028.000000,46989.000000
21127.000000,4305.000000,3111.000000,47090.000000
21215.000000,4422.000000,3229.000000,47153.000000
21388.000000,4502.000000,3432.000000,47247.000000
21501.000000,4598.000000,3551.000000,47326.000000
21525.000000,4656.000000,3576.000000,47368.000000
21649.000000,4720.000000,3715.000000,47409.000000
21729.000000,4784.000000,3787.000000,47447.000000
21826.000000,4858.000000,3884.000000,47440.000000
21818.000000,4867.000000,3856.000000,47457.000000
21750.000000,4820.000000,3780.000000,47452.000000
21711.000000,4801.000000,3760.000000,47428.000000
21681.000000,4769.000000,3707.000000,47391.000000
21663.000000,4721.000000,3685.000000,47368.000000
21611.000000,4732.000000,3652.000000,47356.000000
21570.000000,4659.000000,3605.000000,47337.000000
21530.000000,4659.000000,3511.000000,47297.000000
21477.000000,4592.000000,3468.000000,47263.000000
21423.000000,4525.000000,3374.000000,47229.000000
21404.000000,4475.000000,3368.000000,47176.000000
21314.000000,4465.000000,3316.000000,47167.000000
21255.000000,4440.000000,3241.000000,47111.000000
21245.000000,4405.000000,3185.000000,47088.000000
21229.000000,4363.000000,3145.000000,47086.000000
21142.000000,4315.000000,3104.000000,47052.000000
21121.000000,4290.000000,3026.000000,46990.000000
21067.000000,4249.000000,2986.000000,47005.000000
21004.000000,4221.000000,2928.000000,46924.000000
20975.000000,4160.000000,2849.000000,46944.000000
20914.000000,4113.000000,2808.000000,46913.000000
20882.000000,4081.000000,2777.000000,46896.000000
20827.000000,4052.000000,2723.000000,46853.000000
20788.000000,4007.000000,2676.000000,46792.000000
20695.000000,3930.000000,2610.000000,46784.000000
20653.000000,3907.000000,2545.000000,46755.000000
20594.000000,3877.000000,2493.000000,46725.000000
20495.000000,3806.000000,2413.000000,46677.000000
20484.000000,3769.000000,2368.000000,46624.000000
20465.000000,3765.000000,2369.000000,46665.000000
20407.000000,3757.000000,2282.000000,46644.000000
20360.000000,3684.000000,2229.000000,46570.000000
20325.000000,3626.000000,2227.000000,46566.000000
20299.000000,3600.000000,2131.000000,46517.000000
20262.000000,3581.000000,2126.000000,46503.000000
20241.000000,3542.000000,2084.000000,46489.000000
20175.000000,3524.000000,2012.000000,46446.000000
20162.000000,3475.000000,2001.000000,46431.000000
20111.000000,3450.000000,1968.000000,46431.000000
20120.000000,3478.000000,1940.000000,46428.000000
20133.000000,3485.000000,1984.000000,46417.000000
20200.000000,3544.000000,2042.000000,46481.000000
20228.000000,3554.000000,2101.000000,46544.000000
20289.000000,3636.000000,2199.000000,46528.000000
20403.000000,3708.000000,2272.000000,46592.000000
20578.000000,3860.000000,2485.000000,46727.000000
20640.000000,3896.000000,2533.000000,46755.000000
20667.000000,3920.000000,2597.000000,46770.000000
20820.000000,4017.000000,2751.000000,46914.000000
20943.000000,4140.000000,2900.000000,46967.000000
21060.000000,4248.000000,3036.000000,47027.000000
21184.000000,4330.000000,3146.000000,47095.000000
21294.000000,4419.000000,3287.000000,47168.000000
21416.000000,4489.000000,3382.000000,47199.000000
21493.000000,4552.000000,3505.000000,47266.000000
21598.000000,4653.000000,3534.000000,47318.000000
21582.000000,4682.000000,3579.000000,47311.000000
21607.000000,4642.000000,3582.000000,47328.000000
21566.000000,4599.000000,3537.000000,47305.000000
21537.000000,4596.000000,3491.000000,47267.000000
21486.000000,4590.000000,3501.000000,47282.000000
21444.000000,4536.000000,3469.000000,47254.000000
21453.000000,4527.000000,3403.000000,47225.000000
21410.000000,4492.000000,3351.000000,47196.000000
21363.000000,4461.000000,3337.000000,47174.000000
21366.000000,4438.000000,3268.000000,47155.000000
21291.000000,4408.000000,3262.000000,47154.000000
21300.000000,4459.000000,3254.000000,47147.000000
21243.000000,4385.000000,3221.000000,47136.000000
21228.000000,4382.000000,3197.000000,47076.000000
21180.000000,4346.000000,3137.000000,47060.000000
21210.000000,4316.000000,3118.000000,47045.000000
21173.000000,4333.000000,3078.000000,47051.000000
21128.000000,4306.000000,3043.000000,47050.000000
21062.000000,4206.000000,3032.000000,47010.000000
21031.000000,4163.000000,2934.000000,46989.000000
20973.000000,4149.000000,2890.000000,46963.000000
20989.000000,4137.000000,2847.000000,46933.000000
20919.000000,4107.000000,2804.000000,46891.000000
20884.000000,4076.000000,2739.000000,46858.000000
20845.000000,4022.000000,2712.000000,46837.000000
20776.000000,4023.000000,2633.000000,46808.000000
20722.000000,3956.000000,2581.000000,46779.000000
20671.000000,3923.000000,2561.000000,46771.000000
20644.000000,3879.000000,2522.000000,46730.000000
20572.000000,3838.000000,2422.000000,46718.000000
20553.000000,3774.000000,2386.000000,46660.000000
20487.000000,3782.000000,2352.000000,46636.000000
20449.000000,3775.000000,2344.000000,46644.000000
20425.000000,3716.000000,2262.000000,46616.000000
20383.000000,3681.000000,2268.000000,46598.000000
20365.000000,3671.000000,2193.000000,46546.000000
20362.000000,3590.000000,2183.000000,46544.000000
20288.000000,3597.000000,2139.000000,46522.000000
20265.000000,3548.000000,2075.000000,46510.000000
20295.000000,3537.000000,2102.000000,46489.000000
20299.000000,3548.000000,2064.000000,46476.000000
20372.000000,3583.000000,2112.000000,46517.000000
20474.000000,3631.000000,2146.000000,46530.000000
20552.000000,3597.000000,2184.000000,46577.000000
20684.000000,3684.000000,2247.000000,46612.000000
20810.000000,3758.000000,2323.000000,46636.000000
20900.000000,3828.000000,2454.000000,46759.000000
21055.000000,3943.000000,2614.000000,46788.000000
21198.000000,4043.000000,2720.000000,46887.000000
21288.000000,4080.000000,2830.000000,46931.000000
21440.000000,4240.000000,3019.000000,47008.000000
21560.000000,4306.000000,3154.000000,47097.000000
21647.000000,4421.000000,3265.000000,47174.000000
21709.000000,4550.000000,3434.000000,47253.000000
21765.000000,4626.000000,3546.000000,47333.000000
21763.000000,4674.000000,3676.000000,47392.000000
21768.000000,4779.000000,3731.000000,47406.000000
21728.000000,4833.000000,3746.000000,47441.000000
21658.000000,4795.000000,3744.000000,47405.000000
21660.000000,4803.000000,3712.000000,47405.000000
21667.000000,4782.000000,3707.000000,47390.000000
21612.000000,4759.000000,3599.000000,47336.000000
21621.000000,4721.000000,3602.000000,47347.000000
21574.000000,4703.000000,3615.000000,47349.000000
21559.000000,4659.000000,3544.000000,47347.000000
21496.000000,4675.000000,3560.000000,47273.000000
21436.000000,4643.000000,3503.000000,47288.000000
21408.000000,4581.000000,3489.000000,47264.000000
21379.000000,4567.000000,3417.000000,47253.000000
21315.000000,4579.000000,3420.000000,47233.000000
21283.000000,4504.000000,3349.000000,47210.000000
21282.000000,4470.000000,3291.000000,47178.000000
21249.000000,4423.000000,3221.000000,47141.000000
21146.000000,4419.000000,3220.000000,47131.000000
21130.000000,4402.000000,3183.000000,47134.000000
21098.000000,4375.000000,3132.000000,47098.000000
21007.000000,4301.000000,3050.000000,47038.000000
20985.000000,4243.000000,3045.000000,46991.000000
20869.000000,4226.000000,3021.000000,47010.000000
20788.000000,4203.000000,2928.000000,46973.000000
20737.000000,4136.000000,2842.000000,46921.000000
20633.000000,4093.000000,2704.000000,46884.000000
20609.000000,4003.000000,2636.000000,46838.000000
20611.000000,3978.000000,2579.000000,46790.000000
20556.000000,3874.000000,2478.000000,46723.000000
20513.000000,3867.000000,2436.000000,46738.000000
20438.000000,3823.000000,2470.000000,46712.000000
20423.000000,3802.000000,2380.000000,46663.000000
20332.000000,3758.000000,2312.000000,46641.000000
20266.000000,3706.000000,2259.000000,46611.000000
20222.000000,3684.000000,2201.000000,46587.000000
20208.000000,3627.000000,2160.000000,46543.000000
20163.000000,3561.000000,2072.000000,46506.000000
20207.000000,3541.000000,2038.000000,46486.000000
20194.000000,3513.000000,2017.000000,46429.000000
20226.000000,3459.000000,1975.000000,46445.000000
20327.000000,3515.000000,1976.000000,46444.000000
20403.000000,3517.000000,2013.000000,46468.000000
20491.000000,3555.000000,2059.000000,46490.000000
20568.000000,3604.000000,2118.000000,46532.000000
20688.000000,3668.000000,2209.000000,46558.000000
20813.000000,3751.000000,2340.000000,46658.000000
20934.000000,3849.000000,2441.000000,46718.000000
21138.000000,3896.000000,2568.000000,46798.000000
21156.000000,4013.000000,2720.000000,46856.000000
21276.000000,4103.000000,2848.000000,46918.000000
21418.000000,4257.000000,3080.000000,47030.000000
21553.000000,4298.000000,3121.000000,47062.000000
21629.000000,4369.000000,3198.000000,47150.000000
21741.000000,4444.000000,3344.000000,47187.000000
21747.000000,4566.000000,3468.000000,47296.000000
21752.000000,4622.000000,3589.000000,47371.000000
21690.000000,4731.000000,3698.000000,47419.000000
21707.000000,4735.000000,3680.000000,47407.000000
21695.000000,4745.000000,3643.000000,47352.000000
21674.000000,4709.000000,3617.000000,47391.000000
21635.000000,4707.000000,3647.000000,47358.000000
21590.000000,4707.000000,3628.000000,47372.000000
21587.000000,4702.000000,3596.000000,47350.000000
21543.000000,4646.000000,3564.000000,47338.000000
21454.000000,4635.000000,3532.000000,47303.000000
21450.000000,4601.000000,3453.000000,47263.000000
21422.000000,4589.000000,3446.000000,47253.000000
21347.000000,4545.000000,3419.000000,47223.000000
21307.000000,4521.000000,3361.000000,47188.000000
21243.000000,4456.000000,3316.000000,47193.000000
21212.000000,4428.000000,3268.000000,47156.000000
21118.000000,4387.000000,3200.000000,47116.000000
21114.000000,4357.000000,3162.000000,47103.000000
21097.000000,4343.000000,3116.000000,47053.000000
21062.000000,4248.000000,3004.000000,47024.000000
21030.000000,4246.000000,2973.000000,47012.000000
20971.000000,4265.000000,2968.000000,46990.000000
20945.000000,4201.000000,2892.000000,46957.000000
20891.000000,4165.000000,2847.000000,46955.000000
20877.000000,4157.000000,2845.000000,46938.000000
20798.000000,4106.000000,2748.000000,46893.000000
20745.000000,4038.000000,2720.000000,46863.000000
20698.000000,4003.000000,2660.000000,46832.000000
20632.000000,3958.000000,2615.000000,46823.000000
20566.000000,3934.000000,2529.000000,46758.000000
20561.000000,3884.000000,2500.000000,46726.000000
20494.000000,3830.000000,2440.000000,46701.000000
20433.000000,3823.000000,2385.000000,46660.000000
20422.000000,3776.000000,2327.000000,46660.000000
20340.000000,3747.000000,2293.000000,46622.000000
20308.000000,3670.000000,2262.000000,46570.000000
20258.000000,3677.000000,2181.000000,46576.000000
20217.000000,3601.000000,2143.000000,46542.000000
20180.000000,3571.000000,2093.000000,46463.000000
20146.000000,3568.000000,2040.000000,46468.000000
20090.000000,3517.000000,2019.000000,46450.000000
20109.000000,3434.000000,1934.000000,46430.000000
20176.000000,3461.000000,1897.000000,46370.000000
20229.000000,3429.000000,1842.000000,46375.000000
20315.000000,3399.000000,1887.000000,46379.000000
20418.000000,3461.000000,1934.000000,46402.000000
20449.000000,3486.000000,2003.000000,46476.000000
20511.000000,3565.000000,2102.000000,46509.000000
20664.000000,3690.000000,2235.000000,46593.000000
20775.000000,3740.000000,2298.000000,46636.000000
20902.000000,3812.000000,2383.000000,46689.000000
21036.000000,3883.000000,2523.000000,46740.000000
21177.000000,3965.000000,2652.000000,46820.000000
21298.000000,4077.000000,2733.000000,46896.000000
21456.000000,4191.000000,2916.000000,46995.000000
21597.000000,4267.000000,3074.000000,47056.000000
21604.000000,4397.000000,3208.000000,47175.000000
21551.000000,4489.000000,3403.000000,47251.000000
21564.000000,4598.000000,3494.000000,47309.000000
21466.000000,4639.000000,3504.000000,47328.000000
21467.000000,4591.000000,3464.000000,47261.000000
21429.000000,4564.000000,3424.000000,47241.000000
21340.000000,4555.000000,3364.000000,47223.000000
21304.000000,4504.000000,3345.000000,47219.000000
21266.000000,4485.000000,3285.000000,47178.000000
21219.000000,4443.000000,3236.000000,47156.000000
21170.000000,4415.000000,3193.000000,47126.000000
21170.000000,4363.000000,3151.000000,47099.000000
21138.000000,4337.000000,3125.000000,47095.000000
21086.000000,4285.000000,3058.000000,47031.000000
21017.000000,4285.000000,3048.000000,47031.000000
20980.000000,4227.000000,2984.000000,47020.000000
20907.000000,4194.000000,2900.000000,46971.000000
20859.000000,4160.000000,2897.000000,46959.000000
20787.000000,4133.000000,2803.000000,46922.000000
20780.000000,4088.000000,2748.000000,46857.000000
20664.000000,4018.000000,2651.000000,46850.000000
20631.000000,3980.000000,2624.000000,46831.000000
20603.000000,3942.000000,2574.000000,46767.000000
20555.000000,3917.000000,2490.000000,46737.000000
20511.000000,3874.000000,2434.000000,46692.000000
20485.000000,3827.000000,2383.000000,46688.000000
20436.000000,3801.000000,2375.000000,46631.000000
20381.000000,3759.000000,2298.000000,46630.000000
20333.000000,3766.000000,2288.000000,46598.000000
20311.000000,3717.000000,2230.000000,46585.000000
20236.000000,3662.000000,2193.000000,46556.000000
20213.000000,3640.000000,2125.000000,46501.000000
20180.000000,3581.000000,2071.000000,46502.000000
20164.000000,3549.000000,2034.000000,46467.000000
20155.000000,3501.000000,1976.000000,46453.000000
20246.000000,3510.000000,1970.000000,46433.000000
20262.000000,3485.000000,1974.000000,46455.000000
20354.000000,3494.000000,1953.000000,46467.000000
20415.000000,3527.000000,2005.000000,46446.000000
20474.000000,3542.000000,2060.000000,46486.000000
20567.000000,3599.000000,2183.000000,46572.000000
20716.000000,3678.000000,2218.000000,46565.000000
20849.000000,3717.000000,2320.000000,46644.000000
20939.000000,3787.000000,2413.000000,46687.000000
21064.000000,3956.000000,2552.000000,46770.000000
21166.000000,4046.000000,2711.000000,46870.000000
21266.000000,4132.000000,2856.000000,46932.000000
21369.000000,4201.000000,2956.000000,47003.000000
21482.000000,4297.000000,3081.000000,47071.000000
21535.000000,4361.000000,3191.000000,47139.000000
21564.000000,4457.000000,3303.000000,47196.000000
21555.000000,4518.000000,3393.000000,47215.000000
21488.000000,4600.000000,3465.000000,47239.000000
21477.000000,4623.000000,3460.000000,47235.000000
21418.000000,4588.000000,3476.000000,47272.000000
21405.000000,4571.000000,3441.000000,47249.000000
21396.000000,4562.000000,3377.000000,47208.000000
21292.000000,4498.000000,3337.000000,47171.000000
21276.000000,4499.000000,3305.000000,47167.000000
21242.000000,4481.000000,3276.000000,47148.000000
21180.000000,4395.000000,3186.000000,47099.000000
21171.000000,4376.000000,3159.000000,47091.000000
21100.000000,4360.000000,3112.000000,47081.000000
21107.000000,4306.000000,3074.000000,47055.000000
21028.000000,4282.000000,3018.000000,47013.000000
20995.000000,4267.000000,2991.000000,46983.000000
20993.000000,4256.000000,2983.000000,46977.000000
20950.000000,4194.000000,2906.000000,46973.000000
20908.000000,4144.000000,2866.000000,46934.000000
20873.000000,4149.000000,2836.000000,46918.000000
20820.000000,4103.000000,2784.000000,46905.000000
20764.000000,4109.000000,2766.000000,46856.000000
20705.000000,4030.000000,2699.000000,46838.000000
20646.000000,3989.000000,2645.000000,46804.000000
20640.000000,3979.000000,2604.000000,46820.000000
20564.000000,3941.000000,2548.000000,46751.000000
20501.000000,3870.000000,2467.000000,46685.000000
20461.000000,3855.000000,2423.000000,46680.000000
20401.000000,3831.000000,2392.000000,46647.000000
20379.000000,3776.000000,2310.000000,46620.000000
20313.000000,3736.000000,2285.000000,46578.000000
20310.000000,3728.000000,2231.000000,46583.000000
20194.000000,3646.000000,2147.000000,46538.000000
20229.000000,3646.000000,2157.000000,46513.000000
20153.000000,3578.000000,2053.000000,46467.000000
20157.000000,3550.000000,2016.000000,46474.000000
20144.000000,3498.000000,2010.000000,46417.000000
20169.000000,3492.000000,1995.000000,46432.000000
20213.000000,3457.000000,1944.000000,46414.000000
20245.000000,3488.000000,1924.000000,46411.000000
20326.000000,3511.000000,1989.000000,46435.000000
20418.000000,3557.000000,2015.000000,46443.000000
20575.000000,3598.000000,2116.000000,46509.000000
20699.000000,3650.000000,2163.000000,46552.000000
20694.000000,3719.000000,2276.000000,46619.000000
20853.000000,3845.000000,2402.000000,46679.000000
21003.000000,3908.000000,2556.000000,46770.000000
21134.000000,3975.000000,2609.000000,46788.000000
21217.000000,4070.000000,2736.000000,46869.000000
21355.000000,4170.000000,2877.000000,46981.000000
21460.000000,4260.000000,3080.000000,47050.000000
21633.000000,4372.000000,3181.000000,47099.000000
21710.000000,4438.000000,3306.000000,47199.000000
21773.000000,4552.000000,3456.000000,47243.000000
21806.000000,4662.000000,3526.000000,47350.000000
21817.000000,4746.000000,3623.000000,47377.000000
21807.000000,4815.000000,3739.000000,47418.000000
21742.000000,4870.000000,3781.000000,47469.000000
21665.000000,4855.000000,3811.000000,47428.000000
21633.000000,4780.000000,3713.000000,47427.000000
21598.000000,4783.000000,3694.000000,47374.000000
21577.000000,4727.000000,3634.000000,47348.000000
21555.000000,4734.000000,3559.000000,47341.000000
21517.000000,4717.000000,3566.000000,47340.000000
21413.000000,4680.000000,3537.000000,47322.000000
21412.000000,4655.000000,3485.000000,47282.000000
21351.000000,4609.000000,3471.000000,47260.000000
21313.000000,4557.000000,3404.000000,47197.000000
21240.000000,4512.000000,3348.000000,47191.000000
21199.000000,4476.000000,3280.000000,47144.000000
21121.000000,4395.000000,3222.000000,47128.000000
21092.000000,4360.000000,3144.000000,47101.000000
21050.000000,4352.000000,3094.000000,47055.000000
20996.000000,4294.000000,3018.000000,47031.000000
20994.000000,4255.000000,2955.000000,47000.000000
20929.000000,4219.000000,2876.000000,46956.000000
20823.000000,4156.000000,2851.000000,46932.000000
20814.000000,4170.000000,2835.000000,46906.000000
20754.000000,4142.000000,2774.000000,46889.000000
20717.000000,4043.000000,2684.000000,46853.000000
20626.000000,4037.000000,2675.000000,46837.000000
20586.000000,3982.000000,2620.000000,46809.000000
20543.000000,3949.000000,2543.000000,46749.000000
20482.000000,3908.000000,2472.000000,46769.000000
20447.000000,3863.000000,2403.000000,46674.000000
20411.000000,3817.000000,2403.000000,46677.000000
20366.000000,3743.000000,2297.000000,46631.000000
20355.000000,3713.000000,2288.000000,46632.000000
20289.000000,3696.000000,2210.000000,46568.000000
20261.000000,3660.000000,2195.000000,46565.000000
20173.000000,3609.000000,2141.000000,46525.000000
20170.000000,3573.000000,2062.000000,46497.000000
20171.000000,3565.000000,2028.000000,46465.000000
20153.000000,3468.000000,2024.000000,46478.000000
20211.000000,3520.000000,1972.000000,46453.000000
20225.000000,3491.000000,1980.000000,46441.000000
20320.000000,3519.000000,1988.000000,46440.000000
20403.000000,3513.000000,2020.000000,46475.000000
20539.000000,3574.000000,2063.000000,46518.000000
20602.000000,3612.000000,2168.000000,46568.000000
20727.000000,3706.000000,2296.000000,46607.000000
20831.000000,3769.000000,2385.000000,46702.000000
20938.000000,3908.000000,2482.000000,46736.000000
21021.000000,3947.000000,2628.000000,46808.000000
21125.000000,4026.000000,2734.000000,46888.000000
21262.000000,4167.000000,2852.000000,46935.000000
21355.000000,4177.000000,2958.000000,47046.000000
21479.000000,4315.000000,3106.000000,47042.000000
21589.000000,4387.000000,3224.000000,47153.000000
21629.000000,4466.000000,3345.000000,47210.000000
21669.000000,4555.000000,3414.000000,47281.000000
21626.000000,4641.000000,3552.000000,47320.000000
21645.000000,4730.000000,3637.000000,47398.000000
21581.000000,4757.000000,3659.000000,47394.000000
21538.000000,4760.000000,3638.000000,47379.000000
21519.000000,4702.000000,3571.000000,47337.000000
21453.000000,4653.000000,3548.000000,47320.000000
21434.000000,4670.000000,3531.000000,47295.000000
21467.000000,4630.000000,3515.000000,47294.000000
21372.000000,4573.000000,3431.000000,47255.000000
21335.000000,4535.000000,3411.000000,47249.000000
21351.000000,4545.000000,3386.000000,47222.000000
21281.000000,4527.000000,3330.000000,47226.000000
21213.000000,4457.000000,3299.000000,47186.000000
21162.000000,4470.000000,3243.000000,47140.000000
21139.000000,4420.000000,3240.000000,47135.000000
21069.000000,4386.000000,3149.000000,47088.000000
20992.000000,4331.000000,3116.000000,47049.000000
20965.000000,4285.000000,3048.000000,47014.000000
20943.000000,4233.000000,2972.000000,46976.000000
20886.000000,4194.000000,2911.000000,46968.000000
20814.000000,4161.000000,2883.000000,46944.000000
20780.000000,4107.000000,2807.000000,46920.000000
20725.000000,4068.000000,2762.000000,46866.000000
20702.000000,4071.000000,2703.000000,46833.000000
20639.000000,4005.000000,2659.000000,46819.000000
20603.000000,3954.000000,2614.000000,46785.000000
20555.000000,3945.000000,2550.000000,46752.000000
20530.000000,3916.000000,2530.000000,46776.000000
20488.000000,3870.000000,2468.000000,46742.000000
20439.000000,3827.000000,2440.000000,46688.000000
20401.000000,3816.000000,2373.000000,46685.000000
20354.000000,3780.000000,2396.000000,46649.000000
20323.000000,3743.000000,2280.000000,46632.000000
20314.000000,3732.000000,2289.000000,46603.000000
20305.000000,3694.000000,2215.000000,46600.000000
20341.000000,3676.000000,2226.000000,46567.000000
20354.000000,3634.000000,2213.000000,46604.000000
20409.000000,3644.000000,2161.000000,46554.000000
20492.000000,3624.000000,2172.000000,46578.000000
20477.000000,3654.000000,2227.000000,46588.000000
20598.000000,3730.000000,2287.000000,46639.000000
20666.000000,3782.000000,2364.000000,46669.000000
20754.000000,3814.000000,2407.000000,46704.000000
20889.000000,3871.000000,2491.000000,46752.000000
20956.000000,3936.000000,2594.000000,46826.000000
21060.000000,4021.000000,2690.000000,46863.000000
21147.000000,4123.000000,2827.000000,46933.000000
21248.000000,4190.000000,2931.000000,46994.000000
21338.000000,4254.000000,3029.000000,47058.000000
21440.000000,4345.000000,3152.000000,47136.000000
21530.000000,4439.000000,3262.000000,47180.000000
21574.000000,4507.000000,3362.000000,47231.000000
21618.000000,4572.000000,3431.000000,47261.000000
21653.000000,4631.000000,3525.000000,47298.000000
21609.000000,4655.000000,3612.000000,47373.000000
21599.000000,4708.000000,3625.000000,47390.000000
21578.000000,4775.000000,3654.000000,47348.000000
21520.000000,4672.000000,3603.000000,47325.000000
21480.000000,4709.000000,3604.000000,47329.000000
21445.000000,4670.000000,3558.000000,47317.000000
21410.000000,4627.000000,3506.000000,47304.000000
21369.000000,4598.000000,3461.000000,47261.000000
21318.000000,4556.000000,3444.000000,47289.000000
21307.000000,4560.000000,3402.000000,47214.000000
21233.000000,4483.000000,3359.000000,47200.000000
21200.000000,4443.000000,3284.000000,47182.000000
21132.000000,4445.000000,3236.000000,47159.000000
21120.000000,4406.000000,3169.000000,47116.000000
21095.000000,4394.000000,3202.000000,47134.000000
21051.000000,4353.000000,3136.000000,47095.000000
20973.000000,4286.000000,3089.000000,47061.000000
20970.000000,4259.000000,3037.000000,47040.000000
20948.000000,4256.000000,2977.000000,47016.000000
20863.000000,4200.000000,2969.000000,46988.000000
20823.000000,4146.000000,2883.000000,46949.000000
20765.000000,4155.000000,2814.000000,46920.000000
20727.000000,4094.000000,2778.000000,46903.000000
20718.000000,4064.000000,2780.000000,46876.000000
20631.000000,4043.000000,2666.000000,46867.000000
20597.000000,4022.000000,2648.000000,46813.000000
20541.000000,3988.000000,2584.000000,46802.000000
20519.000000,3929.000000,2546.000000,46775.000000
20445.000000,3876.000000,2453.000000,46706.000000
20469.000000,3852.000000,2485.000000,46745.000000
20411.000000,3798.000000,2414.000000,46698.000000
20386.000000,3794.000000,2345.000000,46689.000000
20378.000000,3785.000000,2345.000000,46642.000000
20371.000000,3740.000000,2316.000000,46644.000000
20328.000000,3711.000000,2270.000000,46620.000000
20326.000000,3751.000000,2314.000000,46583.000000
20285.000000,3700.000000,2231.000000,46593.000000
20295.000000,3699.000000,2220.000000,46576.000000
20323.000000,3681.000000,2212.000000,46590.000000
20438.000000,3642.000000,2196.000000,46590.000000
20464.000000,3672.000000,2173.000000,46599.000000
20484.000000,3695.000000,2253.000000,46631.000000
20573.000000,3757.000000,2377.000000,46683.000000
20707.000000,3797.000000,2394.000000,46712.000000
20733.000000,3839.000000,2413.000000,46713.000000
20766.000000,3880.000000,2506.000000,46767.000000
20871.000000,4001.000000,2673.000000,46851.000000
20937.000000,4028.000000,2759.000000,46837.000000
21054.000000,4072.000000,2750.000000,46895.000000
21174.000000,4108.000000,2859.000000,46932.000000
21260.000000,4188.000000,2988.000000,47013.000000
21371.000000,4306.000000,3093.000000,47058.000000
21451.000000,4367.000000,3212.000000,47151.000000
21570.000000,4415.000000,3323.000000,47219.000000
21669.000000,4534.000000,3443.000000,47283.000000
21743.000000,4594.000000,3550.000000,47343.000000
21770.000000,4709.000000,3640.000000,47407.000000
21757.000000,4782.000000,3755.000000,47462.000000
21727.000000,4820.000000,3833.000000,47484.000000
21703.000000,4849.000000,3848.000000,47490.000000
21674.000000,4847.000000,3834.000000,47490.000000
21598.000000,4825.000000,3763.000000,47441.000000
21546.000000,4813.000000,3732.000000,47451.000000
21482.000000,4714.000000,3719.000000,47395.000000
21467.000000,4726.000000,3650.000000,47377.000000
21417.000000,4680.000000,3580.000000,47392.000000
21418.000000,4659.000000,3568.000000,47331.000000
21356.000000,4629.000000,3546.000000,47312.000000
21274.000000,4551.000000,3451.000000,47242.000000
21233.000000,4545.000000,3426.000000,47259.000000
21171.000000,4519.000000,3363.000000,47218.000000
21138.000000,4455.000000,3313.000000,47157.000000
21115.000000,4427.000000,3235.000000,47154.000000
21031.000000,4378.000000,3211.000000,47089.000000
21041.000000,4351.000000,3167.000000,47076.000000
20961.000000,4314.000000,3056.000000,47043.000000
20933.000000,4240.000000,3022.000000,47045.000000
20866.000000,4262.000000,2993.000000,46977.000000
20839.000000,4189.000000,2941.000000,46963.000000
20777.000000,4160.000000,2873.000000,46929.000000
20698.000000,4129.000000,2813.000000,46908.000000
20671.000000,4071.000000,2770.000000,46879.000000
20594.000000,4021.000000,2682.000000,46829.000000
20562.000000,3960.000000,2643.000000,46811.000000
20506.000000,3963.000000,2596.000000,46796.000000
20492.000000,3919.000000,2511.000000,46762.000000
20433.000000,3858.000000,2495.000000,46744.000000
20363.000000,3855.000000,2460.000000,46723.000000
20341.000000,3812.000000,2379.000000,46660.000000
20280.000000,3740.000000,2345.000000,46668.000000
20258.000000,3706.000000,2259.000000,46619.000000
20211.000000,3694.000000,2242.000000,46608.000000
20159.000000,3635.000000,2182.000000,46579.000000
20122.000000,3586.000000,2142.000000,46560.000000
20076.000000,3555.000000,2122.000000,46514.000000
20079.000000,3525.000000,2070.000000,46527.000000
20126.000000,3483.000000,1998.000000,46486.000000
20135.000000,3463.000000,2012.000000,46477.000000
20180.000000,3478.000000,1969.000000,46464.000000
20249.000000,3514.000000,1998.000000,46457.000000
20320.000000,3509.000000,2053.000000,46493.000000
20407.000000,3544.000000,2108.000000,46527.000000
20496.000000,3635.000000,2199.000000,46561.000000
20588.000000,3688.000000,2256.000000,46618.000000
20710.000000,3756.000000,2377.000000,46672.000000
20753.000000,3866.000000,2481.000000,46751.000000
20816.000000,3891.000000,2584.000000,46810.000000
21078.000000,3980.000000,2682.000000,46869.000000
21126.000000,4000.000000,2745.000000,46910.000000
21172.000000,4057.000000,2832.000000,46974.000000
21266.000000,4308.000000,3147.000000,47098.000000
21387.000000,4359.000000,3182.000000,47131.000000
21464.000000,4371.000000,3230.000000,47172.000000
21484.000000,4472.000000,3363.000000,47207.000000
21512.000000,4535.000000,3469.000000,47301.000000
21570.000000,4596.000000,3535.000000,47317.000000
21506.000000,4632.000000,3543.000000,47346.000000
21440.000000,4670.000000,3594.000000,47347.000000
21428.000000,4654.000000,3604.000000,47323.000000
21396.000000,4637.000000,3577.000000,47394.000000
21417.000000,4604.000000,3534.000000,47299.000000
21386.000000,4600.000000,3506.000000,47282.000000
21348.000000,4583.000000,3478.000000,47269.000000
21313.000000,4562.000000,3465.000000,47285.000000
21285.000000,4573.000000,3442.000000,47262.000000
21216.000000,4518.000000,3407.000000,47245.000000
21167.000000,4500.000000,3330.000000,47184.000000
21167.000000,4480.000000,3333.000000,47217.000000
21090.000000,4451.000000,3258.000000,47185.000000
21032.000000,4392.000000,3222.000000,47140.000000
21048.000000,4369.000000,3164.000000,47114.000000
21014.000000,4295.000000,3125.000000,47076.000000
20974.000000,4300.000000,3086.000000,47049.000000
20914.000000,4275.000000,3035.000000,47038.000000
20833.000000,4235.000000,3035.000000,47009.000000
20829.000000,4199.000000,2940.000000,47029.000000
20786.000000,4182.000000,2938.000000,46949.000000
20788.000000,4113.000000,2816.000000,46935.000000
20706.000000,4141.000000,2831.000000,46944.000000
20641.000000,4071.000000,2778.000000,46876.000000
20634.000000,4030.000000,2716.000000,46828.000000
20527.000000,4005.000000,2683.000000,46874.000000
20528.000000,3986.000000,2616.000000,46800.000000
20470.000000,3945.000000,2575.000000,46785.000000
20455.000000,3899.000000,2531.000000,46758.000000
20385.000000,3892.000000,2465.000000,46743.000000
20334.000000,3862.000000,2451.000000,46710.000000
20323.000000,3795.000000,2376.000000,46681.000000
20258.000000,3770.000000,2326.000000,46634.000000
20235.000000,3709.000000,2280.000000,46653.000000
20184.000000,3675.000000,2247.000000,46597.000000
20133.000000,3652.000000,2227.000000,46543.000000
20105.000000,3596.000000,2145.000000,46533.000000
20074.000000,3580.000000,2113.000000,46532.000000
20067.000000,3539.000000,2072.000000,46493.000000
20023.000000,3536.000000,2070.000000,46468.000000
19999.000000,3494.000000,1990.000000,46466.000000
20063.000000,3483.000000,1990.000000,46430.000000
20109.000000,3475.000000,1961.000000,46445.000000
20177.000000,3475.000000,1941.000000,46440.000000
20212.000000,3504.000000,1997.000000,46472.000000
20342.000000,3548.000000,2070.000000,46484.000000
20390.000000,3587.000000,2095.000000,46549.000000
20485.000000,3626.000000,2180.000000,46558.000000
20593.000000,3711.000000,2295.000000,46622.000000
20687.000000,3766.000000,2376.000000,46717.000000
20790.000000,3840.000000,2476.000000,46728.000000
20925.000000,3955.000000,2607.000000,46810.000000
21012.000000,4020.000000,2714.000000,46869.000000
21142.000000,4094.000000,2829.000000,46959.000000
21221.000000,4195.000000,2942.000000,47001.000000
21286.000000,4283.000000,3091.000000,47061.000000
21323.000000,4338.000000,3181.000000,47117.000000
21315.000000,4428.000000,3301.000000,47206.000000
21320.000000,4531.000000,3422.000000,47233.000000
21285.000000,4545.000000,3451.000000,47279.000000
21238.000000,4541.000000,3424.000000,47244.000000
21227.000000,4564.000000,3411.000000,47231.000000
21171.000000,4527.000000,3368.000000,47218.000000
21130.000000,4492.000000,3346.000000,47211.000000
21075.000000,4430.000000,3284.000000,47204.000000
21084.000000,4430.000000,3238.000000,47129.000000
21051.000000,4373.000000,3162.000000,47116.000000
20991.000000,4355.000000,3149.000000,47090.000000
20957.000000,4382.000000,3157.000000,47078.000000
20944.000000,4320.000000,3091.000000,47061.000000
20943.000000,4294.000000,3057.000000,47026.000000
20889.000000,4264.000000,3018.000000,47002.000000
20856.000000,4212.000000,2947.000000,46995.000000
20811.000000,4224.000000,2955.000000,46995.000000
20782.000000,4189.000000,2906.000000,46960.000000
20754.000000,4152.000000,2842.000000,46926.000000
20704.000000,4111.000000,2809.000000,46910.000000
20640.000000,4090.000000,2774.000000,46882.000000
20603.000000,4042.000000,2724.000000,46869.000000
20551.000000,4008.000000,2671.000000,46828.000000
20491.000000,3990.000000,2618.000000,46781.000000
20487.000000,3973.000000,2569.000000,46794.000000
20425.000000,3904.000000,2564.000000,46749.000000
20425.000000,3893.000000,2486.000000,46749.000000
20381.000000,3849.000000,2405.000000,46700.000000
20353.000000,3846.000000,2415.000000,46698.000000
20286.000000,3829.000000,2389.000000,46670.000000
20287.000000,3777.000000,2347.000000,46632.000000
20246.000000,3712.000000,2300.000000,46646.000000
20209.000000,3698.000000,2238.000000,46591.000000
20178.000000,3663.000000,2244.000000,46581.000000
20125.000000,3702.000000,2234.000000,46593.000000
20114.000000,3627.000000,2168.000000,46535.000000
20023.000000,3611.000000,2140.000000,46539.000000
20035.000000,3548.000000,2068.000000,46522.000000
19989.000000,3527.000000,1988.000000,46462.000000
20038.000000,3479.000000,1985.000000,46437.000000
20066.000000,3498.000000,1977.000000,46424.000000
20128.000000,3451.000000,1948.000000,46427.000000
20219.000000,3520.000000,1956.000000,46444.000000
20306.000000,3550.000000,2030.000000,46464.000000
20391.000000,3591.000000,2105.000000,46522.000000
20473.000000,3656.000000,2189.000000,46560.000000
20615.000000,3735.000000,2322.000000,46600.000000
20722.000000,3830.000000,2417.000000,46676.000000
20862.000000,3895.000000,2541.000000,46745.000000
21013.000000,3977.000000,2650.000000,46827.000000
21092.000000,4079.000000,2802.000000,46910.000000
21242.000000,4181.000000,2931.000000,46992.000000
21340.000000,4298.000000,3090.000000,47060.000000
21454.000000,4436.000000,3249.000000,47141.000000
21591.000000,4483.000000,3374.000000,47234.000000
21680.000000,4618.000000,3528.000000,47306.000000
21695.000000,4701.000000,3641.000000,47383.000000
21696.000000,4795.000000,3770.000000,47428.000000
21656.000000,4849.000000,3840.000000,47471.000000
21639.000000,4881.000000,3873.000000,47482.000000
21567.000000,4883.000000,3858.000000,47446.000000
21510.000000,4878.000000,3813.000000,47437.000000
21438.000000,4829.000000,3772.000000,47411.000000
21329.000000,4789.000000,3742.000000,47399.000000
21263.000000,4797.000000,3682.000000,47364.000000
21257.000000,4686.000000,3577.000000,47316.000000
21247.000000,4631.000000,3513.000000,47297.000000
21242.000000,4527.000000,3412.000000,47253.000000
21223.000000,4539.000000,3386.000000,47209.000000
21166.000000,4527.000000,3417.000000,47220.000000
21117.000000,4491.000000,3317.000000,47174.000000
21072.000000,4496.000000,3312.000000,47175.000000
20994.000000,4447.000000,3255.000000,47145.000000
20962.000000,4415.000000,3193.000000,47089.000000
20888.000000,4388.000000,3155.000000,47094.000000
20838.000000,4307.000000,3079.000000,47049.000000
20786.000000,4290.000000,3051.000000,47041.000000
20759.000000,4203.000000,2961.000000,46996.000000
20672.000000,4179.000000,2921.000000,46992.000000
20622.000000,4161.000000,2829.000000,46917.000000
20494.000000,4120.000000,2786.000000,46877.000000
20474.000000,4055.000000,2737.000000,46857.000000
20449.000000,4001.000000,2662.000000,46799.000000
20414.000000,3895.000000,2523.000000,46763.000000
20331.000000,3873.000000,2480.000000,46715.000000
20301.000000,3866.000000,2476.000000,46695.000000
20261.000000,3838.000000,2398.000000,46673.000000
20217.000000,3784.000000,2354.000000,46632.000000
20180.000000,3726.000000,2267.000000,46599.000000
20164.000000,3733.000000,2256.000000,46601.000000
20121.000000,3653.000000,2194.000000,46545.000000
20067.000000,3608.000000,2141.000000,46533.000000
20064.000000,3628.000000,2119.000000,46506.000000
20068.000000,3572.000000,2060.000000,46500.000000
20109.000000,3538.000000,2036.000000,46486.000000
20254.000000,3529.000000,2042.000000,46472.000000
20324.000000,3552.000000,2057.000000,46478.000000
20289.000000,3593.000000,2117.000000,46507.000000
20469.000000,3694.000000,2272.000000,46616.000000
20588.000000,3725.000000,2324.000000,46623.000000
20747.000000,3815.000000,2351.000000,46667.000000
20856.000000,3911.000000,2544.000000,46734.000000
20971.000000,4010.000000,2664.000000,46820.000000
21099.000000,4112.000000,2789.000000,46890.000000
21201.000000,4214.000000,2954.000000,46992.000000
21366.000000,4302.000000,3091.000000,47073.000000
21433.000000,4418.000000,3233.000000,47156.000000
21541.000000,4522.000000,3386.000000,47235.000000
21661.000000,4605.000000,3532.000000,47326.000000
21736.000000,4707.000000,3651.000000,47425.000000
21786.000000,4767.000000,3768.000000,47471.000000
21732.000000,4883.000000,3899.000000,47508.000000
21692.000000,4966.000000,3948.000000,47542.000000
21690.000000,4953.000000,3955.000000,47557.000000
21643.000000,4964.000000,3933.000000,47545.000000
21631.000000,4930.000000,3904.000000,47500.000000
21600.000000,4900.000000,3860.000000,47529.000000
21560.000000,4875.000000,3842.000000,47500.000000
21543.000000,4838.000000,3807.000000,47449.000000
21470.000000,4832.000000,3772.000000,47452.000000
21485.000000,4787.000000,3718.000000,47423.000000
21440.000000,4749.000000,3691.000000,47386.000000
21392.000000,4759.000000,3675.000000,47375.000000
21360.000000,4736.000000,3634.000000,47390.000000
21295.000000,4694.000000,3586.000000,47324.000000
21279.000000,4637.000000,3592.000000,47329.000000
21248.000000,4623.000000,3519.000000,47296.000000
21211.000000,4563.000000,3473.000000,47303.000000
21140.000000,4556.000000,3463.000000,47240.000000
21094.000000,4512.000000,3385.000000,47221.000000
21056.000000,4496.000000,3339.000000,47195.000000
20993.000000,4470.000000,3306.000000,47159.000000
20945.000000,4437.000000,3258.000000,47110.000000
20889.000000,4421.000000,3157.000000,47070.000000
20852.000000,4321.000000,3124.000000,47089.000000
20838.000000,4257.000000,3022.000000,47009.000000
20745.000000,4241.000000,3011.000000,47023.000000
20709.000000,4236.000000,2915.000000,46947.000000
20666.000000,4169.000000,2907.000000,46947.000000
20627.000000,4134.000000,2839.000000,46913.000000
20588.000000,4114.000000,2791.000000,46894.000000
20530.000000,4093.000000,2755.000000,46875.000000
20491.000000,4021.000000,2675.000000,46840.000000
20433.000000,4009.000000,2615.000000,46779.000000
20392.000000,3931.000000,2580.000000,46760.000000
20354.000000,3887.000000,2538.000000,46745.000000
20319.000000,3884.000000,2500.000000,46726.000000
20245.000000,3817.000000,2416.000000,46692.000000
20236.000000,3835.000000,2400.000000,46662.000000
20185.000000,3771.000000,2354.000000,46625.000000
20135.000000,3728.000000,2323.000000,46601.000000
20060.000000,3714.000000,2255.000000,46574.000000
20073.000000,3651.000000,2206.000000,46552.000000
20149.000000,3640.000000,2157.000000,46534.000000
20209.000000,3612.000000,2121.000000,46525.000000
20334.000000,3607.000000,2165.000000,46525.000000
20392.000000,3681.000000,2172.000000,46568.000000
20459.000000,3688.000000,2245.000000,46582.000000
20549.000000,3728.000000,2353.000000,46671.000000
20701.000000,3841.000000,2450.000000,46731.000000
20820.000000,3915.000000,2582.000000,46804.000000
20906.000000,4013.000000,2731.000000,46860.000000
21076.000000,4115.000000,2822.000000,46914.000000
21154.000000,4208.000000,2987.000000,46988.000000
21295.000000,4306.000000,3110.000000,47046.000000
21388.000000,4417.000000,3230.000000,47145.000000
21525.000000,4514.000000,3380.000000,47217.000000
21613.000000,4584.000000,3509.000000,47313.000000
21677.000000,4689.000000,3630.000000,47376.000000
21688.000000,4775.000000,3774.000000,47477.000000
21671.000000,4819.000000,3859.000000,47510.000000
21634.000000,4893.000000,3939.000000,47538.000000
21577.000000,4924.000000,3943.000000,47520.000000
21562.000000,4932.000000,3930.000000,47503.000000
21550.000000,4874.000000,3863.000000,47475.000000
21480.000000,4842.000000,3888.000000,47476.000000
21465.000000,4851.000000,3801.000000,47440.000000
21411.000000,4784.000000,3754.000000,47430.000000
21352.000000,4763.000000,3723.000000,47409.000000
21295.000000,4722.000000,3672.000000,47396.000000
21279.000000,4721.000000,3621.000000,47335.000000
21212.000000,4645.000000,3547.000000,47317.000000
21136.000000,4627.000000,3516.000000,47310.000000
21152.000000,4575.000000,3465.000000,47260.000000
21099.000000,4493.000000,3367.000000,47197.000000
21045.000000,4506.000000,3343.000000,47199.000000
21067.000000,4488.000000,3326.000000,47196.000000
20981.000000,4442.000000,3304.000000,47184.000000
20969.000000,4417.000000,3215.000000,47141.000000
20888.000000,4402.000000,3202.000000,47119.000000
20887.000000,4391.000000,3153.000000,47070.000000
20853.000000,4288.000000,3104.000000,47051.000000
20783.000000,4287.000000,3056.000000,47031.000000
20741.000000,4270.000000,3041.000000,47000.000000
20694.000000,4185.000000,2955.000000,46982.000000
20644.000000,4169.000000,2911.000000,46973.000000
20585.000000,4182.000000,2853.000000,46921.000000
20547.000000,4149.000000,2807.000000,46900.000000
20541.000000,4061.000000,2732.000000,46853.000000
20460.000000,4008.000000,2735.000000,46879.000000
20425.000000,4015.000000,2690.000000,46827.000000
20414.000000,4009.000000,2632.000000,46815.000000
20355.000000,3929.000000,2568.000000,46768.000000
20301.000000,3891.000000,2511.000000,46718.000000
20272.000000,3868.000000,2457.000000,46707.000000
20225.000000,3828.000000,2457.000000,46700.000000
20180.000000,3783.000000,2390.000000,46666.000000
20181.000000,3775.000000,2347.000000,46647.000000
20239.000000,3729.000000,2297.000000,46611.000000
20247.000000,3723.000000,2283.000000,46579.000000
20310.000000,3690.000000,2278.000000,46597.000000
20408.000000,3709.000000,2291.000000,46600.000000
20525.000000,3738.000000,2366.000000,46641.000000
20616.000000,3837.000000,2438.000000,46709.000000
20722.000000,3876.000000,2525.000000,46759.000000
20847.000000,3949.000000,2645.000000,46801.000000
20971.000000,4060.000000,2773.000000,46889.000000
21067.000000,4124.000000,2872.000000,46928.000000
21195.000000,4219.000000,3030.000000,47016.000000
21285.000000,4339.000000,3152.000000,47092.000000
21535.000000,4401.000000,3304.000000,47196.000000
21579.000000,4518.000000,3433.000000,47256.000000
21612.000000,4584.000000,3552.000000,47317.000000
21663.000000,4811.000000,3789.000000,47462.000000
21713.000000,4803.000000,3839.000000,47487.000000
21702.000000,4830.000000,3864.000000,47507.000000
21644.000000,4918.000000,3974.000000,47514.000000
21627.000000,4942.000000,3987.000000,47573.000000
21592.000000,4936.000000,3980.000000,47552.000000
21568.000000,4934.000000,3967.000000,47532.000000
21570.000000,4873.000000,3896.000000,47508.000000
21542.000000,4839.000000,3810.000000,47462.000000
21450.000000,4808.000000,3785.000000,47472.000000
21468.000000,4829.000000,3808.000000,47443.000000
21400.000000,4801.000000,3760.000000,47428.000000
21344.000000,4765.000000,3689.000000,47410.000000
21290.000000,4719.000000,3668.000000,47408.000000
21270.000000,4714.000000,3651.000000,47371.000000
21211.000000,4682.000000,3577.000000,47338.000000
21155.000000,4591.000000,3511.000000,47311.000000
21107.000000,4579.000000,3440.000000,47233.000000
21052.000000,4520.000000,3412.000000,47217.000000
21018.000000,4516.000000,3349.000000,47187.000000
21008.000000,4467.000000,3311.000000,47158.000000
20950.000000,4430.000000,3230.000000,47139.000000
20919.000000,4388.000000,3222.000000,47123.000000
20862.000000,4357.000000,3183.000000,47088.000000
20806.000000,4338.000000,3140.000000,47053.000000
20774.000000,4298.000000,3076.000000,47050.000000
20705.000000,4273.000000,3048.000000,47003.000000
20665.000000,4182.000000,2983.000000,46967.000000
20612.000000,4198.000000,2937.000000,46962.000000
20584.000000,4145.000000,2821.000000,46924.000000
20517.000000,4118.000000,2799.000000,46936.000000
20553.000000,4078.000000,2767.000000,46854.000000
20525.000000,4014.000000,2720.000000,46857.000000
20493.000000,3988.000000,2686.000000,46829.000000
20483.000000,3982.000000,2669.000000,46819.000000
20453.000000,3969.000000,2619.000000,46810.000000
20380.000000,3944.000000,2614.000000,46781.000000
20326.000000,3929.000000,2578.000000,46752.000000
20327.000000,3889.000000,2527.000000,46730.000000
20332.000000,3882.000000,2493.000000,46718.000000
20361.000000,3835.000000,2459.000000,46708.000000
20380.000000,3827.000000,2442.000000,46682.000000
20476.000000,3836.000000,2451.000000,46696.000000
20564.000000,3843.000000,2482.000000,46717.000000
20673.000000,3905.000000,2572.000000,46747.000000
20722.000000,3972.000000,2643.000000,46810.000000
20825.000000,4060.000000,2749.000000,46873.000000
20947.000000,4127.000000,2834.000000,46924.000000
21060.000000,4151.000000,2914.000000,46961.000000
21154.000000,4225.000000,3052.000000,47045.000000
21276.000000,4308.000000,3159.000000,47098.000000
21405.000000,4397.000000,3308.000000,47182.000000
21568.000000,4501.000000,3417.000000,47247.000000
21683.000000,4599.000000,3585.000000,47351.000000
21859.000000,4732.000000,3723.000000,47440.000000
21904.000000,4838.000000,3866.000000,47511.000000
21907.000000,4925.000000,3991.000000,47564.000000
21967.000000,5105.000000,4234.000000,47701.000000
22008.000000,5077.000000,4273.000000,47730.000000
21967.000000,5112.000000,4269.000000,47715.000000
21886.000000,5150.000000,4368.000000,47753.000000
21885.000000,5195.000000,4350.000000,47764.000000
21859.000000,5197.000000,4295.000000,47741.000000
21824.000000,5113.000000,4198.000000,47664.000000
21751.000000,5085.000000,4196.000000,47670.000000
21734.000000,5074.000000,4186.000000,47638.000000
21704.000000,5058.000000,4124.000000,47595.000000
21689.000000,4950.000000,4079.000000,47629.000000
21659.000000,4961.000000,4006.000000,47565.000000
21602.000000,4966.000000,3959.000000,47584.000000
21507.000000,4895.000000,3936.000000,47536.000000
21505.000000,4888.000000,3883.000000,47493.000000
21377.000000,4892.000000,3844.000000,47452.000000
21393.000000,4813.000000,3788.000000,47437.000000
21342.000000,4745.000000,3721.000000,47405.000000
21270.000000,4714.000000,3641.000000,47350.000000
21225.000000,4706.000000,3600.000000,47356.000000
21213.000000,4625.000000,3518.000000,47288.000000
21203.000000,4568.000000,3455.000000,47286.000000
21109.000000,4531.000000,3436.000000,47274.000000
21075.000000,4527.000000,3425.000000,47224.000000
21032.000000,4494.000000,3362.000000,47218.000000
20959.000000,4446.000000,3277.000000,47202.000000
20896.000000,4370.000000,3220.000000,47130.000000
20845.000000,4308.000000,3188.000000,47097.000000
20789.000000,4325.000000,3085.000000,47042.000000
20771.000000,4264.000000,3070.000000,47040.000000
20660.000000,4213.000000,3015.000000,47000.000000
20618.000000,4174.000000,2955.000000,46982.000000
20520.000000,4127.000000,2848.000000,46925.000000
20501.000000,4088.000000,2817.000000,46928.000000
20465.000000,4046.000000,2749.000000,46886.000000
20405.000000,3998.000000,2704.000000,46827.000000
20378.000000,3947.000000,2619.000000,46800.000000
20364.000000,3913.000000,2591.000000,46774.000000
20308.000000,3890.000000,2513.000000,46749.000000
20260.000000,3823.000000,2453.000000,46726.000000
20206.000000,3808.000000,2428.000000,46691.000000
20212.000000,3789.000000,2400.000000,46686.000000
20191.000000,3757.000000,2339.000000,46666.000000
20258.000000,3678.000000,2311.000000,46642.000000
20303.000000,3706.000000,2312.000000,46600.000000
20388.000000,3681.000000,2347.000000,46652.000000
20485.000000,3735.000000,2378.000000,46666.000000
20607.000000,3785.000000,2428.000000,46726.000000
20722.000000,3823.000000,2511.000000,46764.000000
20827.000000,3952.000000,2613.000000,46876.000000
20906.000000,4047.000000,2756.000000,46881.000000
21047.000000,4141.000000,2879.000000,46956.000000
21218.000000,4219.000000,3015.000000,47050.000000
21417.000000,4317.000000,3174.000000,47132.000000
21571.000000,4418.000000,3329.000000,47190.000000
21683.000000,4568.000000,3500.000000,47311.000000
21805.000000,4657.000000,3702.000000,47442.000000
21837.000000,4791.000000,3891.000000,47518.000000
21795.000000,4881.000000,3952.000000,47585.000000
21794.000000,4990.000000,4124.000000,47652.000000
21734.000000,5011.000000,4166.000000,47621.000000
21697.000000,5030.000000,4132.000000,47667.000000
21629.000000,4991.000000,4078.000000,47608.000000
21620.000000,4980.000000,4035.000000,47577.000000
21540.000000,4922.000000,3989.000000,47549.000000
21507.000000,4880.000000,3937.000000,47515.000000
21450.000000,4881.000000,3896.000000,47530.000000
21425.000000,4816.000000,3803.000000,47474.000000
21367.000000,4786.000000,3790.000000,47454.000000
21363.000000,4781.000000,3708.000000,47432.000000
21262.000000,4690.000000,3641.000000,47375.000000
21187.000000,4642.000000,3611.000000,47390.000000
21154.000000,4616.000000,3569.000000,47347.000000
21069.000000,4586.000000,3494.000000,47287.000000
20983.000000,4538.000000,3451.000000,47267.000000
20972.000000,4483.000000,3328.000000,47226.000000
20956.000000,4415.000000,3307.000000,47205.000000
20851.000000,4303.000000,3192.000000,47111.000000
20828.000000,4320.000000,3134.000000,47093.000000
20799.000000,4291.000000,3149.000000,47052.000000
20690.000000,4249.000000,3065.000000,47040.000000
20668.000000,4210.000000,3016.000000,47041.000000
20596.000000,4155.000000,2940.000000,46994.000000
20537.000000,4114.000000,2852.000000,46944.000000
20428.000000,4077.000000,2811.000000,46922.000000
20437.000000,4013.000000,2756.000000,46903.000000
20392.000000,3961.000000,2672.000000,46831.000000
20356.000000,3909.000000,2647.000000,46783.000000
20243.000000,3886.000000,2566.000000,46777.000000
20207.000000,3836.000000,2493.000000,46732.000000
20175.000000,3806.000000,2460.000000,46708.000000
20279.000000,3768.000000,2378.000000,46699.000000
20392.000000,3700.000000,2333.000000,46641.000000
20525.000000,3731.000000,2317.000000,46620.000000
20653.000000,3778.000000,2424.000000,46713.000000
20925.000000,3881.000000,2581.000000,46783.000000
20961.000000,3950.000000,2710.000000,46839.000000
21017.000000,4115.000000,2901.000000,47003.000000
21201.000000,4337.000000,3183.000000,47146.000000
21362.000000,4330.000000,3222.000000,47159.000000
21511.000000,4383.000000,3251.000000,47173.000000
21648.000000,4508.000000,3451.000000,47308.000000
21837.000000,4653.000000,3655.000000,47389.000000
21830.000000,4760.000000,3802.000000,47505.000000
21838.000000,4877.000000,3953.000000,47549.000000
21825.000000,5012.000000,4173.000000,47675.000000
21765.000000,5008.000000,4184.000000,47673.000000
21740.000000,5013.000000,4199.000000,47669.000000
21737.000000,5023.000000,4173.000000,47688.000000
21678.000000,4996.000000,4088.000000,47639.000000
21630.000000,4958.000000,4092.000000,47607.000000
21627.000000,4977.000000,4066.000000,47600.000000
21600.000000,4929.000000,3968.000000,47575.000000
21520.000000,4883.000000,3938.000000,47543.000000
21473.000000,4876.000000,3895.000000,47531.000000
21459.000000,4849.000000,3877.000000,47493.000000
21425.000000,4773.000000,3825.000000,47486.000000
21383.000000,4764.000000,3777.000000,47447.000000
21344.000000,4740.000000,3718.000000,47418.000000
21288.000000,4714.000000,3686.000000,47387.000000
21265.000000,4668.000000,3635.000000,47346.000000
21228.000000,4652.000000,3580.000000,47370.000000
21190.000000,4592.000000,3593.000000,47360.000000
21142.000000,4573.000000,3520.000000,47310.000000
21064.000000,4556.000000,3489.000000,47287.000000
21062.000000,4512.000000,3427.000000,47253.000000
21028.000000,4432.000000,3370.000000,47217.000000
20992.000000,4426.000000,3298.000000,47190.000000
20933.000000,4409.000000,3292.000000,47191.000000
20889.000000,4395.000000,3200.000000,47156.000000
20855.000000,4331.000000,3141.000000,47120.000000
20803.000000,4312.000000,3133.000000,47106.000000
20779.000000,4265.000000,3121.000000,47071.000000
20695.000000,4225.000000,3005.000000,47006.000000
20671.000000,4192.000000,2987.000000,47026.000000
20650.000000,4148.000000,2928.000000,46974.000000
20601.000000,4106.000000,2851.000000,46989.000000
20536.000000,4101.000000,2866.000000,46953.000000
20522.000000,4089.000000,2800.000000,46909.000000
20502.000000,4029.000000,2762.000000,46892.000000
20438.000000,3978.000000,2723.000000,46881.000000
20412.000000,3967.000000,2665.000000,46809.000000
20376.000000,3970.000000,2657.000000,46835.000000
20361.000000,3929.000000,2605.000000,46801.000000
20317.000000,3893.000000,2545.000000,46779.000000
20368.000000,3819.000000,2517.000000,46757.000000
20433.000000,3812.000000,2464.000000,46751.000000
20505.000000,3810.000000,2480.000000,46730.000000
20570.000000,3853.000000,2504.000000,46732.000000
20669.000000,3906.000000,2572.000000,46796.000000
20799.000000,3976.000000,2662.000000,46845.000000
20909.000000,4023.000000,2776.000000,46903.000000
21013.000000,4119.000000,2869.000000,46965.000000
21233.000000,4187.000000,2996.000000,47033.000000
21288.000000,4266.000000,3147.000000,47108.000000
21318.000000,4355.000000,3295.000000,47203.000000
21384.000000,4542.000000,3545.000000,47350.000000
21541.000000,4613.000000,3593.000000,47381.000000
21653.000000,4650.000000,3639.000000,47393.000000
21744.000000,4645.000000,3660.000000,47439.000000
21860.000000,4773.000000,3858.000000,47525.000000
21847.000000,4886.000000,4012.000000,47579.000000
21842.000000,4953.000000,4114.000000,47627.000000
21832.000000,5032.000000,4178.000000,47677.000000
21800.000000,5038.000000,4188.000000,47677.000000
21761.000000,5033.000000,4194.000000,47694.000000
21731.000000,5017.000000,4154.000000,47654.000000
21717.000000,4985.000000,4136.000000,47668.000000
21703.000000,5009.000000,4123.000000,47651.000000
21656.000000,4935.000000,4034.000000,47629.000000
21601.000000,4946.000000,4018.000000,47608.000000
21607.000000,4914.000000,3983.000000,47566.000000
21540.000000,4897.000000,3971.000000,47535.000000
21510.000000,4866.000000,3921.000000,47546.000000
21499.000000,4867.000000,3871.000000,47524.000000
21452.000000,4829.000000,3868.000000,47496.000000
21415.000000,4800.000000,3824.000000,47492.000000
21385.000000,4804.000000,3784.000000,47463.000000
21363.000000,4742.000000,3719.000000,47443.000000
21264.000000,4685.000000,3661.000000,47413.000000
21266.000000,4692.000000,3651.000000,47419.000000
21244.000000,4620.000000,3602.000000,47339.000000
21168.000000,4578.000000,3541.000000,47323.000000
21131.000000,4558.000000,3531.000000,47317.000000
21104.000000,4527.000000,3477.000000,47295.000000
21050.000000,4502.000000,3410.000000,47285.000000
20983.000000,4487.000000,3391.000000,47226.000000
20906.000000,4426.000000,3307.000000,47185.000000
20897.000000,4393.000000,3288.000000,47201.000000
20852.000000,4337.000000,3229.000000,47155.000000
20814.000000,4301.000000,3131.000000,47114.000000
20817.000000,4246.000000,3083.000000,47065.000000
20832.000000,4204.000000,3072.000000,47073.000000
20769.000000,4197.000000,3004.000000,47035.000000
20729.000000,4234.000000,2997.000000,47018.000000
20655.000000,4212.000000,3000.000000,47006.000000
20635.000000,4133.000000,2976.000000,46972.000000
20557.000000,4140.000000,2922.000000,46998.000000
20505.000000,4102.000000,2882.000000,46956.000000
20506.000000,4044.000000,2799.000000,46928.000000
20496.000000,4006.000000,2751.000000,46871.000000
20542.000000,3983.000000,2699.000000,46819.000000
20647.000000,3954.000000,2651.000000,46826.000000
20711.000000,3999.000000,2686.000000,46889.000000
20798.000000,3994.000000,2744.000000,46882.000000
20917.000000,4069.000000,2821.000000,46945.000000
20991.000000,4134.000000,2924.000000,46997.000000
21132.000000,4210.000000,3037.000000,47046.000000
21208.000000,4283.000000,3146.000000,47120.000000
21327.000000,4388.000000,3255.000000,47176.000000
21446.000000,4489.000000,3398.000000,47242.000000
21551.000000,4574.000000,3554.000000,47339.000000
21746.000000,4668.000000,3657.000000,47399.000000
21891.000000,4733.000000,3807.000000,47479.000000
21966.000000,4840.000000,3930.000000,47573.000000
21989.000000,4936.000000,4116.000000,47647.000000
22083.000000,5079.000000,4270.000000,47749.000000
22082.000000,5177.000000,4406.000000,47796.000000
22081.000000,5170.000000,4371.000000,47807.000000
22070.000000,5216.000000,4451.000000,47826.000000
22032.000000,5261.000000,4488.000000,47801.000000
22013.000000,5248.000000,4429.000000,47832.000000
21944.000000,5218.000000,4378.000000,47824.000000
21913.000000,5197.000000,4376.000000,47806.000000
21900.000000,5174.000000,4336.000000,47767.000000
21787.000000,5140.000000,4311.000000,47751.000000
21749.000000,5094.000000,4277.000000,47756.000000
21772.000000,5084.000000,4221.000000,47677.000000
21742.000000,5027.000000,4136.000000,47653.000000
21683.000000,4974.000000,4089.000000,47648.000000
21639.000000,4999.000000,4077.000000,47628.000000
21628.000000,4962.000000,4034.000000,47607.000000
21646.000000,4894.000000,3987.000000,47571.000000
21578.000000,4867.000000,3949.000000,47571.000000
21536.000000,4900.000000,3910.000000,47538.000000
21501.000000,4865.000000,3922.000000,47511.000000
21417.000000,4862.000000,3876.000000,47497.000000
21385.000000,4826.000000,3830.000000,47491.000000
21358.000000,4727.000000,3767.000000,47440.000000
21345.000000,4731.000000,3701.000000,47458.000000
21290.000000,4707.000000,3687.000000,47396.000000
21216.000000,4658.000000,3608.000000,47378.000000
21217.000000,4650.000000,3571.000000,47351.000000
21178.000000,4595.000000,3547.000000,47315.000000
21104.000000,4571.000000,3498.000000,47304.000000
21102.000000,4531.000000,3440.000000,47264.000000
21054.000000,4510.000000,3418.000000,47265.000000
20993.000000,4454.000000,3376.000000,47223.000000
20971.000000,4453.000000,3325.000000,47215.000000
20943.000000,4365.000000,3255.000000,47163.000000
20930.000000,4369.000000,3236.000000,47164.000000
20870.000000,4310.000000,3154.000000,47124.000000
20822.000000,4280.000000,3122.000000,47102.000000
20754.000000,4281.000000,3119.000000,47091.000000
20701.000000,4274.000000,3078.000000,47070.000000
20647.000000,4192.000000,3010.000000,47040.000000
20611.000000,4132.000000,2918.000000,46986.000000
20581.000000,4109.000000,2869.000000,46971.000000
20538.000000,4052.000000,2803.000000,46927.000000
20553.000000,3993.000000,2754.000000,46891.000000
20614.000000,3970.000000,2730.000000,46874.000000
20696.000000,4003.000000,2718.000000,46868.000000
20713.000000,3992.000000,2739.000000,46879.000000
20790.000000,4039.000000,2776.000000,46893.000000
20884.000000,4049.000000,2849.000000,46935.000000
20975.000000,4136.000000,2899.000000,46967.000000
21107.000000,4190.000000,3010.000000,47040.000000
21332.000000,4255.000000,3101.000000,47094.000000
21379.000000,4356.000000,3228.000000,47169.000000
21379.000000,4426.000000,3347.000000,47218.000000
21664.000000,4653.000000,3650.000000,47401.000000
21729.000000,4643.000000,3666.000000,47416.000000
21843.000000,4710.000000,3743.000000,47429.000000
21962.000000,4929.000000,4013.000000,47616.000000
22062.000000,4949.000000,4108.000000,47674.000000
22161.000000,5046.000000,4242.000000,47731.000000
22193.000000,5151.000000,4356.000000,47787.000000
22200.000000,5209.000000,4477.000000,47836.000000
22171.000000,5312.000000,4591.000000,47895.000000
22175.000000,5351.000000,4639.000000,47929.000000
22159.000000,5364.000000,4638.000000,47924.000000
22109.000000,5349.000000,4588.000000,47914.000000
22075.000000,5328.000000,4632.000000,47864.000000
22053.000000,5302.000000,4575.000000,47879.000000
22038.000000,5257.000000,4500.000000,47829.000000
22030.000000,5238.000000,4523.000000,47851.000000
21963.000000,5218.000000,4412.000000,47808.000000
21926.000000,5191.000000,4416.000000,47774.000000
21927.000000,5184.000000,4376.000000,47772.000000
21872.000000,5158.000000,4341.000000,47788.000000
21837.000000,5139.000000,4317.000000,47783.000000
21814.000000,5129.000000,4288.000000,47734.000000
21782.000000,5107.000000,4244.000000,47711.000000
21744.000000,5075.000000,4191.000000,47704.000000
21689.000000,5046.000000,4123.000000,47667.000000
21624.000000,4994.000000,4083.000000,47624.000000
21573.000000,4982.000000,4064.000000,47579.000000
21521.000000,4928.000000,3991.000000,47583.000000
21497.000000,4913.000000,3928.000000,47526.000000
21481.000000,4865.000000,3893.000000,47503.000000
21413.000000,4785.000000,3786.000000,47452.000000
21385.000000,4734.000000,3773.000000,47440.000000
21372.000000,4737.000000,3761.000000,47453.000000
21323.000000,4715.000000,3709.000000,47440.000000
21265.000000,4699.000000,3704.000000,47416.000000
21247.000000,4686.000000,3661.000000,47370.000000
21212.000000,4628.000000,3576.000000,47350.000000
21166.000000,4605.000000,3547.000000,47309.000000
21150.000000,4559.000000,3508.000000,47310.000000
21137.000000,4546.000000,3463.000000,47318.000000
21084.000000,4561.000000,3435.000000,47266.000000
21039.000000,4492.000000,3399.000000,47242.000000
20997.000000,4458.000000,3357.000000,47245.000000
21018.000000,4442.000000,3322.000000,47196.000000
20969.000000,4397.000000,3273.000000,47192.000000
20935.000000,4374.000000,3254.000000,47175.000000
20897.000000,4357.000000,3152.000000,47129.000000
20895.000000,4306.000000,3148.000000,47095.000000
20822.000000,4266.000000,3134.000000,47084.000000
20746.000000,4254.000000,3098.000000,47075.000000
20739.000000,4222.000000,3055.000000,47055.000000
20795.000000,4221.000000,2989.000000,47035.000000
20845.000000,4207.000000,2975.000000,47013.000000
20924.000000,4183.000000,2961.000000,46982.000000
21066.000000,4159.000000,3011.000000,47011.000000
21183.000000,4236.000000,3089.000000,47067.000000
21332.000000,4310.000000,3174.000000,47129.000000
21392.000000,4408.000000,3318.000000,47233.000000
21477.000000,4532.000000,3489.000000,47308.000000
21593.000000,4605.000000,3583.000000,47351.000000
21690.000000,4710.000000,3707.000000,47430.000000
21798.000000,4760.000000,3811.000000,47508.000000
21910.000000,4861.000000,3947.000000,47546.000000
22008.000000,4906.000000,4067.000000,47632.000000
22029.000000,5005.000000,4188.000000,47713.000000
22102.000000,5096.000000,4291.000000,47751.000000
22076.000000,5185.000000,4397.000000,47782.000000
22098.000000,5203.000000,4420.000000,47831.000000
21988.000000,5247.000000,4499.000000,47836.000000
22011.000000,5249.000000,4482.000000,47837.000000
21945.000000,5219.000000,4471.000000,47809.000000
21921.000000,5169.000000,4347.000000,47777.000000
21890.000000,5151.000000,4324.000000,47754.000000
21845.000000,5138.000000,4337.000000,47750.000000
21842.000000,5128.000000,4266.000000,47731.000000
21772.000000,5087.000000,4245.000000,47746.000000
21765.000000,5084.000000,4208.000000,47692.000000
21704.000000,5042.000000,4158.000000,47638.000000
21664.000000,5021.000000,4092.000000,47624.000000
21658.000000,4991.000000,4049.000000,47619.000000
21603.000000,4945.000000,4034.000000,47578.000000
21631.000000,4905.000000,3967.000000,47559.000000
21509.000000,4893.000000,3952.000000,47520.000000
21495.000000,4855.000000,3930.000000,47549.000000
21473.000000,4838.000000,3885.000000,47513.000000
21361.000000,4800.000000,3813.000000,47455.000000
21369.000000,4789.000000,3767.000000,47474.000000
21345.000000,4754.000000,3750.000000,47462.000000
21348.000000,4639.000000,3642.000000,47392.000000
21296.000000,4715.000000,3625.000000,47386.000000
21231.000000,4634.000000,3614.000000,47379.000000
21199.000000,4631.000000,3616.000000,47370.000000
21197.000000,4619.000000,3567.000000,47361.000000
21159.000000,4566.000000,3486.000000,47316.000000
21098.000000,4542.000000,3468.000000,47289.000000
21042.000000,4514.000000,3406.000000,47271.000000
21057.000000,4488.000000,3389.000000,47215.000000
20964.000000,4485.000000,3343.000000,47219.000000
20966.000000,4391.000000,3307.000000,47192.000000
20919.000000,4402.000000,3219.000000,47148.000000
20917.000000,4360.000000,3238.000000,47141.000000
20868.000000,4326.000000,3164.000000,47140.000000
20826.000000,4294.000000,3150.000000,47098.000000
20776.000000,4270.000000,3113.000000,47067.000000
20802.000000,4261.000000,3074.000000,47048.000000
20775.000000,4201.000000,3038.000000,47037.000000
20782.000000,4185.000000,2997.000000,47043.000000
20806.000000,4181.000000,2978.000000,47015.000000
20852.000000,4194.000000,2984.000000,47037.000000
20905.000000,4184.000000,2996.000000,47008.000000
20941.000000,4178.000000,3033.000000,47037.000000
21059.000000,4220.000000,3066.000000,47077.000000
21148.000000,4281.000000,3146.000000,47106.000000
21215.000000,4313.000000,3227.000000,47162.000000
21325.000000,4445.000000,3308.000000,47211.000000
21460.000000,4502.000000,3405.000000,47262.000000
21599.000000,4587.000000,3562.000000,47376.000000
21713.000000,4681.000000,3642.000000,47417.000000
21819.000000,4723.000000,3823.000000,47493.000000
21898.000000,4875.000000,3947.000000,47542.000000
22025.000000,4957.000000,4035.000000,47616.000000
22131.000000,5058.000000,4242.000000,47723.000000
22194.000000,5103.000000,4320.000000,47798.000000
22270.000000,5236.000000,4459.000000,47838.000000
22323.000000,5299.000000,4582.000000,47878.000000
22342.000000,5381.000000,4649.000000,47958.000000
22269.000000,5450.000000,4743.000000,47999.000000
22224.000000,5455.000000,4770.000000,47980.000000
22178.000000,5484.000000,4733.000000,48020.000000
22106.000000,5454.000000,4710.000000,47955.000000
22064.000000,5416.000000,4679.000000,47921.000000
22002.000000,5350.000000,4591.000000,47888.000000
21944.000000,5323.000000,4532.000000,47875.000000
21883.000000,5264.000000,4477.000000,47832.000000
21811.000000,5193.000000,4394.000000,47810.000000
21806.000000,5142.000000,4322.000000,47727.000000
21747.000000,5081.000000,4227.000000,47713.000000
21721.000000,5050.000000,4203.000000,47701.000000
21688.000000,5059.000000,4169.000000,47670.000000
21617.000000,5005.000000,4073.000000,47613.000000
21558.000000,4970.000000,4071.000000,47617.000000
21516.000000,4925.000000,3965.000000,47555.000000
21438.000000,4881.000000,3925.000000,47523.000000
21405.000000,4849.000000,3846.000000,47502.000000
21358.000000,4791.000000,3813.000000,47478.000000
21344.000000,4754.000000,3742.000000,47434.000000
21261.000000,4715.000000,3718.000000,47411.000000
21211.000000,4673.000000,3654.000000,47402.000000
21171.000000,4655.000000,3570.000000,47333.000000
21100.000000,4609.000000,3533.000000,47328.000000
21069.000000,4533.000000,3502.000000,47322.000000
21059.000000,4536.000000,3429.000000,47267.000000
21000.000000,4465.000000,3427.000000,47240.000000
20989.000000,4423.000000,3338.000000,47178.000000
20910.000000,4373.000000,3248.000000,47202.000000
20862.000000,4369.000000,3198.000000,47129.000000
20821.000000,4323.000000,3178.000000,47136.000000
20743.000000,4283.000000,3136.000000,47077.000000
20689.000000,4243.000000,3083.000000,47067.000000
20617.000000,4188.000000,3007.000000,47051.000000
20579.000000,4161.000000,2936.000000,46965.000000
20555.000000,4113.000000,2856.000000,46954.000000
20516.000000,4089.000000,2810.000000,46898.000000
20541.000000,3982.000000,2757.000000,46922.000000
20561.000000,4010.000000,2729.000000,46886.000000
20645.000000,4013.000000,2733.000000,46897.000000
20729.000000,4000.000000,2749.000000,46894.000000
20795.000000,4042.000000,2796.000000,46929.000000
20895.000000,4061.000000,2857.000000,46959.000000
21025.000000,4120.000000,2977.000000,46991.000000
21078.000000,4185.000000,3057.000000,47074.000000
21206.000000,4302.000000,3173.000000,47150.000000
21311.000000,4393.000000,3296.000000,47187.000000
21419.000000,4455.000000,3423.000000,47289.000000
21526.000000,4538.000000,3508.000000,47326.000000
21678.000000,4653.000000,3664.000000,47409.000000
21740.000000,4730.000000,3772.000000,47491.000000
21867.000000,4823.000000,3903.000000,47539.000000
21977.000000,4913.000000,4037.000000,47645.000000
22073.000000,4982.000000,4157.000000,47686.000000
22042.000000,5044.000000,4312.000000,47733.000000
22016.000000,5196.000000,4418.000000,47832.000000
22001.000000,5259.000000,4441.000000,47846.000000
21980.000000,5251.000000,4452.000000,47844.000000
21930.000000,5246.000000,4455.000000,47851.000000
21897.000000,5235.000000,4450.000000,47803.000000
21866.000000,5197.000000,4369.000000,47786.000000
21808.000000,5118.000000,4315.000000,47756.000000
21790.000000,5100.000000,4264.000000,47730.000000
21745.000000,5097.000000,4263.000000,47743.000000
21694.000000,5060.000000,4200.000000,47722.000000
21702.000000,4993.000000,4162.000000,47705.000000
21631.000000,4997.000000,4124.000000,47622.000000
21568.000000,4977.000000,4066.000000,47618.000000
21571.000000,4948.000000,3999.000000,47590.000000
21488.000000,4887.000000,3960.000000,47595.000000
21474.000000,4878.000000,3920.000000,47535.000000
21405.000000,4853.000000,3892.000000,47519.000000
21383.000000,4788.000000,3842.000000,47526.000000
21336.000000,4795.000000,3820.000000,47486.000000
21268.000000,4746.000000,3722.000000,47430.000000
21202.000000,4699.000000,3671.000000,47406.000000
21152.000000,4662.000000,3632.000000,47410.000000
21087.000000,4609.000000,3542.000000,47345.000000
21073.000000,4561.000000,3492.000000,47293.000000
20991.000000,4508.000000,3447.000000,47278.000000
20968.000000,4419.000000,3414.000000,47245.000000
20886.000000,4435.000000,3329.000000,47234.000000
20830.000000,4391.000000,3253.000000,47174.000000
20803.000000,4341.000000,3203.000000,47133.000000
20747.000000,4296.000000,3162.000000,47115.000000
20678.000000,4270.000000,3099.000000,47100.000000
20646.000000,4227.000000,3028.000000,47033.000000
20610.000000,4179.000000,2947.000000,47018.000000
20535.000000,4105.000000,2926.000000,47012.000000
20521.000000,4090.000000,2840.000000,46952.000000
20525.000000,4030.000000,2829.000000,46930.000000
20483.000000,4005.000000,2781.000000,46923.000000
20536.000000,4004.000000,2763.000000,46909.000000
20513.000000,4003.000000,2727.000000,46898.000000
20690.000000,3985.000000,2711.000000,46886.000000
20717.000000,3999.000000,2718.000000,46884.000000
20736.000000,4046.000000,2828.000000,46901.000000
20825.000000,4109.000000,2952.000000,47051.000000
20931.000000,4165.000000,2974.000000,47046.000000
21038.000000,4156.000000,3037.000000,47060.000000
21139.000000,4253.000000,3138.000000,47120.000000
21265.000000,4342.000000,3256.000000,47186.000000
21354.000000,4412.000000,3360.000000,47243.000000
21478.000000,4527.000000,3519.000000,47320.000000
21596.000000,4627.000000,3647.000000,47408.000000
21704.000000,4699.000000,3775.000000,47488.000000
21824.000000,4792.000000,3914.000000,47551.000000
21918.000000,4911.000000,4013.000000,47614.000000
22029.000000,4977.000000,4161.000000,47715.000000
22079.000000,5049.000000,4246.000000,47749.000000
22100.000000,5118.000000,4413.000000,47821.000000
22109.000000,5232.000000,4519.000000,47876.000000
22103.000000,5303.000000,4590.000000,47901.000000
22043.000000,5313.000000,4622.000000,47909.000000
21982.000000,5351.000000,4618.000000,47920.000000
21934.000000,5323.000000,4555.000000,47892.000000
21887.000000,5290.000000,4489.000000,47856.000000
21910.000000,5220.000000,4473.000000,47806.000000
21867.000000,5178.000000,4411.000000,47818.000000
21796.000000,5139.000000,4357.000000,47808.000000
21758.000000,5131.000000,4306.000000,47784.000000
21668.000000,5129.000000,4306.000000,47757.000000
21625.000000,5083.000000,4252.000000,47727.000000
21612.000000,5002.000000,4145.000000,47681.000000
21568.000000,4979.000000,4080.000000,47665.000000
21455.000000,4948.000000,4046.000000,47635.000000
21434.000000,4887.000000,4004.000000,47578.000000
21435.000000,4840.000000,3927.000000,47547.000000
21322.000000,4752.000000,3842.000000,47514.000000
21329.000000,4778.000000,3769.000000,47534.000000
21280.000000,4747.000000,3809.000000,47514.000000
21205.000000,4695.000000,3741.000000,47467.000000
21114.000000,4647.000000,3659.000000,47374.000000
21087.000000,4602.000000,3608.000000,47388.000000
21073.000000,4569.000000,3515.000000,47328.000000
21005.000000,4480.000000,3416.000000,47278.000000
20958.000000,4453.000000,3414.000000,47251.000000
20896.000000,4433.000000,3380.000000,47267.000000
20864.000000,4394.000000,3335.000000,47192.000000
20811.000000,4347.000000,3246.000000,47186.000000
20779.000000,4277.000000,3177.000000,47190.000000
20701.000000,4230.000000,3123.000000,47106.000000
20699.000000,4241.000000,3104.000000,47083.000000
20704.000000,4189.000000,3070.000000,47092.000000
20632.000000,4171.000000,3041.000000,47052.000000
20616.000000,4143.000000,2998.000000,47033.000000
20571.000000,4127.000000,2963.000000,47034.000000
20508.000000,4117.000000,2950.000000,47023.000000
20443.000000,4070.000000,2879.000000,46994.000000
20386.000000,4100.000000,2864.000000,46973.000000
20401.000000,4006.000000,2781.000000,46961.000000
20465.000000,3965.000000,2738.000000,46910.000000
20509.000000,3874.000000,2640.000000,46852.000000
20637.000000,3909.000000,2684.000000,46872.000000
20733.000000,3975.000000,2742.000000,46916.000000
20816.000000,4001.000000,2799.000000,46948.000000
20899.000000,4110.000000,2951.000000,47016.000000
21039.000000,4150.000000,3071.000000,47087.000000
21076.000000,4273.000000,3141.000000,47156.000000
21179.000000,4364.000000,3318.000000,47244.000000
21305.000000,4419.000000,3413.000000,47310.000000
21418.000000,4473.000000,3487.000000,47330.000000
21571.000000,4513.000000,3620.000000,47412.000000
21703.000000,4666.000000,3756.000000,47475.000000
21781.000000,4732.000000,3884.000000,47552.000000
21868.000000,4853.000000,4039.000000,47657.000000
21945.000000,4925.000000,4172.000000,47709.000000
21981.000000,5021.000000,4270.000000,47774.000000
21954.000000,5084.000000,4392.000000,47831.000000
21940.000000,5157.000000,4432.000000,47825.000000
21946.000000,5179.000000,4472.000000,47849.000000
21950.000000,5158.000000,4464.000000,47855.000000
21906.000000,5169.000000,4404.000000,47842.000000
21904.000000,5162.000000,4438.000000,47809.000000
21903.000000,5128.000000,4418.000000,47842.000000
21873.000000,5139.000000,4420.000000,47819.000000
21804.000000,5130.000000,4401.000000,47807.000000
21778.000000,5111.000000,4356.000000,47797.000000
21777.000000,5118.000000,4346.000000,47819.000000
21776.000000,5061.000000,4292.000000,47799.000000
21755.000000,5088.000000,4280.000000,47745.000000
21777.000000,5053.000000,4274.000000,47748.000000
21758.000000,5047.000000,4270.000000,47738.000000
21734.000000,5039.000000,4261.000000,47750.000000
21724.000000,5051.000000,4272.000000,47764.000000
21698.000000,5025.000000,4257.000000,47758.000000
21675.000000,5014.000000,4236.000000,47727.000000
21584.000000,5019.000000,4185.000000,47695.000000
21541.000000,4987.000000,4184.000000,47685.000000
21479.000000,4985.000000,4136.000000,47659.000000
21407.000000,4920.000000,4046.000000,47630.000000
21407.000000,4884.000000,4006.000000,47612.000000
21282.000000,4853.000000,3927.000000,47550.000000
21228.000000,4785.000000,3866.000000,47548.000000
21187.000000,4768.000000,3836.000000,47489.000000
21102.000000,4714.000000,3741.000000,47466.000000
20983.000000,4699.000000,3692.000000,47444.000000
20898.000000,4577.000000,3589.000000,47417.000000
20836.000000,4564.000000,3547.000000,47355.000000
20721.000000,4439.000000,3406.000000,47265.000000
20659.000000,4345.000000,3328.000000,47229.000000
20593.000000,4258.000000,3160.000000,47154.000000
20525.000000,4207.000000,3072.000000,47098.000000
20481.000000,4148.000000,3038.000000,47064.000000
20500.000000,4118.000000,2995.000000,47039.000000
20547.000000,4075.000000,2896.000000,46978.000000
20615.000000,4004.000000,2852.000000,46966.000000
20669.000000,4002.000000,2859.000000,46965.000000
20730.000000,4071.000000,2948.000000,47006.000000
20835.000000,4138.000000,2990.000000,47027.000000
20983.000000,4168.000000,3058.000000,47096.000000
21152.000000,4214.000000,3167.000000,47148.000000
21232.000000,4315.000000,3264.000000,47208.000000
21397.000000,4399.000000,3412.000000,47317.000000
21523.000000,4524.000000,3641.000000,47412.000000
21627.000000,4687.000000,3766.000000,47490.000000
21773.000000,4735.000000,3919.000000,47564.000000
21850.000000,4858.000000,4032.000000,47653.000000
21981.000000,4971.000000,4247.000000,47739.000000
22025.000000,5077.000000,4318.000000,47775.000000
22120.000000,5136.000000,4461.000000,47887.000000
22119.000000,5245.000000,4582.000000,47923.000000
22091.000000,5288.000000,4701.000000,47988.000000
22082.000000,5338.000000,4696.000000,47995.000000
22011.000000,5344.000000,4720.000000,48010.000000
22025.000000,5355.000000,4673.000000,47970.000000
22012.000000,5296.000000,4650.000000,47942.000000
21953.000000,5294.000000,4627.000000,47929.000000
21929.000000,5273.000000,4617.000000,47926.000000
21878.000000,5271.000000,4589.000000,47907.000000
21876.000000,5225.000000,4509.000000,47887.000000
21839.000000,5200.000000,4488.000000,47853.000000
21792.000000,5185.000000,4397.000000,47838.000000
21765.000000,5133.000000,4432.000000,47833.000000
21725.000000,5130.000000,4411.000000,47809.000000
21700.000000,5092.000000,4337.000000,47821.000000
21671.000000,5051.000000,4285.000000,47748.000000
21662.000000,5016.000000,4243.000000,47710.000000
21562.000000,5017.000000,4221.000000,47740.000000
21562.000000,4990.000000,4184.000000,47719.000000
21467.000000,4944.000000,4129.000000,47703.000000
21434.000000,4920.000000,4120.000000,47658.000000
21424.000000,4889.000000,4043.000000,47602.000000
21381.000000,4846.000000,3969.000000,47600.000000
21352.000000,4782.000000,3936.000000,47586.000000
21298.000000,4820.000000,3949.000000,47561.000000
21243.000000,4736.000000,3893.000000,47528.000000
21177.000000,4745.000000,3826.000000,47487.000000
21160.000000,4707.000000,3760.000000,47468.000000
21151.000000,4656.000000,3734.000000,47469.000000
21086.000000,4554.000000,3602.000000,47425.000000
21080.000000,4571.000000,3605.000000,47406.000000
21069.000000,4531.000000,3597.000000,47373.000000
21015.000000,4531.000000,3583.000000,47371.000000
20918.000000,4489.000000,3511.000000,47347.000000
20899.000000,4462.000000,3482.000000,47362.000000
20863.000000,4458.000000,3441.000000,47320.000000
20854.000000,4426.000000,3414.000000,47283.000000
20793.000000,4358.000000,3336.000000,47238.000000
20739.000000,4304.000000,3310.000000,47210.000000
20756.000000,4280.000000,3257.000000,47187.000000
20737.000000,4307.000000,3223.000000,47177.000000
20713.000000,4253.000000,3196.000000,47161.000000
20677.000000,4217.000000,3142.000000,47153.000000
20690.000000,4225.000000,3139.000000,47110.000000
20721.000000,4193.000000,3131.000000,47125.000000
20805.000000,4190.000000,3155.000000,47149.000000
20887.000000,4223.000000,3146.000000,47138.000000
20966.000000,4262.000000,3175.000000,47155.000000
21030.000000,4277.000000,3278.000000,47213.000000
21066.000000,4335.000000,3343.000000,47246.000000
21230.000000,4417.000000,3422.000000,47303.000000
21377.000000,4486.000000,3529.000000,47373.000000
21359.000000,4531.000000,3611.000000,47418.000000
21476.000000,4613.000000,3749.000000,47495.000000
21574.000000,4754.000000,3905.000000,47557.000000
21718.000000,4767.000000,3903.000000,47590.000000
21793.000000,4829.000000,4046.000000,47658.000000
21900.000000,4939.000000,4161.000000,47728.000000
21948.000000,5034.000000,4297.000000,47758.000000
21982.000000,5112.000000,4426.000000,47861.000000
21972.000000,5127.000000,4511.000000,47861.000000
21941.000000,5243.000000,4590.000000,47950.000000
21954.000000,5259.000000,4595.000000,47937.000000
21891.000000,5250.000000,4580.000000,47891.000000
21834.000000,5216.000000,4578.000000,47908.000000
21857.000000,5170.000000,4531.000000,47899.000000
21808.000000,5190.000000,4467.000000,47872.000000
21751.000000,5144.000000,4451.000000,47848.000000
21740.000000,5120.000000,4387.000000,47791.000000
21724.000000,5113.000000,4307.000000,47792.000000
21662.000000,5065.000000,4312.000000,47765.000000
21658.000000,5029.000000,4264.000000,47753.000000
21605.000000,5028.000000,4254.000000,47728.000000
21598.000000,4949.000000,4163.000000,47726.000000
21591.000000,4972.000000,4175.000000,47664.000000
21558.000000,4959.000000,4196.000000,47704.000000
21462.000000,4937.000000,4141.000000,47681.000000
21431.000000,4934.000000,4068.000000,47634.000000
21419.000000,4882.000000,4035.000000,47633.000000
21309.000000,4874.000000,3988.000000,47615.000000
21270.000000,4810.000000,3925.000000,47602.000000
21257.000000,4751.000000,3888.000000,47536.000000
21201.000000,4729.000000,3820.000000,47542.000000
21188.000000,4685.000000,3798.000000,47497.000000
21125.000000,4640.000000,3736.000000,47480.000000
21052.000000,4656.000000,3684.000000,47474.000000
21074.000000,4589.000000,3652.000000,47406.000000
21062.000000,4548.000000,3608.000000,47385.000000
21019.000000,4481.000000,3523.000000,47379.000000
20998.000000,4461.000000,3546.000000,47367.000000
20963.000000,4497.000000,3505.000000,47324.000000
20897.000000,4422.000000,3460.000000,47314.000000
20877.000000,4424.000000,3412.000000,47289.000000
20794.000000,4407.000000,3440.000000,47307.000000
20754.000000,4370.000000,3341.000000,47254.000000
20731.000000,4341.000000,3305.000000,47237.000000
20699.000000,4296.000000,3273.000000,47202.000000
20656.000000,4254.000000,3192.000000,47196.000000
20650.000000,4228.000000,3156.000000,47135.000000
20659.000000,4228.000000,3110.000000,47123.000000
20698.000000,4157.000000,3107.000000,47104.000000
20708.000000,4135.000000,3059.000000,47110.000000
20802.000000,4164.000000,3045.000000,47087.000000
20872.000000,4150.000000,3111.000000,47104.000000
21012.000000,4189.000000,3152.000000,47137.000000
21052.000000,4265.000000,3251.000000,47204.000000
21116.000000,4334.000000,3313.000000,47248.000000
21227.000000,4452.000000,3493.000000,47350.000000
21366.000000,4470.000000,3508.000000,47370.000000
21539.000000,4539.000000,3599.000000,47444.000000
21632.000000,4670.000000,3766.000000,47493.000000
21764.000000,4805.000000,3955.000000,47582.000000
21879.000000,4892.000000,4096.000000,47669.000000
21974.000000,4932.000000,4203.000000,47762.000000
22079.000000,5044.000000,4321.000000,47831.000000
22172.000000,5147.000000,4455.000000,47885.000000
22220.000000,5206.000000,4608.000000,47989.000000
22201.000000,5342.000000,4694.000000,48005.000000
22160.000000,5372.000000,4779.000000,48021.000000
22178.000000,5424.000000,4832.000000,48102.000000
22135.000000,5442.000000,4841.000000,48074.000000
22118.000000,5421.000000,4810.000000,48058.000000
22052.000000,5373.000000,4747.000000,48039.000000
22019.000000,5369.000000,4735.000000,48015.000000
21959.000000,5367.000000,4703.000000,48002.000000
21914.000000,5315.000000,4639.000000,47942.000000
21880.000000,5276.000000,4601.000000,47922.000000
21845.000000,5233.000000,4544.000000,47900.000000
21779.000000,5214.000000,4480.000000,47861.000000
21718.000000,5138.000000,4434.000000,47844.000000
21699.000000,5102.000000,4382.000000,47820.000000
21647.000000,5090.000000,4326.000000,47793.000000
21603.000000,5058.000000,4264.000000,47780.000000
21564.000000,5008.000000,4187.000000,47720.000000
21518.000000,4958.000000,4161.000000,47678.000000
21486.000000,4906.000000,4066.000000,47676.000000
21463.000000,4908.000000,4049.000000,47637.000000
21404.000000,4841.000000,4014.000000,47628.000000
21356.000000,4840.000000,3968.000000,47625.000000
21288.000000,4779.000000,3910.000000,47581.000000
21213.000000,4759.000000,3861.000000,47520.000000
21182.000000,4697.000000,3798.000000,47527.000000
21135.000000,4674.000000,3747.000000,47472.000000
21109.000000,4626.000000,3682.000000,47449.000000
21090.000000,4580.000000,3621.000000,47416.000000
21025.000000,4559.000000,3612.000000,47387.000000
20987.000000,4526.000000,3532.000000,47355.000000
20933.000000,4490.000000,3477.000000,47356.000000
20922.000000,4424.000000,3446.000000,47314.000000
20866.000000,4401.000000,3430.000000,47325.000000
20836.000000,4361.000000,3360.000000,47278.000000
20803.000000,4344.000000,3298.000000,47261.000000
20737.000000,4340.000000,3260.000000,47226.000000
20669.000000,4295.000000,3262.000000,47187.000000
20637.000000,4248.000000,3154.000000,47170.000000
20640.000000,4221.000000,3110.000000,47113.000000
20655.000000,4161.000000,3108.000000,47145.000000
20674.000000,4144.000000,3054.000000,47076.000000
20680.000000,4110.000000,3007.000000,47073.000000
20760.000000,4114.000000,2999.000000,47080.000000
20757.000000,4151.000000,3079.000000,47113.000000
20836.000000,4162.000000,3068.000000,47129.000000
20972.000000,4191.000000,3146.000000,47148.000000
21038.000000,4231.000000,3182.000000,47211.000000
21244.000000,4310.000000,3288.000000,47210.000000
21266.000000,4406.000000,3395.000000,47315.000000
21266.000000,4495.000000,3515.000000,47344.000000
21387.000000,4622.000000,3735.000000,47479.000000
21492.000000,4669.000000,3783.000000,47495.000000
21628.000000,4658.000000,3788.000000,47529.000000
21812.000000,4757.000000,3910.000000,47592.000000
21858.000000,4857.000000,4026.000000,47646.000000
21887.000000,4945.000000,4156.000000,47727.000000
21968.000000,5062.000000,4363.000000,47861.000000
22047.000000,5130.000000,4393.000000,47878.000000
22124.000000,5126.000000,4487.000000,47886.000000
22160.000000,5234.000000,4537.000000,47921.000000
22168.000000,5292.000000,4673.000000,47986.000000
22094.000000,5322.000000,4707.000000,47998.000000
22070.000000,5378.000000,4740.000000,48030.000000
22029.000000,5395.000000,4732.000000,48015.000000
21982.000000,5321.000000,4668.000000,47994.000000
21930.000000,5318.000000,4650.000000,47971.000000
21885.000000,5267.000000,4572.000000,47975.000000
21841.000000,5230.000000,4527.000000,47920.000000
21805.000000,5184.000000,4472.000000,47874.000000
21780.000000,5158.000000,4447.000000,47903.000000
21743.000000,5141.000000,4406.000000,47817.000000
21683.000000,5126.000000,4360.000000,47822.000000
21665.000000,5061.000000,4281.000000,47780.000000
21619.000000,5023.000000,4280.000000,47748.000000
21586.000000,4998.000000,4195.000000,47752.000000
21502.000000,4954.000000,4131.000000,47696.000000
21482.000000,4884.000000,4099.000000,47673.000000
21421.000000,4905.000000,4009.000000,47637.000000
21385.000000,4863.000000,3969.000000,47620.000000
21311.000000,4782.000000,3916.000000,47583.000000
21236.000000,4792.000000,3840.000000,47533.000000
21219.000000,4729.000000,3827.000000,47532.000000
21160.000000,4716.000000,3746.000000,47487.000000
21150.000000,4636.000000,3728.000000,47479.000000
21056.000000,4570.000000,3660.000000,47454.000000
21056.000000,4524.000000,3581.000000,47428.000000
21062.000000,4534.000000,3532.000000,47367.000000
20991.000000,4457.000000,3462.000000,47295.000000
20956.000000,4448.000000,3461.000000,47317.000000
20894.000000,4417.000000,3453.000000,47310.000000
20846.000000,4384.000000,3404.000000,47274.000000
20814.000000,4368.000000,3320.000000,47259.000000
20788.000000,4315.000000,3294.000000,47232.000000
20718.000000,4288.000000,3261.000000,47203.000000
20711.000000,4231.000000,3197.000000,47177.000000
20647.000000,4197.000000,3131.000000,47140.000000
20629.000000,4175.000000,3126.000000,47139.000000
20614.000000,4176.000000,3067.000000,47143.000000
20592.000000,4119.000000,3026.000000,47084.000000
20654.000000,4108.000000,3021.000000,47069.000000
20731.000000,4080.000000,3000.000000,47081.000000
20815.000000,4119.000000,3020.000000,47077.000000
20897.000000,4154.000000,3080.000000,47093.000000
21050.000000,4181.000000,3138.000000,47163.000000
21170.000000,4264.000000,3258.000000,47214.000000
21319.000000,4319.000000,3377.000000,47289.000000
21475.000000,4458.000000,3493.000000,47389.000000
21602.000000,4551.000000,3626.000000,47455.000000
21748.000000,4660.000000,3802.000000,47560.000000
21882.000000,4808.000000,3929.000000,47653.000000
21990.000000,4936.000000,4141.000000,47743.000000
22150.000000,5024.000000,4322.000000,47817.000000
22217.000000,5182.000000,4508.000000,47928.000000
22325.000000,5265.000000,4620.000000,47979.000000
22461.000000,5374.000000,4783.000000,48099.000000
22539.000000,5390.000000,4870.000000,48129.000000
22607.000000,5522.000000,4993.000000,48179.000000
22617.000000,5609.000000,5058.000000,48263.000000
22605.000000,5686.000000,5184.000000,48285.000000
22558.000000,5721.000000,5261.000000,48330.000000
22483.000000,5765.000000,5207.000000,48304.000000
22457.000000,5754.000000,5238.000000,48312.000000
22400.000000,5684.000000,5172.000000,48296.000000
22366.000000,5660.000000,5119.000000,48253.000000
22363.000000,5618.000000,5029.000000,48221.000000
22333.000000,5583.000000,5024.000000,48183.000000
22324.000000,5553.000000,4994.000000,48149.000000
22292.000000,5539.000000,4937.000000,48132.000000
22249.000000,5526.000000,4942.000000,48145.000000
22187.000000,5519.000000,4896.000000,48120.000000
22173.000000,5476.000000,4878.000000,48112.000000
22119.000000,5413.000000,4818.000000,48072.000000
22071.000000,5395.000000,4800.000000,48061.000000
22040.000000,5360.000000,4736.000000,48029.000000
22056.000000,5337.000000,4683.000000,48027.000000
21992.000000,5290.000000,4607.000000,47950.000000
21957.000000,5263.000000,4570.000000,47951.000000
21890.000000,5252.000000,4570.000000,47922.000000
21806.000000,5200.000000,4509.000000,47905.000000
21728.000000,5183.000000,4450.000000,47886.000000
21748.000000,5125.000000,4382.000000,47820.000000
21695.000000,5088.000000,4310.000000,47797.000000
21655.000000,5013.000000,4217.000000,47750.000000
21646.000000,4977.000000,4200.000000,47729.000000
21581.000000,5020.000000,4191.000000,47731.000000
21441.000000,4960.000000,4113.000000,47726.000000
21454.000000,4913.000000,4071.000000,47651.000000
21385.000000,4838.000000,4001.000000,47630.000000
21352.000000,4800.000000,3901.000000,47577.000000
21342.000000,4790.000000,3862.000000,47542.000000
21266.000000,4768.000000,3846.000000,47569.000000
21196.000000,4740.000000,3801.000000,47503.000000
21164.000000,4667.000000,3740.000000,47491.000000
21091.000000,4633.000000,3663.000000,47473.000000
21081.000000,4562.000000,3601.000000,47410.000000
20983.000000,4554.000000,3534.000000,47393.000000
20982.000000,4491.000000,3473.000000,47353.000000
20972.000000,4438.000000,3462.000000,47336.000000
20908.000000,4383.000000,3360.000000,47282.000000
20852.000000,4358.000000,3324.000000,47257.000000
20806.000000,4378.000000,3312.000000,47263.000000
20729.000000,4347.000000,3258.000000,47282.000000
20713.000000,4281.000000,3202.000000,47217.000000
20697.000000,4237.000000,3137.000000,47154.000000
20795.000000,4175.000000,3091.000000,47156.000000
20810.000000,4183.000000,3023.000000,47109.000000
20834.000000,4169.000000,3061.000000,47132.000000
20927.000000,4240.000000,3169.000000,47168.000000
20939.000000,4250.000000,3158.000000,47159.000000
21050.000000,4269.000000,3182.000000,47180.000000
21098.000000,4272.000000,3249.000000,47227.000000
21133.000000,4384.000000,3351.000000,47304.000000
21320.000000,4429.000000,3414.000000,47314.000000
21312.000000,4469.000000,3482.000000,47346.000000
21372.000000,4533.000000,3562.000000,47399.000000
21439.000000,4635.000000,3716.000000,47487.000000
21467.000000,4678.000000,3761.000000,47501.000000
21494.000000,4713.000000,3799.000000,47520.000000
21435.000000,4810.000000,3881.000000,47596.000000
21387.000000,4795.000000,3898.000000,47598.000000
21362.000000,4781.000000,3900.000000,47572.000000
21341.000000,4800.000000,3867.000000,47586.000000
21297.000000,4766.000000,3840.000000,47524.000000
21251.000000,4721.000000,3792.000000,47536.000000
21189.000000,4683.000000,3734.000000,47476.000000
21141.000000,4637.000000,3669.000000,47462.000000
21129.000000,4609.000000,3646.000000,47459.000000
21171.000000,4575.000000,3590.000000,47422.000000
21078.000000,4543.000000,3530.000000,47377.000000
21101.000000,4523.000000,3530.000000,47393.000000
21045.000000,4488.000000,3496.000000,47376.000000
20956.000000,4509.000000,3482.000000,47365.000000
21032.000000,4490.000000,3455.000000,47360.000000
20964.000000,4434.000000,3372.000000,47292.000000
20959.000000,4399.000000,3352.000000,47293.000000
20844.000000,4404.000000,3326.000000,47271.000000
20873.000000,4366.000000,3280.000000,47253.000000
20860.000000,4343.000000,3262.000000,47250.000000
20744.000000,4319.000000,3235.000000,47238.000000
20646.000000,4301.000000,3186.000000,47194.000000
20578.000000,4266.000000,3151.000000,47171.000000
20523.000000,4186.000000,3107.000000,47135.000000
20544.000000,4126.000000,2993.000000,47060.000000
20580.000000,4099.000000,2918.000000,47043.000000
20581.000000,4055.000000,2876.000000,47025.000000
20666.000000,4026.000000,2857.000000,47030.000000
20760.000000,4089.000000,2908.000000,47015.000000
20843.000000,4090.000000,2957.000000,47056.000000
20948.000000,4165.000000,3035.000000,47121.000000
21050.000000,4274.000000,3161.000000,47188.000000
21178.000000,4291.000000,3170.000000,47205.000000
21295.000000,4345.000000,3284.000000,47279.000000
21425.000000,4459.000000,3454.000000,47359.000000
21537.000000,4555.000000,3578.000000,47419.000000
21673.000000,4630.000000,3750.000000,47500.000000
21759.000000,4748.000000,3873.000000,47567.000000
21853.000000,4856.000000,3962.000000,47643.000000
21988.000000,4964.000000,4158.000000,47749.000000
22104.000000,5006.000000,4246.000000,47811.000000
22221.000000,5121.000000,4391.000000,47866.000000
22358.000000,5216.000000,4516.000000,47959.000000
22373.000000,5305.000000,4654.000000,48001.000000
22414.000000,5402.000000,4786.000000,48083.000000
22349.000000,5476.000000,4897.000000,48132.000000
22310.000000,5557.000000,4948.000000,48184.000000
22261.000000,5570.000000,4984.000000,48160.000000
22245.000000,5513.000000,4920.000000,48162.000000
22186.000000,5527.000000,4875.000000,48117.000000
22142.000000,5428.000000,4809.000000,48078.000000
22070.000000,5445.000000,4767.000000,48057.000000
22062.000000,5351.000000,4729.000000,48038.000000
21984.000000,5378.000000,4677.000000,48008.000000
21939.000000,5307.000000,4633.000000,47994.000000
21880.000000,5323.000000,4558.000000,47970.000000
21839.000000,5211.000000,4501.000000,47922.000000
21782.000000,5202.000000,4422.000000,47872.000000
21749.000000,5165.000000,4362.000000,47816.000000
21697.000000,5107.000000,4294.000000,47823.000000
21652.000000,5075.000000,4228.000000,47772.000000
21616.000000,5052.000000,4256.000000,47753.000000
21532.000000,5008.000000,4131.000000,47706.000000
21496.000000,4920.000000,4130.000000,47684.000000
21406.000000,4893.000000,4050.000000,47646.000000
21362.000000,4878.000000,3968.000000,47628.000000
21318.000000,4816.000000,3920.000000,47583.000000
21251.000000,4789.000000,3851.000000,47567.000000
21189.000000,4702.000000,3780.000000,47519.000000
21119.000000,4679.000000,3713.000000,47483.000000
21073.000000,4655.000000,3615.000000,47432.000000
21004.000000,4555.000000,3562.000000,47386.000000
20942.000000,4508.000000,3504.000000,47334.000000
20905.000000,4463.000000,3421.000000,47355.000000
20847.000000,4400.000000,3378.000000,47337.000000
20794.000000,4357.000000,3287.000000,47234.000000
20698.000000,4287.000000,3213.000000,47207.000000
20623.000000,4243.000000,3123.000000,47195.000000
20609.000000,4202.000000,3109.000000,47151.000000
20550.000000,4157.000000,3019.000000,47096.000000
20487.000000,4088.000000,2954.000000,47050.000000
20414.000000,4063.000000,2941.000000,47053.000000
20445.000000,4032.000000,2844.000000,46996.000000
20484.000000,3987.000000,2769.000000,46976.000000
20559.000000,3926.000000,2707.000000,46941.000000
20581.000000,3946.000000,2709.000000,46939.000000
20634.000000,3993.000000,2793.000000,46949.000000
20747.000000,4054.000000,2897.000000,47011.000000
20880.000000,4062.000000,2920.000000,47074.000000
21034.000000,4062.000000,2986.000000,47089.000000
21133.000000,4171.000000,3092.000000,47179.000000
21279.000000,4277.000000,3245.000000,47252.000000
21359.000000,4444.000000,3437.000000,47345.000000
21535.000000,4564.000000,3582.000000,47442.000000
21661.000000,4651.000000,3716.000000,47496.000000
21777.000000,4753.000000,3870.000000,47588.000000
21916.000000,4866.000000,4016.000000,47653.000000
22004.000000,4943.000000,4168.000000,47749.000000
22105.000000,5064.000000,4290.000000,47835.000000
22210.000000,5119.000000,4445.000000,47894.000000
22186.000000,5221.000000,4562.000000,47985.000000
22180.000000,5309.000000,4662.000000,48029.000000
22145.000000,5407.000000,4741.000000,48078.000000
22053.000000,5385.000000,4765.000000,48070.000000
22053.000000,5367.000000,4746.000000,48006.000000
21955.000000,5318.000000,4649.000000,47968.000000
21925.000000,5238.000000,4607.000000,48000.000000
21889.000000,5247.000000,4530.000000,47929.000000
21832.000000,5203.000000,4491.000000,47910.000000
21784.000000,5187.000000,4446.000000,47884.000000
21743.000000,5132.000000,4386.000000,47843.000000
21657.000000,5111.000000,4319.000000,47820.000000
21640.000000,5041.000000,4250.000000,47780.000000
21583.000000,4991.000000,4192.000000,47747.000000
21560.000000,4951.000000,4129.000000,47730.000000
21519.000000,4917.000000,4048.000000,47674.000000
21463.000000,4906.000000,4029.000000,47663.000000
21397.000000,4856.000000,3984.000000,47657.000000
21301.000000,4859.000000,3911.000000,47617.000000
21274.000000,4789.000000,3825.000000,47569.000000
21155.000000,4713.000000,3778.000000,47531.000000
21147.000000,4677.000000,3733.000000,47518.000000
21109.000000,4590.000000,3641.000000,47453.000000
21025.000000,4476.000000,3512.000000,47389.000000
20951.000000,4485.000000,3509.000000,47382.000000
20920.000000,4451.000000,3464.000000,47345.000000
20918.000000,4405.000000,3402.000000,47351.000000
20857.000000,4370.000000,3323.000000,47286.000000
20864.000000,4298.000000,3290.000000,47246.000000
20817.000000,4307.000000,3227.000000,47211.000000
20770.000000,4258.000000,3192.000000,47219.000000
20736.000000,4270.000000,3185.000000,47162.000000
20639.000000,4226.000000,3152.000000,47188.000000
20561.000000,4206.000000,3125.000000,47169.000000
20513.000000,4139.000000,3090.000000,47124.000000
20428.000000,4069.000000,2978.000000,47110.000000
20348.000000,4076.000000,2943.000000,47083.000000
20324.000000,4022.000000,2852.000000,47003.000000
20304.000000,3962.000000,2754.000000,46928.000000
20405.000000,3858.000000,2671.000000,46940.000000
20433.000000,3815.000000,2587.000000,46898.000000
20434.000000,3798.000000,2603.000000,46899.000000
20522.000000,3920.000000,2698.000000,46946.000000
20610.000000,3911.000000,2743.000000,46963.000000
20743.000000,3925.000000,2759.000000,47007.000000
20841.000000,4008.000000,2831.000000,47011.000000
20959.000000,4072.000000,2994.000000,47105.000000
21068.000000,4188.000000,3079.000000,47143.000000
21174.000000,4287.000000,3231.000000,47223.000000
21283.000000,4329.000000,3377.000000,47290.000000
21402.000000,4435.000000,3469.000000,47362.000000
21493.000000,4579.000000,3607.000000,47443.000000
21662.000000,4650.000000,3748.000000,47509.000000
21746.000000,4770.000000,3865.000000,47612.000000
21779.000000,4827.000000,4036.000000,47671.000000
21793.000000,4916.000000,4186.000000,47760.000000
21762.000000,4996.000000,4251.000000,47788.000000
21793.000000,5021.000000,4300.000000,47816.000000
21758.000000,5038.000000,4283.000000,47804.000000
21756.000000,5050.000000,4290.000000,47798.000000
21714.000000,5033.000000,4279.000000,47799.000000
21638.000000,5038.000000,4266.000000,47811.000000
21653.000000,4962.000000,4217.000000,47730.000000
21591.000000,4993.000000,4195.000000,47747.000000
21589.000000,4948.000000,4143.000000,47745.000000
21543.000000,4944.000000,4136.000000,47699.000000
21522.000000,4884.000000,4089.000000,47696.000000
21464.000000,4873.000000,4093.000000,47635.000000
21488.000000,4898.000000,4021.000000,47682.000000
21408.000000,4841.000000,4000.000000,47646.000000
21387.000000,4811.000000,3969.000000,47609.000000
21295.000000,4785.000000,3899.000000,47596.000000
21272.000000,4767.000000,3865.000000,47584.000000
21220.000000,4716.000000,3806.000000,47542.000000
21135.000000,4684.000000,3776.000000,47500.000000
21132.000000,4654.000000,3739.000000,47512.000000
21038.000000,4591.000000,3664.000000,47469.000000
20961.000000,4535.000000,3606.000000,47445.000000
20899.000000,4519.000000,3512.000000,47411.000000
20845.000000,4441.000000,3430.000000,47340.000000
20850.000000,4411.000000,3364.000000,47283.000000
20798.000000,4328.000000,3320.000000,47261.000000
20753.000000,4267.000000,3204.000000,47211.000000
20711.000000,4268.000000,3200.000000,47201.000000
20688.000000,4220.000000,3166.000000,47160.000000
20591.000000,4237.000000,3145.000000,47168.000000
20528.000000,4183.000000,3083.000000,47147.000000
20550.000000,4145.000000,3014.000000,47104.000000
20508.000000,4083.000000,2978.000000,47072.000000
20463.000000,4045.000000,2901.000000,47030.000000
20413.000000,4025.000000,2895.000000,47016.000000
20378.000000,4029.000000,2799.000000,47005.000000
20372.000000,3944.000000,2784.000000,46965.000000
20411.000000,3919.000000,2751.000000,46947.000000
20414.000000,3915.000000,2745.000000,46980.000000
20496.000000,3912.000000,2693.000000,46962.000000
20594.000000,3907.000000,2749.000000,46955.000000
20608.000000,3976.000000,2806.000000,47005.000000
20758.000000,3993.000000,2864.000000,47035.000000
20849.000000,4070.000000,2986.000000,47084.000000
20973.000000,4117.000000,3001.000000,47141.000000
21058.000000,4200.000000,3159.000000,47179.000000
21188.000000,4305.000000,3290.000000,47238.000000
21314.000000,4397.000000,3419.000000,47347.000000
21431.000000,4462.000000,3557.000000,47424.000000
21565.000000,4580.000000,3656.000000,47485.000000
21709.000000,4678.000000,3840.000000,47573.000000
21808.000000,4809.000000,3934.000000,47672.000000
21909.000000,4876.000000,4106.000000,47725.000000
21972.000000,4971.000000,4268.000000,47817.000000
22016.000000,5075.000000,4384.000000,47884.000000
22032.000000,5174.000000,4492.000000,47966.000000
22015.000000,5238.000000,4589.000000,47983.000000
21990.000000,5258.000000,4624.000000,47969.000000
21951.000000,5299.000000,4663.000000,48011.000000
21925.000000,5260.000000,4605.000000,48013.000000
21879.000000,5245.000000,4585.000000,47982.000000
21863.000000,5214.000000,4540.000000,47942.000000
21808.000000,5166.000000,4498.000000,47941.000000
21736.000000,5163.000000,4468.000000,47918.000000
21723.000000,5119.000000,4404.000000,47879.000000
21642.000000,5092.000000,4334.000000,47852.000000
21597.000000,5045.000000,4288.000000,47776.000000
21588.000000,5001.000000,4195.000000,47760.000000
21490.000000,4951.000000,4141.000000,47725.000000
21470.000000,4943.000000,4122.000000,47717.000000
21397.000000,4899.000000,4083.000000,47676.000000
21358.000000,4826.000000,3989.000000,47664.000000
21282.000000,4795.000000,3942.000000,47623.000000
21218.000000,4732.000000,3870.000000,47597.000000
21171.000000,4685.000000,3816.000000,47543.000000
21126.000000,4659.000000,3749.000000,47519.000000
21086.000000,4607.000000,3698.000000,47509.000000
20943.000000,4541.000000,3637.000000,47452.000000
20951.000000,4506.000000,3569.000000,47438.000000
20913.000000,4478.000000,3507.000000,47385.000000
20865.000000,4371.000000,3391.000000,47326.000000
20812.000000,4350.000000,3382.000000,47298.000000
20746.000000,4376.000000,3322.000000,47301.000000
20691.000000,4304.000000,3240.000000,47258.000000
20651.000000,4234.000000,3195.000000,47214.000000
20647.000000,4180.000000,3134.000000,47190.000000
20594.000000,4163.000000,3099.000000,47150.000000
20525.000000,4154.000000,3079.000000,47150.000000
20453.000000,4109.000000,3043.000000,47120.000000
20448.000000,4101.000000,2959.000000,47052.000000
20429.000000,4032.000000,2953.000000,47057.000000
20461.000000,3969.000000,2844.000000,47021.000000
20534.000000,3976.000000,2835.000000,47018.000000
20585.000000,3975.000000,2809.000000,47040.000000
20682.000000,3976.000000,2881.000000,47053.000000
20786.000000,4001.000000,2921.000000,47077.000000
20859.000000,4118.000000,3061.000000,47169.000000
20993.000000,4167.000000,3145.000000,47175.000000
21094.000000,4255.000000,3243.000000,47247.000000
21174.000000,4311.000000,3340.000000,47322.000000
21305.000000,4391.000000,3503.000000,47406.000000
21349.000000,4513.000000,3608.000000,47465.000000
21471.000000,4592.000000,3758.000000,47559.000000
21547.000000,4714.000000,3890.000000,47632.000000
21700.000000,4707.000000,3901.000000,47645.000000
21762.000000,4829.000000,4065.000000,47717.000000
21872.000000,4933.000000,4198.000000,47797.000000
21902.000000,4990.000000,4306.000000,47873.000000
22000.000000,5090.000000,4424.000000,47913.000000
22072.000000,5181.000000,4547.000000,47951.000000
22072.000000,5181.000000,4576.000000,47962.000000
22054.000000,5239.000000,4633.000000,47999.000000
22048.000000,5314.000000,4712.000000,48059.000000
22012.000000,5300.000000,4737.000000,48082.000000
21952.000000,5307.000000,4687.000000,48040.000000
21947.000000,5333.000000,4677.000000,48007.000000
21907.000000,5244.000000,4620.000000,47988.000000
21853.000000,5216.000000,4565.000000,47968.000000
21837.000000,5214.000000,4574.000000,47956.000000
21814.000000,5188.000000,4500.000000,47953.000000
21746.000000,5166.000000,4478.000000,47931.000000
21696.000000,5133.000000,4456.000000,47903.000000
21647.000000,5087.000000,4379.000000,47877.000000
21619.000000,5042.000000,4333.000000,47822.000000
21600.000000,5002.000000,4282.000000,47833.000000
21571.000000,4986.000000,4219.000000,47787.000000
21477.000000,4951.000000,4239.000000,47762.000000
21474.000000,4912.000000,4173.000000,47720.000000
21427.000000,4905.000000,4123.000000,47724.000000
21436.000000,4869.000000,4069.000000,47666.000000
21402.000000,4867.000000,4023.000000,47673.000000
21339.000000,4806.000000,3948.000000,47655.000000
21320.000000,4803.000000,3955.000000,47638.000000
21282.000000,4783.000000,3959.000000,47603.000000
21216.000000,4728.000000,3900.000000,47593.000000
21163.000000,4697.000000,3853.000000,47566.000000
21119.000000,4692.000000,3831.000000,47545.000000
21088.000000,4658.000000,3752.000000,47520.000000
21093.000000,4635.000000,3711.000000,47542.000000
21055.000000,4532.000000,3643.000000,47479.000000
21027.000000,4554.000000,3629.000000,47447.000000
20968.000000,4544.000000,3607.000000,47427.000000
20962.000000,4510.000000,3567.000000,47416.000000
20901.000000,4493.000000,3541.000000,47402.000000
20853.000000,4484.000000,3481.000000,47394.000000
20845.000000,4430.000000,3445.000000,47378.000000
20764.000000,4372.000000,3426.000000,47316.000000
20729.000000,4367.000000,3416.000000,47331.000000
20692.000000,4316.000000,3343.000000,47297.000000
20662.000000,4280.000000,3308.000000,47248.000000
20656.000000,4237.000000,3227.000000,47199.000000
20674.000000,4232.000000,3174.000000,47197.000000
20694.000000,4209.000000,3156.000000,47182.000000
20784.000000,4192.000000,3159.000000,47187.000000
20866.000000,4213.000000,3190.000000,47204.000000
20948.000000,4232.000000,3251.000000,47262.000000
21001.000000,4311.000000,3345.000000,47289.000000
21105.000000,4361.000000,3423.000000,47339.000000
21170.000000,4370.000000,3507.000000,47387.000000
21176.000000,4472.000000,3569.000000,47452.000000
21277.000000,4555.000000,3695.000000,47494.000000
21397.000000,4606.000000,3826.000000,47569.000000
21441.000000,4616.000000,3797.000000,47580.000000
21515.000000,4743.000000,3909.000000,47624.000000
21630.000000,4810.000000,4006.000000,47691.000000
21741.000000,4814.000000,4063.000000,47735.000000
21816.000000,4890.000000,4163.000000,47767.000000
21872.000000,4971.000000,4288.000000,47827.000000
21884.000000,5041.000000,4387.000000,47863.000000
21891.000000,5128.000000,4460.000000,47922.000000
21851.000000,5193.000000,4553.000000,47958.000000
21820.000000,5187.000000,4546.000000,47954.000000
21773.000000,5227.000000,4535.000000,47952.000000
21729.000000,5195.000000,4527.000000,47922.000000
21695.000000,5169.000000,4500.000000,47916.000000
21662.000000,5101.000000,4437.000000,47897.000000
21548.000000,5069.000000,4371.000000,47856.000000
21560.000000,5047.000000,4320.000000,47812.000000
21544.000000,4986.000000,4262.000000,47799.000000
21512.000000,4959.000000,4227.000000,47764.000000
21429.000000,4883.000000,4148.000000,47749.000000
21404.000000,4898.000000,4128.000000,47740.000000
21378.000000,4849.000000,4044.000000,47708.000000
21311.000000,4839.000000,4000.000000,47661.000000
21297.000000,4804.000000,3959.000000,47650.000000
21244.000000,4786.000000,3939.000000,47636.000000
21180.000000,4754.000000,3929.000000,47611.000000
21155.000000,4707.000000,3848.000000,47584.000000
21073.000000,4665.000000,3840.000000,47547.000000
21049.000000,4652.000000,3782.000000,47518.000000
20989.000000,4572.000000,3713.000000,47496.000000
20963.000000,4534.000000,3656.000000,47455.000000
20900.000000,4449.000000,3593.000000,47429.000000
20902.000000,4426.000000,3497.000000,47390.000000
20841.000000,4412.000000,3476.000000,47366.000000
20821.000000,4353.000000,3428.000000,47364.000000
20797.000000,4366.000000,3400.000000,47320.000000
20745.000000,4280.000000,3362.000000,47318.000000
20730.000000,4318.000000,3351.000000,47302.000000
20645.000000,4280.000000,3269.000000,47309.000000
20587.000000,4247.000000,3265.000000,47266.000000
20554.000000,4173.000000,3202.000000,47205.000000
20522.000000,4188.000000,3169.000000,47192.000000
20481.000000,4130.000000,3118.000000,47151.000000
20464.000000,4090.000000,3036.000000,47143.000000
20471.000000,4089.000000,3029.000000,47148.000000
20426.000000,4054.000000,2987.000000,47092.000000
20440.000000,4018.000000,2971.000000,47098.000000
20463.000000,4028.000000,2984.000000,47081.000000
20504.000000,4016.000000,2932.000000,47077.000000
20524.000000,4010.000000,2963.000000,47081.000000
20623.000000,4052.000000,2988.000000,47084.000000
20722.000000,4076.000000,3013.000000,47112.000000
20818.000000,4089.000000,3059.000000,47162.000000
20951.000000,4145.000000,3133.000000,47200.000000
21077.000000,4235.000000,3262.000000,47284.000000
21179.000000,4349.000000,3399.000000,47358.000000
21328.000000,4398.000000,3564.000000,47404.000000
21473.000000,4539.000000,3656.000000,47514.000000
21510.000000,4656.000000,3819.000000,47598.000000
21595.000000,4707.000000,3956.000000,47657.000000
21642.000000,4862.000000,4119.000000,47757.000000
21713.000000,4869.000000,4154.000000,47769.000000
21860.000000,4951.000000,4273.000000,47822.000000
21898.000000,4962.000000,4325.000000,47856.000000
21962.000000,5085.000000,4458.000000,47946.000000
22009.000000,5158.000000,4548.000000,47979.000000
22002.000000,5229.000000,4661.000000,48006.000000
21976.000000,5278.000000,4730.000000,48041.000000
21964.000000,5297.000000,4740.000000,48052.000000
21928.000000,5326.000000,4745.000000,48069.000000
21921.000000,5307.000000,4712.000000,48075.000000
21875.000000,5273.000000,4672.000000,48024.000000
21810.000000,5279.000000,4654.000000,48005.000000
21775.000000,5216.000000,4612.000000,47985.000000
21694.000000,5151.000000,4551.000000,47951.000000
21654.000000,5149.000000,4500.000000,47899.000000
21622.000000,5123.000000,4452.000000,47897.000000
21570.000000,5062.000000,4412.000000,47859.000000
21513.000000,4998.000000,4339.000000,47848.000000
21426.000000,4990.000000,4280.000000,47806.000000
21459.000000,4936.000000,4223.000000,47746.000000
21357.000000,4912.000000,4156.000000,47777.000000
21268.000000,4869.000000,4082.000000,47740.000000
21240.000000,4853.000000,4102.000000,47687.000000
21247.000000,4821.000000,3977.000000,47646.000000
21156.000000,4719.000000,3894.000000,47562.000000
21098.000000,4695.000000,3845.000000,47601.000000
21047.000000,4692.000000,3866.000000,47566.000000
21018.000000,4600.000000,3758.000000,47549.000000
21016.000000,4595.000000,3696.000000,47477.000000
20955.000000,4568.000000,3641.000000,47466.000000
20903.000000,4548.000000,3633.000000,47465.000000
20817.000000,4486.000000,3598.000000,47453.000000
20774.000000,4434.000000,3520.000000,47418.000000
20700.000000,4356.000000,3454.000000,47376.000000
20691.000000,4314.000000,3406.000000,47304.000000
20598.000000,4302.000000,3299.000000,47309.000000
20610.000000,4244.000000,3321.000000,47248.000000
20540.000000,4212.000000,3232.000000,47244.000000
20492.000000,4173.000000,3177.000000,47162.000000
20473.000000,4147.000000,3123.000000,47165.000000
20450.000000,4114.000000,3094.000000,47144.000000
20475.000000,4079.000000,3061.000000,47116.000000
20522.000000,4082.000000,3035.000000,47097.000000
20594.000000,4046.000000,3029.000000,47126.000000
20680.000000,4050.000000,3030.000000,47158.000000
20828.000000,4135.000000,3112.000000,47182.000000
20926.000000,4195.000000,3196.000000,47236.000000
21064.000000,4309.000000,3313.000000,47287.000000
21218.000000,4335.000000,3425.000000,47372.000000
21289.000000,4433.000000,3549.000000,47420.000000
21426.000000,4549.000000,3727.000000,47512.000000
21662.000000,4697.000000,3875.000000,47595.000000
21636.000000,4761.000000,4032.000000,47704.000000
21710.000000,4877.000000,4133.000000,47763.000000
21819.000000,5062.000000,4386.000000,47850.000000
21886.000000,5075.000000,4415.000000,47890.000000
21915.000000,5092.000000,4468.000000,47920.000000
21939.000000,5152.000000,4560.000000,47979.000000
21965.000000,5214.000000,4656.000000,47991.000000
21912.000000,5251.000000,4684.000000,48038.000000
21907.000000,5294.000000,4744.000000,48025.000000
21844.000000,5286.000000,4689.000000,48033.000000
21785.000000,5223.000000,4635.000000,48008.000000
21732.000000,5195.000000,4594.000000,47982.000000
21722.000000,5200.000000,4563.000000,47935.000000
21665.000000,5171.000000,4531.000000,47931.000000
21595.000000,5130.000000,4458.000000,47913.000000
21567.000000,5107.000000,4413.000000,47901.000000
21533.000000,5042.000000,4381.000000,47864.000000
21540.000000,4973.000000,4324.000000,47856.000000
21459.000000,4983.000000,4253.000000,47772.000000
21440.000000,4943.000000,4216.000000,47795.000000
21401.000000,4980.000000,4239.000000,47753.000000
21337.000000,4922.000000,4157.000000,47743.000000
21305.000000,4896.000000,4144.000000,47699.000000
21251.000000,4849.000000,4048.000000,47707.000000
21217.000000,4789.000000,4015.000000,47668.000000
21141.000000,4765.000000,3966.000000,47634.000000
21124.000000,4730.000000,3895.000000,47607.000000
21092.000000,4697.000000,3857.000000,47568.000000
21042.000000,4656.000000,3811.000000,47546.000000
21010.000000,4610.000000,3749.000000,47560.000000
20956.000000,4560.000000,3734.000000,47513.000000
20942.000000,4533.000000,3650.000000,47475.000000
20925.000000,4502.000000,3599.000000,47425.000000
20882.000000,4456.000000,3565.000000,47421.000000
20835.000000,4432.000000,3534.000000,47413.000000
20799.000000,4464.000000,3512.000000,47393.000000
20754.000000,4402.000000,3483.000000,47377.000000
20673.000000,4368.000000,3480.000000,47330.000000
20613.000000,4339.000000,3380.000000,47294.000000
20588.000000,4337.000000,3347.000000,47283.000000
20576.000000,4213.000000,3300.000000,47257.000000
20541.000000,4237.000000,3211.000000,47228.000000
20435.000000,4203.000000,3191.000000,47164.000000
20469.000000,4149.000000,3137.000000,47190.000000
20438.000000,4145.000000,3122.000000,47139.000000
20466.000000,4083.000000,3073.000000,47120.000000
20522.000000,4074.000000,3058.000000,47124.000000
20578.000000,4083.000000,3038.000000,47096.000000
20657.000000,4053.000000,3093.000000,47145.000000
20698.000000,4131.000000,3105.000000,47192.000000
20770.000000,4196.000000,3210.000000,47233.000000
20873.000000,4234.000000,3254.000000,47252.000000
20979.000000,4282.000000,3341.000000,47307.000000
21124.000000,4335.000000,3387.000000,47332.000000
21202.000000,4386.000000,3537.000000,47410.000000
21251.000000,4507.000000,3623.000000,47464.000000
21363.000000,4586.000000,3773.000000,47540.000000
21459.000000,4724.000000,3898.000000,47612.000000
21563.000000,4737.000000,3943.000000,47635.000000
21675.000000,4819.000000,4054.000000,47683.000000
21729.000000,4849.000000,4204.000000,47799.000000
21788.000000,4987.000000,4316.000000,47841.000000
21794.000000,5075.000000,4450.000000,47893.000000
21774.000000,5106.000000,4519.000000,47904.000000
21737.000000,5171.000000,4580.000000,47952.000000
21734.000000,5181.000000,4534.000000,47957.000000
21668.000000,5146.000000,4558.000000,47964.000000
21658.000000,5125.000000,4481.000000,47896.000000
21618.000000,5109.000000,4432.000000,47891.000000
21555.000000,5054.000000,4408.000000,47855.000000
21494.000000,5024.000000,4376.000000,47839.000000
21443.000000,5003.000000,4317.000000,47820.000000
21425.000000,4976.000000,4273.000000,47815.000000
21379.000000,4963.000000,4268.000000,47807.000000
21357.000000,4935.000000,4194.000000,47779.000000
21307.000000,4881.000000,4199.000000,47744.000000
21258.000000,4889.000000,4126.000000,47698.000000
21195.000000,4832.000000,4093.000000,47698.000000
21140.000000,4794.000000,3993.000000,47642.000000
21090.000000,4749.000000,3944.000000,47615.000000
21017.000000,4732.000000,3911.000000,47587.000000
20915.000000,4636.000000,3786.000000,47515.000000
20874.000000,4591.000000,3742.000000,47494.000000
20818.000000,4588.000000,3663.000000,47463.000000
20739.000000,4485.000000,3589.000000,47404.000000
20756.000000,4444.000000,3519.000000,47392.000000
20701.000000,4436.000000,3482.000000,47349.000000
20706.000000,4352.000000,3426.000000,47348.000000
20675.000000,4323.000000,3360.000000,47286.000000
20616.000000,4286.000000,3379.000000,47300.000000
20543.000000,4324.000000,3293.000000,47275.000000
20543.000000,4275.000000,3293.000000,47233.000000
20516.000000,4239.000000,3271.000000,47223.000000
20475.000000,4157.000000,3154.000000,47196.000000
20482.000000,4177.000000,3164.000000,47181.000000
20540.000000,4160.000000,3148.000000,47172.000000
20607.000000,4140.000000,3122.000000,47174.000000
20671.000000,4142.000000,3153.000000,47159.000000
20770.000000,4181.000000,3162.000000,47185.000000
20871.000000,4185.000000,3267.000000,47240.000000
20949.000000,4261.000000,3347.000000,47274.000000
21096.000000,4348.000000,3426.000000,47367.000000
21175.000000,4424.000000,3558.000000,47382.000000
21293.000000,4504.000000,3692.000000,47479.000000
21408.000000,4620.000000,3815.000000,47505.000000
21468.000000,4709.000000,3953.000000,47614.000000
21588.000000,4815.000000,4043.000000,47699.000000
21697.000000,4925.000000,4231.000000,47762.000000
21851.000000,4924.000000,4249.000000,47803.000000
21952.000000,5051.000000,4352.000000,47869.000000
22004.000000,5118.000000,4524.000000,47957.000000
22074.000000,5240.000000,4656.000000,48013.000000
22100.000000,5305.000000,4779.000000,48066.000000
22098.000000,5371.000000,4876.000000,48117.000000
22052.000000,5446.000000,4955.000000,48151.000000
22028.000000,5484.000000,4967.000000,48161.000000
22008.000000,5465.000000,4951.000000,48152.000000
21983.000000,5425.000000,4948.000000,48160.000000
21968.000000,5420.000000,4858.000000,48138.000000
21905.000000,5392.000000,4892.000000,48102.000000
21860.000000,5339.000000,4757.000000,48092.000000
21813.000000,5345.000000,4787.000000,48036.000000
21756.000000,5304.000000,4697.000000,47982.000000
21728.000000,5259.000000,4662.000000,47992.000000
21684.000000,5243.000000,4608.000000,47996.000000
21621.000000,5151.000000,4534.000000,47950.000000
21610.000000,5126.000000,4523.000000,47900.000000
21531.000000,5096.000000,4420.000000,47872.000000
21547.000000,5065.000000,4408.000000,47875.000000
21461.000000,5021.000000,4346.000000,47819.000000
21411.000000,4981.000000,4289.000000,47781.000000
21352.000000,4963.000000,4271.000000,47762.000000
21303.000000,4946.000000,4231.000000,47734.000000
21250.000000,4896.000000,4125.000000,47736.000000
21215.000000,4856.000000,4098.000000,47712.000000
21166.000000,4812.000000,4059.000000,47688.000000
21114.000000,4772.000000,3961.000000,47625.000000
21083.000000,4744.000000,3921.000000,47593.000000
21049.000000,4690.000000,3849.000000,47576.000000
21014.000000,4653.000000,3806.000000,47549.000000
20977.000000,4620.000000,3760.000000,47507.000000
20918.000000,4528.000000,3741.000000,47483.000000
20879.000000,4530.000000,3672.000000,47450.000000
20828.000000,4491.000000,3616.000000,47426.000000
20797.000000,4444.000000,3581.000000,47412.000000
20734.000000,4445.000000,3558.000000,47424.000000
20732.000000,4431.000000,3499.000000,47397.000000
20664.000000,4391.000000,3474.000000,47331.000000
20668.000000,4339.000000,3436.000000,47312.000000
20593.000000,4315.000000,3379.000000,47280.000000
20534.000000,4266.000000,3336.000000,47293.000000
20563.000000,4221.000000,3287.000000,47212.000000
20532.000000,4201.000000,3247.000000,47220.000000
20582.000000,4184.000000,3225.000000,47203.000000
20683.000000,4166.000000,3195.000000,47222.000000
20794.000000,4200.000000,3219.000000,47217.000000
20922.000000,4210.000000,3249.000000,47226.000000
20990.000000,4300.000000,3404.000000,47298.000000
21131.000000,4366.000000,3499.000000,47369.000000
21118.000000,4471.000000,3624.000000,47431.000000
21238.000000,4551.000000,3760.000000,47528.000000
21394.000000,4629.000000,3870.000000,47592.000000
21489.000000,4680.000000,3898.000000,47579.000000
21610.000000,4768.000000,4047.000000,47692.000000
21736.000000,4849.000000,4197.000000,47787.000000
21849.000000,4966.000000,4310.000000,47828.000000
21985.000000,5038.000000,4441.000000,47864.000000
22095.000000,5143.000000,4602.000000,47978.000000
22186.000000,5243.000000,4754.000000,48087.000000
22257.000000,5367.000000,4887.000000,48131.000000
22243.000000,5443.000000,4981.000000,48193.000000
22203.000000,5563.000000,5097.000000,48255.000000
22162.000000,5553.000000,5150.000000,48269.000000
22154.000000,5589.000000,5078.000000,48235.000000
22094.000000,5559.000000,5107.000000,48234.000000
22098.000000,5529.000000,5070.000000,48230.000000
22020.000000,5506.000000,5049.000000,48213.000000
21941.000000,5438.000000,4971.000000,48162.000000
21934.000000,5445.000000,4908.000000,48133.000000
21898.000000,5413.000000,4888.000000,48121.000000
21836.000000,5359.000000,4760.000000,48082.000000
21841.000000,5314.000000,4774.000000,48051.000000
21772.000000,5328.000000,4746.000000,48037.000000
21777.000000,5285.000000,4688.000000,48011.000000
21745.000000,5227.000000,4632.000000,47993.000000
21712.000000,5220.000000,4607.000000,47987.000000
21660.000000,5178.000000,4562.000000,47939.000000
21612.000000,5149.000000,4534.000000,47940.000000
21530.000000,5114.000000,4539.000000,47926.000000
21497.000000,5083.000000,4442.000000,47909.000000
21397.000000,5016.000000,4396.000000,47845.000000
21398.000000,5019.000000,4333.000000,47843.000000
21382.000000,4960.000000,4263.000000,47794.000000
21333.000000,4922.000000,4156.000000,47743.000000
21239.000000,4842.000000,4138.000000,47735.000000
21212.000000,4852.000000,4125.000000,47713.000000
21161.000000,4851.000000,4085.000000,47670.000000
21154.000000,4781.000000,4005.000000,47655.000000
21094.000000,4752.000000,3949.000000,47618.000000
21016.000000,4705.000000,3910.000000,47622.000000
21014.000000,4645.000000,3850.000000,47551.000000
20941.000000,4625.000000,3797.000000,47559.000000
20946.000000,4580.000000,3752.000000,47527.000000
20887.000000,4533.000000,3731.000000,47488.000000
20848.000000,4504.000000,3673.000000,47467.000000
20778.000000,4474.000000,3633.000000,47450.000000
20842.000000,4482.000000,3600.000000,47444.000000
20777.000000,4393.000000,3526.000000,47395.000000
20787.000000,4393.000000,3517.000000,47393.000000
20797.000000,4401.000000,3522.000000,47364.000000
20861.000000,4386.000000,3504.000000,47383.000000
20894.000000,4373.000000,3490.000000,47360.000000
20996.000000,4395.000000,3503.000000,47373.000000
21058.000000,4431.000000,3555.000000,47420.000000
21140.000000,4458.000000,3629.000000,47461.000000
21208.000000,4556.000000,3711.000000,47538.000000
21289.000000,4601.000000,3823.000000,47563.000000
21440.000000,4621.000000,3849.000000,47567.000000
21490.000000,4725.000000,3947.000000,47650.000000
21659.000000,4789.000000,4077.000000,47708.000000
21722.000000,4916.000000,4238.000000,47770.000000
21872.000000,5009.000000,4332.000000,47849.000000
21959.000000,5099.000000,4469.000000,47889.000000
22063.000000,5170.000000,4601.000000,48003.000000
22156.000000,5261.000000,4724.000000,48067.000000
22195.000000,5364.000000,4858.000000,48126.000000
22216.000000,5384.000000,4945.000000,48148.000000
22158.000000,5480.000000,5053.000000,48234.000000
22091.000000,5520.000000,5075.000000,48241.000000
22041.000000,5544.000000,5064.000000,48217.000000
21996.000000,5514.000000,4987.000000,48186.000000
21949.000000,5427.000000,4960.000000,48165.000000
21907.000000,5414.000000,4887.000000,48131.000000
21864.000000,5359.000000,4841.000000,48087.000000
21796.000000,5346.000000,4817.000000,48072.000000
21749.000000,5286.000000,4723.000000,48079.000000
21707.000000,5223.000000,4717.000000,48013.000000
21679.000000,5193.000000,4587.000000,47996.000000
21599.000000,5153.000000,4554.000000,47963.000000
21573.000000,5139.000000,4496.000000,47931.000000
21510.000000,5126.000000,4452.000000,47892.000000
21487.000000,5019.000000,4395.000000,47899.000000
21499.000000,5039.000000,4346.000000,47869.000000
21442.000000,4951.000000,4280.000000,47811.000000
21408.000000,4951.000000,4261.000000,47795.000000
21339.000000,4941.000000,4240.000000,47780.000000
21326.000000,4890.000000,4183.000000,47736.000000
21254.000000,4877.000000,4142.000000,47741.000000
21218.000000,4861.000000,4106.000000,47714.000000
21192.000000,4786.000000,4036.000000,47647.000000
21148.000000,4779.000000,3979.000000,47665.000000
21082.000000,4746.000000,3958.000000,47629.000000
21083.000000,4737.000000,3903.000000,47590.000000
21061.000000,4642.000000,3865.000000,47586.000000
21036.000000,4598.000000,3815.000000,47525.000000
20998.000000,4620.000000,3791.000000,47539.000000
20960.000000,4586.000000,3774.000000,47559.000000
20941.000000,4581.000000,3713.000000,47530.000000
20868.000000,4559.000000,3684.000000,47468.000000
20864.000000,4502.000000,3620.000000,47463.000000
20837.000000,4469.000000,3605.000000,47418.000000
20806.000000,4425.000000,3533.000000,47395.000000
20856.000000,4446.000000,3542.000000,47386.000000
20922.000000,4423.000000,3541.000000,47415.000000
20989.000000,4409.000000,3527.000000,47415.000000
21083.000000,4432.000000,3535.000000,47429.000000
21194.000000,4489.000000,3593.000000,47460.000000
21200.000000,4544.000000,3711.000000,47505.000000
21434.000000,4616.000000,3833.000000,47558.000000
21513.000000,4720.000000,3931.000000,47616.000000
21527.000000,4738.000000,3961.000000,47654.000000
21663.000000,4923.000000,4224.000000,47810.000000
21787.000000,4977.000000,4274.000000,47795.000000
21945.000000,4966.000000,4350.000000,47846.000000
22100.000000,5086.000000,4477.000000,47942.000000
22298.000000,5188.000000,4628.000000,47991.000000
22358.000000,5308.000000,4833.000000,48134.000000
22437.000000,5451.000000,4977.000000,48241.000000
22449.000000,5581.000000,5178.000000,48309.000000
22471.000000,5665.000000,5287.000000,48370.000000
22501.000000,5744.000000,5366.000000,48424.000000
22483.000000,5732.000000,5379.000000,48439.000000
22439.000000,5754.000000,5395.000000,48449.000000
22428.000000,5779.000000,5395.000000,48435.000000
22381.000000,5793.000000,5376.000000,48410.000000
22351.000000,5754.000000,5342.000000,48401.000000
22299.000000,5730.000000,5344.000000,48364.000000
22271.000000,5689.000000,5269.000000,48356.000000
22232.000000,5676.000000,5222.000000,48314.000000
22194.000000,5619.000000,5201.000000,48291.000000
22174.000000,5591.000000,5134.000000,48277.000000
22120.000000,5605.000000,5081.000000,48267.000000
22067.000000,5538.000000,5032.000000,48223.000000
22047.000000,5526.000000,4994.000000,48192.000000
21994.000000,5467.000000,4955.000000,48183.000000
21966.000000,5439.000000,4922.000000,48165.000000
21889.000000,5405.000000,4901.000000,48126.000000
21833.000000,5368.000000,4811.000000,48093.000000
21770.000000,5339.000000,4741.000000,48060.000000
21739.000000,5275.000000,4697.000000,48026.000000
21671.000000,5250.000000,4646.000000,48001.000000
21589.000000,5189.000000,4582.000000,47956.000000
21611.000000,5136.000000,4484.000000,47930.000000
21538.000000,5085.000000,4411.000000,47891.000000
21490.000000,5049.000000,4340.000000,47856.000000
21429.000000,5027.000000,4351.000000,47841.000000
21319.000000,4990.000000,4275.000000,47806.000000
21305.000000,4956.000000,4205.000000,47779.000000
21273.000000,4908.000000,4154.000000,47725.000000
21211.000000,4855.000000,4121.000000,47724.000000
21182.000000,4832.000000,4026.000000,47670.000000
21149.000000,4791.000000,3995.000000,47644.000000
21077.000000,4727.000000,3902.000000,47601.000000
21043.000000,4707.000000,3885.000000,47585.000000
21012.000000,4662.000000,3810.000000,47572.000000
21026.000000,4618.000000,3792.000000,47552.000000
20990.000000,4611.000000,3755.000000,47519.000000
20997.000000,4559.000000,3715.000000,47507.000000
21056.000000,4548.000000,3703.000000,47503.000000
21076.000000,4549.000000,3689.000000,47480.000000
21163.000000,4526.000000,3693.000000,47505.000000
21218.000000,4583.000000,3759.000000,47532.000000
21330.000000,4610.000000,3802.000000,47542.000000
21410.000000,4685.000000,3841.000000,47614.000000
21611.000000,4748.000000,3969.000000,47639.000000
21703.000000,4830.000000,4084.000000,47726.000000
21856.000000,4920.000000,4184.000000,47783.000000
22034.000000,5065.000000,4403.000000,47873.000000
22193.000000,5146.000000,4538.000000,47956.000000
22275.000000,5254.000000,4709.000000,48055.000000
22381.000000,5406.000000,4872.000000,48156.000000
22431.000000,5520.000000,5041.000000,48260.000000
22482.000000,5603.000000,5129.000000,48307.000000
22511.000000,5673.000000,5263.000000,48355.000000
22483.000000,5709.000000,5302.000000,48402.000000
22445.000000,5718.000000,5372.000000,48421.000000
22418.000000,5757.000000,5382.000000,48419.000000
22368.000000,5758.000000,5355.000000,48407.000000
22314.000000,5725.000000,5314.000000,48375.000000
22302.000000,5675.000000,5285.000000,48366.000000
22279.000000,5693.000000,5257.000000,48372.000000
22240.000000,5652.000000,5209.000000,48319.000000
22211.000000,5615.000000,5152.000000,48302.000000
22144.000000,5628.000000,5155.000000,48272.000000
22065.000000,5583.000000,5088.000000,48253.000000
22025.000000,5507.000000,5024.000000,48224.000000
22000.000000,5467.000000,4984.000000,48204.000000
21955.000000,5405.000000,4849.000000,48100.000000
21916.000000,5385.000000,4820.000000,48136.000000
21872.000000,5360.000000,4846.000000,48100.000000
21827.000000,5337.000000,4732.000000,48094.000000
21765.000000,5291.000000,4700.000000,48052.000000
21738.000000,5273.000000,4631.000000,48013.000000
21695.000000,5198.000000,4607.000000,47983.000000
21674.000000,5143.000000,4500.000000,47953.000000
21609.000000,5123.000000,4493.000000,47909.000000
21556.000000,5132.000000,4478.000000,47911.000000
21506.000000,5077.000000,4418.000000,47876.000000
21458.000000,5052.000000,4366.000000,47841.000000
21423.000000,5011.000000,4310.000000,47824.000000
21363.000000,4959.000000,4248.000000,47808.000000
21314.000000,4900.000000,4160.000000,47748.000000
21237.000000,4870.000000,4149.000000,47720.000000
21229.000000,4826.000000,4059.000000,47679.000000
21139.000000,4807.000000,3995.000000,47674.000000
21098.000000,4748.000000,3937.000000,47644.000000
21104.000000,4759.000000,3897.000000,47598.000000
21072.000000,4684.000000,3863.000000,47577.000000
21035.000000,4665.000000,3819.000000,47557.000000
21023.000000,4630.000000,3784.000000,47553.000000
20980.000000,4624.000000,3768.000000,47523.000000
20991.000000,4594.000000,3734.000000,47520.000000
20997.000000,4530.000000,3675.000000,47499.000000
21041.000000,4513.000000,3665.000000,47498.000000
21120.000000,4512.000000,3671.000000,47478.000000
21189.000000,4550.000000,3689.000000,47498.000000
21274.000000,4569.000000,3718.000000,47537.000000
21345.000000,4599.000000,3813.000000,47574.000000
21524.000000,4722.000000,3911.000000,47627.000000
21657.000000,4782.000000,4015.000000,47673.000000
21852.000000,4866.000000,4092.000000,47712.000000
21941.000000,4980.000000,4252.000000,47821.000000
22074.000000,5089.000000,4427.000000,47927.000000
22142.000000,5241.000000,4654.000000,48032.000000
22250.000000,5326.000000,4747.000000,48083.000000
22353.000000,5389.000000,4865.000000,48124.000000
22415.000000,5492.000000,4981.000000,48226.000000
22481.000000,5544.000000,5100.000000,48291.000000
22485.000000,5648.000000,5208.000000,48343.000000
22479.000000,5682.000000,5304.000000,48381.000000
22445.000000,5754.000000,5367.000000,48423.000000
22419.000000,5752.000000,5381.000000,48406.000000
22403.000000,5720.000000,5337.000000,48417.000000
22340.000000,5727.000000,5340.000000,48380.000000
22354.000000,5703.000000,5265.000000,48376.000000
22312.000000,5665.000000,5248.000000,48322.000000
22274.000000,5663.000000,5180.000000,48322.000000
22199.000000,5650.000000,5172.000000,48298.000000
22161.000000,5592.000000,5132.000000,48292.000000
22128.000000,5572.000000,5048.000000,48259.000000
22036.000000,5534.000000,5010.000000,48229.000000
22039.000000,5520.000000,4984.000000,48188.000000
21955.000000,5436.000000,4944.000000,48137.000000
21894.000000,5432.000000,4889.000000,48114.000000
21877.000000,5384.000000,4811.000000,48103.000000
21821.000000,5297.000000,4719.000000,48049.000000
21792.000000,5292.000000,4668.000000,48036.000000
21737.000000,5264.000000,4664.000000,48037.000000
21690.000000,5207.000000,4563.000000,47996.000000
21634.000000,5156.000000,4579.000000,47954.000000
21588.000000,5150.000000,4461.000000,47949.000000
21535.000000,5083.000000,4425.000000,47896.000000
21428.000000,5061.000000,4365.000000,47887.000000
21411.000000,5026.000000,4330.000000,47826.000000
21410.000000,4968.000000,4251.000000,47795.000000
21386.000000,4876.000000,4133.000000,47742.000000
21364.000000,4893.000000,4138.000000,47740.000000
21273.000000,4847.000000,4085.000000,47735.000000
21214.000000,4847.000000,4075.000000,47696.000000
21162.000000,4823.000000,4036.000000,47694.000000
21137.000000,4784.000000,3968.000000,47659.000000
21108.000000,4757.000000,3923.000000,47605.000000
21041.000000,4702.000000,3881.000000,47622.000000
21038.000000,4643.000000,3841.000000,47598.000000
21014.000000,4601.000000,3788.000000,47553.000000
21011.000000,4589.000000,3778.000000,47538.000000
20959.000000,4536.000000,3727.000000,47510.000000
20973.000000,4545.000000,3698.000000,47493.000000
20956.000000,4518.000000,3654.000000,47432.000000
21005.000000,4499.000000,3651.000000,47449.000000
21042.000000,4492.000000,3629.000000,47483.000000
21074.000000,4518.000000,3630.000000,47481.000000
21156.000000,4540.000000,3671.000000,47473.000000
21232.000000,4592.000000,3768.000000,47534.000000
21336.000000,4556.000000,3790.000000,47552.000000
21430.000000,4691.000000,3866.000000,47572.000000
21536.000000,4758.000000,3951.000000,47648.000000
21649.000000,4861.000000,4077.000000,47696.000000
21739.000000,4918.000000,4183.000000,47771.000000
21897.000000,5002.000000,4313.000000,47821.000000
22002.000000,5075.000000,4416.000000,47914.000000
22109.000000,5164.000000,4568.000000,47976.000000
22246.000000,5248.000000,4683.000000,48055.000000
22356.000000,5366.000000,4855.000000,48126.000000
22444.000000,5429.000000,4971.000000,48168.000000
22548.000000,5541.000000,5095.000000,48244.000000
22584.000000,5649.000000,5244.000000,48352.000000
22598.000000,5694.000000,5324.000000,48416.000000
22609.000000,5789.000000,5423.000000,48465.000000
22556.000000,5821.000000,5467.000000,48491.000000
22485.000000,5866.000000,5475.000000,48481.000000
22466.000000,5863.000000,5457.000000,48449.000000
22417.000000,5810.000000,5416.000000,48432.000000
22334.000000,5767.000000,5356.000000,48405.000000
22313.000000,5736.000000,5312.000000,48386.000000
22324.000000,5705.000000,5294.000000,48338.000000
22268.000000,5650.000000,5158.000000,48278.000000
22229.000000,5628.000000,5151.000000,48314.000000
22210.000000,5639.000000,5145.000000,48244.000000
22172.000000,5565.000000,5108.000000,48273.000000
22098.000000,5569.000000,5083.000000,48200.000000
22081.000000,5532.000000,5012.000000,48232.000000
22025.000000,5474.000000,5007.000000,48186.000000
21979.000000,5473.000000,4944.000000,48175.000000
21948.000000,5448.000000,4883.000000,48129.000000
21920.000000,5396.000000,4842.000000,48144.000000
21874.000000,5368.000000,4768.000000,48062.000000
21843.000000,5347.000000,4746.000000,48074.000000
21800.000000,5266.000000,4689.000000,48039.000000
21700.000000,5277.000000,4648.000000,48012.000000
21716.000000,5236.000000,4580.000000,47988.000000
21614.000000,5234.000000,4585.000000,47923.000000
21565.000000,5140.000000,4453.000000,47913.000000
21493.000000,5103.000000,4412.000000,47851.000000
21438.000000,5049.000000,4352.000000,47836.000000
21402.000000,4990.000000,4299.000000,47812.000000
21340.000000,4940.000000,4197.000000,47778.000000
21304.000000,4929.000000,4151.000000,47751.000000
21277.000000,4895.000000,4076.000000,47714.000000
21233.000000,4835.000000,4039.000000,47662.000000
21210.000000,4811.000000,4004.000000,47645.000000
21189.000000,4700.000000,3938.000000,47630.000000
21130.000000,4743.000000,3913.000000,47603.000000
21060.000000,4707.000000,3870.000000,47590.000000
21061.000000,4715.000000,3867.000000,47564.000000
21015.000000,4659.000000,3807.000000,47533.000000
21006.000000,4588.000000,3749.000000,47519.000000
20982.000000,4616.000000,3757.000000,47523.000000
21033.000000,4574.000000,3675.000000,47453.000000
21098.000000,4557.000000,3681.000000,47472.000000
21160.000000,4538.000000,3653.000000,47467.000000
21290.000000,4578.000000,3719.000000,47531.000000
21414.000000,4610.000000,3772.000000,47549.000000
21455.000000,4698.000000,3872.000000,47605.000000
21542.000000,4783.000000,3992.000000,47657.000000
21702.000000,4882.000000,4171.000000,47724.000000
21778.000000,4910.000000,4215.000000,47763.000000
21906.000000,5000.000000,4334.000000,47847.000000
22026.000000,5140.000000,4483.000000,47942.000000
22148.000000,5240.000000,4612.000000,48020.000000
22293.000000,5312.000000,4760.000000,48078.000000
22378.000000,5403.000000,4917.000000,48172.000000
22480.000000,5495.000000,5045.000000,48252.000000
22565.000000,5578.000000,5096.000000,48314.000000
22620.000000,5655.000000,5238.000000,48360.000000
22614.000000,5740.000000,5364.000000,48401.000000
22626.000000,5813.000000,5413.000000,48434.000000
22564.000000,5873.000000,5466.000000,48475.000000
22515.000000,5847.000000,5484.000000,48487.000000
22453.000000,5875.000000,5471.000000,48466.000000
22418.000000,5831.000000,5460.000000,48461.000000
22426.000000,5797.000000,5375.000000,48432.000000
22340.000000,5755.000000,5304.000000,48350.000000
22334.000000,5716.000000,5290.000000,48373.000000
22284.000000,5732.000000,5270.000000,48366.000000
22243.000000,5678.000000,5185.000000,48337.000000
22200.000000,5650.000000,5160.000000,48297.000000
22150.000000,5586.000000,5110.000000,48271.000000
22155.000000,5599.000000,5069.000000,48266.000000
22060.000000,5535.000000,4992.000000,48187.000000
22051.000000,5525.000000,4971.000000,48186.000000
21987.000000,5467.000000,4939.000000,48166.000000
21952.000000,5447.000000,4875.000000,48127.000000
21924.000000,5433.000000,4871.000000,48096.000000
21881.000000,5375.000000,4813.000000,48091.000000
21827.000000,5365.000000,4749.000000,48060.000000
21808.000000,5323.000000,4723.000000,48069.000000
21752.000000,5269.000000,4685.000000,48010.000000
21708.000000,5248.000000,4584.000000,47977.000000
21684.000000,5187.000000,4579.000000,47923.000000
21576.000000,5180.000000,4504.000000,47920.000000
21557.000000,5137.000000,4467.000000,47890.000000
21503.000000,5129.000000,4406.000000,47859.000000
21451.000000,5078.000000,4333.000000,47856.000000
21417.000000,5024.000000,4276.000000,47807.000000
21325.000000,4984.000000,4249.000000,47786.000000
21301.000000,4932.000000,4172.000000,47771.000000
21247.000000,4900.000000,4128.000000,47743.000000
21203.000000,4885.000000,4062.000000,47703.000000
21181.000000,4841.000000,4029.000000,47697.000000
21097.000000,4812.000000,3972.000000,47639.000000
21105.000000,4771.000000,3943.000000,47594.000000
21099.000000,4699.000000,3867.000000,47595.000000
21033.000000,4701.000000,3843.000000,47560.000000
21067.000000,4645.000000,3771.000000,47510.000000
21036.000000,4632.000000,3778.000000,47519.000000
21100.000000,4598.000000,3758.000000,47517.000000
21143.000000,4567.000000,3756.000000,47519.000000
21334.000000,4592.000000,3737.000000,47513.000000
21364.000000,4629.000000,3792.000000,47524.000000
21416.000000,4676.000000,3860.000000,47603.000000
21493.000000,4866.000000,4084.000000,47683.000000
21665.000000,4883.000000,4104.000000,47717.000000
21907.000000,4933.000000,4146.000000,47749.000000
22003.000000,4965.000000,4315.000000,47824.000000
22109.000000,5152.000000,4510.000000,47938.000000
22268.000000,5322.000000,4723.000000,48034.000000
22370.000000,5438.000000,4901.000000,48172.000000
22480.000000,5520.000000,4994.000000,48211.000000
22576.000000,5592.000000,5114.000000,48284.000000
22711.000000,5686.000000,5250.000000,48356.000000
22721.000000,5765.000000,5374.000000,48423.000000
22722.000000,5828.000000,5479.000000,48477.000000
22793.000000,5967.000000,5666.000000,48596.000000
22713.000000,5971.000000,5668.000000,48609.000000
22676.000000,5984.000000,5700.000000,48574.000000
22638.000000,6024.000000,5684.000000,48565.000000
22587.000000,5994.000000,5668.000000,48568.000000
22500.000000,5959.000000,5614.000000,48539.000000
22452.000000,5896.000000,5566.000000,48510.000000
22448.000000,5888.000000,5486.000000,48455.000000
22352.000000,5839.000000,5431.000000,48453.000000
22347.000000,5781.000000,5366.000000,48381.000000
22289.000000,5758.000000,5321.000000,48353.000000
22270.000000,5715.000000,5290.000000,48339.000000
22230.000000,5660.000000,5217.000000,48306.000000
22132.000000,5658.000000,5163.000000,48303.000000
22125.000000,5613.000000,5120.000000,48225.000000
22049.000000,5581.000000,5037.000000,48196.000000
21983.000000,5531.000000,5008.000000,48183.000000
21930.000000,5505.000000,4957.000000,48176.000000
21903.000000,5438.000000,4891.000000,48121.000000
21871.000000,5422.000000,4840.000000,48092.000000
21801.000000,5361.000000,4769.000000,48065.000000
21723.000000,5333.000000,4729.000000,48039.000000
21686.000000,5262.000000,4673.000000,47988.000000
21623.000000,5235.000000,4595.000000,47982.000000
21590.000000,5173.000000,4529.000000,47905.000000
21514.000000,5134.000000,4468.000000,47890.000000
21487.000000,5114.000000,4394.000000,47878.000000
21432.000000,5072.000000,4361.000000,47858.000000
21424.000000,4975.000000,4285.000000,47762.000000
21343.000000,4982.000000,4242.000000,47766.000000
21306.000000,4969.000000,4217.000000,47778.000000
21218.000000,4933.000000,4173.000000,47728.000000
21165.000000,4893.000000,4101.000000,47716.000000
21095.000000,4852.000000,4044.000000,47654.000000
21075.000000,4816.000000,3993.000000,47654.000000
20986.000000,4775.000000,3911.000000,47577.000000
20993.000000,4714.000000,3841.000000,47581.000000
20968.000000,4670.000000,3777.000000,47515.000000
20896.000000,4589.000000,3710.000000,47501.000000
20893.000000,4535.000000,3687.000000,47474.000000
20846.000000,4569.000000,3692.000000,47493.000000
20879.000000,4524.000000,3590.000000,47444.000000
20919.000000,4508.000000,3579.000000,47422.000000
20989.000000,4500.000000,3606.000000,47422.000000
21010.000000,4499.000000,3633.000000,47446.000000
21120.000000,4540.000000,3656.000000,47481.000000
21212.000000,4589.000000,3750.000000,47515.000000
21368.000000,4613.000000,3776.000000,47519.000000
21429.000000,4683.000000,3895.000000,47594.000000
21533.000000,4814.000000,3983.000000,47637.000000
21617.000000,4894.000000,4138.000000,47716.000000
21737.000000,4931.000000,4216.000000,47758.000000
21859.000000,5044.000000,4324.000000,47806.000000
22048.000000,5118.000000,4464.000000,47910.000000
22171.000000,5198.000000,4585.000000,47953.000000
22257.000000,5310.000000,4727.000000,48042.000000
22166.000000,5468.000000,4974.000000,48156.000000
22192.000000,5569.000000,5079.000000,48233.000000
22071.000000,5603.000000,5161.000000,48288.000000
22038.000000,5574.000000,5080.000000,48252.000000
21967.000000,5580.000000,5057.000000,48227.000000
21939.000000,5500.000000,4966.000000,48173.000000
21884.000000,5448.000000,4904.000000,48174.000000
21878.000000,5411.000000,4871.000000,48106.000000
21767.000000,5342.000000,4800.000000,48073.000000
21738.000000,5322.000000,4782.000000,48074.000000
21735.000000,5316.000000,4699.000000,48020.000000
21669.000000,5193.000000,4581.000000,47947.000000
21649.000000,5164.000000,4579.000000,47946.000000
21607.000000,5171.000000,4543.000000,47918.000000
21559.000000,5180.000000,4520.000000,47917.000000
21501.000000,5101.000000,4454.000000,47905.000000
21426.000000,5104.000000,4384.000000,47879.000000
21424.000000,5049.000000,4378.000000,47859.000000
21379.000000,4983.000000,4292.000000,47841.000000
21312.000000,4964.000000,4269.000000,47791.000000
21230.000000,4932.000000,4179.000000,47740.000000
21188.000000,4910.000000,4151.000000,47739.000000
21153.000000,4886.000000,4088.000000,47703.000000
21117.000000,4830.000000,4014.000000,47704.000000
21095.000000,4790.000000,3972.000000,47644.000000
21008.000000,4748.000000,3926.000000,47619.000000
20946.000000,4725.000000,3878.000000,47576.000000
20934.000000,4673.000000,3848.000000,47567.000000
20921.000000,4639.000000,3789.000000,47536.000000
20820.000000,4536.000000,3683.000000,47478.000000
20791.000000,4546.000000,3665.000000,47483.000000
20746.000000,4550.000000,3657.000000,47480.000000
20716.000000,4497.000000,3588.000000,47443.000000
20684.000000,4416.000000,3556.000000,47410.000000
20723.000000,4433.000000,3476.000000,47355.000000
20772.000000,4359.000000,3427.000000,47374.000000
20928.000000,4352.000000,3449.000000,47390.000000
20969.000000,4392.000000,3485.000000,47378.000000
21139.000000,4466.000000,3545.000000,47419.000000
21387.000000,4539.000000,3668.000000,47480.000000
21525.000000,4569.000000,3736.000000,47517.000000
21759.000000,4749.000000,3984.000000,47649.000000
21921.000000,4919.000000,4238.000000,47778.000000
22081.000000,5052.000000,4437.000000,47907.000000
22194.000000,5212.000000,4685.000000,48052.000000
22333.000000,5396.000000,4872.000000,48167.000000
22449.000000,5480.000000,5026.000000,48218.000000
22458.000000,5627.000000,5187.000000,48335.000000
22440.000000,5719.000000,5320.000000,48381.000000
22390.000000,5790.000000,5429.000000,48467.000000
22378.000000,5778.000000,5444.000000,48443.000000
22316.000000,5783.000000,5429.000000,48494.000000
22259.000000,5774.000000,5368.000000,48422.000000
22239.000000,5713.000000,5367.000000,48371.000000
22206.000000,5672.000000,5302.000000,48370.000000
22133.000000,5662.000000,5238.000000,48325.000000
22056.000000,5657.000000,5185.000000,48331.000000
22011.000000,5575.000000,5153.000000,48275.000000
21972.000000,5573.000000,5106.000000,48269.000000
21853.000000,5538.000000,5011.000000,48223.000000
21836.000000,5485.000000,4960.000000,48203.000000
21777.000000,5442.000000,4899.000000,48131.000000
21702.000000,5351.000000,4838.000000,48099.000000
21630.000000,5278.000000,4753.000000,48036.000000
21621.000000,5247.000000,4646.000000,48011.000000
21577.000000,5186.000000,4600.000000,48011.000000
21451.000000,5136.000000,4574.000000,47948.000000
21433.000000,5116.000000,4506.000000,47949.000000
21379.000000,5082.000000,4425.000000,47911.000000
21301.000000,4998.000000,4364.000000,47852.000000
21250.000000,4981.000000,4277.000000,47816.000000
21225.000000,4934.000000,4206.000000,47794.000000
21133.000000,4877.000000,4188.000000,47766.000000
21112.000000,4851.000000,4119.000000,47706.000000
21067.000000,4803.000000,4046.000000,47675.000000
21042.000000,4759.000000,3970.000000,47683.000000
20991.000000,4718.000000,3921.000000,47613.000000
20984.000000,4660.000000,3900.000000,47626.000000
20931.000000,4688.000000,3849.000000,47583.000000
20859.000000,4626.000000,3821.000000,47569.000000
20765.000000,4569.000000,3775.000000,47526.000000
20723.000000,4554.000000,3740.000000,47511.000000
20654.000000,4495.000000,3646.000000,47463.000000
20638.000000,4461.000000,3616.000000,47443.000000
20605.000000,4373.000000,3542.000000,47390.000000
20642.000000,4391.000000,3472.000000,47386.000000
20687.000000,4318.000000,3447.000000,47391.000000
20762.000000,4330.000000,3435.000000,47370.000000
20861.000000,4336.000000,3451.000000,47351.000000
20989.000000,4375.000000,3501.000000,47415.000000
21085.000000,4421.000000,3585.000000,47440.000000
21169.000000,4498.000000,3666.000000,47499.000000
21295.000000,4582.000000,3817.000000,47575.000000
21398.000000,4722.000000,3951.000000,47636.000000
21570.000000,4812.000000,4071.000000,47743.000000
21692.000000,4911.000000,4208.000000,47754.000000
21854.000000,4995.000000,4336.000000,47852.000000
21994.000000,5104.000000,4512.000000,47933.000000
22115.000000,5213.000000,4649.000000,48034.000000
22163.000000,5318.000000,4844.000000,48131.000000
22271.000000,5451.000000,4978.000000,48213.000000
22355.000000,5545.000000,5160.000000,48334.000000
22382.000000,5595.000000,5205.000000,48340.000000
22354.000000,5659.000000,5318.000000,48406.000000
22312.000000,5731.000000,5394.000000,48429.000000
22255.000000,5749.000000,5403.000000,48452.000000
22231.000000,5729.000000,5368.000000,48423.000000
22167.000000,5700.000000,5325.000000,48391.000000
22158.000000,5677.000000,5288.000000,48360.000000
22098.000000,5687.000000,5224.000000,48362.000000
22085.000000,5608.000000,5212.000000,48333.000000
22046.000000,5590.000000,5144.000000,48281.000000
21992.000000,5551.000000,5115.000000,48290.000000
21961.000000,5512.000000,5091.000000,48272.000000
21923.000000,5470.000000,5039.000000,48276.000000
21861.000000,5441.000000,4993.000000,48230.000000
21811.000000,5450.000000,4947.000000,48204.000000
21785.000000,5411.000000,4919.000000,48181.000000
21734.000000,5345.000000,4870.000000,48111.000000
21677.000000,5292.000000,4839.000000,48106.000000
21600.000000,5269.000000,4736.000000,48072.000000
21559.000000,5230.000000,4683.000000,48067.000000
21484.000000,5185.000000,4638.000000,48032.000000
21474.000000,5133.000000,4570.000000,48002.000000
21416.000000,5099.000000,4492.000000,47970.000000
21336.000000,5050.000000,4432.000000,47911.000000
21321.000000,5005.000000,4406.000000,47916.000000
21289.000000,5024.000000,4336.000000,47827.000000
21242.000000,4965.000000,4310.000000,47849.000000
21198.000000,4905.000000,4207.000000,47813.000000
21109.000000,4874.000000,4179.000000,47768.000000
21087.000000,4827.000000,4164.000000,47736.000000
21081.000000,4811.000000,4101.000000,47721.000000
21002.000000,4763.000000,3977.000000,47670.000000
20966.000000,4741.000000,3973.000000,47662.000000
20920.000000,4717.000000,3960.000000,47654.000000
20879.000000,4687.000000,3894.000000,47650.000000
20827.000000,4633.000000,3861.000000,47618.000000
20773.000000,4587.000000,3809.000000,47573.000000
20736.000000,4567.000000,3782.000000,47563.000000
20688.000000,4541.000000,3735.000000,47534.000000
20710.000000,4485.000000,3674.000000,47499.000000
20776.000000,4462.000000,3621.000000,47457.000000
20880.000000,4459.000000,3602.000000,47452.000000
20972.000000,4440.000000,3632.000000,47474.000000
21014.000000,4468.000000,3686.000000,47487.000000
21115.000000,4558.000000,3784.000000,47551.000000
21300.000000,4652.000000,3876.000000,47602.000000
21367.000000,4719.000000,3988.000000,47666.000000
21489.000000,4824.000000,4122.000000,47744.000000
21613.000000,4916.000000,4247.000000,47810.000000
21851.000000,5018.000000,4365.000000,47912.000000
21876.000000,5084.000000,4525.000000,47962.000000
21947.000000,5179.000000,4669.000000,48051.000000
22076.000000,5380.000000,4949.000000,48230.000000
22174.000000,5423.000000,4986.000000,48209.000000
22249.000000,5453.000000,5019.000000,48263.000000
22319.000000,5542.000000,5210.000000,48333.000000
22294.000000,5630.000000,5301.000000,48411.000000
22225.000000,5702.000000,5425.000000,48477.000000
22153.000000,5761.000000,5461.000000,48490.000000
22108.000000,5744.000000,5424.000000,48480.000000
22023.000000,5719.000000,5325.000000,48406.000000
22026.000000,5629.000000,5261.000000,48380.000000
21972.000000,5568.000000,5226.000000,48349.000000
21936.000000,5573.000000,5150.000000,48326.000000
21873.000000,5535.000000,5071.000000,48278.000000
21843.000000,5469.000000,5078.000000,48281.000000
21788.000000,5486.000000,4989.000000,48217.000000
21727.000000,5397.000000,4928.000000,48212.000000
21678.000000,5410.000000,4904.000000,48177.000000
21626.000000,5350.000000,4864.000000,48163.000000
21623.000000,5310.000000,4777.000000,48127.000000
21547.000000,5238.000000,4696.000000,48085.000000
21480.000000,5184.000000,4662.000000,48081.000000
21398.000000,5199.000000,4670.000000,48052.000000
21361.000000,5156.000000,4589.000000,48018.000000
21308.000000,5080.000000,4527.000000,47959.000000
21201.000000,5015.000000,4474.000000,47922.000000
21144.000000,4988.000000,4364.000000,47884.000000
21072.000000,4916.000000,4268.000000,47834.000000
21015.000000,4894.000000,4185.000000,47788.000000
20942.000000,4826.000000,4161.000000,47772.000000
20895.000000,4786.000000,4076.000000,47755.000000
20846.000000,4726.000000,3987.000000,47679.000000
20842.000000,4647.000000,3898.000000,47609.000000
20794.000000,4614.000000,3838.000000,47607.000000
20698.000000,4575.000000,3833.000000,47568.000000
20636.000000,4537.000000,3808.000000,47552.000000
20556.000000,4488.000000,3746.000000,47533.000000
20532.000000,4457.000000,3667.000000,47497.000000
20566.000000,4411.000000,3608.000000,47462.000000
20632.000000,4361.000000,3505.000000,47446.000000
20675.000000,4346.000000,3530.000000,47418.000000
20703.000000,4337.000000,3519.000000,47443.000000
20827.000000,4372.000000,3556.000000,47469.000000
20876.000000,4422.000000,3631.000000,47495.000000
20961.000000,4465.000000,3716.000000,47540.000000
21005.000000,4537.000000,3815.000000,47569.000000
21124.000000,4600.000000,3865.000000,47600.000000
21215.000000,4675.000000,3940.000000,47661.000000
21381.000000,4761.000000,4079.000000,47735.000000
21424.000000,4819.000000,4168.000000,47820.000000
21579.000000,4907.000000,4334.000000,47844.000000
21699.000000,5020.000000,4476.000000,47941.000000
21789.000000,5046.000000,4519.000000,47971.000000
21909.000000,5126.000000,4649.000000,48074.000000
21973.000000,5254.000000,4803.000000,48158.000000
22039.000000,5343.000000,4918.000000,48196.000000
22085.000000,5424.000000,5047.000000,48292.000000
22041.000000,5502.000000,5136.000000,48322.000000
21999.000000,5526.000000,5212.000000,48339.000000
21960.000000,5586.000000,5186.000000,48344.000000
21946.000000,5547.000000,5194.000000,48323.000000
21916.000000,5487.000000,5133.000000,48343.000000
21872.000000,5527.000000,5109.000000,48291.000000
21872.000000,5458.000000,5075.000000,48281.000000
21830.000000,5426.000000,5028.000000,48230.000000
21786.000000,5403.000000,5011.000000,48245.000000
21786.000000,5411.000000,4994.000000,48216.000000
21739.000000,5390.000000,4941.000000,48187.000000
21700.000000,5346.000000,4950.000000,48218.000000
21672.000000,5319.000000,4941.000000,48192.000000
21600.000000,5320.000000,4862.000000,48143.000000
21563.000000,5250.000000,4805.000000,48135.000000
21537.000000,5244.000000,4734.000000,48100.000000
21493.000000,5164.000000,4727.000000,48085.000000
21445.000000,5172.000000,4681.000000,48049.000000
21395.000000,5140.000000,4637.000000,48045.000000
21372.000000,5115.000000,4581.000000,47985.000000
21295.000000,5074.000000,4550.000000,47976.000000
21250.000000,5014.000000,4462.000000,47932.000000
21217.000000,4974.000000,4395.000000,47895.000000
21115.000000,4930.000000,4330.000000,47872.000000
21067.000000,4943.000000,4306.000000,47850.000000
21000.000000,4865.000000,4252.000000,47833.000000
20924.000000,4811.000000,4206.000000,47816.000000
20822.000000,4784.000000,4129.000000,47754.000000
20771.000000,4715.000000,4064.000000,47719.000000
20757.000000,4655.000000,3948.000000,47671.000000
20691.000000,4603.000000,3884.000000,47646.000000
20583.000000,4535.000000,3802.000000,47618.000000
20507.000000,4497.000000,3800.000000,47579.000000
20462.000000,4436.000000,3672.000000,47543.000000
20500.000000,4372.000000,3623.000000,47515.000000
20606.000000,4371.000000,3563.000000,47455.000000
20734.000000,4319.000000,3504.000000,47454.000000
20944.000000,4325.000000,3578.000000,47483.000000
20988.000000,4433.000000,3697.000000,47537.000000
21040.000000,4486.000000,3797.000000,47560.000000
21147.000000,4682.000000,4044.000000,47730.000000
21229.000000,4759.000000,4075.000000,47779.000000
21378.000000,4759.000000,4101.000000,47767.000000
21477.000000,4858.000000,4271.000000,47862.000000
21598.000000,4922.000000,4350.000000,47929.000000
21777.000000,5041.000000,4528.000000,47999.000000
21904.000000,5097.000000,4661.000000,48107.000000
21992.000000,5203.000000,4789.000000,48119.000000
22066.000000,5368.000000,4984.000000,48258.000000
22153.000000,5445.000000,5119.000000,48329.000000
22053.000000,5522.000000,5255.000000,48388.000000
21984.000000,5606.000000,5304.000000,48423.000000
21960.000000,5656.000000,5327.000000,48417.000000
21895.000000,5579.000000,5281.000000,48416.000000
21889.000000,5559.000000,5212.000000,48391.000000
21868.000000,5508.000000,5125.000000,48324.000000
21787.000000,5463.000000,5095.000000,48347.000000
21773.000000,5395.000000,5082.000000,48290.000000
21746.000000,5445.000000,5023.000000,48261.000000
21717.000000,5378.000000,5018.000000,48249.000000
21648.000000,5340.000000,4961.000000,48230.000000
21621.000000,5324.000000,4905.000000,48205.000000
21540.000000,5307.000000,4872.000000,48200.000000
21481.000000,5272.000000,4802.000000,48114.000000
21452.000000,5226.000000,4777.000000,48139.000000
21401.000000,5160.000000,4728.000000,48081.000000
21348.000000,5106.000000,4679.000000,48057.000000
21324.000000,5069.000000,4600.000000,48031.000000
21310.000000,5063.000000,4525.000000,47975.000000
21264.000000,5024.000000,4486.000000,47983.000000
21198.000000,5015.000000,4462.000000,47947.000000
21137.000000,4926.000000,4392.000000,47916.000000
21094.000000,4918.000000,4349.000000,47888.000000
21015.000000,4894.000000,4297.000000,47874.000000
20961.000000,4865.000000,4275.000000,47841.000000
20905.000000,4777.000000,4170.000000,47813.000000
20863.000000,4738.000000,4112.000000,47753.000000
20829.000000,4670.000000,4050.000000,47703.000000
20762.000000,4613.000000,3998.000000,47716.000000
20762.000000,4606.000000,3936.000000,47683.000000
20697.000000,4561.000000,3896.000000,47665.000000
20637.000000,4556.000000,3846.000000,47626.000000
20551.000000,4495.000000,3826.000000,47616.000000
20502.000000,4457.000000,3752.000000,47576.000000
20450.000000,4407.000000,3680.000000,47531.000000
20453.000000,4342.000000,3619.000000,47484.000000
20442.000000,4327.000000,3547.000000,47487.000000
20414.000000,4295.000000,3576.000000,47440.000000
20442.000000,4257.000000,3498.000000,47416.000000
20446.000000,4308.000000,3501.000000,47417.000000
20500.000000,4258.000000,3466.000000,47475.000000
20563.000000,4266.000000,3535.000000,47456.000000
20659.000000,4306.000000,3549.000000,47458.000000
20723.000000,4375.000000,3615.000000,47490.000000
20778.000000,4408.000000,3687.000000,47570.000000
20900.000000,4471.000000,3776.000000,47562.000000
21030.000000,4529.000000,3899.000000,47671.000000
21138.000000,4606.000000,3953.000000,47693.000000
21246.000000,4648.000000,4072.000000,47780.000000
21378.000000,4780.000000,4199.000000,47795.000000
21498.000000,4856.000000,4321.000000,47925.000000
21626.000000,4949.000000,4471.000000,47978.000000
21710.000000,5068.000000,4623.000000,48049.000000
21828.000000,5155.000000,4751.000000,48150.000000
21910.000000,5272.000000,4892.000000,48214.000000
21947.000000,5328.000000,4978.000000,48278.000000
21923.000000,5408.000000,5114.000000,48303.000000
21921.000000,5469.000000,5168.000000,48372.000000
21870.000000,5494.000000,5230.000000,48369.000000
21841.000000,5512.000000,5216.000000,48384.000000
21852.000000,5483.000000,5169.000000,48361.000000
21749.000000,5438.000000,5142.000000,48335.000000
21706.000000,5453.000000,5119.000000,48319.000000
21652.000000,5430.000000,5057.000000,48290.000000
21635.000000,5368.000000,5014.000000,48264.000000
21569.000000,5325.000000,4953.000000,48218.000000
21537.000000,5265.000000,4893.000000,48193.000000
21480.000000,5225.000000,4857.000000,48172.000000
21436.000000,5174.000000,4790.000000,48126.000000
21406.000000,5170.000000,4720.000000,48095.000000
21325.000000,5147.000000,4714.000000,48093.000000
21326.000000,5126.000000,4690.000000,48062.000000
21251.000000,5064.000000,4601.000000,48018.000000
21233.000000,5038.000000,4555.000000,47985.000000
21195.000000,4993.000000,4494.000000,47990.000000
21153.000000,4944.000000,4432.000000,47957.000000
21092.000000,4938.000000,4363.000000,47898.000000
21041.000000,4908.000000,4375.000000,47896.000000
20993.000000,4875.000000,4305.000000,47845.000000
20929.000000,4827.000000,4268.000000,47846.000000
20910.000000,4789.000000,4203.000000,47800.000000
20760.000000,4738.000000,4146.000000,47774.000000
20773.000000,4693.000000,4093.000000,47762.000000
20691.000000,4649.000000,4047.000000,47735.000000
20687.000000,4543.000000,3899.000000,47643.000000
20598.000000,4550.000000,3887.000000,47633.000000
20631.000000,4538.000000,3853.000000,47633.000000
20566.000000,4475.000000,3824.000000,47589.000000
20546.000000,4443.000000,3763.000000,47582.000000
20468.000000,4420.000000,3711.000000,47556.000000
20406.000000,4384.000000,3682.000000,47553.000000
20360.000000,4352.000000,3649.000000,47510.000000
20312.000000,4312.000000,3584.000000,47470.000000
20273.000000,4274.000000,3524.000000,47417.000000
20205.000000,4222.000000,3482.000000,47391.000000
20184.000000,4169.000000,3412.000000,47377.000000
20196.000000,4152.000000,3362.000000,47332.000000
20233.000000,4114.000000,3301.000000,47306.000000
20279.000000,4090.000000,3291.000000,47334.000000
20303.000000,4107.000000,3288.000000,47306.000000
20356.000000,4203.000000,3384.000000,47368.000000
20428.000000,4178.000000,3388.000000,47359.000000
20436.000000,4184.000000,3433.000000,47394.000000
20527.000000,4212.000000,3476.000000,47426.000000
20635.000000,4289.000000,3567.000000,47473.000000
20743.000000,4322.000000,3614.000000,47488.000000
20792.000000,4396.000000,3667.000000,47529.000000
20929.000000,4448.000000,3805.000000,47618.000000
21044.000000,4512.000000,3883.000000,47666.000000
21153.000000,4613.000000,3999.000000,47678.000000
21285.000000,4708.000000,4090.000000,47771.000000
21419.000000,4792.000000,4259.000000,47844.000000
21493.000000,4874.000000,4379.000000,47922.000000
21589.000000,4951.000000,4513.000000,47979.000000
21629.000000,5039.000000,4618.000000,48067.000000
21614.000000,5098.000000,4747.000000,48121.000000
21609.000000,5169.000000,4829.000000,48136.000000
21551.000000,5205.000000,4852.000000,48181.000000
21521.000000,5212.000000,4853.000000,48179.000000
21513.000000,5234.000000,4825.000000,48171.000000
21509.000000,5201.000000,4831.000000,48153.000000
21450.000000,5143.000000,4744.000000,48134.000000
21378.000000,5162.000000,4740.000000,48099.000000
21382.000000,5124.000000,4693.000000,48076.000000
21317.000000,5068.000000,4625.000000,48076.000000
21272.000000,5072.000000,4594.000000,48056.000000
21254.000000,5080.000000,4601.000000,47988.000000
21162.000000,5018.000000,4534.000000,47980.000000
21177.000000,4978.000000,4460.000000,47967.000000
21098.000000,4942.000000,4403.000000,47913.000000
21040.000000,4893.000000,4380.000000,47928.000000
21006.000000,4888.000000,4347.000000,47877.000000
20986.000000,4853.000000,4269.000000,47873.000000
20905.000000,4817.000000,4230.000000,47830.000000
20872.000000,4773.000000,4172.000000,47798.000000
20860.000000,4696.000000,4095.000000,47753.000000
20844.000000,4664.000000,4041.000000,47705.000000
20811.000000,4699.000000,4008.000000,47717.000000
20763.000000,4597.000000,3981.000000,47681.000000
20707.000000,4635.000000,3953.000000,47681.000000
20672.000000,4561.000000,3918.000000,47658.000000
20621.000000,4574.000000,3886.000000,47641.000000
20589.000000,4543.000000,3840.000000,47635.000000
20571.000000,4521.000000,3825.000000,47580.000000
20494.000000,4493.000000,3762.000000,47594.000000
20462.000000,4420.000000,3750.000000,47579.000000
20446.000000,4427.000000,3672.000000,47506.000000
20335.000000,4341.000000,3619.000000,47480.000000
20310.000000,4346.000000,3593.000000,47447.000000
20250.000000,4271.000000,3534.000000,47489.000000
20192.000000,4254.000000,3506.000000,47433.000000
20164.000000,4237.000000,3441.000000,47414.000000
20168.000000,4171.000000,3360.000000,47386.000000
20237.000000,4135.000000,3358.000000,47361.000000
20314.000000,4125.000000,3294.000000,47313.000000
20440.000000,4138.000000,3301.000000,47279.000000
20455.000000,4155.000000,3348.000000,47336.000000
20604.000000,4261.000000,3459.000000,47408.000000
20744.000000,4301.000000,3550.000000,47487.000000
20830.000000,4386.000000,3656.000000,47551.000000
20921.000000,4435.000000,3773.000000,47585.000000
21065.000000,4531.000000,3902.000000,47633.000000
21156.000000,4636.000000,4015.000000,47734.000000
21344.000000,4712.000000,4161.000000,47812.000000
21445.000000,4860.000000,4331.000000,47883.000000
21567.000000,4942.000000,4423.000000,47968.000000
21648.000000,4998.000000,4596.000000,48049.000000
21744.000000,5149.000000,4719.000000,48101.000000
21799.000000,5222.000000,4879.000000,48190.000000
21851.000000,5338.000000,4980.000000,48275.000000
21848.000000,5394.000000,5057.000000,48309.000000
21786.000000,5465.000000,5104.000000,48333.000000
21743.000000,5447.000000,5134.000000,48343.000000
21709.000000,5432.000000,5139.000000,48370.000000
21668.000000,5439.000000,5090.000000,48309.000000
21648.000000,5424.000000,5067.000000,48308.000000
21639.000000,5362.000000,4995.000000,48280.000000
21592.000000,5319.000000,4931.000000,48211.000000
21543.000000,5286.000000,4958.000000,48236.000000
21511.000000,5260.000000,4895.000000,48194.000000
21457.000000,5232.000000,4862.000000,48178.000000
21446.000000,5221.000000,4840.000000,48157.000000
21389.000000,5181.000000,4780.000000,48133.000000
21323.000000,5156.000000,4754.000000,48143.000000
21306.000000,5136.000000,4692.000000,48089.000000
21292.000000,5097.000000,4660.000000,48075.000000
21205.000000,5032.000000,4567.000000,47996.000000
21152.000000,5007.000000,4536.000000,48000.000000
21115.000000,5027.000000,4494.000000,47979.000000
21027.000000,4956.000000,4449.000000,47955.000000
21039.000000,4945.000000,4406.000000,47934.000000
20938.000000,4892.000000,4329.000000,47879.000000
20881.000000,4807.000000,4247.000000,47874.000000
20880.000000,4785.000000,4216.000000,47809.000000
20802.000000,4723.000000,4122.000000,47791.000000
20751.000000,4715.000000,4047.000000,47756.000000
20710.000000,4680.000000,4013.000000,47723.000000
20679.000000,4623.000000,3958.000000,47722.000000
20611.000000,4592.000000,3951.000000,47695.000000
20569.000000,4588.000000,3875.000000,47649.000000
20523.000000,4499.000000,3863.000000,47650.000000
20467.000000,4490.000000,3810.000000,47574.000000
20403.000000,4434.000000,3753.000000,47571.000000
20338.000000,4399.000000,3726.000000,47541.000000
20323.000000,4358.000000,3625.000000,47495.000000
20336.000000,4302.000000,3571.000000,47492.000000
20369.000000,4260.000000,3556.000000,47452.000000
20448.000000,4254.000000,3501.000000,47400.000000
20517.000000,4290.000000,3513.000000,47457.000000
20596.000000,4307.000000,3562.000000,47471.000000
20704.000000,4353.000000,3622.000000,47495.000000
20782.000000,4416.000000,3727.000000,47532.000000
20898.000000,4425.000000,3813.000000,47590.000000
20995.000000,4532.000000,3912.000000,47681.000000
21162.000000,4651.000000,4024.000000,47738.000000
21264.000000,4754.000000,4128.000000,47782.000000
21400.000000,4808.000000,4278.000000,47846.000000
21543.000000,4952.000000,4399.000000,47943.000000
21647.000000,5039.000000,4550.000000,48007.000000
21793.000000,5108.000000,4683.000000,48125.000000
21862.000000,5213.000000,4827.000000,48188.000000
21964.000000,5306.000000,4961.000000,48249.000000
22012.000000,5390.000000,5115.000000,48338.000000
22002.000000,5488.000000,5227.000000,48411.000000
21978.000000,5576.000000,5308.000000,48476.000000
21931.000000,5610.000000,5370.000000,48448.000000
21903.000000,5612.000000,5355.000000,48455.000000
21870.000000,5587.000000,5275.000000,48432.000000
21819.000000,5569.000000,5257.000000,48426.000000
21758.000000,5526.000000,5209.000000,48372.000000
21765.000000,5505.000000,5156.000000,48360.000000
21705.000000,5441.000000,5079.000000,48329.000000
21642.000000,5401.000000,5055.000000,48312.000000
21599.000000,5385.000000,5007.000000,48276.000000
21586.000000,5326.000000,4981.000000,48286.000000
21532.000000,5319.000000,4946.000000,48225.000000
21547.000000,5284.000000,4899.000000,48202.000000
21459.000000,5257.000000,4894.000000,48169.000000
21427.000000,5233.000000,4861.000000,48166.000000
21421.000000,5208.000000,4782.000000,48110.000000
21325.000000,5188.000000,4723.000000,48128.000000
21326.000000,5120.000000,4680.000000,48088.000000
21285.000000,5100.000000,4658.000000,48069.000000
21252.000000,5082.000000,4631.000000,48035.000000
21162.000000,5032.000000,4608.000000,48026.000000
21112.000000,5012.000000,4532.000000,47987.000000
21070.000000,4990.000000,4466.000000,47940.000000
21063.000000,4922.000000,4392.000000,47953.000000
20950.000000,4897.000000,4327.000000,47904.000000
20927.000000,4856.000000,4285.000000,47865.000000
20898.000000,4817.000000,4296.000000,47860.000000
20884.000000,4762.000000,4191.000000,47842.000000
20858.000000,4731.000000,4147.000000,47820.000000
20776.000000,4722.000000,4113.000000,47769.000000
20733.000000,4678.000000,4063.000000,47735.000000
20685.000000,4620.000000,4006.000000,47713.000000
20649.000000,4645.000000,3955.000000,47684.000000
20594.000000,4567.000000,3921.000000,47682.000000
20525.000000,4533.000000,3884.000000,47638.000000
20493.000000,4510.000000,3839.000000,47657.000000
20468.000000,4479.000000,3785.000000,47571.000000
20469.000000,4447.000000,3688.000000,47556.000000
20541.000000,4395.000000,3662.000000,47525.000000
20590.000000,4383.000000,3672.000000,47529.000000
20615.000000,4390.000000,3666.000000,47500.000000
20726.000000,4458.000000,3765.000000,47576.000000
20856.000000,4493.000000,3824.000000,47614.000000
21000.000000,4516.000000,3852.000000,47618.000000
21092.000000,4582.000000,3972.000000,47705.000000
21246.000000,4664.000000,4121.000000,47772.000000
21387.000000,4806.000000,4261.000000,47884.000000
21508.000000,4889.000000,4384.000000,47930.000000
21641.000000,5010.000000,4537.000000,47991.000000
21761.000000,5090.000000,4660.000000,48075.000000
21861.000000,5207.000000,4882.000000,48189.000000
21932.000000,5313.000000,4982.000000,48258.000000
21996.000000,5415.000000,5082.000000,48301.000000
21980.000000,5462.000000,5221.000000,48373.000000
21949.000000,5520.000000,5289.000000,48426.000000
21899.000000,5638.000000,5321.000000,48430.000000
21846.000000,5624.000000,5335.000000,48410.000000
21827.000000,5584.000000,5303.000000,48433.000000
21758.000000,5552.000000,5265.000000,48389.000000
21705.000000,5526.000000,5182.000000,48358.000000
21682.000000,5449.000000,5111.000000,48338.000000
21663.000000,5431.000000,5075.000000,48314.000000
21605.000000,5390.000000,5009.000000,48248.000000
21562.000000,5387.000000,5016.000000,48280.000000
21511.000000,5345.000000,4964.000000,48252.000000
21421.000000,5287.000000,4925.000000,48214.000000
21397.000000,5254.000000,4860.000000,48159.000000
21393.000000,5228.000000,4829.000000,48150.000000
21353.000000,5106.000000,4704.000000,48084.000000
21319.000000,5107.000000,4673.000000,48112.000000
21268.000000,5128.000000,4647.000000,48095.000000
21194.000000,5059.000000,4621.000000,48043.000000
21168.000000,5055.000000,4594.000000,48022.000000
21112.000000,5000.000000,4535.000000,48001.000000
21054.000000,4982.000000,4476.000000,47979.000000
21035.000000,4952.000000,4418.000000,47961.000000
20957.000000,4895.000000,4371.000000,47938.000000
20913.000000,4876.000000,4329.000000,47881.000000
20867.000000,4855.000000,4236.000000,47855.000000
20790.000000,4785.000000,4187.000000,47795.000000
20759.000000,4727.000000,4097.000000,47772.000000
20715.000000,4693.000000,4066.000000,47726.000000
20670.000000,4660.000000,3980.000000,47708.000000
20643.000000,4597.000000,3963.000000,47698.000000
20610.000000,4543.000000,3894.000000,47654.000000
20529.000000,4523.000000,3868.000000,47643.000000
20497.000000,4473.000000,3821.000000,47622.000000
20450.000000,4458.000000,3761.000000,47589.000000
20387.000000,4407.000000,3744.000000,47581.000000
20372.000000,4371.000000,3656.000000,47560.000000
20316.000000,4350.000000,3631.000000,47506.000000
20325.000000,4344.000000,3560.000000,47483.000000
20386.000000,4264.000000,3533.000000,47461.000000
20418.000000,4282.000000,3501.000000,47432.000000
20518.000000,4241.000000,3510.000000,47445.000000
20586.000000,4314.000000,3583.000000,47497.000000
20681.000000,4329.000000,3654.000000,47540.000000
20837.000000,4403.000000,3709.000000,47545.000000
20941.000000,4462.000000,3822.000000,47649.000000
20994.000000,4532.000000,3901.000000,47688.000000
21121.000000,4635.000000,3996.000000,47713.000000
21275.000000,4733.000000,4132.000000,47794.000000
21384.000000,4845.000000,4273.000000,47859.000000
21499.000000,4915.000000,4394.000000,47940.000000
21608.000000,5045.000000,4560.000000,48015.000000
21749.000000,5053.000000,4633.000000,48096.000000
21795.000000,5208.000000,4807.000000,48164.000000
21848.000000,5275.000000,4915.000000,48236.000000
21855.000000,5381.000000,5012.000000,48287.000000
21838.000000,5418.000000,5121.000000,48339.000000
21839.000000,5479.000000,5123.000000,48344.000000
21778.000000,5477.000000,5135.000000,48361.000000
21738.000000,5489.000000,5123.000000,48332.000000
21670.000000,5424.000000,5120.000000,48295.000000
21629.000000,5421.000000,5048.000000,48294.000000
21600.000000,5367.000000,5036.000000,48287.000000
21552.000000,5363.000000,4951.000000,48268.000000
21557.000000,5300.000000,4931.000000,48212.000000
21484.000000,5272.000000,4885.000000,48196.000000
21469.000000,5214.000000,4833.000000,48179.000000
21459.000000,5243.000000,4776.000000,48123.000000
21385.000000,5174.000000,4766.000000,48145.000000
21371.000000,5148.000000,4698.000000,48123.000000
21383.000000,5152.000000,4702.000000,48081.000000
21368.000000,5124.000000,4634.000000,48072.000000
21300.000000,5134.000000,4618.000000,48048.000000
21269.000000,5072.000000,4606.000000,48053.000000
21251.000000,5063.000000,4580.000000,48044.000000
21219.000000,5021.000000,4508.000000,47978.000000
21154.000000,5025.000000,4495.000000,47981.000000
21145.000000,4993.000000,4470.000000,47981.000000
21087.000000,4954.000000,4402.000000,47949.000000
21035.000000,4900.000000,4396.000000,47927.000000
20995.000000,4912.000000,4338.000000,47898.000000
20977.000000,4859.000000,4298.000000,47899.000000
20927.000000,4843.000000,4246.000000,47868.000000
20882.000000,4817.000000,4236.000000,47845.000000
20843.000000,4791.000000,4166.000000,47789.000000
20783.000000,4761.000000,4109.000000,47761.000000
20736.000000,4703.000000,4053.000000,47729.000000
20711.000000,4682.000000,4029.000000,47729.000000
20645.000000,4620.000000,3939.000000,47717.000000
20583.000000,4598.000000,3902.000000,47683.000000
20507.000000,4587.000000,3846.000000,47634.000000
20517.000000,4509.000000,3829.000000,47593.000000
20498.000000,4489.000000,3751.000000,47598.000000
20509.000000,4429.000000,3723.000000,47563.000000
20568.000000,4433.000000,3673.000000,47513.000000
20605.000000,4421.000000,3710.000000,47569.000000
20727.000000,4429.000000,3705.000000,47541.000000
20730.000000,4465.000000,3736.000000,47575.000000
20811.000000,4520.000000,3834.000000,47641.000000
20927.000000,4543.000000,3904.000000,47675.000000
21024.000000,4614.000000,3890.000000,47662.000000
21155.000000,4650.000000,3995.000000,47736.000000
21268.000000,4717.000000,4146.000000,47766.000000
21364.000000,4824.000000,4231.000000,47853.000000
21506.000000,4907.000000,4349.000000,47942.000000
21596.000000,4986.000000,4535.000000,47987.000000
21703.000000,5107.000000,4649.000000,48109.000000
21831.000000,5202.000000,4754.000000,48150.000000
21894.000000,5289.000000,4913.000000,48237.000000
21996.000000,5388.000000,5057.000000,48283.000000
22021.000000,5448.000000,5146.000000,48359.000000
22020.000000,5536.000000,5223.000000,48422.000000
22015.000000,5594.000000,5293.000000,48441.000000
22002.000000,5600.000000,5345.000000,48463.000000
21915.000000,5617.000000,5311.000000,48442.000000
21890.000000,5632.000000,5328.000000,48459.000000
21892.000000,5594.000000,5272.000000,48389.000000
21867.000000,5506.000000,5243.000000,48394.000000
21804.000000,5517.000000,5160.000000,48350.000000
21783.000000,5487.000000,5156.000000,48377.000000
21730.000000,5484.000000,5127.000000,48355.000000
21732.000000,5458.000000,5084.000000,48314.000000
21676.000000,5391.000000,5014.000000,48285.000000
21623.000000,5389.000000,5002.000000,48270.000000
21634.000000,5366.000000,4945.000000,48234.000000
21578.000000,5311.000000,4932.000000,48212.000000
21546.000000,5262.000000,4868.000000,48205.000000
21487.000000,5263.000000,4869.000000,48167.000000
21486.000000,5227.000000,4813.000000,48166.000000
21374.000000,5208.000000,4770.000000,48139.000000
21348.000000,5170.000000,4727.000000,48120.000000
21300.000000,5169.000000,4673.000000,48090.000000
21220.000000,5081.000000,4595.000000,48065.000000
21194.000000,5051.000000,4574.000000,48011.000000
21118.000000,5032.000000,4507.000000,48000.000000
21123.000000,4986.000000,4426.000000,47979.000000
21065.000000,4943.000000,4378.000000,47917.000000
21058.000000,4901.000000,4304.000000,47899.000000
21001.000000,4869.000000,4270.000000,47847.000000
20928.000000,4867.000000,4198.000000,47829.000000
20877.000000,4820.000000,4208.000000,47821.000000
20852.000000,4776.000000,4133.000000,47798.000000
20766.000000,4725.000000,4075.000000,47777.000000
20702.000000,4716.000000,4041.000000,47768.000000
20726.000000,4643.000000,3995.000000,47726.000000
20607.000000,4610.000000,3942.000000,47691.000000
20566.000000,4572.000000,3875.000000,47665.000000
20510.000000,4514.000000,3851.000000,47611.000000
20487.000000,4488.000000,3769.000000,47597.000000
20446.000000,4455.000000,3708.000000,47564.000000
20501.000000,4406.000000,3630.000000,47516.000000
20534.000000,4370.000000,3609.000000,47535.000000
20571.000000,4344.000000,3605.000000,47505.000000
20612.000000,4380.000000,3628.000000,47503.000000
20718.000000,4458.000000,3684.000000,47499.000000
20823.000000,4474.000000,3778.000000,47598.000000
20933.000000,4480.000000,3803.000000,47611.000000
21075.000000,4582.000000,3871.000000,47634.000000
21176.000000,4659.000000,4028.000000,47739.000000
21324.000000,4734.000000,4113.000000,47796.000000
21435.000000,4856.000000,4275.000000,47898.000000
21561.000000,4982.000000,4444.000000,47971.000000
21665.000000,5082.000000,4585.000000,48049.000000
21787.000000,5169.000000,4710.000000,48120.000000
21897.000000,5269.000000,4892.000000,48214.000000
22031.000000,5348.000000,4969.000000,48285.000000
22116.000000,5440.000000,5097.000000,48332.000000
22164.000000,5514.000000,5204.000000,48371.000000
22168.000000,5630.000000,5372.000000,48467.000000
22133.000000,5647.000000,5418.000000,48491.000000
22086.000000,5724.000000,5469.000000,48538.000000
22080.000000,5714.000000,5488.000000,48539.000000
22089.000000,5733.000000,5413.000000,48485.000000
21993.000000,5693.000000,5393.000000,48486.000000
21957.000000,5681.000000,5392.000000,48495.000000
21961.000000,5646.000000,5339.000000,48467.000000
21874.000000,5632.000000,5313.000000,48398.000000
21858.000000,5551.000000,5269.000000,48376.000000
21817.000000,5534.000000,5222.000000,48354.000000
21793.000000,5517.000000,5144.000000,48356.000000
21746.000000,5487.000000,5098.000000,48339.000000
21690.000000,5452.000000,5066.000000,48311.000000
21620.000000,5390.000000,5025.000000,48259.000000
21566.000000,5376.000000,4976.000000,48219.000000
21539.000000,5306.000000,4892.000000,48215.000000
21490.000000,5285.000000,4855.000000,48160.000000
21388.000000,5267.000000,4800.000000,48164.000000
21355.000000,5207.000000,4719.000000,48129.000000
21303.000000,5152.000000,4695.000000,48095.000000
21261.000000,5110.000000,4627.000000,48044.000000
21249.000000,5054.000000,4539.000000,48014.000000
21178.000000,5041.000000,4514.000000,47990.000000
21142.000000,4983.000000,4472.000000,47978.000000
21074.000000,4951.000000,4397.000000,47935.000000
21033.000000,4943.000000,4331.000000,47902.000000
20963.000000,4884.000000,4288.000000,47856.000000
20933.000000,4888.000000,4256.000000,47836.000000
20821.000000,4810.000000,4208.000000,47824.000000
20846.000000,4761.000000,4119.000000,47804.000000
20800.000000,4784.000000,4101.000000,47746.000000
20726.000000,4666.000000,3971.000000,47682.000000
20651.000000,4605.000000,3928.000000,47669.000000
20609.000000,4620.000000,3921.000000,47666.000000
20547.000000,4579.000000,3855.000000,47634.000000
20520.000000,4519.000000,3788.000000,47605.000000
20480.000000,4485.000000,3764.000000,47558.000000
20472.000000,4428.000000,3673.000000,47545.000000
20472.000000,4385.000000,3656.000000,47502.000000
20468.000000,4395.000000,3617.000000,47492.000000
20535.000000,4387.000000,3630.000000,47507.000000
20623.000000,4399.000000,3570.000000,47483.000000
20751.000000,4425.000000,3643.000000,47516.000000
20798.000000,4482.000000,3726.000000,47551.000000
21046.000000,4516.000000,3792.000000,47588.000000
21062.000000,4606.000000,3875.000000,47637.000000
21058.000000,4697.000000,3999.000000,47715.000000
21203.000000,4820.000000,4215.000000,47828.000000
21309.000000,4888.000000,4262.000000,47861.000000
21427.000000,4903.000000,4299.000000,47882.000000
21522.000000,4986.000000,4452.000000,47948.000000
21632.000000,5053.000000,4553.000000,47994.000000
21672.000000,5167.000000,4685.000000,48079.000000
21790.000000,5249.000000,4817.000000,48167.000000
21886.000000,5334.000000,4942.000000,48236.000000
21973.000000,5359.000000,4962.000000,48279.000000
22024.000000,5439.000000,5084.000000,48324.000000
22038.000000,5532.000000,5201.000000,48377.000000
22011.000000,5586.000000,5268.000000,48401.000000
21977.000000,5606.000000,5302.000000,48432.000000
21864.000000,5655.000000,5334.000000,48431.000000
21859.000000,5647.000000,5310.000000,48428.000000
21807.000000,5581.000000,5239.000000,48407.000000
21796.000000,5540.000000,5157.000000,48352.000000
21720.000000,5489.000000,5089.000000,48312.000000
21650.000000,5460.000000,5062.000000,48287.000000
21600.000000,5443.000000,5033.000000,48250.000000
21555.000000,5380.000000,4956.000000,48237.000000
21521.000000,5342.000000,4895.000000,48200.000000
21471.000000,5325.000000,4872.000000,48165.000000
21445.000000,5240.000000,4826.000000,48170.000000
21407.000000,5195.000000,4755.000000,48113.000000
21400.000000,5187.000000,4676.000000,48065.000000
21354.000000,5150.000000,4613.000000,48072.000000
21281.000000,5114.000000,4603.000000,48033.000000
21247.000000,5129.000000,4545.000000,48013.000000
21191.000000,5045.000000,4480.000000,47967.000000
21161.000000,5059.000000,4453.000000,47954.000000
21113.000000,4991.000000,4386.000000,47919.000000
21089.000000,5000.000000,4357.000000,47885.000000
21066.000000,4912.000000,4277.000000,47844.000000
20996.000000,4905.000000,4239.000000,47842.000000
20968.000000,4879.000000,4216.000000,47834.000000
20931.000000,4856.000000,4199.000000,47832.000000
20856.000000,4829.000000,4128.000000,47798.000000
20791.000000,4777.000000,4095.000000,47761.000000
20734.000000,4769.000000,4028.000000,47724.000000
20644.000000,4682.000000,3984.000000,47705.000000
20556.000000,4631.000000,3895.000000,47657.000000
20537.000000,4584.000000,3823.000000,47646.000000
20471.000000,4496.000000,3765.000000,47576.000000
20412.000000,4481.000000,3719.000000,47542.000000
20444.000000,4431.000000,3623.000000,47492.000000
20395.000000,4371.000000,3544.000000,47494.000000
20418.000000,4309.000000,3520.000000,47462.000000
20515.000000,4304.000000,3462.000000,47415.000000
20509.000000,4296.000000,3513.000000,47463.000000
20662.000000,4320.000000,3480.000000,47426.000000
20761.000000,4375.000000,3564.000000,47508.000000
20895.000000,4458.000000,3673.000000,47531.000000
20985.000000,4523.000000,3804.000000,47627.000000
21108.000000,4623.000000,3896.000000,47660.000000
21262.000000,4747.000000,4052.000000,47737.000000
21374.000000,4836.000000,4175.000000,47802.000000
21448.000000,4940.000000,4351.000000,47927.000000
21518.000000,5045.000000,4442.000000,47940.000000
21655.000000,5122.000000,4596.000000,48020.000000
21760.000000,5175.000000,4696.000000,48112.000000
21869.000000,5236.000000,4750.000000,48140.000000
21959.000000,5334.000000,4897.000000,48209.000000
21948.000000,5410.000000,5000.000000,48265.000000
21957.000000,5504.000000,5118.000000,48358.000000
21908.000000,5556.000000,5175.000000,48330.000000
21870.000000,5537.000000,5169.000000,48375.000000
21821.000000,5579.000000,5215.000000,48381.000000
21788.000000,5571.000000,5156.000000,48326.000000
21729.000000,5529.000000,5140.000000,48278.000000
21703.000000,5462.000000,5011.000000,48283.000000
21657.000000,5456.000000,4992.000000,48257.000000
21648.000000,5420.000000,4969.000000,48195.000000
21632.000000,5357.000000,4910.000000,48230.000000
21573.000000,5351.000000,4872.000000,48174.000000
21553.000000,5300.000000,4837.000000,48179.000000
21516.000000,5309.000000,4822.000000,48141.000000
21521.000000,5291.000000,4782.000000,48151.000000
21449.000000,5249.000000,4752.000000,48118.000000
21414.000000,5234.000000,4700.000000,48062.000000
21356.000000,5206.000000,4690.000000,48058.000000
21323.000000,5161.000000,4645.000000,48044.000000
21251.000000,5173.000000,4594.000000,47977.000000
21261.000000,5073.000000,4539.000000,47990.000000
21184.000000,5127.000000,4497.000000,47970.000000
21154.000000,5040.000000,4437.000000,47941.000000
21142.000000,5034.000000,4423.000000,47904.000000
21104.000000,4980.000000,4325.000000,47887.000000
21051.000000,4979.000000,4306.000000,47875.000000
21046.000000,4948.000000,4273.000000,47826.000000
20970.000000,4904.000000,4225.000000,47818.000000
20897.000000,4862.000000,4204.000000,47798.000000
20892.000000,4869.000000,4173.000000,47779.000000
20856.000000,4824.000000,4116.000000,47747.000000
20790.000000,4813.000000,4054.000000,47710.000000
20726.000000,4749.000000,4004.000000,47679.000000
20653.000000,4713.000000,3965.000000,47630.000000
20603.000000,4636.000000,3931.000000,47646.000000
20582.000000,4633.000000,3816.000000,47623.000000
20503.000000,4564.000000,3815.000000,47573.000000
20522.000000,4513.000000,3734.000000,47535.000000
20517.000000,4498.000000,3672.000000,47505.000000
20515.000000,4461.000000,3610.000000,47468.000000
20622.000000,4467.000000,3583.000000,47471.000000
20685.000000,4433.000000,3583.000000,47467.000000
20775.000000,4457.000000,3627.000000,47466.000000
20830.000000,4506.000000,3695.000000,47507.000000
20917.000000,4568.000000,3804.000000,47562.000000
21062.000000,4626.000000,3887.000000,47619.000000
21165.000000,4745.000000,3998.000000,47678.000000
21281.000000,4816.000000,4085.000000,47758.000000
21416.000000,4913.000000,4228.000000,47834.000000
21547.000000,5013.000000,4335.000000,47915.000000
21643.000000,5081.000000,4459.000000,47953.000000
21742.000000,5182.000000,4627.000000,48055.000000
21865.000000,5299.000000,4765.000000,48136.000000
22008.000000,5393.000000,4904.000000,48227.000000
22049.000000,5473.000000,5036.000000,48283.000000
22101.000000,5596.000000,5151.000000,48340.000000
22175.000000,5632.000000,5248.000000,48399.000000
22091.000000,5700.000000,5346.000000,48448.000000
22064.000000,5722.000000,5397.000000,48480.000000
22052.000000,5787.000000,5412.000000,48490.000000
21990.000000,5751.000000,5370.000000,48464.000000
21886.000000,5723.000000,5309.000000,48445.000000
21915.000000,5726.000000,5305.000000,48384.000000
21858.000000,5638.000000,5217.000000,48378.000000
21829.000000,5581.000000,5173.000000,48316.000000
21773.000000,5557.000000,5145.000000,48291.000000
21766.000000,5538.000000,5076.000000,48287.000000
21697.000000,5517.000000,5066.000000,48252.000000
21657.000000,5516.000000,4995.000000,48232.000000
21568.000000,5424.000000,4957.000000,48227.000000
21545.000000,5395.000000,4908.000000,48183.000000
21578.000000,5365.000000,4871.000000,48177.000000
21430.000000,5347.000000,4858.000000,48130.000000
21439.000000,5299.000000,4771.000000,48128.000000
21431.000000,5292.000000,4746.000000,48088.000000
21395.000000,5177.000000,4616.000000,48032.000000
21308.000000,5172.000000,4619.000000,47997.000000
21289.000000,5162.000000,4623.000000,48017.000000
21269.000000,5155.000000,4576.000000,47987.000000
21191.000000,5069.000000,4455.000000,47935.000000
21206.000000,5078.000000,4392.000000,47930.000000
21107.000000,5061.000000,4423.000000,47923.000000
21088.000000,5017.000000,4359.000000,47884.000000
21010.000000,4998.000000,4323.000000,47878.000000
21019.000000,4951.000000,4237.000000,47858.000000
20971.000000,4904.000000,4222.000000,47821.000000
20908.000000,4896.000000,4211.000000,47800.000000
20868.000000,4859.000000,4141.000000,47778.000000
20834.000000,4843.000000,4084.000000,47720.000000
20790.000000,4801.000000,4031.000000,47748.000000
20739.000000,4762.000000,3996.000000,47644.000000
20703.000000,4722.000000,3949.000000,47675.000000
20678.000000,4678.000000,3872.000000,47627.000000
20640.000000,4615.000000,3861.000000,47597.000000
20682.000000,4613.000000,3801.000000,47585.000000
20703.000000,4605.000000,3803.000000,47583.000000
20802.000000,4606.000000,3797.000000,47560.000000
20892.000000,4632.000000,3839.000000,47609.000000
20960.000000,4636.000000,3864.000000,47636.000000
21054.000000,4724.000000,3916.000000,47648.000000
21208.000000,4780.000000,4010.000000,47740.000000
21276.000000,4852.000000,4127.000000,47776.000000
21425.000000,4948.000000,4280.000000,47856.000000
21469.000000,5040.000000,4399.000000,47881.000000
21559.000000,5126.000000,4515.000000,47982.000000
21730.000000,5248.000000,4644.000000,48075.000000
21799.000000,5231.000000,4714.000000,48081.000000
21943.000000,5353.000000,4867.000000,48170.000000
22018.000000,5463.000000,4981.000000,48235.000000
22128.000000,5531.000000,5106.000000,48319.000000
22241.000000,5647.000000,5228.000000,48387.000000
22302.000000,5722.000000,5352.000000,48459.000000
22301.000000,5816.000000,5436.000000,48504.000000
22283.000000,5873.000000,5580.000000,48565.000000
22256.000000,5930.000000,5575.000000,48583.000000
22229.000000,5923.000000,5620.000000,48564.000000
22190.000000,5941.000000,5604.000000,48584.000000
22166.000000,5900.000000,5572.000000,48542.000000
22109.000000,5866.000000,5540.000000,48539.000000
22091.000000,5848.000000,5525.000000,48510.000000
22059.000000,5837.000000,5462.000000,48497.000000
21987.000000,5815.000000,5411.000000,48483.000000
21973.000000,5767.000000,5378.000000,48456.000000
21945.000000,5772.000000,5338.000000,48433.000000
21877.000000,5710.000000,5276.000000,48422.000000
21845.000000,5673.000000,5229.000000,48406.000000
21751.000000,5624.000000,5215.000000,48314.000000
21730.000000,5597.000000,5126.000000,48323.000000
21665.000000,5538.000000,5065.000000,48275.000000
21616.000000,5527.000000,4990.000000,48252.000000
21571.000000,5500.000000,4967.000000,48245.000000
21542.000000,5460.000000,4929.000000,48196.000000
21452.000000,5387.000000,4863.000000,48148.000000
21416.000000,5367.000000,4787.000000,48100.000000
21331.000000,5328.000000,4698.000000,48065.000000
21297.000000,5287.000000,4670.000000,48036.000000
21240.000000,5206.000000,4617.000000,48011.000000
21214.000000,5177.000000,4525.000000,47987.000000
21163.000000,5106.000000,4482.000000,47962.000000
21130.000000,5092.000000,4416.000000,47914.000000
21062.000000,5046.000000,4354.000000,47893.000000
21006.000000,5006.000000,4320.000000,47877.000000
20958.000000,4964.000000,4282.000000,47820.000000
20894.000000,4953.000000,4179.000000,47788.000000
20818.000000,4860.000000,4140.000000,47773.000000
20806.000000,4866.000000,4107.000000,47722.000000
20709.000000,4786.000000,4009.000000,47693.000000
20659.000000,4746.000000,3949.000000,47659.000000
20668.000000,4741.000000,3921.000000,47622.000000
20628.000000,4685.000000,3875.000000,47597.000000
20689.000000,4644.000000,3830.000000,47566.000000
20718.000000,4567.000000,3793.000000,47595.000000
20787.000000,4562.000000,3752.000000,47575.000000
20859.000000,4586.000000,3797.000000,47559.000000
20931.000000,4653.000000,3833.000000,47632.000000
21037.000000,4712.000000,3934.000000,47642.000000
21127.000000,4784.000000,3992.000000,47716.000000
21209.000000,4882.000000,4088.000000,47727.000000
21315.000000,4926.000000,4208.000000,47822.000000
21425.000000,4997.000000,4317.000000,47873.000000
21511.000000,5092.000000,4447.000000,47928.000000
21648.000000,5133.000000,4548.000000,47988.000000
21785.000000,5271.000000,4680.000000,48062.000000
21845.000000,5320.000000,4808.000000,48150.000000
21956.000000,5410.000000,4922.000000,48208.000000
22013.000000,5508.000000,5016.000000,48281.000000
22016.000000,5570.000000,5133.000000,48342.000000
22021.000000,5633.000000,5247.000000,48381.000000
21923.000000,5720.000000,5312.000000,48419.000000
21903.000000,5702.000000,5297.000000,48418.000000
21934.000000,5711.000000,5321.000000,48410.000000
21860.000000,5645.000000,5235.000000,48383.000000
21859.000000,5617.000000,5192.000000,48363.000000
21795.000000,5617.000000,5156.000000,48368.000000
21815.000000,5577.000000,5116.000000,48320.000000
21725.000000,5582.000000,5111.000000,48316.000000
21699.000000,5541.000000,5015.000000,48269.000000
21694.000000,5552.000000,5016.000000,48271.000000
21663.000000,5474.000000,4967.000000,48193.000000
21602.000000,5448.000000,4943.000000,48194.000000
21569.000000,5414.000000,4917.000000,48215.000000
21532.000000,5404.000000,4878.000000,48165.000000
21490.000000,5377.000000,4866.000000,48163.000000
21452.000000,5339.000000,4753.000000,48103.000000
21402.000000,5318.000000,4738.000000,48093.000000
21389.000000,5273.000000,4678.000000,48051.000000
21341.000000,5240.000000,4650.000000,48050.000000
21268.000000,5216.000000,4582.000000,48011.000000
21251.000000,5190.000000,4558.000000,47994.000000
21202.000000,5127.000000,4523.000000,47945.000000
21161.000000,5139.000000,4444.000000,47905.000000
21115.000000,5078.000000,4425.000000,47909.000000
21072.000000,5035.000000,4370.000000,47888.000000
20957.000000,4992.000000,4306.000000,47819.000000
20931.000000,4994.000000,4250.000000,47815.000000
20944.000000,4911.000000,4169.000000,47802.000000
20813.000000,4887.000000,4134.000000,47777.000000
20786.000000,4823.000000,4104.000000,47732.000000
20750.000000,4778.000000,4021.000000,47668.000000
20733.000000,4723.000000,3953.000000,47681.000000
20660.000000,4726.000000,3938.000000,47620.000000
20647.000000,4675.000000,3857.000000,47610.000000
20653.000000,4622.000000,3799.000000,47581.000000
20698.000000,4616.000000,3751.000000,47552.000000
20773.000000,4570.000000,3764.000000,47558.000000
20855.000000,4590.000000,3748.000000,47538.000000
20961.000000,4684.000000,3828.000000,47559.000000
21046.000000,4701.000000,3904.000000,47621.000000
21134.000000,4807.000000,4025.000000,47697.000000
21269.000000,4873.000000,4146.000000,47728.000000
21349.000000,4953.000000,4269.000000,47826.000000
21462.000000,4993.000000,4321.000000,47855.000000
21583.000000,5071.000000,4476.000000,47953.000000
21707.000000,5182.000000,4548.000000,48001.000000
21852.000000,5281.000000,4672.000000,48067.000000
21961.000000,5356.000000,4864.000000,48132.000000
22080.000000,5465.000000,4980.000000,48218.000000
22200.000000,5560.000000,5130.000000,48318.000000
22262.000000,5681.000000,5279.000000,48358.000000
22309.000000,5757.000000,5389.000000,48448.000000
22325.000000,5860.000000,5461.000000,48511.000000
22290.000000,5915.000000,5567.000000,48551.000000
22233.000000,5924.000000,5610.000000,48588.000000
22225.000000,5904.000000,5591.000000,48565.000000
22171.000000,5952.000000,5525.000000,48555.000000
22135.000000,5918.000000,5526.000000,48508.000000
22099.000000,5873.000000,5488.000000,48480.000000
22056.000000,5840.000000,5452.000000,48449.000000
22012.000000,5797.000000,5381.000000,48459.000000
21982.000000,5784.000000,5359.000000,48437.000000
21948.000000,5746.000000,5298.000000,48396.000000
21882.000000,5725.000000,5242.000000,48389.000000
21857.000000,5645.000000,5215.000000,48343.000000
21813.000000,5620.000000,5168.000000,48347.000000
21777.000000,5588.000000,5082.000000,48301.000000
21755.000000,5586.000000,5075.000000,48274.000000
21723.000000,5526.000000,5005.000000,48259.000000
21680.000000,5503.000000,4959.000000,48224.000000
21616.000000,5463.000000,4934.000000,48197.000000
21545.000000,5426.000000,4909.000000,48185.000000
21519.000000,5440.000000,4825.000000,48122.000000
21480.000000,5391.000000,4759.000000,48099.000000
21403.000000,5334.000000,4725.000000,48082.000000
21375.000000,5293.000000,4677.000000,48016.000000
21306.000000,5257.000000,4624.000000,48033.000000
21281.000000,5203.000000,4557.000000,47998.000000
21191.000000,5177.000000,4531.000000,47972.000000
21126.000000,5151.000000,4448.000000,47917.000000
21133.000000,5090.000000,4385.000000,47904.000000
21093.000000,5021.000000,4274.000000,47864.000000
21074.000000,4998.000000,4248.000000,47822.000000
21070.000000,4989.000000,4256.000000,47822.000000
21021.000000,4975.000000,4221.000000,47809.000000
20997.000000,4936.000000,4182.000000,47787.000000
20982.000000,4913.000000,4144.000000,47782.000000
20921.000000,4899.000000,4143.000000,47790.000000
20924.000000,4876.000000,4080.000000,47745.000000
20877.000000,4855.000000,4073.000000,47708.000000
20929.000000,4846.000000,4021.000000,47710.000000
21012.000000,4821.000000,3989.000000,47676.000000
21123.000000,4821.000000,3989.000000,47667.000000
21204.000000,4821.000000,4038.000000,47720.000000
21310.000000,4905.000000,4131.000000,47789.000000
21401.000000,4965.000000,4230.000000,47803.000000
21477.000000,5016.000000,4318.000000,47901.000000
21620.000000,5171.000000,4457.000000,47902.000000
21807.000000,5191.000000,4572.000000,48014.000000
21883.000000,5312.000000,4662.000000,48083.000000
21975.000000,5421.000000,4863.000000,48163.000000
22049.000000,5552.000000,4995.000000,48254.000000
22156.000000,5626.000000,5105.000000,48316.000000
22241.000000,5699.000000,5238.000000,48401.000000
22332.000000,5779.000000,5337.000000,48455.000000
22356.000000,5810.000000,5466.000000,48519.000000
22330.000000,5886.000000,5541.000000,48555.000000
22293.000000,5955.000000,5605.000000,48568.000000
22299.000000,5949.000000,5646.000000,48583.000000
22261.000000,5948.000000,5624.000000,48569.000000
22229.000000,5942.000000,5566.000000,48598.000000
22186.000000,5913.000000,5568.000000,48554.000000
22153.000000,5893.000000,5514.000000,48522.000000
22140.000000,5875.000000,5486.000000,48479.000000
22124.000000,5851.000000,5440.000000,48542.000000
22067.000000,5831.000000,5413.000000,48472.000000
22047.000000,5812.000000,5379.000000,48463.000000
22067.000000,5791.000000,5328.000000,48440.000000
22015.000000,5758.000000,5280.000000,48393.000000
21981.000000,5738.000000,5281.000000,48388.000000
21969.000000,5755.000000,5270.000000,48371.000000
21919.000000,5700.000000,5218.000000,48389.000000
21891.000000,5707.000000,5171.000000,48329.000000
21866.000000,5676.000000,5154.000000,48353.000000
21787.000000,5626.000000,5130.000000,48278.000000
21762.000000,5621.000000,5102.000000,48281.000000
21711.000000,5610.000000,5030.000000,48249.000000
21638.000000,5567.000000,4968.000000,48205.000000
21606.000000,5526.000000,4923.000000,48175.000000
21552.000000,5448.000000,4901.000000,48166.000000
21503.000000,5413.000000,4837.000000,48108.000000
21479.000000,5382.000000,4760.000000,48134.000000
21411.000000,5348.000000,4708.000000,48069.000000
21370.000000,5293.000000,4609.000000,48005.000000
21306.000000,5232.000000,4588.000000,47993.000000
21260.000000,5183.000000,4542.000000,47982.000000
21219.000000,5211.000000,4473.000000,47934.000000
21217.000000,5115.000000,4416.000000,47910.000000
21233.000000,5118.000000,4408.000000,47865.000000
21217.000000,5078.000000,4377.000000,47842.000000
21224.000000,5077.000000,4313.000000,47829.000000
21239.000000,5051.000000,4308.000000,47844.000000
21257.000000,5065.000000,4287.000000,47853.000000
21302.000000,5081.000000,4315.000000,47830.000000
21314.000000,5096.000000,4337.000000,47856.000000
21392.000000,5108.000000,4403.000000,47892.000000
21459.000000,5167.000000,4419.000000,47881.000000
21562.000000,5213.000000,4488.000000,47958.000000
21618.000000,5258.000000,4526.000000,47962.000000
21685.000000,5279.000000,4615.000000,48016.000000
21784.000000,5392.000000,4714.000000,48033.000000
21862.000000,5407.000000,4827.000000,48113.000000
21942.000000,5505.000000,4926.000000,48179.000000
22072.000000,5599.000000,5024.000000,48265.000000
22208.000000,5642.000000,5081.000000,48231.000000
22316.000000,5721.000000,5173.000000,48325.000000
22408.000000,5793.000000,5351.000000,48414.000000
22529.000000,5921.000000,5495.000000,48464.000000
22648.000000,6004.000000,5638.000000,48544.000000
22729.000000,6084.000000,5709.000000,48609.000000
22855.000000,6146.000000,5858.000000,48667.000000
22828.000000,6285.000000,5956.000000,48744.000000
22846.000000,6354.000000,6105.000000,48795.000000
22833.000000,6398.000000,6162.000000,48852.000000
22806.000000,6423.000000,6184.000000,48847.000000
22803.000000,6436.000000,6158.000000,48853.000000
22727.000000,6448.000000,6182.000000,48869.000000
22729.000000,6436.000000,6148.000000,48829.000000
22670.000000,6403.000000,6124.000000,48766.000000
22616.000000,6348.000000,6049.000000,48786.000000
22591.000000,6337.000000,6021.000000,48741.000000
22562.000000,6306.000000,5965.000000,48723.000000
22521.000000,6301.000000,5923.000000,48725.000000
22443.000000,6255.000000,5883.000000,48688.000000
22375.000000,6195.000000,5837.000000,48675.000000
22340.000000,6150.000000,5803.000000,48646.000000
22268.000000,6117.000000,5719.000000,48616.000000
22199.000000,6070.000000,5648.000000,48547.000000
22161.000000,6000.000000,5555.000000,48521.000000
22104.000000,5924.000000,5465.000000,48466.000000
22078.000000,5889.000000,5405.000000,48443.000000
22040.000000,5875.000000,5352.000000,48417.000000
21966.000000,5820.000000,5348.000000,48392.000000
21934.000000,5803.000000,5261.000000,48343.000000
21831.000000,5796.000000,5244.000000,48299.000000
21825.000000,5703.000000,5152.000000,48279.000000
21815.000000,5707.000000,5074.000000,48254.000000
21766.000000,5610.000000,4991.000000,48176.000000
21702.000000,5571.000000,4996.000000,48210.000000
21610.000000,5566.000000,4994.000000,48166.000000
21570.000000,5536.000000,4928.000000,48147.000000
21568.000000,5478.000000,4883.000000,48120.000000
21482.000000,5396.000000,4722.000000,48024.000000
21452.000000,5355.000000,4705.000000,48004.000000
21417.000000,5376.000000,4688.000000,48022.000000
21383.000000,5321.000000,4651.000000,47978.000000
21347.000000,5271.000000,4578.000000,47972.000000
21243.000000,5226.000000,4545.000000,47935.000000
21220.000000,5188.000000,4478.000000,47909.000000
21185.000000,5193.000000,4435.000000,47870.000000
21238.000000,5143.000000,4379.000000,47857.000000
21244.000000,5077.000000,4313.000000,47814.000000
21286.000000,5083.000000,4265.000000,47807.000000
21348.000000,5113.000000,4346.000000,47828.000000
21400.000000,5142.000000,4384.000000,47856.000000
21540.000000,5176.000000,4446.000000,47868.000000
21620.000000,5222.000000,4493.000000,47937.000000
21732.000000,5256.000000,4586.000000,47962.000000
21860.000000,5365.000000,4732.000000,48008.000000
21962.000000,5441.000000,4816.000000,48081.000000
22088.000000,5524.000000,4920.000000,48139.000000
22216.000000,5588.000000,5041.000000,48233.000000
22338.000000,5723.000000,5200.000000,48330.000000
22461.000000,5815.000000,5342.000000,48406.000000
22552.000000,5881.000000,5454.000000,48470.000000
22678.000000,6013.000000,5602.000000,48544.000000
22780.000000,6061.000000,5761.000000,48595.000000
22832.000000,6142.000000,5850.000000,48664.000000
22881.000000,6306.000000,6000.000000,48781.000000
22905.000000,6385.000000,6088.000000,48819.000000
22886.000000,6447.000000,6179.000000,48847.000000
22863.000000,6447.000000,6216.000000,48864.000000
22815.000000,6480.000000,6224.000000,48850.000000
22753.000000,6462.000000,6185.000000,48869.000000
22713.000000,6420.000000,6182.000000,48877.000000
22733.000000,6402.000000,6139.000000,48814.000000
22670.000000,6396.000000,6095.000000,48778.000000
22681.000000,6340.000000,6051.000000,48749.000000
22619.000000,6311.000000,5982.000000,48730.000000
22601.000000,6312.000000,5962.000000,48754.000000
22539.000000,6299.000000,5933.000000,48717.000000
22506.000000,6294.000000,5895.000000,48719.000000
22455.000000,6210.000000,5838.000000,48684.000000
22397.000000,6182.000000,5833.000000,48649.000000
22324.000000,6165.000000,5761.000000,48623.000000
22236.000000,6131.000000,5678.000000,48587.000000
22183.000000,6043.000000,5591.000000,48516.000000
22104.000000,6037.000000,5525.000000,48515.000000
21994.000000,5941.000000,5446.000000,48452.000000
21970.000000,5883.000000,5362.000000,48403.000000
21839.000000,5840.000000,5288.000000,48327.000000
21821.000000,5765.000000,5180.000000,48318.000000
21726.000000,5703.000000,5102.000000,48264.000000
21669.000000,5643.000000,5015.000000,48255.000000
21604.000000,5583.000000,4928.000000,48168.000000
21536.000000,5516.000000,4863.000000,48109.000000
21497.000000,5459.000000,4752.000000,48074.000000
21445.000000,5397.000000,4713.000000,48066.000000
21353.000000,5363.000000,4643.000000,48021.000000
21308.000000,5308.000000,4558.000000,47972.000000
21260.000000,5284.000000,4531.000000,47920.000000
21220.000000,5203.000000,4438.000000,47892.000000
21179.000000,5154.000000,4400.000000,47858.000000
21144.000000,5145.000000,4350.000000,47850.000000
21108.000000,5108.000000,4334.000000,47817.000000
21065.000000,5045.000000,4270.000000,47763.000000
21076.000000,5045.000000,4225.000000,47786.000000
21104.000000,4982.000000,4164.000000,47743.000000
21166.000000,4989.000000,4155.000000,47731.000000
21246.000000,4985.000000,4114.000000,47745.000000
21382.000000,4982.000000,4167.000000,47745.000000
21473.000000,5041.000000,4238.000000,47791.000000
21632.000000,5122.000000,4332.000000,47844.000000
21792.000000,5188.000000,4488.000000,47907.000000
21914.000000,5309.000000,4603.000000,47986.000000
22030.000000,5437.000000,4833.000000,48120.000000
22165.000000,5567.000000,4972.000000,48233.000000
22274.000000,5657.000000,5113.000000,48296.000000
22456.000000,5757.000000,5307.000000,48383.000000
22601.000000,5892.000000,5395.000000,48461.000000
22663.000000,6009.000000,5545.000000,48545.000000
22750.000000,6080.000000,5702.000000,48605.000000
22854.000000,6168.000000,5849.000000,48691.000000
22899.000000,6298.000000,5961.000000,48790.000000
22919.000000,6378.000000,6091.000000,48832.000000
22812.000000,6458.000000,6173.000000,48882.000000
22792.000000,6450.000000,6221.000000,48892.000000
22736.000000,6473.000000,6191.000000,48872.000000
22716.000000,6419.000000,6133.000000,48857.000000
22646.000000,6374.000000,6090.000000,48783.000000
22600.000000,6351.000000,6031.000000,48785.000000
22567.000000,6315.000000,5952.000000,48733.000000
22523.000000,6292.000000,5935.000000,48741.000000
22507.000000,6269.000000,5886.000000,48707.000000
22482.000000,6211.000000,5831.000000,48674.000000
22407.000000,6186.000000,5784.000000,48658.000000
22377.000000,6159.000000,5743.000000,48619.000000
22338.000000,6114.000000,5685.000000,48575.000000
22263.000000,6103.000000,5642.000000,48577.000000
22204.000000,6024.000000,5587.000000,48538.000000
22137.000000,5995.000000,5529.000000,48538.000000
22113.000000,5944.000000,5484.000000,48502.000000
22048.000000,5916.000000,5448.000000,48451.000000
21952.000000,5854.000000,5363.000000,48439.000000
21888.000000,5819.000000,5307.000000,48373.000000
21853.000000,5780.000000,5253.000000,48333.000000
21796.000000,5745.000000,5159.000000,48317.000000
21732.000000,5668.000000,5058.000000,48246.000000
21652.000000,5628.000000,5017.000000,48224.000000
21562.000000,5560.000000,4921.000000,48175.000000
21490.000000,5545.000000,4878.000000,48112.000000
21462.000000,5455.000000,4810.000000,48116.000000
21377.000000,5378.000000,4694.000000,48049.000000
21300.000000,5331.000000,4588.000000,48023.000000
21225.000000,5250.000000,4539.000000,47961.000000
21201.000000,5184.000000,4483.000000,47933.000000
21113.000000,5183.000000,4370.000000,47866.000000
21060.000000,5080.000000,4303.000000,47839.000000
21020.000000,5034.000000,4276.000000,47801.000000
20994.000000,4987.000000,4185.000000,47760.000000
20956.000000,4945.000000,4144.000000,47738.000000
20956.000000,4890.000000,4051.000000,47706.000000
20972.000000,4880.000000,4015.000000,47675.000000
21026.000000,4870.000000,3968.000000,47672.000000
21092.000000,4856.000000,4014.000000,47662.000000
21181.000000,4880.000000,4026.000000,47687.000000
21243.000000,4924.000000,4104.000000,47719.000000
21362.000000,4958.000000,4178.000000,47788.000000
21431.000000,5070.000000,4259.000000,47805.000000
21554.000000,5123.000000,4356.000000,47887.000000
21696.000000,5207.000000,4507.000000,47940.000000
21800.000000,5268.000000,4613.000000,48027.000000
21917.000000,5376.000000,4752.000000,48091.000000
22028.000000,5465.000000,4866.000000,48121.000000
22137.000000,5561.000000,5001.000000,48230.000000
22315.000000,5695.000000,5140.000000,48316.000000
22412.000000,5740.000000,5287.000000,48391.000000
22551.000000,5844.000000,5421.000000,48488.000000
22666.000000,5953.000000,5595.000000,48585.000000
22698.000000,6055.000000,5724.000000,48618.000000
22695.000000,6170.000000,5865.000000,48695.000000
22641.000000,6290.000000,5986.000000,48742.000000
22607.000000,6322.000000,6017.000000,48768.000000
22525.000000,6315.000000,6028.000000,48782.000000
22511.000000,6298.000000,5944.000000,48783.000000
22491.000000,6257.000000,5936.000000,48710.000000
22390.000000,6179.000000,5903.000000,48702.000000
22380.000000,6147.000000,5822.000000,48701.000000
22384.000000,6134.000000,5734.000000,48617.000000
22341.000000,6100.000000,5720.000000,48612.000000
22290.000000,6081.000000,5660.000000,48590.000000
22232.000000,6051.000000,5613.000000,48551.000000
22150.000000,5999.000000,5570.000000,48546.000000
22125.000000,5919.000000,5564.000000,48508.000000
22083.000000,5928.000000,5492.000000,48481.000000
22011.000000,5933.000000,5439.000000,48482.000000
21961.000000,5849.000000,5377.000000,48419.000000
21931.000000,5824.000000,5320.000000,48396.000000
21819.000000,5763.000000,5268.000000,48351.000000
21764.000000,5727.000000,5195.000000,48298.000000
21682.000000,5705.000000,5110.000000,48262.000000
21656.000000,5628.000000,5041.000000,48256.000000
21559.000000,5586.000000,4963.000000,48171.000000
21534.000000,5498.000000,4877.000000,48141.000000
21500.000000,5457.000000,4832.000000,48116.000000
21439.000000,5421.000000,4739.000000,48063.000000
21392.000000,5373.000000,4689.000000,48025.000000
21324.000000,5320.000000,4630.000000,47985.000000
21272.000000,5268.000000,4591.000000,47983.000000
21236.000000,5241.000000,4501.000000,47954.000000
21167.000000,5183.000000,4453.000000,47916.000000
21136.000000,5143.000000,4398.000000,47897.000000
21135.000000,5122.000000,4339.000000,47860.000000
21149.000000,5102.000000,4314.000000,47794.000000
21126.000000,5072.000000,4293.000000,47825.000000
21163.000000,5046.000000,4237.000000,47797.000000
21218.000000,5057.000000,4241.000000,47774.000000
21318.000000,5043.000000,4276.000000,47801.000000
21348.000000,5067.000000,4302.000000,47837.000000
21478.000000,5131.000000,4409.000000,47868.000000
21544.000000,5182.000000,4482.000000,47921.000000
21637.000000,5319.000000,4535.000000,47975.000000
21699.000000,5332.000000,4643.000000,48016.000000
21835.000000,5380.000000,4739.000000,48104.000000
21928.000000,5479.000000,4867.000000,48144.000000
22082.000000,5556.000000,4982.000000,48230.000000
22146.000000,5655.000000,5140.000000,48282.000000
22300.000000,5741.000000,5266.000000,48372.000000
22399.000000,5836.000000,5339.000000,48443.000000
22462.000000,5879.000000,5482.000000,48523.000000
22453.000000,5988.000000,5600.000000,48579.000000
22435.000000,6074.000000,5698.000000,48628.000000
22395.000000,6122.000000,5786.000000,48646.000000
22356.000000,6120.000000,5805.000000,48654.000000
22304.000000,6096.000000,5758.000000,48636.000000
22180.000000,6070.000000,5712.000000,48600.000000
22156.000000,6067.000000,5682.000000,48593.000000
22159.000000,5985.000000,5622.000000,48598.000000
22114.000000,5910.000000,5494.000000,48521.000000
22031.000000,5929.000000,5473.000000,48460.000000
22012.000000,5883.000000,5447.000000,48502.000000
21963.000000,5857.000000,5394.000000,48450.000000
21947.000000,5797.000000,5358.000000,48400.000000
21881.000000,5768.000000,5324.000000,48397.000000
21856.000000,5739.000000,5244.000000,48357.000000
21851.000000,5741.000000,5226.000000,48341.000000
21795.000000,5694.000000,5152.000000,48319.000000
21729.000000,5642.000000,5143.000000,48280.000000
21682.000000,5632.000000,5059.000000,48276.000000
21595.000000,5574.000000,5043.000000,48219.000000
21539.000000,5544.000000,4979.000000,48226.000000
21519.000000,5496.000000,4905.000000,48130.000000
21448.000000,5451.000000,4832.000000,48113.000000
21429.000000,5403.000000,4757.000000,48092.000000
21365.000000,5365.000000,4715.000000,48041.000000
21355.000000,5338.000000,4650.000000,48020.000000
21258.000000,5291.000000,4600.000000,47998.000000
21232.000000,5233.000000,4542.000000,47973.000000
21192.000000,5188.000000,4533.000000,47920.000000
21128.000000,5188.000000,4460.000000,47894.000000
21102.000000,5131.000000,4392.000000,47877.000000
21059.000000,5078.000000,4336.000000,47871.000000
21011.000000,5017.000000,4289.000000,47855.000000
20974.000000,5042.000000,4230.000000,47800.000000
20940.000000,5001.000000,4221.000000,47802.000000
20937.000000,4951.000000,4158.000000,47784.000000
20947.000000,4913.000000,4113.000000,47734.000000
21027.000000,4900.000000,4083.000000,47720.000000
21073.000000,4912.000000,4082.000000,47724.000000
21170.000000,4933.000000,4093.000000,47714.000000
21257.000000,4972.000000,4197.000000,47760.000000
21320.000000,5033.000000,4279.000000,47807.000000
21443.000000,5087.000000,4345.000000,47860.000000
21504.000000,5182.000000,4465.000000,47936.000000
21660.000000,5197.000000,4541.000000,47982.000000
21775.000000,5318.000000,4679.000000,48047.000000
21842.000000,5374.000000,4785.000000,48156.000000
21933.000000,5501.000000,4902.000000,48186.000000
22047.000000,5580.000000,5046.000000,48271.000000
22141.000000,5669.000000,5144.000000,48357.000000
22239.000000,5764.000000,5277.000000,48393.000000
22336.000000,5846.000000,5407.000000,48474.000000
22416.000000,5903.000000,5535.000000,48538.000000
22428.000000,5980.000000,5626.000000,48586.000000
22425.000000,6037.000000,5727.000000,48634.000000
22371.000000,6091.000000,5769.000000,48656.000000
22313.000000,6120.000000,5778.000000,48665.000000
22298.000000,6109.000000,5785.000000,48688.000000
22236.000000,6059.000000,5710.000000,48640.000000
22198.000000,6015.000000,5683.000000,48604.000000
22168.000000,5973.000000,5635.000000,48577.000000
22141.000000,5946.000000,5556.000000,48534.000000
22112.000000,5930.000000,5568.000000,48562.000000
22074.000000,5924.000000,5504.000000,48541.000000
22039.000000,5908.000000,5490.000000,48519.000000
22014.000000,5868.000000,5440.000000,48514.000000
21966.000000,5878.000000,5429.000000,48468.000000
21947.000000,5842.000000,5375.000000,48451.000000
21882.000000,5787.000000,5339.000000,48447.000000
21841.000000,5741.000000,5279.000000,48416.000000
21828.000000,5770.000000,5251.000000,48380.000000
21753.000000,5695.000000,5232.000000,48341.000000
21710.000000,5650.000000,5145.000000,48327.000000
21633.000000,5641.000000,5071.000000,48304.000000
21597.000000,5586.000000,5038.000000,48262.000000
21528.000000,5545.000000,4966.000000,48203.000000
21526.000000,5478.000000,4937.000000,48171.000000
21431.000000,5457.000000,4858.000000,48129.000000
21384.000000,5361.000000,4815.000000,48092.000000
21359.000000,5373.000000,4749.000000,48081.000000
21297.000000,5309.000000,4677.000000,48033.000000
21305.000000,5255.000000,4640.000000,48013.000000
21266.000000,5255.000000,4604.000000,47962.000000
21225.000000,5208.000000,4549.000000,47968.000000
21192.000000,5163.000000,4498.000000,47939.000000
21153.000000,5143.000000,4488.000000,47948.000000
21096.000000,5158.000000,4444.000000,47924.000000
21056.000000,5126.000000,4393.000000,47912.000000
21002.000000,5105.000000,4387.000000,47869.000000
21029.000000,5078.000000,4334.000000,47859.000000
21006.000000,5033.000000,4274.000000,47823.000000
21059.000000,4973.000000,4206.000000,47811.000000
21160.000000,4968.000000,4216.000000,47778.000000
21269.000000,4978.000000,4231.000000,47798.000000
21403.000000,5025.000000,4303.000000,47871.000000
21535.000000,5121.000000,4434.000000,47918.000000
21671.000000,5226.000000,4541.000000,47974.000000
21744.000000,5323.000000,4714.000000,48064.000000
21898.000000,5445.000000,4852.000000,48149.000000
22027.000000,5567.000000,5020.000000,48247.000000
22142.000000,5692.000000,5168.000000,48309.000000
22245.000000,5716.000000,5300.000000,48412.000000
22326.000000,5840.000000,5481.000000,48514.000000
22415.000000,5919.000000,5555.000000,48565.000000
22430.000000,6045.000000,5687.000000,48625.000000
22453.000000,6032.000000,5786.000000,48687.000000
22376.000000,6131.000000,5886.000000,48709.000000
22345.000000,6226.000000,5904.000000,48745.000000
22296.000000,6188.000000,5918.000000,48720.000000
22230.000000,6139.000000,5871.000000,48708.000000
22192.000000,6122.000000,5811.000000,48669.000000
22089.000000,6090.000000,5727.000000,48636.000000
22041.000000,6027.000000,5694.000000,48611.000000
21994.000000,5986.000000,5594.000000,48560.000000
21985.000000,5908.000000,5522.000000,48508.000000
21886.000000,5858.000000,5447.000000,48486.000000
21868.000000,5825.000000,5388.000000,48455.000000
21804.000000,5779.000000,5319.000000,48390.000000
21742.000000,5749.000000,5264.000000,48400.000000
21549.000000,5726.000000,5246.000000,48338.000000
21520.000000,5686.000000,5129.000000,48308.000000
21429.000000,5611.000000,5066.000000,48240.000000
21376.000000,5853.000000,5601.000000,48491.000000
21231.000000,5848.000000,5505.000000,48418.000000
21195.000000,5749.000000,5417.000000,48403.000000
21215.000000,5744.000000,5351.000000,48352.000000
21144.000000,5644.000000,5206.000000,48283.000000
21119.000000,5636.000000,5203.000000,48255.000000
21076.000000,5622.000000,5188.000000,48274.000000
21007.000000,5619.000000,5128.000000,48237.000000
20944.000000,5542.000000,5088.000000,48218.000000
20913.000000,5522.000000,5029.000000,48147.000000
20853.000000,5479.000000,4997.000000,48122.000000
20814.000000,5409.000000,4908.000000,48078.000000
20754.000000,5373.000000,4872.000000,48065.000000
20695.000000,5358.000000,4826.000000,48043.000000
20682.000000,5297.000000,4723.000000,48026.000000
20660.000000,5245.000000,4685.000000,47973.000000
20612.000000,5170.000000,4676.000000,47940.000000
20549.000000,5178.000000,4619.000000,47924.000000
20504.000000,5127.000000,4588.000000,47888.000000
20451.000000,5136.000000,4534.000000,47876.000000
20416.000000,5116.000000,4467.000000,47875.000000
20339.000000,5084.000000,4409.000000,47824.000000
20332.000000,5069.000000,4391.000000,47820.000000
20363.000000,4996.000000,4314.000000,47749.000000
20448.000000,4985.000000,4307.000000,47793.000000
20539.000000,4945.000000,4286.000000,47761.000000
20613.000000,4997.000000,4327.000000,47795.000000
20759.000000,5043.000000,4404.000000,47807.000000
20870.000000,5112.000000,4555.000000,47883.000000
21080.000000,5157.000000,4650.000000,47969.000000
21173.000000,5303.000000,4827.000000,48075.000000
21342.000000,5394.000000,4957.000000,48129.000000
21496.000000,5617.000000,5229.000000,48278.000000
21761.000000,5700.000000,5376.000000,48376.000000
21741.000000,5839.000000,5548.000000,48472.000000
21956.000000,5922.000000,5735.000000,48566.000000
21942.000000,6156.000000,6001.000000,48697.000000
21936.000000,6177.000000,6032.000000,48746.000000
21937.000000,6299.000000,6201.000000,48825.000000
21870.000000,6324.000000,6214.000000,48833.000000
21791.000000,6282.000000,6191.000000,48833.000000
21819.000000,6294.000000,6191.000000,48787.000000
21719.000000,6258.000000,6141.000000,48791.000000
21684.000000,6240.000000,6063.000000,48735.000000
21637.000000,6185.000000,6030.000000,48722.000000
21545.000000,6154.000000,6011.000000,48716.000000
21544.000000,6107.000000,5918.000000,48638.000000
21464.000000,6077.000000,5845.000000,48614.000000
21433.000000,5991.000000,5787.000000,48588.000000
21387.000000,5925.000000,5712.000000,48561.000000
21353.000000,5951.000000,5670.000000,48499.000000
21291.000000,5888.000000,5604.000000,48509.000000
21238.000000,5859.000000,5606.000000,48482.000000
21188.000000,5839.000000,5510.000000,48430.000000
21149.000000,5818.000000,5424.000000,48418.000000
21108.000000,5720.000000,5432.000000,48391.000000
21037.000000,5683.000000,5336.000000,48374.000000
20999.000000,5645.000000,5316.000000,48307.000000
20896.000000,5625.000000,5267.000000,48277.000000
20869.000000,5584.000000,5221.000000,48265.000000
20750.000000,5520.000000,5132.000000,48264.000000
20733.000000,5480.000000,5040.000000,48158.000000
20663.000000,5453.000000,5003.000000,48162.000000
20576.000000,5323.000000,4872.000000,48102.000000
20586.000000,5339.000000,4819.000000,48071.000000
20536.000000,5261.000000,4809.000000,48038.000000
20525.000000,5232.000000,4768.000000,48000.000000
20476.000000,5219.000000,4697.000000,47970.000000
20403.000000,5170.000000,4691.000000,47980.000000
20392.000000,5151.000000,4652.000000,47937.000000
20409.000000,5127.000000,4586.000000,47918.000000
20445.000000,5086.000000,4535.000000,47897.000000
20587.000000,5064.000000,4540.000000,47894.000000
20669.000000,5102.000000,4569.000000,47891.000000
20791.000000,5159.000000,4687.000000,47965.000000
20925.000000,5203.000000,4781.000000,48054.000000
21081.000000,5342.000000,4934.000000,48088.000000
21194.000000,5387.000000,5018.000000,48158.000000
21283.000000,5541.000000,5240.000000,48293.000000
21428.000000,5670.000000,5361.000000,48349.000000
21560.000000,5739.000000,5505.000000,48438.000000
21716.000000,5840.000000,5653.000000,48534.000000
21828.000000,5920.000000,5805.000000,48616.000000
21923.000000,6046.000000,5921.000000,48692.000000
22004.000000,6207.000000,6180.000000,48809.000000
22025.000000,6287.000000,6253.000000,48874.000000
21961.000000,6361.000000,6403.000000,48933.000000
21962.000000,6433.000000,6462.000000,48987.000000
21852.000000,6472.000000,6501.000000,48923.000000
21821.000000,6419.000000,6427.000000,48944.000000
21762.000000,6402.000000,6392.000000,48938.000000
21700.000000,6319.000000,6249.000000,48831.000000
21621.000000,6299.000000,6217.000000,48854.000000
21563.000000,6241.000000,6178.000000,48810.000000
21484.000000,6183.000000,6065.000000,48738.000000
21422.000000,6096.000000,5998.000000,48716.000000
21350.000000,6083.000000,5904.000000,48639.000000
21324.000000,5984.000000,5865.000000,48611.000000
21221.000000,5962.000000,5783.000000,48565.000000
21161.000000,5921.000000,5708.000000,48544.000000
21133.000000,5874.000000,5652.000000,48507.000000
21065.000000,5824.000000,5575.000000,48450.000000
20979.000000,5752.000000,5523.000000,48452.000000
20912.000000,5735.000000,5411.000000,48376.000000
20854.000000,5699.000000,5352.000000,48346.000000
20758.000000,5620.000000,5294.000000,48313.000000
20749.000000,5582.000000,5235.000000,48256.000000
20711.000000,5528.000000,5138.000000,48244.000000
20679.000000,5470.000000,5045.000000,48164.000000
20581.000000,5449.000000,5068.000000,48169.000000
20474.000000,5380.000000,4998.000000,48168.000000
20452.000000,5361.000000,4948.000000,48125.000000
20463.000000,5302.000000,4925.000000,48086.000000
20458.000000,5246.000000,4767.000000,48018.000000
20488.000000,5221.000000,4815.000000,48043.000000
20581.000000,5199.000000,4772.000000,48001.000000
20711.000000,5252.000000,4820.000000,47994.000000
20819.000000,5301.000000,4891.000000,48075.000000
20982.000000,5341.000000,4946.000000,48111.000000
21281.000000,5459.000000,5095.000000,48243.000000
21311.000000,5558.000000,5237.000000,48299.000000
21466.000000,5630.000000,5419.000000,48384.000000
21640.000000,5936.000000,5797.000000,48599.000000
21781.000000,5977.000000,5840.000000,48629.000000
21956.000000,6067.000000,6058.000000,48744.000000
21972.000000,6195.000000,6222.000000,48846.000000
22075.000000,6342.000000,6368.000000,48938.000000
22085.000000,6453.000000,6574.000000,49051.000000
22005.000000,6494.000000,6636.000000,49061.000000
21985.000000,6546.000000,6696.000000,49111.000000
21886.000000,6575.000000,6710.000000,49083.000000
21847.000000,6531.000000,6640.000000,49080.000000
21798.000000,6472.000000,6556.000000,49002.000000
21733.000000,6429.000000,6525.000000,48993.000000
21683.000000,6411.000000,6424.000000,48957.000000
21575.000000,6342.000000,6383.000000,48901.000000
21561.000000,6309.000000,6289.000000,48877.000000
21516.000000,6257.000000,6238.000000,48824.000000
21440.000000,6147.000000,6122.000000,48762.000000
21388.000000,6156.000000,6091.000000,48766.000000
21312.000000,6116.000000,6035.000000,48735.000000
21161.000000,6033.000000,5989.000000,48725.000000
21188.000000,6029.000000,5921.000000,48687.000000
21152.000000,5947.000000,5822.000000,48601.000000
21023.000000,5891.000000,5688.000000,48526.000000
21035.000000,5855.000000,5663.000000,48549.000000
20943.000000,5821.000000,5656.000000,48511.000000
20910.000000,5733.000000,5490.000000,48426.000000
20772.000000,5720.000000,5536.000000,48454.000000
20795.000000,5693.000000,5472.000000,48426.000000
20760.000000,5647.000000,5393.000000,48346.000000
20661.000000,5570.000000,5292.000000,48299.000000
20668.000000,5552.000000,5294.000000,48336.000000
20638.000000,5518.000000,5241.000000,48304.000000
20606.000000,5500.000000,5184.000000,48254.000000
20667.000000,5451.000000,5154.000000,48261.000000
20675.000000,5454.000000,5132.000000,48224.000000
20748.000000,5431.000000,5104.000000,48178.000000
20869.000000,5496.000000,5194.000000,48239.000000
20969.000000,5492.000000,5207.000000,48292.000000
21086.000000,5560.000000,5346.000000,48354.000000
21241.000000,5658.000000,5454.000000,48415.000000
21404.000000,5737.000000,5608.000000,48505.000000
21571.000000,5832.000000,5722.000000,48598.000000
21748.000000,5973.000000,5913.000000,48704.000000
21954.000000,6120.000000,6100.000000,48789.000000
22036.000000,6242.000000,6303.000000,48881.000000
22021.000000,6363.000000,6483.000000,49006.000000
21981.000000,6507.000000,6715.000000,49118.000000
21907.000000,6592.000000,6781.000000,49126.000000
21867.000000,6579.000000,6788.000000,49117.000000
21793.000000,6556.000000,6735.000000,49097.000000
21711.000000,6499.000000,6666.000000,49092.000000
21658.000000,6477.000000,6641.000000,49040.000000
21596.000000,6402.000000,6553.000000,49030.000000
21548.000000,6366.000000,6468.000000,48953.000000
21509.000000,6318.000000,6363.000000,48917.000000
21430.000000,6283.000000,6325.000000,48905.000000
21340.000000,6259.000000,6264.000000,48875.000000
21140.000000,6190.000000,6196.000000,48809.000000
21177.000000,6115.000000,6129.000000,48785.000000
21089.000000,6059.000000,6026.000000,48715.000000
21077.000000,5930.000000,5831.000000,48638.000000
21002.000000,5917.000000,5821.000000,48603.000000
20983.000000,5888.000000,5761.000000,48559.000000
20902.000000,5825.000000,5711.000000,48543.000000
20916.000000,5816.000000,5676.000000,48527.000000
20856.000000,5753.000000,5574.000000,48509.000000
20826.000000,5694.000000,5518.000000,48450.000000
20764.000000,5705.000000,5537.000000,48439.000000
20746.000000,5647.000000,5470.000000,48421.000000
20695.000000,5644.000000,5443.000000,48397.000000
20660.000000,5612.000000,5423.000000,48386.000000
20633.000000,5610.000000,5398.000000,48345.000000
20609.000000,5548.000000,5313.000000,48360.000000
20560.000000,5527.000000,5288.000000,48327.000000
20541.000000,5499.000000,5265.000000,48305.000000
20608.000000,5460.000000,5203.000000,48274.000000
20772.000000,5454.000000,5194.000000,48251.000000
20793.000000,5449.000000,5191.000000,48252.000000
20921.000000,5479.000000,5290.000000,48298.000000
21164.000000,5653.000000,5485.000000,48441.000000
21190.000000,5711.000000,5507.000000,48438.000000
21286.000000,5756.000000,5658.000000,48524.000000
21453.000000,5923.000000,5880.000000,48657.000000
21567.000000,5953.000000,5975.000000,48699.000000
21889.000000,6048.000000,6109.000000,48777.000000
21935.000000,6124.000000,6226.000000,48880.000000
21932.000000,6285.000000,6404.000000,48949.000000
22101.000000,6518.000000,6749.000000,49132.000000
22280.000000,6537.000000,6838.000000,49199.000000
22304.000000,6581.000000,6846.000000,49201.000000
22391.000000,6722.000000,7033.000000,49278.000000
22401.000000,6823.000000,7208.000000,49388.000000
22334.000000,6919.000000,7294.000000,49461.000000
22310.000000,6941.000000,7309.000000,49438.000000
22242.000000,6931.000000,7320.000000,49434.000000
22096.000000,6903.000000,7301.000000,49441.000000
22105.000000,6905.000000,7288.000000,49406.000000
22039.000000,6835.000000,7149.000000,49342.000000
21929.000000,6727.000000,7036.000000,49277.000000
21864.000000,6724.000000,7038.000000,49268.000000
21846.000000,6635.000000,6950.000000,49243.000000
21795.000000,6623.000000,6847.000000,49175.000000
21637.000000,6568.000000,6761.000000,49117.000000
21661.000000,6525.000000,6701.000000,49094.000000
21624.000000,6465.000000,6631.000000,49058.000000
21586.000000,6384.000000,6494.000000,48968.000000
21512.000000,6378.000000,6451.000000,48964.000000
21410.000000,6338.000000,6455.000000,48956.000000
21391.000000,6306.000000,6375.000000,48923.000000
21353.000000,6273.000000,6315.000000,48915.000000
21313.000000,6200.000000,6240.000000,48823.000000
21261.000000,6145.000000,6151.000000,48775.000000
21221.000000,6121.000000,6139.000000,48794.000000
21157.000000,6081.000000,6054.000000,48745.000000
21076.000000,6039.000000,6021.000000,48705.000000
21042.000000,6041.000000,5974.000000,48676.000000
21004.000000,5975.000000,5919.000000,48650.000000
20983.000000,5922.000000,5816.000000,48617.000000
20914.000000,5914.000000,5787.000000,48590.000000
20897.000000,5858.000000,5742.000000,48567.000000
20869.000000,5813.000000,5671.000000,48545.000000
20835.000000,5752.000000,5631.000000,48501.000000
20828.000000,5751.000000,5629.000000,48491.000000
20779.000000,5724.000000,5600.000000,48458.000000
20847.000000,5683.000000,5510.000000,48419.000000
20845.000000,5716.000000,5483.000000,48451.000000
20897.000000,5670.000000,5483.000000,48449.000000
20991.000000,5716.000000,5579.000000,48504.000000
21076.000000,5730.000000,5621.000000,48500.000000
21235.000000,5783.000000,5644.000000,48505.000000
21383.000000,5838.000000,5759.000000,48593.000000
21538.000000,5931.000000,5897.000000,48686.000000
21647.000000,6051.000000,6071.000000,48764.000000
21852.000000,6122.000000,6217.000000,48848.000000
21928.000000,6274.000000,6404.000000,48950.000000
22050.000000,6357.000000,6558.000000,49052.000000
22244.000000,6544.000000,6867.000000,49197.000000
22376.000000,6575.000000,6899.000000,49246.000000
22420.000000,6673.000000,7032.000000,49322.000000
22435.000000,6858.000000,7250.000000,49422.000000
22404.000000,6945.000000,7391.000000,49487.000000
22332.000000,7037.000000,7391.000000,49477.000000
22284.000000,6994.000000,7438.000000,49480.000000
22236.000000,6926.000000,7393.000000,49450.000000
22163.000000,6887.000000,7324.000000,49411.000000
22088.000000,6896.000000,7251.000000,49357.000000
22013.000000,6826.000000,7176.000000,49374.000000
21953.000000,6768.000000,7114.000000,49325.000000
21913.000000,6777.000000,7065.000000,49308.000000
21798.000000,6698.000000,6953.000000,49258.000000
21783.000000,6633.000000,6892.000000,49186.000000
21704.000000,6585.000000,6808.000000,49183.000000
21635.000000,6497.000000,6665.000000,49087.000000
21597.000000,6497.000000,6656.000000,49080.000000
21462.000000,6415.000000,6590.000000,49035.000000
21476.000000,6387.000000,6514.000000,48999.000000
21424.000000,6335.000000,6434.000000,48957.000000
21357.000000,6272.000000,6356.000000,48893.000000
21311.000000,6266.000000,6320.000000,48852.000000
21265.000000,6274.000000,6277.000000,48854.000000
21199.000000,6151.000000,6186.000000,48845.000000
21161.000000,6136.000000,6160.000000,48807.000000
21114.000000,6052.000000,6098.000000,48764.000000
21116.000000,6005.000000,6028.000000,48712.000000
21075.000000,5993.000000,5973.000000,48698.000000
21038.000000,5958.000000,5961.000000,48652.000000
21035.000000,5956.000000,5917.000000,48666.000000
20978.000000,5904.000000,5900.000000,48649.000000
20933.000000,5899.000000,5845.000000,48626.000000
20895.000000,5867.000000,5826.000000,48608.000000
20875.000000,5829.000000,5757.000000,48563.000000
20869.000000,5818.000000,5720.000000,48547.000000
20983.000000,5794.000000,5672.000000,48550.000000
21073.000000,5750.000000,5677.000000,48536.000000
21185.000000,5741.000000,5683.000000,48539.000000
21310.000000,5835.000000,5812.000000,48605.000000
21405.000000,5910.000000,5912.000000,48662.000000
21534.000000,6042.000000,6070.000000,48757.000000
21720.000000,6077.000000,6155.000000,48837.000000
21757.000000,6212.000000,6308.000000,48916.000000
21866.000000,6300.000000,6454.000000,48952.000000
21970.000000,6463.000000,6688.000000,49101.000000
22134.000000,6464.000000,6741.000000,49134.000000
22341.000000,6579.000000,6861.000000,49170.000000
22333.000000,6626.000000,6987.000000,49270.000000
22419.000000,6779.000000,7138.000000,49364.000000
22396.000000,6925.000000,7384.000000,49478.000000
22389.000000,6973.000000,7393.000000,49501.000000
22315.000000,7001.000000,7444.000000,49520.000000
22257.000000,6991.000000,7438.000000,49507.000000
22208.000000,6987.000000,7394.000000,49475.000000
22144.000000,6932.000000,7324.000000,49437.000000
22094.000000,6906.000000,7253.000000,49431.000000
22067.000000,6875.000000,7195.000000,49383.000000
21967.000000,6784.000000,7122.000000,49343.000000
21953.000000,6744.000000,7081.000000,49322.000000
21918.000000,6736.000000,7026.000000,49277.000000
21861.000000,6663.000000,6970.000000,49231.000000
21819.000000,6650.000000,6900.000000,49229.000000
21765.000000,6595.000000,6884.000000,49223.000000
21726.000000,6570.000000,6807.000000,49151.000000
21692.000000,6515.000000,6765.000000,49103.000000
21666.000000,6495.000000,6696.000000,49079.000000
21592.000000,6472.000000,6664.000000,49080.000000
21563.000000,6438.000000,6588.000000,49033.000000
21510.000000,6403.000000,6550.000000,48988.000000
21445.000000,6387.000000,6490.000000,48975.000000
21416.000000,6327.000000,6464.000000,48939.000000
21376.000000,6290.000000,6386.000000,48913.000000
21301.000000,6258.000000,6323.000000,48878.000000
21285.000000,6227.000000,6235.000000,48835.000000
21286.000000,6138.000000,6208.000000,48824.000000
21211.000000,6106.000000,6182.000000,48802.000000
21182.000000,6065.000000,6142.000000,48802.000000
21133.000000,6063.000000,6103.000000,48768.000000
21149.000000,6048.000000,6067.000000,48752.000000
21115.000000,6027.000000,6050.000000,48780.000000
21048.000000,5992.000000,5999.000000,48694.000000
21032.000000,5998.000000,5991.000000,48691.000000
20993.000000,5978.000000,5957.000000,48691.000000
21054.000000,5937.000000,5917.000000,48679.000000
21210.000000,5888.000000,5883.000000,48623.000000
21248.000000,5937.000000,5887.000000,48653.000000
21335.000000,5914.000000,5913.000000,48662.000000
21496.000000,6061.000000,6105.000000,48771.000000
21736.000000,6068.000000,6132.000000,48790.000000
21793.000000,6156.000000,6218.000000,48858.000000
21808.000000,6315.000000,6469.000000,48984.000000
21926.000000,6496.000000,6741.000000,49161.000000
22080.000000,6508.000000,6803.000000,49167.000000
22335.000000,6525.000000,6835.000000,49193.000000
22402.000000,6622.000000,6990.000000,49278.000000
22533.000000,6771.000000,7129.000000,49370.000000
22621.000000,6942.000000,7446.000000,49530.000000
22785.000000,6993.000000,7491.000000,49560.000000
22846.000000,7098.000000,7635.000000,49615.000000
22863.000000,7180.000000,7801.000000,49707.000000
22803.000000,7331.000000,7973.000000,49816.000000
22789.000000,7383.000000,8015.000000,49842.000000
22757.000000,7400.000000,8025.000000,49825.000000
22691.000000,7350.000000,7991.000000,49817.000000
22623.000000,7353.000000,7970.000000,49776.000000
22588.000000,7308.000000,7823.000000,49754.000000
22528.000000,7281.000000,7828.000000,49741.000000
22507.000000,7229.000000,7712.000000,49670.000000
22510.000000,7139.000000,7631.000000,49591.000000
22403.000000,7110.000000,7612.000000,49588.000000
22371.000000,7092.000000,7583.000000,49599.000000
22294.000000,7077.000000,7525.000000,49548.000000
22244.000000,7023.000000,7457.000000,49525.000000
22163.000000,6971.000000,7444.000000,49513.000000
22109.000000,6967.000000,7391.000000,49484.000000
22040.000000,6908.000000,7311.000000,49443.000000
21980.000000,6887.000000,7237.000000,49404.000000
21948.000000,6807.000000,7160.000000,49368.000000
21798.000000,6721.000000,7055.000000,49288.000000
21793.000000,6688.000000,7002.000000,49259.000000
21786.000000,6631.000000,6910.000000,49209.000000
21687.000000,6495.000000,6794.000000,49142.000000
21607.000000,6532.000000,6763.000000,49138.000000
21624.000000,6515.000000,6751.000000,49119.000000
21554.000000,6454.000000,6645.000000,49050.000000
21518.000000,6380.000000,6574.000000,49019.000000
21497.000000,6363.000000,6511.000000,48996.000000
21449.000000,6384.000000,6501.000000,48997.000000
21385.000000,6320.000000,6435.000000,48946.000000
21325.000000,6286.000000,6428.000000,48963.000000
21320.000000,6259.000000,6354.000000,48949.000000
21232.000000,6241.000000,6347.000000,48910.000000
21248.000000,6165.000000,6252.000000,48891.000000
21327.000000,6180.000000,6253.000000,48842.000000
21371.000000,6094.000000,6167.000000,48832.000000
21504.000000,6074.000000,6185.000000,48845.000000
21574.000000,6174.000000,6282.000000,48873.000000
21689.000000,6216.000000,6342.000000,48929.000000
21822.000000,6280.000000,6421.000000,48945.000000
21995.000000,6390.000000,6576.000000,49039.000000
22176.000000,6482.000000,6714.000000,49133.000000
22235.000000,6531.000000,6866.000000,49196.000000
22306.000000,6662.000000,6986.000000,49295.000000
22415.000000,6807.000000,7272.000000,49430.000000
22605.000000,6856.000000,7298.000000,49455.000000
22663.000000,6919.000000,7412.000000,49559.000000
22833.000000,7056.000000,7539.000000,49622.000000
22906.000000,7155.000000,7694.000000,49667.000000
22873.000000,7229.000000,7871.000000,49791.000000
22810.000000,7364.000000,8013.000000,49846.000000
22749.000000,7405.000000,8073.000000,49858.000000
22746.000000,7397.000000,8076.000000,49877.000000
22686.000000,7362.000000,8007.000000,49819.000000
22691.000000,7357.000000,7985.000000,49799.000000
22634.000000,7301.000000,7896.000000,49766.000000
22585.000000,7239.000000,7811.000000,49735.000000
22526.000000,7270.000000,7769.000000,49698.000000
22452.000000,7215.000000,7735.000000,49674.000000
22405.000000,7198.000000,7685.000000,49605.000000
22381.000000,7107.000000,7618.000000,49608.000000
22332.000000,7056.000000,7568.000000,49577.000000
22289.000000,7062.000000,7509.000000,49509.000000
22208.000000,7005.000000,7454.000000,49513.000000
22226.000000,6959.000000,7384.000000,49472.000000
22093.000000,6926.000000,7332.000000,49455.000000
22065.000000,6908.000000,7278.000000,49425.000000
22065.000000,6869.000000,7246.000000,49402.000000
22043.000000,6763.000000,7094.000000,49322.000000
21935.000000,6774.000000,7083.000000,49330.000000
21917.000000,6745.000000,7056.000000,49308.000000
21822.000000,6699.000000,7003.000000,49288.000000
21750.000000,6652.000000,6931.000000,49222.000000
21733.000000,6610.000000,6889.000000,49205.000000
21709.000000,6542.000000,6766.000000,49168.000000
21655.000000,6504.000000,6744.000000,49143.000000
21623.000000,6481.000000,6671.000000,49137.000000
21597.000000,6437.000000,6639.000000,49106.000000
21610.000000,6436.000000,6623.000000,49040.000000
21555.000000,6414.000000,6563.000000,49030.000000
21561.000000,6364.000000,6576.000000,49054.000000
21528.000000,6358.000000,6529.000000,49016.000000
21500.000000,6356.000000,6497.000000,48982.000000
21532.000000,6319.000000,6481.000000,48971.000000
21588.000000,6333.000000,6459.000000,48974.000000
21645.000000,6309.000000,6452.000000,49014.000000
21717.000000,6353.000000,6510.000000,49014.000000
21839.000000,6361.000000,6521.000000,49031.000000
21961.000000,6434.000000,6619.000000,49069.000000
22073.000000,6458.000000,6741.000000,49127.000000
22206.000000,6529.000000,6870.000000,49235.000000
22431.000000,6619.000000,6961.000000,49295.000000
22464.000000,6705.000000,7098.000000,49350.000000
22527.000000,6857.000000,7280.000000,49449.000000
22647.000000,7042.000000,7550.000000,49617.000000
22708.000000,7042.000000,7605.000000,49622.000000
22791.000000,7074.000000,7637.000000,49668.000000
22813.000000,7208.000000,7789.000000,49746.000000
22767.000000,7257.000000,7881.000000,49788.000000
22724.000000,7347.000000,7933.000000,49786.000000
22673.000000,7337.000000,7948.000000,49784.000000
22630.000000,7323.000000,7886.000000,49797.000000
22575.000000,7300.000000,7849.000000,49723.000000
22558.000000,7248.000000,7769.000000,49709.000000
22497.000000,7214.000000,7745.000000,49682.000000
22453.000000,7132.000000,7671.000000,49691.000000
22414.000000,7119.000000,7595.000000,49624.000000
22344.000000,7070.000000,7560.000000,49582.000000
22296.000000,7043.000000,7489.000000,49542.000000
22243.000000,6993.000000,7401.000000,49514.000000
22207.000000,6995.000000,7370.000000,49455.000000
22140.000000,6953.000000,7337.000000,49440.000000
22089.000000,6896.000000,7283.000000,49414.000000
22046.000000,6856.000000,7219.000000,49394.000000
22020.000000,6813.000000,7125.000000,49332.000000
21968.000000,6758.000000,7108.000000,49354.000000
21907.000000,6713.000000,7025.000000,49297.000000
21854.000000,6701.000000,6984.000000,49269.000000
21823.000000,6647.000000,6900.000000,49225.000000
21745.000000,6606.000000,6835.000000,49191.000000
21729.000000,6539.000000,6810.000000,49175.000000
21649.000000,6497.000000,6737.000000,49151.000000
21628.000000,6500.000000,6661.000000,49111.000000
21599.000000,6468.000000,6646.000000,49089.000000
21541.000000,6405.000000,6546.000000,49070.000000
21495.000000,6355.000000,6549.000000,49043.000000
21448.000000,6355.000000,6494.000000,49043.000000
21451.000000,6315.000000,6439.000000,48985.000000
21366.000000,6309.000000,6424.000000,48970.000000
21377.000000,6240.000000,6345.000000,48917.000000
21381.000000,6208.000000,6305.000000,48925.000000
21556.000000,6210.000000,6283.000000,48912.000000
21572.000000,6170.000000,6263.000000,48874.000000
21577.000000,6206.000000,6290.000000,48899.000000
21667.000000,6303.000000,6473.000000,48988.000000
21757.000000,6330.000000,6494.000000,49041.000000
21880.000000,6395.000000,6528.000000,49043.000000
21964.000000,6432.000000,6613.000000,49086.000000
22089.000000,6498.000000,6735.000000,49153.000000
22255.000000,6574.000000,6874.000000,49213.000000
22295.000000,6619.000000,6951.000000,49255.000000
22391.000000,6713.000000,7106.000000,49350.000000
22488.000000,6850.000000,7302.000000,49485.000000
22594.000000,6890.000000,7373.000000,49520.000000
22704.000000,6985.000000,7483.000000,49560.000000
22748.000000,7057.000000,7581.000000,49617.000000
22750.000000,7181.000000,7740.000000,49715.000000
22733.000000,7228.000000,7771.000000,49718.000000
22664.000000,7288.000000,7860.000000,49754.000000
22661.000000,7252.000000,7868.000000,49744.000000
22588.000000,7239.000000,7789.000000,49714.000000
22535.000000,7199.000000,7745.000000,49718.000000
22509.000000,7190.000000,7700.000000,49695.000000
22452.000000,7152.000000,7648.000000,49683.000000
22408.000000,7094.000000,7572.000000,49613.000000
22350.000000,7069.000000,7530.000000,49587.000000
22343.000000,7037.000000,7496.000000,49575.000000
22254.000000,6980.000000,7402.000000,49557.000000
22211.000000,6948.000000,7353.000000,49484.000000
22165.000000,6926.000000,7328.000000,49439.000000
22045.000000,6876.000000,7265.000000,49437.000000
22018.000000,6825.000000,7200.000000,49382.000000
22022.000000,6778.000000,7138.000000,49386.000000
21905.000000,6654.000000,6999.000000,49289.000000
21853.000000,6670.000000,6955.000000,49277.000000
21831.000000,6626.000000,6955.000000,49232.000000
21763.000000,6609.000000,6835.000000,49222.000000
21718.000000,6513.000000,6767.000000,49171.000000
21678.000000,6533.000000,6738.000000,49148.000000
21692.000000,6495.000000,6659.000000,49108.000000
21620.000000,6439.000000,6556.000000,49043.000000
21561.000000,6393.000000,6542.000000,49023.000000
21533.000000,6401.000000,6518.000000,49031.000000
21484.000000,6357.000000,6532.000000,49006.000000
21487.000000,6325.000000,6466.000000,48985.000000
21435.000000,6294.000000,6385.000000,48960.000000
21409.000000,6288.000000,6395.000000,48926.000000
21336.000000,6234.000000,6341.000000,48929.000000
21337.000000,6228.000000,6298.000000,48909.000000
21367.000000,6193.000000,6279.000000,48885.000000
21452.000000,6140.000000,6187.000000,48826.000000
21502.000000,6144.000000,6221.000000,48839.000000
21626.000000,6165.000000,6230.000000,48870.000000
21721.000000,6239.000000,6289.000000,48876.000000
21946.000000,6300.000000,6397.000000,48986.000000
21963.000000,6358.000000,6500.000000,49029.000000
22131.000000,6466.000000,6632.000000,49068.000000
22250.000000,6617.000000,6912.000000,49247.000000
22454.000000,6637.000000,6976.000000,49274.000000
22623.000000,6749.000000,7102.000000,49378.000000
22732.000000,6819.000000,7276.000000,49470.000000
22918.000000,7011.000000,7487.000000,49562.000000
22965.000000,7109.000000,7644.000000,49688.000000
22986.000000,7208.000000,7777.000000,49759.000000
22961.000000,7353.000000,7985.000000,49845.000000
22897.000000,7428.000000,8051.000000,49852.000000
22868.000000,7443.000000,8048.000000,49854.000000
22829.000000,7376.000000,8022.000000,49850.000000
22741.000000,7363.000000,7979.000000,49820.000000
22748.000000,7357.000000,7894.000000,49774.000000
22681.000000,7303.000000,7845.000000,49730.000000
22666.000000,7233.000000,7775.000000,49716.000000
22592.000000,7233.000000,7743.000000,49691.000000
22472.000000,7209.000000,7711.000000,49675.000000
22473.000000,7178.000000,7630.000000,49635.000000
22427.000000,7093.000000,7597.000000,49607.000000
22362.000000,7018.000000,7426.000000,49548.000000
22330.000000,7041.000000,7411.000000,49521.000000
22295.000000,7001.000000,7370.000000,49485.000000
22244.000000,6901.000000,7269.000000,49459.000000
22167.000000,6936.000000,7260.000000,49450.000000
22165.000000,6849.000000,7207.000000,49413.000000
22067.000000,6824.000000,7157.000000,49374.000000
22055.000000,6774.000000,7026.000000,49310.000000
21997.000000,6756.000000,7023.000000,49318.000000
21902.000000,6677.000000,6940.000000,49243.000000
21910.000000,6671.000000,6921.000000,49236.000000
21838.000000,6654.000000,6915.000000,49239.000000
21847.000000,6559.000000,6745.000000,49149.000000
21814.000000,6559.000000,6792.000000,49140.000000
21772.000000,6539.000000,6751.000000,49147.000000
21766.000000,6488.000000,6688.000000,49105.000000
21733.000000,6489.000000,6670.000000,49098.000000
21706.000000,6457.000000,6627.000000,49061.000000
21642.000000,6449.000000,6572.000000,49052.000000
21635.000000,6419.000000,6540.000000,49045.000000
21611.000000,6408.000000,6493.000000,49009.000000
21578.000000,6364.000000,6483.000000,49018.000000
21624.000000,6335.000000,6428.000000,48986.000000
21650.000000,6315.000000,6407.000000,48969.000000
21765.000000,6329.000000,6404.000000,48971.000000
21799.000000,6359.000000,6463.000000,48984.000000
21914.000000,6386.000000,6520.000000,49023.000000
21990.000000,6416.000000,6554.000000,49047.000000
22055.000000,6477.000000,6672.000000,49127.000000
22151.000000,6562.000000,6829.000000,49229.000000
22244.000000,6596.000000,6925.000000,49250.000000
22458.000000,6693.000000,7002.000000,49302.000000
22537.000000,6744.000000,7097.000000,49344.000000
22551.000000,6835.000000,7213.000000,49445.000000
22626.000000,7007.000000,7457.000000,49578.000000
22745.000000,7019.000000,7487.000000,49567.000000
22819.000000,7040.000000,7519.000000,49605.000000
22756.000000,7138.000000,7650.000000,49663.000000
22737.000000,7238.000000,7754.000000,49712.000000
22739.000000,7285.000000,7827.000000,49733.000000
22704.000000,7246.000000,7761.000000,49713.000000
22666.000000,7245.000000,7725.000000,49680.000000
22610.000000,7232.000000,7732.000000,49693.000000
22585.000000,7204.000000,7655.000000,49660.000000
22508.000000,7149.000000,7586.000000,49623.000000
22505.000000,7145.000000,7590.000000,49614.000000
22367.000000,7086.000000,7526.000000,49578.000000
22363.000000,7067.000000,7437.000000,49532.000000
22367.000000,7044.000000,7425.000000,49492.000000
22326.000000,6921.000000,7288.000000,49468.000000
22230.000000,6922.000000,7273.000000,49429.000000
22235.000000,6900.000000,7235.000000,49423.000000
22218.000000,6859.000000,7197.000000,49401.000000
22168.000000,6844.000000,7078.000000,49337.000000
22063.000000,6790.000000,7083.000000,49350.000000
22048.000000,6807.000000,7089.000000,49331.000000
22032.000000,6741.000000,6999.000000,49310.000000
21960.000000,6692.000000,6989.000000,49266.000000
21913.000000,6670.000000,6904.000000,49245.000000
21840.000000,6641.000000,6847.000000,49181.000000
21829.000000,6597.000000,6808.000000,49172.000000
21766.000000,6545.000000,6735.000000,49101.000000
21793.000000,6497.000000,6665.000000,49145.000000
21775.000000,6469.000000,6648.000000,49094.000000
21769.000000,6462.000000,6587.000000,49076.000000
21711.000000,6434.000000,6571.000000,49041.000000
21734.000000,6399.000000,6542.000000,49042.000000
21711.000000,6402.000000,6521.000000,49016.000000
21669.000000,6421.000000,6551.000000,49023.000000
21660.000000,6371.000000,6520.000000,49015.000000
21653.000000,6401.000000,6485.000000,49014.000000
21670.000000,6339.000000,6465.000000,49009.000000
21665.000000,6370.000000,6447.000000,48971.000000
21737.000000,6339.000000,6421.000000,48975.000000
21824.000000,6351.000000,6449.000000,49004.000000
21894.000000,6389.000000,6494.000000,49011.000000
22016.000000,6453.000000,6553.000000,49086.000000
22101.000000,6464.000000,6633.000000,49125.000000
22216.000000,6537.000000,6779.000000,49190.000000
22333.000000,6621.000000,6905.000000,49259.000000
22403.000000,6733.000000,7004.000000,49304.000000
22522.000000,6807.000000,7096.000000,49395.000000
22638.000000,6878.000000,7229.000000,49436.000000
22723.000000,6961.000000,7339.000000,49499.000000
22822.000000,7033.000000,7454.000000,49577.000000
23003.000000,7116.000000,7592.000000,49630.000000
23105.000000,7212.000000,7686.000000,49716.000000
23176.000000,7249.000000,7796.000000,49777.000000
23187.000000,7390.000000,7995.000000,49851.000000
23122.000000,7476.000000,8093.000000,49878.000000
23079.000000,7549.000000,8167.000000,49962.000000
23030.000000,7575.000000,8184.000000,49969.000000
22970.000000,7504.000000,8118.000000,49937.000000
22902.000000,7500.000000,8053.000000,49861.000000
22854.000000,7471.000000,7990.000000,49827.000000
22858.000000,7424.000000,7939.000000,49808.000000
22801.000000,7376.000000,7897.000000,49797.000000
22752.000000,7297.000000,7785.000000,49742.000000
22682.000000,7282.000000,7766.000000,49708.000000
22658.000000,7282.000000,7736.000000,49684.000000
22616.000000,7228.000000,7674.000000,49638.000000
22549.000000,7164.000000,7630.000000,49644.000000
22493.000000,7151.000000,7565.000000,49586.000000
22448.000000,7139.000000,7476.000000,49535.000000
22382.000000,7024.000000,7405.000000,49520.000000
22252.000000,7034.000000,7367.000000,49501.000000
22223.000000,6959.000000,7313.000000,49462.000000
22231.000000,6915.000000,7250.000000,49420.000000
22183.000000,6816.000000,7072.000000,49340.000000
22130.000000,6784.000000,7017.000000,49307.000000
22038.000000,6790.000000,7009.000000,49315.000000
22008.000000,6737.000000,6945.000000,49273.000000
21940.000000,6700.000000,6923.000000,49247.000000
21883.000000,6650.000000,6864.000000,49219.000000
21826.000000,6640.000000,6800.000000,49178.000000
21802.000000,6559.000000,6735.000000,49126.000000
21754.000000,6528.000000,6702.000000,49115.000000
21686.000000,6468.000000,6630.000000,49080.000000
21582.000000,6433.000000,6550.000000,49055.000000
21548.000000,6416.000000,6470.000000,49004.000000
21461.000000,6362.000000,6417.000000,48984.000000
21446.000000,6291.000000,6349.000000,48921.000000
21519.000000,6215.000000,6252.000000,48868.000000
21633.000000,6187.000000,6184.000000,48870.000000
21714.000000,6170.000000,6185.000000,48875.000000
21818.000000,6216.000000,6270.000000,48869.000000
21947.000000,6316.000000,6357.000000,48941.000000
22047.000000,6428.000000,6503.000000,49048.000000
22126.000000,6499.000000,6657.000000,49086.000000
22216.000000,6574.000000,6769.000000,49163.000000
22344.000000,6654.000000,6940.000000,49262.000000
22450.000000,6734.000000,7025.000000,49338.000000
22555.000000,6784.000000,7126.000000,49396.000000
22724.000000,6911.000000,7255.000000,49465.000000
22814.000000,6951.000000,7342.000000,49506.000000
22874.000000,7028.000000,7472.000000,49568.000000
22883.000000,7190.000000,7653.000000,49676.000000
22852.000000,7246.000000,7751.000000,49756.000000
22824.000000,7341.000000,7839.000000,49742.000000
22759.000000,7298.000000,7825.000000,49722.000000
22680.000000,7314.000000,7780.000000,49726.000000
22650.000000,7274.000000,7711.000000,49683.000000
22639.000000,7227.000000,7650.000000,49622.000000
22579.000000,7164.000000,7583.000000,49611.000000
22531.000000,7145.000000,7540.000000,49582.000000
22460.000000,7099.000000,7532.000000,49570.000000
22430.000000,7075.000000,7450.000000,49512.000000
22385.000000,7056.000000,7396.000000,49518.000000
22363.000000,6951.000000,7331.000000,49478.000000
22298.000000,6934.000000,7278.000000,49468.000000
22281.000000,6916.000000,7219.000000,49411.000000
22251.000000,6894.000000,7147.000000,49374.000000
22181.000000,6820.000000,7117.000000,49371.000000
22114.000000,6826.000000,7079.000000,49340.000000
22107.000000,6803.000000,7040.000000,49289.000000
22047.000000,6713.000000,7003.000000,49252.000000
22044.000000,6676.000000,6928.000000,49270.000000
21984.000000,6667.000000,6882.000000,49255.000000
21959.000000,6688.000000,6829.000000,49216.000000
21880.000000,6602.000000,6801.000000,49190.000000
21829.000000,6589.000000,6738.000000,49144.000000
21779.000000,6559.000000,6700.000000,49106.000000
21760.000000,6499.000000,6639.000000,49124.000000
21720.000000,6473.000000,6585.000000,49069.000000
21656.000000,6427.000000,6530.000000,49023.000000
21645.000000,6421.000000,6495.000000,48983.000000
21573.000000,6405.000000,6406.000000,48961.000000
21553.000000,6353.000000,6401.000000,48935.000000
21492.000000,6326.000000,6372.000000,48958.000000
21482.000000,6265.000000,6288.000000,48930.000000
21449.000000,6224.000000,6239.000000,48887.000000
21424.000000,6194.000000,6191.000000,48850.000000
21427.000000,6166.000000,6154.000000,48822.000000
21464.000000,6151.000000,6190.000000,48836.000000
21505.000000,6132.000000,6157.000000,48797.000000
21597.000000,6173.000000,6130.000000,48822.000000
21722.000000,6199.000000,6214.000000,48884.000000
21776.000000,6255.000000,6258.000000,48889.000000
21965.000000,6295.000000,6357.000000,48912.000000
21997.000000,6368.000000,6481.000000,48994.000000
22027.000000,6438.000000,6555.000000,49050.000000
22158.000000,6576.000000,6759.000000,49158.000000
22353.000000,6581.000000,6812.000000,49200.000000
22412.000000,6623.000000,6859.000000,49226.000000
22414.000000,6711.000000,6988.000000,49292.000000
22566.000000,6905.000000,7253.000000,49441.000000
22679.000000,6935.000000,7302.000000,49471.000000
22746.000000,6956.000000,7318.000000,49492.000000
22693.000000,7015.000000,7472.000000,49573.000000
22697.000000,7156.000000,7569.000000,49607.000000
22662.000000,7207.000000,7612.000000,49646.000000
22610.000000,7195.000000,7557.000000,49603.000000
22547.000000,7171.000000,7595.000000,49592.000000
22548.000000,7183.000000,7575.000000,49575.000000
22493.000000,7091.000000,7497.000000,49558.000000
22409.000000,7031.000000,7405.000000,49542.000000
22371.000000,7029.000000,7331.000000,49438.000000
22359.000000,6994.000000,7325.000000,49435.000000
22333.000000,6912.000000,7232.000000,49418.000000
22287.000000,6933.000000,7173.000000,49398.000000
22242.000000,6878.000000,7149.000000,49355.000000
22233.000000,6856.000000,7105.000000,49323.000000
22092.000000,6827.000000,7067.000000,49338.000000
22073.000000,6782.000000,7014.000000,49278.000000
22049.000000,6780.000000,6994.000000,49270.000000
22006.000000,6713.000000,6882.000000,49226.000000
21936.000000,6661.000000,6874.000000,49192.000000
21921.000000,6671.000000,6804.000000,49195.000000
21843.000000,6597.000000,6762.000000,49133.000000
21786.000000,6537.000000,6660.000000,49101.000000
21749.000000,6525.000000,6647.000000,49076.000000
21696.000000,6500.000000,6579.000000,49023.000000
21659.000000,6438.000000,6525.000000,49020.000000
21605.000000,6425.000000,6460.000000,48988.000000
21548.000000,6374.000000,6442.000000,48963.000000
21540.000000,6349.000000,6387.000000,48938.000000
21497.000000,6320.000000,6320.000000,48919.000000
21478.000000,6293.000000,6257.000000,48874.000000
21465.000000,6271.000000,6237.000000,48845.000000
21429.000000,6256.000000,6184.000000,48832.000000
21456.000000,6218.000000,6190.000000,48802.000000
21552.000000,6194.000000,6154.000000,48799.000000
21622.000000,6214.000000,6144.000000,48785.000000
21749.000000,6256.000000,6189.000000,48851.000000
21827.000000,6287.000000,6257.000000,48872.000000
21942.000000,6334.000000,6341.000000,48931.000000
22073.000000,6443.000000,6531.000000,49005.000000
22274.000000,6457.000000,6632.000000,49091.000000
22307.000000,6548.000000,6774.000000,49169.000000
22349.000000,6650.000000,6888.000000,49221.000000
22474.000000,6832.000000,7102.000000,49346.000000
22568.000000,6856.000000,7165.000000,49389.000000
22689.000000,6896.000000,7209.000000,49415.000000
22832.000000,7001.000000,7348.000000,49488.000000
22949.000000,7061.000000,7439.000000,49529.000000
23018.000000,7202.000000,7652.000000,49647.000000
22963.000000,7263.000000,7761.000000,49732.000000
22939.000000,7388.000000,7876.000000,49776.000000
22899.000000,7417.000000,7950.000000,49794.000000
22818.000000,7399.000000,7900.000000,49773.000000
22798.000000,7364.000000,7845.000000,49757.000000
22745.000000,7352.000000,7833.000000,49736.000000
22694.000000,7285.000000,7748.000000,49698.000000
22661.000000,7270.000000,7700.000000,49662.000000
22607.000000,7225.000000,7662.000000,49614.000000
22583.000000,7217.000000,7604.000000,49597.000000
22543.000000,7157.000000,7499.000000,49575.000000
22413.000000,7112.000000,7439.000000,49540.000000
22415.000000,7072.000000,7386.000000,49500.000000
22397.000000,7028.000000,7354.000000,49471.000000
22329.000000,6938.000000,7195.000000,49390.000000
22270.000000,6919.000000,7187.000000,49378.000000
22196.000000,6933.000000,7175.000000,49348.000000
22170.000000,6852.000000,7090.000000,49305.000000
22068.000000,6825.000000,7067.000000,49282.000000
22016.000000,6761.000000,6992.000000,49276.000000
21959.000000,6718.000000,6924.000000,49232.000000
21924.000000,6672.000000,6854.000000,49178.000000
21868.000000,6631.000000,6771.000000,49137.000000
21828.000000,6577.000000,6677.000000,49087.000000
21771.000000,6548.000000,6614.000000,49072.000000
21704.000000,6505.000000,6555.000000,49024.000000
21693.000000,6430.000000,6508.000000,48995.000000
21599.000000,6444.000000,6415.000000,48976.000000
21555.000000,6376.000000,6374.000000,48912.000000
21480.000000,6357.000000,6327.000000,48942.000000
21450.000000,6284.000000,6271.000000,48866.000000
21392.000000,6233.000000,6188.000000,48803.000000
21372.000000,6226.000000,6163.000000,48796.000000
21322.000000,6186.000000,6138.000000,48766.000000
21256.000000,6149.000000,6077.000000,48750.000000
21248.000000,6076.000000,6013.000000,48738.000000
21189.000000,6074.000000,5978.000000,48689.000000
21198.000000,5993.000000,5914.000000,48674.000000
21231.000000,5984.000000,5850.000000,48673.000000
21328.000000,5970.000000,5824.000000,48627.000000
21415.000000,6006.000000,5819.000000,48644.000000
21530.000000,6029.000000,5865.000000,48637.000000
21671.000000,6078.000000,6020.000000,48741.000000
21930.000000,6157.000000,6105.000000,48800.000000
21925.000000,6246.000000,6196.000000,48838.000000
22059.000000,6361.000000,6436.000000,48955.000000
22238.000000,6577.000000,6722.000000,49121.000000
22399.000000,6621.000000,6778.000000,49164.000000
22531.000000,6722.000000,6900.000000,49238.000000
22725.000000,6811.000000,7135.000000,49378.000000
22849.000000,6921.000000,7263.000000,49459.000000
22882.000000,7042.000000,7422.000000,49528.000000
22877.000000,7211.000000,7649.000000,49638.000000
22820.000000,7310.000000,7748.000000,49704.000000
22791.000000,7349.000000,7796.000000,49718.000000
22741.000000,7328.000000,7764.000000,49707.000000
22683.000000,7312.000000,7699.000000,49671.000000
22598.000000,7259.000000,7653.000000,49638.000000
22548.000000,7207.000000,7640.000000,49617.000000
22515.000000,7140.000000,7526.000000,49577.000000
22472.000000,7148.000000,7494.000000,49549.000000
22448.000000,7094.000000,7376.000000,49485.000000
22397.000000,7049.000000,7354.000000,49479.000000
22350.000000,6968.000000,7282.000000,49446.000000
22293.000000,6961.000000,7260.000000,49429.000000
22229.000000,6949.000000,7179.000000,49377.000000
22171.000000,6896.000000,7093.000000,49361.000000
22105.000000,6854.000000,7104.000000,49326.000000
22026.000000,6842.000000,6979.000000,49276.000000
22003.000000,6759.000000,6972.000000,49295.000000
21910.000000,6698.000000,6869.000000,49253.000000
21884.000000,6646.000000,6789.000000,49176.000000
21845.000000,6594.000000,6728.000000,49154.000000
21825.000000,6528.000000,6579.000000,49052.000000
21776.000000,6510.000000,6601.000000,49056.000000
21751.000000,6490.000000,6600.000000,49040.000000
21696.000000,6474.000000,6501.000000,49009.000000
21637.000000,6442.000000,6467.000000,48972.000000
21586.000000,6363.000000,6436.000000,48949.000000
21520.000000,6334.000000,6366.000000,48911.000000
21442.000000,6347.000000,6316.000000,48876.000000
21416.000000,6284.000000,6264.000000,48881.000000
21380.000000,6272.000000,6221.000000,48801.000000
21277.000000,6153.000000,6145.000000,48800.000000
21273.000000,6150.000000,6060.000000,48742.000000
21198.000000,6116.000000,6022.000000,48756.000000
21125.000000,6070.000000,5955.000000,48697.000000
21105.000000,6016.000000,5873.000000,48652.000000
21097.000000,5947.000000,5878.000000,48673.000000
21148.000000,5906.000000,5760.000000,48602.000000
21151.000000,5900.000000,5719.000000,48577.000000
21265.000000,5882.000000,5727.000000,48584.000000
21346.000000,5903.000000,5770.000000,48576.000000
21495.000000,5967.000000,5816.000000,48625.000000
21555.000000,6065.000000,5951.000000,48706.000000
21673.000000,6079.000000,6061.000000,48772.000000
21817.000000,6215.000000,6185.000000,48838.000000
21931.000000,6296.000000,6296.000000,48880.000000
22030.000000,6384.000000,6455.000000,49025.000000
22215.000000,6503.000000,6614.000000,49092.000000
22312.000000,6555.000000,6743.000000,49162.000000
22426.000000,6685.000000,6890.000000,49233.000000
22579.000000,6786.000000,7090.000000,49325.000000
22659.000000,6887.000000,7200.000000,49409.000000
22737.000000,6983.000000,7333.000000,49491.000000
22687.000000,7076.000000,7472.000000,49563.000000
22628.000000,7172.000000,7576.000000,49618.000000
22621.000000,7235.000000,7634.000000,49618.000000
22542.000000,7209.000000,7620.000000,49630.000000
22507.000000,7175.000000,7579.000000,49609.000000
22458.000000,7096.000000,7500.000000,49545.000000
22367.000000,7054.000000,7428.000000,49545.000000
22347.000000,7038.000000,7372.000000,49476.000000
22298.000000,7026.000000,7340.000000,49469.000000
22227.000000,6968.000000,7222.000000,49421.000000
22213.000000,6916.000000,7139.000000,49388.000000
22114.000000,6849.000000,7133.000000,49331.000000
22075.000000,6838.000000,7053.000000,49314.000000
21985.000000,6780.000000,6990.000000,49264.000000
21979.000000,6712.000000,6930.000000,49271.000000
21814.000000,6704.000000,6889.000000,49238.000000
21812.000000,6624.000000,6823.000000,49168.000000
21796.000000,6621.000000,6759.000000,49158.000000
21687.000000,6500.000000,6549.000000,49061.000000
21611.000000,6484.000000,6567.000000,49037.000000
21523.000000,6468.000000,6555.000000,49038.000000
21500.000000,6388.000000,6452.000000,48992.000000
21394.000000,6311.000000,6328.000000,48906.000000
21386.000000,6293.000000,6272.000000,48864.000000
21353.000000,6207.000000,6199.000000,48847.000000
21292.000000,6164.000000,6138.000000,48810.000000
21227.000000,6140.000000,6080.000000,48791.000000
21203.000000,6083.000000,6032.000000,48780.000000
21149.000000,6060.000000,5975.000000,48718.000000
21221.000000,6054.000000,5950.000000,48703.000000
21266.000000,5984.000000,5852.000000,48696.000000
21335.000000,5927.000000,5840.000000,48624.000000
21435.000000,6024.000000,5965.000000,48690.000000
21520.000000,6061.000000,5968.000000,48698.000000
21630.000000,6098.000000,6093.000000,48785.000000
21877.000000,6201.000000,6159.000000,48820.000000
21885.000000,6244.000000,6276.000000,48910.000000
21986.000000,6365.000000,6420.000000,49019.000000
22064.000000,6542.000000,6701.000000,49138.000000
22249.000000,6565.000000,6764.000000,49148.000000
22382.000000,6638.000000,6858.000000,49248.000000
22500.000000,6707.000000,6977.000000,49324.000000
22583.000000,6867.000000,7210.000000,49418.000000
22599.000000,6985.000000,7337.000000,49484.000000
22588.000000,7048.000000,7455.000000,49549.000000
22534.000000,7097.000000,7567.000000,49604.000000
22528.000000,7142.000000,7579.000000,49614.000000
22434.000000,7141.000000,7555.000000,49588.000000
22426.000000,7121.000000,7531.000000,49563.000000
22371.000000,7068.000000,7453.000000,49538.000000
22340.000000,7003.000000,7422.000000,49497.000000
22258.000000,7017.000000,7328.000000,49453.000000
22230.000000,6938.000000,7317.000000,49465.000000
22182.000000,6911.000000,7273.000000,49403.000000
22185.000000,6874.000000,7186.000000,49422.000000
22133.000000,6848.000000,7160.000000,49376.000000
22074.000000,6819.000000,7075.000000,49334.000000
22046.000000,6800.000000,7026.000000,49306.000000
22002.000000,6779.000000,7011.000000,49300.000000
21957.000000,6704.000000,6916.000000,49274.000000
21939.000000,6692.000000,6885.000000,49226.000000
21912.000000,6668.000000,6849.000000,49194.000000
21860.000000,6615.000000,6793.000000,49173.000000
21814.000000,6614.000000,6777.000000,49157.000000
21765.000000,6581.000000,6720.000000,49138.000000
21764.000000,6544.000000,6728.000000,49103.000000
21745.000000,6526.000000,6681.000000,49089.000000
21745.000000,6478.000000,6570.000000,49052.000000
21726.000000,6495.000000,6592.000000,49069.000000
21725.000000,6475.000000,6574.000000,49049.000000
21677.000000,6470.000000,6515.000000,49047.000000
21692.000000,6438.000000,6524.000000,49027.000000
21643.000000,6441.000000,6526.000000,49018.000000
21618.000000,6437.000000,6484.000000,49009.000000
21588.000000,6403.000000,6494.000000,49018.000000
21594.000000,6405.000000,6480.000000,49024.000000
21590.000000,6393.000000,6413.000000,48992.000000
21661.000000,6379.000000,6411.000000,48951.000000
21734.000000,6360.000000,6406.000000,48975.000000
21781.000000,6389.000000,6440.000000,48962.000000
21884.000000,6442.000000,6504.000000,49036.000000
21964.000000,6467.000000,6570.000000,49072.000000
22067.000000,6526.000000,6704.000000,49111.000000
22234.000000,6621.000000,6785.000000,49179.000000
22272.000000,6670.000000,6922.000000,49275.000000
22340.000000,6741.000000,7020.000000,49324.000000
22529.000000,6909.000000,7259.000000,49477.000000
22554.000000,6934.000000,7276.000000,49468.000000
22710.000000,6980.000000,7392.000000,49517.000000
22818.000000,7077.000000,7496.000000,49569.000000
22906.000000,7186.000000,7616.000000,49644.000000
22977.000000,7253.000000,7758.000000,49757.000000
22944.000000,7381.000000,7933.000000,49818.000000
22931.000000,7441.000000,7991.000000,49868.000000
22905.000000,7493.000000,8077.000000,49918.000000
22811.000000,7487.000000,8057.000000,49900.000000
22776.000000,7478.000000,8025.000000,49860.000000
22717.000000,7410.000000,7901.000000,49785.000000
22691.000000,7385.000000,7869.000000,49789.000000
22641.000000,7350.000000,7793.000000,49721.000000
22583.000000,7278.000000,7765.000000,49692.000000
22447.000000,7273.000000,7691.000000,49654.000000
22417.000000,7243.000000,7653.000000,49658.000000
22382.000000,7168.000000,7563.000000,49599.000000
22359.000000,7047.000000,7400.000000,49501.000000
22288.000000,7050.000000,7406.000000,49491.000000
22234.000000,7020.000000,7351.000000,49483.000000
22189.000000,6977.000000,7291.000000,49467.000000
22069.000000,6904.000000,7197.000000,49415.000000
22058.000000,6928.000000,7162.000000,49390.000000
21975.000000,6849.000000,7111.000000,49348.000000
21909.000000,6746.000000,7011.000000,49294.000000
21855.000000,6740.000000,6945.000000,49272.000000
21802.000000,6663.000000,6889.000000,49221.000000
21777.000000,6618.000000,6813.000000,49187.000000
21692.000000,6579.000000,6783.000000,49150.000000
21619.000000,6520.000000,6675.000000,49108.000000
21591.000000,6502.000000,6607.000000,49083.000000
21575.000000,6407.000000,6574.000000,49046.000000
21521.000000,6373.000000,6429.000000,48994.000000
21467.000000,6349.000000,6431.000000,48950.000000
21409.000000,6364.000000,6385.000000,48952.000000
21343.000000,6305.000000,6316.000000,48925.000000
21294.000000,6288.000000,6288.000000,48892.000000
21323.000000,6273.000000,6223.000000,48875.000000
21361.000000,6180.000000,6132.000000,48844.000000
21439.000000,6109.000000,6110.000000,48808.000000
21534.000000,6099.000000,6113.000000,48793.000000
21643.000000,6170.000000,6170.000000,48829.000000
21755.000000,6279.000000,6305.000000,48947.000000
21873.000000,6339.000000,6419.000000,49000.000000
22027.000000,6455.000000,6571.000000,49076.000000
22108.000000,6529.000000,6706.000000,49167.000000
22267.000000,6605.000000,6854.000000,49203.000000
22381.000000,6756.000000,7047.000000,49312.000000
22480.000000,6842.000000,7186.000000,49401.000000
22626.000000,6945.000000,7300.000000,49493.000000
22741.000000,7011.000000,7429.000000,49564.000000
22820.000000,7100.000000,7581.000000,49648.000000
22883.000000,7206.000000,7776.000000,49745.000000
22858.000000,7325.000000,7864.000000,49769.000000
22856.000000,7373.000000,7963.000000,49828.000000
22768.000000,7435.000000,8002.000000,49857.000000
22699.000000,7410.000000,7985.000000,49851.000000
22675.000000,7362.000000,7920.000000,49789.000000
22613.000000,7324.000000,7851.000000,49755.000000
22565.000000,7287.000000,7794.000000,49742.000000
22523.000000,7223.000000,7744.000000,49714.000000
22442.000000,7231.000000,7716.000000,49665.000000
22379.000000,7175.000000,7647.000000,49622.000000
22305.000000,7124.000000,7575.000000,49596.000000
22265.000000,7073.000000,7495.000000,49573.000000
22236.000000,7011.000000,7427.000000,49550.000000
22173.000000,6983.000000,7349.000000,49488.000000
22097.000000,6940.000000,7293.000000,49460.000000
22017.000000,6899.000000,7188.000000,49444.000000
21925.000000,6846.000000,7172.000000,49368.000000
21929.000000,6780.000000,7056.000000,49341.000000
21863.000000,6727.000000,7007.000000,49278.000000
21751.000000,6628.000000,6891.000000,49238.000000
21749.000000,6628.000000,6890.000000,49191.000000
21695.000000,6596.000000,6820.000000,49174.000000
21676.000000,6524.000000,6703.000000,49133.000000
21633.000000,6514.000000,6675.000000,49087.000000
21579.000000,6481.000000,6600.000000,49054.000000
21547.000000,6434.000000,6568.000000,49059.000000
21564.000000,6431.000000,6534.000000,49036.000000
21509.000000,6378.000000,6473.000000,49021.000000
21519.000000,6374.000000,6465.000000,48982.000000
21445.000000,6333.000000,6378.000000,48956.000000
21423.000000,6339.000000,6402.000000,48960.000000
21381.000000,6286.000000,6338.000000,48898.000000
21373.000000,6255.000000,6294.000000,48921.000000
21437.000000,6278.000000,6281.000000,48905.000000
21546.000000,6198.000000,6227.000000,48883.000000
21630.000000,6237.000000,6281.000000,48931.000000
21747.000000,6287.000000,6342.000000,48957.000000
21819.000000,6366.000000,6499.000000,49039.000000
21949.000000,6477.000000,6601.000000,49072.000000
22140.000000,6523.000000,6710.000000,49156.000000
22206.000000,6597.000000,6864.000000,49255.000000
22294.000000,6681.000000,6972.000000,49289.000000
22416.000000,6876.000000,7251.000000,49430.000000
22496.000000,6910.000000,7274.000000,49465.000000
22610.000000,6955.000000,7411.000000,49542.000000
22719.000000,7043.000000,7513.000000,49578.000000
22788.000000,7123.000000,7636.000000,49677.000000
22776.000000,7230.000000,7788.000000,49758.000000
22773.000000,7296.000000,7905.000000,49795.000000
22740.000000,7354.000000,7954.000000,49826.000000
22663.000000,7392.000000,7967.000000,49843.000000
22675.000000,7405.000000,7945.000000,49808.000000
22600.000000,7339.000000,7915.000000,49779.000000
22579.000000,7307.000000,7841.000000,49777.000000
22524.000000,7245.000000,7774.000000,49721.000000
22463.000000,7203.000000,7725.000000,49679.000000
22430.000000,7217.000000,7680.000000,49656.000000
22407.000000,7194.000000,7654.000000,49669.000000
22333.000000,7110.000000,7558.000000,49624.000000
22204.000000,7067.000000,7472.000000,49587.000000
22219.000000,7027.000000,7438.000000,49550.000000
22178.000000,6986.000000,7366.000000,49503.000000
22118.000000,6897.000000,7239.000000,49423.000000
22073.000000,6879.000000,7245.000000,49441.000000
22057.000000,6879.000000,7233.000000,49406.000000
21990.000000,6825.000000,7112.000000,49367.000000
21989.000000,6791.000000,7107.000000,49351.000000
21947.000000,6733.000000,7039.000000,49324.000000
21852.000000,6755.000000,7012.000000,49296.000000
21835.000000,6692.000000,6947.000000,49256.000000
21814.000000,6668.000000,6917.000000,49247.000000
21771.000000,6601.000000,6851.000000,49229.000000
21741.000000,6605.000000,6799.000000,49214.000000
21693.000000,6555.000000,6753.000000,49187.000000
21654.000000,6546.000000,6695.000000,49161.000000
21672.000000,6506.000000,6675.000000,49130.000000
21644.000000,6481.000000,6662.000000,49105.000000
21615.000000,6467.000000,6617.000000,49098.000000
21589.000000,6478.000000,6621.000000,49091.000000
21571.000000,6442.000000,6577.000000,49070.000000
21580.000000,6403.000000,6525.000000,49054.000000
21590.000000,6400.000000,6511.000000,49031.000000
21688.000000,6409.000000,6478.000000,49048.000000
21780.000000,6409.000000,6485.000000,49023.000000
21855.000000,6404.000000,6542.000000,49040.000000
22023.000000,6457.000000,6629.000000,49106.000000
22125.000000,6556.000000,6737.000000,49144.000000
22214.000000,6628.000000,6879.000000,49245.000000
22332.000000,6795.000000,7044.000000,49357.000000
22591.000000,6855.000000,7198.000000,49427.000000
22615.000000,6951.000000,7308.000000,49490.000000
22643.000000,7009.000000,7435.000000,49550.000000
22761.000000,7206.000000,7751.000000,49734.000000
22888.000000,7202.000000,7789.000000,49771.000000
22991.000000,7256.000000,7802.000000,49770.000000
23065.000000,7356.000000,7960.000000,49840.000000
23168.000000,7427.000000,8062.000000,49927.000000
23147.000000,7531.000000,8203.000000,49993.000000
23138.000000,7609.000000,8297.000000,50075.000000
23098.000000,7653.000000,8377.000000,50067.000000
23014.000000,7690.000000,8397.000000,50113.000000
23022.000000,7694.000000,8351.000000,50043.000000
22962.000000,7635.000000,8326.000000,50041.000000
22912.000000,7597.000000,8252.000000,49988.000000
22872.000000,7538.000000,8188.000000,49977.000000
22837.000000,7519.000000,8147.000000,49948.000000
22781.000000,7491.000000,8103.000000,49918.000000
22730.000000,7424.000000,8060.000000,49885.000000
22687.000000,7440.000000,7994.000000,49879.000000
22633.000000,7371.000000,7934.000000,49812.000000
22586.000000,7352.000000,7869.000000,49786.000000
22564.000000,7328.000000,7805.000000,49772.000000
22481.000000,7280.000000,7750.000000,49701.000000
22314.000000,7242.000000,7665.000000,49656.000000
22253.000000,7161.000000,7616.000000,49639.000000
22199.000000,7132.000000,7554.000000,49604.000000
22105.000000,6941.000000,7356.000000,49519.000000
22099.000000,6972.000000,7301.000000,49461.000000
21996.000000,6902.000000,7217.000000,49444.000000
21942.000000,6811.000000,7142.000000,49369.000000
21910.000000,6772.000000,7080.000000,49357.000000
21863.000000,6749.000000,7020.000000,49307.000000
21827.000000,6693.000000,6921.000000,49253.000000
21747.000000,6666.000000,6918.000000,49250.000000
21731.000000,6626.000000,6861.000000,49213.000000
21713.000000,6578.000000,6827.000000,49179.000000
21664.000000,6529.000000,6696.000000,49165.000000
21622.000000,6531.000000,6703.000000,49143.000000
21576.000000,6500.000000,6645.000000,49101.000000
21583.000000,6464.000000,6592.000000,49071.000000
21593.000000,6429.000000,6553.000000,49064.000000
21625.000000,6392.000000,6513.000000,49061.000000
21679.000000,6387.000000,6531.000000,49014.000000
21748.000000,6424.000000,6529.000000,49051.000000
21809.000000,6469.000000,6590.000000,49093.000000
21921.000000,6482.000000,6663.000000,49099.000000
22030.000000,6537.000000,6788.000000,49149.000000
22141.000000,6622.000000,6890.000000,49228.000000
22283.000000,6710.000000,6996.000000,49296.000000
22385.000000,6768.000000,7110.000000,49384.000000
22491.000000,6887.000000,7250.000000,49484.000000
22777.000000,6987.000000,7406.000000,49558.000000
22845.000000,7094.000000,7564.000000,49618.000000
22965.000000,7162.000000,7692.000000,49692.000000
23048.000000,7379.000000,8004.000000,49890.000000
23121.000000,7411.000000,8056.000000,49917.000000
23148.000000,7496.000000,8179.000000,49992.000000
23133.000000,7578.000000,8311.000000,50034.000000
23050.000000,7654.000000,8390.000000,50067.000000
22998.000000,7635.000000,8350.000000,50032.000000
22952.000000,7626.000000,8307.000000,50051.000000
22943.000000,7617.000000,8262.000000,50035.000000
22894.000000,7577.000000,8202.000000,49987.000000
22851.000000,7537.000000,8148.000000,49971.000000
22780.000000,7494.000000,8106.000000,49935.000000
22744.000000,7454.000000,8070.000000,49908.000000
22709.000000,7419.000000,8029.000000,49879.000000
22606.000000,7402.000000,7944.000000,49875.000000
22581.000000,7381.000000,7903.000000,49792.000000
22587.000000,7321.000000,7854.000000,49742.000000
22523.000000,7248.000000,7748.000000,49721.000000
22444.000000,7255.000000,7704.000000,49730.000000
22425.000000,7222.000000,7688.000000,49674.000000
22371.000000,7176.000000,7631.000000,49677.000000
22297.000000,7104.000000,7555.000000,49636.000000
22182.000000,7074.000000,7484.000000,49585.000000
22234.000000,7074.000000,7449.000000,49564.000000
22177.000000,6979.000000,7377.000000,49476.000000
22126.000000,6883.000000,7225.000000,49414.000000
22061.000000,6875.000000,7253.000000,49451.000000
22028.000000,6862.000000,7209.000000,49420.000000
21999.000000,6837.000000,7136.000000,49385.000000
21918.000000,6797.000000,7073.000000,49371.000000
21911.000000,6771.000000,7039.000000,49319.000000
21822.000000,6730.000000,7008.000000,49318.000000
21809.000000,6680.000000,6880.000000,49220.000000
21762.000000,6647.000000,6882.000000,49220.000000
21736.000000,6605.000000,6812.000000,49215.000000
21681.000000,6562.000000,6796.000000,49168.000000
21615.000000,6552.000000,6732.000000,49158.000000
21563.000000,6526.000000,6677.000000,49143.000000
21654.000000,6469.000000,6617.000000,49119.000000
21784.000000,6445.000000,6616.000000,49106.000000
21881.000000,6426.000000,6540.000000,49062.000000
22103.000000,6483.000000,6591.000000,49087.000000
22102.000000,6560.000000,6755.000000,49213.000000
22191.000000,6648.000000,6924.000000,49288.000000
22323.000000,6802.000000,7139.000000,49414.000000
22505.000000,6837.000000,7183.000000,49420.000000
22556.000000,6916.000000,7320.000000,49504.000000
22683.000000,7002.000000,7420.000000,49553.000000
22828.000000,7106.000000,7600.000000,49645.000000
22971.000000,7210.000000,7731.000000,49763.000000
23018.000000,7309.000000,7863.000000,49793.000000
23087.000000,7361.000000,8013.000000,49892.000000
23078.000000,7503.000000,8153.000000,49982.000000
23002.000000,7590.000000,8220.000000,50040.000000
22989.000000,7616.000000,8282.000000,50065.000000
22910.000000,7599.000000,8248.000000,50008.000000
22906.000000,7513.000000,8198.000000,49957.000000
22832.000000,7501.000000,8134.000000,49932.000000
22782.000000,7497.000000,8113.000000,49933.000000
22750.000000,7456.000000,8041.000000,49903.000000
22736.000000,7434.000000,7991.000000,49873.000000
22675.000000,7370.000000,7948.000000,49854.000000
22659.000000,7332.000000,7860.000000,49798.000000
22600.000000,7315.000000,7819.000000,49801.000000
22583.000000,7288.000000,7807.000000,49749.000000
22545.000000,7290.000000,7765.000000,49740.000000
22491.000000,7251.000000,7759.000000,49730.000000
22415.000000,7212.000000,7677.000000,49705.000000
22385.000000,7191.000000,7637.000000,49647.000000
22351.000000,7126.000000,7563.000000,49630.000000
22292.000000,7077.000000,7479.000000,49564.000000
22285.000000,7071.000000,7447.000000,49568.000000
22255.000000,7015.000000,7396.000000,49522.000000
22176.000000,6963.000000,7330.000000,49473.000000
22134.000000,6969.000000,7313.000000,49458.000000
22073.000000,6941.000000,7294.000000,49470.000000
22062.000000,6884.000000,7246.000000,49439.000000
22058.000000,6819.000000,7166.000000,49364.000000
21942.000000,6817.000000,7105.000000,49391.000000
21977.000000,6798.000000,7088.000000,49362.000000
21954.000000,6760.000000,7028.000000,49308.000000
21943.000000,6722.000000,6979.000000,49277.000000
21899.000000,6753.000000,6984.000000,49293.000000
21875.000000,6678.000000,6950.000000,49281.000000
21803.000000,6689.000000,6904.000000,49245.000000
21810.000000,6676.000000,6849.000000,49216.000000
21846.000000,6643.000000,6856.000000,49228.000000
21893.000000,6582.000000,6816.000000,49212.000000
21947.000000,6580.000000,6836.000000,49238.000000
22050.000000,6601.000000,6861.000000,49232.000000
22165.000000,6659.000000,6918.000000,49277.000000
22222.000000,6693.000000,6973.000000,49287.000000
22339.000000,6809.000000,7107.000000,49372.000000
22434.000000,6879.000000,7216.000000,49432.000000
22545.000000,6974.000000,7337.000000,49504.000000
22661.000000,7051.000000,7416.000000,49532.000000
22788.000000,7120.000000,7581.000000,49642.000000
22899.000000,7204.000000,7681.000000,49709.000000
23011.000000,7241.000000,7807.000000,49771.000000
23111.000000,7366.000000,7960.000000,49850.000000
23263.000000,7454.000000,8085.000000,49958.000000
23304.000000,7538.000000,8203.000000,50028.000000
23319.000000,7633.000000,8377.000000,50107.000000
23292.000000,7761.000000,8556.000000,50167.000000
23233.000000,7814.000000,8594.000000,50206.000000
23189.000000,7824.000000,8603.000000,50208.000000
23173.000000,7790.000000,8512.000000,50138.000000
23125.000000,7752.000000,8477.000000,50136.000000
23070.000000,7729.000000,8430.000000,50100.000000
23027.000000,7671.000000,8355.000000,50046.000000
22948.000000,7645.000000,8333.000000,50042.000000
22878.000000,7593.000000,8285.000000,50016.000000
22846.000000,7557.000000,8179.000000,49995.000000
22803.000000,7486.000000,8168.000000,49940.000000
22761.000000,7468.000000,8074.000000,49892.000000
22716.000000,7445.000000,8006.000000,49857.000000
22643.000000,7412.000000,7961.000000,49837.000000
22620.000000,7380.000000,7893.000000,49822.000000
22586.000000,7313.000000,7829.000000,49776.000000
22473.000000,7222.000000,7724.000000,49711.000000
22461.000000,7199.000000,7712.000000,49714.000000
22430.000000,7197.000000,7632.000000,49658.000000
22374.000000,7114.000000,7535.000000,49586.000000
22325.000000,7098.000000,7516.000000,49598.000000
22218.000000,7052.000000,7466.000000,49543.000000
22197.000000,7018.000000,7402.000000,49534.000000
22178.000000,6974.000000,7329.000000,49502.000000
22124.000000,6879.000000,7227.000000,49453.000000
22078.000000,6873.000000,7205.000000,49386.000000
22076.000000,6889.000000,7182.000000,49437.000000
22012.000000,6815.000000,7077.000000,49371.000000
22015.000000,6769.000000,7046.000000,49372.000000
21972.000000,6772.000000,7017.000000,49327.000000
21973.000000,6719.000000,6962.000000,49329.000000
21925.000000,6692.000000,6966.000000,49291.000000
21934.000000,6687.000000,6949.000000,49286.000000
21892.000000,6672.000000,6919.000000,49269.000000
21819.000000,6687.000000,6874.000000,49272.000000
21852.000000,6657.000000,6880.000000,49261.000000
21895.000000,6619.000000,6870.000000,49266.000000
21982.000000,6590.000000,6826.000000,49234.000000
22114.000000,6617.000000,6843.000000,49244.000000
22230.000000,6669.000000,6889.000000,49289.000000
22437.000000,6703.000000,6988.000000,49304.000000
22473.000000,6843.000000,7159.000000,49399.000000
22496.000000,6886.000000,7271.000000,49474.000000
22615.000000,7095.000000,7538.000000,49631.000000
22708.000000,7128.000000,7555.000000,49630.000000
22937.000000,7113.000000,7555.000000,49663.000000
22983.000000,7235.000000,7762.000000,49753.000000
23009.000000,7311.000000,7878.000000,49827.000000
23202.000000,7490.000000,8130.000000,50020.000000
23266.000000,7509.000000,8187.000000,50006.000000
23342.000000,7516.000000,8253.000000,50037.000000
23376.000000,7676.000000,8399.000000,50142.000000
23365.000000,7704.000000,8495.000000,50184.000000
23321.000000,7799.000000,8626.000000,50217.000000
23246.000000,7846.000000,8589.000000,50205.000000
23205.000000,7846.000000,8562.000000,50213.000000
23177.000000,7776.000000,8519.000000,50197.000000
23113.000000,7753.000000,8486.000000,50153.000000
23107.000000,7668.000000,8428.000000,50105.000000
23032.000000,7692.000000,8359.000000,50071.000000
22993.000000,7654.000000,8305.000000,50083.000000
22920.000000,7578.000000,8241.000000,50009.000000
22859.000000,7561.000000,8162.000000,49997.000000
22837.000000,7480.000000,8156.000000,49964.000000
22774.000000,7457.000000,8058.000000,49879.000000
22700.000000,7421.000000,7989.000000,49865.000000
22722.000000,7393.000000,7950.000000,49835.000000
22631.000000,7358.000000,7883.000000,49782.000000
22622.000000,7305.000000,7827.000000,49787.000000
22576.000000,7275.000000,7814.000000,49752.000000
22530.000000,7234.000000,7724.000000,49725.000000
22542.000000,7232.000000,7673.000000,49694.000000
22526.000000,7184.000000,7671.000000,49682.000000
22486.000000,7126.000000,7547.000000,49617.000000
22453.000000,7130.000000,7537.000000,49588.000000
22431.000000,7124.000000,7521.000000,49583.000000
22448.000000,7092.000000,7521.000000,49580.000000
22407.000000,7086.000000,7467.000000,49569.000000
22464.000000,7067.000000,7436.000000,49590.000000
22439.000000,7005.000000,7460.000000,49554.000000
22466.000000,7032.000000,7433.000000,49565.000000
22478.000000,7027.000000,7452.000000,49553.000000
22498.000000,7053.000000,7467.000000,49579.000000
22535.000000,7069.000000,7505.000000,49596.000000
22552.000000,7090.000000,7528.000000,49626.000000
22650.000000,7107.000000,7565.000000,49642.000000
22651.000000,7162.000000,7600.000000,49658.000000
22692.000000,7188.000000,7615.000000,49679.000000
22860.000000,7243.000000,7687.000000,49693.000000
22914.000000,7231.000000,7707.000000,49730.000000
22960.000000,7254.000000,7738.000000,49757.000000
23051.000000,7427.000000,8035.000000,49930.000000
23131.000000,7493.000000,8049.000000,49918.000000
23229.000000,7512.000000,8108.000000,49954.000000
23317.000000,7583.000000,8238.000000,50031.000000
23356.000000,7656.000000,8355.000000,50084.000000
23470.000000,7751.000000,8465.000000,50160.000000
23572.000000,7776.000000,8547.000000,50208.000000
23812.000000,7852.000000,8633.000000,50265.000000
23845.000000,7927.000000,8758.000000,50285.000000
23881.000000,8002.000000,8855.000000,50391.000000
24000.000000,8184.000000,9136.000000,50507.000000
24029.000000,8214.000000,9179.000000,50527.000000
23957.000000,8280.000000,9208.000000,50551.000000
23828.000000,8366.000000,9325.000000,50605.000000
23774.000000,8386.000000,9352.000000,50601.000000
23719.000000,8351.000000,9311.000000,50578.000000
23637.000000,8263.000000,9154.000000,50500.000000
23544.000000,8221.000000,9106.000000,50469.000000
23492.000000,8139.000000,9006.000000,50410.000000
23399.000000,8070.000000,8886.000000,50377.000000
23354.000000,8027.000000,8822.000000,50329.000000
23278.000000,7954.000000,8744.000000,50258.000000
23241.000000,7868.000000,8581.000000,50192.000000
23210.000000,7833.000000,8553.000000,50178.000000
23093.000000,7744.000000,8450.000000,50139.000000
23014.000000,7729.000000,8408.000000,50103.000000
22947.000000,7712.000000,8350.000000,50057.000000
22875.000000,7614.000000,8234.000000,49992.000000
22823.000000,7578.000000,8143.000000,49952.000000
22739.000000,7508.000000,8081.000000,49919.000000
22704.000000,7436.000000,7994.000000,49858.000000
22658.000000,7362.000000,7901.000000,49787.000000
22572.000000,7335.000000,7837.000000,49755.000000
22518.000000,7296.000000,7762.000000,49736.000000
22465.000000,7263.000000,7666.000000,49690.000000
22423.000000,7185.000000,7615.000000,49666.000000
22308.000000,7158.000000,7596.000000,49649.000000
22248.000000,7098.000000,7446.000000,49589.000000
22180.000000,7050.000000,7424.000000,49535.000000
22194.000000,7012.000000,7324.000000,49490.000000
22048.000000,6949.000000,7233.000000,49438.000000
21969.000000,6883.000000,7186.000000,49452.000000
21976.000000,6857.000000,7140.000000,49368.000000
21959.000000,6787.000000,7037.000000,49372.000000
21967.000000,6694.000000,6978.000000,49280.000000
22046.000000,6712.000000,6961.000000,49295.000000
22116.000000,6702.000000,6910.000000,49291.000000
22235.000000,6683.000000,6938.000000,49290.000000
22377.000000,6776.000000,7058.000000,49347.000000
22468.000000,6839.000000,7159.000000,49412.000000
22584.000000,6915.000000,7231.000000,49432.000000
22915.000000,7019.000000,7388.000000,49562.000000
22951.000000,7095.000000,7543.000000,49606.000000
22988.000000,7248.000000,7741.000000,49725.000000
23183.000000,7447.000000,8090.000000,49955.000000
23276.000000,7484.000000,8117.000000,49995.000000
23414.000000,7496.000000,8176.000000,50028.000000
23414.000000,7654.000000,8369.000000,50095.000000
23397.000000,7707.000000,8485.000000,50172.000000
23374.000000,7847.000000,8623.000000,50217.000000
23294.000000,7886.000000,8633.000000,50212.000000
23216.000000,7855.000000,8579.000000,50216.000000
23191.000000,7793.000000,8570.000000,50173.000000
23126.000000,7751.000000,8454.000000,50141.000000
23093.000000,7747.000000,8410.000000,50070.000000
23036.000000,7665.000000,8368.000000,50063.000000
22950.000000,7620.000000,8249.000000,50007.000000
22941.000000,7580.000000,8207.000000,49968.000000
22899.000000,7554.000000,8142.000000,49973.000000
22789.000000,7474.000000,8055.000000,49911.000000
22775.000000,7463.000000,8033.000000,49896.000000
22798.000000,7445.000000,8028.000000,49901.000000
22747.000000,7351.000000,7934.000000,49843.000000
22683.000000,7323.000000,7876.000000,49817.000000
22633.000000,7350.000000,7851.000000,49815.000000
22553.000000,7290.000000,7801.000000,49756.000000
22522.000000,7231.000000,7731.000000,49722.000000
22418.000000,7194.000000,7620.000000,49653.000000
22373.000000,7166.000000,7626.000000,49654.000000
22322.000000,7094.000000,7526.000000,49617.000000
22258.000000,7068.000000,7427.000000,49553.000000
22178.000000,6970.000000,7353.000000,49562.000000
22168.000000,6940.000000,7318.000000,49504.000000
22081.000000,6887.000000,7193.000000,49421.000000
22070.000000,6851.000000,7184.000000,49415.000000
21996.000000,6837.000000,7107.000000,49358.000000
21980.000000,6787.000000,7053.000000,49350.000000
21921.000000,6770.000000,6997.000000,49293.000000
21917.000000,6693.000000,6944.000000,49284.000000
21846.000000,6687.000000,6931.000000,49282.000000
21790.000000,6658.000000,6866.000000,49235.000000
21887.000000,6647.000000,6825.000000,49224.000000
21904.000000,6567.000000,6764.000000,49140.000000
21924.000000,6568.000000,6740.000000,49171.000000
22026.000000,6599.000000,6815.000000,49238.000000
22143.000000,6642.000000,6877.000000,49265.000000
22229.000000,6669.000000,6885.000000,49267.000000
22324.000000,6768.000000,7048.000000,49354.000000
22435.000000,6815.000000,7099.000000,49399.000000
22580.000000,6944.000000,7322.000000,49504.000000
22718.000000,7027.000000,7435.000000,49588.000000
22919.000000,7078.000000,7536.000000,49626.000000
23022.000000,7221.000000,7720.000000,49765.000000
23175.000000,7320.000000,7881.000000,49823.000000
23249.000000,7459.000000,8100.000000,49948.000000
23328.000000,7545.000000,8256.000000,50029.000000
23345.000000,7667.000000,8364.000000,50079.000000
23272.000000,7697.000000,8500.000000,50174.000000
23252.000000,7813.000000,8587.000000,50216.000000
23229.000000,7819.000000,8555.000000,50180.000000
23170.000000,7771.000000,8513.000000,50179.000000
23140.000000,7757.000000,8478.000000,50145.000000
23125.000000,7706.000000,8437.000000,50101.000000
23026.000000,7669.000000,8390.000000,50093.000000
23011.000000,7663.000000,8337.000000,50086.000000
22928.000000,7621.000000,8255.000000,50024.000000
22888.000000,7581.000000,8212.000000,49988.000000
22753.000000,7569.000000,8182.000000,49996.000000
22760.000000,7472.000000,8100.000000,49915.000000
22751.000000,7428.000000,8023.000000,49901.000000
22700.000000,7326.000000,7918.000000,49844.000000
22646.000000,7342.000000,7858.000000,49806.000000
22615.000000,7334.000000,7890.000000,49802.000000
22495.000000,7291.000000,7806.000000,49789.000000
22492.000000,7279.000000,7790.000000,49744.000000
22485.000000,7224.000000,7698.000000,49697.000000
22410.000000,7145.000000,7614.000000,49649.000000
22380.000000,7129.000000,7569.000000,49625.000000
22368.000000,7123.000000,7540.000000,49624.000000
22262.000000,7065.000000,7487.000000,49602.000000
22231.000000,7041.000000,7386.000000,49547.000000
22157.000000,6986.000000,7388.000000,49532.000000
22135.000000,6941.000000,7314.000000,49488.000000
22093.000000,6934.000000,7218.000000,49440.000000
22063.000000,6850.000000,7156.000000,49430.000000
22037.000000,6841.000000,7142.000000,49417.000000
21984.000000,6839.000000,7088.000000,49353.000000
21970.000000,6741.000000,7097.000000,49335.000000
21910.000000,6737.000000,7037.000000,49336.000000
21927.000000,6711.000000,6994.000000,49335.000000
21941.000000,6706.000000,6965.000000,49286.000000
21986.000000,6692.000000,6942.000000,49286.000000
22079.000000,6698.000000,6953.000000,49300.000000
22168.000000,6709.000000,6993.000000,49276.000000
22282.000000,6718.000000,7022.000000,49339.000000
22444.000000,6821.000000,7147.000000,49406.000000
22572.000000,6878.000000,7239.000000,49452.000000
22774.000000,6998.000000,7374.000000,49529.000000
22801.000000,7110.000000,7596.000000,49638.000000
22944.000000,7207.000000,7739.000000,49713.000000
23104.000000,7369.000000,8017.000000,49917.000000
23240.000000,7397.000000,8045.000000,49931.000000
23337.000000,7537.000000,8200.000000,50021.000000
23361.000000,7645.000000,8353.000000,50100.000000
23320.000000,7734.000000,8501.000000,50186.000000
23296.000000,7856.000000,8607.000000,50236.000000
23262.000000,7878.000000,8631.000000,50224.000000
23221.000000,7815.000000,8558.000000,50159.000000
23178.000000,7831.000000,8552.000000,50192.000000
23134.000000,7828.000000,8536.000000,50195.000000
23091.000000,7774.000000,8473.000000,50137.000000
23044.000000,7724.000000,8418.000000,50120.000000
22953.000000,7685.000000,8350.000000,50072.000000
22940.000000,7627.000000,8330.000000,50039.000000
22881.000000,7592.000000,8243.000000,50001.000000
22829.000000,7564.000000,8198.000000,49973.000000
22795.000000,7515.000000,8149.000000,49977.000000
22704.000000,7478.000000,8090.000000,49921.000000
22684.000000,7409.000000,8021.000000,49899.000000
22612.000000,7412.000000,7959.000000,49849.000000
22583.000000,7350.000000,7894.000000,49808.000000
22532.000000,7325.000000,7834.000000,49767.000000
22485.000000,7260.000000,7742.000000,49743.000000
22407.000000,7230.000000,7674.000000,49678.000000
22375.000000,7177.000000,7629.000000,49676.000000
22334.000000,7161.000000,7608.000000,49643.000000
22243.000000,7159.000000,7550.000000,49604.000000
22220.000000,7056.000000,7457.000000,49574.000000
22147.000000,7029.000000,7404.000000,49540.000000
22099.000000,7013.000000,7351.000000,49493.000000
22075.000000,6957.000000,7299.000000,49504.000000
22071.000000,6893.000000,7241.000000,49469.000000
22032.000000,6820.000000,7126.000000,49420.000000
21979.000000,6813.000000,7126.000000,49387.000000
21949.000000,6783.000000,7118.000000,49394.000000
21910.000000,6740.000000,7087.000000,49341.000000
21897.000000,6719.000000,7043.000000,49351.000000
21845.000000,6732.000000,7010.000000,49333.000000
21846.000000,6705.000000,6969.000000,49276.000000
21896.000000,6680.000000,6905.000000,49279.000000
22039.000000,6642.000000,6904.000000,49279.000000
22072.000000,6618.000000,6880.000000,49261.000000
22095.000000,6652.000000,6894.000000,49250.000000
22158.000000,6805.000000,7119.000000,49374.000000
22329.000000,6822.000000,7116.000000,49420.000000
22435.000000,6883.000000,7170.000000,49457.000000
22562.000000,6925.000000,7333.000000,49494.000000
22660.000000,7082.000000,7493.000000,49611.000000
22751.000000,7116.000000,7627.000000,49683.000000
22849.000000,7206.000000,7804.000000,49789.000000
22989.000000,7299.000000,7879.000000,49857.000000
23140.000000,7380.000000,8015.000000,49921.000000
23224.000000,7457.000000,8108.000000,50004.000000
23331.000000,7556.000000,8301.000000,50065.000000
23366.000000,7680.000000,8406.000000,50152.000000
23328.000000,7787.000000,8565.000000,50223.000000
23337.000000,7898.000000,8686.000000,50257.000000
23265.000000,7899.000000,8703.000000,50237.000000
23235.000000,7890.000000,8676.000000,50261.000000
23174.000000,7881.000000,8633.000000,50209.000000
23108.000000,7825.000000,8562.000000,50178.000000
23092.000000,7750.000000,8480.000000,50141.000000
23077.000000,7734.000000,8451.000000,50157.000000
23006.000000,7706.000000,8410.000000,50102.000000
22981.000000,7656.000000,8375.000000,50115.000000
22900.000000,7634.000000,8301.000000,50068.000000
22854.000000,7592.000000,8285.000000,50058.000000
22823.000000,7558.000000,8194.000000,50018.000000
22780.000000,7514.000000,8133.000000,49957.000000
22726.000000,7495.000000,8071.000000,49919.000000
22699.000000,7439.000000,8035.000000,49884.000000
22640.000000,7399.000000,7979.000000,49850.000000
22625.000000,7381.000000,7946.000000,49831.000000
22592.000000,7334.000000,7846.000000,49809.000000
22543.000000,7304.000000,7841.000000,49792.000000
22470.000000,7274.000000,7794.000000,49756.000000
22451.000000,7247.000000,7741.000000,49704.000000
22392.000000,7200.000000,7662.000000,49695.000000
22336.000000,7185.000000,7615.000000,49679.000000
22321.000000,7129.000000,7563.000000,49626.000000
22304.000000,7110.000000,7521.000000,49603.000000
22276.000000,7069.000000,7451.000000,49604.000000
22247.000000,7033.000000,7414.000000,49583.000000
22228.000000,7007.000000,7387.000000,49560.000000
22239.000000,6997.000000,7372.000000,49538.000000
22239.000000,6997.000000,7345.000000,49532.000000
22233.000000,6989.000000,7360.000000,49547.000000
22179.000000,6948.000000,7355.000000,49521.000000
22165.000000,6938.000000,7313.000000,49486.000000
22143.000000,6954.000000,7289.000000,49484.000000
22223.000000,6919.000000,7273.000000,49464.000000
22302.000000,6894.000000,7268.000000,49493.000000
22432.000000,6921.000000,7289.000000,49519.000000
22504.000000,6993.000000,7336.000000,49508.000000
22604.000000,7062.000000,7446.000000,49582.000000
22695.000000,7114.000000,7548.000000,49645.000000
22953.000000,7231.000000,7702.000000,49706.000000
22994.000000,7274.000000,7758.000000,49776.000000
23049.000000,7311.000000,7880.000000,49817.000000
23298.000000,7546.000000,8228.000000,50039.000000
23326.000000,7579.000000,8263.000000,50013.000000
23340.000000,7605.000000,8269.000000,50044.000000
23483.000000,7822.000000,8587.000000,50216.000000
23587.000000,7824.000000,8638.000000,50282.000000
23720.000000,7902.000000,8676.000000,50283.000000
23754.000000,7990.000000,8839.000000,50395.000000
23706.000000,8064.000000,9016.000000,50457.000000
23671.000000,8210.000000,9094.000000,50475.000000
23627.000000,8230.000000,9134.000000,50513.000000
23582.000000,8179.000000,9092.000000,50489.000000
23526.000000,8144.000000,9014.000000,50453.000000
23491.000000,8109.000000,8961.000000,50403.000000
23399.000000,8074.000000,8906.000000,50370.000000
23399.000000,8051.000000,8817.000000,50356.000000
23347.000000,7996.000000,8797.000000,50319.000000
23308.000000,7954.000000,8708.000000,50273.000000
23252.000000,7912.000000,8662.000000,50221.000000
23180.000000,7891.000000,8583.000000,50210.000000
23134.000000,7843.000000,8539.000000,50192.000000
23073.000000,7873.000000,8507.000000,50151.000000
23024.000000,7723.000000,8375.000000,50095.000000
22946.000000,7709.000000,8331.000000,50069.000000
22924.000000,7646.000000,8290.000000,50035.000000
22858.000000,7610.000000,8245.000000,50041.000000
22775.000000,7558.000000,8117.000000,49934.000000
22754.000000,7494.000000,8073.000000,49964.000000
22717.000000,7478.000000,7972.000000,49838.000000
22674.000000,7427.000000,7945.000000,49822.000000
22638.000000,7391.000000,7844.000000,49781.000000
22623.000000,7331.000000,7816.000000,49772.000000
22554.000000,7316.000000,7772.000000,49769.000000
22575.000000,7259.000000,7750.000000,49748.000000
22517.000000,7270.000000,7700.000000,49736.000000
22484.000000,7226.000000,7688.000000,49676.000000
22474.000000,7250.000000,7653.000000,49688.000000
22428.000000,7208.000000,7602.000000,49655.000000
22398.000000,7154.000000,7538.000000,49622.000000
22347.000000,7169.000000,7507.000000,49618.000000
22312.000000,7112.000000,7473.000000,49591.000000
22346.000000,7104.000000,7451.000000,49586.000000
22414.000000,7072.000000,7422.000000,49546.000000
22502.000000,7042.000000,7390.000000,49533.000000
22580.000000,7051.000000,7422.000000,49583.000000
22651.000000,7120.000000,7499.000000,49593.000000
22757.000000,7215.000000,7616.000000,49692.000000
22869.000000,7252.000000,7714.000000,49737.000000
22976.000000,7313.000000,7828.000000,49793.000000
23090.000000,7412.000000,7912.000000,49841.000000
23207.000000,7493.000000,8092.000000,49957.000000
23291.000000,7549.000000,8199.000000,50025.000000
23395.000000,7665.000000,8335.000000,50043.000000
23536.000000,7765.000000,8474.000000,50151.000000
23697.000000,7819.000000,8551.000000,50227.000000
23934.000000,7928.000000,8713.000000,50306.000000
23889.000000,8010.000000,8839.000000,50385.000000
23706.000000,8114.000000,9069.000000,50481.000000
23695.000000,8339.000000,9231.000000,50526.000000
23662.000000,8332.000000,9217.000000,50558.000000
23556.000000,8224.000000,9092.000000,50467.000000
23525.000000,8195.000000,9018.000000,50460.000000
23497.000000,8126.000000,8905.000000,50388.000000
23435.000000,8044.000000,8827.000000,50348.000000
23358.000000,8031.000000,8781.000000,50321.000000
23330.000000,7996.000000,8701.000000,50267.000000
23281.000000,7942.000000,8639.000000,50233.000000
23184.000000,7876.000000,8563.000000,50222.000000
23112.000000,7877.000000,8532.000000,50145.000000
23056.000000,7812.000000,8422.000000,50137.000000
23022.000000,7774.000000,8388.000000,50100.000000
22978.000000,7724.000000,8307.000000,50077.000000
22887.000000,7623.000000,8229.000000,49990.000000
22729.000000,7606.000000,8144.000000,49980.000000
22684.000000,7534.000000,8097.000000,49952.000000
22702.000000,7515.000000,8045.000000,49916.000000
22633.000000,7368.000000,7853.000000,49754.000000
22526.000000,7375.000000,7808.000000,49801.000000
22367.000000,7344.000000,7767.000000,49771.000000
22355.000000,7278.000000,7712.000000,49698.000000
22346.000000,7209.000000,7606.000000,49644.000000
22254.000000,7102.000000,7435.000000,49585.000000
22224.000000,7071.000000,7417.000000,49576.000000
22179.000000,7074.000000,7389.000000,49542.000000
22150.000000,6992.000000,7320.000000,49510.000000
22118.000000,6969.000000,7232.000000,49481.000000
22078.000000,6913.000000,7169.000000,49433.000000
22069.000000,6889.000000,7136.000000,49403.000000
22046.000000,6884.000000,7109.000000,49380.000000
22027.000000,6844.000000,7056.000000,49382.000000
22004.000000,6816.000000,7053.000000,49377.000000
22003.000000,6794.000000,7051.000000,49355.000000
22113.000000,6811.000000,7013.000000,49334.000000
22113.000000,6777.000000,6993.000000,49336.000000
22174.000000,6790.000000,7026.000000,49342.000000
22249.000000,6848.000000,7101.000000,49389.000000
22351.000000,6872.000000,7125.000000,49390.000000
22453.000000,6942.000000,7226.000000,49450.000000
22607.000000,7022.000000,7302.000000,49509.000000
22757.000000,7056.000000,7440.000000,49583.000000
22875.000000,7158.000000,7582.000000,49638.000000
22985.000000,7298.000000,7795.000000,49811.000000
23116.000000,7406.000000,7922.000000,49893.000000
23246.000000,7483.000000,8067.000000,49935.000000
23347.000000,7597.000000,8224.000000,50037.000000
23485.000000,7689.000000,8371.000000,50141.000000
23541.000000,7780.000000,8518.000000,50203.000000
23594.000000,7899.000000,8648.000000,50270.000000
23513.000000,8014.000000,8800.000000,50341.000000
23470.000000,8062.000000,8906.000000,50404.000000
23385.000000,8108.000000,8918.000000,50410.000000
23343.000000,8050.000000,8844.000000,50381.000000
23301.000000,8029.000000,8734.000000,50297.000000
23216.000000,7930.000000,8651.000000,50270.000000
23162.000000,7883.000000,8551.000000,50223.000000
23109.000000,7839.000000,8515.000000,50182.000000
22955.000000,7793.000000,8455.000000,50130.000000
22919.000000,7726.000000,8353.000000,50081.000000
22910.000000,7676.000000,8310.000000,50042.000000
22819.000000,7567.000000,8106.000000,49934.000000
22731.000000,7570.000000,8111.000000,49963.000000
22689.000000,7533.000000,8076.000000,49928.000000
22637.000000,7464.000000,7984.000000,49864.000000
22545.000000,7411.000000,7920.000000,49837.000000
22481.000000,7370.000000,7820.000000,49803.000000
22420.000000,7308.000000,7743.000000,49746.000000
22325.000000,7253.000000,7644.000000,49719.000000
22275.000000,7198.000000,7571.000000,49612.000000
22121.000000,7130.000000,7483.000000,49589.000000
22107.000000,7108.000000,7433.000000,49575.000000
22103.000000,7017.000000,7346.000000,49501.000000
22063.000000,6905.000000,7197.000000,49442.000000
22003.000000,6893.000000,7171.000000,49427.000000
21961.000000,6874.000000,7161.000000,49392.000000
21942.000000,6849.000000,7101.000000,49365.000000
21887.000000,6797.000000,7090.000000,49377.000000
21821.000000,6781.000000,7016.000000,49325.000000
21823.000000,6737.000000,6981.000000,49308.000000
21761.000000,6724.000000,6917.000000,49284.000000
21724.000000,6669.000000,6825.000000,49270.000000
21743.000000,6627.000000,6805.000000,49218.000000
21828.000000,6635.000000,6771.000000,49191.000000
21888.000000,6594.000000,6759.000000,49177.000000
21952.000000,6584.000000,6743.000000,49218.000000
22063.000000,6659.000000,6907.000000,49286.000000
22170.000000,6726.000000,6948.000000,49287.000000
22308.000000,6804.000000,7040.000000,49345.000000
22420.000000,6866.000000,7129.000000,49431.000000
22536.000000,6981.000000,7317.000000,49514.000000
22608.000000,7067.000000,7431.000000,49629.000000
22722.000000,7154.000000,7588.000000,49676.000000
22852.000000,7265.000000,7730.000000,49770.000000
23004.000000,7342.000000,7863.000000,49840.000000
23118.000000,7411.000000,7977.000000,49874.000000
23208.000000,7532.000000,8133.000000,49989.000000
23237.000000,7629.000000,8274.000000,50066.000000
23242.000000,7733.000000,8434.000000,50170.000000
23193.000000,7800.000000,8559.000000,50221.000000
23140.000000,7869.000000,8587.000000,50240.000000
23116.000000,7818.000000,8522.000000,50210.000000
23056.000000,7814.000000,8508.000000,50156.000000
23017.000000,7776.000000,8412.000000,50170.000000
22944.000000,7739.000000,8387.000000,50089.000000
22888.000000,7678.000000,8315.000000,50078.000000
22816.000000,7612.000000,8213.000000,50033.000000
22777.000000,7587.000000,8185.000000,50002.000000
22689.000000,7576.000000,8120.000000,49998.000000
22673.000000,7501.000000,8074.000000,49935.000000
22582.000000,7455.000000,8000.000000,49883.000000
22518.000000,7363.000000,7921.000000,49835.000000
22462.000000,7322.000000,7827.000000,49796.000000
22421.000000,7305.000000,7806.000000,49778.000000
22347.000000,7265.000000,7696.000000,49718.000000
22295.000000,7203.000000,7608.000000,49676.000000
22216.000000,7161.000000,7542.000000,49662.000000
22149.000000,7144.000000,7471.000000,49613.000000
22118.000000,7046.000000,7418.000000,49563.000000
22068.000000,7011.000000,7322.000000,49536.000000
21980.000000,6926.000000,7266.000000,49520.000000
21935.000000,6875.000000,7205.000000,49445.000000
21829.000000,6872.000000,7140.000000,49411.000000
21771.000000,6818.000000,7021.000000,49352.000000
21719.000000,6754.000000,6996.000000,49325.000000
21670.000000,6699.000000,6917.000000,49266.000000
21607.000000,6639.000000,6819.000000,49250.000000
21571.000000,6571.000000,6754.000000,49235.000000
21527.000000,6551.000000,6685.000000,49157.000000
21495.000000,6523.000000,6596.000000,49136.000000
21480.000000,6473.000000,6579.000000,49082.000000
21438.000000,6425.000000,6537.000000,49082.000000
21504.000000,6417.000000,6474.000000,49038.000000
21570.000000,6387.000000,6441.000000,49058.000000
21618.000000,6384.000000,6483.000000,49047.000000
21760.000000,6406.000000,6516.000000,49090.000000
21838.000000,6429.000000,6581.000000,49138.000000
21979.000000,6543.000000,6696.000000,49204.000000
22104.000000,6630.000000,6838.000000,49289.000000
22243.000000,6713.000000,6976.000000,49358.000000
22367.000000,6809.000000,7119.000000,49427.000000
22537.000000,6964.000000,7304.000000,49525.000000
22662.000000,7070.000000,7490.000000,49631.000000
22818.000000,7152.000000,7624.000000,49709.000000
22953.000000,7276.000000,7814.000000,49858.000000
23209.000000,7379.000000,7970.000000,49916.000000
23255.000000,7520.000000,8174.000000,50042.000000
23258.000000,7618.000000,8343.000000,50117.000000
23256.000000,7828.000000,8634.000000,50252.000000
23243.000000,7862.000000,8650.000000,50295.000000
23199.000000,7878.000000,8685.000000,50298.000000
23166.000000,7887.000000,8683.000000,50298.000000
23107.000000,7864.000000,8617.000000,50282.000000
23055.000000,7857.000000,8576.000000,50255.000000
22930.000000,7804.000000,8533.000000,50235.000000
22883.000000,7772.000000,8467.000000,50168.000000
22850.000000,7711.000000,8363.000000,50107.000000
22750.000000,7560.000000,8208.000000,50040.000000
22684.000000,7552.000000,8203.000000,50031.000000
22571.000000,7537.000000,8184.000000,50038.000000
22540.000000,7464.000000,8053.000000,49954.000000
22532.000000,7394.000000,7989.000000,49916.000000
22465.000000,7291.000000,7835.000000,49834.000000
22352.000000,7250.000000,7806.000000,49824.000000
22267.000000,7263.000000,7763.000000,49763.000000
22222.000000,7206.000000,7661.000000,49724.000000
22150.000000,7151.000000,7590.000000,49710.000000
22090.000000,7059.000000,7490.000000,49624.000000
22001.000000,7043.000000,7432.000000,49553.000000
21958.000000,6966.000000,7322.000000,49543.000000
21919.000000,6912.000000,7273.000000,49520.000000
21865.000000,6827.000000,7180.000000,49450.000000
21835.000000,6826.000000,7115.000000,49427.000000
21777.000000,6743.000000,7048.000000,49390.000000
21756.000000,6696.000000,7024.000000,49360.000000
21681.000000,6681.000000,6926.000000,49342.000000
21557.000000,6646.000000,6926.000000,49324.000000
21558.000000,6636.000000,6873.000000,49283.000000
21541.000000,6563.000000,6788.000000,49261.000000
21524.000000,6479.000000,6671.000000,49153.000000
21493.000000,6486.000000,6655.000000,49171.000000
21471.000000,6454.000000,6602.000000,49126.000000
21437.000000,6430.000000,6587.000000,49159.000000
21480.000000,6423.000000,6557.000000,49086.000000
21414.000000,6395.000000,6540.000000,49099.000000
21662.000000,6362.000000,6536.000000,49086.000000
21624.000000,6388.000000,6503.000000,49061.000000
21678.000000,6358.000000,6505.000000,49096.000000
21784.000000,6524.000000,6756.000000,49249.000000
22002.000000,6543.000000,6797.000000,49230.000000
22018.000000,6562.000000,6821.000000,49251.000000
22077.000000,6674.000000,6940.000000,49348.000000
22225.000000,6880.000000,7256.000000,49500.000000
22351.000000,6884.000000,7321.000000,49537.000000
22472.000000,6941.000000,7336.000000,49551.000000
22574.000000,7072.000000,7542.000000,49679.000000
22837.000000,7154.000000,7653.000000,49743.000000
22852.000000,7263.000000,7859.000000,49834.000000
22901.000000,7338.000000,7977.000000,49909.000000
22997.000000,7524.000000,8291.000000,50087.000000
23012.000000,7590.000000,8369.000000,50125.000000
23036.000000,7625.000000,8387.000000,50149.000000
22959.000000,7681.000000,8482.000000,50189.000000
22892.000000,7701.000000,8505.000000,50202.000000
22882.000000,7691.000000,8480.000000,50166.000000
22762.000000,7661.000000,8408.000000,50133.000000
22799.000000,7622.000000,8340.000000,50114.000000
22764.000000,7594.000000,8288.000000,50068.000000
22720.000000,7523.000000,8225.000000,50033.000000
22693.000000,7513.000000,8210.000000,50015.000000
22637.000000,7527.000000,8170.000000,50034.000000
22622.000000,7487.000000,8163.000000,49999.000000
22584.000000,7414.000000,8110.000000,49971.000000
22527.000000,7404.000000,8070.000000,49957.000000
22490.000000,7353.000000,8000.000000,49908.000000
22464.000000,7355.000000,7973.000000,49873.000000
22425.000000,7331.000000,7930.000000,49858.000000
22344.000000,7283.000000,7891.000000,49864.000000
22323.000000,7266.000000,7837.000000,49809.000000
22290.000000,7244.000000,7787.000000,49777.000000
22228.000000,7233.000000,7746.000000,49757.000000
22188.000000,7158.000000,7689.000000,49712.000000
22167.000000,7147.000000,7658.000000,49685.000000
22138.000000,7108.000000,7575.000000,49656.000000
22080.000000,7076.000000,7510.000000,49616.000000
22040.000000,7030.000000,7481.000000,49604.000000
22010.000000,7009.000000,7440.000000,49560.000000
21940.000000,6966.000000,7355.000000,49554.000000
21884.000000,6909.000000,7312.000000,49501.000000
21826.000000,6867.000000,7269.000000,49465.000000
21799.000000,6801.000000,7212.000000,49476.000000
21762.000000,6792.000000,7173.000000,49407.000000
21725.000000,6746.000000,7134.000000,49431.000000
21687.000000,6706.000000,7075.000000,49375.000000
21689.000000,6699.000000,6999.000000,49337.000000
21714.000000,6658.000000,6968.000000,49297.000000
21791.000000,6631.000000,6953.000000,49300.000000
21892.000000,6672.000000,6974.000000,49339.000000
21975.000000,6667.000000,6990.000000,49317.000000
22087.000000,6777.000000,7127.000000,49415.000000
22215.000000,6841.000000,7220.000000,49484.000000
22348.000000,6917.000000,7336.000000,49508.000000
22458.000000,7001.000000,7476.000000,49626.000000
22675.000000,7080.000000,7625.000000,49690.000000
22698.000000,7212.000000,7770.000000,49799.000000
22793.000000,7295.000000,7912.000000,49853.000000
23064.000000,7471.000000,8181.000000,49993.000000
23111.000000,7485.000000,8200.000000,50040.000000
23186.000000,7587.000000,8378.000000,50112.000000
23302.000000,7772.000000,8663.000000,50263.000000
23276.000000,7819.000000,8681.000000,50279.000000
23225.000000,7911.000000,8830.000000,50378.000000
23177.000000,7970.000000,8887.000000,50369.000000
23136.000000,7975.000000,8849.000000,50383.000000
23099.000000,7966.000000,8846.000000,50382.000000
23094.000000,7897.000000,8811.000000,50337.000000
23029.000000,7847.000000,8697.000000,50247.000000
22973.000000,7834.000000,8653.000000,50249.000000
22940.000000,7786.000000,8628.000000,50227.000000
22878.000000,7781.000000,8581.000000,50198.000000
22808.000000,7724.000000,8521.000000,50178.000000
22776.000000,7680.000000,8458.000000,50141.000000
22708.000000,7610.000000,8376.000000,50126.000000
22665.000000,7601.000000,8332.000000,50062.000000
22595.000000,7522.000000,8265.000000,50032.000000
22569.000000,7492.000000,8150.000000,49952.000000
22468.000000,7456.000000,8122.000000,49950.000000
22411.000000,7383.000000,8035.000000,49923.000000
22324.000000,7402.000000,7989.000000,49886.000000
22276.000000,7303.000000,7917.000000,49862.000000
22227.000000,7275.000000,7828.000000,49795.000000
22143.000000,7194.000000,7746.000000,49773.000000
22123.000000,7160.000000,7721.000000,49728.000000
22046.000000,7124.000000,7613.000000,49691.000000
22046.000000,7080.000000,7530.000000,49622.000000
21958.000000,7013.000000,7484.000000,49597.000000
21944.000000,6980.000000,7438.000000,49585.000000
21878.000000,6934.000000,7358.000000,49562.000000
21878.000000,6910.000000,7293.000000,49532.000000
21797.000000,6879.000000,7271.000000,49492.000000
21748.000000,6815.000000,7203.000000,49457.000000
21676.000000,6774.000000,7119.000000,49434.000000
21684.000000,6774.000000,7115.000000,49422.000000
21704.000000,6686.000000,7043.000000,49352.000000
21804.000000,6642.000000,6981.000000,49356.000000
21834.000000,6630.000000,7001.000000,49379.000000
22011.000000,6651.000000,7013.000000,49355.000000
22028.000000,6743.000000,7165.000000,49465.000000
22095.000000,6796.000000,7194.000000,49446.000000
22253.000000,6947.000000,7409.000000,49589.000000
22343.000000,6970.000000,7469.000000,49608.000000
22501.000000,7024.000000,7498.000000,49617.000000
22610.000000,7186.000000,7722.000000,49732.000000
22761.000000,7240.000000,7818.000000,49825.000000
22850.000000,7322.000000,8029.000000,49946.000000
22959.000000,7395.000000,8119.000000,49997.000000
23117.000000,7548.000000,8307.000000,50111.000000
23168.000000,7628.000000,8447.000000,50179.000000
23151.000000,7714.000000,8609.000000,50247.000000
23097.000000,7832.000000,8767.000000,50350.000000
23102.000000,7900.000000,8773.000000,50358.000000
23024.000000,7870.000000,8799.000000,50350.000000
23031.000000,7824.000000,8698.000000,50276.000000
22983.000000,7793.000000,8632.000000,50280.000000
22926.000000,7813.000000,8638.000000,50284.000000
22870.000000,7774.000000,8604.000000,50213.000000
22850.000000,7741.000000,8573.000000,50209.000000
22811.000000,7698.000000,8514.000000,50196.000000
22787.000000,7647.000000,8447.000000,50136.000000
22780.000000,7636.000000,8396.000000,50150.000000
22698.000000,7613.000000,8348.000000,50090.000000
22633.000000,7593.000000,8343.000000,50122.000000
22628.000000,7579.000000,8272.000000,50044.000000
22557.000000,7477.000000,8161.000000,50034.000000
22523.000000,7488.000000,8147.000000,50012.000000
22459.000000,7461.000000,8141.000000,50001.000000
22425.000000,7397.000000,8090.000000,49940.000000
22347.000000,7387.000000,7999.000000,49904.000000
22291.000000,7334.000000,7916.000000,49850.000000
22230.000000,7247.000000,7834.000000,49815.000000
22125.000000,7203.000000,7783.000000,49779.000000
22115.000000,7173.000000,7717.000000,49700.000000
22072.000000,7139.000000,7654.000000,49692.000000
22057.000000,7019.000000,7576.000000,49683.000000
22017.000000,7060.000000,7529.000000,49649.000000
21968.000000,6988.000000,7439.000000,49608.000000
21942.000000,7012.000000,7434.000000,49583.000000
21915.000000,6966.000000,7419.000000,49593.000000
21890.000000,6930.000000,7378.000000,49565.000000
21855.000000,6896.000000,7353.000000,49534.000000
21790.000000,6884.000000,7314.000000,49540.000000
21772.000000,6905.000000,7289.000000,49496.000000
21783.000000,6820.000000,7271.000000,49502.000000
21795.000000,6772.000000,7209.000000,49446.000000
21903.000000,6759.000000,7178.000000,49451.000000
22006.000000,6745.000000,7198.000000,49449.000000
22126.000000,6800.000000,7273.000000,49514.000000
22221.000000,6905.000000,7358.000000,49549.000000
22341.000000,7001.000000,7535.000000,49671.000000
22454.000000,7065.000000,7633.000000,49724.000000
22553.000000,7154.000000,7797.000000,49820.000000
22693.000000,7272.000000,7924.000000,49897.000000
22794.000000,7327.000000,8067.000000,49972.000000
22945.000000,7422.000000,8199.000000,50071.000000
23041.000000,7501.000000,8341.000000,50099.000000
23208.000000,7617.000000,8513.000000,50249.000000
23267.000000,7718.000000,8631.000000,50292.000000
23265.000000,7845.000000,8814.000000,50394.000000
23242.000000,7956.000000,8927.000000,50437.000000
23218.000000,7965.000000,9063.000000,50477.000000
23144.000000,8032.000000,9051.000000,50506.000000
23088.000000,8003.000000,9006.000000,50472.000000
23046.000000,7983.000000,8950.000000,50448.000000
22997.000000,7930.000000,8867.000000,50383.000000
22948.000000,7862.000000,8823.000000,50363.000000
22900.000000,7830.000000,8750.000000,50335.000000
22776.000000,7784.000000,8730.000000,50290.000000
22775.000000,7784.000000,8610.000000,50288.000000
22750.000000,7732.000000,8583.000000,50242.000000
22724.000000,7619.000000,8435.000000,50166.000000
22656.000000,7600.000000,8449.000000,50175.000000
22594.000000,7603.000000,8409.000000,50141.000000
22526.000000,7562.000000,8311.000000,50089.000000
22461.000000,7487.000000,8235.000000,50045.000000
22399.000000,7451.000000,8174.000000,50035.000000
22364.000000,7399.000000,8109.000000,49985.000000
22317.000000,7380.000000,8052.000000,49977.000000
22301.000000,7346.000000,7993.000000,49907.000000
22216.000000,7304.000000,7962.000000,49886.000000
22181.000000,7271.000000,7897.000000,49859.000000
22161.000000,7225.000000,7863.000000,49814.000000
22096.000000,7161.000000,7769.000000,49755.000000
22081.000000,7148.000000,7775.000000,49772.000000
21964.000000,7072.000000,7696.000000,49730.000000
21960.000000,7066.000000,7631.000000,49715.000000
21944.000000,7066.000000,7575.000000,49660.000000
21903.000000,6985.000000,7466.000000,49629.000000
21867.000000,6977.000000,7461.000000,49602.000000
21789.000000,6958.000000,7474.000000,49629.000000
21749.000000,6912.000000,7405.000000,49604.000000
21735.000000,6876.000000,7353.000000,49544.000000
21699.000000,6803.000000,7288.000000,49490.000000
21727.000000,6815.000000,7242.000000,49532.000000
21727.000000,6793.000000,7216.000000,49509.000000
21787.000000,6753.000000,7224.000000,49465.000000
21845.000000,6763.000000,7226.000000,49494.000000
21956.000000,6762.000000,7262.000000,49511.000000
22082.000000,6821.000000,7350.000000,49513.000000
22173.000000,6897.000000,7410.000000,49574.000000
22326.000000,6993.000000,7563.000000,49676.000000
22412.000000,7080.000000,7723.000000,49761.000000
22539.000000,7190.000000,7816.000000,49824.000000
22639.000000,7268.000000,8013.000000,49924.000000
22797.000000,7358.000000,8149.000000,50011.000000
22847.000000,7460.000000,8272.000000,50087.000000
23001.000000,7551.000000,8436.000000,50187.000000
23151.000000,7680.000000,8573.000000,50237.000000
23301.000000,7770.000000,8732.000000,50347.000000
23315.000000,7851.000000,8855.000000,50382.000000
23353.000000,7977.000000,9025.000000,50491.000000
23305.000000,8042.000000,9162.000000,50537.000000
23244.000000,8148.000000,9222.000000,50596.000000
23214.000000,8134.000000,9226.000000,50581.000000
23205.000000,8122.000000,9197.000000,50568.000000
23135.000000,8057.000000,9116.000000,50531.000000
23055.000000,8035.000000,9079.000000,50511.000000
23012.000000,8019.000000,9020.000000,50465.000000
22964.000000,7965.000000,8946.000000,50462.000000
22902.000000,7922.000000,8883.000000,50426.000000
22842.000000,7887.000000,8803.000000,50365.000000
22805.000000,7818.000000,8718.000000,50343.000000
22706.000000,7759.000000,8625.000000,50296.000000
22655.000000,7708.000000,8602.000000,50252.000000
22562.000000,7667.000000,8522.000000,50210.000000
22553.000000,7644.000000,8482.000000,50180.000000
22474.000000,7574.000000,8454.000000,50156.000000
22430.000000,7493.000000,8241.000000,50054.000000
22394.000000,7475.000000,8259.000000,50058.000000
22309.000000,7430.000000,8183.000000,50032.000000
22228.000000,7402.000000,8122.000000,49979.000000
22170.000000,7377.000000,8057.000000,49945.000000
22073.000000,7285.000000,7958.000000,49904.000000
21983.000000,7240.000000,7896.000000,49863.000000
21986.000000,7171.000000,7768.000000,49819.000000
21938.000000,7136.000000,7738.000000,49779.000000
21846.000000,7035.000000,7653.000000,49718.000000
21766.000000,7009.000000,7602.000000,49700.000000
21769.000000,7004.000000,7565.000000,49692.000000
21778.000000,6925.000000,7470.000000,49617.000000
21789.000000,6862.000000,7376.000000,49605.000000
21836.000000,6885.000000,7371.000000,49568.000000
21901.000000,6859.000000,7384.000000,49585.000000
21956.000000,6901.000000,7431.000000,49568.000000
22108.000000,6959.000000,7494.000000,49624.000000
22168.000000,6984.000000,7595.000000,49721.000000
22250.000000,7036.000000,7673.000000,49748.000000
22392.000000,7153.000000,7823.000000,49833.000000
22474.000000,7223.000000,7928.000000,49913.000000
22655.000000,7283.000000,8077.000000,49972.000000
22743.000000,7389.000000,8217.000000,50066.000000
22833.000000,7465.000000,8317.000000,50146.000000
22959.000000,7571.000000,8502.000000,50227.000000
23043.000000,7632.000000,8639.000000,50314.000000
23096.000000,7751.000000,8755.000000,50360.000000
23088.000000,7835.000000,8882.000000,50449.000000
23044.000000,7929.000000,9005.000000,50488.000000
23002.000000,7978.000000,9038.000000,50502.000000
22943.000000,7945.000000,9023.000000,50499.000000
22899.000000,7938.000000,8949.000000,50454.000000
22842.000000,7898.000000,8908.000000,50442.000000
22775.000000,7904.000000,8861.000000,50444.000000
22753.000000,7806.000000,8811.000000,50382.000000
22755.000000,7789.000000,8788.000000,50330.000000
22725.000000,7703.000000,8689.000000,50311.000000
22633.000000,7699.000000,8645.000000,50313.000000
22635.000000,7684.000000,8605.000000,50283.000000
22609.000000,7618.000000,8571.000000,50245.000000
22578.000000,7592.000000,8488.000000,50188.000000
22543.000000,7558.000000,8502.000000,50207.000000
22516.000000,7521.000000,8462.000000,50180.000000
22471.000000,7545.000000,8402.000000,50147.000000
22420.000000,7520.000000,8368.000000,50126.000000
22390.000000,7450.000000,8329.000000,50127.000000
22262.000000,7445.000000,8277.000000,50091.000000
22238.000000,7412.000000,8196.000000,50025.000000
22225.000000,7379.000000,8158.000000,50012.000000
22198.000000,7276.000000,8038.000000,49936.000000
22150.000000,7277.000000,7994.000000,49932.000000
22097.000000,7271.000000,8007.000000,49938.000000
22046.000000,7205.000000,7971.000000,49897.000000
22061.000000,7208.000000,7894.000000,49868.000000
22049.000000,7190.000000,7867.000000,49848.000000
21975.000000,7128.000000,7842.000000,49819.000000
21944.000000,7148.000000,7789.000000,49803.000000
21942.000000,7103.000000,7772.000000,49760.000000
21905.000000,7092.000000,7724.000000,49780.000000
21877.000000,7071.000000,7734.000000,49761.000000
21829.000000,7039.000000,7667.000000,49761.000000
21802.000000,7031.000000,7670.000000,49703.000000
21764.000000,6974.000000,7616.000000,49661.000000
21808.000000,6980.000000,7584.000000,49671.000000
21817.000000,6957.000000,7558.000000,49660.000000
21903.000000,6914.000000,7540.000000,49667.000000
21999.000000,6961.000000,7590.000000,49662.000000
22113.000000,6995.000000,7641.000000,49722.000000
22206.000000,7034.000000,7705.000000,49765.000000
22304.000000,7112.000000,7862.000000,49809.000000
22427.000000,7178.000000,7961.000000,49910.000000
22672.000000,7328.000000,8110.000000,49985.000000
22691.000000,7399.000000,8260.000000,50057.000000
22721.000000,7465.000000,8373.000000,50136.000000
22853.000000,7667.000000,8670.000000,50312.000000
22991.000000,7712.000000,8695.000000,50309.000000
23192.000000,7747.000000,8772.000000,50310.000000
23328.000000,7856.000000,8959.000000,50467.000000
23318.000000,7941.000000,9084.000000,50532.000000
23306.000000,8135.000000,9367.000000,50673.000000
23261.000000,8272.000000,9499.000000,50715.000000
23207.000000,8229.000000,9535.000000,50749.000000
23204.000000,8222.000000,9479.000000,50750.000000
23151.000000,8202.000000,9458.000000,50692.000000
23110.000000,8128.000000,9341.000000,50680.000000
23060.000000,8131.000000,9327.000000,50608.000000
22999.000000,8126.000000,9294.000000,50586.000000
22965.000000,8072.000000,9226.000000,50602.000000
22872.000000,8030.000000,9143.000000,50583.000000
22817.000000,8016.000000,9155.000000,50527.000000
22777.000000,7942.000000,9019.000000,50445.000000
22727.000000,7895.000000,8980.000000,50442.000000
22661.000000,7845.000000,8888.000000,50389.000000
22617.000000,7847.000000,8844.000000,50360.000000
22546.000000,7788.000000,8770.000000,50289.000000
22533.000000,7720.000000,8689.000000,50290.000000
22533.000000,7681.000000,8609.000000,50245.000000
22426.000000,7619.000000,8536.000000,50227.000000
22389.000000,7578.000000,8476.000000,50187.000000
22346.000000,7567.000000,8447.000000,50126.000000
22303.000000,7524.000000,8395.000000,50113.000000
22238.000000,7466.000000,8342.000000,50126.000000
22227.000000,7460.000000,8305.000000,50054.000000
22158.000000,7412.000000,8227.000000,50039.000000
22151.000000,7335.000000,8179.000000,49959.000000
22099.000000,7340.000000,8125.000000,49961.000000
22066.000000,7306.000000,8084.000000,49946.000000
22054.000000,7272.000000,8063.000000,49906.000000
22002.000000,7250.000000,8036.000000,49895.000000
21973.000000,7253.000000,8008.000000,49871.000000
21935.000000,7237.000000,7940.000000,49865.000000
21937.000000,7226.000000,7934.000000,49874.000000
21966.000000,7184.000000,7899.000000,49861.000000
22019.000000,7187.000000,7860.000000,49832.000000
22052.000000,7116.000000,7875.000000,49850.000000
22144.000000,7184.000000,7913.000000,49827.000000
22277.000000,7192.000000,7977.000000,49875.000000
22376.000000,7277.000000,8064.000000,49936.000000
22467.000000,7350.000000,8132.000000,49991.000000
22597.000000,7436.000000,8294.000000,50046.000000
22694.000000,7498.000000,8414.000000,50120.000000
22775.000000,7562.000000,8531.000000,50183.000000
22914.000000,7682.000000,8729.000000,50298.000000
23145.000000,7771.000000,8805.000000,50369.000000
23180.000000,7822.000000,8953.000000,50456.000000
23288.000000,7972.000000,9147.000000,50552.000000
23357.000000,8128.000000,9429.000000,50685.000000
23459.000000,8165.000000,9428.000000,50713.000000
23439.000000,8284.000000,9594.000000,50785.000000
23383.000000,8346.000000,9681.000000,50837.000000
23352.000000,8417.000000,9789.000000,50865.000000
23318.000000,8423.000000,9792.000000,50860.000000
23280.000000,8373.000000,9688.000000,50830.000000
23224.000000,8361.000000,9660.000000,50785.000000
23178.000000,8327.000000,9576.000000,50758.000000
23106.000000,8236.000000,9543.000000,50739.000000
23087.000000,8214.000000,9459.000000,50708.000000
23044.000000,8199.000000,9415.000000,50663.000000
23001.000000,8146.000000,9302.000000,50576.000000
22952.000000,8111.000000,9289.000000,50597.000000
22893.000000,8092.000000,9250.000000,50580.000000
22774.000000,8058.000000,9217.000000,50557.000000
22785.000000,8000.000000,9127.000000,50524.000000
22759.000000,7949.000000,9062.000000,50498.000000
22710.000000,7883.000000,8925.000000,50432.000000
22619.000000,7903.000000,8935.000000,50402.000000
22579.000000,7810.000000,8873.000000,50359.000000
22538.000000,7815.000000,8807.000000,50342.000000
22513.000000,7730.000000,8773.000000,50292.000000
22363.000000,7707.000000,8657.000000,50240.000000
22329.000000,7618.000000,8590.000000,50215.000000
22333.000000,7628.000000,8559.000000,50194.000000
22280.000000,7529.000000,8397.000000,50105.000000
22223.000000,7499.000000,8377.000000,50105.000000
22186.000000,7495.000000,8359.000000,50072.000000
22103.000000,7443.000000,8320.000000,50060.000000
22117.000000,7387.000000,8247.000000,50060.000000
22031.000000,7384.000000,8209.000000,50003.000000
22022.000000,7325.000000,8106.000000,49974.000000
22000.000000,7334.000000,8090.000000,49949.000000
21970.000000,7284.000000,8030.000000,49936.000000
21965.000000,7242.000000,8026.000000,49912.000000
21920.000000,7251.000000,8002.000000,49899.000000
21867.000000,7199.000000,7985.000000,49881.000000
21899.000000,7173.000000,7933.000000,49835.000000
21986.000000,7176.000000,7914.000000,49790.000000
22094.000000,7167.000000,7911.000000,49849.000000
22163.000000,7204.000000,7975.000000,49888.000000
22247.000000,7254.000000,8028.000000,49920.000000
22342.000000,7347.000000,8133.000000,49963.000000
22452.000000,7383.000000,8220.000000,50047.000000
22579.000000,7471.000000,8388.000000,50111.000000
22636.000000,7541.000000,8478.000000,50163.000000
22744.000000,7615.000000,8604.000000,50241.000000
22876.000000,7708.000000,8761.000000,50340.000000
23020.000000,7819.000000,8905.000000,50390.000000
23123.000000,7900.000000,8993.000000,50459.000000
23222.000000,7967.000000,9189.000000,50557.000000
23328.000000,8067.000000,9313.000000,50604.000000
23408.000000,8160.000000,9433.000000,50702.000000
23382.000000,8268.000000,9571.000000,50790.000000
23359.000000,8359.000000,9741.000000,50840.000000
23351.000000,8435.000000,9788.000000,50860.000000
23282.000000,8435.000000,9758.000000,50855.000000
23286.000000,8413.000000,9740.000000,50870.000000
23246.000000,8412.000000,9744.000000,50837.000000
23129.000000,8356.000000,9663.000000,50800.000000
23113.000000,8324.000000,9620.000000,50766.000000
23123.000000,8262.000000,9542.000000,50727.000000
23076.000000,8174.000000,9447.000000,50679.000000
23026.000000,8204.000000,9454.000000,50679.000000
22997.000000,8168.000000,9440.000000,50667.000000
22956.000000,8132.000000,9366.000000,50634.000000
22946.000000,8131.000000,9326.000000,50576.000000
22848.000000,8073.000000,9229.000000,50558.000000
22783.000000,8060.000000,9202.000000,50565.000000
22758.000000,8009.000000,9179.000000,50516.000000
22677.000000,7976.000000,9089.000000,50474.000000
22670.000000,7923.000000,8972.000000,50420.000000
22570.000000,7898.000000,8972.000000,50413.000000
22546.000000,7861.000000,8903.000000,50399.000000
22487.000000,7813.000000,8840.000000,50352.000000
22436.000000,7742.000000,8806.000000,50292.000000
22265.000000,7733.000000,8713.000000,50275.000000
22188.000000,7665.000000,8612.000000,50254.000000
22157.000000,7630.000000,8614.000000,50201.000000
22092.000000,7624.000000,8527.000000,50180.000000
22073.000000,7568.000000,8469.000000,50163.000000
22026.000000,7543.000000,8420.000000,50103.000000
22010.000000,7479.000000,8381.000000,50099.000000
22012.000000,7469.000000,8321.000000,50063.000000
22080.000000,7417.000000,8262.000000,50023.000000
22280.000000,7363.000000,8231.000000,50005.000000
22296.000000,7364.000000,8185.000000,49980.000000
22418.000000,7331.000000,8174.000000,49946.000000
22623.000000,7330.000000,8125.000000,49967.000000
22779.000000,7336.000000,8144.000000,49955.000000
22946.000000,7395.000000,8238.000000,50011.000000
23121.000000,7541.000000,8465.000000,50156.000000
23264.000000,7537.000000,8536.000000,50179.000000
23455.000000,7661.000000,8685.000000,50233.000000
23532.000000,7806.000000,8946.000000,50390.000000
23556.000000,7943.000000,9148.000000,50499.000000
23536.000000,8078.000000,9359.000000,50656.000000
23407.000000,8210.000000,9556.000000,50733.000000
23342.000000,8365.000000,9732.000000,50854.000000
23327.000000,8486.000000,9935.000000,50953.000000
23274.000000,8597.000000,10074.000000,51014.000000
23225.000000,8632.000000,10088.000000,51036.000000
23164.000000,8597.000000,10046.000000,50982.000000
23151.000000,8520.000000,9912.000000,50913.000000
23052.000000,8442.000000,9788.000000,50856.000000
23014.000000,8418.000000,9758.000000,50841.000000
22899.000000,8357.000000,9698.000000,50823.000000
22851.000000,8352.000000,9636.000000,50769.000000
22794.000000,8272.000000,9605.000000,50761.000000
22757.000000,8259.000000,9519.000000,50711.000000
22721.000000,8176.000000,9426.000000,50652.000000
22660.000000,8150.000000,9368.000000,50614.000000
22550.000000,8085.000000,9283.000000,50568.000000
22526.000000,8035.000000,9195.000000,50514.000000
22452.000000,7996.000000,9138.000000,50484.000000
22403.000000,7929.000000,9105.000000,50461.000000
22305.000000,7911.000000,8997.000000,50440.000000
22260.000000,7863.000000,8918.000000,50366.000000
22197.000000,7824.000000,8826.000000,50310.000000
22164.000000,7754.000000,8775.000000,50277.000000
22091.000000,7683.000000,8672.000000,50238.000000
22058.000000,7649.000000,8598.000000,50229.000000
22065.000000,7592.000000,8540.000000,50169.000000
22000.000000,7583.000000,8486.000000,50130.000000
21954.000000,7547.000000,8414.000000,50113.000000
21884.000000,7460.000000,8398.000000,50079.000000
21893.000000,7421.000000,8282.000000,50016.000000
21902.000000,7401.000000,8269.000000,50038.000000
21918.000000,7413.000000,8240.000000,49995.000000
22012.000000,7346.000000,8195.000000,49982.000000
22173.000000,7318.000000,8160.000000,49951.000000
22180.000000,7304.000000,8113.000000,49926.000000
22295.000000,7271.000000,8100.000000,49877.000000
22424.000000,7294.000000,8117.000000,49940.000000
22526.000000,7314.000000,8157.000000,49973.000000
22644.000000,7393.000000,8262.000000,49979.000000
22753.000000,7486.000000,8494.000000,50143.000000
22877.000000,7541.000000,8512.000000,50131.000000
23023.000000,7632.000000,8640.000000,50248.000000
23270.000000,7762.000000,8849.000000,50350.000000
23252.000000,7854.000000,8969.000000,50419.000000
23343.000000,7908.000000,9106.000000,50509.000000
23303.000000,8016.000000,9268.000000,50607.000000
23238.000000,8076.000000,9395.000000,50685.000000
23195.000000,8208.000000,9581.000000,50759.000000
23104.000000,8414.000000,9868.000000,50905.000000
23093.000000,8405.000000,9879.000000,50929.000000
22970.000000,8471.000000,9952.000000,50958.000000
22975.000000,8500.000000,9919.000000,50945.000000
22870.000000,8428.000000,9826.000000,50894.000000
22836.000000,8353.000000,9747.000000,50844.000000
22753.000000,8302.000000,9682.000000,50793.000000
22753.000000,8303.000000,9608.000000,50727.000000
22718.000000,8225.000000,9530.000000,50726.000000
22650.000000,8184.000000,9467.000000,50654.000000
22594.000000,8144.000000,9409.000000,50643.000000
22553.000000,8095.000000,9363.000000,50623.000000
22517.000000,8028.000000,9198.000000,50521.000000
22446.000000,8020.000000,9216.000000,50545.000000
22404.000000,7991.000000,9165.000000,50514.000000
22323.000000,7951.000000,9104.000000,50495.000000
22322.000000,7894.000000,9012.000000,50450.000000
22244.000000,7869.000000,8936.000000,50394.000000
22188.000000,7819.000000,8892.000000,50374.000000
22106.000000,7765.000000,8787.000000,50291.000000
22086.000000,7720.000000,8762.000000,50293.000000
22002.000000,7671.000000,8677.000000,50251.000000
21972.000000,7629.000000,8615.000000,50212.000000
21908.000000,7598.000000,8557.000000,50191.000000
21825.000000,7546.000000,8509.000000,50160.000000
21809.000000,7512.000000,8440.000000,50098.000000
21781.000000,7466.000000,8378.000000,50080.000000
21690.000000,7404.000000,8323.000000,50074.000000
21696.000000,7377.000000,8271.000000,50062.000000
21629.000000,7323.000000,8215.000000,49986.000000
21604.000000,7271.000000,8127.000000,49932.000000
21630.000000,7258.000000,8069.000000,49908.000000
21618.000000,7207.000000,8063.000000,49928.000000
21710.000000,7191.000000,7999.000000,49873.000000
21760.000000,7161.000000,7955.000000,49825.000000
21864.000000,7102.000000,7897.000000,49855.000000
21950.000000,7122.000000,7897.000000,49818.000000
22052.000000,7108.000000,7912.000000,49826.000000
22164.000000,7154.000000,8005.000000,49869.000000
22227.000000,7186.000000,8044.000000,49873.000000
22309.000000,7256.000000,8132.000000,49957.000000
22480.000000,7350.000000,8264.000000,50033.000000
22555.000000,7393.000000,8399.000000,50128.000000
22653.000000,7503.000000,8455.000000,50166.000000
22755.000000,7604.000000,8659.000000,50231.000000
22905.000000,7681.000000,8800.000000,50325.000000
23032.000000,7766.000000,8895.000000,50416.000000
23075.000000,7843.000000,9071.000000,50486.000000
23043.000000,7942.000000,9184.000000,50556.000000
23004.000000,8016.000000,9351.000000,50652.000000
22943.000000,8108.000000,9494.000000,50758.000000
22916.000000,8230.000000,9644.000000,50820.000000
22861.000000,8308.000000,9740.000000,50878.000000
22805.000000,8341.000000,9787.000000,50844.000000
22763.000000,8325.000000,9815.000000,50865.000000
22675.000000,8303.000000,9727.000000,50869.000000
22628.000000,8261.000000,9674.000000,50806.000000
22565.000000,8237.000000,9612.000000,50791.000000
22497.000000,8159.000000,9539.000000,50769.000000
22512.000000,8141.000000,9502.000000,50712.000000
22473.000000,8120.000000,9396.000000,50639.000000
22411.000000,8074.000000,9318.000000,50610.000000
22366.000000,7993.000000,9290.000000,50579.000000
22312.000000,7959.000000,9226.000000,50562.000000
22240.000000,7931.000000,9116.000000,50508.000000
22188.000000,7905.000000,9079.000000,50466.000000
22137.000000,7868.000000,9077.000000,50489.000000
22081.000000,7830.000000,8984.000000,50468.000000
22049.000000,7773.000000,8922.000000,50370.000000
21994.000000,7747.000000,8840.000000,50368.000000
21962.000000,7682.000000,8766.000000,50343.000000
21884.000000,7689.000000,8728.000000,50300.000000
21853.000000,7607.000000,8708.000000,50262.000000
21813.000000,7578.000000,8602.000000,50212.000000
21800.000000,7554.000000,8548.000000,50179.000000
21743.000000,7455.000000,8517.000000,50152.000000
21733.000000,7423.000000,8414.000000,50110.000000
21706.000000,7416.000000,8375.000000,50100.000000
21663.000000,7363.000000,8351.000000,50066.000000
21629.000000,7365.000000,8302.000000,50061.000000
21611.000000,7310.000000,8253.000000,50035.000000
21652.000000,7265.000000,8239.000000,50037.000000
21739.000000,7295.000000,8203.000000,50001.000000
21756.000000,7267.000000,8182.000000,49993.000000
21828.000000,7252.000000,8141.000000,49961.000000
21993.000000,7204.000000,8133.000000,49963.000000
22099.000000,7204.000000,8139.000000,49969.000000
22174.000000,7231.000000,8156.000000,49981.000000
22230.000000,7318.000000,8229.000000,50018.000000
22372.000000,7392.000000,8363.000000,50083.000000
22496.000000,7405.000000,8455.000000,50158.000000
22550.000000,7544.000000,8594.000000,50236.000000
22643.000000,7632.000000,8732.000000,50260.000000
22753.000000,7683.000000,8870.000000,50367.000000
22870.000000,7774.000000,8994.000000,50410.000000
22983.000000,7889.000000,9157.000000,50510.000000
23020.000000,7960.000000,9256.000000,50588.000000
22956.000000,7985.000000,9357.000000,50626.000000
22975.000000,8057.000000,9480.000000,50744.000000
22954.000000,8179.000000,9648.000000,50830.000000
22893.000000,8255.000000,9776.000000,50920.000000
22882.000000,8387.000000,9878.000000,50916.000000
22799.000000,8415.000000,9958.000000,50941.000000
22763.000000,8373.000000,9845.000000,50928.000000
22706.000000,8381.000000,9837.000000,50914.000000
22667.000000,8346.000000,9797.000000,50889.000000
22618.000000,8295.000000,9763.000000,50857.000000
22581.000000,8266.000000,9720.000000,50827.000000
22542.000000,8200.000000,9623.000000,50785.000000
22487.000000,8201.000000,9623.000000,50783.000000
22434.000000,8155.000000,9561.000000,50784.000000
22400.000000,8107.000000,9472.000000,50703.000000
22363.000000,8058.000000,9425.000000,50674.000000
22284.000000,8035.000000,9385.000000,50674.000000
22291.000000,7980.000000,9305.000000,50585.000000
22223.000000,7957.000000,9264.000000,50575.000000
22175.000000,7915.000000,9181.000000,50546.000000
22095.000000,7891.000000,9157.000000,50540.000000
22031.000000,7870.000000,9106.000000,50514.000000
22030.000000,7811.000000,9015.000000,50464.000000
21995.000000,7730.000000,8937.000000,50409.000000
21950.000000,7752.000000,8921.000000,50410.000000
21896.000000,7712.000000,8850.000000,50365.000000
21860.000000,7654.000000,8785.000000,50327.000000
21821.000000,7580.000000,8659.000000,50273.000000
21808.000000,7595.000000,8682.000000,50263.000000
21754.000000,7549.000000,8672.000000,50255.000000
21732.000000,7512.000000,8572.000000,50216.000000
21679.000000,7487.000000,8590.000000,50180.000000
21631.000000,7429.000000,8532.000000,50212.000000
21630.000000,7419.000000,8500.000000,50158.000000
21642.000000,7412.000000,8468.000000,50152.000000
21650.000000,7369.000000,8454.000000,50141.000000
21789.000000,7386.000000,8406.000000,50084.000000
21821.000000,7340.000000,8337.000000,50068.000000
21885.000000,7303.000000,8337.000000,50066.000000
21980.000000,7324.000000,8303.000000,50062.000000
22150.000000,7309.000000,8346.000000,50090.000000
22274.000000,7320.000000,8430.000000,50136.000000
22364.000000,7475.000000,8567.000000,50239.000000
22452.000000,7461.000000,8627.000000,50258.000000
22576.000000,7547.000000,8751.000000,50320.000000
22669.000000,7623.000000,8833.000000,50370.000000
22873.000000,7767.000000,9053.000000,50490.000000
22942.000000,7825.000000,9212.000000,50577.000000
23065.000000,7910.000000,9313.000000,50626.000000
23099.000000,8046.000000,9482.000000,50762.000000
23098.000000,8094.000000,9601.000000,50806.000000
22974.000000,8171.000000,9751.000000,50875.000000
22933.000000,8334.000000,9938.000000,50967.000000
22874.000000,8444.000000,10092.000000,51062.000000
22846.000000,8515.000000,10192.000000,51116.000000
22748.000000,8598.000000,10236.000000,51156.000000
22688.000000,8545.000000,10200.000000,51087.000000
22669.000000,8510.000000,10110.000000,51081.000000
22639.000000,8435.000000,10043.000000,51017.000000
22600.000000,8422.000000,9990.000000,50996.000000
22542.000000,8327.000000,9927.000000,50960.000000
22493.000000,8307.000000,9826.000000,50922.000000
22455.000000,8237.000000,9774.000000,50887.000000
22390.000000,8240.000000,9697.000000,50869.000000
22289.000000,8176.000000,9641.000000,50812.000000
22276.000000,8146.000000,9590.000000,50804.000000
22216.000000,8115.000000,9559.000000,50760.000000
22125.000000,8076.000000,9456.000000,50718.000000
22052.000000,8017.000000,9424.000000,50708.000000
21989.000000,7989.000000,9380.000000,50668.000000
21890.000000,7930.000000,9286.000000,50606.000000
21903.000000,7901.000000,9220.000000,50585.000000
21839.000000,7817.000000,9179.000000,50544.000000
21823.000000,7779.000000,9052.000000,50453.000000
21731.000000,7725.000000,8955.000000,50405.000000
21713.000000,7666.000000,8920.000000,50402.000000
21676.000000,7590.000000,8809.000000,50330.000000
21610.000000,7580.000000,8758.000000,50324.000000
21505.000000,7560.000000,8735.000000,50321.000000
21457.000000,7541.000000,8689.000000,50268.000000
21468.000000,7433.000000,8622.000000,50244.000000
21443.000000,7452.000000,8640.000000,50279.000000
21384.000000,7435.000000,8580.000000,50214.000000
21382.000000,7407.000000,8516.000000,50194.000000
21384.000000,7342.000000,8428.000000,50107.000000
21473.000000,7329.000000,8389.000000,50108.000000
21532.000000,7326.000000,8420.000000,50127.000000
21622.000000,7282.000000,8356.000000,50079.000000
21757.000000,7252.000000,8340.000000,50090.000000
21862.000000,7300.000000,8324.000000,50081.000000
21932.000000,7258.000000,8356.000000,50123.000000
22020.000000,7324.000000,8431.000000,50179.000000
22101.000000,7391.000000,8521.000000,50207.000000
22201.000000,7445.000000,8612.000000,50253.000000
22310.000000,7553.000000,8831.000000,50360.000000
22426.000000,7630.000000,8939.000000,50443.000000
22563.000000,7714.000000,9091.000000,50515.000000
22670.000000,7792.000000,9231.000000,50567.000000
22758.000000,7862.000000,9277.000000,50642.000000
22949.000000,7917.000000,9409.000000,50703.000000
22922.000000,8000.000000,9546.000000,50764.000000
22896.000000,8073.000000,9678.000000,50829.000000
22885.000000,8199.000000,9845.000000,50959.000000
22829.000000,8329.000000,10014.000000,51034.000000
22756.000000,8406.000000,10153.000000,51100.000000
22761.000000,8548.000000,10300.000000,51175.000000
22671.000000,8562.000000,10324.000000,51176.000000
22587.000000,8535.000000,10270.000000,51174.000000
22567.000000,8479.000000,10226.000000,51121.000000
22503.000000,8468.000000,10179.000000,51110.000000
22442.000000,8394.000000,10128.000000,51056.000000
22381.000000,8383.000000,10063.000000,51018.000000
22362.000000,8340.000000,9993.000000,51002.000000
22300.000000,8275.000000,9915.000000,50990.000000
22212.000000,8229.000000,9833.000000,50884.000000
22135.000000,8196.000000,9732.000000,50889.000000
22127.000000,8150.000000,9688.000000,50808.000000
22062.000000,8105.000000,9617.000000,50796.000000
21972.000000,8065.000000,9574.000000,50769.000000
21844.000000,8029.000000,9528.000000,50730.000000
21848.000000,7959.000000,9440.000000,50692.000000
21789.000000,7935.000000,9332.000000,50660.000000
21719.000000,7873.000000,9291.000000,50610.000000
21672.000000,7863.000000,9241.000000,50575.000000
21588.000000,7822.000000,9141.000000,50553.000000
21481.000000,7670.000000,8971.000000,50471.000000
21466.000000,7653.000000,8984.000000,50453.000000
21408.000000,7597.000000,8912.000000,50402.000000
21357.000000,7567.000000,8852.000000,50393.000000
21250.000000,7529.000000,8785.000000,50349.000000
21210.000000,7481.000000,8732.000000,50305.000000
21232.000000,7383.000000,8582.000000,50265.000000
21257.000000,7407.000000,8600.000000,50248.000000
21294.000000,7380.000000,8555.000000,50210.000000
21413.000000,7332.000000,8482.000000,50163.000000
21458.000000,7224.000000,8376.000000,50134.000000
21544.000000,7230.000000,8368.000000,50129.000000
21700.000000,7251.000000,8379.000000,50112.000000
21790.000000,7261.000000,8406.000000,50145.000000
21889.000000,7290.000000,8521.000000,50186.000000
22002.000000,7379.000000,8628.000000,50258.000000
22117.000000,7448.000000,8756.000000,50308.000000
22263.000000,7540.000000,8877.000000,50405.000000
22435.000000,7626.000000,9042.000000,50503.000000
22557.000000,7687.000000,9152.000000,50572.000000
22608.000000,7820.000000,9301.000000,50668.000000
22670.000000,7882.000000,9457.000000,50740.000000
22596.000000,8010.000000,9599.000000,50849.000000
22572.000000,8093.000000,9772.000000,50919.000000
22532.000000,8274.000000,10005.000000,51025.000000
22473.000000,8328.000000,10078.000000,51085.000000
22431.000000,8398.000000,10196.000000,51145.000000
22384.000000,8446.000000,10215.000000,51115.000000
22323.000000,8396.000000,10176.000000,51122.000000
22284.000000,8346.000000,10146.000000,51104.000000
22229.000000,8315.000000,10067.000000,51074.000000
22213.000000,8260.000000,9977.000000,51019.000000
22146.000000,8225.000000,9933.000000,50968.000000
22131.000000,8211.000000,9893.000000,50953.000000
22086.000000,8201.000000,9826.000000,50916.000000
22023.000000,8141.000000,9764.000000,50862.000000
21967.000000,8094.000000,9720.000000,50884.000000
21848.000000,8053.000000,9667.000000,50843.000000
21847.000000,8028.000000,9586.000000,50793.000000
21811.000000,8005.000000,9564.000000,50754.000000
21774.000000,7956.000000,9516.000000,50756.000000
21726.000000,7919.000000,9386.000000,50681.000000
21682.000000,7875.000000,9341.000000,50673.000000
21621.000000,7743.000000,9228.000000,50615.000000
21547.000000,7772.000000,9190.000000,50567.000000
21449.000000,7733.000000,9177.000000,50580.000000
21401.000000,7725.000000,9116.000000,50552.000000
21360.000000,7637.000000,9066.000000,50489.000000
21315.000000,7626.000000,8982.000000,50459.000000
21261.000000,7573.000000,8906.000000,50436.000000
21203.000000,7526.000000,8863.000000,50397.000000
21184.000000,7465.000000,8807.000000,50360.000000
21106.000000,7448.000000,8744.000000,50321.000000
21045.000000,7401.000000,8681.000000,50311.000000
21048.000000,7334.000000,8651.000000,50318.000000
21075.000000,7291.000000,8583.000000,50248.000000
21093.000000,7288.000000,8574.000000,50242.000000
21189.000000,7287.000000,8523.000000,50224.000000
21302.000000,7222.000000,8499.000000,50218.000000
21460.000000,7197.000000,8423.000000,50162.000000
21518.000000,7189.000000,8385.000000,50152.000000
21620.000000,7169.000000,8421.000000,50166.000000
21740.000000,7242.000000,8553.000000,50253.000000
21866.000000,7315.000000,8664.000000,50313.000000
22000.000000,7394.000000,8821.000000,50392.000000
22120.000000,7528.000000,9006.000000,50471.000000
22276.000000,7619.000000,9110.000000,50569.000000
22389.000000,7695.000000,9274.000000,50633.000000
22511.000000,7773.000000,9427.000000,50727.000000
22604.000000,7919.000000,9537.000000,50823.000000
22575.000000,8012.000000,9748.000000,50918.000000
22564.000000,8102.000000,9865.000000,50987.000000
22491.000000,8183.000000,10054.000000,51084.000000
22501.000000,8304.000000,10199.000000,51181.000000
22451.000000,8424.000000,10372.000000,51262.000000
22430.000000,8491.000000,10433.000000,51262.000000
22381.000000,8478.000000,10465.000000,51246.000000
22377.000000,8460.000000,10388.000000,51243.000000
22352.000000,8420.000000,10355.000000,51225.000000
22298.000000,8416.000000,10263.000000,51188.000000
22257.000000,8354.000000,10250.000000,51185.000000
22254.000000,8300.000000,10183.000000,51156.000000
22163.000000,8281.000000,10178.000000,51127.000000
22165.000000,8313.000000,10142.000000,51104.000000
22115.000000,8266.000000,10128.000000,51109.000000
22055.000000,8273.000000,10053.000000,51122.000000
22018.000000,8202.000000,10023.000000,51039.000000
21946.000000,8203.000000,9989.000000,51022.000000
21860.000000,8179.000000,9917.000000,51020.000000
21817.000000,8136.000000,9913.000000,51003.000000
21754.000000,8107.000000,9825.000000,50967.000000
21722.000000,8070.000000,9825.000000,50927.000000
21722.000000,8014.000000,9702.000000,50891.000000
21678.000000,7996.000000,9673.000000,50833.000000
21604.000000,7940.000000,9593.000000,50805.000000
21599.000000,7902.000000,9516.000000,50787.000000
21504.000000,7850.000000,9429.000000,50732.000000
21526.000000,7844.000000,9421.000000,50724.000000
21523.000000,7810.000000,9391.000000,50680.000000
21489.000000,7757.000000,9317.000000,50658.000000
21417.000000,7728.000000,9283.000000,50646.000000
21395.000000,7682.000000,9249.000000,50607.000000
21399.000000,7661.000000,9225.000000,50596.000000
21361.000000,7678.000000,9212.000000,50584.000000
21326.000000,7642.000000,9164.000000,50549.000000
21337.000000,7639.000000,9144.000000,50540.000000
21319.000000,7557.000000,9099.000000,50531.000000
21380.000000,7578.000000,9090.000000,50493.000000
21438.000000,7551.000000,9048.000000,50485.000000
21487.000000,7524.000000,9075.000000,50511.000000
21622.000000,7516.000000,9031.000000,50492.000000
21688.000000,7542.000000,9055.000000,50494.000000
21767.000000,7535.000000,9105.000000,50530.000000
21905.000000,7557.000000,9108.000000,50537.000000
22019.000000,7623.000000,9173.000000,50566.000000
22130.000000,7672.000000,9287.000000,50612.000000
22179.000000,7763.000000,9394.000000,50695.000000
22298.000000,7834.000000,9533.000000,50762.000000
22386.000000,7904.000000,9609.000000,50842.000000
22585.000000,7987.000000,9771.000000,50915.000000
22716.000000,8083.000000,9882.000000,50991.000000
22815.000000,8125.000000,10006.000000,51047.000000
22938.000000,8243.000000,10138.000000,51126.000000
22981.000000,8290.000000,10258.000000,51218.000000
22953.000000,8379.000000,10397.000000,51276.000000
22920.000000,8548.000000,10625.000000,51409.000000
22917.000000,8634.000000,10772.000000,51459.000000
22849.000000,8767.000000,10914.000000,51549.000000
22832.000000,8863.000000,11065.000000,51627.000000
22797.000000,8864.000000,11099.000000,51636.000000
22799.000000,8891.000000,11055.000000,51610.000000
22741.000000,8856.000000,11008.000000,51595.000000
22673.000000,8831.000000,10969.000000,51526.000000
22619.000000,8801.000000,10896.000000,51501.000000
22592.000000,8771.000000,10884.000000,51510.000000
22565.000000,8758.000000,10897.000000,51483.000000
22563.000000,8727.000000,10815.000000,51465.000000
22521.000000,8683.000000,10768.000000,51427.000000
22432.000000,8649.000000,10679.000000,51426.000000
22426.000000,8629.000000,10657.000000,51401.000000
22418.000000,8605.000000,10578.000000,51354.000000
22373.000000,8547.000000,10526.000000,51311.000000
22324.000000,8525.000000,10467.000000,51303.000000
22281.000000,8514.000000,10439.000000,51266.000000
22240.000000,8441.000000,10427.000000,51254.000000
22186.000000,8418.000000,10359.000000,51221.000000
22108.000000,8377.000000,10320.000000,51229.000000
22073.000000,8395.000000,10282.000000,51151.000000
22054.000000,8359.000000,10251.000000,51186.000000
22030.000000,8318.000000,10201.000000,51135.000000
22001.000000,8274.000000,10133.000000,51126.000000
21976.000000,8256.000000,10111.000000,51090.000000
21928.000000,8207.000000,9999.000000,51051.000000
21895.000000,8189.000000,9942.000000,51014.000000
21854.000000,8121.000000,9914.000000,51011.000000
21865.000000,8146.000000,9872.000000,50983.000000
21807.000000,8090.000000,9841.000000,50928.000000
21776.000000,8111.000000,9817.000000,50938.000000
21743.000000,8048.000000,9759.000000,50895.000000
21738.000000,8011.000000,9727.000000,50882.000000
21747.000000,8015.000000,9719.000000,50870.000000
21843.000000,8000.000000,9703.000000,50842.000000
21923.000000,7976.000000,9635.000000,50839.000000
21962.000000,7897.000000,9605.000000,50804.000000
22072.000000,7902.000000,9565.000000,50814.000000
22266.000000,7886.000000,9574.000000,50805.000000
22334.000000,7949.000000,9635.000000,50834.000000
22342.000000,7976.000000,9691.000000,50906.000000
22429.000000,8054.000000,9835.000000,50935.000000
22564.000000,8092.000000,9881.000000,50980.000000
22864.000000,8197.000000,10045.000000,51057.000000
22875.000000,8312.000000,10279.000000,51208.000000
22989.000000,8349.000000,10302.000000,51249.000000
23046.000000,8398.000000,10356.000000,51250.000000
22994.000000,8466.000000,10488.000000,51312.000000
22957.000000,8581.000000,10644.000000,51456.000000
22922.000000,8813.000000,11036.000000,51588.000000
22872.000000,8858.000000,11077.000000,51632.000000
22767.000000,8943.000000,11180.000000,51698.000000
22749.000000,8994.000000,11220.000000,51710.000000
22716.000000,8969.000000,11200.000000,51706.000000
22693.000000,8926.000000,11148.000000,51655.000000
22657.000000,8870.000000,11090.000000,51643.000000
22628.000000,8834.000000,10999.000000,51593.000000
22586.000000,8795.000000,10871.000000,51528.000000
22549.000000,8753.000000,10859.000000,51508.000000
22450.000000,8731.000000,10836.000000,51492.000000
22439.000000,8725.000000,10802.000000,51494.000000
22360.000000,8665.000000,10742.000000,51457.000000
22343.000000,8664.000000,10701.000000,51431.000000
22258.000000,8618.000000,10635.000000,51401.000000
22236.000000,8556.000000,10583.000000,51341.000000
22150.000000,8511.000000,10515.000000,51302.000000
22118.000000,8454.000000,10432.000000,51285.000000
21969.000000,8395.000000,10374.000000,51269.000000
21958.000000,8394.000000,10336.000000,51239.000000
21888.000000,8360.000000,10281.000000,51205.000000
21834.000000,8314.000000,10194.000000,51153.000000
21796.000000,8281.000000,10165.000000,51173.000000
21769.000000,8236.000000,10064.000000,51062.000000
21672.000000,8113.000000,9922.000000,51052.000000
21648.000000,8146.000000,9905.000000,51014.000000
21689.000000,8097.000000,9840.000000,50972.000000
21686.000000,8054.000000,9780.000000,50959.000000
21769.000000,8051.000000,9749.000000,50915.000000
21834.000000,7993.000000,9704.000000,50894.000000
21923.000000,7924.000000,9656.000000,50842.000000
22015.000000,7942.000000,9628.000000,50823.000000
22136.000000,7901.000000,9612.000000,50852.000000
22496.000000,7949.000000,9681.000000,50881.000000
22502.000000,7996.000000,9779.000000,50931.000000
22541.000000,8099.000000,9905.000000,50995.000000
22742.000000,8144.000000,10071.000000,51078.000000
22899.000000,8205.000000,10167.000000,51172.000000
22974.000000,8306.000000,10312.000000,51225.000000
23014.000000,8585.000000,10729.000000,51481.000000
22942.000000,8591.000000,10798.000000,51528.000000
22864.000000,8627.000000,10857.000000,51544.000000
22780.000000,8814.000000,11130.000000,51712.000000
22738.000000,8945.000000,11293.000000,51784.000000
22647.000000,9019.000000,11417.000000,51814.000000
22627.000000,9069.000000,11398.000000,51779.000000
22605.000000,9017.000000,11325.000000,51750.000000
22541.000000,8959.000000,11248.000000,51742.000000
22477.000000,8871.000000,11146.000000,51672.000000
22418.000000,8844.000000,11064.000000,51639.000000
22372.000000,8748.000000,10948.000000,51576.000000
22339.000000,8760.000000,10922.000000,51570.000000
22256.000000,8741.000000,10933.000000,51545.000000
22229.000000,8735.000000,10865.000000,51522.000000
22145.000000,8632.000000,10822.000000,51502.000000
22061.000000,8606.000000,10763.000000,51428.000000
22048.000000,8555.000000,10695.000000,51424.000000
21940.000000,8533.000000,10590.000000,51391.000000
21840.000000,8454.000000,10498.000000,51337.000000
21745.000000,8443.000000,10444.000000,51292.000000
21717.000000,8351.000000,10422.000000,51277.000000
21650.000000,8281.000000,10285.000000,51230.000000
21617.000000,8269.000000,10226.000000,51184.000000
21576.000000,8211.000000,10158.000000,51133.000000
21452.000000,8129.000000,10056.000000,51077.000000
21437.000000,8094.000000,9968.000000,51045.000000
21440.000000,8042.000000,9915.000000,51004.000000
21398.000000,7995.000000,9840.000000,50975.000000
21392.000000,7954.000000,9740.000000,50904.000000
21357.000000,7927.000000,9732.000000,50915.000000
21306.000000,7844.000000,9604.000000,50853.000000
21215.000000,7849.000000,9588.000000,50837.000000
21164.000000,7840.000000,9575.000000,50817.000000
21146.000000,7768.000000,9572.000000,50796.000000
21210.000000,7795.000000,9522.000000,50783.000000
21242.000000,7807.000000,9538.000000,50820.000000
21333.000000,7767.000000,9513.000000,50783.000000
21534.000000,7677.000000,9436.000000,50743.000000
21584.000000,7631.000000,9375.000000,50713.000000
21632.000000,7624.000000,9337.000000,50702.000000
21776.000000,7722.000000,9491.000000,50779.000000
21937.000000,7712.000000,9511.000000,50783.000000
22063.000000,7804.000000,9612.000000,50831.000000
22207.000000,7984.000000,9934.000000,51034.000000
22410.000000,7994.000000,9963.000000,51040.000000
22534.000000,8084.000000,10085.000000,51128.000000
22791.000000,8144.000000,10289.000000,51243.000000
22863.000000,8269.000000,10445.000000,51315.000000
22810.000000,8371.000000,10620.000000,51448.000000
22727.000000,8523.000000,10854.000000,51556.000000
22699.000000,8703.000000,11081.000000,51678.000000
22665.000000,8817.000000,11290.000000,51777.000000
22594.000000,8959.000000,11489.000000,51911.000000
22456.000000,9120.000000,11647.000000,51938.000000
22429.000000,9058.000000,11600.000000,51925.000000
22399.000000,9011.000000,11490.000000,51881.000000
22288.000000,8983.000000,11429.000000,51820.000000
22248.000000,8938.000000,11369.000000,51768.000000
22203.000000,8895.000000,11285.000000,51742.000000
22115.000000,8805.000000,11106.000000,51647.000000
21936.000000,8786.000000,11106.000000,51651.000000
21934.000000,8715.000000,11031.000000,51587.000000
21899.000000,8665.000000,10955.000000,51591.000000
21799.000000,8607.000000,10893.000000,51532.000000
21727.000000,8588.000000,10819.000000,51469.000000
21701.000000,8514.000000,10721.000000,51429.000000
21542.000000,8393.000000,10556.000000,51358.000000
21551.000000,8387.000000,10546.000000,51386.000000
21495.000000,8355.000000,10444.000000,51327.000000
21379.000000,8284.000000,10389.000000,51273.000000
21347.000000,8198.000000,10296.000000,51207.000000
21291.000000,8179.000000,10243.000000,51166.000000
21186.000000,8086.000000,10121.000000,51106.000000
21138.000000,8092.000000,10079.000000,51097.000000
21094.000000,8019.000000,10009.000000,51076.000000
20980.000000,7934.000000,9967.000000,51027.000000
20998.000000,7935.000000,9921.000000,50996.000000
20918.000000,7876.000000,9833.000000,50973.000000
20902.000000,7800.000000,9716.000000,50882.000000
20903.000000,7817.000000,9680.000000,50897.000000
20951.000000,7764.000000,9664.000000,50852.000000
21024.000000,7692.000000,9568.000000,50796.000000
21060.000000,7660.000000,9541.000000,50801.000000
21160.000000,7593.000000,9488.000000,50771.000000
21218.000000,7596.000000,9462.000000,50759.000000
21266.000000,7581.000000,9470.000000,50787.000000
21402.000000,7675.000000,9556.000000,50794.000000
21508.000000,7751.000000,9673.000000,50856.000000
21590.000000,7776.000000,9734.000000,50895.000000
21770.000000,7852.000000,9891.000000,50999.000000
21909.000000,7926.000000,10016.000000,51106.000000
22116.000000,7948.000000,10100.000000,51161.000000
22240.000000,8059.000000,10260.000000,51209.000000
22380.000000,8146.000000,10395.000000,51288.000000
22341.000000,8251.000000,10581.000000,51393.000000
22298.000000,8325.000000,10760.000000,51501.000000
22259.000000,8472.000000,10986.000000,51608.000000
22227.000000,8680.000000,11184.000000,51776.000000
22187.000000,8760.000000,11353.000000,51832.000000
22145.000000,8854.000000,11468.000000,51873.000000
22114.000000,8830.000000,11453.000000,51866.000000
22063.000000,8827.000000,11452.000000,51861.000000
22019.000000,8800.000000,11381.000000,51808.000000
21969.000000,8745.000000,11349.000000,51808.000000
21949.000000,8747.000000,11254.000000,51788.000000
21948.000000,8710.000000,11259.000000,51773.000000
21936.000000,8692.000000,11190.000000,51700.000000
21854.000000,8660.000000,11126.000000,51691.000000
21761.000000,8583.000000,11094.000000,51649.000000
21716.000000,8559.000000,11061.000000,51642.000000
21612.000000,8591.000000,11014.000000,51616.000000
21502.000000,8564.000000,10999.000000,51620.000000
21507.000000,8502.000000,10932.000000,51607.000000
21486.000000,8500.000000,10885.000000,51578.000000
21455.000000,8439.000000,10826.000000,51521.000000
21446.000000,8359.000000,10737.000000,51458.000000
21443.000000,8263.000000,10654.000000,51419.000000
21417.000000,8209.000000,10509.000000,51349.000000
21360.000000,8207.000000,10495.000000,51333.000000
21294.000000,8156.000000,10468.000000,51360.000000
21246.000000,8158.000000,10467.000000,51300.000000
21203.000000,8183.000000,10421.000000,51344.000000
21123.000000,8118.000000,10388.000000,51284.000000
21130.000000,8141.000000,10381.000000,51293.000000
21043.000000,8125.000000,10363.000000,51251.000000
20954.000000,8052.000000,10307.000000,51224.000000
20944.000000,8060.000000,10267.000000,51203.000000
20919.000000,8030.000000,10176.000000,51171.000000
21022.000000,7999.000000,10177.000000,51166.000000
21062.000000,7979.000000,10145.000000,51114.000000
21136.000000,7904.000000,10065.000000,51097.000000
21204.000000,7839.000000,9949.000000,51033.000000
21390.000000,7823.000000,9946.000000,51050.000000
21460.000000,7835.000000,9990.000000,51053.000000
21538.000000,7882.000000,10102.000000,51157.000000
21681.000000,7951.000000,10137.000000,51175.000000
21780.000000,7980.000000,10287.000000,51249.000000
21916.000000,8068.000000,10415.000000,51277.000000
22101.000000,8142.000000,10577.000000,51441.000000
22247.000000,8250.000000,10718.000000,51514.000000
22390.000000,8307.000000,10833.000000,51563.000000
22467.000000,8445.000000,11005.000000,51633.000000
22464.000000,8556.000000,11152.000000,51727.000000
22437.000000,8650.000000,11318.000000,51826.000000
22371.000000,8796.000000,11551.000000,51955.000000
22298.000000,8905.000000,11725.000000,52051.000000
22274.000000,9088.000000,11921.000000,52122.000000
22190.000000,9147.000000,12006.000000,52166.000000
22193.000000,9154.000000,12017.000000,52157.000000
22134.000000,9102.000000,11953.000000,52138.000000
22005.000000,9072.000000,11888.000000,52114.000000
22058.000000,9011.000000,11836.000000,52081.000000
21992.000000,8950.000000,11751.000000,52044.000000
21981.000000,8939.000000,11695.000000,52013.000000
21978.000000,8903.000000,11658.000000,51980.000000
21913.000000,8876.000000,11595.000000,51945.000000
21874.000000,8818.000000,11516.000000,51898.000000
21862.000000,8777.000000,11473.000000,51892.000000
21790.000000,8796.000000,11414.000000,51839.000000
21694.000000,8745.000000,11419.000000,51853.000000
21633.000000,8694.000000,11354.000000,51837.000000
21566.000000,8738.000000,11370.000000,51838.000000
21526.000000,8717.000000,11277.000000,51783.000000
21469.000000,8631.000000,11226.000000,51775.000000
21432.000000,8596.000000,11161.000000,51735.000000
21355.000000,8511.000000,11096.000000,51675.000000
21346.000000,8473.000000,11024.000000,51619.000000
21316.000000,8427.000000,10966.000000,51591.000000
21267.000000,8402.000000,10873.000000,51577.000000
21252.000000,8340.000000,10825.000000,51547.000000
21197.000000,8265.000000,10764.000000,51494.000000
21164.000000,8304.000000,10727.000000,51436.000000
21143.000000,8226.000000,10686.000000,51423.000000
21068.000000,8225.000000,10646.000000,51405.000000
21047.000000,8222.000000,10633.000000,51415.000000
21054.000000,8189.000000,10604.000000,51381.000000
21048.000000,8176.000000,10578.000000,51395.000000
21109.000000,8147.000000,10521.000000,51348.000000
21174.000000,8092.000000,10498.000000,51317.000000
21244.000000,8102.000000,10445.000000,51358.000000
21330.000000,8055.000000,10417.000000,51318.000000
21449.000000,8038.000000,10419.000000,51318.000000
21485.000000,8072.000000,10453.000000,51339.000000
21662.000000,8109.000000,10504.000000,51374.000000
21748.000000,8215.000000,10655.000000,51429.000000
21849.000000,8246.000000,10722.000000,51492.000000
21927.000000,8307.000000,10843.000000,51559.000000
22081.000000,8394.000000,10989.000000,51636.000000
22223.000000,8464.000000,11069.000000,51687.000000
22386.000000,8557.000000,11243.000000,51786.000000
22508.000000,8669.000000,11399.000000,51882.000000
22537.000000,8743.000000,11512.000000,51965.000000
22497.000000,8841.000000,11645.000000,52020.000000
22397.000000,8950.000000,11844.000000,52123.000000
22389.000000,9081.000000,12055.000000,52221.000000
22330.000000,9177.000000,12211.000000,52294.000000
22283.000000,9325.000000,12353.000000,52376.000000
22244.000000,9321.000000,12362.000000,52343.000000
22202.000000,9307.000000,12335.000000,52362.000000
22138.000000,9237.000000,12244.000000,52317.000000
22090.000000,9198.000000,12185.000000,52291.000000
22076.000000,9180.000000,12149.000000,52227.000000
22050.000000,9140.000000,12090.000000,52230.000000
22016.000000,9105.000000,12013.000000,52189.000000
21948.000000,9026.000000,11949.000000,52138.000000
21949.000000,9011.000000,11906.000000,52130.000000
21857.000000,8966.000000,11875.000000,52092.000000
21759.000000,8997.000000,11824.000000,52095.000000
21780.000000,8938.000000,11794.000000,52051.000000
21749.000000,8925.000000,11798.000000,52101.000000
21685.000000,8882.000000,11675.000000,51996.000000
21661.000000,8852.000000,11623.000000,51982.000000
21614.000000,8791.000000,11582.000000,51966.000000
21585.000000,8730.000000,11455.000000,51900.000000
21554.000000,8661.000000,11442.000000,51860.000000
21509.000000,8669.000000,11400.000000,51866.000000
21483.000000,8661.000000,11339.000000,51800.000000
21431.000000,8612.000000,11272.000000,51782.000000
21389.000000,8593.000000,11265.000000,51773.000000
21367.000000,8560.000000,11194.000000,51736.000000
21329.000000,8526.000000,11161.000000,51762.000000
21285.000000,8467.000000,11121.000000,51713.000000
21264.000000,8482.000000,11097.000000,51692.000000
21148.000000,8448.000000,11046.000000,51673.000000
21120.000000,8430.000000,11013.000000,51640.000000
21077.000000,8370.000000,11024.000000,51646.000000
21051.000000,8373.000000,10979.000000,51619.000000
21096.000000,8345.000000,10918.000000,51612.000000
21142.000000,8310.000000,10841.000000,51594.000000
21213.000000,8241.000000,10782.000000,51511.000000
21409.000000,8211.000000,10770.000000,51504.000000
21417.000000,8228.000000,10728.000000,51497.000000
21540.000000,8184.000000,10721.000000,51491.000000
21646.000000,8213.000000,10773.000000,51498.000000
21757.000000,8274.000000,10856.000000,51547.000000
21843.000000,8342.000000,10916.000000,51622.000000
21934.000000,8462.000000,11196.000000,51778.000000
22044.000000,8516.000000,11254.000000,51773.000000
22315.000000,8593.000000,11421.000000,51898.000000
22471.000000,8663.000000,11520.000000,51980.000000
22557.000000,8745.000000,11648.000000,52076.000000
22577.000000,8839.000000,11769.000000,52091.000000
22445.000000,8941.000000,11904.000000,52197.000000
22457.000000,9032.000000,12055.000000,52276.000000
22368.000000,9229.000000,12342.000000,52403.000000
22388.000000,9382.000000,12565.000000,52478.000000
22320.000000,9501.000000,12742.000000,52553.000000
22282.000000,9490.000000,12701.000000,52558.000000
22221.000000,9420.000000,12615.000000,52507.000000
22146.000000,9401.000000,12595.000000,52477.000000
22111.000000,9347.000000,12459.000000,52439.000000
22078.000000,9348.000000,12454.000000,52442.000000
22026.000000,9281.000000,12412.000000,52387.000000
21946.000000,9271.000000,12366.000000,52380.000000
21898.000000,9194.000000,12264.000000,52341.000000
21853.000000,9123.000000,12172.000000,52252.000000
21849.000000,9129.000000,12134.000000,52245.000000
21762.000000,9099.000000,12067.000000,52230.000000
21709.000000,9022.000000,11988.000000,52191.000000
21652.000000,8992.000000,11924.000000,52132.000000
21587.000000,8920.000000,11883.000000,52144.000000
21540.000000,8915.000000,11818.000000,52090.000000
21507.000000,8889.000000,11782.000000,52050.000000
21406.000000,8809.000000,11682.000000,52032.000000
21407.000000,8815.000000,11656.000000,52000.000000
21346.000000,8753.000000,11554.000000,51970.000000
21268.000000,8704.000000,11501.000000,51904.000000
21222.000000,8668.000000,11421.000000,51895.000000
21175.000000,8613.000000,11388.000000,51852.000000
21183.000000,8553.000000,11275.000000,51850.000000
21146.000000,8539.000000,11261.000000,51790.000000
21103.000000,8488.000000,11237.000000,51728.000000
21085.000000,8465.000000,11157.000000,51740.000000
21025.000000,8385.000000,11103.000000,51707.000000
20931.000000,8369.000000,11072.000000,51683.000000
20904.000000,8375.000000,11076.000000,51678.000000
20901.000000,8356.000000,11021.000000,51654.000000
20941.000000,8347.000000,10993.000000,51647.000000
20989.000000,8305.000000,10975.000000,51629.000000
21109.000000,8231.000000,10886.000000,51617.000000
21174.000000,8180.000000,10815.000000,51538.000000
21231.000000,8216.000000,10793.000000,51530.000000
21311.000000,8167.000000,10798.000000,51538.000000
21430.000000,8235.000000,10878.000000,51609.000000
21522.000000,8258.000000,10989.000000,51691.000000
21637.000000,8349.000000,11112.000000,51740.000000
21777.000000,8433.000000,11221.000000,51765.000000
21892.000000,8453.000000,11308.000000,51824.000000
22034.000000,8523.000000,11413.000000,51911.000000
22288.000000,8617.000000,11557.000000,51979.000000
22411.000000,8683.000000,11662.000000,52066.000000
22497.000000,8753.000000,11783.000000,52136.000000
22496.000000,8878.000000,12000.000000,52226.000000
22412.000000,8993.000000,12144.000000,52339.000000
22359.000000,9183.000000,12336.000000,52439.000000
22278.000000,9345.000000,12618.000000,52568.000000
22251.000000,9454.000000,12784.000000,52621.000000
22185.000000,9518.000000,12871.000000,52654.000000
22127.000000,9503.000000,12863.000000,52653.000000
22084.000000,9486.000000,12790.000000,52623.000000
22064.000000,9457.000000,12717.000000,52590.000000
21979.000000,9372.000000,12637.000000,52538.000000
21952.000000,9377.000000,12587.000000,52491.000000
21880.000000,9294.000000,12494.000000,52493.000000
21824.000000,9244.000000,12437.000000,52428.000000
21771.000000,9195.000000,12366.000000,52377.000000
21764.000000,9180.000000,12328.000000,52392.000000
21715.000000,9086.000000,12261.000000,52342.000000
21680.000000,9070.000000,12198.000000,52330.000000
21617.000000,9021.000000,12116.000000,52288.000000
21598.000000,8973.000000,12101.000000,52256.000000
21563.000000,8923.000000,11958.000000,52194.000000
21510.000000,8925.000000,11952.000000,52186.000000
21453.000000,8895.000000,11924.000000,52200.000000
21394.000000,8845.000000,11887.000000,52129.000000
21342.000000,8788.000000,11778.000000,52090.000000
21291.000000,8797.000000,11779.000000,52084.000000
21226.000000,8779.000000,11711.000000,52064.000000
21230.000000,8753.000000,11662.000000,52040.000000
21187.000000,8708.000000,11604.000000,52007.000000
21170.000000,8619.000000,11534.000000,51981.000000
21175.000000,8554.000000,11490.000000,51920.000000
21127.000000,8572.000000,11429.000000,51933.000000
21063.000000,8540.000000,11400.000000,51893.000000
21050.000000,8546.000000,11396.000000,51876.000000
21018.000000,8541.000000,11399.000000,51873.000000
21127.000000,8512.000000,11344.000000,51893.000000
21113.000000,8483.000000,11343.000000,51867.000000
21247.000000,8462.000000,11270.000000,51841.000000
21243.000000,8406.000000,11253.000000,51817.000000
21343.000000,8402.000000,11202.000000,51792.000000
21409.000000,8368.000000,11195.000000,51812.000000
21588.000000,8445.000000,11335.000000,51904.000000
21635.000000,8473.000000,11383.000000,51900.000000
21811.000000,8545.000000,11512.000000,51997.000000
21952.000000,8573.000000,11561.000000,52000.000000
22172.000000,8627.000000,11643.000000,52077.000000
22428.000000,8699.000000,11770.000000,52145.000000
22519.000000,8821.000000,11943.000000,52200.000000
22491.000000,8875.000000,12074.000000,52293.000000
22496.000000,9021.000000,12296.000000,52412.000000
22487.000000,9140.000000,12493.000000,52523.000000
22415.000000,9323.000000,12754.000000,52667.000000
22383.000000,9598.000000,13136.000000,52821.000000
22343.000000,9650.000000,13187.000000,52859.000000
22258.000000,9625.000000,13125.000000,52832.000000
22238.000000,9633.000000,13113.000000,52813.000000
22206.000000,9580.000000,13094.000000,52806.000000
22146.000000,9591.000000,13034.000000,52744.000000
22113.000000,9518.000000,12999.000000,52745.000000
22073.000000,9527.000000,12900.000000,52717.000000
22067.000000,9418.000000,12804.000000,52642.000000
22007.000000,9414.000000,12764.000000,52664.000000
21945.000000,9413.000000,12781.000000,52657.000000
21952.000000,9384.000000,12731.000000,52625.000000
21848.000000,9310.000000,12680.000000,52581.000000
21820.000000,9320.000000,12654.000000,52578.000000
21796.000000,9274.000000,12588.000000,52564.000000
21767.000000,9270.000000,12511.000000,52529.000000
21748.000000,9152.000000,12435.000000,52454.000000
21682.000000,9150.000000,12371.000000,52455.000000
21611.000000,9077.000000,12361.000000,52397.000000
21587.000000,9062.000000,12301.000000,52377.000000
21563.000000,9040.000000,12228.000000,52344.000000
21515.000000,8996.000000,12234.000000,52360.000000
21502.000000,8969.000000,12190.000000,52334.000000
21477.000000,8963.000000,12108.000000,52303.000000
21442.000000,8916.000000,12037.000000,52269.000000
21409.000000,8929.000000,12012.000000,52253.000000
21368.000000,8903.000000,12004.000000,52251.000000
21307.000000,8877.000000,11947.000000,52227.000000
21277.000000,8815.000000,11909.000000,52167.000000
21180.000000,8794.000000,11811.000000,52148.000000
21136.000000,8808.000000,11815.000000,52142.000000
21145.000000,8768.000000,11818.000000,52145.000000
21122.000000,8775.000000,11761.000000,52121.000000
21157.000000,8730.000000,11755.000000,52093.000000
21273.000000,8659.000000,11664.000000,52063.000000
21332.000000,8643.000000,11618.000000,52065.000000
21436.000000,8566.000000,11532.000000,52017.000000
21470.000000,8582.000000,11567.000000,52018.000000
21565.000000,8589.000000,11586.000000,52033.000000
21636.000000,8624.000000,11598.000000,52080.000000
21735.000000,8659.000000,11694.000000,52120.000000
21827.000000,8708.000000,11809.000000,52139.000000
21979.000000,8774.000000,11897.000000,52235.000000
22136.000000,8817.000000,11986.000000,52284.000000
22309.000000,8897.000000,12057.000000,52333.000000
22494.000000,8981.000000,12219.000000,52395.000000
22609.000000,9053.000000,12365.000000,52466.000000
22697.000000,9148.000000,12494.000000,52550.000000
22658.000000,9266.000000,12657.000000,52650.000000
22633.000000,9396.000000,12870.000000,52792.000000
22608.000000,9556.000000,13110.000000,52893.000000
22573.000000,9700.000000,13361.000000,52974.000000
22519.000000,9839.000000,13562.000000,53053.000000
22448.000000,9884.000000,13611.000000,53087.000000
22400.000000,9864.000000,13557.000000,53093.000000
22407.000000,9868.000000,13533.000000,53038.000000
22337.000000,9804.000000,13479.000000,52985.000000
22285.000000,9772.000000,13391.000000,52965.000000
22261.000000,9742.000000,13357.000000,52954.000000
22166.000000,9666.000000,13298.000000,52912.000000
22124.000000,9652.000000,13231.000000,52898.000000
22078.000000,9619.000000,13150.000000,52879.000000
22051.000000,9556.000000,13111.000000,52830.000000
21974.000000,9553.000000,13029.000000,52802.000000
21924.000000,9494.000000,12965.000000,52764.000000
21895.000000,9457.000000,12919.000000,52717.000000
21849.000000,9453.000000,12799.000000,52706.000000
21812.000000,9404.000000,12798.000000,52671.000000
21684.000000,9342.000000,12723.000000,52651.000000
21649.000000,9310.000000,12682.000000,52604.000000
21662.000000,9265.000000,12601.000000,52560.000000
21535.000000,9233.000000,12568.000000,52571.000000
21514.000000,9207.000000,12560.000000,52549.000000
21504.000000,9137.000000,12447.000000,52483.000000
21488.000000,9033.000000,12348.000000,52452.000000
21428.000000,9033.000000,12311.000000,52443.000000
21394.000000,9033.000000,12291.000000,52380.000000
21370.000000,8968.000000,12172.000000,52347.000000
21338.000000,8943.000000,12168.000000,52344.000000
21284.000000,8913.000000,12127.000000,52321.000000
21260.000000,8879.000000,12128.000000,52318.000000
21229.000000,8863.000000,12057.000000,52284.000000
21130.000000,8855.000000,12008.000000,52264.000000
21126.000000,8822.000000,11998.000000,52270.000000
21129.000000,8790.000000,11924.000000,52210.000000
21187.000000,8776.000000,11911.000000,52223.000000
21227.000000,8748.000000,11853.000000,52153.000000
21287.000000,8721.000000,11783.000000,52156.000000
21407.000000,8684.000000,11753.000000,52139.000000
21451.000000,8646.000000,11752.000000,52153.000000
21631.000000,8670.000000,11730.000000,52117.000000
21713.000000,8678.000000,11825.000000,52180.000000
21824.000000,8707.000000,11832.000000,52188.000000
21966.000000,8784.000000,11969.000000,52274.000000
22210.000000,8848.000000,12114.000000,52349.000000
22626.000000,8914.000000,12232.000000,52423.000000
22675.000000,9029.000000,12395.000000,52488.000000
22675.000000,9122.000000,12545.000000,52580.000000
22680.000000,9203.000000,12691.000000,52671.000000
22624.000000,9347.000000,12859.000000,52775.000000
22620.000000,9538.000000,13154.000000,52898.000000
22603.000000,9932.000000,13706.000000,53146.000000
22582.000000,9959.000000,13760.000000,53128.000000
22555.000000,10011.000000,13817.000000,53181.000000
22515.000000,9961.000000,13790.000000,53152.000000
22472.000000,9947.000000,13741.000000,53141.000000
22414.000000,9934.000000,13721.000000,53136.000000
22295.000000,9920.000000,13682.000000,53095.000000
22338.000000,9884.000000,13583.000000,53080.000000
22232.000000,9892.000000,13560.000000,53049.000000
22177.000000,9825.000000,13565.000000,53070.000000
22122.000000,9808.000000,13490.000000,53037.000000
22117.000000,9740.000000,13425.000000,52984.000000
22074.000000,9645.000000,13282.000000,52923.000000
21969.000000,9660.000000,13253.000000,52908.000000
21931.000000,9616.000000,13216.000000,52861.000000
21888.000000,9593.000000,13158.000000,52867.000000
21864.000000,9520.000000,13042.000000,52822.000000
21801.000000,9481.000000,13012.000000,52770.000000
21768.000000,9461.000000,12958.000000,52747.000000
21659.000000,9409.000000,12901.000000,52708.000000
21594.000000,9371.000000,12808.000000,52681.000000
21555.000000,9355.000000,12779.000000,52658.000000
21548.000000,9288.000000,12695.000000,52631.000000
21501.000000,9234.000000,12662.000000,52615.000000
21448.000000,9208.000000,12560.000000,52563.000000
21392.000000,9147.000000,12467.000000,52485.000000
21284.000000,9069.000000,12385.000000,52466.000000
21259.000000,9049.000000,12339.000000,52477.000000
21221.000000,8994.000000,12292.000000,52438.000000
21230.000000,8960.000000,12220.000000,52377.000000
21251.000000,8957.000000,12199.000000,52376.000000
21296.000000,8919.000000,12143.000000,52343.000000
21369.000000,8839.000000,12013.000000,52290.000000
21433.000000,8800.000000,11989.000000,52312.000000
21514.000000,8782.000000,11947.000000,52265.000000
21565.000000,8772.000000,11950.000000,52262.000000
21638.000000,8792.000000,12023.000000,52311.000000
21734.000000,8830.000000,12055.000000,52321.000000
21797.000000,8890.000000,12211.000000,52384.000000
22088.000000,8936.000000,12266.000000,52437.000000
22174.000000,9000.000000,12355.000000,52504.000000
22586.000000,9032.000000,12431.000000,52535.000000
22625.000000,9070.000000,12530.000000,52573.000000
22652.000000,9199.000000,12678.000000,52652.000000
22642.000000,9266.000000,12777.000000,52723.000000
22627.000000,9518.000000,13143.000000,52904.000000
22597.000000,9565.000000,13288.000000,52958.000000
22573.000000,9947.000000,13792.000000,53167.000000
22569.000000,9970.000000,13848.000000,53196.000000
22525.000000,9998.000000,13841.000000,53200.000000
22486.000000,10022.000000,13867.000000,53208.000000
22436.000000,9970.000000,13805.000000,53209.000000
22382.000000,9971.000000,13771.000000,53169.000000
22323.000000,9923.000000,13721.000000,53185.000000
22286.000000,9915.000000,13676.000000,53122.000000
22247.000000,9902.000000,13628.000000,53121.000000
22201.000000,9859.000000,13628.000000,53099.000000
22151.000000,9829.000000,13527.000000,53052.000000
22091.000000,9766.000000,13462.000000,53045.000000
22061.000000,9721.000000,13422.000000,53000.000000
22040.000000,9678.000000,13364.000000,52982.000000
21941.000000,9666.000000,13276.000000,52930.000000
21904.000000,9617.000000,13248.000000,52900.000000
21861.000000,9587.000000,13197.000000,52862.000000
21764.000000,9541.000000,13123.000000,52864.000000
21783.000000,9520.000000,13061.000000,52839.000000
21753.000000,9499.000000,13032.000000,52838.000000
21723.000000,9427.000000,12908.000000,52782.000000
21689.000000,9410.000000,12843.000000,52761.000000
21637.000000,9346.000000,12820.000000,52694.000000
21611.000000,9297.000000,12668.000000,52640.000000
21556.000000,9241.000000,12628.000000,52619.000000
21540.000000,9247.000000,12664.000000,52603.000000
21481.000000,9196.000000,12607.000000,52602.000000
21446.000000,9187.000000,12583.000000,52598.000000
21428.000000,9135.000000,12511.000000,52581.000000
21365.000000,9093.000000,12447.000000,52540.000000
21340.000000,9078.000000,12377.000000,52520.000000
21262.000000,9041.000000,12364.000000,52482.000000
21235.000000,9005.000000,12336.000000,52489.000000
21220.000000,8952.000000,12257.000000,52428.000000
21224.000000,8959.000000,12242.000000,52422.000000
21263.000000,8918.000000,12179.000000,52412.000000
21328.000000,8876.000000,12181.000000,52400.000000
21365.000000,8824.000000,12069.000000,52338.000000
21413.000000,8827.000000,12083.000000,52328.000000
21499.000000,8816.000000,12043.000000,52339.000000
21638.000000,8835.000000,12038.000000,52326.000000
21716.000000,8826.000000,12061.000000,52353.000000
21822.000000,8887.000000,12175.000000,52415.000000
21919.000000,8908.000000,12250.000000,52450.000000
22059.000000,8983.000000,12348.000000,52505.000000
22193.000000,9043.000000,12449.000000,52565.000000
22439.000000,9125.000000,12556.000000,52662.000000
22673.000000,9200.000000,12667.000000,52705.000000
22809.000000,9329.000000,12835.000000,52767.000000
22760.000000,9393.000000,12965.000000,52862.000000
22750.000000,9477.000000,13172.000000,52959.000000
22693.000000,9573.000000,13329.000000,53056.000000
22656.000000,9806.000000,13629.000000,53175.000000
22638.000000,10032.000000,13921.000000,53321.000000
22613.000000,10155.000000,14086.000000,53412.000000
22555.000000,10167.000000,14085.000000,53385.000000
22519.000000,10154.000000,14061.000000,53367.000000
22548.000000,10090.000000,13965.000000,53315.000000
22464.000000,10066.000000,13919.000000,53305.000000
22457.000000,10052.000000,13902.000000,53264.000000
22427.000000,10028.000000,13882.000000,53256.000000
22366.000000,10008.000000,13819.000000,53251.000000
22292.000000,9957.000000,13720.000000,53199.000000
22232.000000,9929.000000,13722.000000,53190.000000
22196.000000,9897.000000,13635.000000,53146.000000
22130.000000,9862.000000,13596.000000,53127.000000
22045.000000,9849.000000,13535.000000,53127.000000
22050.000000,9773.000000,13486.000000,53082.000000
21956.000000,9743.000000,13419.000000,53033.000000
21900.000000,9673.000000,13365.000000,53032.000000
21762.000000,9666.000000,13305.000000,53006.000000
21731.000000,9606.000000,13186.000000,52940.000000
21675.000000,9554.000000,13135.000000,52933.000000
21667.000000,9546.000000,13058.000000,52850.000000
21555.000000,9454.000000,12952.000000,52814.000000
21524.000000,9437.000000,12904.000000,52773.000000
21536.000000,9321.000000,12791.000000,52696.000000
21516.000000,9315.000000,12748.000000,52706.000000
21471.000000,9243.000000,12701.000000,52675.000000
21380.000000,9212.000000,12657.000000,52641.000000
21344.000000,9150.000000,12560.000000,52589.000000
21244.000000,9136.000000,12566.000000,52586.000000
21194.000000,9135.000000,12501.000000,52588.000000
21167.000000,9124.000000,12497.000000,52570.000000
21170.000000,9063.000000,12428.000000,52494.000000
21235.000000,9032.000000,12368.000000,52480.000000
21298.000000,8969.000000,12295.000000,52449.000000
21351.000000,8889.000000,12209.000000,52434.000000
21392.000000,8858.000000,12188.000000,52397.000000
21488.000000,8864.000000,12151.000000,52394.000000
21580.000000,8879.000000,12204.000000,52432.000000
21709.000000,8858.000000,12259.000000,52455.000000
21735.000000,8948.000000,12298.000000,52495.000000
21815.000000,9021.000000,12412.000000,52573.000000
21916.000000,9029.000000,12505.000000,52638.000000
22137.000000,9102.000000,12653.000000,52712.000000
22357.000000,9195.000000,12715.000000,52760.000000
22558.000000,9216.000000,12863.000000,52842.000000
22682.000000,9322.000000,12953.000000,52851.000000
22635.000000,9411.000000,13076.000000,52912.000000
22629.000000,9486.000000,13216.000000,52974.000000
22618.000000,9663.000000,13450.000000,53128.000000
22605.000000,9822.000000,13721.000000,53243.000000
22565.000000,10019.000000,13996.000000,53391.000000
22523.000000,10148.000000,14132.000000,53451.000000
22461.000000,10110.000000,14084.000000,53375.000000
22446.000000,10085.000000,14089.000000,53375.000000
22386.000000,10071.000000,14044.000000,53394.000000
22271.000000,10097.000000,14018.000000,53356.000000
22245.000000,10028.000000,13970.000000,53350.000000
22169.000000,10006.000000,13924.000000,53314.000000
22149.000000,9971.000000,13858.000000,53272.000000
22080.000000,9938.000000,13790.000000,53242.000000
22005.000000,9949.000000,13729.000000,53218.000000
21964.000000,9792.000000,13599.000000,53157.000000
21811.000000,9825.000000,13568.000000,53137.000000
21802.000000,9734.000000,13521.000000,53152.000000
21754.000000,9691.000000,13442.000000,53080.000000
21760.000000,9638.000000,13375.000000,53051.000000
21734.000000,9602.000000,13263.000000,52985.000000
21660.000000,9587.000000,13227.000000,52940.000000
21618.000000,9454.000000,13077.000000,52899.000000
21569.000000,9460.000000,13028.000000,52873.000000
21484.000000,9432.000000,13018.000000,52859.000000
21430.000000,9434.000000,13006.000000,52836.000000
21396.000000,9381.000000,12942.000000,52850.000000
21357.000000,9343.000000,12849.000000,52763.000000
21351.000000,9247.000000,12792.000000,52745.000000
21270.000000,9246.000000,12760.000000,52716.000000
21229.000000,9188.000000,12699.000000,52695.000000
21178.000000,9123.000000,12622.000000,52642.000000
21123.000000,9094.000000,12585.000000,52615.000000
21102.000000,9081.000000,12547.000000,52613.000000
21058.000000,9057.000000,12486.000000,52594.000000
21142.000000,9019.000000,12470.000000,52564.000000
21145.000000,8968.000000,12396.000000,52530.000000
21193.000000,8948.000000,12338.000000,52499.000000
21267.000000,8888.000000,12243.000000,52457.000000
21370.000000,8904.000000,12253.000000,52460.000000
21528.000000,8845.000000,12242.000000,52470.000000
21598.000000,8900.000000,12366.000000,52509.000000
21662.000000,8922.000000,12330.000000,52566.000000
21793.000000,8973.000000,12432.000000,52580.000000
21934.000000,9051.000000,12567.000000,52642.000000
22396.000000,9112.000000,12658.000000,52691.000000
22455.000000,9252.000000,12933.000000,52873.000000
22596.000000,9328.000000,13002.000000,52893.000000
22567.000000,9392.000000,13126.000000,52995.000000
22551.000000,9460.000000,13236.000000,53045.000000
22515.000000,9593.000000,13473.000000,53143.000000
22435.000000,10026.000000,14007.000000,53431.000000
22433.000000,10047.000000,14112.000000,53457.000000
22318.000000,10191.000000,14283.000000,53529.000000
22301.000000,10179.000000,14241.000000,53502.000000
22285.000000,10170.000000,14229.000000,53493.000000
22210.000000,10113.000000,14185.000000,53490.000000
22123.000000,10065.000000,14093.000000,53436.000000
22083.000000,10068.000000,14057.000000,53400.000000
22084.000000,9995.000000,13927.000000,53343.000000
22023.000000,9961.000000,13908.000000,53332.000000
21983.000000,9937.000000,13883.000000,53303.000000
21938.000000,9872.000000,13829.000000,53292.000000
21907.000000,9819.000000,13654.000000,53225.000000
21859.000000,9805.000000,13667.000000,53189.000000
21796.000000,9762.000000,13629.000000,53192.000000
21741.000000,9730.000000,13565.000000,53156.000000
21655.000000,9698.000000,13506.000000,53131.000000
21626.000000,9647.000000,13479.000000,53093.000000
21597.000000,9615.000000,13417.000000,53049.000000
21556.000000,9608.000000,13334.000000,53062.000000
21506.000000,9550.000000,13268.000000,52992.000000
21481.000000,9497.000000,13193.000000,52948.000000
21444.000000,9410.000000,13076.000000,52909.000000
21406.000000,9398.000000,13056.000000,52933.000000
21361.000000,9393.000000,13029.000000,52925.000000
21308.000000,9355.000000,12985.000000,52852.000000
21316.000000,9321.000000,12953.000000,52820.000000
21218.000000,9281.000000,12873.000000,52811.000000
21209.000000,9241.000000,12799.000000,52779.000000
21184.000000,9189.000000,12760.000000,52763.000000
21124.000000,9176.000000,12757.000000,52742.000000
21030.000000,9162.000000,12715.000000,52748.000000
21055.000000,9189.000000,12701.000000,52709.000000
21074.000000,9072.000000,12655.000000,52719.000000
21102.000000,9070.000000,12616.000000,52666.000000
21145.000000,9052.000000,12570.000000,52661.000000
21205.000000,9007.000000,12495.000000,52604.000000
21272.000000,8976.000000,12419.000000,52575.000000
21338.000000,8952.000000,12414.000000,52594.000000
21429.000000,8956.000000,12441.000000,52600.000000
21508.000000,8984.000000,12499.000000,52625.000000
21573.000000,9044.000000,12579.000000,52674.000000
21646.000000,9083.000000,12691.000000,52737.000000
21805.000000,9152.000000,12766.000000,52784.000000
22073.000000,9197.000000,12862.000000,52840.000000
22171.000000,9289.000000,12995.000000,52935.000000
22346.000000,9370.000000,13076.000000,52943.000000
22407.000000,9410.000000,13169.000000,53032.000000
22400.000000,9510.000000,13259.000000,53073.000000
22281.000000,9609.000000,13467.000000,53153.000000
22255.000000,9856.000000,13875.000000,53379.000000
22239.000000,9954.000000,13905.000000,53401.000000
22162.000000,10144.000000,14173.000000,53504.000000
22096.000000,10203.000000,14240.000000,53498.000000
21988.000000,10143.000000,14246.000000,53498.000000
22000.000000,10102.000000,14119.000000,53449.000000
21985.000000,10083.000000,14087.000000,53441.000000
21921.000000,10024.000000,14006.000000,53408.000000
21915.000000,9975.000000,13957.000000,53337.000000
21859.000000,9946.000000,13898.000000,53329.000000
21777.000000,9857.000000,13807.000000,53310.000000
21753.000000,9828.000000,13750.000000,53259.000000
21739.000000,9820.000000,13758.000000,53270.000000
21687.000000,9804.000000,13695.000000,53223.000000
21647.000000,9784.000000,13618.000000,53213.000000
21580.000000,9753.000000,13602.000000,53179.000000
21443.000000,9693.000000,13435.000000,53098.000000
21422.000000,9680.000000,13445.000000,53125.000000
21324.000000,9677.000000,13441.000000,53060.000000
21244.000000,9603.000000,13358.000000,53074.000000
21194.000000,9575.000000,13271.000000,52988.000000
21164.000000,9560.000000,13209.000000,52994.000000
21023.000000,9423.000000,13079.000000,52939.000000
21015.000000,9447.000000,13061.000000,52902.000000
21040.000000,9414.000000,12985.000000,52870.000000
20969.000000,9356.000000,12866.000000,52806.000000
20911.000000,9272.000000,12802.000000,52776.000000
20793.000000,9270.000000,12768.000000,52725.000000
20723.000000,9151.000000,12656.000000,52703.000000
20764.000000,9187.000000,12640.000000,52647.000000
20736.000000,9163.000000,12619.000000,52646.000000
20880.000000,9104.000000,12592.000000,52652.000000
20959.000000,9093.000000,12513.000000,52608.000000
21033.000000,9026.000000,12492.000000,52609.000000
21133.000000,8986.000000,12393.000000,52507.000000
21250.000000,8949.000000,12403.000000,52534.000000
21319.000000,8985.000000,12449.000000,52612.000000
21441.000000,9063.000000,12582.000000,52664.000000
21559.000000,9100.000000,12686.000000,52735.000000
21669.000000,9223.000000,12817.000000,52794.000000
21842.000000,9300.000000,12960.000000,52867.000000
22129.000000,9364.000000,13081.000000,52939.000000
22275.000000,9434.000000,13232.000000,53028.000000
22302.000000,9497.000000,13299.000000,53086.000000
22292.000000,9603.000000,13463.000000,53184.000000
22193.000000,9713.000000,13644.000000,53296.000000
22182.000000,9887.000000,13870.000000,53343.000000
22101.000000,10112.000000,14197.000000,53515.000000
22074.000000,10272.000000,14394.000000,53609.000000
22041.000000,10283.000000,14447.000000,53625.000000
22028.000000,10252.000000,14412.000000,53583.000000
21947.000000,10209.000000,14297.000000,53561.000000
21948.000000,10161.000000,14261.000000,53553.000000
21878.000000,10105.000000,14188.000000,53497.000000
21823.000000,10086.000000,14177.000000,53494.000000
21796.000000,10085.000000,14117.000000,53454.000000
21758.000000,10046.000000,14056.000000,53454.000000
21698.000000,9993.000000,14000.000000,53401.000000
21661.000000,9958.000000,13909.000000,53383.000000
21584.000000,9904.000000,13871.000000,53346.000000
21552.000000,9847.000000,13791.000000,53259.000000
21524.000000,9848.000000,13749.000000,53257.000000
21478.000000,9774.000000,13657.000000,53211.000000
21443.000000,9706.000000,13592.000000,53226.000000
21414.000000,9716.000000,13550.000000,53178.000000
21352.000000,9638.000000,13490.000000,53111.000000
21329.000000,9628.000000,13440.000000,53115.000000
21264.000000,9584.000000,13377.000000,53061.000000
21213.000000,9552.000000,13323.000000,53026.000000
21153.000000,9523.000000,13288.000000,53024.000000
21158.000000,9498.000000,13240.000000,53027.000000
21155.000000,9433.000000,13163.000000,52977.000000
21135.000000,9408.000000,13138.000000,52932.000000
21102.000000,9413.000000,13098.000000,52884.000000
21052.000000,9361.000000,13036.000000,52914.000000
21009.000000,9375.000000,12967.000000,52883.000000
21030.000000,9315.000000,12974.000000,52858.000000
21001.000000,9331.000000,12944.000000,52836.000000
21001.000000,9305.000000,12891.000000,52832.000000
21012.000000,9289.000000,12887.000000,52834.000000
21096.000000,9238.000000,12855.000000,52806.000000
21124.000000,9185.000000,12814.000000,52799.000000
21262.000000,9198.000000,12777.000000,52755.000000
21314.000000,9173.000000,12747.000000,52755.000000
21408.000000,9171.000000,12728.000000,52760.000000
21531.000000,9181.000000,12801.000000,52823.000000
21622.000000,9271.000000,12907.000000,52841.000000
21713.000000,9281.000000,12983.000000,52906.000000
21800.000000,9406.000000,13120.000000,52986.000000
21918.000000,9451.000000,13256.000000,53049.000000
22170.000000,9500.000000,13337.000000,53120.000000
22390.000000,9599.000000,13481.000000,53204.000000
22528.000000,9618.000000,13558.000000,53228.000000
22501.000000,9745.000000,13758.000000,53318.000000
22553.000000,9834.000000,13886.000000,53406.000000
22535.000000,9934.000000,14012.000000,53492.000000
22482.000000,10157.000000,14304.000000,53614.000000
22443.000000,10331.000000,14604.000000,53764.000000
22420.000000,10489.000000,14830.000000,53833.000000
22424.000000,10475.000000,14795.000000,53829.000000
22413.000000,10473.000000,14782.000000,53805.000000
22378.000000,10456.000000,14790.000000,53809.000000
22332.000000,10440.000000,14711.000000,53754.000000
22287.000000,10401.000000,14646.000000,53746.000000
22246.000000,10403.000000,14656.000000,53781.000000
22071.000000,10414.000000,14657.000000,53745.000000
22054.000000,10354.000000,14577.000000,53722.000000
22032.000000,10373.000000,14552.000000,53701.000000
21953.000000,10343.000000,14509.000000,53687.000000
21906.000000,10269.000000,14426.000000,53618.000000
21877.000000,10223.000000,14392.000000,53584.000000
21828.000000,10101.000000,14185.000000,53534.000000
21777.000000,10087.000000,14173.000000,53541.000000
21757.000000,10030.000000,14119.000000,53504.000000
21740.000000,9975.000000,13973.000000,53422.000000
21675.000000,9922.000000,13928.000000,53418.000000
21652.000000,9916.000000,13875.000000,53363.000000
21655.000000,9883.000000,13855.000000,53369.000000
21602.000000,9842.000000,13819.000000,53309.000000
21566.000000,9799.000000,13759.000000,53314.000000
21546.000000,9761.000000,13739.000000,53300.000000
21551.000000,9735.000000,13638.000000,53265.000000
21524.000000,9723.000000,13615.000000,53240.000000
21524.000000,9722.000000,13564.000000,53222.000000
21512.000000,9671.000000,13567.000000,53231.000000
21433.000000,9642.000000,13508.000000,53196.000000
21398.000000,9629.000000,13491.000000,53157.000000
21345.000000,9614.000000,13460.000000,53137.000000
21315.000000,9631.000000,13460.000000,53140.000000
21287.000000,9582.000000,13397.000000,53154.000000
21314.000000,9576.000000,13350.000000,53125.000000
21320.000000,9547.000000,13343.000000,53113.000000
21360.000000,9495.000000,13294.000000,53088.000000
21433.000000,9456.000000,13219.000000,53056.000000
21442.000000,9445.000000,13222.000000,53045.000000
21552.000000,9440.000000,13147.000000,53011.000000
21608.000000,9453.000000,13185.000000,53017.000000
21680.000000,9460.000000,13242.000000,53012.000000
21881.000000,9496.000000,13273.000000,53078.000000
21897.000000,9529.000000,13355.000000,53144.000000
21912.000000,9601.000000,13422.000000,53188.000000
22015.000000,9596.000000,13474.000000,53220.000000
22210.000000,9651.000000,13580.000000,53295.000000
22366.000000,9724.000000,13664.000000,53336.000000
22562.000000,9871.000000,13920.000000,53468.000000
22649.000000,9882.000000,13985.000000,53495.000000
22675.000000,9955.000000,13980.000000,53511.000000
22655.000000,10018.000000,14180.000000,53559.000000
22629.000000,10162.000000,14349.000000,53675.000000
22596.000000,10332.000000,14593.000000,53789.000000
22597.000000,10527.000000,14841.000000,53862.000000
22594.000000,10634.000000,14964.000000,53913.000000
22542.000000,10608.000000,14954.000000,53931.000000
22513.000000,10555.000000,14933.000000,53916.000000
22476.000000,10543.000000,14904.000000,53906.000000
22396.000000,10548.000000,14882.000000,53880.000000
22380.000000,10532.000000,14866.000000,53868.000000
22294.000000,10512.000000,14819.000000,53855.000000
22275.000000,10475.000000,14774.000000,53823.000000
22230.000000,10436.000000,14752.000000,53827.000000
22169.000000,10437.000000,14721.000000,53808.000000
22140.000000,10416.000000,14649.000000,53765.000000
22100.000000,10355.000000,14541.000000,53726.000000
22018.000000,10325.000000,14493.000000,53700.000000
22008.000000,10255.000000,14467.000000,53666.000000
21971.000000,10214.000000,14342.000000,53646.000000
21891.000000,10162.000000,14269.000000,53606.000000
21867.000000,10161.000000,14226.000000,53605.000000
21826.000000,10088.000000,14165.000000,53544.000000
21783.000000,10065.000000,14119.000000,53498.000000
21757.000000,10024.000000,14055.000000,53501.000000
21729.000000,10001.000000,14019.000000,53445.000000
21665.000000,9958.000000,13936.000000,53452.000000
21641.000000,9903.000000,13859.000000,53417.000000
21584.000000,9875.000000,13822.000000,53360.000000
21578.000000,9859.000000,13789.000000,53364.000000
21571.000000,9815.000000,13762.000000,53364.000000
21558.000000,9777.000000,13708.000000,53296.000000
21457.000000,9784.000000,13633.000000,53287.000000
21445.000000,9723.000000,13615.000000,53276.000000
21434.000000,9711.000000,13569.000000,53252.000000
21439.000000,9705.000000,13509.000000,53213.000000
21433.000000,9655.000000,13486.000000,53172.000000
21474.000000,9642.000000,13444.000000,53163.000000
21516.000000,9597.000000,13399.000000,53156.000000
21584.000000,9557.000000,13332.000000,53159.000000
21635.000000,9542.000000,13312.000000,53091.000000
21709.000000,9522.000000,13267.000000,53137.000000
21758.000000,9579.000000,13362.000000,53152.000000
21892.000000,9585.000000,13382.000000,53166.000000
21928.000000,9605.000000,13441.000000,53227.000000
22035.000000,9724.000000,13604.000000,53278.000000
22187.000000,9713.000000,13630.000000,53330.000000
22398.000000,9782.000000,13693.000000,53327.000000
22585.000000,9829.000000,13814.000000,53441.000000
22756.000000,9975.000000,14009.000000,53511.000000
22726.000000,9956.000000,14078.000000,53557.000000
22740.000000,10060.000000,14174.000000,53590.000000
22701.000000,10169.000000,14325.000000,53660.000000
22709.000000,10351.000000,14627.000000,53818.000000
22660.000000,10573.000000,14894.000000,53937.000000
22663.000000,10706.000000,15099.000000,54026.000000
22616.000000,10697.000000,15095.000000,54009.000000
22602.000000,10693.000000,15081.000000,54007.000000
22581.000000,10700.000000,15064.000000,53990.000000
22596.000000,10684.000000,15077.000000,53992.000000
22552.000000,10684.000000,15025.000000,53980.000000
22494.000000,10665.000000,14992.000000,53967.000000
22481.000000,10620.000000,14930.000000,53909.000000
22366.000000,10615.000000,14955.000000,53935.000000
22365.000000,10608.000000,14905.000000,53933.000000
22307.000000,10580.000000,14876.000000,53908.000000
22141.000000,10548.000000,14837.000000,53874.000000
22162.000000,10500.000000,14776.000000,53872.000000
22127.000000,10500.000000,14707.000000,53787.000000
22087.000000,10434.000000,14648.000000,53797.000000
22014.000000,10384.000000,14574.000000,53739.000000
21987.000000,10365.000000,14522.000000,53742.000000
21902.000000,10260.000000,14344.000000,53622.000000
21870.000000,10251.000000,14302.000000,53603.000000
21775.000000,10206.000000,14318.000000,53610.000000
21738.000000,10165.000000,14264.000000,53597.000000
21746.000000,10162.000000,14168.000000,53548.000000
21669.000000,10082.000000,14097.000000,53518.000000
21636.000000,10025.000000,14019.000000,53452.000000
21556.000000,9998.000000,13911.000000,53444.000000
21474.000000,9917.000000,13849.000000,53364.000000
21420.000000,9905.000000,13834.000000,53372.000000
21417.000000,9924.000000,13802.000000,53364.000000
21324.000000,9827.000000,13707.000000,53341.000000
21240.000000,9823.000000,13678.000000,53307.000000
21192.000000,9788.000000,13613.000000,53256.000000
21189.000000,9778.000000,13588.000000,53221.000000
21146.000000,9704.000000,13531.000000,53190.000000
21086.000000,9623.000000,13489.000000,53188.000000
21096.000000,9590.000000,13462.000000,53161.000000
21112.000000,9546.000000,13350.000000,53094.000000
21167.000000,9543.000000,13322.000000,53095.000000
21202.000000,9513.000000,13307.000000,53080.000000
21307.000000,9448.000000,13191.000000,53044.000000
21361.000000,9400.000000,13160.000000,53045.000000
21446.000000,9397.000000,13200.000000,53047.000000
21501.000000,9466.000000,13262.000000,53068.000000
21586.000000,9444.000000,13307.000000,53106.000000
21711.000000,9508.000000,13376.000000,53142.000000
21783.000000,9569.000000,13485.000000,53227.000000
21879.000000,9631.000000,13586.000000,53198.000000
22079.000000,9659.000000,13653.000000,53280.000000
22358.000000,9714.000000,13747.000000,53381.000000
22489.000000,9780.000000,13859.000000,53479.000000
22506.000000,9843.000000,13975.000000,53502.000000
22493.000000,9960.000000,14095.000000,53568.000000
22511.000000,10063.000000,14278.000000,53632.000000
22462.000000,10199.000000,14506.000000,53765.000000
22493.000000,10485.000000,14889.000000,53886.000000
22461.000000,10575.000000,15041.000000,53976.000000
22411.000000,10608.000000,15056.000000,53962.000000
22375.000000,10581.000000,15039.000000,53967.000000
22304.000000,10605.000000,15021.000000,53965.000000
22202.000000,10564.000000,14999.000000,53968.000000
22160.000000,10569.000000,14938.000000,53932.000000
22131.000000,10543.000000,14927.000000,53943.000000
22071.000000,10498.000000,14879.000000,53896.000000
22009.000000,10492.000000,14839.000000,53889.000000
21896.000000,10419.000000,14746.000000,53845.000000
21860.000000,10313.000000,14589.000000,53784.000000
21799.000000,10323.000000,14584.000000,53764.000000
21709.000000,10318.000000,14522.000000,53751.000000
21659.000000,10249.000000,14429.000000,53711.000000
21632.000000,10174.000000,14327.000000,53642.000000
21599.000000,10105.000000,14198.000000,53589.000000
21538.000000,10052.000000,14216.000000,53556.000000
21506.000000,10021.000000,14109.000000,53540.000000
21445.000000,9972.000000,14016.000000,53467.000000
21401.000000,9950.000000,13973.000000,53473.000000
21364.000000,9863.000000,13901.000000,53446.000000
21355.000000,9806.000000,13812.000000,53380.000000
21334.000000,9784.000000,13785.000000,53377.000000
21351.000000,9735.000000,13707.000000,53321.000000
21261.000000,9679.000000,13645.000000,53266.000000
21240.000000,9669.000000,13576.000000,53266.000000
21216.000000,9646.000000,13578.000000,53229.000000
21123.000000,9602.000000,13529.000000,53219.000000
21094.000000,9619.000000,13482.000000,53213.000000
21106.000000,9617.000000,13508.000000,53174.000000
21073.000000,9561.000000,13456.000000,53150.000000
21088.000000,9539.000000,13418.000000,53160.000000
21153.000000,9555.000000,13365.000000,53133.000000
21180.000000,9439.000000,13225.000000,53075.000000
21246.000000,9431.000000,13242.000000,53080.000000
21345.000000,9436.000000,13230.000000,53030.000000
21454.000000,9422.000000,13229.000000,53061.000000
21490.000000,9426.000000,13256.000000,53086.000000
21604.000000,9457.000000,13310.000000,53158.000000
21657.000000,9472.000000,13412.000000,53154.000000
21765.000000,9542.000000,13463.000000,53214.000000
21900.000000,9605.000000,13601.000000,53308.000000
22092.000000,9653.000000,13709.000000,53359.000000
22275.000000,9717.000000,13768.000000,53426.000000
22448.000000,9792.000000,13939.000000,53487.000000
22496.000000,9848.000000,14026.000000,53546.000000
22521.000000,9947.000000,14167.000000,53601.000000
22472.000000,10053.000000,14298.000000,53695.000000
22507.000000,10169.000000,14560.000000,53799.000000
22456.000000,10363.000000,14800.000000,53901.000000
22410.000000,10558.000000,15048.000000,53999.000000
22408.000000,10606.000000,15119.000000,54024.000000
22367.000000,10612.000000,15124.000000,54050.000000
22312.000000,10553.000000,15093.000000,54038.000000
22302.000000,10592.000000,15028.000000,54036.000000
22223.000000,10579.000000,15072.000000,54006.000000
22212.000000,10550.000000,15002.000000,53969.000000
22219.000000,10488.000000,14955.000000,53967.000000
22167.000000,10472.000000,14886.000000,53906.000000
22080.000000,10451.000000,14839.000000,53914.000000
22047.000000,10408.000000,14781.000000,53869.000000
22022.000000,10353.000000,14677.000000,53818.000000
22032.000000,10351.000000,14661.000000,53820.000000
21955.000000,10327.000000,14649.000000,53788.000000
21947.000000,10304.000000,14602.000000,53765.000000
21929.000000,10234.000000,14492.000000,53730.000000
21887.000000,10221.000000,14467.000000,53740.000000
21828.000000,10205.000000,14472.000000,53722.000000
21796.000000,10199.000000,14383.000000,53707.000000
21733.000000,10129.000000,14299.000000,53664.000000
21741.000000,10105.000000,14271.000000,53616.000000
21672.000000,10136.000000,14289.000000,53651.000000
21658.000000,10064.000000,14239.000000,53612.000000
21611.000000,10031.000000,14193.000000,53611.000000
21579.000000,9989.000000,14111.000000,53541.000000
21590.000000,9968.000000,14056.000000,53545.000000
21522.000000,9932.000000,13998.000000,53513.000000
21517.000000,9893.000000,13922.000000,53488.000000
21446.000000,9864.000000,13907.000000,53468.000000
21395.000000,9865.000000,13869.000000,53451.000000
21409.000000,9791.000000,13861.000000,53432.000000
21414.000000,9806.000000,13808.000000,53430.000000
21520.000000,9741.000000,13793.000000,53415.000000
21559.000000,9706.000000,13697.000000,53353.000000
21631.000000,9709.000000,13657.000000,53354.000000
21703.000000,9682.000000,13590.000000,53324.000000
21808.000000,9678.000000,13651.000000,53332.000000
21896.000000,9698.000000,13726.000000,53363.000000
21973.000000,9729.000000,13833.000000,53464.000000
22094.000000,9824.000000,13881.000000,53500.000000
22279.000000,9790.000000,13937.000000,53528.000000
22536.000000,9905.000000,14067.000000,53614.000000
22611.000000,9969.000000,14180.000000,53628.000000
22614.000000,10033.000000,14308.000000,53718.000000
22597.000000,10102.000000,14379.000000,53776.000000
22580.000000,10248.000000,14594.000000,53866.000000
22580.000000,10392.000000,14788.000000,53946.000000
22550.000000,10598.000000,15126.000000,54067.000000
22543.000000,10687.000000,15253.000000,54142.000000
22481.000000,10699.000000,15205.000000,54101.000000
22429.000000,10651.000000,15194.000000,54084.000000
22377.000000,10652.000000,15185.000000,54104.000000
22319.000000,10663.000000,15157.000000,54110.000000
22288.000000,10637.000000,15125.000000,54057.000000
22295.000000,10618.000000,15101.000000,54092.000000
22286.000000,10584.000000,15022.000000,54042.000000
22223.000000,10505.000000,14946.000000,53999.000000
22173.000000,10484.000000,14903.000000,53959.000000
22165.000000,10415.000000,14792.000000,53910.000000
22116.000000,10431.000000,14753.000000,53912.000000
22110.000000,10402.000000,14741.000000,53922.000000
22026.000000,10371.000000,14726.000000,53886.000000
22020.000000,10328.000000,14645.000000,53873.000000
21953.000000,10302.000000,14603.000000,53857.000000
21943.000000,10275.000000,14584.000000,53840.000000
21873.000000,10273.000000,14497.000000,53784.000000
21861.000000,10226.000000,14472.000000,53762.000000
21839.000000,10155.000000,14381.000000,53736.000000
21849.000000,10158.000000,14344.000000,53713.000000
21809.000000,10101.000000,14337.000000,53704.000000
21749.000000,10127.000000,14292.000000,53681.000000
21779.000000,10062.000000,14208.000000,53662.000000
21746.000000,10040.000000,14162.000000,53617.000000
21754.000000,10001.000000,14164.000000,53603.000000
21691.000000,9994.000000,14109.000000,53600.000000
21693.000000,9940.000000,14082.000000,53590.000000
21598.000000,9941.000000,14032.000000,53585.000000
21564.000000,9946.000000,14001.000000,53550.000000
21559.000000,9950.000000,14005.000000,53523.000000
21577.000000,9954.000000,14015.000000,53540.000000
21624.000000,9883.000000,13919.000000,53529.000000
21656.000000,9861.000000,13887.000000,53498.000000
21733.000000,9793.000000,13800.000000,53461.000000
21778.000000,9760.000000,13813.000000,53437.000000
21935.000000,9766.000000,13782.000000,53422.000000
21889.000000,9785.000000,13803.000000,53453.000000
22027.000000,9808.000000,13851.000000,53518.000000
22099.000000,9834.000000,13935.000000,53552.000000
22209.000000,9885.000000,14009.000000,53558.000000
22444.000000,9927.000000,14113.000000,53640.000000
22614.000000,10046.000000,14258.000000,53692.000000
22811.000000,10061.000000,14282.000000,53747.000000
22820.000000,10172.000000,14455.000000,53826.000000
22802.000000,10200.000000,14496.000000,53837.000000
22808.000000,10307.000000,14639.000000,53919.000000
22772.000000,10439.000000,14925.000000,54049.000000
22774.000000,10626.000000,15194.000000,54172.000000
22737.000000,10836.000000,15414.000000,54266.000000
22726.000000,10854.000000,15417.000000,54292.000000
22684.000000,10860.000000,15429.000000,54272.000000
22676.000000,10825.000000,15405.000000,54252.000000
22593.000000,10798.000000,15374.000000,54228.000000
22621.000000,10760.000000,15332.000000,54218.000000
22575.000000,10752.000000,15327.000000,54188.000000
22530.000000,10723.000000,15313.000000,54197.000000
22533.000000,10697.000000,15281.000000,54173.000000
22497.000000,10698.000000,15193.000000,54116.000000
22382.000000,10631.000000,15123.000000,54106.000000
22395.000000,10667.000000,15120.000000,54103.000000
22393.000000,10635.000000,15088.000000,54114.000000
22304.000000,10605.000000,15059.000000,54095.000000
22256.000000,10547.000000,14976.000000,54056.000000
22187.000000,10528.000000,14951.000000,54014.000000
22108.000000,10452.000000,14829.000000,53979.000000
22081.000000,10441.000000,14800.000000,53968.000000
22017.000000,10416.000000,14769.000000,53959.000000
21981.000000,10383.000000,14712.000000,53910.000000
21932.000000,10325.000000,14641.000000,53871.000000
21911.000000,10279.000000,14530.000000,53852.000000
21874.000000,10219.000000,14463.000000,53793.000000
21845.000000,10165.000000,14419.000000,53764.000000
21814.000000,10147.000000,14329.000000,53742.000000
21789.000000,10065.000000,14278.000000,53720.000000
21789.000000,10072.000000,14239.000000,53670.000000
21726.000000,10034.000000,14178.000000,53658.000000
21692.000000,9980.000000,14154.000000,53642.000000
21622.000000,9984.000000,14101.000000,53599.000000
21609.000000,9936.000000,14069.000000,53577.000000
21652.000000,9941.000000,14028.000000,53573.000000
21661.000000,9903.000000,14029.000000,53564.000000
21766.000000,9876.000000,13951.000000,53562.000000
21790.000000,9839.000000,13913.000000,53535.000000
21852.000000,9787.000000,13847.000000,53477.000000
21934.000000,9781.000000,13803.000000,53500.000000
21993.000000,9775.000000,13839.000000,53486.000000
22032.000000,9805.000000,13847.000000,53518.000000
22129.000000,9845.000000,13942.000000,53546.000000
22232.000000,9938.000000,14050.000000,53602.000000
22450.000000,9959.000000,14156.000000,53663.000000
22612.000000,10037.000000,14269.000000,53683.000000
22836.000000,10080.000000,14316.000000,53773.000000
22946.000000,10094.000000,14377.000000,53821.000000
22974.000000,10179.000000,14526.000000,53901.000000
22936.000000,10257.000000,14637.000000,53925.000000
22898.000000,10459.000000,14863.000000,54048.000000
22934.000000,10625.000000,15078.000000,54156.000000
22903.000000,10826.000000,15403.000000,54284.000000
22895.000000,10923.000000,15550.000000,54358.000000
22850.000000,10902.000000,15540.000000,54328.000000
22853.000000,10864.000000,15526.000000,54345.000000
22811.000000,10895.000000,15557.000000,54332.000000
22801.000000,10901.000000,15484.000000,54328.000000
22805.000000,10892.000000,15448.000000,54279.000000
22718.000000,10872.000000,15485.000000,54297.000000
22717.000000,10839.000000,15428.000000,54291.000000
22710.000000,10842.000000,15427.000000,54293.000000
22667.000000,10782.000000,15362.000000,54256.000000
22640.000000,10788.000000,15330.000000,54263.000000
22610.000000,10763.000000,15331.000000,54209.000000
22565.000000,10715.000000,15239.000000,54182.000000
22516.000000,10682.000000,15221.000000,54202.000000
22468.000000,10722.000000,15224.000000,54192.000000
22406.000000,10616.000000,15144.000000,54170.000000
22360.000000,10623.000000,15086.000000,54110.000000
22312.000000,10585.000000,15062.000000,54106.000000
22263.000000,10517.000000,14958.000000,54069.000000
22219.000000,10507.000000,14925.000000,54045.000000
22171.000000,10473.000000,14842.000000,53989.000000
22159.000000,10417.000000,14815.000000,53997.000000
22084.000000,10367.000000,14749.000000,53986.000000
22094.000000,10370.000000,14673.000000,53929.000000
22091.000000,10314.000000,14591.000000,53907.000000
22014.000000,10301.000000,14593.000000,53871.000000
21982.000000,10248.000000,14522.000000,53863.000000
21945.000000,10198.000000,14474.000000,53818.000000
21897.000000,10162.000000,14370.000000,53739.000000
21908.000000,10174.000000,14365.000000,53771.000000
21813.000000,10123.000000,14344.000000,53736.000000
21842.000000,10123.000000,14331.000000,53754.000000
21836.000000,10094.000000,14271.000000,53723.000000
21874.000000,10052.000000,14250.000000,53737.000000
21969.000000,10035.000000,14190.000000,53705.000000
22045.000000,10015.000000,14159.000000,53669.000000
22127.000000,9936.000000,14082.000000,53624.000000
22187.000000,9938.000000,14072.000000,53639.000000
22254.000000,9958.000000,14096.000000,53640.000000
22373.000000,9953.000000,14142.000000,53673.000000
22566.000000,10026.000000,14276.000000,53752.000000
22803.000000,10078.000000,14315.000000,53774.000000
23105.000000,10141.000000,14412.000000,53861.000000
23138.000000,10196.000000,14494.000000,53866.000000
23148.000000,10267.000000,14595.000000,53906.000000
23123.000000,10354.000000,14759.000000,54000.000000
23130.000000,10489.000000,14983.000000,54121.000000
23162.000000,10678.000000,15277.000000,54290.000000
23118.000000,10954.000000,15638.000000,54439.000000
23048.000000,11029.000000,15726.000000,54442.000000
23065.000000,11016.000000,15696.000000,54448.000000
23031.000000,11019.000000,15710.000000,54432.000000
23016.000000,11000.000000,15697.000000,54440.000000
22977.000000,10994.000000,15668.000000,54454.000000
22961.000000,10984.000000,15619.000000,54452.000000
22901.000000,10987.000000,15633.000000,54387.000000
22904.000000,10951.000000,15575.000000,54418.000000
22889.000000,10950.000000,15579.000000,54395.000000
22803.000000,10929.000000,15510.000000,54385.000000
22781.000000,10915.000000,15514.000000,54361.000000
22725.000000,10869.000000,15488.000000,54322.000000
22744.000000,10828.000000,15372.000000,54271.000000
22651.000000,10831.000000,15397.000000,54316.000000
22623.000000,10835.000000,15335.000000,54255.000000
22511.000000,10771.000000,15253.000000,54223.000000
22482.000000,10729.000000,15197.000000,54220.000000
22501.000000,10683.000000,15168.000000,54186.000000
22427.000000,10677.000000,15113.000000,54191.000000
22388.000000,10589.000000,15005.000000,54126.000000
22377.000000,10585.000000,15023.000000,54118.000000
22292.000000,10446.000000,14828.000000,54075.000000
22215.000000,10466.000000,14804.000000,54028.000000
22173.000000,10467.000000,14802.000000,53994.000000
22107.000000,10377.000000,14712.000000,53983.000000
22052.000000,10342.000000,14640.000000,53984.000000
22109.000000,10338.000000,14618.000000,53929.000000
22142.000000,10258.000000,14541.000000,53868.000000
22199.000000,10214.000000,14476.000000,53852.000000
22265.000000,10187.000000,14387.000000,53820.000000
22304.000000,10117.000000,14327.000000,53816.000000
22381.000000,10059.000000,14246.000000,53775.000000
22426.000000,10083.000000,14282.000000,53800.000000
22495.000000,10117.000000,14352.000000,53837.000000
22694.000000,10156.000000,14408.000000,53868.000000
22761.000000,10200.000000,14452.000000,53896.000000
22812.000000,10266.000000,14561.000000,53951.000000
23004.000000,10342.000000,14647.000000,53986.000000
23240.000000,10345.000000,14735.000000,54021.000000
23257.000000,10398.000000,14776.000000,54050.000000
23278.000000,10570.000000,15064.000000,54197.000000
23262.000000,10641.000000,15145.000000,54222.000000
23278.000000,10679.000000,15252.000000,54290.000000
23263.000000,10838.000000,15424.000000,54367.000000
23273.000000,11071.000000,15767.000000,54533.000000
23254.000000,11080.000000,15840.000000,54555.000000
23260.000000,11097.000000,15798.000000,54538.000000
23241.000000,11056.000000,15790.000000,54535.000000
23213.000000,11112.000000,15799.000000,54500.000000
23198.000000,11106.000000,15769.000000,54530.000000
23211.000000,11074.000000,15724.000000,54506.000000
23178.000000,11067.000000,15727.000000,54503.000000
23168.000000,11069.000000,15670.000000,54486.000000
23152.000000,11073.000000,15690.000000,54455.000000
23106.000000,10991.000000,15622.000000,54453.000000
23073.000000,11019.000000,15646.000000,54430.000000
23063.000000,11018.000000,15668.000000,54487.000000
23024.000000,10983.000000,15608.000000,54444.000000
22919.000000,10984.000000,15619.000000,54456.000000
22948.000000,10984.000000,15559.000000,54424.000000
22886.000000,10983.000000,15562.000000,54399.000000
22791.000000,10944.000000,15499.000000,54402.000000
22772.000000,10929.000000,15487.000000,54384.000000
22720.000000,10874.000000,15391.000000,54349.000000
22696.000000,10812.000000,15299.000000,54294.000000
22661.000000,10792.000000,15264.000000,54266.000000
22615.000000,10711.000000,15239.000000,54276.000000
22601.000000,10692.000000,15115.000000,54174.000000
22573.000000,10642.000000,15105.000000,54205.000000
22570.000000,10622.000000,15023.000000,54140.000000
22535.000000,10596.000000,14947.000000,54123.000000
22473.000000,10540.000000,14906.000000,54127.000000
22429.000000,10517.000000,14876.000000,54095.000000
22400.000000,10476.000000,14840.000000,54077.000000
22344.000000,10475.000000,14820.000000,54050.000000
22349.000000,10429.000000,14761.000000,54044.000000
22290.000000,10406.000000,14714.000000,53999.000000
22310.000000,10388.000000,14633.000000,54015.000000
22373.000000,10357.000000,14643.000000,53976.000000
22402.000000,10303.000000,14547.000000,53955.000000
22481.000000,10249.000000,14489.000000,53897.000000
22516.000000,10253.000000,14457.000000,53903.000000
22563.000000,10239.000000,14444.000000,53897.000000
22672.000000,10258.000000,14467.000000,53940.000000
22705.000000,10273.000000,14503.000000,53954.000000
22796.000000,10328.000000,14577.000000,53985.000000
23081.000000,10328.000000,14661.000000,54020.000000
23143.000000,10406.000000,14657.000000,54049.000000
23351.000000,10455.000000,14761.000000,54081.000000
23471.000000,10531.000000,14878.000000,54122.000000
23477.000000,10578.000000,14977.000000,54190.000000
23484.000000,10662.000000,15107.000000,54278.000000
23473.000000,10846.000000,15398.000000,54390.000000
23439.000000,10886.000000,15461.000000,54411.000000
23442.000000,11084.000000,15718.000000,54516.000000
23421.000000,11198.000000,15936.000000,54636.000000
23399.000000,11195.000000,15875.000000,54592.000000
23383.000000,11206.000000,15850.000000,54603.000000
23409.000000,11175.000000,15834.000000,54599.000000
23383.000000,11202.000000,15841.000000,54569.000000
23355.000000,11155.000000,15789.000000,54578.000000
23325.000000,11167.000000,15804.000000,54566.000000
23324.000000,11163.000000,15770.000000,54545.000000
23241.000000,11131.000000,15764.000000,54513.000000
23184.000000,11127.000000,15724.000000,54535.000000
23086.000000,11096.000000,15694.000000,54528.000000
23081.000000,11108.000000,15709.000000,54541.000000
23018.000000,11113.000000,15640.000000,54510.000000
22908.000000,11060.000000,15586.000000,54467.000000
22871.000000,11026.000000,15524.000000,54463.000000
22815.000000,10962.000000,15440.000000,54405.000000
22740.000000,10863.000000,15311.000000,54337.000000
22745.000000,10876.000000,15306.000000,54325.000000
22667.000000,10793.000000,15245.000000,54317.000000
22628.000000,10750.000000,15097.000000,54229.000000
22598.000000,10694.000000,15008.000000,54204.000000
22543.000000,10600.000000,14975.000000,54189.000000
22531.000000,10561.000000,14900.000000,54165.000000
22457.000000,10602.000000,14885.000000,54154.000000
22395.000000,10483.000000,14800.000000,54102.000000
22434.000000,10487.000000,14752.000000,54098.000000
22441.000000,10460.000000,14686.000000,54060.000000
22501.000000,10432.000000,14626.000000,53990.000000
22548.000000,10367.000000,14562.000000,53977.000000
22593.000000,10313.000000,14462.000000,53934.000000
22665.000000,10270.000000,14478.000000,53953.000000
22718.000000,10312.000000,14483.000000,53925.000000
22816.000000,10290.000000,14492.000000,53957.000000
22872.000000,10343.000000,14554.000000,54020.000000
23004.000000,10349.000000,14604.000000,54009.000000
23124.000000,10392.000000,14682.000000,54083.000000
23342.000000,10499.000000,14752.000000,54113.000000
23520.000000,10530.000000,14833.000000,54138.000000
23554.000000,10573.000000,14932.000000,54204.000000
23519.000000,10660.000000,15052.000000,54287.000000
23517.000000,10726.000000,15179.000000,54344.000000
23532.000000,10871.000000,15342.000000,54355.000000
23498.000000,11047.000000,15577.000000,54511.000000
23473.000000,11211.000000,15800.000000,54592.000000
23448.000000,11226.000000,15862.000000,54627.000000
23413.000000,11243.000000,15837.000000,54623.000000
23401.000000,11235.000000,15827.000000,54620.000000
23376.000000,11253.000000,15831.000000,54621.000000
23387.000000,11204.000000,15804.000000,54593.000000
23346.000000,11172.000000,15750.000000,54572.000000
23320.000000,11172.000000,15725.000000,54554.000000
23317.000000,11127.000000,15713.000000,54529.000000
23266.000000,11127.000000,15686.000000,54543.000000
23214.000000,11108.000000,15665.000000,54527.000000
23197.000000,11114.000000,15648.000000,54566.000000
23180.000000,11076.000000,15645.000000,54475.000000
23090.000000,11050.000000,15595.000000,54458.000000
22987.000000,11016.000000,15525.000000,54430.000000
22982.000000,11025.000000,15496.000000,54422.000000
22954.000000,10999.000000,15423.000000,54391.000000
22895.000000,10981.000000,15375.000000,54380.000000
22865.000000,10919.000000,15331.000000,54358.000000
22814.000000,10850.000000,15207.000000,54290.000000
22811.000000,10747.000000,15079.000000,54225.000000
22748.000000,10738.000000,15085.000000,54234.000000
22718.000000,10711.000000,15046.000000,54217.000000
22681.000000,10702.000000,14988.000000,54178.000000
22656.000000,10653.000000,14922.000000,54167.000000
22629.000000,10588.000000,14914.000000,54142.000000
22611.000000,10634.000000,14857.000000,54131.000000
22567.000000,10559.000000,14798.000000,54105.000000
22491.000000,10545.000000,14768.000000,54076.000000
22454.000000,10511.000000,14708.000000,54046.000000
22433.000000,10501.000000,14658.000000,54033.000000
22389.000000,10468.000000,14658.000000,54006.000000
22345.000000,10444.000000,14623.000000,53994.000000
22365.000000,10436.000000,14561.000000,53980.000000
22372.000000,10353.000000,14475.000000,53950.000000
22474.000000,10365.000000,14444.000000,53905.000000
22467.000000,10293.000000,14370.000000,53902.000000
22520.000000,10255.000000,14333.000000,53837.000000
22566.000000,10236.000000,14278.000000,53819.000000
22581.000000,10221.000000,14309.000000,53855.000000
22667.000000,10220.000000,14341.000000,53895.000000
22751.000000,10304.000000,14452.000000,53988.000000
22839.000000,10291.000000,14441.000000,53936.000000
22950.000000,10332.000000,14477.000000,54008.000000
23073.000000,10384.000000,14567.000000,54016.000000
23316.000000,10394.000000,14630.000000,54032.000000
23524.000000,10451.000000,14746.000000,54109.000000
23610.000000,10526.000000,14820.000000,54159.000000
23600.000000,10587.000000,14906.000000,54213.000000
23553.000000,10713.000000,15068.000000,54275.000000
23567.000000,10772.000000,15235.000000,54336.000000
23559.000000,11019.000000,15505.000000,54472.000000
23543.000000,11178.000000,15761.000000,54578.000000
23510.000000,11292.000000,15876.000000,54665.000000
23467.000000,11263.000000,15873.000000,54629.000000
23457.000000,11241.000000,15814.000000,54586.000000
23453.000000,11255.000000,15809.000000,54599.000000
23443.000000,11240.000000,15796.000000,54577.000000
23425.000000,11235.000000,15774.000000,54583.000000
23417.000000,11211.000000,15742.000000,54588.000000
23392.000000,11137.000000,15678.000000,54552.000000
23397.000000,11158.000000,15677.000000,54514.000000
23286.000000,11151.000000,15690.000000,54520.000000
23294.000000,11112.000000,15642.000000,54517.000000
23248.000000,11091.000000,15607.000000,54490.000000
23203.000000,11127.000000,15599.000000,54483.000000
23146.000000,11107.000000,15571.000000,54481.000000
23081.000000,11087.000000,15546.000000,54461.000000
23048.000000,11052.000000,15413.000000,54429.000000
22975.000000,11011.000000,15388.000000,54396.000000
22962.000000,11006.000000,15399.000000,54374.000000
22869.000000,10961.000000,15308.000000,54340.000000
22770.000000,10902.000000,15288.000000,54360.000000
22702.000000,10849.000000,15191.000000,54305.000000
22686.000000,10817.000000,15112.000000,54252.000000
22630.000000,10759.000000,15027.000000,54215.000000
22620.000000,10712.000000,14965.000000,54184.000000
22592.000000,10665.000000,14882.000000,54131.000000
22570.000000,10595.000000,14784.000000,54096.000000
22511.000000,10535.000000,14713.000000,54087.000000
22473.000000,10490.000000,14677.000000,54068.000000
22424.000000,10466.000000,14643.000000,54004.000000
22303.000000,10423.000000,14609.000000,53983.000000
22306.000000,10481.000000,14590.000000,53967.000000
22283.000000,10380.000000,14531.000000,53962.000000
22297.000000,10392.000000,14486.000000,53971.000000
22338.000000,10352.000000,14427.000000,53874.000000
22350.000000,10284.000000,14333.000000,53863.000000
22438.000000,10229.000000,14247.000000,53857.000000
22523.000000,10227.000000,14225.000000,53858.000000
22570.000000,10223.000000,14242.000000,53839.000000
22713.000000,10191.000000,14226.000000,53799.000000
22717.000000,10223.000000,14266.000000,53828.000000
22824.000000,10237.000000,14331.000000,53876.000000
23179.000000,10279.000000,14353.000000,53909.000000
23271.000000,10341.000000,14536.000000,54002.000000
23392.000000,10400.000000,14671.000000,54078.000000
23401.000000,10520.000000,14886.000000,54181.000000
23381.000000,10510.000000,14933.000000,54210.000000
23400.000000,10625.000000,15053.000000,54279.000000
23355.000000,10936.000000,15487.000000,54463.000000
23351.000000,11014.000000,15592.000000,54502.000000
23313.000000,11095.000000,15762.000000,54565.000000
23261.000000,11116.000000,15741.000000,54588.000000
23237.000000,11104.000000,15733.000000,54553.000000
23201.000000,11100.000000,15745.000000,54571.000000
23147.000000,11114.000000,15720.000000,54563.000000
23111.000000,11076.000000,15659.000000,54530.000000
23077.000000,11042.000000,15628.000000,54533.000000
23054.000000,11001.000000,15571.000000,54516.000000
22903.000000,10970.000000,15529.000000,54445.000000
22905.000000,10934.000000,15461.000000,54451.000000
22864.000000,10906.000000,15452.000000,54423.000000
22817.000000,10875.000000,15353.000000,54396.000000
22763.000000,10828.000000,15311.000000,54380.000000
22702.000000,10774.000000,15260.000000,54357.000000
22660.000000,10709.000000,15130.000000,54236.000000
22633.000000,10703.000000,15082.000000,54256.000000
22601.000000,10618.000000,15067.000000,54250.000000
22562.000000,10612.000000,14968.000000,54183.000000
22509.000000,10545.000000,14935.000000,54134.000000
22512.000000,10544.000000,14872.000000,54116.000000
22487.000000,10462.000000,14773.000000,54112.000000
22460.000000,10444.000000,14731.000000,54101.000000
22431.000000,10377.000000,14672.000000,54031.000000
22337.000000,10363.000000,14630.000000,54051.000000
22309.000000,10337.000000,14615.000000,54012.000000
22245.000000,10358.000000,14582.000000,53992.000000
22185.000000,10301.000000,14549.000000,53982.000000
22202.000000,10304.000000,14499.000000,53941.000000
22259.000000,10274.000000,14473.000000,53915.000000
22313.000000,10183.000000,14378.000000,53929.000000
22384.000000,10156.000000,14344.000000,53876.000000
22441.000000,10135.000000,14284.000000,53867.000000
22541.000000,10096.000000,14274.000000,53857.000000
22607.000000,10106.000000,14241.000000,53851.000000
22689.000000,10134.000000,14281.000000,53906.000000
22708.000000,10170.000000,14372.000000,53902.000000
22835.000000,10212.000000,14437.000000,53955.000000
22926.000000,10256.000000,14508.000000,53997.000000
23087.000000,10322.000000,14620.000000,54050.000000
23271.000000,10364.000000,14700.000000,54099.000000
23478.000000,10436.000000,14777.000000,54142.000000
23558.000000,10481.000000,14901.000000,54248.000000
23535.000000,10565.000000,14997.000000,54287.000000
23527.000000,10655.000000,15124.000000,54344.000000
23518.000000,10825.000000,15328.000000,54437.000000
23467.000000,10960.000000,15531.000000,54508.000000
23479.000000,11169.000000,15786.000000,54653.000000
23465.000000,11205.000000,15874.000000,54693.000000
23418.000000,11225.000000,15862.000000,54653.000000
23390.000000,11226.000000,15832.000000,54655.000000
23383.000000,11169.000000,15821.000000,54668.000000
23329.000000,11168.000000,15820.000000,54672.000000
23268.000000,11180.000000,15772.000000,54632.000000
23196.000000,11141.000000,15730.000000,54605.000000
23086.000000,11060.000000,15686.000000,54590.000000
23060.000000,11091.000000,15667.000000,54565.000000
23019.000000,11095.000000,15625.000000,54542.000000
22951.000000,11020.000000,15545.000000,54551.000000
22899.000000,10981.000000,15479.000000,54497.000000
22837.000000,10901.000000,15390.000000,54465.000000
22750.000000,10822.000000,15299.000000,54379.000000
22696.000000,10810.000000,15284.000000,54359.000000
22710.000000,10742.000000,15158.000000,54347.000000
22621.000000,10703.000000,15100.000000,54315.000000
22566.000000,10659.000000,15026.000000,54261.000000
22525.000000,10629.000000,14948.000000,54227.000000
22501.000000,10557.000000,14897.000000,54197.000000
22505.000000,10518.000000,14823.000000,54132.000000
22465.000000,10491.000000,14746.000000,54123.000000
22426.000000,10432.000000,14682.000000,54109.000000
22410.000000,10399.000000,14657.000000,54061.000000
22381.000000,10385.000000,14577.000000,54036.000000
22292.000000,10378.000000,14567.000000,54023.000000
22243.000000,10338.000000,14515.000000,53988.000000
22169.000000,10257.000000,14479.000000,53971.000000
22178.000000,10251.000000,14462.000000,53977.000000
22177.000000,10290.000000,14417.000000,53962.000000
22197.000000,10231.000000,14365.000000,53930.000000
22224.000000,10163.000000,14304.000000,53923.000000
22280.000000,10132.000000,14269.000000,53853.000000
22448.000000,10118.000000,14219.000000,53854.000000
22500.000000,10049.000000,14160.000000,53847.000000
22575.000000,10065.000000,14181.000000,53834.000000
22644.000000,10086.000000,14205.000000,53869.000000
22722.000000,10113.000000,14246.000000,53886.000000
22763.000000,10142.000000,14322.000000,53931.000000
22834.000000,10280.000000,14513.000000,54056.000000
22997.000000,10308.000000,14552.000000,54059.000000
23312.000000,10363.000000,14681.000000,54119.000000
23399.000000,10389.000000,14732.000000,54165.000000
23473.000000,10440.000000,14853.000000,54209.000000
23681.000000,10502.000000,14914.000000,54236.000000
23647.000000,10586.000000,15026.000000,54343.000000
23638.000000,10721.000000,15202.000000,54379.000000
23648.000000,11007.000000,15629.000000,54568.000000
23595.000000,11047.000000,15693.000000,54658.000000
23588.000000,11116.000000,15750.000000,54672.000000
23538.000000,11283.000000,16001.000000,54773.000000
23529.000000,11284.000000,15980.000000,54776.000000
23462.000000,11273.000000,15984.000000,54760.000000
23427.000000,11263.000000,15937.000000,54746.000000
23401.000000,11204.000000,15931.000000,54723.000000
23349.000000,11221.000000,15853.000000,54694.000000
23297.000000,11175.000000,15828.000000,54700.000000
23211.000000,11141.000000,15790.000000,54663.000000
23187.000000,11119.000000,15745.000000,54625.000000
23137.000000,11079.000000,15682.000000,54604.000000
23106.000000,11038.000000,15635.000000,54605.000000
23079.000000,11003.000000,15598.000000,54557.000000
23000.000000,10963.000000,15505.000000,54509.000000
22942.000000,10913.000000,15452.000000,54498.000000
22918.000000,10859.000000,15389.000000,54461.000000
22883.000000,10803.000000,15304.000000,54427.000000
22862.000000,10778.000000,15243.000000,54407.000000
22809.000000,10743.000000,15214.000000,54395.000000
22773.000000,10727.000000,15176.000000,54357.000000
22777.000000,10682.000000,15079.000000,54338.000000
22709.000000,10683.000000,15055.000000,54287.000000
22670.000000,10605.000000,15016.000000,54281.000000
22672.000000,10588.000000,14959.000000,54252.000000
22699.000000,10563.000000,14918.000000,54216.000000
22667.000000,10511.000000,14851.000000,54219.000000
22655.000000,10537.000000,14817.000000,54196.000000
22542.000000,10474.000000,14788.000000,54150.000000
22511.000000,10462.000000,14710.000000,54129.000000
22479.000000,10440.000000,14746.000000,54156.000000
22474.000000,10450.000000,14722.000000,54152.000000
22457.000000,10464.000000,14698.000000,54127.000000
22545.000000,10402.000000,14635.000000,54097.000000
22602.000000,10329.000000,14576.000000,54079.000000
22646.000000,10328.000000,14501.000000,54015.000000
22722.000000,10289.000000,14504.000000,54006.000000
22823.000000,10277.000000,14484.000000,53992.000000
22961.000000,10268.000000,14454.000000,54031.000000
23044.000000,10276.000000,14534.000000,54090.000000
23102.000000,10334.000000,14630.000000,54125.000000
23160.000000,10392.000000,14746.000000,54185.000000
23268.000000,10423.000000,14776.000000,54235.000000
23378.000000,10517.000000,14937.000000,54281.000000
23606.000000,10604.000000,15064.000000,54379.000000
23877.000000,10689.000000,15150.000000,54442.000000
23979.000000,10738.000000,15249.000000,54454.000000
23926.000000,10776.000000,15344.000000,54501.000000
23877.000000,10866.000000,15436.000000,54558.000000
23840.000000,10988.000000,15605.000000,54649.000000
23823.000000,11166.000000,15859.000000,54789.000000
23776.000000,11386.000000,16187.000000,54941.000000
23805.000000,11447.000000,16321.000000,54992.000000
23790.000000,11450.000000,16249.000000,54937.000000
23718.000000,11403.000000,16190.000000,54882.000000
23675.000000,11363.000000,16145.000000,54875.000000
23662.000000,11355.000000,16157.000000,54869.000000
23613.000000,11352.000000,16135.000000,54844.000000
23584.000000,11365.000000,16100.000000,54863.000000
23556.000000,11341.000000,16072.000000,54813.000000
23476.000000,11251.000000,15984.000000,54780.000000
23395.000000,11269.000000,15935.000000,54758.000000
23364.000000,11233.000000,15898.000000,54743.000000
23357.000000,11162.000000,15829.000000,54734.000000
23306.000000,11156.000000,15791.000000,54730.000000
23221.000000,11137.000000,15758.000000,54695.000000
23200.000000,11066.000000,15700.000000,54642.000000
23047.000000,11016.000000,15530.000000,54559.000000
23054.000000,11003.000000,15499.000000,54546.000000
22976.000000,10992.000000,15480.000000,54542.000000
22946.000000,10938.000000,15449.000000,54547.000000
22915.000000,10878.000000,15379.000000,54499.000000
22885.000000,10870.000000,15316.000000,54488.000000
22861.000000,10706.000000,15152.000000,54377.000000
22866.000000,10679.000000,15115.000000,54336.000000
22801.000000,10644.000000,15012.000000,54325.000000
22711.000000,10616.000000,15025.000000,54320.000000
22687.000000,10554.000000,14974.000000,54311.000000
22606.000000,10527.000000,14908.000000,54257.000000
22608.000000,10549.000000,14934.000000,54263.000000
22672.000000,10516.000000,14850.000000,54226.000000
22712.000000,10489.000000,14808.000000,54230.000000
22798.000000,10436.000000,14771.000000,54172.000000
22878.000000,10398.000000,14676.000000,54139.000000
22988.000000,10351.000000,14573.000000,54089.000000
23070.000000,10341.000000,14595.000000,54099.000000
23108.000000,10361.000000,14618.000000,54163.000000
23207.000000,10383.000000,14713.000000,54195.000000
23330.000000,10456.000000,14833.000000,54265.000000
23335.000000,10504.000000,14942.000000,54270.000000
23490.000000,10571.000000,14996.000000,54364.000000
23693.000000,10644.000000,15134.000000,54417.000000
23897.000000,10698.000000,15198.000000,54453.000000
24045.000000,10778.000000,15331.000000,54530.000000
24065.000000,10858.000000,15428.000000,54530.000000
24008.000000,10895.000000,15474.000000,54610.000000
24057.000000,11048.000000,15690.000000,54676.000000
24042.000000,11212.000000,15883.000000,54790.000000
24017.000000,11361.000000,16201.000000,54942.000000
23989.000000,11502.000000,16376.000000,55000.000000
23962.000000,11504.000000,16368.000000,54995.000000
23951.000000,11491.000000,16324.000000,55005.000000
23928.000000,11517.000000,16313.000000,54958.000000
23876.000000,11505.000000,16311.000000,54957.000000
23882.000000,11477.000000,16264.000000,54957.000000
23878.000000,11493.000000,16219.000000,54965.000000
23876.000000,11470.000000,16215.000000,54937.000000
23812.000000,11416.000000,16190.000000,54918.000000
23772.000000,11393.000000,16144.000000,54936.000000
23727.000000,11322.000000,16064.000000,54861.000000
23650.000000,11327.000000,16059.000000,54872.000000
23636.000000,11316.000000,16045.000000,54847.000000
23579.000000,11319.000000,16021.000000,54808.000000
23541.000000,11299.000000,15985.000000,54815.000000
23483.000000,11250.000000,15929.000000,54795.000000
23476.000000,11231.000000,15852.000000,54776.000000
23446.000000,11166.000000,15791.000000,54750.000000
23383.000000,11156.000000,15768.000000,54746.000000
23419.000000,11085.000000,15706.000000,54715.000000
23344.000000,11069.000000,15640.000000,54674.000000
23320.000000,11027.000000,15558.000000,54624.000000
23217.000000,11005.000000,15541.000000,54605.000000
23223.000000,10974.000000,15495.000000,54608.000000
23222.000000,10965.000000,15458.000000,54587.000000
23221.000000,10932.000000,15448.000000,54583.000000
23204.000000,10874.000000,15399.000000,54538.000000
23210.000000,10854.000000,15336.000000,54479.000000
23085.000000,10807.000000,15214.000000,54453.000000
23105.000000,10767.000000,15195.000000,54413.000000
23098.000000,10761.000000,15191.000000,54428.000000
23038.000000,10755.000000,15193.000000,54423.000000
22989.000000,10761.000000,15177.000000,54434.000000
22995.000000,10717.000000,15163.000000,54429.000000
23016.000000,10702.000000,15045.000000,54355.000000
23019.000000,10652.000000,15039.000000,54365.000000
23131.000000,10675.000000,15031.000000,54363.000000
23176.000000,10589.000000,14968.000000,54323.000000
23249.000000,10577.000000,14851.000000,54304.000000
23341.000000,10566.000000,14896.000000,54278.000000
23540.000000,10575.000000,14942.000000,54331.000000
23563.000000,10654.000000,15001.000000,54375.000000
23608.000000,10661.000000,15067.000000,54410.000000
23792.000000,10682.000000,15157.000000,54473.000000
23957.000000,10761.000000,15216.000000,54486.000000
24171.000000,10787.000000,15311.000000,54525.000000
24350.000000,11006.000000,15594.000000,54684.000000
24399.000000,11007.000000,15606.000000,54711.000000
24366.000000,11031.000000,15653.000000,54705.000000
24337.000000,11194.000000,15878.000000,54851.000000
24330.000000,11301.000000,16087.000000,54957.000000
24293.000000,11505.000000,16324.000000,55054.000000
24267.000000,11704.000000,16591.000000,55158.000000
24263.000000,11717.000000,16608.000000,55169.000000
24219.000000,11700.000000,16592.000000,55146.000000
24235.000000,11671.000000,16553.000000,55157.000000
24208.000000,11682.000000,16511.000000,55126.000000
24202.000000,11665.000000,16503.000000,55124.000000
24186.000000,11599.000000,16498.000000,55110.000000
24219.000000,11640.000000,16445.000000,55073.000000
24164.000000,11576.000000,16446.000000,55087.000000
24139.000000,11617.000000,16417.000000,55067.000000
24104.000000,11570.000000,16350.000000,55041.000000
24079.000000,11591.000000,16353.000000,55038.000000
24081.000000,11536.000000,16336.000000,55028.000000
24024.000000,11558.000000,16315.000000,55052.000000
23946.000000,11500.000000,16289.000000,55010.000000
23980.000000,11488.000000,16237.000000,54972.000000
23909.000000,11468.000000,16188.000000,54962.000000
23864.000000,11471.000000,16166.000000,54975.000000
23843.000000,11410.000000,16154.000000,54946.000000
23789.000000,11373.000000,16093.000000,54926.000000
23726.000000,11323.000000,16014.000000,54892.000000
23697.000000,11306.000000,15977.000000,54878.000000
23637.000000,11270.000000,15924.000000,54831.000000
23616.000000,11222.000000,15858.000000,54829.000000
23559.000000,11216.000000,15820.000000,54772.000000
23524.000000,11173.000000,15776.000000,54768.000000
23522.000000,11149.000000,15709.000000,54740.000000
23426.000000,11101.000000,15665.000000,54731.000000
23403.000000,11078.000000,15626.000000,54690.000000
23398.000000,11034.000000,15558.000000,54684.000000
23360.000000,11021.000000,15515.000000,54614.000000
23332.000000,10970.000000,15429.000000,54610.000000
23321.000000,10930.000000,15409.000000,54574.000000
23227.000000,10881.000000,15367.000000,54588.000000
23243.000000,10886.000000,15306.000000,54529.000000
23153.000000,10825.000000,15278.000000,54519.000000
23170.000000,10822.000000,15269.000000,54490.000000
23195.000000,10748.000000,15243.000000,54493.000000
23203.000000,10795.000000,15189.000000,54442.000000
23273.000000,10757.000000,15124.000000,54431.000000
23354.000000,10697.000000,15089.000000,54422.000000
23488.000000,10650.000000,15016.000000,54379.000000
23551.000000,10629.000000,14980.000000,54383.000000
23613.000000,10654.000000,15001.000000,54367.000000
23710.000000,10655.000000,15074.000000,54450.000000
23846.000000,10708.000000,15121.000000,54457.000000
23891.000000,10765.000000,15241.000000,54549.000000
24038.000000,10865.000000,15384.000000,54576.000000
24025.000000,10945.000000,15431.000000,54660.000000
24111.000000,10996.000000,15527.000000,54683.000000
24331.000000,11059.000000,15632.000000,54731.000000
24577.000000,11207.000000,15826.000000,54825.000000
24652.000000,11205.000000,15890.000000,54882.000000
24647.000000,11306.000000,16057.000000,54935.000000
24606.000000,11367.000000,16095.000000,54978.000000
24567.000000,11378.000000,16158.000000,55020.000000
24549.000000,11558.000000,16430.000000,55137.000000
24518.000000,11802.000000,16713.000000,55274.000000
24536.000000,11839.000000,16761.000000,55285.000000
24552.000000,11849.000000,16746.000000,55284.000000
24499.000000,11812.000000,16754.000000,55267.000000
24470.000000,11812.000000,16684.000000,55259.000000
24472.000000,11801.000000,16680.000000,55216.000000
24447.000000,11773.000000,16660.000000,55239.000000
24411.000000,11821.000000,16625.000000,55225.000000
24407.000000,11733.000000,16673.000000,55225.000000
24365.000000,11759.000000,16601.000000,55178.000000
24327.000000,11704.000000,16576.000000,55196.000000
24291.000000,11690.000000,16566.000000,55194.000000
24252.000000,11666.000000,16544.000000,55152.000000
24217.000000,11655.000000,16486.000000,55149.000000
24175.000000,11639.000000,16437.000000,55119.000000
24079.000000,11606.000000,16419.000000,55115.000000
24095.000000,11638.000000,16354.000000,55104.000000
24041.000000,11544.000000,16317.000000,55064.000000
24044.000000,11531.000000,16292.000000,55057.000000
24018.000000,11438.000000,16194.000000,55012.000000
23954.000000,11421.000000,16185.000000,55014.000000
23936.000000,11308.000000,16041.000000,54930.000000
23878.000000,11323.000000,16002.000000,54918.000000
23841.000000,11307.000000,15986.000000,54893.000000
23791.000000,11301.000000,15954.000000,54912.000000
23780.000000,11273.000000,15934.000000,54904.000000
23728.000000,11229.000000,15841.000000,54845.000000
23721.000000,11205.000000,15808.000000,54846.000000
23734.000000,11127.000000,15743.000000,54798.000000
23696.000000,11137.000000,15703.000000,54754.000000
23713.000000,11097.000000,15656.000000,54764.000000
23671.000000,11104.000000,15652.000000,54739.000000
23679.000000,11053.000000,15547.000000,54708.000000
23685.000000,11037.000000,15554.000000,54689.000000
23648.000000,11031.000000,15574.000000,54707.000000
23646.000000,11017.000000,15500.000000,54661.000000
23638.000000,11000.000000,15493.000000,54693.000000
23598.000000,10997.000000,15502.000000,54649.000000
23563.000000,11025.000000,15426.000000,54670.000000
23537.000000,10964.000000,15464.000000,54668.000000
23564.000000,11008.000000,15424.000000,54682.000000
23575.000000,10977.000000,15441.000000,54674.000000
23662.000000,10962.000000,15368.000000,54638.000000
23704.000000,10930.000000,15375.000000,54627.000000
23761.000000,10884.000000,15319.000000,54614.000000
23854.000000,10899.000000,15307.000000,54608.000000
23868.000000,10866.000000,15278.000000,54588.000000
23928.000000,10849.000000,15321.000000,54606.000000
23988.000000,10940.000000,15400.000000,54687.000000
24078.000000,10966.000000,15466.000000,54701.000000
24136.000000,11000.000000,15577.000000,54763.000000
24200.000000,11076.000000,15624.000000,54786.000000
24334.000000,11111.000000,15722.000000,54848.000000
24584.000000,11128.000000,15746.000000,54831.000000
24880.000000,11153.000000,15815.000000,54894.000000
24955.000000,11208.000000,15871.000000,54950.000000
24953.000000,11302.000000,16000.000000,54994.000000
24954.000000,11387.000000,16131.000000,55074.000000
24892.000000,11514.000000,16285.000000,55136.000000
24912.000000,11698.000000,16550.000000,55253.000000
24883.000000,11972.000000,16977.000000,55441.000000
24893.000000,12019.000000,16984.000000,55472.000000
24863.000000,12010.000000,16989.000000,55429.000000
24867.000000,11982.000000,16998.000000,55459.000000
24835.000000,11971.000000,16970.000000,55431.000000
24816.000000,11983.000000,16955.000000,55410.000000
24782.000000,11974.000000,16947.000000,55433.000000
24767.000000,11935.000000,16890.000000,55421.000000
24716.000000,11933.000000,16900.000000,55418.000000
24709.000000,11928.000000,16846.000000,55373.000000
24625.000000,11932.000000,16837.000000,55357.000000
24583.000000,11907.000000,16796.000000,55381.000000
24561.000000,11854.000000,16783.000000,55319.000000
24459.000000,11817.000000,16727.000000,55312.000000
24416.000000,11818.000000,16680.000000,55353.000000
24426.000000,11762.000000,16627.000000,55267.000000
24354.000000,11752.000000,16602.000000,55243.000000
24294.000000,11733.000000,16552.000000,55238.000000
24267.000000,11658.000000,16478.000000,55214.000000
24246.000000,11588.000000,16332.000000,55122.000000
24184.000000,11589.000000,16319.000000,55143.000000
24148.000000,11559.000000,16294.000000,55107.000000
24143.000000,11482.000000,16228.000000,55069.000000
24102.000000,11468.000000,16183.000000,55081.000000
24109.000000,11454.000000,16129.000000,55052.000000
24077.000000,11399.000000,16068.000000,55010.000000
24083.000000,11388.000000,16047.000000,54972.000000
24025.000000,11324.000000,15973.000000,54969.000000
24003.000000,11301.000000,15945.000000,54948.000000
23934.000000,11301.000000,15914.000000,54947.000000
23924.000000,11269.000000,15867.000000,54917.000000
23849.000000,11213.000000,15827.000000,54912.000000
23876.000000,11241.000000,15853.000000,54880.000000
23929.000000,11202.000000,15837.000000,54889.000000
24013.000000,11188.000000,15784.000000,54874.000000
24050.000000,11160.000000,15681.000000,54827.000000
24099.000000,11148.000000,15692.000000,54817.000000
24162.000000,11102.000000,15567.000000,54792.000000
24242.000000,11059.000000,15580.000000,54766.000000
24308.000000,11092.000000,15623.000000,54765.000000
24423.000000,11125.000000,15685.000000,54858.000000
24449.000000,11168.000000,15797.000000,54882.000000
24477.000000,11221.000000,15885.000000,54939.000000
24591.000000,11279.000000,15928.000000,54974.000000
24745.000000,11355.000000,16058.000000,55023.000000
24828.000000,11384.000000,16110.000000,55090.000000
25059.000000,11498.000000,16249.000000,55112.000000
25162.000000,11506.000000,16291.000000,55192.000000
25151.000000,11546.000000,16318.000000,55200.000000
25139.000000,11638.000000,16475.000000,55258.000000
25163.000000,11797.000000,16628.000000,55325.000000
25081.000000,11819.000000,16721.000000,55368.000000
25102.000000,11974.000000,16990.000000,55473.000000
25073.000000,12100.000000,17184.000000,55597.000000
25031.000000,12114.000000,17129.000000,55577.000000
25035.000000,12116.000000,17145.000000,55562.000000
25009.000000,12107.000000,17143.000000,55543.000000
25038.000000,12046.000000,17074.000000,55521.000000
25020.000000,12032.000000,17076.000000,55548.000000
24972.000000,12035.000000,17041.000000,55509.000000
24914.000000,12018.000000,17013.000000,55479.000000
24867.000000,11990.000000,17006.000000,55492.000000
24869.000000,11976.000000,16965.000000,55495.000000
24808.000000,11971.000000,16922.000000,55475.000000
24777.000000,11987.000000,16893.000000,55467.000000
24725.000000,11973.000000,16863.000000,55426.000000
24689.000000,11958.000000,16839.000000,55424.000000
24597.000000,11879.000000,16794.000000,55410.000000
24576.000000,11893.000000,16755.000000,55365.000000
24585.000000,11811.000000,16643.000000,55339.000000
24501.000000,11828.000000,16582.000000,55321.000000
24450.000000,11743.000000,16518.000000,55285.000000
24406.000000,11727.000000,16495.000000,55261.000000
24355.000000,11646.000000,16383.000000,55184.000000
24327.000000,11616.000000,16370.000000,55192.000000
24276.000000,11586.000000,16336.000000,55181.000000
24294.000000,11523.000000,16250.000000,55141.000000
24273.000000,11530.000000,16219.000000,55120.000000
24280.000000,11431.000000,16144.000000,55096.000000
24291.000000,11436.000000,16051.000000,55082.000000
24235.000000,11405.000000,16046.000000,55060.000000
24179.000000,11366.000000,16014.000000,55043.000000
24159.000000,11363.000000,15985.000000,55013.000000
24095.000000,11356.000000,15964.000000,54999.000000
24071.000000,11339.000000,15971.000000,55029.000000
24070.000000,11325.000000,15942.000000,54989.000000
24078.000000,11317.000000,15911.000000,54987.000000
24117.000000,11293.000000,15841.000000,54951.000000
24208.000000,11215.000000,15800.000000,54919.000000
24263.000000,11195.000000,15754.000000,54908.000000
24341.000000,11161.000000,15719.000000,54887.000000
24429.000000,11180.000000,15712.000000,54901.000000
24493.000000,11192.000000,15740.000000,54931.000000
24469.000000,11227.000000,15774.000000,54916.000000
24577.000000,11252.000000,15868.000000,54965.000000
24623.000000,11330.000000,15974.000000,55049.000000
24712.000000,11416.000000,16060.000000,55070.000000
24824.000000,11401.000000,16108.000000,55128.000000
24967.000000,11475.000000,16194.000000,55192.000000
24993.000000,11486.000000,16261.000000,55231.000000
25222.000000,11530.000000,16280.000000,55237.000000
25427.000000,11625.000000,16405.000000,55264.000000
25396.000000,11658.000000,16507.000000,55338.000000
25428.000000,11755.000000,16647.000000,55386.000000
25433.000000,11903.000000,16825.000000,55478.000000
25397.000000,11906.000000,16907.000000,55497.000000
25371.000000,12100.000000,17172.000000,55636.000000
25382.000000,12265.000000,17379.000000,55706.000000
25384.000000,12245.000000,17377.000000,55706.000000
25338.000000,12282.000000,17348.000000,55723.000000
25317.000000,12233.000000,17295.000000,55720.000000
25311.000000,12249.000000,17330.000000,55671.000000
25317.000000,12215.000000,17297.000000,55653.000000
25268.000000,12225.000000,17279.000000,55685.000000
25243.000000,12180.000000,17315.000000,55646.000000
25227.000000,12170.000000,17256.000000,55665.000000
25206.000000,12203.000000,17233.000000,55651.000000
25185.000000,12152.000000,17231.000000,55622.000000
25175.000000,12149.000000,17210.000000,55606.000000
25139.000000,12112.000000,17177.000000,55601.000000
25107.000000,12112.000000,17149.000000,55604.000000
25043.000000,12086.000000,17120.000000,55593.000000
25026.000000,12079.000000,17080.000000,55563.000000
25023.000000,12073.000000,17073.000000,55577.000000
24980.000000,12030.000000,17002.000000,55545.000000
24940.000000,12015.000000,16984.000000,55523.000000
24862.000000,11984.000000,16920.000000,55489.000000
24840.000000,11920.000000,16833.000000,55471.000000
24781.000000,11945.000000,16804.000000,55448.000000
24735.000000,11933.000000,16827.000000,55468.000000
24667.000000,11904.000000,16750.000000,55427.000000
24648.000000,11867.000000,16680.000000,55404.000000
24617.000000,11793.000000,16638.000000,55366.000000
24632.000000,11797.000000,16560.000000,55357.000000
24592.000000,11689.000000,16477.000000,55312.000000
24567.000000,11685.000000,16391.000000,55248.000000
24533.000000,11618.000000,16362.000000,55261.000000
24514.000000,11597.000000,16265.000000,55220.000000
24401.000000,11595.000000,16264.000000,55208.000000
24369.000000,11566.000000,16264.000000,55198.000000
24311.000000,11551.000000,16269.000000,55182.000000
24390.000000,11528.000000,16193.000000,55170.000000
24435.000000,11499.000000,16171.000000,55146.000000
24520.000000,11491.000000,16098.000000,55118.000000
24641.000000,11415.000000,16022.000000,55087.000000
24702.000000,11376.000000,15922.000000,55060.000000
24782.000000,11333.000000,15961.000000,55064.000000
24862.000000,11338.000000,16000.000000,55072.000000
24933.000000,11392.000000,16053.000000,55112.000000
24969.000000,11463.000000,16170.000000,55188.000000
25032.000000,11548.000000,16255.000000,55252.000000
25169.000000,11582.000000,16368.000000,55292.000000
25330.000000,11644.000000,16446.000000,55342.000000
25582.000000,11689.000000,16542.000000,55387.000000
25697.000000,11755.000000,16654.000000,55444.000000
25733.000000,11803.000000,16643.000000,55463.000000
25736.000000,11897.000000,16805.000000,55535.000000
25721.000000,11967.000000,16956.000000,55593.000000
25706.000000,12092.000000,17146.000000,55700.000000
25671.000000,12285.000000,17427.000000,55836.000000
25681.000000,12430.000000,17625.000000,55911.000000
25691.000000,12470.000000,17612.000000,55906.000000
25658.000000,12443.000000,17600.000000,55901.000000
25633.000000,12475.000000,17598.000000,55885.000000
25628.000000,12463.000000,17578.000000,55877.000000
25655.000000,12459.000000,17619.000000,55903.000000
25575.000000,12424.000000,17560.000000,55859.000000
25571.000000,12416.000000,17556.000000,55868.000000
25579.000000,12429.000000,17535.000000,55869.000000
25540.000000,12369.000000,17485.000000,55863.000000
25517.000000,12372.000000,17514.000000,55846.000000
25493.000000,12356.000000,17430.000000,55820.000000
25507.000000,12307.000000,17372.000000,55782.000000
25436.000000,12316.000000,17351.000000,55794.000000
25418.000000,12251.000000,17306.000000,55764.000000
25343.000000,12246.000000,17300.000000,55770.000000
25302.000000,12295.000000,17282.000000,55754.000000
25220.000000,12247.000000,17299.000000,55749.000000
25187.000000,12230.000000,17257.000000,55740.000000
25148.000000,12215.000000,17207.000000,55714.000000
25085.000000,12181.000000,17164.000000,55669.000000
25049.000000,12138.000000,17118.000000,55659.000000
24975.000000,12097.000000,17046.000000,55642.000000
24912.000000,12052.000000,16987.000000,55604.000000
24922.000000,11988.000000,16891.000000,55569.000000
24876.000000,11973.000000,16854.000000,55550.000000
24841.000000,11923.000000,16760.000000,55526.000000
24814.000000,11877.000000,16689.000000,55480.000000
24813.000000,11828.000000,16638.000000,55446.000000
24769.000000,11801.000000,16559.000000,55412.000000
24721.000000,11772.000000,16523.000000,55398.000000
24640.000000,11717.000000,16462.000000,55363.000000
24618.000000,11685.000000,16472.000000,55343.000000
24599.000000,11701.000000,16448.000000,55349.000000
24559.000000,11683.000000,16380.000000,55340.000000
24529.000000,11641.000000,16320.000000,55296.000000
24582.000000,11565.000000,16279.000000,55278.000000
24674.000000,11532.000000,16215.000000,55205.000000
24719.000000,11512.000000,16179.000000,55226.000000
24790.000000,11499.000000,16117.000000,55215.000000
24876.000000,11467.000000,16156.000000,55168.000000
24968.000000,11398.000000,16108.000000,55185.000000
25067.000000,11477.000000,16142.000000,55211.000000
25127.000000,11495.000000,16220.000000,55228.000000
25212.000000,11555.000000,16282.000000,55307.000000
25320.000000,11600.000000,16374.000000,55324.000000
25462.000000,11659.000000,16514.000000,55399.000000
25525.000000,11706.000000,16595.000000,55480.000000
25762.000000,11790.000000,16664.000000,55516.000000
25987.000000,11839.000000,16764.000000,55556.000000
26014.000000,11891.000000,16866.000000,55614.000000
25988.000000,11976.000000,17019.000000,55680.000000
25988.000000,12071.000000,17168.000000,55763.000000
25997.000000,12127.000000,17253.000000,55811.000000
25966.000000,12398.000000,17544.000000,55946.000000
25925.000000,12532.000000,17813.000000,56086.000000
25899.000000,12554.000000,17849.000000,56072.000000
25931.000000,12599.000000,17860.000000,56110.000000
25945.000000,12554.000000,17831.000000,56059.000000
25863.000000,12563.000000,17841.000000,56083.000000
25888.000000,12547.000000,17812.000000,56043.000000
25867.000000,12526.000000,17775.000000,56011.000000
25805.000000,12500.000000,17743.000000,56036.000000
25806.000000,12474.000000,17750.000000,56020.000000
25839.000000,12502.000000,17741.000000,55998.000000
25808.000000,12451.000000,17699.000000,56013.000000
25753.000000,12447.000000,17682.000000,55966.000000
25764.000000,12479.000000,17677.000000,55990.000000
25700.000000,12433.000000,17647.000000,55968.000000
25671.000000,12437.000000,17639.000000,55985.000000
25631.000000,12389.000000,17582.000000,55946.000000
25598.000000,12395.000000,17578.000000,55936.000000
25532.000000,12365.000000,17546.000000,55928.000000
25437.000000,12341.000000,17505.000000,55933.000000
25440.000000,12336.000000,17453.000000,55894.000000
25347.000000,12245.000000,17370.000000,55887.000000
25327.000000,12234.000000,17307.000000,55822.000000
25275.000000,12193.000000,17264.000000,55808.000000
25200.000000,12124.000000,17206.000000,55793.000000
25201.000000,12095.000000,17100.000000,55724.000000
25093.000000,12012.000000,17011.000000,55675.000000
25097.000000,11972.000000,16986.000000,55680.000000
25058.000000,11984.000000,16957.000000,55675.000000
25022.000000,11912.000000,16870.000000,55636.000000
25017.000000,11904.000000,16804.000000,55609.000000
25039.000000,11885.000000,16807.000000,55617.000000
25058.000000,11795.000000,16676.000000,55519.000000
25080.000000,11773.000000,16636.000000,55527.000000
25140.000000,11779.000000,16623.000000,55507.000000
25189.000000,11687.000000,16568.000000,55489.000000
25251.000000,11702.000000,16561.000000,55497.000000
25291.000000,11706.000000,16538.000000,55501.000000
25320.000000,11732.000000,16592.000000,55522.000000
25433.000000,11767.000000,16650.000000,55583.000000
25504.000000,11785.000000,16694.000000,55593.000000
25570.000000,11838.000000,16787.000000,55640.000000
25740.000000,11879.000000,16816.000000,55654.000000
25778.000000,11882.000000,16901.000000,55671.000000
26021.000000,11897.000000,16956.000000,55711.000000
26220.000000,11967.000000,17013.000000,55762.000000
26225.000000,12003.000000,17126.000000,55805.000000
26231.000000,12084.000000,17255.000000,55879.000000
26249.000000,12233.000000,17453.000000,55964.000000
26206.000000,12284.000000,17516.000000,56005.000000
26235.000000,12461.000000,17815.000000,56131.000000
26227.000000,12653.000000,18047.000000,56226.000000
26210.000000,12648.000000,18058.000000,56218.000000
26173.000000,12661.000000,18038.000000,56227.000000
26174.000000,12651.000000,18037.000000,56238.000000
26154.000000,12679.000000,18053.000000,56224.000000
26154.000000,12687.000000,18052.000000,56237.000000
26128.000000,12641.000000,18006.000000,56228.000000
26111.000000,12645.000000,18022.000000,56224.000000
26105.000000,12634.000000,17928.000000,56188.000000
26109.000000,12575.000000,17951.000000,56181.000000
26074.000000,12592.000000,17924.000000,56158.000000
26033.000000,12594.000000,17916.000000,56144.000000
26018.000000,12594.000000,17857.000000,56154.000000
25929.000000,12554.000000,17857.000000,56175.000000
25958.000000,12562.000000,17842.000000,56155.000000
25910.000000,12551.000000,17812.000000,56144.000000
25856.000000,12553.000000,17820.000000,56114.000000
25823.000000,12516.000000,17766.000000,56145.000000
25756.000000,12472.000000,17692.000000,56083.000000
25733.000000,12420.000000,17662.000000,56070.000000
25690.000000,12384.000000,17578.000000,56037.000000
25654.000000,12393.000000,17601.000000,56029.000000
25586.000000,12383.000000,17535.000000,56007.000000
25516.000000,12307.000000,17439.000000,55953.000000
25517.000000,12258.000000,17393.000000,55946.000000
25523.000000,12201.000000,17332.000000,55895.000000
25488.000000,12156.000000,17293.000000,55876.000000
25460.000000,12105.000000,17223.000000,55846.000000
25410.000000,12047.000000,17161.000000,55828.000000
25344.000000,12045.000000,17101.000000,55803.000000
25328.000000,12007.000000,17042.000000,55777.000000
25295.000000,12004.000000,17046.000000,55764.000000
25222.000000,11981.000000,17045.000000,55745.000000
25248.000000,11971.000000,16985.000000,55756.000000
25255.000000,11920.000000,16914.000000,55726.000000
25274.000000,11928.000000,16905.000000,55694.000000
25345.000000,11860.000000,16847.000000,55669.000000
25381.000000,11822.000000,16776.000000,55653.000000
25461.000000,11816.000000,16758.000000,55637.000000
25534.000000,11812.000000,16721.000000,55624.000000
25629.000000,11779.000000,16710.000000,55627.000000
25641.000000,11814.000000,16749.000000,55660.000000
25706.000000,11870.000000,16826.000000,55688.000000
25740.000000,11903.000000,16903.000000,55762.000000
25814.000000,11915.000000,16996.000000,55793.000000
25922.000000,11949.000000,17055.000000,55824.000000
26091.000000,12044.000000,17204.000000,55913.000000
26270.000000,12073.000000,17214.000000,55913.000000
26424.000000,12091.000000,17249.000000,55909.000000
26396.000000,12143.000000,17323.000000,55962.000000
26413.000000,12222.000000,17420.000000,56033.000000
26418.000000,12332.000000,17604.000000,56091.000000
26406.000000,12449.000000,17733.000000,56183.000000
26418.000000,12621.000000,18039.000000,56299.000000
26393.000000,12738.000000,18202.000000,56359.000000
26392.000000,12763.000000,18240.000000,56371.000000
26378.000000,12755.000000,18243.000000,56379.000000
26409.000000,12731.000000,18216.000000,56352.000000
26370.000000,12738.000000,18228.000000,56353.000000
26376.000000,12715.000000,18184.000000,56364.000000
26362.000000,12692.000000,18183.000000,56371.000000
26332.000000,12726.000000,18189.000000,56377.000000
26338.000000,12710.000000,18154.000000,56365.000000
26306.000000,12678.000000,18165.000000,56346.000000
26286.000000,12673.000000,18148.000000,56347.000000
26292.000000,12679.000000,18125.000000,56350.000000
26235.000000,12678.000000,18117.000000,56330.000000
26262.000000,12656.000000,18072.000000,56329.000000
26130.000000,12641.000000,18058.000000,56309.000000
26135.000000,12630.000000,18045.000000,56291.000000
