660nm,730nm,850nm,940nm
11635.000000,12595.000000,10504.000000,48545.000000
11627.000000,12611.000000,10464.000000,48519.000000
11689.000000,12605.000000,10489.000000,48527.000000
11628.000000,12605.000000,10470.000000,48490.000000
11604.000000,12663.000000,10477.000000,48468.000000
11602.000000,12568.000000,10491.000000,48492.000000
11613.000000,12611.000000,10482.000000,48473.000000
11557.000000,12567.000000,10447.000000,48455.000000
11579.000000,12565.000000,10456.000000,48468.000000
11566.000000,12520.000000,10512.000000,48482.000000
11593.000000,12542.000000,10451.000000,48496.000000
11600.000000,12549.000000,10442.000000,48539.000000
11571.000000,12564.000000,10445.000000,48465.000000
11627.000000,12571.000000,10422.000000,48516.000000
11584.000000,12599.000000,10446.000000,48449.000000
11568.000000,12551.000000,10392.000000,48475.000000
11534.000000,12581.000000,10407.000000,48430.000000
11580.000000,12509.000000,10413.000000,48456.000000
11540.000000,12486.000000,10423.000000,48451.000000
11531.000000,12535.000000,10386.000000,48453.000000
11523.000000,12505.000000,10414.000000,48448.000000
11485.000000,12579.000000,10399.000000,48428.000000
11469.000000,12524.000000,10364.000000,48409.000000
11475.000000,12547.000000,10373.000000,48402.000000
11431.000000,12533.000000,10423.000000,48377.000000
11447.000000,12516.000000,10374.000000,48431.000000
11410.000000,12536.000000,10433.000000,48415.000000
11466.000000,12521.000000,10335.000000,48411.000000
11464.000000,12509.000000,10364.000000,48460.000000
11541.000000,12504.000000,10363.000000,48423.000000
11504.000000,12519.000000,10301.000000,48464.000000
11442.000000,12497.000000,10340.000000,48425.000000
11422.000000,12495.000000,10309.000000,48407.000000
11397.000000,12480.000000,10305.000000,48386.000000
11379.000000,12510.000000,10334.000000,48407.000000
11389.000000,12456.000000,10397.000000,48423.000000
11414.000000,12477.000000,10338.000000,48372.000000
11383.000000,12404.000000,10317.000000,48400.000000
11395.000000,12500.000000,10289.000000,48399.000000
11433.000000,12406.000000,10318.000000,48406.000000
11367.000000,12448.000000,10281.000000,48377.000000
11389.000000,12435.000000,10258.000000,48361.000000
11352.000000,12447.000000,10274.000000,48346.000000
11320.000000,12401.000000,10284.000000,48381.000000
11384.000000,12436.000000,10264.000000,48355.000000
11336.000000,12408.000000,10270.000000,48356.000000
11373.000000,12407.000000,10270.000000,48362.000000
11377.000000,12411.000000,10230.000000,48343.000000
11338.000000,12447.000000,10243.000000,48308.000000
11318.000000,12453.000000,10263.000000,48308.000000
11341.000000,12453.000000,10224.000000,48305.000000
11335.000000,12388.000000,10204.000000,48345.000000
11256.000000,12413.000000,10220.000000,48308.000000
11327.000000,12395.000000,10219.000000,48338.000000
11293.000000,12399.000000,10272.000000,48349.000000
11323.000000,12413.000000,10194.000000,48348.000000
11326.000000,12371.000000,10221.000000,48362.000000
11299.000000,12408.000000,10176.000000,48310.000000
11334.000000,12366.000000,10195.000000,48340.000000
11274.000000,12403.000000,10203.000000,48342.000000
11322.000000,12378.000000,10176.000000,48337.000000
11271.000000,12416.000000,10216.000000,48349.000000
11335.000000,12393.000000,10187.000000,48371.000000
11286.000000,12398.000000,10256.000000,48379.000000
11291.000000,12414.000000,10220.000000,48318.000000
11300.000000,12388.000000,10257.000000,48318.000000
11324.000000,12423.000000,10217.000000,48346.000000
11329.000000,12409.000000,10235.000000,48356.000000
11345.000000,12444.000000,10266.000000,48361.000000
11375.000000,12444.000000,10324.000000,48343.000000
11374.000000,12460.000000,10282.000000,48363.000000
11378.000000,12432.000000,10336.000000,48406.000000
11411.000000,12449.000000,10326.000000,48375.000000
11434.000000,12475.000000,10313.000000,48430.000000
11425.000000,12464.000000,10343.000000,48415.000000
11431.000000,12522.000000,10286.000000,48407.000000
11463.000000,12503.000000,10390.000000,48397.000000
11479.000000,12501.000000,10406.000000,48424.000000
11460.000000,12526.000000,10414.000000,48423.000000
11524.000000,12521.000000,10441.000000,48462.000000
11511.000000,12514.000000,10478.000000,48502.000000
11552.000000,12572.000000,10463.000000,48474.000000
11595.000000,12517.000000,10450.000000,48569.000000
11619.000000,12611.000000,10461.000000,48515.000000
11625.000000,12611.000000,10517.000000,48559.000000
11641.000000,12585.000000,10542.000000,48510.000000
11659.000000,12617.000000,10526.000000,48527.000000
11672.000000,12651.000000,10583.000000,48543.000000
11694.000000,12613.000000,10604.000000,48594.000000
11667.000000,12652.000000,10640.000000,48572.000000
11732.000000,12662.000000,10610.000000,48589.000000
11759.000000,12707.000000,10709.000000,48630.000000
11781.000000,12741.000000,10706.000000,48635.000000
11799.000000,12783.000000,10730.000000,48613.000000
11764.000000,12741.000000,10739.000000,48640.000000
11798.000000,12813.000000,10850.000000,48624.000000
11839.000000,12836.000000,10795.000000,48683.000000
11907.000000,12779.000000,10853.000000,48724.000000
11867.000000,12801.000000,10846.000000,48685.000000
11920.000000,12830.000000,10870.000000,48764.000000
11925.000000,12819.000000,10870.000000,48703.000000
11943.000000,12883.000000,10846.000000,48716.000000
11907.000000,12867.000000,10906.000000,48720.000000
11947.000000,12921.000000,10928.000000,48747.000000
11953.000000,12902.000000,10985.000000,48741.000000
11978.000000,12875.000000,10959.000000,48740.000000
11989.000000,12849.000000,10968.000000,48789.000000
11990.000000,12928.000000,10942.000000,48768.000000
12005.000000,12864.000000,10912.000000,48798.000000
11965.000000,12906.000000,10948.000000,48746.000000
12058.000000,12886.000000,10924.000000,48816.000000
11965.000000,12850.000000,10943.000000,48747.000000
11995.000000,12904.000000,10929.000000,48775.000000
12004.000000,12910.000000,10920.000000,48767.000000
11976.000000,12875.000000,10893.000000,48792.000000
11965.000000,12885.000000,10920.000000,48760.000000
11971.000000,12914.000000,10885.000000,48719.000000
11992.000000,12891.000000,10887.000000,48721.000000
11960.000000,12901.000000,10886.000000,48755.000000
11988.000000,12867.000000,10913.000000,48716.000000
11970.000000,12900.000000,10897.000000,48742.000000
11994.000000,12825.000000,10886.000000,48747.000000
11992.000000,12851.000000,10895.000000,48740.000000
11948.000000,12812.000000,10910.000000,48739.000000
11959.000000,12865.000000,10881.000000,48706.000000
11990.000000,12838.000000,10826.000000,48771.000000
11947.000000,12848.000000,10858.000000,48690.000000
11915.000000,12875.000000,10834.000000,48705.000000
11919.000000,12832.000000,10856.000000,48731.000000
11905.000000,13101.000000,10850.000000,48683.000000
11905.000000,12816.000000,10844.000000,48701.000000
11869.000000,12822.000000,10837.000000,48681.000000
11941.000000,12812.000000,10784.000000,48739.000000
11914.000000,12850.000000,10797.000000,48692.000000
11878.000000,12776.000000,10769.000000,48701.000000
11865.000000,12822.000000,10812.000000,48674.000000
11950.000000,12808.000000,10721.000000,48695.000000
11843.000000,12797.000000,10764.000000,48662.000000
11875.000000,12810.000000,10761.000000,48675.000000
11848.000000,12771.000000,10765.000000,48636.000000
11901.000000,12763.000000,10772.000000,48716.000000
11826.000000,12792.000000,10754.000000,48681.000000
11858.000000,12794.000000,10707.000000,48679.000000
11813.000000,12762.000000,10756.000000,48661.000000
11839.000000,12797.000000,10718.000000,48611.000000
11835.000000,12775.000000,10747.000000,48670.000000
11822.000000,12738.000000,10760.000000,48621.000000
11815.000000,12731.000000,10716.000000,48634.000000
11798.000000,12756.000000,10718.000000,48661.000000
11788.000000,12724.000000,10684.000000,48632.000000
11775.000000,12701.000000,10669.000000,48604.000000
11791.000000,12735.000000,10678.000000,48592.000000
11743.000000,12702.000000,10667.000000,48607.000000
11666.000000,12716.000000,10681.000000,48514.000000
11704.000000,12726.000000,10650.000000,48588.000000
11692.000000,12659.000000,10704.000000,48580.000000
11680.000000,12697.000000,10628.000000,48579.000000
11728.000000,12653.000000,10648.000000,48599.000000
11644.000000,12672.000000,10625.000000,48557.000000
11664.000000,12694.000000,10655.000000,48556.000000
11676.000000,12691.000000,10609.000000,48550.000000
11645.000000,12657.000000,10609.000000,48576.000000
11586.000000,12647.000000,10627.000000,48501.000000
11680.000000,12641.000000,10571.000000,48548.000000
11583.000000,12661.000000,10563.000000,48549.000000
11638.000000,12645.000000,10592.000000,48547.000000
11606.000000,12671.000000,10578.000000,48522.000000
11622.000000,12625.000000,10565.000000,48547.000000
11605.000000,12618.000000,10558.000000,48488.000000
11605.000000,12631.000000,10535.000000,48553.000000
11552.000000,12634.000000,10579.000000,48508.000000
11561.000000,12603.000000,10544.000000,48503.000000
11600.000000,12583.000000,10521.000000,48543.000000
11569.000000,12633.000000,10544.000000,48522.000000
11585.000000,12605.000000,10489.000000,48530.000000
11559.000000,12618.000000,10464.000000,48471.000000
11588.000000,12589.000000,10503.000000,48475.000000
11527.000000,12620.000000,10516.000000,48485.000000
11577.000000,12586.000000,10496.000000,48505.000000
11470.000000,12571.000000,10506.000000,48494.000000
11544.000000,12552.000000,10484.000000,48498.000000
11581.000000,12517.000000,10510.000000,48508.000000
11559.000000,12591.000000,10468.000000,48481.000000
11582.000000,12559.000000,10420.000000,48549.000000
11523.000000,12541.000000,10446.000000,48476.000000
11514.000000,12573.000000,10469.000000,48498.000000
11537.000000,12551.000000,10438.000000,48506.000000
11525.000000,12532.000000,10405.000000,48467.000000
11528.000000,12505.000000,10430.000000,48515.000000
11489.000000,12588.000000,10407.000000,48518.000000
11533.000000,12504.000000,10406.000000,48483.000000
11476.000000,12533.000000,10419.000000,48473.000000
11504.000000,12534.000000,10421.000000,48475.000000
11479.000000,12545.000000,10419.000000,48470.000000
11474.000000,12513.000000,10431.000000,48412.000000
11483.000000,12496.000000,10410.000000,48475.000000
11475.000000,12500.000000,10435.000000,48476.000000
11447.000000,12523.000000,10407.000000,48423.000000
11523.000000,12517.000000,10347.000000,48493.000000
11486.000000,12540.000000,10371.000000,48436.000000
11467.000000,12533.000000,10305.000000,48436.000000
11428.000000,12518.000000,10388.000000,48445.000000
11405.000000,12532.000000,10352.000000,48394.000000
11421.000000,12497.000000,10395.000000,48434.000000
11431.000000,12497.000000,10370.000000,48417.000000
11409.000000,12467.000000,10354.000000,48430.000000
11405.000000,12511.000000,10333.000000,48423.000000
11457.000000,12440.000000,10339.000000,48419.000000
11408.000000,12477.000000,10361.000000,48423.000000
11458.000000,12470.000000,10293.000000,48444.000000
11416.000000,12466.000000,10356.000000,48396.000000
11448.000000,12493.000000,10348.000000,48431.000000
11407.000000,12485.000000,10320.000000,48421.000000
11428.000000,12473.000000,10294.000000,48454.000000
11439.000000,12481.000000,10302.000000,48412.000000
11448.000000,12499.000000,10289.000000,48428.000000
11432.000000,12419.000000,10312.000000,48416.000000
11407.000000,12496.000000,10340.000000,48402.000000
11425.000000,12432.000000,10323.000000,48415.000000
11394.000000,12498.000000,10310.000000,48389.000000
11346.000000,12447.000000,10342.000000,48345.000000
11391.000000,12464.000000,10330.000000,48402.000000
11366.000000,12451.000000,10344.000000,48402.000000
11353.000000,12442.000000,10289.000000,48421.000000
11380.000000,12426.000000,10321.000000,48463.000000
11383.000000,12421.000000,10311.000000,48394.000000
11417.000000,12458.000000,10277.000000,48457.000000
11387.000000,12446.000000,10310.000000,48376.000000
11360.000000,12505.000000,10257.000000,48363.000000
11371.000000,12413.000000,10314.000000,48411.000000
11374.000000,12473.000000,10330.000000,48432.000000
11359.000000,12461.000000,10318.000000,48416.000000
11379.000000,12432.000000,10312.000000,48412.000000
11326.000000,12402.000000,10386.000000,48437.000000
11400.000000,12482.000000,10320.000000,48432.000000
11346.000000,12451.000000,10366.000000,48432.000000
11389.000000,12471.000000,10318.000000,48431.000000
11382.000000,12468.000000,10355.000000,48388.000000
11400.000000,12486.000000,10357.000000,48459.000000
11401.000000,12533.000000,10374.000000,48415.000000
11432.000000,12506.000000,10380.000000,48464.000000
11400.000000,12508.000000,10446.000000,48431.000000
11413.000000,12505.000000,10413.000000,48466.000000
11447.000000,12519.000000,10480.000000,48546.000000
11492.000000,12539.000000,10454.000000,48498.000000
11525.000000,12530.000000,10504.000000,48548.000000
11535.000000,12515.000000,10488.000000,48563.000000
11539.000000,12587.000000,10519.000000,48565.000000
11578.000000,12603.000000,10530.000000,48550.000000
11589.000000,12604.000000,10583.000000,48579.000000
11544.000000,12639.000000,10560.000000,48499.000000
11580.000000,12574.000000,10586.000000,48588.000000
11563.000000,12673.000000,10641.000000,48559.000000
11636.000000,12642.000000,10637.000000,48619.000000
11585.000000,12631.000000,10702.000000,48612.000000
11690.000000,12643.000000,10708.000000,48639.000000
11663.000000,12713.000000,10722.000000,48647.000000
11681.000000,12687.000000,10711.000000,48677.000000
11674.000000,12689.000000,10817.000000,48653.000000
11705.000000,12755.000000,10803.000000,48682.000000
11752.000000,12694.000000,10841.000000,48702.000000
11740.000000,12775.000000,10830.000000,48761.000000
11781.000000,12768.000000,10865.000000,48759.000000
11817.000000,12753.000000,10881.000000,48822.000000
11802.000000,12802.000000,10909.000000,48766.000000
11850.000000,12772.000000,10943.000000,48833.000000
11814.000000,12803.000000,10977.000000,48785.000000
11896.000000,12836.000000,10930.000000,48818.000000
11842.000000,12826.000000,10983.000000,48805.000000
11837.000000,12882.000000,11033.000000,48797.000000
11860.000000,12852.000000,11035.000000,48868.000000
11833.000000,12889.000000,11096.000000,48843.000000
11879.000000,12855.000000,11089.000000,48883.000000
11882.000000,12867.000000,11111.000000,48817.000000
11902.000000,12851.000000,11068.000000,48913.000000
11901.000000,12889.000000,11069.000000,48859.000000
11909.000000,12919.000000,11086.000000,48923.000000
11926.000000,12901.000000,11081.000000,48883.000000
11966.000000,12858.000000,11045.000000,48930.000000
11869.000000,12863.000000,11081.000000,48863.000000
11881.000000,12872.000000,11077.000000,48851.000000
11833.000000,12859.000000,11063.000000,48848.000000
11806.000000,12842.000000,11080.000000,48836.000000
11791.000000,12871.000000,11023.000000,48811.000000
11768.000000,12801.000000,11022.000000,48809.000000
11771.000000,13060.000000,10982.000000,48812.000000
11757.000000,12820.000000,10944.000000,48820.000000
11684.000000,12808.000000,10967.000000,48786.000000
11669.000000,12828.000000,10936.000000,48763.000000
11676.000000,12773.000000,10928.000000,48727.000000
11644.000000,12757.000000,10932.000000,48752.000000
11638.000000,12793.000000,10900.000000,48738.000000
11647.000000,12787.000000,10883.000000,48739.000000
11585.000000,12761.000000,10961.000000,48755.000000
11609.000000,12725.000000,10887.000000,48739.000000
11600.000000,12663.000000,10911.000000,48732.000000
11576.000000,12724.000000,10843.000000,48703.000000
11565.000000,12658.000000,10835.000000,48693.000000
11515.000000,12716.000000,10826.000000,48701.000000
11533.000000,12689.000000,10832.000000,48948.000000
11498.000000,12708.000000,10851.000000,48687.000000
11517.000000,12637.000000,10845.000000,48642.000000
11491.000000,12657.000000,10804.000000,48693.000000
11483.000000,12668.000000,10808.000000,48690.000000
11475.000000,12707.000000,10775.000000,48685.000000
11514.000000,12633.000000,10791.000000,48678.000000
11471.000000,12657.000000,10728.000000,48703.000000
11490.000000,12667.000000,10767.000000,48655.000000
11518.000000,12650.000000,10732.000000,48660.000000
11465.000000,12663.000000,10788.000000,48680.000000
11452.000000,12664.000000,10727.000000,48622.000000
11459.000000,12647.000000,10741.000000,48652.000000
11414.000000,12647.000000,10733.000000,48630.000000
11447.000000,12593.000000,10666.000000,48632.000000
11439.000000,12583.000000,10751.000000,48630.000000
11465.000000,12625.000000,10687.000000,48641.000000
11459.000000,12633.000000,10729.000000,48638.000000
11481.000000,12587.000000,10705.000000,48647.000000
11443.000000,12604.000000,10707.000000,48640.000000
11527.000000,12647.000000,10624.000000,48664.000000
11446.000000,12644.000000,10702.000000,48646.000000
11473.000000,12674.000000,10662.000000,48640.000000
11510.000000,12625.000000,10709.000000,48634.000000
11478.000000,12615.000000,10667.000000,48661.000000
11484.000000,12571.000000,10691.000000,48660.000000
11463.000000,12593.000000,10661.000000,48632.000000
11473.000000,12586.000000,10693.000000,48637.000000
11476.000000,12621.000000,10599.000000,48612.000000
11402.000000,12576.000000,10630.000000,48605.000000
11371.000000,12571.000000,10608.000000,48543.000000
11402.000000,12552.000000,10561.000000,48578.000000
11352.000000,12553.000000,10587.000000,48535.000000
11316.000000,12500.000000,10603.000000,48533.000000
11318.000000,12521.000000,10531.000000,48556.000000
11317.000000,12475.000000,10571.000000,48574.000000
11299.000000,12514.000000,10538.000000,48527.000000
11302.000000,12478.000000,10540.000000,48599.000000
11288.000000,12498.000000,10534.000000,48538.000000
11342.000000,12500.000000,10508.000000,48571.000000
11322.000000,12498.000000,10569.000000,48554.000000
11283.000000,12569.000000,10475.000000,48523.000000
11309.000000,12491.000000,10536.000000,48554.000000
11281.000000,12476.000000,10512.000000,48568.000000
11286.000000,12476.000000,10500.000000,48530.000000
11303.000000,12416.000000,10512.000000,48515.000000
11289.000000,12461.000000,10542.000000,48546.000000
11277.000000,12469.000000,10477.000000,48509.000000
11228.000000,12430.000000,10467.000000,48499.000000
11233.000000,12466.000000,10451.000000,48493.000000
11264.000000,12403.000000,10453.000000,48466.000000
11198.000000,12441.000000,10449.000000,48479.000000
11164.000000,12395.000000,10459.000000,48437.000000
11126.000000,12419.000000,10402.000000,48459.000000
11135.000000,12360.000000,10418.000000,48461.000000
11122.000000,12380.000000,10389.000000,48423.000000
11131.000000,12373.000000,10333.000000,48467.000000
11055.000000,12336.000000,10362.000000,48420.000000
11089.000000,12364.000000,10302.000000,48402.000000
11056.000000,12381.000000,10306.000000,48396.000000
11054.000000,12343.000000,10317.000000,48379.000000
11042.000000,12384.000000,10367.000000,48378.000000
11095.000000,12331.000000,10341.000000,48403.000000
11043.000000,12344.000000,10351.000000,48412.000000
11091.000000,12361.000000,10323.000000,48430.000000
11099.000000,12315.000000,10407.000000,48431.000000
11132.000000,12347.000000,10326.000000,48443.000000
11148.000000,12271.000000,10345.000000,48430.000000
11134.000000,12317.000000,10327.000000,48401.000000
11107.000000,12330.000000,10324.000000,48363.000000
11091.000000,12321.000000,10307.000000,48386.000000
11074.000000,12294.000000,10292.000000,48397.000000
11025.000000,12318.000000,10298.000000,48357.000000
11084.000000,12305.000000,10264.000000,48405.000000
11008.000000,12315.000000,10280.000000,48370.000000
11039.000000,12312.000000,10253.000000,48364.000000
11012.000000,12335.000000,10267.000000,48350.000000
11051.000000,12287.000000,10261.000000,48378.000000
11005.000000,12318.000000,10219.000000,48366.000000
11062.000000,12307.000000,10226.000000,48385.000000
11035.000000,12318.000000,10247.000000,48326.000000
11074.000000,12287.000000,10233.000000,48382.000000
11041.000000,12280.000000,10236.000000,48386.000000
11084.000000,12289.000000,10227.000000,48386.000000
11091.000000,12273.000000,10234.000000,48391.000000
11094.000000,12291.000000,10192.000000,48329.000000
11061.000000,12305.000000,10192.000000,48394.000000
11065.000000,12334.000000,10220.000000,48326.000000
11083.000000,12325.000000,10220.000000,48375.000000
11025.000000,12292.000000,10232.000000,48337.000000
11056.000000,12297.000000,10174.000000,48357.000000
10981.000000,12305.000000,10234.000000,48304.000000
11013.000000,12271.000000,10220.000000,48328.000000
10964.000000,12276.000000,10242.000000,48320.000000
10996.000000,12252.000000,10191.000000,48341.000000
11036.000000,12283.000000,10172.000000,48324.000000
10999.000000,12267.000000,10192.000000,48331.000000
10992.000000,12300.000000,10202.000000,48301.000000
11026.000000,12273.000000,10210.000000,48349.000000
10981.000000,12255.000000,10242.000000,48333.000000
10995.000000,12281.000000,10213.000000,48374.000000
11027.000000,12234.000000,10190.000000,48409.000000
10998.000000,12294.000000,10193.000000,48338.000000
11029.000000,12279.000000,10240.000000,48342.000000
11058.000000,12325.000000,10198.000000,48385.000000
11037.000000,12268.000000,10227.000000,48354.000000
11086.000000,12336.000000,10224.000000,48370.000000
11038.000000,12331.000000,10253.000000,48388.000000
11042.000000,12359.000000,10265.000000,48314.000000
11049.000000,12317.000000,10281.000000,48369.000000
11014.000000,12366.000000,10303.000000,48363.000000
11057.000000,12338.000000,10287.000000,48397.000000
11030.000000,12338.000000,10333.000000,48414.000000
11128.000000,12355.000000,10328.000000,48401.000000
11100.000000,12372.000000,10331.000000,48432.000000
11135.000000,12357.000000,10332.000000,48434.000000
11163.000000,12363.000000,10389.000000,48443.000000
11259.000000,12438.000000,10377.000000,48505.000000
11206.000000,12411.000000,10397.000000,48510.000000
11226.000000,12412.000000,10451.000000,48502.000000
11222.000000,12437.000000,10476.000000,48545.000000
11263.000000,12421.000000,10514.000000,48555.000000
11249.000000,12455.000000,10506.000000,48548.000000
11299.000000,12422.000000,10529.000000,48536.000000
11315.000000,12486.000000,10559.000000,48566.000000
11350.000000,12532.000000,10590.000000,48586.000000
11375.000000,12517.000000,10649.000000,48591.000000
11361.000000,12584.000000,10645.000000,48595.000000
11422.000000,12555.000000,10699.000000,48654.000000
11416.000000,12601.000000,10723.000000,48626.000000
11411.000000,12588.000000,10741.000000,48661.000000
11450.000000,12607.000000,10741.000000,48674.000000
11458.000000,12595.000000,10751.000000,48720.000000
11487.000000,12611.000000,10734.000000,48691.000000
11521.000000,12600.000000,10773.000000,48786.000000
11520.000000,12652.000000,10806.000000,48710.000000
11562.000000,12662.000000,10743.000000,48734.000000
11499.000000,12660.000000,10813.000000,48698.000000
11568.000000,12676.000000,10811.000000,48745.000000
11573.000000,12730.000000,10871.000000,48740.000000
11632.000000,12715.000000,10916.000000,48806.000000
11601.000000,12737.000000,10909.000000,48746.000000
11698.000000,12770.000000,10915.000000,48780.000000
11680.000000,12751.000000,10946.000000,48799.000000
11700.000000,12814.000000,10959.000000,48800.000000
11713.000000,12792.000000,10986.000000,48813.000000
11747.000000,12824.000000,10998.000000,48830.000000
11713.000000,12827.000000,11042.000000,48819.000000
11768.000000,12799.000000,11008.000000,48807.000000
11728.000000,12848.000000,11067.000000,48832.000000
11797.000000,12840.000000,11013.000000,48823.000000
11775.000000,12800.000000,11085.000000,48873.000000
11804.000000,12813.000000,11055.000000,48828.000000
11798.000000,12777.000000,10967.000000,48882.000000
11748.000000,12821.000000,10968.000000,48818.000000
11757.000000,12774.000000,10959.000000,48805.000000
11759.000000,13071.000000,10937.000000,48790.000000
11705.000000,12783.000000,10935.000000,48797.000000
11686.000000,12769.000000,10949.000000,48743.000000
11667.000000,12735.000000,10910.000000,48786.000000
11615.000000,12707.000000,10922.000000,48751.000000
11659.000000,12736.000000,10865.000000,48721.000000
11623.000000,12727.000000,10925.000000,48701.000000
11627.000000,12751.000000,10846.000000,48739.000000
11621.000000,12726.000000,10825.000000,48693.000000
11616.000000,12697.000000,10817.000000,48732.000000
11633.000000,12747.000000,10826.000000,48664.000000
11597.000000,12684.000000,10801.000000,48672.000000
11572.000000,12693.000000,10808.000000,48708.000000
11592.000000,12659.000000,10763.000000,48690.000000
11593.000000,12651.000000,10762.000000,48704.000000
11595.000000,12707.000000,10744.000000,48700.000000
11599.000000,12691.000000,10725.000000,48694.000000
11602.000000,12701.000000,10761.000000,48689.000000
11621.000000,12697.000000,10768.000000,48695.000000
11645.000000,12683.000000,10743.000000,48660.000000
11618.000000,12664.000000,10749.000000,48682.000000
11573.000000,12679.000000,10762.000000,48604.000000
11605.000000,12651.000000,10739.000000,48677.000000
11523.000000,12640.000000,10775.000000,48633.000000
11574.000000,12647.000000,10712.000000,48656.000000
11571.000000,12643.000000,10733.000000,48647.000000
11544.000000,12583.000000,10669.000000,48639.000000
11552.000000,12595.000000,10667.000000,48613.000000
11538.000000,12647.000000,10694.000000,48624.000000
11517.000000,12629.000000,10688.000000,48585.000000
11512.000000,12623.000000,10673.000000,48597.000000
11544.000000,12611.000000,10634.000000,48626.000000
11524.000000,12634.000000,10642.000000,48612.000000
11555.000000,12565.000000,10623.000000,48584.000000
11515.000000,12568.000000,10590.000000,48629.000000
11500.000000,12575.000000,10594.000000,48607.000000
11600.000000,12575.000000,10609.000000,48637.000000
11509.000000,12591.000000,10603.000000,48581.000000
11542.000000,12571.000000,10570.000000,48571.000000
11523.000000,12581.000000,10574.000000,48588.000000
11519.000000,12608.000000,10614.000000,48598.000000
11503.000000,12579.000000,10574.000000,48596.000000
11488.000000,12586.000000,10628.000000,48551.000000
11529.000000,12552.000000,10597.000000,48611.000000
11552.000000,12580.000000,10577.000000,48584.000000
11514.000000,12551.000000,10588.000000,48613.000000
11527.000000,12542.000000,10581.000000,48591.000000
11525.000000,12506.000000,10612.000000,48610.000000
11539.000000,12560.000000,10595.000000,48576.000000
11579.000000,12522.000000,10548.000000,48614.000000
11543.000000,12559.000000,10583.000000,48590.000000
11541.000000,12559.000000,10602.000000,48543.000000
11537.000000,12560.000000,10566.000000,48571.000000
11528.000000,12541.000000,10592.000000,48554.000000
11534.000000,12559.000000,10579.000000,48563.000000
11512.000000,12537.000000,10617.000000,48577.000000
11528.000000,12558.000000,10582.000000,48591.000000
11586.000000,12542.000000,10549.000000,48628.000000
11562.000000,12587.000000,10551.000000,48576.000000
11571.000000,12609.000000,10531.000000,48622.000000
11617.000000,12547.000000,10533.000000,48610.000000
11584.000000,12534.000000,10556.000000,48575.000000
11582.000000,12587.000000,10494.000000,48544.000000
11569.000000,12541.000000,10545.000000,48552.000000
11563.000000,12616.000000,10520.000000,48514.000000
11518.000000,12540.000000,10543.000000,48570.000000
11546.000000,12565.000000,10546.000000,48511.000000
11568.000000,12555.000000,10516.000000,48553.000000
11504.000000,12523.000000,10543.000000,48517.000000
11506.000000,12539.000000,10519.000000,48564.000000
11512.000000,12537.000000,10474.000000,48520.000000
11535.000000,12532.000000,10503.000000,48565.000000
11526.000000,12522.000000,10523.000000,48554.000000
11551.000000,12559.000000,10479.000000,48547.000000
11550.000000,12519.000000,10489.000000,48553.000000
11570.000000,12522.000000,10527.000000,48542.000000
11534.000000,12515.000000,10518.000000,48549.000000
11539.000000,12501.000000,10529.000000,48563.000000
11547.000000,12546.000000,10478.000000,48559.000000
11523.000000,12496.000000,10518.000000,48547.000000
11548.000000,12513.000000,10522.000000,48536.000000
11566.000000,12521.000000,10501.000000,48577.000000
11520.000000,12534.000000,10520.000000,48532.000000
11539.000000,12551.000000,10469.000000,48554.000000
11544.000000,12521.000000,10508.000000,48550.000000
11515.000000,12561.000000,10493.000000,48563.000000
11534.000000,12545.000000,10518.000000,48535.000000
11513.000000,12542.000000,10490.000000,48542.000000
11511.000000,12482.000000,10504.000000,48542.000000
11515.000000,12502.000000,10511.000000,48545.000000
11471.000000,12507.000000,10551.000000,48505.000000
11533.000000,12495.000000,10487.000000,48535.000000
11474.000000,12541.000000,10518.000000,48532.000000
11500.000000,12496.000000,10456.000000,48515.000000
11499.000000,12508.000000,10453.000000,48500.000000
11497.000000,12515.000000,10479.000000,48528.000000
11503.000000,12567.000000,10470.000000,48495.000000
11471.000000,12513.000000,10476.000000,48499.000000
11462.000000,12502.000000,10468.000000,48492.000000
11485.000000,12506.000000,10482.000000,48500.000000
11511.000000,12454.000000,10468.000000,48542.000000
11518.000000,12477.000000,10466.000000,48564.000000
11488.000000,12487.000000,10435.000000,48522.000000
11507.000000,12496.000000,10405.000000,48540.000000
11495.000000,12493.000000,10451.000000,48527.000000
11530.000000,12510.000000,10426.000000,48511.000000
11512.000000,12496.000000,10440.000000,48525.000000
11498.000000,12553.000000,10470.000000,48474.000000
11509.000000,12479.000000,10484.000000,48511.000000
11471.000000,12475.000000,10528.000000,48502.000000
11501.000000,12510.000000,10458.000000,48510.000000
11505.000000,12488.000000,10479.000000,48537.000000
11544.000000,12505.000000,10465.000000,48509.000000
11536.000000,12449.000000,10477.000000,48507.000000
11523.000000,12520.000000,10467.000000,48482.000000
11511.000000,12492.000000,10502.000000,48513.000000
11514.000000,12509.000000,10463.000000,48533.000000
11492.000000,12509.000000,10469.000000,48548.000000
11501.000000,12540.000000,10428.000000,48529.000000
11528.000000,12502.000000,10477.000000,48519.000000
11501.000000,12504.000000,10476.000000,48546.000000
11533.000000,12514.000000,10485.000000,48549.000000
11563.000000,12507.000000,10468.000000,48563.000000
11515.000000,12490.000000,10504.000000,48564.000000
11542.000000,12559.000000,10513.000000,48501.000000
11508.000000,12530.000000,10520.000000,48539.000000
11486.000000,12538.000000,10517.000000,48536.000000
11524.000000,12496.000000,10546.000000,48572.000000
11524.000000,12515.000000,10592.000000,48538.000000
11554.000000,12529.000000,10521.000000,48585.000000
11553.000000,12525.000000,10566.000000,48595.000000
11566.000000,12558.000000,10594.000000,48616.000000
11558.000000,12544.000000,10564.000000,48580.000000
11625.000000,12570.000000,10530.000000,48629.000000
11581.000000,12603.000000,10583.000000,48598.000000
11607.000000,12611.000000,10570.000000,48611.000000
11615.000000,12610.000000,10621.000000,48600.000000
11616.000000,12624.000000,10634.000000,48670.000000
11609.000000,12603.000000,10655.000000,48622.000000
11647.000000,12619.000000,10646.000000,48660.000000
11694.000000,12653.000000,10696.000000,48672.000000
11629.000000,12649.000000,10676.000000,48662.000000
11669.000000,12617.000000,10733.000000,48665.000000
11652.000000,12685.000000,10744.000000,48668.000000
11719.000000,12661.000000,10766.000000,48716.000000
11727.000000,12695.000000,10773.000000,48722.000000
11724.000000,12656.000000,10805.000000,48709.000000
11734.000000,12716.000000,10805.000000,48710.000000
11766.000000,12681.000000,10889.000000,48801.000000
11779.000000,12733.000000,10888.000000,48729.000000
11849.000000,12760.000000,10853.000000,48792.000000
11844.000000,12763.000000,10913.000000,48786.000000
11858.000000,12824.000000,10905.000000,48793.000000
11884.000000,12804.000000,10952.000000,48828.000000
11849.000000,12882.000000,10966.000000,48822.000000
11939.000000,12863.000000,11033.000000,48883.000000
12211.000000,12892.000000,11045.000000,48887.000000
11960.000000,12899.000000,11079.000000,48899.000000
11995.000000,12897.000000,11086.000000,48888.000000
12060.000000,12862.000000,11146.000000,48985.000000
12055.000000,12938.000000,11182.000000,48943.000000
12159.000000,12930.000000,11164.000000,48980.000000
12114.000000,12964.000000,11192.000000,48958.000000
12129.000000,12967.000000,11211.000000,48964.000000
12135.000000,12991.000000,11216.000000,48980.000000
12183.000000,12996.000000,11265.000000,48982.000000
12192.000000,13004.000000,11256.000000,49027.000000
12224.000000,12991.000000,11257.000000,49025.000000
12181.000000,13036.000000,11253.000000,48995.000000
12195.000000,13009.000000,11212.000000,48962.000000
12200.000000,13011.000000,11268.000000,49029.000000
12188.000000,13039.000000,11277.000000,48959.000000
12149.000000,13018.000000,11250.000000,48953.000000
12170.000000,13000.000000,11230.000000,48994.000000
12124.000000,12983.000000,11308.000000,49017.000000
12144.000000,13020.000000,11233.000000,48999.000000
12202.000000,12995.000000,11237.000000,49058.000000
12156.000000,12998.000000,11246.000000,48991.000000
12166.000000,12997.000000,11196.000000,49035.000000
12122.000000,12975.000000,11264.000000,48967.000000
12209.000000,13026.000000,11190.000000,48990.000000
12176.000000,13008.000000,11233.000000,48967.000000
12139.000000,13014.000000,11217.000000,49017.000000
12115.000000,12999.000000,11227.000000,48975.000000
12122.000000,12955.000000,11195.000000,48998.000000
12145.000000,12959.000000,11236.000000,49017.000000
12137.000000,13026.000000,11226.000000,48988.000000
12151.000000,12962.000000,11224.000000,48982.000000
12072.000000,12956.000000,11238.000000,48965.000000
12119.000000,12975.000000,11262.000000,48932.000000
12126.000000,12955.000000,11207.000000,48952.000000
12101.000000,12974.000000,11239.000000,48956.000000
12092.000000,12976.000000,11174.000000,48964.000000
12054.000000,12979.000000,11254.000000,48976.000000
12125.000000,12937.000000,11219.000000,48924.000000
12136.000000,12936.000000,11189.000000,48991.000000
12088.000000,12959.000000,11187.000000,48975.000000
12099.000000,12986.000000,11161.000000,48959.000000
12073.000000,12978.000000,11190.000000,48940.000000
12043.000000,12983.000000,11171.000000,48892.000000
12004.000000,12988.000000,11207.000000,48920.000000
12083.000000,12969.000000,11191.000000,48905.000000
12043.000000,12952.000000,11216.000000,48949.000000
12058.000000,12951.000000,11143.000000,48942.000000
11989.000000,12907.000000,11216.000000,48909.000000
12050.000000,12970.000000,11161.000000,48943.000000
12025.000000,12880.000000,11179.000000,48938.000000
12023.000000,12960.000000,11160.000000,48931.000000
12018.000000,12900.000000,11153.000000,48893.000000
11985.000000,13177.000000,11156.000000,48925.000000
11981.000000,12931.000000,11138.000000,48912.000000
11926.000000,12922.000000,11149.000000,48895.000000
11979.000000,12908.000000,11139.000000,48878.000000
11979.000000,12920.000000,11124.000000,48926.000000
11994.000000,12915.000000,11101.000000,48918.000000
11964.000000,12936.000000,11076.000000,48922.000000
11971.000000,12915.000000,11073.000000,48875.000000
11978.000000,12866.000000,11068.000000,48912.000000
11963.000000,12868.000000,11058.000000,48869.000000
11937.000000,12940.000000,11043.000000,48860.000000
11924.000000,12880.000000,11036.000000,48855.000000
11892.000000,12857.000000,11089.000000,48807.000000
11932.000000,12841.000000,11051.000000,48844.000000
11874.000000,12852.000000,11063.000000,48810.000000
11899.000000,12890.000000,11053.000000,48853.000000
11915.000000,12814.000000,11034.000000,48827.000000
11892.000000,12841.000000,10989.000000,48834.000000
11869.000000,12823.000000,11000.000000,48781.000000
11840.000000,12859.000000,10992.000000,48770.000000
11829.000000,12849.000000,10977.000000,48824.000000
11808.000000,12881.000000,10976.000000,48783.000000
11808.000000,12831.000000,10958.000000,48809.000000
11763.000000,12848.000000,10959.000000,48782.000000
11806.000000,12799.000000,10970.000000,48769.000000
11819.000000,12843.000000,10962.000000,48802.000000
11807.000000,12787.000000,10946.000000,48800.000000
11782.000000,12806.000000,10938.000000,48771.000000
11771.000000,12779.000000,10966.000000,48802.000000
11796.000000,12799.000000,10936.000000,48769.000000
11789.000000,12783.000000,10914.000000,48784.000000
11786.000000,12759.000000,10975.000000,48766.000000
11827.000000,12769.000000,10916.000000,48803.000000
11779.000000,12791.000000,10937.000000,48809.000000
11776.000000,12720.000000,10897.000000,48774.000000
11786.000000,12757.000000,10899.000000,48766.000000
11779.000000,12727.000000,10825.000000,48720.000000
11750.000000,12745.000000,10864.000000,48746.000000
11731.000000,12753.000000,10799.000000,48728.000000
11711.000000,12737.000000,10832.000000,48730.000000
11707.000000,12741.000000,10814.000000,48697.000000
11642.000000,12695.000000,10820.000000,48701.000000
11647.000000,12744.000000,10792.000000,48714.000000
11668.000000,12705.000000,10821.000000,48690.000000
11655.000000,12719.000000,10781.000000,48715.000000
11629.000000,12688.000000,10774.000000,48698.000000
11640.000000,12706.000000,10783.000000,48651.000000
11674.000000,12724.000000,10788.000000,48727.000000
11657.000000,12692.000000,10826.000000,48677.000000
11656.000000,12687.000000,10814.000000,48675.000000
11668.000000,12681.000000,10795.000000,48702.000000
11677.000000,12675.000000,10784.000000,48713.000000
11670.000000,12717.000000,10812.000000,48684.000000
11679.000000,12663.000000,10796.000000,48728.000000
11660.000000,12715.000000,10806.000000,48712.000000
11703.000000,12671.000000,10763.000000,48745.000000
11657.000000,12687.000000,10773.000000,48721.000000
11625.000000,12705.000000,10730.000000,48676.000000
11662.000000,12675.000000,10736.000000,48681.000000
11606.000000,12680.000000,10761.000000,48650.000000
11600.000000,12655.000000,10742.000000,48675.000000
11604.000000,12633.000000,10710.000000,48670.000000
11608.000000,12643.000000,10688.000000,48745.000000
11617.000000,12657.000000,10717.000000,48643.000000
11613.000000,12607.000000,10702.000000,48703.000000
11570.000000,12647.000000,10725.000000,48663.000000
11600.000000,12611.000000,10651.000000,48629.000000
11580.000000,12651.000000,10678.000000,48655.000000
11553.000000,12634.000000,10660.000000,48658.000000
11590.000000,12620.000000,10703.000000,48640.000000
11592.000000,12603.000000,10676.000000,48706.000000
11560.000000,12615.000000,10662.000000,48661.000000
11554.000000,12609.000000,10633.000000,48646.000000
11564.000000,12605.000000,10652.000000,48626.000000
11548.000000,12632.000000,10637.000000,48632.000000
11539.000000,12615.000000,10658.000000,48637.000000
11572.000000,12595.000000,10669.000000,48619.000000
11518.000000,12615.000000,10683.000000,48631.000000
11547.000000,12616.000000,10644.000000,48628.000000
11506.000000,12609.000000,10658.000000,48633.000000
11546.000000,12568.000000,10651.000000,48616.000000
11555.000000,12551.000000,10648.000000,48678.000000
11563.000000,12600.000000,10657.000000,48630.000000
11567.000000,12525.000000,10601.000000,48660.000000
11533.000000,12592.000000,10631.000000,48600.000000
11560.000000,12562.000000,10588.000000,48645.000000
11514.000000,12586.000000,10654.000000,48623.000000
11520.000000,12619.000000,10623.000000,48634.000000
11539.000000,12541.000000,10648.000000,48654.000000
11537.000000,12583.000000,10606.000000,48635.000000
11564.000000,12542.000000,10696.000000,48651.000000
11553.000000,12595.000000,10675.000000,48664.000000
11586.000000,12555.000000,10707.000000,48628.000000
11581.000000,12572.000000,10664.000000,48642.000000
11588.000000,12643.000000,10692.000000,48636.000000
11624.000000,12600.000000,10708.000000,48659.000000
11584.000000,12641.000000,10690.000000,48627.000000
11576.000000,12623.000000,10683.000000,48684.000000
11602.000000,12635.000000,10708.000000,48656.000000
11634.000000,12658.000000,10733.000000,48688.000000
11615.000000,12647.000000,10758.000000,48683.000000
11646.000000,12640.000000,10707.000000,48694.000000
11662.000000,12608.000000,10763.000000,48753.000000
11696.000000,12657.000000,10736.000000,48706.000000
11676.000000,12684.000000,10782.000000,48728.000000
11687.000000,12668.000000,10781.000000,48736.000000
11714.000000,12681.000000,10834.000000,48741.000000
11753.000000,12688.000000,10777.000000,48741.000000
11690.000000,12703.000000,10855.000000,48781.000000
11713.000000,12791.000000,10881.000000,48749.000000
11782.000000,12763.000000,10887.000000,48797.000000
11775.000000,12755.000000,10907.000000,48767.000000
11823.000000,12805.000000,10945.000000,48826.000000
11817.000000,12801.000000,10941.000000,48854.000000
11843.000000,12804.000000,11001.000000,48852.000000
11868.000000,12852.000000,10986.000000,48870.000000
11870.000000,12822.000000,11023.000000,48856.000000
11901.000000,12830.000000,11049.000000,48847.000000
11953.000000,12855.000000,11052.000000,48904.000000
11926.000000,12876.000000,11098.000000,48932.000000
11936.000000,12895.000000,11136.000000,48946.000000
11979.000000,13132.000000,11134.000000,48931.000000
12013.000000,12875.000000,11174.000000,49002.000000
12023.000000,12952.000000,11167.000000,48955.000000
12041.000000,12947.000000,11180.000000,48997.000000
12058.000000,12952.000000,11224.000000,48966.000000
12079.000000,13015.000000,11231.000000,48964.000000
12096.000000,12974.000000,11248.000000,49014.000000
12056.000000,13000.000000,11263.000000,48932.000000
12141.000000,13004.000000,11275.000000,49013.000000
12097.000000,12990.000000,11305.000000,49024.000000
12114.000000,12964.000000,11282.000000,49055.000000
12095.000000,13007.000000,11243.000000,49007.000000
12145.000000,12956.000000,11219.000000,49043.000000
12104.000000,13016.000000,11282.000000,49005.000000
12202.000000,12972.000000,11253.000000,49020.000000
12090.000000,12972.000000,11260.000000,48975.000000
12118.000000,12979.000000,11245.000000,49001.000000
12073.000000,12944.000000,11240.000000,48991.000000
12065.000000,12972.000000,11257.000000,48981.000000
12070.000000,12964.000000,11248.000000,48960.000000
12077.000000,12933.000000,11219.000000,48989.000000
12031.000000,12962.000000,11218.000000,48966.000000
12041.000000,12955.000000,11191.000000,48936.000000
12076.000000,12945.000000,11186.000000,48993.000000
12022.000000,12953.000000,11188.000000,48958.000000
11982.000000,12917.000000,11236.000000,48936.000000
12042.000000,12944.000000,11182.000000,48991.000000
12001.000000,12901.000000,11204.000000,48961.000000
12002.000000,12919.000000,11168.000000,48978.000000
12012.000000,12905.000000,11166.000000,49002.000000
11958.000000,12896.000000,11163.000000,48931.000000
12023.000000,12955.000000,11099.000000,48976.000000
11975.000000,12886.000000,11130.000000,48897.000000
11949.000000,12928.000000,11105.000000,48925.000000
11948.000000,12895.000000,11108.000000,48896.000000
11938.000000,12895.000000,11127.000000,48958.000000
11953.000000,12886.000000,11109.000000,48948.000000
11945.000000,12865.000000,11102.000000,48935.000000
11981.000000,12845.000000,11052.000000,48950.000000
11947.000000,12903.000000,11076.000000,48916.000000
11940.000000,12844.000000,11077.000000,48912.000000
11941.000000,12881.000000,11070.000000,48909.000000
11963.000000,12823.000000,11082.000000,48871.000000
11902.000000,12866.000000,11066.000000,48904.000000
11875.000000,12807.000000,11076.000000,48895.000000
11895.000000,12822.000000,11064.000000,48899.000000
11957.000000,12814.000000,11047.000000,48896.000000
11907.000000,12825.000000,11064.000000,48887.000000
11913.000000,12880.000000,10996.000000,48843.000000
11901.000000,12835.000000,11041.000000,48891.000000
11933.000000,12865.000000,11031.000000,48826.000000
11865.000000,12835.000000,11070.000000,48878.000000
11896.000000,12802.000000,11054.000000,48843.000000
11910.000000,12832.000000,10983.000000,48889.000000
11864.000000,12818.000000,11005.000000,48876.000000
11877.000000,12794.000000,10968.000000,48860.000000
11866.000000,12808.000000,10973.000000,48831.000000
11866.000000,12828.000000,10947.000000,48815.000000
11843.000000,12789.000000,10952.000000,48838.000000
11831.000000,12828.000000,10966.000000,48803.000000
11864.000000,12814.000000,10962.000000,48810.000000
11810.000000,12794.000000,10947.000000,48854.000000
11810.000000,12801.000000,10973.000000,48820.000000
11813.000000,12805.000000,10941.000000,48797.000000
11824.000000,12809.000000,10950.000000,48821.000000
11826.000000,12819.000000,10914.000000,48809.000000
11823.000000,12775.000000,10938.000000,48802.000000
11807.000000,12765.000000,10943.000000,48803.000000
11808.000000,12772.000000,10910.000000,48805.000000
11830.000000,12752.000000,10947.000000,48801.000000
11789.000000,12743.000000,10935.000000,48812.000000
11795.000000,12720.000000,10874.000000,48786.000000
11781.000000,12736.000000,10850.000000,48834.000000
11793.000000,12741.000000,10900.000000,48798.000000
11763.000000,12729.000000,10861.000000,48761.000000
11742.000000,12733.000000,10871.000000,48773.000000
11747.000000,12717.000000,10895.000000,48743.000000
11707.000000,12731.000000,10852.000000,48745.000000
11733.000000,12707.000000,10909.000000,48782.000000
11768.000000,12707.000000,10844.000000,48751.000000
11750.000000,12703.000000,10866.000000,48757.000000
11746.000000,12705.000000,10841.000000,48757.000000
11690.000000,12696.000000,10825.000000,48766.000000
11726.000000,12753.000000,10801.000000,48692.000000
11699.000000,12695.000000,10813.000000,48746.000000
11672.000000,12733.000000,10826.000000,48708.000000
11681.000000,12685.000000,10823.000000,48744.000000
11647.000000,12719.000000,10815.000000,48707.000000
11662.000000,12687.000000,10793.000000,48738.000000
11652.000000,12662.000000,10762.000000,48718.000000
11648.000000,12679.000000,10779.000000,48685.000000
11632.000000,12688.000000,10726.000000,48639.000000
11597.000000,12667.000000,10752.000000,48720.000000
11638.000000,12637.000000,10789.000000,48689.000000
11600.000000,12649.000000,10746.000000,48635.000000
11655.000000,12637.000000,10743.000000,48713.000000
11616.000000,12640.000000,10729.000000,48716.000000
11619.000000,12597.000000,10733.000000,48667.000000
11607.000000,12667.000000,10712.000000,48649.000000
11629.000000,12623.000000,10726.000000,48700.000000
11583.000000,12639.000000,10700.000000,48621.000000
11599.000000,12601.000000,10701.000000,48658.000000
11603.000000,12595.000000,10748.000000,48635.000000
11585.000000,12600.000000,10701.000000,48678.000000
11594.000000,12564.000000,10700.000000,48691.000000
11597.000000,12577.000000,10659.000000,48636.000000
11612.000000,12616.000000,10655.000000,48672.000000
11550.000000,12637.000000,10681.000000,48634.000000
11542.000000,12591.000000,10635.000000,48631.000000
11549.000000,12575.000000,10693.000000,48657.000000
11500.000000,12607.000000,10631.000000,48661.000000
11516.000000,12568.000000,10670.000000,48676.000000
11538.000000,12580.000000,10613.000000,48616.000000
11590.000000,12544.000000,10655.000000,48643.000000
11530.000000,12555.000000,10625.000000,48621.000000
11559.000000,12551.000000,10626.000000,48626.000000
11523.000000,12560.000000,10630.000000,48616.000000
11507.000000,12518.000000,10632.000000,48596.000000
11511.000000,12555.000000,10595.000000,48590.000000
11527.000000,12522.000000,10572.000000,48619.000000
11475.000000,12533.000000,10578.000000,48585.000000
11463.000000,12541.000000,10545.000000,48583.000000
11461.000000,12540.000000,10559.000000,48579.000000
11429.000000,12479.000000,10552.000000,48532.000000
11440.000000,12486.000000,10564.000000,48582.000000
11444.000000,12520.000000,10561.000000,48560.000000
11425.000000,12472.000000,10565.000000,48561.000000
11407.000000,12446.000000,10539.000000,48566.000000
11455.000000,12488.000000,10490.000000,48593.000000
11425.000000,12485.000000,10545.000000,48551.000000
11387.000000,12491.000000,10485.000000,48514.000000
11386.000000,12504.000000,10457.000000,48560.000000
11350.000000,12507.000000,10477.000000,48484.000000
11356.000000,12492.000000,10465.000000,48543.000000
11350.000000,12421.000000,10514.000000,48543.000000
11392.000000,12460.000000,10450.000000,48550.000000
11376.000000,12465.000000,10496.000000,48524.000000
11326.000000,12479.000000,10471.000000,48495.000000
11345.000000,12436.000000,10459.000000,48531.000000
11313.000000,12486.000000,10450.000000,48501.000000
11347.000000,12398.000000,10462.000000,48530.000000
11325.000000,12435.000000,10438.000000,48544.000000
11346.000000,12435.000000,10446.000000,48537.000000
11364.000000,12473.000000,10422.000000,48522.000000
11354.000000,12407.000000,10445.000000,48523.000000
11298.000000,12437.000000,10431.000000,48489.000000
11336.000000,12442.000000,10449.000000,48532.000000
11311.000000,12452.000000,10448.000000,48499.000000
11333.000000,12452.000000,10467.000000,48537.000000
11364.000000,12436.000000,10493.000000,48592.000000
11362.000000,12459.000000,10485.000000,48525.000000
11391.000000,12444.000000,10451.000000,48598.000000
11389.000000,12439.000000,10439.000000,48542.000000
11363.000000,12446.000000,10516.000000,48555.000000
11368.000000,12506.000000,10487.000000,48536.000000
11387.000000,12473.000000,10512.000000,48574.000000
11353.000000,12463.000000,10558.000000,48550.000000
11416.000000,12527.000000,10532.000000,48588.000000
11406.000000,12492.000000,10604.000000,48600.000000
11423.000000,12504.000000,10536.000000,48569.000000
11492.000000,12490.000000,10546.000000,48630.000000
11473.000000,12514.000000,10579.000000,48593.000000
11494.000000,12502.000000,10607.000000,48621.000000
11492.000000,12523.000000,10609.000000,48644.000000
11495.000000,12517.000000,10636.000000,48649.000000
11478.000000,12557.000000,10688.000000,48653.000000
11540.000000,12564.000000,10636.000000,48674.000000
11539.000000,12563.000000,10668.000000,48686.000000
11551.000000,12613.000000,10654.000000,48694.000000
11596.000000,12575.000000,10733.000000,48664.000000
11598.000000,12608.000000,10730.000000,48698.000000
11598.000000,12616.000000,10778.000000,48691.000000
11609.000000,12614.000000,10745.000000,48721.000000
11621.000000,12651.000000,10837.000000,48747.000000
11638.000000,12671.000000,10788.000000,48751.000000
11679.000000,12659.000000,10795.000000,48817.000000
11727.000000,12667.000000,10812.000000,48752.000000
11696.000000,12685.000000,10799.000000,48762.000000
11712.000000,12703.000000,10872.000000,48773.000000
11717.000000,12725.000000,10913.000000,48762.000000
11700.000000,12727.000000,10901.000000,48799.000000
11755.000000,12732.000000,10890.000000,48814.000000
11769.000000,12745.000000,10918.000000,48818.000000
11803.000000,12760.000000,10953.000000,48822.000000
11826.000000,12707.000000,10963.000000,48884.000000
11785.000000,12759.000000,10929.000000,48799.000000
11864.000000,12795.000000,10909.000000,48883.000000
11838.000000,12773.000000,10947.000000,48853.000000
11871.000000,12779.000000,10971.000000,48877.000000
11834.000000,12822.000000,10987.000000,48847.000000
11809.000000,12762.000000,10941.000000,48863.000000
11845.000000,12790.000000,10938.000000,48852.000000
11893.000000,12786.000000,10908.000000,48883.000000
11818.000000,12773.000000,10935.000000,48834.000000
11838.000000,12788.000000,10960.000000,48841.000000
11874.000000,12767.000000,10962.000000,48849.000000
11837.000000,12797.000000,10958.000000,48812.000000
11834.000000,12756.000000,10988.000000,48849.000000
11820.000000,12760.000000,10933.000000,48822.000000
11847.000000,12724.000000,10916.000000,48863.000000
11805.000000,12761.000000,10927.000000,48829.000000
11851.000000,12779.000000,10899.000000,48859.000000
11844.000000,12756.000000,10943.000000,48840.000000
11818.000000,12772.000000,10886.000000,48802.000000
11788.000000,12743.000000,10906.000000,48832.000000
11773.000000,12748.000000,10956.000000,48780.000000
11840.000000,12747.000000,10934.000000,48853.000000
11807.000000,12789.000000,10911.000000,48828.000000
11817.000000,12723.000000,10916.000000,48817.000000
11801.000000,12743.000000,10907.000000,48818.000000
11854.000000,12691.000000,10855.000000,48839.000000
11794.000000,12735.000000,10868.000000,48812.000000
11853.000000,12687.000000,10873.000000,48829.000000
11802.000000,12717.000000,10866.000000,48795.000000
11801.000000,12707.000000,10867.000000,48830.000000
11784.000000,12732.000000,10871.000000,48807.000000
11759.000000,12691.000000,10907.000000,48832.000000
11790.000000,12715.000000,10883.000000,48809.000000
11787.000000,12692.000000,10840.000000,48839.000000
11755.000000,12716.000000,10823.000000,48792.000000
11762.000000,12683.000000,10815.000000,48752.000000
11789.000000,12699.000000,10823.000000,48807.000000
11763.000000,12715.000000,10827.000000,48740.000000
11667.000000,12684.000000,10842.000000,48754.000000
11724.000000,12682.000000,10798.000000,48771.000000
11692.000000,12637.000000,10821.000000,48746.000000
11681.000000,12637.000000,10760.000000,48731.000000
11707.000000,12635.000000,10776.000000,48789.000000
11701.000000,12628.000000,10738.000000,48714.000000
11697.000000,12624.000000,10722.000000,48802.000000
11679.000000,12607.000000,10723.000000,48684.000000
11640.000000,12644.000000,10694.000000,48718.000000
11694.000000,12639.000000,10731.000000,48686.000000
11633.000000,12623.000000,10657.000000,48718.000000
11629.000000,12611.000000,10679.000000,48686.000000
11596.000000,12591.000000,10679.000000,48687.000000
11631.000000,12564.000000,10690.000000,48727.000000
11607.000000,12568.000000,10705.000000,48656.000000
11607.000000,12561.000000,10649.000000,48682.000000
11564.000000,12613.000000,10645.000000,48669.000000
11593.000000,12531.000000,10704.000000,48655.000000
11600.000000,12591.000000,10685.000000,48652.000000
11549.000000,12571.000000,10696.000000,48646.000000
11549.000000,12580.000000,10667.000000,48675.000000
11575.000000,12542.000000,10657.000000,48685.000000
11549.000000,12567.000000,10665.000000,48649.000000
11564.000000,12587.000000,10623.000000,48650.000000
11581.000000,12571.000000,10644.000000,48645.000000
11561.000000,12593.000000,10633.000000,48659.000000
11556.000000,12588.000000,10646.000000,48641.000000
11559.000000,12547.000000,10634.000000,48630.000000
11525.000000,12562.000000,10689.000000,48651.000000
11517.000000,12593.000000,10634.000000,48664.000000
11529.000000,12553.000000,10645.000000,48651.000000
11534.000000,12551.000000,10611.000000,48656.000000
11579.000000,12468.000000,10589.000000,48697.000000
11572.000000,12549.000000,10613.000000,48630.000000
11579.000000,12537.000000,10598.000000,48708.000000
11557.000000,12545.000000,10585.000000,48658.000000
11570.000000,12504.000000,10640.000000,48626.000000
11568.000000,12544.000000,10592.000000,48624.000000
11530.000000,12505.000000,10600.000000,48680.000000
11504.000000,12483.000000,10591.000000,48626.000000
11561.000000,12503.000000,10567.000000,48675.000000
11520.000000,12498.000000,10558.000000,48623.000000
11538.000000,12518.000000,10578.000000,48608.000000
11497.000000,12530.000000,10562.000000,48629.000000
11509.000000,12497.000000,10550.000000,48596.000000
11498.000000,12563.000000,10563.000000,48594.000000
11484.000000,12490.000000,10550.000000,48633.000000
11457.000000,12520.000000,10577.000000,48578.000000
11484.000000,12508.000000,10539.000000,48597.000000
11443.000000,12439.000000,10547.000000,48604.000000
11479.000000,12504.000000,10507.000000,48597.000000
11480.000000,12461.000000,10530.000000,48653.000000
11443.000000,12513.000000,10511.000000,48603.000000
11457.000000,12488.000000,10480.000000,48613.000000
11443.000000,12491.000000,10518.000000,48553.000000
11420.000000,12455.000000,10523.000000,48582.000000
11423.000000,12485.000000,10536.000000,48580.000000
11411.000000,12454.000000,10468.000000,48574.000000
11343.000000,12472.000000,10531.000000,48532.000000
11426.000000,12429.000000,10450.000000,48572.000000
11386.000000,12425.000000,10507.000000,48556.000000
11422.000000,12429.000000,10440.000000,48568.000000
11354.000000,12429.000000,10470.000000,48500.000000
11345.000000,12425.000000,10415.000000,48515.000000
11323.000000,12382.000000,10424.000000,48473.000000
11328.000000,12400.000000,10386.000000,48539.000000
11283.000000,12360.000000,10397.000000,48507.000000
11269.000000,12373.000000,10337.000000,48459.000000
11276.000000,12374.000000,10318.000000,48520.000000
11229.000000,12360.000000,10372.000000,48467.000000
11221.000000,12337.000000,10289.000000,48436.000000
11201.000000,12352.000000,10279.000000,48422.000000
11217.000000,12328.000000,10279.000000,48434.000000
11189.000000,12354.000000,10322.000000,48421.000000
11213.000000,12335.000000,10294.000000,48435.000000
11146.000000,12307.000000,10317.000000,48420.000000
11158.000000,12327.000000,10265.000000,48439.000000
11127.000000,12233.000000,10270.000000,48441.000000
11136.000000,12291.000000,10240.000000,48424.000000
11200.000000,12255.000000,10219.000000,48420.000000
11122.000000,12272.000000,10223.000000,48407.000000
11163.000000,12259.000000,10209.000000,48412.000000
11132.000000,12239.000000,10198.000000,48387.000000
11126.000000,12252.000000,10211.000000,48371.000000
11113.000000,12236.000000,10239.000000,48381.000000
11122.000000,12260.000000,10183.000000,48396.000000
11089.000000,12220.000000,10204.000000,48379.000000
11128.000000,12240.000000,10207.000000,48363.000000
11114.000000,12241.000000,10161.000000,48389.000000
11125.000000,12220.000000,10169.000000,48380.000000
11089.000000,12273.000000,10161.000000,48348.000000
11118.000000,12241.000000,10158.000000,48377.000000
11062.000000,12217.000000,10174.000000,48349.000000
11122.000000,12249.000000,10134.000000,48364.000000
11143.000000,12175.000000,10161.000000,48415.000000
11087.000000,12221.000000,10181.000000,48393.000000
11182.000000,12191.000000,10145.000000,48386.000000
11159.000000,12223.000000,10110.000000,48372.000000
11154.000000,12220.000000,10134.000000,48366.000000
11195.000000,12231.000000,10149.000000,48348.000000
11168.000000,12237.000000,10182.000000,48401.000000
11140.000000,12287.000000,10178.000000,48336.000000
11164.000000,12261.000000,10187.000000,48402.000000
11148.000000,12281.000000,10204.000000,48326.000000
11201.000000,12251.000000,10208.000000,48389.000000
11149.000000,12258.000000,10229.000000,48384.000000
11212.000000,12285.000000,10211.000000,48415.000000
11203.000000,12303.000000,10207.000000,48452.000000
11251.000000,12289.000000,10222.000000,48413.000000
11223.000000,12310.000000,10263.000000,48440.000000
11293.000000,12346.000000,10266.000000,48403.000000
11253.000000,12338.000000,10294.000000,48438.000000
11321.000000,12299.000000,10283.000000,48484.000000
11298.000000,12332.000000,10306.000000,48496.000000
11340.000000,12336.000000,10311.000000,48522.000000
11337.000000,12357.000000,10365.000000,48499.000000
11400.000000,12359.000000,10351.000000,48520.000000
11389.000000,12385.000000,10398.000000,48505.000000
11419.000000,12432.000000,10373.000000,48484.000000
11430.000000,12415.000000,10394.000000,48542.000000
11415.000000,12439.000000,10435.000000,48506.000000
11471.000000,12445.000000,10473.000000,48575.000000
11434.000000,12461.000000,10515.000000,48541.000000
11491.000000,12435.000000,10476.000000,48567.000000
11531.000000,12449.000000,10527.000000,48589.000000
11568.000000,12491.000000,10499.000000,48585.000000
11512.000000,12508.000000,10562.000000,48618.000000
11562.000000,12548.000000,10562.000000,48643.000000
11568.000000,12516.000000,10565.000000,48658.000000
11616.000000,12593.000000,10575.000000,48639.000000
11614.000000,12576.000000,10646.000000,48687.000000
11585.000000,12607.000000,10647.000000,48679.000000
11643.000000,12597.000000,10683.000000,48701.000000
11687.000000,12613.000000,10657.000000,48730.000000
11688.000000,12623.000000,10711.000000,48718.000000
11718.000000,12641.000000,10729.000000,48711.000000
11708.000000,12643.000000,10783.000000,48745.000000
11704.000000,12673.000000,10776.000000,48715.000000
11725.000000,12636.000000,10753.000000,48732.000000
11794.000000,12661.000000,10806.000000,48786.000000
11777.000000,12695.000000,10789.000000,48782.000000
11771.000000,12675.000000,10797.000000,48768.000000
11782.000000,12627.000000,10783.000000,48791.000000
11788.000000,12678.000000,10778.000000,48737.000000
11807.000000,12680.000000,10738.000000,48733.000000
11787.000000,12655.000000,10757.000000,48753.000000
11717.000000,12695.000000,10738.000000,48656.000000
11754.000000,12643.000000,10713.000000,48739.000000
11732.000000,12619.000000,10759.000000,48666.000000
11727.000000,12630.000000,10708.000000,48749.000000
11713.000000,12597.000000,10760.000000,48697.000000
11746.000000,12623.000000,10700.000000,48708.000000
11710.000000,12627.000000,10671.000000,48686.000000
11717.000000,12604.000000,10682.000000,48671.000000
11710.000000,12607.000000,10684.000000,48671.000000
11694.000000,12635.000000,10635.000000,48649.000000
11703.000000,12568.000000,10652.000000,48676.000000
11664.000000,12504.000000,10632.000000,48681.000000
11683.000000,12579.000000,10625.000000,48677.000000
11665.000000,12573.000000,10578.000000,48652.000000
11679.000000,12585.000000,10589.000000,48649.000000
11694.000000,12547.000000,10578.000000,48641.000000
11654.000000,12555.000000,10592.000000,48635.000000
11632.000000,12580.000000,10591.000000,48599.000000
11641.000000,12529.000000,10579.000000,48635.000000
11672.000000,12517.000000,10571.000000,48663.000000
11614.000000,12554.000000,10584.000000,48595.000000
11650.000000,12504.000000,10538.000000,48642.000000
11640.000000,12482.000000,10506.000000,48651.000000
11620.000000,12464.000000,10530.000000,48598.000000
11620.000000,12534.000000,10535.000000,48591.000000
11609.000000,12490.000000,10516.000000,48619.000000
11585.000000,12522.000000,10508.000000,48592.000000
11621.000000,12478.000000,10506.000000,48625.000000
11564.000000,12465.000000,10529.000000,48573.000000
11605.000000,12489.000000,10479.000000,48604.000000
11590.000000,12461.000000,10510.000000,48605.000000
11631.000000,12468.000000,10468.000000,48606.000000
11605.000000,12485.000000,10485.000000,48573.000000
11589.000000,12464.000000,10451.000000,48577.000000
11563.000000,12447.000000,10449.000000,48562.000000
11583.000000,12480.000000,10453.000000,48556.000000
11594.000000,12464.000000,10483.000000,48537.000000
11550.000000,12456.000000,10423.000000,48567.000000
11587.000000,12427.000000,10436.000000,48608.000000
11607.000000,12399.000000,10397.000000,48592.000000
11553.000000,12435.000000,10444.000000,48570.000000
11590.000000,12426.000000,10409.000000,48586.000000
11563.000000,12431.000000,10413.000000,48545.000000
11620.000000,12416.000000,10375.000000,48599.000000
11555.000000,12410.000000,10376.000000,48579.000000
11560.000000,12480.000000,10377.000000,48515.000000
11586.000000,12411.000000,10369.000000,48564.000000
11544.000000,12446.000000,10377.000000,48508.000000
11521.000000,12379.000000,10375.000000,48546.000000
11559.000000,12410.000000,10384.000000,48533.000000
11565.000000,12355.000000,10326.000000,48572.000000
11575.000000,12397.000000,10337.000000,48532.000000
11583.000000,12373.000000,10340.000000,48555.000000
11536.000000,12428.000000,10345.000000,48536.000000
11649.000000,12375.000000,10334.000000,48598.000000
11544.000000,12436.000000,10351.000000,48536.000000
11564.000000,12376.000000,10323.000000,48539.000000
11511.000000,12404.000000,10317.000000,48554.000000
11564.000000,12372.000000,10353.000000,48527.000000
11557.000000,12371.000000,10347.000000,48509.000000
11547.000000,12362.000000,10319.000000,48562.000000
11546.000000,12408.000000,10300.000000,48473.000000
11552.000000,12372.000000,10281.000000,48541.000000
11511.000000,12389.000000,10315.000000,48485.000000
11502.000000,12377.000000,10325.000000,48443.000000
11497.000000,12356.000000,10347.000000,48493.000000
11552.000000,12351.000000,10310.000000,48498.000000
11491.000000,12404.000000,10325.000000,48483.000000
11496.000000,12368.000000,10313.000000,48507.000000
11481.000000,12340.000000,10297.000000,48501.000000
11508.000000,12345.000000,10287.000000,48479.000000
11518.000000,12308.000000,10273.000000,48519.000000
11539.000000,12374.000000,10286.000000,48500.000000
11531.000000,12357.000000,10233.000000,48500.000000
11483.000000,12350.000000,10254.000000,48477.000000
11475.000000,12369.000000,10219.000000,48475.000000
11498.000000,12338.000000,10265.000000,48472.000000
11509.000000,12346.000000,10240.000000,48499.000000
11455.000000,12366.000000,10253.000000,48511.000000
11472.000000,12336.000000,10231.000000,48457.000000
11533.000000,12312.000000,10254.000000,48482.000000
11486.000000,12335.000000,10242.000000,48451.000000
11503.000000,12338.000000,10234.000000,48465.000000
11491.000000,12329.000000,10242.000000,48447.000000
11509.000000,12318.000000,10263.000000,48417.000000
11466.000000,12372.000000,10216.000000,48447.000000
11479.000000,12313.000000,10234.000000,48477.000000
11454.000000,12327.000000,10225.000000,48435.000000
11517.000000,12302.000000,10209.000000,48471.000000
11447.000000,12318.000000,10189.000000,48437.000000
11455.000000,12368.000000,10209.000000,48437.000000
11481.000000,12318.000000,10223.000000,48423.000000
11444.000000,12285.000000,10217.000000,48419.000000
11446.000000,12313.000000,10237.000000,48430.000000
11464.000000,12326.000000,10211.000000,48443.000000
11461.000000,12265.000000,10178.000000,48464.000000
11436.000000,12337.000000,10197.000000,48440.000000
11506.000000,12276.000000,10156.000000,48425.000000
11430.000000,12308.000000,10187.000000,48423.000000
11510.000000,12361.000000,10167.000000,48449.000000
11456.000000,12292.000000,10169.000000,48412.000000
11441.000000,12361.000000,10188.000000,48411.000000
11441.000000,12304.000000,10209.000000,48447.000000
11449.000000,12314.000000,10156.000000,48464.000000
11419.000000,12294.000000,10170.000000,48425.000000
11448.000000,12323.000000,10172.000000,48422.000000
11513.000000,12309.000000,10151.000000,48429.000000
11482.000000,12329.000000,10203.000000,48391.000000
11460.000000,12305.000000,10170.000000,48408.000000
11455.000000,12308.000000,10198.000000,48435.000000
11462.000000,12263.000000,10165.000000,48455.000000
11423.000000,12326.000000,10162.000000,48441.000000
11443.000000,12264.000000,10178.000000,48448.000000
11475.000000,12277.000000,10158.000000,48407.000000
11499.000000,12313.000000,10141.000000,48438.000000
11462.000000,12278.000000,10171.000000,48393.000000
11455.000000,12348.000000,10161.000000,48390.000000
11470.000000,12301.000000,10178.000000,48415.000000
11453.000000,12329.000000,10213.000000,48424.000000
11404.000000,12313.000000,10215.000000,48448.000000
11445.000000,12273.000000,10205.000000,48417.000000
11467.000000,12281.000000,10196.000000,48488.000000
11462.000000,12297.000000,10190.000000,48411.000000
11464.000000,12289.000000,10202.000000,48464.000000
11472.000000,12312.000000,10177.000000,48402.000000
11534.000000,12298.000000,10221.000000,48447.000000
11493.000000,12321.000000,10192.000000,48428.000000
11515.000000,12299.000000,10183.000000,48391.000000
11516.000000,12343.000000,10164.000000,48447.000000
11490.000000,12334.000000,10264.000000,48408.000000
11508.000000,12353.000000,10213.000000,48459.000000
11525.000000,12314.000000,10226.000000,48481.000000
11539.000000,12323.000000,10211.000000,48453.000000
11577.000000,12349.000000,10201.000000,48508.000000
11548.000000,12373.000000,10244.000000,48451.000000
11554.000000,12406.000000,10270.000000,48430.000000
11562.000000,12390.000000,10269.000000,48447.000000
11596.000000,12360.000000,10302.000000,48484.000000
11563.000000,12368.000000,10278.000000,48467.000000
11591.000000,12359.000000,10288.000000,48497.000000
11559.000000,12406.000000,10343.000000,48463.000000
11612.000000,12388.000000,10311.000000,48498.000000
11595.000000,12384.000000,10395.000000,48533.000000
11647.000000,12428.000000,10353.000000,48522.000000
11669.000000,12374.000000,10361.000000,48510.000000
11640.000000,12425.000000,10368.000000,48541.000000
11705.000000,12438.000000,10406.000000,48526.000000
11648.000000,12509.000000,10405.000000,48512.000000
11681.000000,12441.000000,10466.000000,48516.000000
11684.000000,12500.000000,10454.000000,48558.000000
11724.000000,12491.000000,10446.000000,48620.000000
11732.000000,12525.000000,10464.000000,48582.000000
11740.000000,12520.000000,10468.000000,48634.000000
11791.000000,12527.000000,10508.000000,48639.000000
11794.000000,12526.000000,10562.000000,48637.000000
11856.000000,12580.000000,10552.000000,48661.000000
11826.000000,12595.000000,10577.000000,48689.000000
11861.000000,12617.000000,10582.000000,48643.000000
11869.000000,12595.000000,10607.000000,48697.000000
11900.000000,12648.000000,10662.000000,48673.000000
11927.000000,12618.000000,10676.000000,48698.000000
11957.000000,12629.000000,10736.000000,48709.000000
12003.000000,12633.000000,10707.000000,48743.000000
11970.000000,12687.000000,10741.000000,48736.000000
12008.000000,12685.000000,10729.000000,48790.000000
12025.000000,12688.000000,10721.000000,48756.000000
12100.000000,12741.000000,10701.000000,48774.000000
12039.000000,12738.000000,10777.000000,48782.000000
12006.000000,12751.000000,10728.000000,48782.000000
12044.000000,12751.000000,10778.000000,48772.000000
12012.000000,12732.000000,10761.000000,48755.000000
12050.000000,12727.000000,10777.000000,49023.000000
12016.000000,12722.000000,10746.000000,48776.000000
12261.000000,12733.000000,10774.000000,48762.000000
12021.000000,12787.000000,10721.000000,48741.000000
12019.000000,12705.000000,10739.000000,48749.000000
12005.000000,12732.000000,10800.000000,48743.000000
12050.000000,12735.000000,10735.000000,48761.000000
12029.000000,12700.000000,10745.000000,48754.000000
11998.000000,12683.000000,10739.000000,48779.000000
12042.000000,12692.000000,10735.000000,48754.000000
12059.000000,12695.000000,10700.000000,48811.000000
12000.000000,12684.000000,10708.000000,48711.000000
12007.000000,12689.000000,10705.000000,48738.000000
12016.000000,12709.000000,10720.000000,48726.000000
11983.000000,12700.000000,10710.000000,48664.000000
11970.000000,12714.000000,10695.000000,48765.000000
11948.000000,12671.000000,10754.000000,48750.000000
11978.000000,12662.000000,10707.000000,48721.000000
11968.000000,12628.000000,10731.000000,48731.000000
12010.000000,12682.000000,10671.000000,48726.000000
11996.000000,12685.000000,10677.000000,48735.000000
11979.000000,12675.000000,10684.000000,48677.000000
11987.000000,12691.000000,10690.000000,48720.000000
11939.000000,12697.000000,10698.000000,48686.000000
12001.000000,12668.000000,10682.000000,48729.000000
11932.000000,12697.000000,10634.000000,48685.000000
12007.000000,12652.000000,10654.000000,48713.000000
11927.000000,12630.000000,10646.000000,48711.000000
11983.000000,12644.000000,10648.000000,48712.000000
11957.000000,12703.000000,10608.000000,48686.000000
11944.000000,12623.000000,10632.000000,48706.000000
11918.000000,12607.000000,10658.000000,48670.000000
11950.000000,12647.000000,10633.000000,48707.000000
11943.000000,12623.000000,10588.000000,48936.000000
11962.000000,12609.000000,10601.000000,48704.000000
11908.000000,12583.000000,10595.000000,48661.000000
11946.000000,12627.000000,10560.000000,48659.000000
11922.000000,12635.000000,10614.000000,48661.000000
11901.000000,12621.000000,10556.000000,48646.000000
11919.000000,12591.000000,10562.000000,48646.000000
11874.000000,12643.000000,10586.000000,48573.000000
12156.000000,12613.000000,10569.000000,48654.000000
11881.000000,12620.000000,10623.000000,48601.000000
11920.000000,12591.000000,10571.000000,48654.000000
11894.000000,12595.000000,10570.000000,48644.000000
11885.000000,12584.000000,10547.000000,48643.000000
11865.000000,12546.000000,10546.000000,48616.000000
11908.000000,12599.000000,10513.000000,48611.000000
11871.000000,12580.000000,10538.000000,48603.000000
11861.000000,12583.000000,10484.000000,48593.000000
11843.000000,12547.000000,10462.000000,48626.000000
11848.000000,12563.000000,10461.000000,48567.000000
11811.000000,12530.000000,10432.000000,48597.000000
11807.000000,12508.000000,10453.000000,48615.000000
11793.000000,12491.000000,10445.000000,48563.000000
11812.000000,12482.000000,10375.000000,48610.000000
11749.000000,12463.000000,10412.000000,48540.000000
11765.000000,12509.000000,10385.000000,48522.000000
11766.000000,12489.000000,10424.000000,48573.000000
11716.000000,12526.000000,10396.000000,48537.000000
11721.000000,12439.000000,10412.000000,48510.000000
11711.000000,12465.000000,10393.000000,48517.000000
11768.000000,12426.000000,10340.000000,48520.000000
11760.000000,12497.000000,10358.000000,48533.000000
11715.000000,12441.000000,10351.000000,48538.000000
11701.000000,12440.000000,10350.000000,48530.000000
11719.000000,12453.000000,10260.000000,48539.000000
11662.000000,12411.000000,10300.000000,48488.000000
11704.000000,12481.000000,10271.000000,48521.000000
11693.000000,12446.000000,10291.000000,48489.000000
11665.000000,12445.000000,10280.000000,48511.000000
11625.000000,12408.000000,10298.000000,48479.000000
11653.000000,12399.000000,10259.000000,48501.000000
11689.000000,12374.000000,10272.000000,48487.000000
11668.000000,12425.000000,10247.000000,48466.000000
11641.000000,12407.000000,10221.000000,48456.000000
11626.000000,12398.000000,10252.000000,48435.000000
11666.000000,12374.000000,10212.000000,48487.000000
11652.000000,12389.000000,10242.000000,48474.000000
11610.000000,12356.000000,10278.000000,48480.000000
11627.000000,12363.000000,10213.000000,48461.000000
11637.000000,12324.000000,10171.000000,48501.000000
11628.000000,12383.000000,10197.000000,48445.000000
11626.000000,12339.000000,10196.000000,48449.000000
11606.000000,12359.000000,10191.000000,48451.000000
11597.000000,12392.000000,10176.000000,48420.000000
11604.000000,12376.000000,10170.000000,48463.000000
11519.000000,12371.000000,10166.000000,48376.000000
11591.000000,12328.000000,10163.000000,48446.000000
11577.000000,12345.000000,10142.000000,48397.000000
11536.000000,12313.000000,10118.000000,48416.000000
11562.000000,12300.000000,10108.000000,48412.000000
11573.000000,12288.000000,10063.000000,48436.000000
11530.000000,12295.000000,10128.000000,48379.000000
11564.000000,12287.000000,10077.000000,48396.000000
11546.000000,12288.000000,10094.000000,48388.000000
11535.000000,12273.000000,10086.000000,48404.000000
11507.000000,12275.000000,10056.000000,48367.000000
11495.000000,12261.000000,10085.000000,48371.000000
11477.000000,12247.000000,10065.000000,48376.000000
11515.000000,12247.000000,10072.000000,48404.000000
11470.000000,12236.000000,10039.000000,48333.000000
11488.000000,12252.000000,9997.000000,48347.000000
11482.000000,12238.000000,10018.000000,48360.000000
11468.000000,12240.000000,9994.000000,48318.000000
11452.000000,12259.000000,10034.000000,48326.000000
11454.000000,12229.000000,10043.000000,48357.000000
11410.000000,12216.000000,10005.000000,48346.000000
11452.000000,12241.000000,10009.000000,48330.000000
11435.000000,12215.000000,10042.000000,48359.000000
11453.000000,12228.000000,9989.000000,48328.000000
11455.000000,12199.000000,9978.000000,48374.000000
11405.000000,12201.000000,9962.000000,48322.000000
11444.000000,12227.000000,9939.000000,48350.000000
11370.000000,12185.000000,9928.000000,48291.000000
11407.000000,12215.000000,9947.000000,48332.000000
11343.000000,12188.000000,9937.000000,48274.000000
11363.000000,12167.000000,9935.000000,48292.000000
11350.000000,12137.000000,9916.000000,48307.000000
11390.000000,12175.000000,9877.000000,48278.000000
11327.000000,12139.000000,9923.000000,48261.000000
11346.000000,12162.000000,9902.000000,48261.000000
11342.000000,12147.000000,9868.000000,48251.000000
11329.000000,12149.000000,9891.000000,48268.000000
11284.000000,12161.000000,9842.000000,48235.000000
11303.000000,12134.000000,9854.000000,48265.000000
11258.000000,12144.000000,9833.000000,48202.000000
11296.000000,12112.000000,9830.000000,48239.000000
11210.000000,12058.000000,9854.000000,48204.000000
11245.000000,12110.000000,9801.000000,48203.000000
11255.000000,12047.000000,9853.000000,48226.000000
11272.000000,12063.000000,9774.000000,48222.000000
11292.000000,12047.000000,9793.000000,48264.000000
11250.000000,12059.000000,9747.000000,48184.000000
11224.000000,12055.000000,9785.000000,48210.000000
11222.000000,12072.000000,9767.000000,48206.000000
11224.000000,12051.000000,9775.000000,48197.000000
11237.000000,12129.000000,9730.000000,48209.000000
11237.000000,12062.000000,9779.000000,48229.000000
11207.000000,12105.000000,9776.000000,48234.000000
11253.000000,12059.000000,9799.000000,48217.000000
11257.000000,12024.000000,9799.000000,48268.000000
11248.000000,12065.000000,9774.000000,48240.000000
11267.000000,12072.000000,9749.000000,48214.000000
11289.000000,12087.000000,9798.000000,48248.000000
11298.000000,12100.000000,9806.000000,48231.000000
11302.000000,12095.000000,9842.000000,48245.000000
11261.000000,12104.000000,9853.000000,48223.000000
11311.000000,12072.000000,9856.000000,48245.000000
11284.000000,12108.000000,9844.000000,48274.000000
11248.000000,12149.000000,9857.000000,48265.000000
11319.000000,12073.000000,9860.000000,48274.000000
11281.000000,12121.000000,9936.000000,48321.000000
11321.000000,12135.000000,9889.000000,48296.000000
11393.000000,12111.000000,9883.000000,48353.000000
11356.000000,12179.000000,9933.000000,48327.000000
11414.000000,12174.000000,9951.000000,48356.000000
11380.000000,12175.000000,10004.000000,48355.000000
11477.000000,12231.000000,9991.000000,48363.000000
11407.000000,12217.000000,10016.000000,48379.000000
11485.000000,12233.000000,10047.000000,48408.000000
11448.000000,12248.000000,10082.000000,48393.000000
11467.000000,12261.000000,10096.000000,48395.000000
11499.000000,12276.000000,10137.000000,48431.000000
11521.000000,12292.000000,10136.000000,48449.000000
11547.000000,12303.000000,10142.000000,48428.000000
11569.000000,12347.000000,10191.000000,48462.000000
11553.000000,12371.000000,10209.000000,48420.000000
11621.000000,12392.000000,10228.000000,48508.000000
11624.000000,12359.000000,10287.000000,48474.000000
11672.000000,12373.000000,10286.000000,48504.000000
11679.000000,12390.000000,10312.000000,48554.000000
11688.000000,12405.000000,10321.000000,48522.000000
11738.000000,12401.000000,10287.000000,48563.000000
11729.000000,12463.000000,10344.000000,48554.000000
11747.000000,12445.000000,10340.000000,48560.000000
11766.000000,12465.000000,10337.000000,48566.000000
11749.000000,12445.000000,10365.000000,48587.000000
11708.000000,12497.000000,10355.000000,48531.000000
11726.000000,12436.000000,10375.000000,48551.000000
11643.000000,12409.000000,10371.000000,48520.000000
11705.000000,12444.000000,10296.000000,48554.000000
11644.000000,12411.000000,10353.000000,48498.000000
11629.000000,12393.000000,10294.000000,48525.000000
11622.000000,12377.000000,10285.000000,48504.000000
11589.000000,12383.000000,10257.000000,48479.000000
11560.000000,12387.000000,10260.000000,48464.000000
11596.000000,12356.000000,10235.000000,48463.000000
11543.000000,12329.000000,10237.000000,48464.000000
11508.000000,12360.000000,10197.000000,48438.000000
11544.000000,12330.000000,10183.000000,48485.000000
11528.000000,12301.000000,10183.000000,48476.000000
11546.000000,12316.000000,10185.000000,48422.000000
11569.000000,12304.000000,10140.000000,48465.000000
11519.000000,12297.000000,10165.000000,48400.000000
11572.000000,12305.000000,10134.000000,48460.000000
11492.000000,12300.000000,10157.000000,48445.000000
11519.000000,12302.000000,10123.000000,48381.000000
11500.000000,12277.000000,10153.000000,48444.000000
11477.000000,12299.000000,10120.000000,48380.000000
11519.000000,12272.000000,10152.000000,48427.000000
11525.000000,12296.000000,10122.000000,48423.000000
11456.000000,12279.000000,10130.000000,48421.000000
11475.000000,12262.000000,10097.000000,48401.000000
11503.000000,12256.000000,10085.000000,48457.000000
11486.000000,12257.000000,10147.000000,48388.000000
11502.000000,12256.000000,10096.000000,48413.000000
11471.000000,12211.000000,10078.000000,48397.000000
11509.000000,12229.000000,10080.000000,48415.000000
11463.000000,12217.000000,10073.000000,48387.000000
11437.000000,12216.000000,10099.000000,48357.000000
11468.000000,12239.000000,10063.000000,48397.000000
11429.000000,12195.000000,10100.000000,48420.000000
11472.000000,12231.000000,10060.000000,48363.000000
11455.000000,12211.000000,10025.000000,48416.000000
11441.000000,12229.000000,10044.000000,48364.000000
11471.000000,12221.000000,9983.000000,48379.000000
11434.000000,12233.000000,9995.000000,48325.000000
11412.000000,12200.000000,10011.000000,48310.000000
11385.000000,12215.000000,9991.000000,48350.000000
11431.000000,12170.000000,10003.000000,48342.000000
11379.000000,12197.000000,10008.000000,48328.000000
11413.000000,12181.000000,9989.000000,48352.000000
11355.000000,12176.000000,10017.000000,48303.000000
11419.000000,12144.000000,9981.000000,48359.000000
11352.000000,12127.000000,9997.000000,48311.000000
11380.000000,12173.000000,9960.000000,48347.000000
11372.000000,12143.000000,9928.000000,48281.000000
11345.000000,12133.000000,9928.000000,48307.000000
11325.000000,12141.000000,9911.000000,48298.000000
11317.000000,12133.000000,9937.000000,48303.000000
11323.000000,12132.000000,9951.000000,48285.000000
11327.000000,12112.000000,9909.000000,48323.000000
11331.000000,12140.000000,9868.000000,48332.000000
11338.000000,12103.000000,9859.000000,48279.000000
11262.000000,12123.000000,9876.000000,48290.000000
11308.000000,12063.000000,9816.000000,48301.000000
11296.000000,12055.000000,9875.000000,48249.000000
11329.000000,12127.000000,9772.000000,48254.000000
11254.000000,12074.000000,9812.000000,48261.000000
11238.000000,12095.000000,9824.000000,48199.000000
11252.000000,12063.000000,9818.000000,48266.000000
11229.000000,12054.000000,9819.000000,48228.000000
11250.000000,12029.000000,9777.000000,48243.000000
11250.000000,12017.000000,9824.000000,48235.000000
11272.000000,12037.000000,9742.000000,48209.000000
11228.000000,12039.000000,9782.000000,48175.000000
11211.000000,12028.000000,9740.000000,48202.000000
11191.000000,12075.000000,9747.000000,48225.000000
11216.000000,12073.000000,9695.000000,48201.000000
11213.000000,12271.000000,9703.000000,48216.000000
11163.000000,12049.000000,9701.000000,48165.000000
11206.000000,11983.000000,9731.000000,48197.000000
11226.000000,11993.000000,9668.000000,48211.000000
11171.000000,11979.000000,9687.000000,48238.000000
11149.000000,12000.000000,9677.000000,48206.000000
11135.000000,11959.000000,9684.000000,48175.000000
11126.000000,11996.000000,9682.000000,48156.000000
11146.000000,11956.000000,9679.000000,48188.000000
11131.000000,11941.000000,9671.000000,48176.000000
11138.000000,11932.000000,9647.000000,48172.000000
11136.000000,11940.000000,9651.000000,48166.000000
11095.000000,11900.000000,9652.000000,48174.000000
11114.000000,11928.000000,9628.000000,48142.000000
11158.000000,11919.000000,9630.000000,48196.000000
11122.000000,11931.000000,9639.000000,48151.000000
11152.000000,11892.000000,9583.000000,48189.000000
11109.000000,11944.000000,9651.000000,48137.000000
11154.000000,11961.000000,9595.000000,48164.000000
11096.000000,11904.000000,9616.000000,48145.000000
11082.000000,11953.000000,9579.000000,48153.000000
11131.000000,11897.000000,9592.000000,48119.000000
11118.000000,11897.000000,9584.000000,48197.000000
11093.000000,11893.000000,9595.000000,48147.000000
11085.000000,11909.000000,9570.000000,48167.000000
11105.000000,11889.000000,9601.000000,48160.000000
11063.000000,11887.000000,9566.000000,48141.000000
11002.000000,11905.000000,9560.000000,48090.000000
11034.000000,11870.000000,9568.000000,48120.000000
11035.000000,11941.000000,9513.000000,48081.000000
11039.000000,11869.000000,9554.000000,48115.000000
11003.000000,11883.000000,9537.000000,48047.000000
11002.000000,11846.000000,9552.000000,48106.000000
11003.000000,11861.000000,9563.000000,48088.000000
11008.000000,11857.000000,9511.000000,48076.000000
10998.000000,11802.000000,9521.000000,48094.000000
11006.000000,11843.000000,9490.000000,48083.000000
10982.000000,11820.000000,9501.000000,48057.000000
10952.000000,11845.000000,9501.000000,48063.000000
10968.000000,11827.000000,9484.000000,48056.000000
10982.000000,11834.000000,9438.000000,48076.000000
10935.000000,11839.000000,9473.000000,48060.000000
10930.000000,11867.000000,9426.000000,48054.000000
10912.000000,11820.000000,9482.000000,48070.000000
10923.000000,11790.000000,9417.000000,48068.000000
10893.000000,11785.000000,9443.000000,48026.000000
10900.000000,11771.000000,9458.000000,48052.000000
10890.000000,11782.000000,9442.000000,48059.000000
10927.000000,11767.000000,9438.000000,48053.000000
10851.000000,11819.000000,9451.000000,48021.000000
10868.000000,11799.000000,9388.000000,48029.000000
10873.000000,11736.000000,9430.000000,48057.000000
10840.000000,11817.000000,9429.000000,48025.000000
10808.000000,11763.000000,9384.000000,48003.000000
10850.000000,11788.000000,9429.000000,48021.000000
10823.000000,11741.000000,9438.000000,48025.000000
10845.000000,11732.000000,9397.000000,48011.000000
10834.000000,11735.000000,9452.000000,48047.000000
10814.000000,11739.000000,9380.000000,48016.000000
11103.000000,11710.000000,9362.000000,48036.000000
10811.000000,11740.000000,9379.000000,47992.000000
10848.000000,11709.000000,9376.000000,48020.000000
10818.000000,11707.000000,9368.000000,48010.000000
10822.000000,11733.000000,9379.000000,47971.000000
10774.000000,11727.000000,9358.000000,47997.000000
10786.000000,11721.000000,9364.000000,47992.000000
10797.000000,11775.000000,9333.000000,47966.000000
10807.000000,11697.000000,9341.000000,48019.000000
10810.000000,11709.000000,9346.000000,48011.000000
10807.000000,11733.000000,9335.000000,47994.000000
10814.000000,11703.000000,9329.000000,48037.000000
10817.000000,11711.000000,9369.000000,47992.000000
10831.000000,11701.000000,9338.000000,48038.000000
10819.000000,11716.000000,9349.000000,48017.000000
10860.000000,11731.000000,9334.000000,48027.000000
10816.000000,11736.000000,9370.000000,48037.000000
10811.000000,11761.000000,9380.000000,48030.000000
10849.000000,11754.000000,9385.000000,48035.000000
10805.000000,11778.000000,9393.000000,48009.000000
10793.000000,11755.000000,9421.000000,47998.000000
10815.000000,11760.000000,9431.000000,48037.000000
10824.000000,11745.000000,9468.000000,48042.000000
10859.000000,11757.000000,9447.000000,48063.000000
10836.000000,11729.000000,9457.000000,48044.000000
10885.000000,11775.000000,9489.000000,48067.000000
10840.000000,11848.000000,9489.000000,48046.000000
10892.000000,11814.000000,9501.000000,48076.000000
10907.000000,11832.000000,9519.000000,48087.000000
10896.000000,11834.000000,9541.000000,48114.000000
10930.000000,11859.000000,9470.000000,48068.000000
10945.000000,11832.000000,9523.000000,48138.000000
10945.000000,11827.000000,9590.000000,48098.000000
10969.000000,12119.000000,9608.000000,48163.000000
10963.000000,11877.000000,9617.000000,48169.000000
10980.000000,11841.000000,9603.000000,48181.000000
11009.000000,11912.000000,9597.000000,48188.000000
11083.000000,11898.000000,9634.000000,48184.000000
11045.000000,11920.000000,9673.000000,48212.000000
11119.000000,11949.000000,9652.000000,48197.000000
11059.000000,11934.000000,9714.000000,48219.000000
11065.000000,12242.000000,9750.000000,48159.000000
11090.000000,11986.000000,9733.000000,48234.000000
11098.000000,11998.000000,9846.000000,48189.000000
11165.000000,12034.000000,9814.000000,48289.000000
11158.000000,12045.000000,9835.000000,48269.000000
11235.000000,12047.000000,9865.000000,48296.000000
11197.000000,12063.000000,9840.000000,48279.000000
11245.000000,12099.000000,9884.000000,48301.000000
11264.000000,12092.000000,9905.000000,48304.000000
11267.000000,12107.000000,9919.000000,48339.000000
11291.000000,12087.000000,9916.000000,48330.000000
11327.000000,12095.000000,9888.000000,48346.000000
11290.000000,12099.000000,9916.000000,48339.000000
11314.000000,12109.000000,9910.000000,48358.000000
11306.000000,12091.000000,9916.000000,48353.000000
11347.000000,12111.000000,9906.000000,48381.000000
11294.000000,12087.000000,9893.000000,48334.000000
11308.000000,12081.000000,9880.000000,48313.000000
11289.000000,12081.000000,9894.000000,48327.000000
11285.000000,12123.000000,9898.000000,48315.000000
11240.000000,12084.000000,9874.000000,48302.000000
11254.000000,12099.000000,9906.000000,48290.000000
11279.000000,12057.000000,9891.000000,48362.000000
11279.000000,12287.000000,9874.000000,48300.000000
11250.000000,12059.000000,9825.000000,48331.000000
11247.000000,12048.000000,9827.000000,48277.000000
11246.000000,11982.000000,9843.000000,48327.000000
11229.000000,12036.000000,9845.000000,48273.000000
11273.000000,12020.000000,9819.000000,48317.000000
11237.000000,12047.000000,9835.000000,48276.000000
11233.000000,12051.000000,9856.000000,48282.000000
11229.000000,12028.000000,9822.000000,48291.000000
11229.000000,12027.000000,9807.000000,48250.000000
11247.000000,12020.000000,9794.000000,48276.000000
11181.000000,12016.000000,9824.000000,48261.000000
11188.000000,11998.000000,9786.000000,48272.000000
11192.000000,11976.000000,9774.000000,48265.000000
11196.000000,12027.000000,9753.000000,48263.000000
11194.000000,12001.000000,9751.000000,48251.000000
11254.000000,11978.000000,9752.000000,48313.000000
11191.000000,12024.000000,9765.000000,48254.000000
11230.000000,11990.000000,9699.000000,48230.000000
11195.000000,11986.000000,9750.000000,48247.000000
11158.000000,12017.000000,9704.000000,48192.000000
11170.000000,11986.000000,9743.000000,48233.000000
11123.000000,12003.000000,9743.000000,48170.000000
11151.000000,11962.000000,9714.000000,48225.000000
11073.000000,11935.000000,9753.000000,48213.000000
11124.000000,11936.000000,9667.000000,48222.000000
11147.000000,11953.000000,9692.000000,48198.000000
11132.000000,11932.000000,9706.000000,48209.000000
11108.000000,11946.000000,9682.000000,48213.000000
11160.000000,11957.000000,9645.000000,48195.000000
11109.000000,11941.000000,9656.000000,48210.000000
11112.000000,11924.000000,9649.000000,48171.000000
11107.000000,11899.000000,9658.000000,48167.000000
11133.000000,11901.000000,9673.000000,48241.000000
11105.000000,11903.000000,9646.000000,48177.000000
11104.000000,11894.000000,9678.000000,48231.000000
11092.000000,11910.000000,9653.000000,48182.000000
11127.000000,11885.000000,9635.000000,48197.000000
11120.000000,11887.000000,9638.000000,48182.000000
11085.000000,11935.000000,9569.000000,48143.000000
11075.000000,11888.000000,9623.000000,48172.000000
11071.000000,11936.000000,9606.000000,48162.000000
11052.000000,11910.000000,9630.000000,48183.000000
11098.000000,11892.000000,9646.000000,48159.000000
11055.000000,11902.000000,9669.000000,48168.000000
11086.000000,11919.000000,9607.000000,48187.000000
11063.000000,11840.000000,9638.000000,48180.000000
11090.000000,11907.000000,9606.000000,48169.000000
11074.000000,11860.000000,9642.000000,48155.000000
11057.000000,11911.000000,9624.000000,48154.000000
11059.000000,11876.000000,9608.000000,48134.000000
11058.000000,11876.000000,9599.000000,48146.000000
11034.000000,11927.000000,9619.000000,48114.000000
11052.000000,11849.000000,9582.000000,48161.000000
11039.000000,11832.000000,9576.000000,48168.000000
10990.000000,11873.000000,9577.000000,48153.000000
11071.000000,11860.000000,9570.000000,48148.000000
11019.000000,11841.000000,9559.000000,48156.000000
11006.000000,11837.000000,9538.000000,48115.000000
11040.000000,11848.000000,9523.000000,48125.000000
11011.000000,11840.000000,9513.000000,48138.000000
11009.000000,11872.000000,9485.000000,48112.000000
11006.000000,11828.000000,9519.000000,48117.000000
10958.000000,11843.000000,9525.000000,48061.000000
10954.000000,11834.000000,9512.000000,48098.000000
10931.000000,11792.000000,9556.000000,48035.000000
10984.000000,11838.000000,9524.000000,48108.000000
10978.000000,11786.000000,9499.000000,48102.000000
10979.000000,11805.000000,9494.000000,48135.000000
10942.000000,11796.000000,9516.000000,48099.000000
10970.000000,11830.000000,9453.000000,48047.000000
10956.000000,11771.000000,9488.000000,48072.000000
10944.000000,11812.000000,9457.000000,48072.000000
10947.000000,11824.000000,9488.000000,48076.000000
10954.000000,11797.000000,9434.000000,48101.000000
10934.000000,11760.000000,9452.000000,48110.000000
10939.000000,11804.000000,9452.000000,48113.000000
10983.000000,11759.000000,9452.000000,48063.000000
11011.000000,11806.000000,9453.000000,48087.000000
10949.000000,11786.000000,9474.000000,48102.000000
10925.000000,11799.000000,9460.000000,48059.000000
10943.000000,11794.000000,9472.000000,48083.000000
10947.000000,11825.000000,9506.000000,48069.000000
10964.000000,11782.000000,9485.000000,48122.000000
10998.000000,11775.000000,9503.000000,48103.000000
10993.000000,11777.000000,9471.000000,48107.000000
10965.000000,11785.000000,9477.000000,48094.000000
10991.000000,11804.000000,9467.000000,48093.000000
10991.000000,11812.000000,9481.000000,48118.000000
11014.000000,11805.000000,9465.000000,48123.000000
10973.000000,11816.000000,9483.000000,48096.000000
10973.000000,11861.000000,9457.000000,48097.000000
10981.000000,11782.000000,9515.000000,48076.000000
11002.000000,11861.000000,9529.000000,48155.000000
10984.000000,11812.000000,9526.000000,48088.000000
10990.000000,11826.000000,9518.000000,48145.000000
11058.000000,11853.000000,9524.000000,48116.000000
11001.000000,11849.000000,9482.000000,48148.000000
11068.000000,11857.000000,9551.000000,48130.000000
11023.000000,11861.000000,9574.000000,48143.000000
11093.000000,11877.000000,9580.000000,48171.000000
11019.000000,11874.000000,9574.000000,48144.000000
11061.000000,11846.000000,9623.000000,48155.000000
11057.000000,11861.000000,9568.000000,48161.000000
11085.000000,11832.000000,9638.000000,48212.000000
11071.000000,11905.000000,9620.000000,48169.000000
11080.000000,11867.000000,9588.000000,48182.000000
11082.000000,11885.000000,9628.000000,48159.000000
11086.000000,11927.000000,9624.000000,48153.000000
11091.000000,11916.000000,9635.000000,48184.000000
11033.000000,11907.000000,9684.000000,48158.000000
11098.000000,11878.000000,9631.000000,48228.000000
11088.000000,11923.000000,9668.000000,48179.000000
11086.000000,11913.000000,9678.000000,48195.000000
11087.000000,11930.000000,9698.000000,48168.000000
11149.000000,11888.000000,9663.000000,48253.000000
11095.000000,11961.000000,9706.000000,48212.000000
11152.000000,11921.000000,9669.000000,48223.000000
11088.000000,11947.000000,9713.000000,48224.000000
11138.000000,11954.000000,9671.000000,48229.000000
11106.000000,11993.000000,9755.000000,48242.000000
11121.000000,11977.000000,9777.000000,48240.000000
11114.000000,11959.000000,9749.000000,48271.000000
11174.000000,11966.000000,9786.000000,48283.000000
11167.000000,11980.000000,9789.000000,48256.000000
11136.000000,12055.000000,9803.000000,48271.000000
11177.000000,12013.000000,9798.000000,48269.000000
11141.000000,12000.000000,9835.000000,48250.000000
11130.000000,12031.000000,9842.000000,48278.000000
11124.000000,12065.000000,9856.000000,48293.000000
11150.000000,12058.000000,9872.000000,48347.000000
11141.000000,12062.000000,9862.000000,48305.000000
11168.000000,12013.000000,9888.000000,48344.000000
11177.000000,12088.000000,9901.000000,48337.000000
11223.000000,12073.000000,9866.000000,48392.000000
11188.000000,12128.000000,9935.000000,48335.000000
11170.000000,12148.000000,9932.000000,48337.000000
11172.000000,12121.000000,9928.000000,48350.000000
11184.000000,12127.000000,9940.000000,48382.000000
11197.000000,12089.000000,9982.000000,48357.000000
11198.000000,12121.000000,9977.000000,48395.000000
11231.000000,12119.000000,9992.000000,48412.000000
11206.000000,12108.000000,9995.000000,48367.000000
11236.000000,12113.000000,10026.000000,48395.000000
11256.000000,12117.000000,10018.000000,48422.000000
11253.000000,12127.000000,10090.000000,48417.000000
11242.000000,12171.000000,10079.000000,48422.000000
11239.000000,12166.000000,10109.000000,48418.000000
11247.000000,12203.000000,10076.000000,48431.000000
11269.000000,12129.000000,10121.000000,48453.000000
11287.000000,12164.000000,10127.000000,48462.000000
11301.000000,12199.000000,10088.000000,48458.000000
11315.000000,12204.000000,10161.000000,48466.000000
11337.000000,12233.000000,10160.000000,48458.000000
11307.000000,12259.000000,10203.000000,48461.000000
11361.000000,12238.000000,10245.000000,48499.000000
11356.000000,12267.000000,10265.000000,48500.000000
11403.000000,12271.000000,10264.000000,48526.000000
11393.000000,12291.000000,10276.000000,48580.000000
11425.000000,12313.000000,10295.000000,48543.000000
11452.000000,12267.000000,10336.000000,48625.000000
11460.000000,12319.000000,10308.000000,48579.000000
11501.000000,12312.000000,10332.000000,48599.000000
11475.000000,12364.000000,10341.000000,48577.000000
11496.000000,12318.000000,10361.000000,48569.000000
11472.000000,12340.000000,10321.000000,48555.000000
11457.000000,12356.000000,10350.000000,48573.000000
11388.000000,12347.000000,10375.000000,48576.000000
11451.000000,12289.000000,10353.000000,48586.000000
11411.000000,12344.000000,10296.000000,48568.000000
11430.000000,12327.000000,10267.000000,48572.000000
11420.000000,12335.000000,10262.000000,48559.000000
11390.000000,12300.000000,10289.000000,48525.000000
11403.000000,12267.000000,10227.000000,48575.000000
11423.000000,12312.000000,10275.000000,48553.000000
11405.000000,12292.000000,10250.000000,48507.000000
11380.000000,12255.000000,10271.000000,48551.000000
11353.000000,12304.000000,10234.000000,48479.000000
11397.000000,12271.000000,10235.000000,48531.000000
11309.000000,12308.000000,10254.000000,48467.000000
11354.000000,12248.000000,10230.000000,48516.000000
11350.000000,12248.000000,10258.000000,48499.000000
11368.000000,12223.000000,10204.000000,48521.000000
11347.000000,12257.000000,10221.000000,48497.000000
11372.000000,12224.000000,10155.000000,48521.000000
11307.000000,12223.000000,10179.000000,48486.000000
11319.000000,12157.000000,10183.000000,48528.000000
11282.000000,12227.000000,10139.000000,48473.000000
11291.000000,12199.000000,10146.000000,48481.000000
11253.000000,12191.000000,10117.000000,48465.000000
11220.000000,12200.000000,10144.000000,48440.000000
11248.000000,12191.000000,10092.000000,48445.000000
11235.000000,12173.000000,10123.000000,48506.000000
11263.000000,12141.000000,10120.000000,48450.000000
11252.000000,12131.000000,10085.000000,48459.000000
11238.000000,12179.000000,10060.000000,48463.000000
11227.000000,12172.000000,10007.000000,48458.000000
11200.000000,12171.000000,10062.000000,48395.000000
11199.000000,12157.000000,10067.000000,48412.000000
11239.000000,12163.000000,10028.000000,48416.000000
11193.000000,12149.000000,10030.000000,48402.000000
11188.000000,12198.000000,10058.000000,48341.000000
11174.000000,12118.000000,10044.000000,48429.000000
11129.000000,12131.000000,10046.000000,48363.000000
11166.000000,12133.000000,10049.000000,48398.000000
11136.000000,12119.000000,9950.000000,48349.000000
11127.000000,12093.000000,9963.000000,48368.000000
11123.000000,12072.000000,9981.000000,48358.000000
11163.000000,12159.000000,9971.000000,48371.000000
11140.000000,12112.000000,9936.000000,48364.000000
11169.000000,12105.000000,9945.000000,48355.000000
11149.000000,12073.000000,9961.000000,48343.000000
11159.000000,12053.000000,9924.000000,48392.000000
11120.000000,12081.000000,9929.000000,48369.000000
11082.000000,12052.000000,9956.000000,48334.000000
11143.000000,12071.000000,9941.000000,48371.000000
11136.000000,12029.000000,9948.000000,48391.000000
11123.000000,12069.000000,9947.000000,48369.000000
11148.000000,12048.000000,9927.000000,48397.000000
11108.000000,12278.000000,9903.000000,48359.000000
11170.000000,12065.000000,9884.000000,48371.000000
11111.000000,12059.000000,9924.000000,48351.000000
11127.000000,12089.000000,9876.000000,48325.000000
11114.000000,12035.000000,9906.000000,48341.000000
11085.000000,12031.000000,9868.000000,48365.000000
11043.000000,12028.000000,9886.000000,48356.000000
11097.000000,12007.000000,9872.000000,48327.000000
11056.000000,12000.000000,9898.000000,48331.000000
11061.000000,12003.000000,9873.000000,48295.000000
11011.000000,11983.000000,9853.000000,48316.000000
11052.000000,11990.000000,9856.000000,48291.000000
11039.000000,12244.000000,9824.000000,48291.000000
11077.000000,11999.000000,9836.000000,48295.000000
11043.000000,12027.000000,9835.000000,48270.000000
11081.000000,11997.000000,9823.000000,48296.000000
11009.000000,12012.000000,9860.000000,48276.000000
11043.000000,11961.000000,9833.000000,48325.000000
11068.000000,11963.000000,9831.000000,48319.000000
11044.000000,12012.000000,9763.000000,48327.000000
11125.000000,11995.000000,9807.000000,48340.000000
11111.000000,11961.000000,9818.000000,48335.000000
11064.000000,11990.000000,9778.000000,48281.000000
11093.000000,11992.000000,9738.000000,48269.000000
11099.000000,12002.000000,9813.000000,48322.000000
11055.000000,12015.000000,9822.000000,48298.000000
11071.000000,11992.000000,9837.000000,48333.000000
11079.000000,12036.000000,9815.000000,48263.000000
11068.000000,11953.000000,9818.000000,48314.000000
11021.000000,11995.000000,9835.000000,48311.000000
11097.000000,11946.000000,9824.000000,48293.000000
11066.000000,11983.000000,9800.000000,48310.000000
11082.000000,11950.000000,9837.000000,48304.000000
11056.000000,12019.000000,9817.000000,48281.000000
11155.000000,12003.000000,9783.000000,48293.000000
11080.000000,11974.000000,9822.000000,48247.000000
11111.000000,12025.000000,9800.000000,48298.000000
11095.000000,11993.000000,9829.000000,48315.000000
11097.000000,11958.000000,9828.000000,48351.000000
11107.000000,11963.000000,9867.000000,48298.000000
11116.000000,11949.000000,9841.000000,48310.000000
11129.000000,12014.000000,9869.000000,48316.000000
11173.000000,11976.000000,9824.000000,48364.000000
11135.000000,12007.000000,9870.000000,48311.000000
11114.000000,12059.000000,9831.000000,48300.000000
11168.000000,12048.000000,9864.000000,48327.000000
11161.000000,12081.000000,9883.000000,48331.000000
11094.000000,12044.000000,9878.000000,48324.000000
11133.000000,12050.000000,9911.000000,48319.000000
11174.000000,11996.000000,9913.000000,48368.000000
11161.000000,12051.000000,9907.000000,48320.000000
11171.000000,12013.000000,9915.000000,48380.000000
11179.000000,12039.000000,9917.000000,48362.000000
11209.000000,11998.000000,9944.000000,48377.000000
11170.000000,12037.000000,9887.000000,48359.000000
11197.000000,12044.000000,9923.000000,48317.000000
11216.000000,12047.000000,9908.000000,48339.000000
11176.000000,12065.000000,9912.000000,48347.000000
11186.000000,12055.000000,9917.000000,48326.000000
11184.000000,12052.000000,9894.000000,48374.000000
11147.000000,12029.000000,9910.000000,48357.000000
11205.000000,12010.000000,9872.000000,48376.000000
11162.000000,12056.000000,9878.000000,48345.000000
11174.000000,12041.000000,9883.000000,48308.000000
11150.000000,12061.000000,9850.000000,48312.000000
11160.000000,12066.000000,9880.000000,48330.000000
11140.000000,12065.000000,9875.000000,48292.000000
11145.000000,12063.000000,9869.000000,48325.000000
11114.000000,12020.000000,9936.000000,48300.000000
11152.000000,12020.000000,9853.000000,48309.000000
11104.000000,11967.000000,9904.000000,48324.000000
11105.000000,12006.000000,9855.000000,48284.000000
11147.000000,11983.000000,9862.000000,48288.000000
11111.000000,11971.000000,9827.000000,48294.000000
11113.000000,11988.000000,9845.000000,48294.000000
11032.000000,11991.000000,9841.000000,48265.000000
11079.000000,11955.000000,9830.000000,48293.000000
11030.000000,12006.000000,9850.000000,48305.000000
11046.000000,11977.000000,9824.000000,48304.000000
11016.000000,11984.000000,9865.000000,48291.000000
11066.000000,12000.000000,9790.000000,48295.000000
11059.000000,11985.000000,9815.000000,48259.000000
11078.000000,12015.000000,9805.000000,48297.000000
11070.000000,12010.000000,9806.000000,48245.000000
11076.000000,11989.000000,9835.000000,48307.000000
11057.000000,12016.000000,9859.000000,48282.000000
11103.000000,11987.000000,9846.000000,48317.000000
11095.000000,11990.000000,9868.000000,48320.000000
11120.000000,12007.000000,9872.000000,48325.000000
11145.000000,12027.000000,9855.000000,48395.000000
11117.000000,12041.000000,9877.000000,48312.000000
11157.000000,12017.000000,9878.000000,48317.000000
11143.000000,12068.000000,9908.000000,48334.000000
11144.000000,12029.000000,9913.000000,48346.000000
11137.000000,12096.000000,9964.000000,48321.000000
11207.000000,12046.000000,9923.000000,48382.000000
11137.000000,12084.000000,9997.000000,48337.000000
11197.000000,12101.000000,9977.000000,48378.000000
11205.000000,12080.000000,10007.000000,48359.000000
11209.000000,12111.000000,10005.000000,48411.000000
11221.000000,12091.000000,10020.000000,48401.000000
11233.000000,12103.000000,10039.000000,48413.000000
11213.000000,12140.000000,10059.000000,48350.000000
11254.000000,12128.000000,10056.000000,48432.000000
11283.000000,12147.000000,10121.000000,48466.000000
11313.000000,12184.000000,10153.000000,48452.000000
11348.000000,12184.000000,10151.000000,48496.000000
11343.000000,12189.000000,10124.000000,48475.000000
11377.000000,12215.000000,10210.000000,48498.000000
11456.000000,12257.000000,10165.000000,48523.000000
11396.000000,12240.000000,10225.000000,48540.000000
11448.000000,12283.000000,10255.000000,48532.000000
11507.000000,12285.000000,10291.000000,48578.000000
11494.000000,12327.000000,10325.000000,48554.000000
11551.000000,12342.000000,10348.000000,48601.000000
11538.000000,12285.000000,10406.000000,48584.000000
11555.000000,12399.000000,10401.000000,48667.000000
11597.000000,12375.000000,10460.000000,48681.000000
11618.000000,12347.000000,10425.000000,48669.000000
11640.000000,12390.000000,10456.000000,48679.000000
11659.000000,12446.000000,10437.000000,48639.000000
11665.000000,12437.000000,10462.000000,48714.000000
11621.000000,12463.000000,10477.000000,48655.000000
11647.000000,12435.000000,10484.000000,48684.000000
11631.000000,12464.000000,10506.000000,48682.000000
11640.000000,12394.000000,10508.000000,48685.000000
11615.000000,12419.000000,10482.000000,48684.000000
11647.000000,12434.000000,10454.000000,48680.000000
11625.000000,12441.000000,10432.000000,48642.000000
11601.000000,12414.000000,10479.000000,48707.000000
11592.000000,12380.000000,10442.000000,48667.000000
11579.000000,12424.000000,10456.000000,48636.000000
11596.000000,12373.000000,10457.000000,48677.000000
11553.000000,12354.000000,10424.000000,48670.000000
11612.000000,12374.000000,10433.000000,48678.000000
11611.000000,12359.000000,10402.000000,48641.000000
11549.000000,12355.000000,10376.000000,48630.000000
11589.000000,12379.000000,10356.000000,48643.000000
11573.000000,12333.000000,10363.000000,48622.000000
11532.000000,12391.000000,10357.000000,48575.000000
11553.000000,12309.000000,10367.000000,48616.000000
11481.000000,12309.000000,10412.000000,48581.000000
11537.000000,12328.000000,10365.000000,48618.000000
11556.000000,12275.000000,10342.000000,48555.000000
11503.000000,12335.000000,10299.000000,48571.000000
11517.000000,12261.000000,10328.000000,48591.000000
11483.000000,12313.000000,10300.000000,48544.000000
11434.000000,12260.000000,10336.000000,48571.000000
11462.000000,12298.000000,10304.000000,48545.000000
11495.000000,12272.000000,10270.000000,48562.000000
11454.000000,12298.000000,10259.000000,48568.000000
11442.000000,12244.000000,10236.000000,48543.000000
11435.000000,12282.000000,10215.000000,48584.000000
11482.000000,12275.000000,10278.000000,48556.000000
11478.000000,12267.000000,10177.000000,48559.000000
11440.000000,12233.000000,10231.000000,48568.000000
11450.000000,12273.000000,10208.000000,48482.000000
11457.000000,12241.000000,10217.000000,48531.000000
11397.000000,12254.000000,10220.000000,48504.000000
11414.000000,12228.000000,10247.000000,48550.000000
11437.000000,12185.000000,10254.000000,48509.000000
11454.000000,12207.000000,10201.000000,48543.000000
11445.000000,12204.000000,10231.000000,48531.000000
11418.000000,12193.000000,10153.000000,48542.000000
11425.000000,12219.000000,10167.000000,48519.000000
11482.000000,12223.000000,10132.000000,48509.000000
11446.000000,12221.000000,10182.000000,48507.000000
11430.000000,12224.000000,10157.000000,48508.000000
11429.000000,12185.000000,10171.000000,48529.000000
11461.000000,12243.000000,10156.000000,48530.000000
11398.000000,12199.000000,10155.000000,48489.000000
11430.000000,12205.000000,10146.000000,48529.000000
11452.000000,12192.000000,10151.000000,48469.000000
11459.000000,12223.000000,10111.000000,48527.000000
11439.000000,12154.000000,10155.000000,48512.000000
11425.000000,12239.000000,10144.000000,48464.000000
11458.000000,12172.000000,10141.000000,48500.000000
11429.000000,12195.000000,10154.000000,48496.000000
11395.000000,12207.000000,10153.000000,48479.000000
11432.000000,12179.000000,10142.000000,48471.000000
11379.000000,12165.000000,10188.000000,48497.000000
11406.000000,12219.000000,10137.000000,48492.000000
11422.000000,12127.000000,10119.000000,48527.000000
11447.000000,12204.000000,10135.000000,48472.000000
11457.000000,12187.000000,10094.000000,48520.000000
11414.000000,12194.000000,10115.000000,48482.000000
11412.000000,12229.000000,10110.000000,48474.000000
11402.000000,12146.000000,10148.000000,48497.000000
11395.000000,12194.000000,10152.000000,48520.000000
11404.000000,12149.000000,10142.000000,48529.000000
11408.000000,12215.000000,10136.000000,48472.000000
11463.000000,12114.000000,10166.000000,48518.000000
11365.000000,12184.000000,10127.000000,48476.000000
11366.000000,12153.000000,10150.000000,48487.000000
11398.000000,12170.000000,10108.000000,48474.000000
11383.000000,12192.000000,10113.000000,48471.000000
11391.000000,12180.000000,10118.000000,48445.000000
11411.000000,12229.000000,10088.000000,48455.000000
11408.000000,12175.000000,10072.000000,48482.000000
11376.000000,12183.000000,10100.000000,48456.000000
11363.000000,12164.000000,10080.000000,48445.000000
11383.000000,12135.000000,10087.000000,48473.000000
11377.000000,12175.000000,10090.000000,48451.000000
11412.000000,12143.000000,10079.000000,48480.000000
11401.000000,12166.000000,10047.000000,48465.000000
11362.000000,12160.000000,10071.000000,48439.000000
11374.000000,12172.000000,10013.000000,48440.000000
11336.000000,12134.000000,10040.000000,48439.000000
11311.000000,12187.000000,10035.000000,48383.000000
11326.000000,12132.000000,10032.000000,48429.000000
11309.000000,12167.000000,10069.000000,48369.000000
11321.000000,12135.000000,10025.000000,48432.000000
11301.000000,12098.000000,10034.000000,48426.000000
11342.000000,12111.000000,10032.000000,48432.000000
11346.000000,12124.000000,10006.000000,48402.000000
11314.000000,12109.000000,10032.000000,48420.000000
11329.000000,12121.000000,10016.000000,48391.000000
11327.000000,12157.000000,9969.000000,48401.000000
11313.000000,12111.000000,10026.000000,48372.000000
11311.000000,12126.000000,10045.000000,48433.000000
11325.000000,12099.000000,10031.000000,48412.000000
11371.000000,12101.000000,10020.000000,48458.000000
11357.000000,12125.000000,10020.000000,48425.000000
11358.000000,12105.000000,9994.000000,48444.000000
11365.000000,12148.000000,10036.000000,48431.000000
11408.000000,12116.000000,9986.000000,48421.000000
11344.000000,12167.000000,10039.000000,48416.000000
11326.000000,12159.000000,10036.000000,48391.000000
11376.000000,12156.000000,10052.000000,48420.000000
11323.000000,12119.000000,10044.000000,48407.000000
11346.000000,12105.000000,10027.000000,48444.000000
11382.000000,12092.000000,10060.000000,48431.000000
11414.000000,12143.000000,10024.000000,48463.000000
11387.000000,12159.000000,10062.000000,48435.000000
11383.000000,12145.000000,10017.000000,48431.000000
11394.000000,12169.000000,10060.000000,48427.000000
11453.000000,12167.000000,10008.000000,48469.000000
11402.000000,12168.000000,10082.000000,48462.000000
11414.000000,12140.000000,10063.000000,48469.000000
11394.000000,12175.000000,10113.000000,48443.000000
11414.000000,12142.000000,10076.000000,48470.000000
11394.000000,12172.000000,10076.000000,48458.000000
11402.000000,12151.000000,10073.000000,48471.000000
11462.000000,12197.000000,10086.000000,48428.000000
11411.000000,12191.000000,10080.000000,48460.000000
11419.000000,12196.000000,10105.000000,48443.000000
11400.000000,12187.000000,10168.000000,48476.000000
11425.000000,12179.000000,10187.000000,48479.000000
11415.000000,12229.000000,10145.000000,48498.000000
11386.000000,12197.000000,10126.000000,48475.000000
11386.000000,12210.000000,10123.000000,48503.000000
11398.000000,12193.000000,10127.000000,48541.000000
11402.000000,12205.000000,10114.000000,48437.000000
11436.000000,12186.000000,10062.000000,48507.000000
11396.000000,12185.000000,10140.000000,48466.000000
11416.000000,12215.000000,10090.000000,48476.000000
11344.000000,12200.000000,10132.000000,48474.000000
11367.000000,12223.000000,10110.000000,48464.000000
11377.000000,12165.000000,10186.000000,48491.000000
11380.000000,12191.000000,10119.000000,48506.000000
11363.000000,12227.000000,10186.000000,48506.000000
11387.000000,12207.000000,10158.000000,48451.000000
11381.000000,12196.000000,10191.000000,48482.000000
11393.000000,12233.000000,10168.000000,48495.000000
11423.000000,12209.000000,10209.000000,48476.000000
11407.000000,12226.000000,10226.000000,48502.000000
11384.000000,12276.000000,10236.000000,48438.000000
11442.000000,12261.000000,10205.000000,48502.000000
11432.000000,12255.000000,10242.000000,48517.000000
11445.000000,12268.000000,10236.000000,48541.000000
11477.000000,12276.000000,10271.000000,48560.000000
11462.000000,12302.000000,10247.000000,48561.000000
11486.000000,12298.000000,10226.000000,48532.000000
11435.000000,12277.000000,10279.000000,48534.000000
11494.000000,12274.000000,10293.000000,48559.000000
11485.000000,12342.000000,10308.000000,48562.000000
11534.000000,12335.000000,10360.000000,48616.000000
11491.000000,12378.000000,10416.000000,48568.000000
11535.000000,12371.000000,10386.000000,48587.000000
11493.000000,12354.000000,10434.000000,48592.000000
11618.000000,12406.000000,10386.000000,48619.000000
11586.000000,12387.000000,10435.000000,48591.000000
11602.000000,12405.000000,10426.000000,48634.000000
11628.000000,12396.000000,10480.000000,48630.000000
11661.000000,12463.000000,10491.000000,48695.000000
11641.000000,12465.000000,10517.000000,48662.000000
11687.000000,12477.000000,10551.000000,48692.000000
11700.000000,12428.000000,10575.000000,48699.000000
11754.000000,12501.000000,10579.000000,48728.000000
11753.000000,12492.000000,10627.000000,48738.000000
11775.000000,12499.000000,10635.000000,48788.000000
11807.000000,12556.000000,10664.000000,48759.000000
11854.000000,12522.000000,10686.000000,48842.000000
11813.000000,12565.000000,10709.000000,48788.000000
11886.000000,12607.000000,10712.000000,48844.000000
11903.000000,12591.000000,10804.000000,48850.000000
11938.000000,12645.000000,10776.000000,48813.000000
11954.000000,12679.000000,10826.000000,48855.000000
11923.000000,12728.000000,10836.000000,48851.000000
12030.000000,12691.000000,10887.000000,48930.000000
12003.000000,12695.000000,10901.000000,48867.000000
12038.000000,12717.000000,10919.000000,48949.000000
12023.000000,12749.000000,10949.000000,48927.000000
12090.000000,12707.000000,10933.000000,48993.000000
12088.000000,12794.000000,10987.000000,48977.000000
12180.000000,12725.000000,10969.000000,49021.000000
12084.000000,12760.000000,10973.000000,48970.000000
12138.000000,12744.000000,10997.000000,48988.000000
12117.000000,12783.000000,11000.000000,48979.000000
12122.000000,12773.000000,11025.000000,48990.000000
12120.000000,12769.000000,10981.000000,48969.000000
12118.000000,12743.000000,11005.000000,49027.000000
12088.000000,12757.000000,10999.000000,48939.000000
12116.000000,12759.000000,10947.000000,48971.000000
12078.000000,12748.000000,10948.000000,48951.000000
12056.000000,12781.000000,10966.000000,48943.000000
12052.000000,12754.000000,10959.000000,48925.000000
12035.000000,12731.000000,10919.000000,48938.000000
11997.000000,12727.000000,10962.000000,48911.000000
12015.000000,12716.000000,10904.000000,48898.000000
12007.000000,12700.000000,10956.000000,48941.000000
12055.000000,12692.000000,10900.000000,48934.000000
12006.000000,12659.000000,10907.000000,48969.000000
11972.000000,12704.000000,10902.000000,48914.000000
12052.000000,12669.000000,10868.000000,48919.000000
12015.000000,12698.000000,10851.000000,48911.000000
12024.000000,12657.000000,10905.000000,48849.000000
11993.000000,12695.000000,10855.000000,48913.000000
12010.000000,12683.000000,10865.000000,48890.000000
11969.000000,12653.000000,10864.000000,48873.000000
12020.000000,12691.000000,10834.000000,48890.000000
11963.000000,12645.000000,10851.000000,48849.000000
12009.000000,12644.000000,10825.000000,48870.000000
11987.000000,12701.000000,10826.000000,48840.000000
11978.000000,12655.000000,10795.000000,48844.000000
11982.000000,12672.000000,10779.000000,48866.000000
11990.000000,12664.000000,10792.000000,48861.000000
12004.000000,12671.000000,10789.000000,48829.000000
12235.000000,12631.000000,10809.000000,48863.000000
11917.000000,12659.000000,10837.000000,48852.000000
11944.000000,12615.000000,10780.000000,48863.000000
11955.000000,12619.000000,10811.000000,48884.000000
11978.000000,12587.000000,10772.000000,48853.000000
11967.000000,12601.000000,10750.000000,48851.000000
11986.000000,12636.000000,10752.000000,48847.000000
11923.000000,12646.000000,10755.000000,48863.000000
11910.000000,12639.000000,10772.000000,48794.000000
11925.000000,12616.000000,10737.000000,48846.000000
11909.000000,12627.000000,10749.000000,48766.000000
11920.000000,12641.000000,10746.000000,48850.000000
11908.000000,12631.000000,10754.000000,48825.000000
11957.000000,12628.000000,10731.000000,48830.000000
11919.000000,12622.000000,10690.000000,48842.000000
11902.000000,12615.000000,10729.000000,48816.000000
11884.000000,12605.000000,10760.000000,48810.000000
11871.000000,12573.000000,10739.000000,48831.000000
11865.000000,12568.000000,10724.000000,48768.000000
11889.000000,12587.000000,10710.000000,48819.000000
11891.000000,12537.000000,10652.000000,48814.000000
11892.000000,12529.000000,10656.000000,48809.000000
11881.000000,12571.000000,10680.000000,48824.000000
11899.000000,12548.000000,10667.000000,48801.000000
11850.000000,12549.000000,10681.000000,48778.000000
11910.000000,12559.000000,10629.000000,48743.000000
11845.000000,12555.000000,10661.000000,48781.000000
11872.000000,12597.000000,10664.000000,48727.000000
11862.000000,12541.000000,10651.000000,48766.000000
11813.000000,12557.000000,10681.000000,48729.000000
11870.000000,12551.000000,10650.000000,48742.000000
11852.000000,12522.000000,10648.000000,48735.000000
11890.000000,12523.000000,10609.000000,48734.000000
11848.000000,12559.000000,10617.000000,48758.000000
11828.000000,12536.000000,10638.000000,48768.000000
11829.000000,12543.000000,10641.000000,48733.000000
11871.000000,12554.000000,10588.000000,48751.000000
11809.000000,12528.000000,10598.000000,48743.000000
11799.000000,12564.000000,10616.000000,48781.000000
11818.000000,12542.000000,10631.000000,48765.000000
11850.000000,12524.000000,10614.000000,48794.000000
11802.000000,12536.000000,10620.000000,48772.000000
11855.000000,12494.000000,10571.000000,48782.000000
11825.000000,12545.000000,10650.000000,48753.000000
11835.000000,12542.000000,10616.000000,48741.000000
11811.000000,12504.000000,10606.000000,48781.000000
11803.000000,12523.000000,10664.000000,48732.000000
11846.000000,12518.000000,10614.000000,48758.000000
11848.000000,12519.000000,10639.000000,48774.000000
11820.000000,12510.000000,10624.000000,48780.000000
11842.000000,12517.000000,10589.000000,48770.000000
11869.000000,12513.000000,10626.000000,48814.000000
11840.000000,12499.000000,10617.000000,48755.000000
11869.000000,12557.000000,10566.000000,48789.000000
11844.000000,12521.000000,10628.000000,48768.000000
11859.000000,12547.000000,10577.000000,48835.000000
11821.000000,12530.000000,10629.000000,48772.000000
11830.000000,12534.000000,10597.000000,48764.000000
11810.000000,12491.000000,10618.000000,48776.000000
11839.000000,12492.000000,10596.000000,48770.000000
11817.000000,12539.000000,10635.000000,48738.000000
11787.000000,12503.000000,10576.000000,48745.000000
11799.000000,12492.000000,10615.000000,48757.000000
11759.000000,12521.000000,10573.000000,48765.000000
11800.000000,12551.000000,10598.000000,48740.000000
11796.000000,12512.000000,10599.000000,48748.000000
11778.000000,12561.000000,10590.000000,48700.000000
11782.000000,12514.000000,10602.000000,48751.000000
11755.000000,12522.000000,10587.000000,48703.000000
11783.000000,12560.000000,10598.000000,48765.000000
11755.000000,12529.000000,10625.000000,48710.000000
11784.000000,12484.000000,10601.000000,48743.000000
11780.000000,12460.000000,10609.000000,48775.000000
11763.000000,12472.000000,10599.000000,48731.000000
11810.000000,12470.000000,10585.000000,48745.000000
11767.000000,12493.000000,10575.000000,48701.000000
11760.000000,12512.000000,10567.000000,48738.000000
11776.000000,12559.000000,10551.000000,48699.000000
11771.000000,12507.000000,10568.000000,48738.000000
11717.000000,12524.000000,10584.000000,48674.000000
11737.000000,12510.000000,10563.000000,48690.000000
11685.000000,12533.000000,10523.000000,48726.000000
11745.000000,12469.000000,10550.000000,48676.000000
11692.000000,12458.000000,10503.000000,48739.000000
11701.000000,12485.000000,10523.000000,48672.000000
11708.000000,12467.000000,10472.000000,48698.000000
11702.000000,12458.000000,10529.000000,48678.000000
11695.000000,12473.000000,10510.000000,48651.000000
11723.000000,12481.000000,10491.000000,48670.000000
11665.000000,12475.000000,10511.000000,48655.000000
11661.000000,12454.000000,10545.000000,48706.000000
11702.000000,12433.000000,10496.000000,48703.000000
11723.000000,12417.000000,10510.000000,48696.000000
11729.000000,12478.000000,10466.000000,48664.000000
11665.000000,12413.000000,10478.000000,48685.000000
11686.000000,12471.000000,10494.000000,48675.000000
11719.000000,12410.000000,10468.000000,48699.000000
11682.000000,12408.000000,10463.000000,48668.000000
11701.000000,12455.000000,10422.000000,48666.000000
11685.000000,12406.000000,10459.000000,48665.000000
11667.000000,12456.000000,10459.000000,48678.000000
11659.000000,12420.000000,10469.000000,48666.000000
11644.000000,12415.000000,10485.000000,48647.000000
11636.000000,12409.000000,10475.000000,48695.000000
11680.000000,12422.000000,10454.000000,48699.000000
11646.000000,12437.000000,10486.000000,48673.000000
11689.000000,12416.000000,10452.000000,48660.000000
11696.000000,12484.000000,10484.000000,48658.000000
11718.000000,12466.000000,10487.000000,48681.000000
11706.000000,12471.000000,10495.000000,48669.000000
11695.000000,12426.000000,10488.000000,48677.000000
11722.000000,12528.000000,10494.000000,48661.000000
11728.000000,12474.000000,10537.000000,48707.000000
11695.000000,12484.000000,10598.000000,48661.000000
11770.000000,12480.000000,10574.000000,48710.000000
11748.000000,12473.000000,10575.000000,48708.000000
11804.000000,12511.000000,10551.000000,48696.000000
11798.000000,12459.000000,10587.000000,48696.000000
11818.000000,12549.000000,10529.000000,48726.000000
11800.000000,12551.000000,10616.000000,48750.000000
11844.000000,12613.000000,10607.000000,48734.000000
11842.000000,12549.000000,10652.000000,48780.000000
11865.000000,12584.000000,10625.000000,48794.000000
11842.000000,12556.000000,10680.000000,48799.000000
11882.000000,12592.000000,10685.000000,48783.000000
11859.000000,12593.000000,10697.000000,48804.000000
11904.000000,12565.000000,10709.000000,48803.000000
11903.000000,12607.000000,10743.000000,48823.000000
11967.000000,12600.000000,10729.000000,48832.000000
11978.000000,12662.000000,10783.000000,48838.000000
11983.000000,12648.000000,10786.000000,48850.000000
11976.000000,12651.000000,10815.000000,48864.000000
11997.000000,12715.000000,10891.000000,48864.000000
12028.000000,12687.000000,10886.000000,48890.000000
12068.000000,12739.000000,10887.000000,48947.000000
12014.000000,12740.000000,10925.000000,48922.000000
12096.000000,12744.000000,10944.000000,48951.000000
12132.000000,12743.000000,10992.000000,48967.000000
12177.000000,12773.000000,10971.000000,48969.000000
12199.000000,12749.000000,10998.000000,49062.000000
12212.000000,12810.000000,11038.000000,48995.000000
12227.000000,12799.000000,11056.000000,49034.000000
12254.000000,12799.000000,11110.000000,49030.000000
12293.000000,12826.000000,11110.000000,49048.000000
12248.000000,12840.000000,11106.000000,49056.000000
12271.000000,12845.000000,11124.000000,48987.000000
12226.000000,12885.000000,11138.000000,49041.000000
12236.000000,12876.000000,11098.000000,49047.000000
12225.000000,12869.000000,11137.000000,49039.000000
12260.000000,12862.000000,11119.000000,49020.000000
12242.000000,12860.000000,11078.000000,49047.000000
12260.000000,12822.000000,11092.000000,49011.000000
12260.000000,12839.000000,11040.000000,49034.000000
12230.000000,12844.000000,11119.000000,49035.000000
12229.000000,12833.000000,11073.000000,48972.000000
12253.000000,12844.000000,11085.000000,49010.000000
12263.000000,12854.000000,11089.000000,48971.000000
12274.000000,12878.000000,11064.000000,49021.000000
12211.000000,12803.000000,11101.000000,48987.000000
12224.000000,12811.000000,10968.000000,49010.000000
12229.000000,12800.000000,11001.000000,49004.000000
12181.000000,12761.000000,11007.000000,48985.000000
12185.000000,12784.000000,11030.000000,48979.000000
12242.000000,12807.000000,10951.000000,49003.000000
12200.000000,12773.000000,10950.000000,48945.000000
12189.000000,12773.000000,10949.000000,48948.000000
12202.000000,12779.000000,10941.000000,48950.000000
12189.000000,12780.000000,10901.000000,48989.000000
12155.000000,12750.000000,10920.000000,48937.000000
12144.000000,12760.000000,10921.000000,48978.000000
12201.000000,12768.000000,10935.000000,48931.000000
12173.000000,12691.000000,10905.000000,48978.000000
12145.000000,12744.000000,10905.000000,48951.000000
12144.000000,12739.000000,10856.000000,48909.000000
12158.000000,12697.000000,10902.000000,48927.000000
12141.000000,12741.000000,10896.000000,48904.000000
12097.000000,12764.000000,10883.000000,48891.000000
12125.000000,12723.000000,10879.000000,48893.000000
12111.000000,12739.000000,10915.000000,48883.000000
12147.000000,12711.000000,10888.000000,48896.000000
12091.000000,12707.000000,10888.000000,48869.000000
12087.000000,12709.000000,10862.000000,48903.000000
12103.000000,12676.000000,10873.000000,48878.000000
12082.000000,12726.000000,10846.000000,48917.000000
12091.000000,12661.000000,10815.000000,48872.000000
12069.000000,12696.000000,10857.000000,48892.000000
12104.000000,12673.000000,10807.000000,48854.000000
12071.000000,12685.000000,10816.000000,48867.000000
12088.000000,12711.000000,10819.000000,48858.000000
12039.000000,12689.000000,10752.000000,48815.000000
12104.000000,12669.000000,10767.000000,48855.000000
12030.000000,12647.000000,10758.000000,48872.000000
12021.000000,12619.000000,10770.000000,48862.000000
12076.000000,12603.000000,10767.000000,48861.000000
12036.000000,12627.000000,10760.000000,48832.000000
12038.000000,12591.000000,10758.000000,48831.000000
12060.000000,12639.000000,10713.000000,48813.000000
12041.000000,12589.000000,10709.000000,48847.000000
12002.000000,12628.000000,10722.000000,48839.000000
12048.000000,12629.000000,10674.000000,48832.000000
11978.000000,12575.000000,10703.000000,48788.000000
11972.000000,12651.000000,10644.000000,48809.000000
11982.000000,12627.000000,10688.000000,48741.000000
11955.000000,12596.000000,10649.000000,48802.000000
11939.000000,12571.000000,10691.000000,48753.000000
11954.000000,12571.000000,10655.000000,48788.000000
11931.000000,12552.000000,10701.000000,48750.000000
11939.000000,12560.000000,10627.000000,48765.000000
11923.000000,12568.000000,10628.000000,48754.000000
11925.000000,12540.000000,10627.000000,48767.000000
11919.000000,12562.000000,10563.000000,48783.000000
11931.000000,12536.000000,10579.000000,48726.000000
11954.000000,12593.000000,10521.000000,48783.000000
11915.000000,12542.000000,10577.000000,48737.000000
11902.000000,12547.000000,10586.000000,48716.000000
11931.000000,12530.000000,10554.000000,48702.000000
11918.000000,12521.000000,10543.000000,48716.000000
11873.000000,12509.000000,10578.000000,48733.000000
11887.000000,12500.000000,10555.000000,48731.000000
11898.000000,12493.000000,10526.000000,48734.000000
11883.000000,12502.000000,10514.000000,48695.000000
11878.000000,12456.000000,10499.000000,48731.000000
11882.000000,12462.000000,10479.000000,48715.000000
11911.000000,12480.000000,10475.000000,48745.000000
11860.000000,12505.000000,10469.000000,48681.000000
11904.000000,12508.000000,10451.000000,48728.000000
11885.000000,12521.000000,10486.000000,48692.000000
11890.000000,12455.000000,10461.000000,48672.000000
11817.000000,12473.000000,10472.000000,48689.000000
11809.000000,12422.000000,10465.000000,48674.000000
11766.000000,12430.000000,10470.000000,48671.000000
11811.000000,12419.000000,10414.000000,48676.000000
11780.000000,12444.000000,10438.000000,48653.000000
11805.000000,12408.000000,10426.000000,48625.000000
11798.000000,12468.000000,10382.000000,48652.000000
11790.000000,12404.000000,10426.000000,48628.000000
11810.000000,12411.000000,10362.000000,48636.000000
11780.000000,12420.000000,10404.000000,48647.000000
11799.000000,12400.000000,10353.000000,48605.000000
11774.000000,12390.000000,10388.000000,48639.000000
11762.000000,12405.000000,10412.000000,48548.000000
11791.000000,12432.000000,10369.000000,48647.000000
11778.000000,12386.000000,10404.000000,48602.000000
11796.000000,12325.000000,10320.000000,48650.000000
11785.000000,12364.000000,10357.000000,48598.000000
11812.000000,12357.000000,10316.000000,48605.000000
11771.000000,12377.000000,10349.000000,48581.000000
11757.000000,12395.000000,10293.000000,48591.000000
11735.000000,12354.000000,10307.000000,48626.000000
11802.000000,12416.000000,10282.000000,48618.000000
11752.000000,12365.000000,10308.000000,48577.000000
11748.000000,12409.000000,10271.000000,48581.000000
11732.000000,12341.000000,10287.000000,48571.000000
11753.000000,12334.000000,10310.000000,48608.000000
11758.000000,12345.000000,10302.000000,48561.000000
11723.000000,12321.000000,10257.000000,48568.000000
11754.000000,12362.000000,10265.000000,48578.000000
11762.000000,12329.000000,10269.000000,48581.000000
11707.000000,12338.000000,10283.000000,48568.000000
11691.000000,12333.000000,10280.000000,48491.000000
11694.000000,12300.000000,10273.000000,48554.000000
11709.000000,12307.000000,10269.000000,48593.000000
11649.000000,12316.000000,10277.000000,48523.000000
11681.000000,12306.000000,10234.000000,48541.000000
11659.000000,12293.000000,10271.000000,48556.000000
11684.000000,12322.000000,10219.000000,48542.000000
11686.000000,12232.000000,10192.000000,48553.000000
11696.000000,12291.000000,10215.000000,48546.000000
11702.000000,12316.000000,10210.000000,48550.000000
11668.000000,12273.000000,10188.000000,48482.000000
11655.000000,12285.000000,10184.000000,48566.000000
11612.000000,12276.000000,10175.000000,48527.000000
11679.000000,12293.000000,10195.000000,48516.000000
11605.000000,12248.000000,10162.000000,48521.000000
11617.000000,12281.000000,10140.000000,48489.000000
11613.000000,12287.000000,10198.000000,48494.000000
11637.000000,12282.000000,10158.000000,48502.000000
11621.000000,12291.000000,10117.000000,48533.000000
11633.000000,12240.000000,10157.000000,48506.000000
11649.000000,12319.000000,10123.000000,48504.000000
11647.000000,12267.000000,10144.000000,48475.000000
11641.000000,12312.000000,10165.000000,48482.000000
11637.000000,12272.000000,10172.000000,48497.000000
11645.000000,12277.000000,10166.000000,48461.000000
11675.000000,12304.000000,10187.000000,48507.000000
11689.000000,12241.000000,10202.000000,48519.000000
11713.000000,12291.000000,10169.000000,48535.000000
11733.000000,12296.000000,10199.000000,48539.000000
11718.000000,12304.000000,10193.000000,48568.000000
11733.000000,12315.000000,10205.000000,48536.000000
11788.000000,12327.000000,10186.000000,48563.000000
11728.000000,12325.000000,10236.000000,48566.000000
11813.000000,12353.000000,10216.000000,48570.000000
11783.000000,12362.000000,10250.000000,48615.000000
11813.000000,12316.000000,10312.000000,48597.000000
11804.000000,12373.000000,10307.000000,48599.000000
11827.000000,12375.000000,10347.000000,48600.000000
11878.000000,12373.000000,10351.000000,48617.000000
11869.000000,12379.000000,10375.000000,48627.000000
11861.000000,12411.000000,10382.000000,48640.000000
11893.000000,12420.000000,10373.000000,48659.000000
11909.000000,12457.000000,10426.000000,48630.000000
11914.000000,12460.000000,10407.000000,48668.000000
11944.000000,12453.000000,10386.000000,48681.000000
11941.000000,12466.000000,10465.000000,48713.000000
11953.000000,12512.000000,10470.000000,48690.000000
11985.000000,12498.000000,10483.000000,48703.000000
11977.000000,12535.000000,10538.000000,48704.000000
12041.000000,12507.000000,10587.000000,48762.000000
12035.000000,12572.000000,10610.000000,48729.000000
12083.000000,12596.000000,10589.000000,48765.000000
12054.000000,12612.000000,10673.000000,48762.000000
12144.000000,12639.000000,10650.000000,48824.000000
12151.000000,12634.000000,10699.000000,48848.000000
12178.000000,12656.000000,10668.000000,48835.000000
12166.000000,12668.000000,10726.000000,48864.000000
12264.000000,12663.000000,10741.000000,48909.000000
12236.000000,12708.000000,10804.000000,48881.000000
12242.000000,12684.000000,10802.000000,48875.000000
12270.000000,12723.000000,10834.000000,48917.000000
12272.000000,12712.000000,10863.000000,48888.000000
12297.000000,12733.000000,10854.000000,48927.000000
12260.000000,12772.000000,10903.000000,48913.000000
12308.000000,12796.000000,10897.000000,48931.000000
12350.000000,12774.000000,10931.000000,48975.000000
12324.000000,12791.000000,10904.000000,48917.000000
12359.000000,12740.000000,10954.000000,48979.000000
12347.000000,12802.000000,10898.000000,48931.000000
12353.000000,12745.000000,10918.000000,48947.000000
12339.000000,12777.000000,10863.000000,48937.000000
12349.000000,12752.000000,10920.000000,48917.000000
12420.000000,12799.000000,10832.000000,48925.000000
12352.000000,12791.000000,10886.000000,48957.000000
12406.000000,12748.000000,10861.000000,48911.000000
12358.000000,12777.000000,10861.000000,48936.000000
12363.000000,12740.000000,10873.000000,48936.000000
12321.000000,12769.000000,10854.000000,48931.000000
12324.000000,12747.000000,10880.000000,48904.000000
12335.000000,12770.000000,10868.000000,48946.000000
12407.000000,12749.000000,10902.000000,48909.000000
12334.000000,12732.000000,10842.000000,48909.000000
12328.000000,12743.000000,10856.000000,48974.000000
12321.000000,12739.000000,10841.000000,48895.000000
12314.000000,12787.000000,10814.000000,48915.000000
12295.000000,12752.000000,10791.000000,48903.000000
12316.000000,12735.000000,10845.000000,48875.000000
12309.000000,12729.000000,10808.000000,48863.000000
12275.000000,12727.000000,10825.000000,48878.000000
12284.000000,12769.000000,10819.000000,48874.000000
12278.000000,12719.000000,10815.000000,48903.000000
12292.000000,12737.000000,10790.000000,48864.000000
12264.000000,12699.000000,10791.000000,48890.000000
12221.000000,12739.000000,10776.000000,48883.000000
12272.000000,12718.000000,10770.000000,48898.000000
12229.000000,12702.000000,10768.000000,48895.000000
12273.000000,12673.000000,10757.000000,48864.000000
12283.000000,12722.000000,10770.000000,48879.000000
12326.000000,12665.000000,10745.000000,48894.000000
12254.000000,12763.000000,10762.000000,48859.000000
12239.000000,12680.000000,10752.000000,48856.000000
12228.000000,12719.000000,10714.000000,48831.000000
12205.000000,12703.000000,10778.000000,48831.000000
12249.000000,12648.000000,10744.000000,48841.000000
12190.000000,12681.000000,10722.000000,48804.000000
12221.000000,12658.000000,10703.000000,48809.000000
12180.000000,12645.000000,10760.000000,48807.000000
12182.000000,12637.000000,10687.000000,48810.000000
12179.000000,12603.000000,10711.000000,48859.000000
12163.000000,12639.000000,10696.000000,48791.000000
12180.000000,12639.000000,10713.000000,48821.000000
12193.000000,12624.000000,10666.000000,48813.000000
12166.000000,12645.000000,10661.000000,48784.000000
12203.000000,12644.000000,10617.000000,48788.000000
12136.000000,12601.000000,10654.000000,48783.000000
12173.000000,12655.000000,10627.000000,48771.000000
12157.000000,12600.000000,10645.000000,48774.000000
12197.000000,12609.000000,10623.000000,48783.000000
12170.000000,12594.000000,10604.000000,48790.000000
12171.000000,12591.000000,10657.000000,48781.000000
12153.000000,12588.000000,10626.000000,48771.000000
12163.000000,12598.000000,10663.000000,48821.000000
12154.000000,12563.000000,10627.000000,48782.000000
12167.000000,12591.000000,10573.000000,48824.000000
12153.000000,12573.000000,10594.000000,48772.000000
12174.000000,12587.000000,10574.000000,48772.000000
12123.000000,12628.000000,10590.000000,48764.000000
12095.000000,12578.000000,10565.000000,48744.000000
12129.000000,12636.000000,10581.000000,48762.000000
12110.000000,12539.000000,10541.000000,48767.000000
12115.000000,12607.000000,10629.000000,48736.000000
12110.000000,12600.000000,10592.000000,48766.000000
12094.000000,12571.000000,10644.000000,48703.000000
12129.000000,12575.000000,10550.000000,48744.000000
12038.000000,12555.000000,10566.000000,48725.000000
12151.000000,12567.000000,10570.000000,48754.000000
12099.000000,12549.000000,10481.000000,48754.000000
12087.000000,12559.000000,10521.000000,48755.000000
12089.000000,12561.000000,10502.000000,48718.000000
12128.000000,12541.000000,10536.000000,48716.000000
12101.000000,12580.000000,10509.000000,48714.000000
12087.000000,12533.000000,10545.000000,48728.000000
12120.000000,12536.000000,10558.000000,48714.000000
12099.000000,12544.000000,10553.000000,48732.000000
12108.000000,12585.000000,10551.000000,48738.000000
12087.000000,12540.000000,10574.000000,48737.000000
12114.000000,12545.000000,10527.000000,48749.000000
12107.000000,12490.000000,10544.000000,48752.000000
12133.000000,12535.000000,10527.000000,48710.000000
12136.000000,12518.000000,10475.000000,48766.000000
12102.000000,12552.000000,10516.000000,48716.000000
12120.000000,12527.000000,10533.000000,48742.000000
12070.000000,12551.000000,10489.000000,48714.000000
12106.000000,12520.000000,10524.000000,48722.000000
12044.000000,12563.000000,10517.000000,48687.000000
12064.000000,12549.000000,10529.000000,48697.000000
12031.000000,12544.000000,10514.000000,48661.000000
12042.000000,12513.000000,10458.000000,48676.000000
12047.000000,12515.000000,10440.000000,48678.000000
12059.000000,12560.000000,10496.000000,48709.000000
12040.000000,12511.000000,10434.000000,48699.000000
12070.000000,12511.000000,10481.000000,48667.000000
12091.000000,12510.000000,10442.000000,48714.000000
12062.000000,12516.000000,10465.000000,48694.000000
12053.000000,12533.000000,10467.000000,48662.000000
12028.000000,12523.000000,10448.000000,48679.000000
12053.000000,12512.000000,10446.000000,48651.000000
12021.000000,12536.000000,10480.000000,48672.000000
12002.000000,12514.000000,10447.000000,48630.000000
12007.000000,12493.000000,10476.000000,48664.000000
12041.000000,12513.000000,10408.000000,48689.000000
12013.000000,12465.000000,10463.000000,48685.000000
12019.000000,12508.000000,10438.000000,48660.000000
11997.000000,12485.000000,10455.000000,48629.000000
12021.000000,12487.000000,10443.000000,48675.000000
11995.000000,12465.000000,10511.000000,48644.000000
12036.000000,12494.000000,10424.000000,48674.000000
12041.000000,12511.000000,10439.000000,48652.000000
12031.000000,12495.000000,10408.000000,48665.000000
11999.000000,12478.000000,10428.000000,48625.000000
12021.000000,12491.000000,10424.000000,48644.000000
11982.000000,12507.000000,10401.000000,48651.000000
12019.000000,12485.000000,10392.000000,48669.000000
12042.000000,12478.000000,10449.000000,48644.000000
12067.000000,12499.000000,10440.000000,48684.000000
12045.000000,12500.000000,10421.000000,48684.000000
11990.000000,12490.000000,10444.000000,48645.000000
12034.000000,12501.000000,10407.000000,48683.000000
12026.000000,12464.000000,10428.000000,48730.000000
12010.000000,12474.000000,10428.000000,48630.000000
12046.000000,12469.000000,10379.000000,48723.000000
12052.000000,12474.000000,10424.000000,48655.000000
12046.000000,12513.000000,10431.000000,48674.000000
12031.000000,12454.000000,10419.000000,48649.000000
12055.000000,12497.000000,10407.000000,48651.000000
12015.000000,12453.000000,10428.000000,48673.000000
12030.000000,12488.000000,10452.000000,48642.000000
12028.000000,12478.000000,10454.000000,48660.000000
12057.000000,12508.000000,10446.000000,48675.000000
12043.000000,12551.000000,10444.000000,48645.000000
12038.000000,12473.000000,10473.000000,48652.000000
12069.000000,12517.000000,10422.000000,48725.000000
12088.000000,12509.000000,10467.000000,48686.000000
12099.000000,12516.000000,10418.000000,48749.000000
12080.000000,12534.000000,10490.000000,48679.000000
12113.000000,12547.000000,10452.000000,48676.000000
12108.000000,12579.000000,10519.000000,48734.000000
12126.000000,12603.000000,10524.000000,48693.000000
12136.000000,12523.000000,10525.000000,48715.000000
12096.000000,12623.000000,10539.000000,48709.000000
12123.000000,12601.000000,10570.000000,48764.000000
12192.000000,12617.000000,10592.000000,48751.000000
12202.000000,12598.000000,10592.000000,48781.000000
12187.000000,12611.000000,10607.000000,48772.000000
12165.000000,12571.000000,10655.000000,48803.000000
12227.000000,12649.000000,10623.000000,48786.000000
12198.000000,12597.000000,10718.000000,48809.000000
12253.000000,12675.000000,10684.000000,49062.000000
12272.000000,12707.000000,10706.000000,48807.000000
12298.000000,12704.000000,10726.000000,48836.000000
12294.000000,12737.000000,10769.000000,48803.000000
12310.000000,12732.000000,10747.000000,48856.000000
12316.000000,12737.000000,10796.000000,48843.000000
12349.000000,12763.000000,10798.000000,48921.000000
12439.000000,12747.000000,10821.000000,48914.000000
12438.000000,12803.000000,10843.000000,48899.000000
12440.000000,12810.000000,10892.000000,48956.000000
12480.000000,12790.000000,10890.000000,48994.000000
12507.000000,12831.000000,10939.000000,48956.000000
12541.000000,12818.000000,10929.000000,48975.000000
12554.000000,12888.000000,10985.000000,48985.000000
12579.000000,12944.000000,10989.000000,48983.000000
12604.000000,12896.000000,11033.000000,49010.000000
12612.000000,12976.000000,11057.000000,49012.000000
12630.000000,12929.000000,11081.000000,49063.000000
12626.000000,12958.000000,11105.000000,49052.000000
12706.000000,12973.000000,11140.000000,49110.000000
12711.000000,13036.000000,11129.000000,49120.000000
12756.000000,12966.000000,11179.000000,49103.000000
12742.000000,13027.000000,11185.000000,49118.000000
12812.000000,13020.000000,11196.000000,49206.000000
12754.000000,13043.000000,11234.000000,49090.000000
12819.000000,13042.000000,11231.000000,49138.000000
12810.000000,13034.000000,11233.000000,49155.000000
12810.000000,13029.000000,11260.000000,49189.000000
12786.000000,13064.000000,11240.000000,49171.000000
12789.000000,13040.000000,11237.000000,49169.000000
12821.000000,13048.000000,11260.000000,49173.000000
12807.000000,13025.000000,11229.000000,49175.000000
12796.000000,13055.000000,11243.000000,49163.000000
12799.000000,13046.000000,11221.000000,49123.000000
12774.000000,13055.000000,11225.000000,49152.000000
12744.000000,13069.000000,11239.000000,49135.000000
12747.000000,13034.000000,11231.000000,49115.000000
12750.000000,13021.000000,11194.000000,49126.000000
12697.000000,12965.000000,11208.000000,49121.000000
12764.000000,13026.000000,11188.000000,49100.000000
12744.000000,12947.000000,11194.000000,49111.000000
12770.000000,12976.000000,11147.000000,49109.000000
12762.000000,12928.000000,11196.000000,49113.000000
12739.000000,12973.000000,11121.000000,49073.000000
12745.000000,12971.000000,11164.000000,49070.000000
12708.000000,12964.000000,11183.000000,49057.000000
12687.000000,12969.000000,11168.000000,49047.000000
12708.000000,12979.000000,11105.000000,49093.000000
12684.000000,13203.000000,11091.000000,49079.000000
12639.000000,12945.000000,11093.000000,49060.000000
12725.000000,12922.000000,11040.000000,49070.000000
12675.000000,12953.000000,11055.000000,49056.000000
12655.000000,12927.000000,11061.000000,49016.000000
12670.000000,12964.000000,11045.000000,49023.000000
12653.000000,12946.000000,11060.000000,49071.000000
12644.000000,12923.000000,11043.000000,48998.000000
12656.000000,12948.000000,11039.000000,49002.000000
12654.000000,12927.000000,11091.000000,49005.000000
12626.000000,12905.000000,11009.000000,49025.000000
12623.000000,12888.000000,11060.000000,49063.000000
12678.000000,12931.000000,11029.000000,48996.000000
12682.000000,12904.000000,11024.000000,49018.000000
12664.000000,12929.000000,11025.000000,48984.000000
12655.000000,12894.000000,11020.000000,49020.000000
12643.000000,12926.000000,11007.000000,49008.000000
12614.000000,12880.000000,11009.000000,49026.000000
12602.000000,12902.000000,10991.000000,48971.000000
12614.000000,12889.000000,10985.000000,49008.000000
12606.000000,12944.000000,10978.000000,48973.000000
12624.000000,12913.000000,10980.000000,48988.000000
12576.000000,12893.000000,10919.000000,49009.000000
12620.000000,12913.000000,10946.000000,48978.000000
12602.000000,12885.000000,10915.000000,48920.000000
12585.000000,12891.000000,10937.000000,48982.000000
12555.000000,12848.000000,10927.000000,48917.000000
12556.000000,12829.000000,10914.000000,48952.000000
12540.000000,12856.000000,10921.000000,48971.000000
12575.000000,12808.000000,10881.000000,48958.000000
12585.000000,12835.000000,10872.000000,48981.000000
12580.000000,12867.000000,10899.000000,48937.000000
12556.000000,12842.000000,10876.000000,48934.000000
12569.000000,12827.000000,10862.000000,48933.000000
12553.000000,12781.000000,10882.000000,48919.000000
12529.000000,12862.000000,10881.000000,48855.000000
12514.000000,12813.000000,10866.000000,48954.000000
12484.000000,12776.000000,10898.000000,48883.000000
12554.000000,12860.000000,10847.000000,48922.000000
12546.000000,12799.000000,10868.000000,48913.000000
12502.000000,12807.000000,10845.000000,48927.000000
12514.000000,12771.000000,10861.000000,48930.000000
12518.000000,12816.000000,10843.000000,48924.000000
12502.000000,12774.000000,10820.000000,48892.000000
12476.000000,12807.000000,10812.000000,48891.000000
12499.000000,12794.000000,10809.000000,48928.000000
12507.000000,12829.000000,10784.000000,48883.000000
12486.000000,12775.000000,10786.000000,48888.000000
12486.000000,12783.000000,10781.000000,48906.000000
12452.000000,12752.000000,10763.000000,48874.000000
12472.000000,12765.000000,10717.000000,48906.000000
12445.000000,12739.000000,10771.000000,48837.000000
12444.000000,12764.000000,10722.000000,48852.000000
12459.000000,12741.000000,10742.000000,48853.000000
12409.000000,12732.000000,10722.000000,48827.000000
12417.000000,12758.000000,10708.000000,48835.000000
12361.000000,12666.000000,10749.000000,48796.000000
12463.000000,12708.000000,10691.000000,48814.000000
12400.000000,12714.000000,10706.000000,48834.000000
12387.000000,12665.000000,10648.000000,48834.000000
12366.000000,12685.000000,10677.000000,48792.000000
12402.000000,12655.000000,10612.000000,48805.000000
12367.000000,12661.000000,10650.000000,48802.000000
12386.000000,12744.000000,10600.000000,48796.000000
12387.000000,12691.000000,10620.000000,48797.000000
12380.000000,12676.000000,10623.000000,48826.000000
12320.000000,12664.000000,10628.000000,48742.000000
12342.000000,12620.000000,10611.000000,48792.000000
12389.000000,12640.000000,10598.000000,48770.000000
12358.000000,12640.000000,10537.000000,48765.000000
12324.000000,12636.000000,10590.000000,48788.000000
12296.000000,12625.000000,10588.000000,48712.000000
12328.000000,12619.000000,10578.000000,48801.000000
12287.000000,12595.000000,10614.000000,48723.000000
12308.000000,12615.000000,10580.000000,48738.000000
12287.000000,12623.000000,10563.000000,48778.000000
12299.000000,12601.000000,10583.000000,48760.000000
12328.000000,12663.000000,10552.000000,48754.000000
12366.000000,12568.000000,10551.000000,48763.000000
12360.000000,12639.000000,10583.000000,48749.000000
12412.000000,12623.000000,10542.000000,48783.000000
12345.000000,12613.000000,10567.000000,48776.000000
12364.000000,12624.000000,10553.000000,48768.000000
12344.000000,12608.000000,10565.000000,48758.000000
12380.000000,12627.000000,10557.000000,48797.000000
12326.000000,12591.000000,10551.000000,48764.000000
12349.000000,12615.000000,10531.000000,48773.000000
12333.000000,12585.000000,10598.000000,48765.000000
12350.000000,12612.000000,10549.000000,48764.000000
12367.000000,12585.000000,10587.000000,48765.000000
12318.000000,12596.000000,10547.000000,48759.000000
12315.000000,12635.000000,10542.000000,48738.000000
12339.000000,12588.000000,10530.000000,48754.000000
12305.000000,12648.000000,10575.000000,48727.000000
12341.000000,12625.000000,10561.000000,48765.000000
12299.000000,12612.000000,10563.000000,48763.000000
12308.000000,12604.000000,10545.000000,48740.000000
12332.000000,12589.000000,10560.000000,48754.000000
12316.000000,12611.000000,10539.000000,48772.000000
12369.000000,12605.000000,10508.000000,48778.000000
12347.000000,12619.000000,10542.000000,48770.000000
12329.000000,12627.000000,10522.000000,48751.000000
12378.000000,12649.000000,10541.000000,48697.000000
12354.000000,12631.000000,10555.000000,48766.000000
12360.000000,12627.000000,10594.000000,48723.000000
12369.000000,12609.000000,10554.000000,48760.000000
12362.000000,12669.000000,10554.000000,48733.000000
12402.000000,12645.000000,10571.000000,48754.000000
12321.000000,12634.000000,10568.000000,48775.000000
12366.000000,12640.000000,10588.000000,48782.000000
12388.000000,12671.000000,10535.000000,48786.000000
12445.000000,12648.000000,10581.000000,48768.000000
12397.000000,12656.000000,10580.000000,48813.000000
12409.000000,12691.000000,10602.000000,48766.000000
12398.000000,12672.000000,10627.000000,48789.000000
12439.000000,12673.000000,10635.000000,48834.000000
12446.000000,12646.000000,10648.000000,48816.000000
12473.000000,12688.000000,10696.000000,48852.000000
12488.000000,12727.000000,10704.000000,48848.000000
12490.000000,12681.000000,10772.000000,48848.000000
12514.000000,12747.000000,10761.000000,49145.000000
12544.000000,12707.000000,10730.000000,48961.000000
12544.000000,12747.000000,10757.000000,48888.000000
12569.000000,12773.000000,10735.000000,48919.000000
12583.000000,12799.000000,10805.000000,48943.000000
12603.000000,12821.000000,10832.000000,48933.000000
12607.000000,12803.000000,10880.000000,48986.000000
12604.000000,12849.000000,10885.000000,48941.000000
12660.000000,12804.000000,10888.000000,49002.000000
12677.000000,12851.000000,10917.000000,48991.000000
12697.000000,12828.000000,10910.000000,49011.000000
12699.000000,12877.000000,10975.000000,48992.000000
12750.000000,12850.000000,11013.000000,49047.000000
12730.000000,12919.000000,10991.000000,49032.000000
12793.000000,12917.000000,11011.000000,49033.000000
12782.000000,12943.000000,11056.000000,49033.000000
12820.000000,12902.000000,11129.000000,49088.000000
12797.000000,12967.000000,11125.000000,49084.000000
12850.000000,12949.000000,11134.000000,49121.000000
12871.000000,13032.000000,11161.000000,49128.000000
12918.000000,13011.000000,11151.000000,49162.000000
12896.000000,13069.000000,11241.000000,49151.000000
12918.000000,13087.000000,11237.000000,49185.000000
12947.000000,13090.000000,11303.000000,49184.000000
12992.000000,13099.000000,11329.000000,49205.000000
12973.000000,13103.000000,11349.000000,49215.000000
13033.000000,13143.000000,11393.000000,49231.000000
13032.000000,13194.000000,11411.000000,49228.000000
13056.000000,13151.000000,11419.000000,49275.000000
13033.000000,13153.000000,11495.000000,49254.000000
13119.000000,13186.000000,11493.000000,49314.000000
13089.000000,13166.000000,11477.000000,49258.000000
13123.000000,13210.000000,11494.000000,49296.000000
13114.000000,13187.000000,11490.000000,49300.000000
13161.000000,13263.000000,11511.000000,49343.000000
13101.000000,13242.000000,11497.000000,49299.000000
13134.000000,13277.000000,11509.000000,49296.000000
13138.000000,13240.000000,11550.000000,49326.000000
13175.000000,13251.000000,11531.000000,49332.000000
13134.000000,13243.000000,11521.000000,49324.000000
13162.000000,13235.000000,11553.000000,49291.000000
13153.000000,13203.000000,11527.000000,49340.000000
13139.000000,13223.000000,11572.000000,49318.000000
13125.000000,13223.000000,11519.000000,49322.000000
13148.000000,13273.000000,11507.000000,49376.000000
13175.000000,13236.000000,11523.000000,49306.000000
13165.000000,13232.000000,11481.000000,49353.000000
13123.000000,13217.000000,11486.000000,49307.000000
13137.000000,13299.000000,11481.000000,49317.000000
13105.000000,13223.000000,11519.000000,49312.000000
13124.000000,13258.000000,11492.000000,49338.000000
13087.000000,13225.000000,11483.000000,49334.000000
13106.000000,13190.000000,11473.000000,49302.000000
13111.000000,13209.000000,11542.000000,49336.000000
13135.000000,13216.000000,11487.000000,49307.000000
13126.000000,13202.000000,11522.000000,49310.000000
13130.000000,13232.000000,11524.000000,49309.000000
13140.000000,13177.000000,11517.000000,49249.000000
13126.000000,13200.000000,11494.000000,49335.000000
13121.000000,13230.000000,11549.000000,49273.000000
13137.000000,13244.000000,11465.000000,49294.000000
13137.000000,13228.000000,11522.000000,49296.000000
13111.000000,13224.000000,11504.000000,49279.000000
13126.000000,13204.000000,11449.000000,49314.000000
13100.000000,13207.000000,11524.000000,49324.000000
13117.000000,13247.000000,11472.000000,49306.000000
13112.000000,13245.000000,11472.000000,49249.000000
13077.000000,13183.000000,11478.000000,49319.000000
13070.000000,13256.000000,11485.000000,49268.000000
13072.000000,13201.000000,11473.000000,49275.000000
13076.000000,13227.000000,11536.000000,49280.000000
13092.000000,13211.000000,11468.000000,49297.000000
13119.000000,13196.000000,11552.000000,49326.000000
13087.000000,13242.000000,11470.000000,49291.000000
13147.000000,13193.000000,11499.000000,49293.000000
13092.000000,13243.000000,11491.000000,49307.000000
13126.000000,13218.000000,11538.000000,49284.000000
13089.000000,13228.000000,11444.000000,49287.000000
13067.000000,13220.000000,11488.000000,49327.000000
13080.000000,13255.000000,11552.000000,49268.000000
13114.000000,13220.000000,11448.000000,49349.000000
13058.000000,13259.000000,11507.000000,49286.000000
13129.000000,13246.000000,11500.000000,49306.000000
13067.000000,13247.000000,11477.000000,49283.000000
13136.000000,13237.000000,11521.000000,49306.000000
13127.000000,13247.000000,11483.000000,49306.000000
13067.000000,13279.000000,11486.000000,49331.000000
13072.000000,13245.000000,11485.000000,49240.000000
13094.000000,13227.000000,11483.000000,49294.000000
13097.000000,13214.000000,11487.000000,49314.000000
13117.000000,13235.000000,11496.000000,49299.000000
13144.000000,13242.000000,11493.000000,49334.000000
13124.000000,13216.000000,11432.000000,49293.000000
13114.000000,13266.000000,11470.000000,49293.000000
13126.000000,13281.000000,11491.000000,49259.000000
13104.000000,13241.000000,11494.000000,49298.000000
13101.000000,13252.000000,11533.000000,49288.000000
13099.000000,13227.000000,11491.000000,49302.000000
13079.000000,13261.000000,11542.000000,49264.000000
13132.000000,13220.000000,11478.000000,49281.000000
13106.000000,13201.000000,11528.000000,49302.000000
13129.000000,13224.000000,11476.000000,49310.000000
13128.000000,13253.000000,11463.000000,49257.000000
13115.000000,13227.000000,11456.000000,49288.000000
13126.000000,13240.000000,11517.000000,49263.000000
13104.000000,13251.000000,11536.000000,49331.000000
13104.000000,13213.000000,11513.000000,49295.000000
13099.000000,13231.000000,11462.000000,49278.000000
13158.000000,13269.000000,11489.000000,49305.000000
13081.000000,13268.000000,11477.000000,49267.000000
13139.000000,13239.000000,11492.000000,49286.000000
13144.000000,13288.000000,11484.000000,49321.000000
13143.000000,13227.000000,11482.000000,49295.000000
13133.000000,13269.000000,11462.000000,49263.000000
13158.000000,13242.000000,11483.000000,49291.000000
13133.000000,13235.000000,11516.000000,49308.000000
13141.000000,13266.000000,11491.000000,49288.000000
13177.000000,13242.000000,11516.000000,49319.000000
13154.000000,13275.000000,11530.000000,49299.000000
13201.000000,13263.000000,11471.000000,49340.000000
13149.000000,13260.000000,11519.000000,49299.000000
13149.000000,13257.000000,11486.000000,49328.000000
13129.000000,13248.000000,11514.000000,49280.000000
13157.000000,13235.000000,11499.000000,49315.000000
13128.000000,13300.000000,11557.000000,49292.000000
13148.000000,13235.000000,11499.000000,49309.000000
13092.000000,13273.000000,11532.000000,49280.000000
13146.000000,13260.000000,11518.000000,49300.000000
13145.000000,13346.000000,11521.000000,49316.000000
13133.000000,13280.000000,11523.000000,49284.000000
13140.000000,13300.000000,11505.000000,49253.000000
13151.000000,13285.000000,11514.000000,49310.000000
13134.000000,13264.000000,11570.000000,49288.000000
13118.000000,13285.000000,11542.000000,49299.000000
13167.000000,13268.000000,11522.000000,49337.000000
13119.000000,13303.000000,11526.000000,49305.000000
13118.000000,13292.000000,11497.000000,49290.000000
13163.000000,13268.000000,11475.000000,49302.000000
13134.000000,13290.000000,11523.000000,49324.000000
13105.000000,13356.000000,11516.000000,49305.000000
13123.000000,13275.000000,11514.000000,49287.000000
13080.000000,13277.000000,11566.000000,49284.000000
13109.000000,13284.000000,11524.000000,49274.000000
13112.000000,13252.000000,11554.000000,49345.000000
13160.000000,13278.000000,11514.000000,49304.000000
13163.000000,13247.000000,11468.000000,49323.000000
13122.000000,13272.000000,11532.000000,49289.000000
13143.000000,13286.000000,11525.000000,49302.000000
13128.000000,13301.000000,11516.000000,49291.000000
13115.000000,13283.000000,11539.000000,49325.000000
13095.000000,13224.000000,11567.000000,49299.000000
13092.000000,13257.000000,11504.000000,49277.000000
13096.000000,13262.000000,11507.000000,49303.000000
13108.000000,13268.000000,11499.000000,49292.000000
13053.000000,13282.000000,11506.000000,49287.000000
13092.000000,13233.000000,11494.000000,49269.000000
13034.000000,13273.000000,11481.000000,49239.000000
13089.000000,13281.000000,11478.000000,49279.000000
13046.000000,13286.000000,11498.000000,49219.000000
13067.000000,13265.000000,11514.000000,49274.000000
13081.000000,13201.000000,11485.000000,49327.000000
13042.000000,13276.000000,11475.000000,49277.000000
13085.000000,13199.000000,11461.000000,49277.000000
13100.000000,13232.000000,11460.000000,49261.000000
13056.000000,13242.000000,11452.000000,49275.000000
13064.000000,13275.000000,11461.000000,49242.000000
13066.000000,13251.000000,11495.000000,49301.000000
13054.000000,13288.000000,11470.000000,49251.000000
13059.000000,13247.000000,11468.000000,49285.000000
13030.000000,13283.000000,11503.000000,49213.000000
13059.000000,13249.000000,11476.000000,49281.000000
13007.000000,13252.000000,11487.000000,49245.000000
13077.000000,13238.000000,11519.000000,49302.000000
13093.000000,13287.000000,11522.000000,49280.000000
13080.000000,13253.000000,11534.000000,49284.000000
13067.000000,13268.000000,11498.000000,49299.000000
13126.000000,13283.000000,11523.000000,49302.000000
13094.000000,13322.000000,11577.000000,49286.000000
13124.000000,13289.000000,11577.000000,49295.000000
13137.000000,13313.000000,11584.000000,49339.000000
13174.000000,13333.000000,11634.000000,49350.000000
13144.000000,13303.000000,11602.000000,49339.000000
13128.000000,13297.000000,11632.000000,49375.000000
13178.000000,13317.000000,11622.000000,49346.000000
13185.000000,13314.000000,11639.000000,49423.000000
13189.000000,13333.000000,11592.000000,49338.000000
13202.000000,13345.000000,11594.000000,49372.000000
13143.000000,13353.000000,11669.000000,49374.000000
13205.000000,13376.000000,11650.000000,49368.000000
13157.000000,13379.000000,11708.000000,49394.000000
13203.000000,13424.000000,11706.000000,49382.000000
13232.000000,13366.000000,11745.000000,49440.000000
13260.000000,13432.000000,11743.000000,49426.000000
13237.000000,13402.000000,11744.000000,49452.000000
13271.000000,13423.000000,11756.000000,49436.000000
13339.000000,13398.000000,11790.000000,49462.000000
13303.000000,13473.000000,11805.000000,49455.000000
13371.000000,13427.000000,11813.000000,49469.000000
13357.000000,13449.000000,11797.000000,49457.000000
13325.000000,13457.000000,11883.000000,49443.000000
13385.000000,13491.000000,11861.000000,49520.000000
13371.000000,13486.000000,11871.000000,49569.000000
13405.000000,13529.000000,11889.000000,49511.000000
13408.000000,13476.000000,11899.000000,49536.000000
13417.000000,13538.000000,11872.000000,49525.000000
13416.000000,13555.000000,11907.000000,49491.000000
13407.000000,13559.000000,11945.000000,49501.000000
13444.000000,13530.000000,11961.000000,49505.000000
13425.000000,13580.000000,11930.000000,49499.000000
13457.000000,13575.000000,11932.000000,49556.000000
13391.000000,13560.000000,11974.000000,49484.000000
13408.000000,13537.000000,11944.000000,49518.000000
13404.000000,13483.000000,11977.000000,49508.000000
13405.000000,13533.000000,11905.000000,49523.000000
13431.000000,13458.000000,11931.000000,49529.000000
13380.000000,13503.000000,11899.000000,49531.000000
13422.000000,13470.000000,11920.000000,49500.000000
13377.000000,13523.000000,11895.000000,49522.000000
13395.000000,13501.000000,11928.000000,49480.000000
13377.000000,13524.000000,11896.000000,49493.000000
13394.000000,13480.000000,11909.000000,49513.000000
13383.000000,13541.000000,11856.000000,49487.000000
13380.000000,13500.000000,11867.000000,49483.000000
13357.000000,13494.000000,11812.000000,49503.000000
13377.000000,13455.000000,11804.000000,49470.000000
13387.000000,13468.000000,11757.000000,49483.000000
13364.000000,13466.000000,11768.000000,49460.000000
13360.000000,13455.000000,11781.000000,49426.000000
13368.000000,13460.000000,11822.000000,49483.000000
13351.000000,13463.000000,11805.000000,49423.000000
13348.000000,13469.000000,11795.000000,49451.000000
13362.000000,13405.000000,11841.000000,49471.000000
13375.000000,13438.000000,11750.000000,49433.000000
13368.000000,13420.000000,11771.000000,49465.000000
13365.000000,13399.000000,11761.000000,49432.000000
13327.000000,13432.000000,11746.000000,49454.000000
13352.000000,13503.000000,11755.000000,49382.000000
13314.000000,13428.000000,11752.000000,49437.000000
13266.000000,13469.000000,11725.000000,49392.000000
13310.000000,13420.000000,11709.000000,49433.000000
13296.000000,13422.000000,11723.000000,49413.000000
13288.000000,13394.000000,11726.000000,49389.000000
13283.000000,13374.000000,11710.000000,49410.000000
13326.000000,13385.000000,11696.000000,49376.000000
13315.000000,13411.000000,11670.000000,49378.000000
13298.000000,13409.000000,11695.000000,49426.000000
13269.000000,13401.000000,11700.000000,49368.000000
13297.000000,13419.000000,11677.000000,49370.000000
13280.000000,13402.000000,11690.000000,49368.000000
13252.000000,13350.000000,11685.000000,49399.000000
13223.000000,13394.000000,11695.000000,49425.000000
13308.000000,13377.000000,11676.000000,49410.000000
13255.000000,13367.000000,11662.000000,49379.000000
13288.000000,13353.000000,11599.000000,49381.000000
13251.000000,13354.000000,11628.000000,49372.000000
13249.000000,13399.000000,11629.000000,49330.000000
13259.000000,13363.000000,11651.000000,49365.000000
13199.000000,13378.000000,11652.000000,49304.000000
13251.000000,13340.000000,11595.000000,49362.000000
13214.000000,13358.000000,11613.000000,49324.000000
13240.000000,13346.000000,11623.000000,49378.000000
13273.000000,13341.000000,11646.000000,49344.000000
13253.000000,13345.000000,11558.000000,49380.000000
13208.000000,13337.000000,11609.000000,49360.000000
13224.000000,13359.000000,11563.000000,49317.000000
13213.000000,13371.000000,11599.000000,49350.000000
13233.000000,13348.000000,11548.000000,49352.000000
13196.000000,13360.000000,11598.000000,49323.000000
13155.000000,13291.000000,11599.000000,49352.000000
13160.000000,13307.000000,11565.000000,49339.000000
13203.000000,13299.000000,11558.000000,49358.000000
13161.000000,13313.000000,11550.000000,49302.000000
13167.000000,13300.000000,11529.000000,49275.000000
13185.000000,13268.000000,11519.000000,49294.000000
13121.000000,13315.000000,11528.000000,49262.000000
13132.000000,13283.000000,11558.000000,49255.000000
13110.000000,13258.000000,11535.000000,49293.000000
13102.000000,13278.000000,11535.000000,49321.000000
13153.000000,13285.000000,11520.000000,49297.000000
13109.000000,13232.000000,11518.000000,49332.000000
13141.000000,13295.000000,11488.000000,49280.000000
13156.000000,13227.000000,11463.000000,49346.000000
13124.000000,13227.000000,11494.000000,49307.000000
13171.000000,13282.000000,11456.000000,49322.000000
13138.000000,13249.000000,11501.000000,49270.000000
13109.000000,13276.000000,11478.000000,49313.000000
13102.000000,13215.000000,11466.000000,49259.000000
13108.000000,13259.000000,11474.000000,49309.000000
13138.000000,13187.000000,11443.000000,49301.000000
13074.000000,13264.000000,11415.000000,49307.000000
13114.000000,13253.000000,11465.000000,49250.000000
13087.000000,13199.000000,11493.000000,49233.000000
13068.000000,13213.000000,11470.000000,49243.000000
13057.000000,13215.000000,11448.000000,49255.000000
13036.000000,13211.000000,11450.000000,49220.000000
13032.000000,13215.000000,11427.000000,49248.000000
13020.000000,13197.000000,11456.000000,49243.000000
13021.000000,13222.000000,11389.000000,49258.000000
13059.000000,13143.000000,11336.000000,49246.000000
13022.000000,13171.000000,11383.000000,49224.000000
13043.000000,13225.000000,11360.000000,49214.000000
12970.000000,13151.000000,11402.000000,49205.000000
12947.000000,13235.000000,11374.000000,49167.000000
12979.000000,13189.000000,11424.000000,49214.000000
13004.000000,13171.000000,11366.000000,49186.000000
12956.000000,13163.000000,11351.000000,49229.000000
12941.000000,13143.000000,11331.000000,49191.000000
12998.000000,13122.000000,11361.000000,49255.000000
12935.000000,13162.000000,11346.000000,49174.000000
13005.000000,13163.000000,11336.000000,49210.000000
12960.000000,13146.000000,11377.000000,49151.000000
12927.000000,13147.000000,11357.000000,49152.000000
12948.000000,13135.000000,11318.000000,49191.000000
12954.000000,13127.000000,11341.000000,49161.000000
12909.000000,13123.000000,11309.000000,49176.000000
12891.000000,13107.000000,11311.000000,49176.000000
12896.000000,13109.000000,11289.000000,49162.000000
12973.000000,13125.000000,11284.000000,49187.000000
12900.000000,13123.000000,11303.000000,49126.000000
12898.000000,13100.000000,11297.000000,49131.000000
12893.000000,13136.000000,11258.000000,49108.000000
12899.000000,13109.000000,11298.000000,49135.000000
12818.000000,13157.000000,11269.000000,49100.000000
12838.000000,13105.000000,11231.000000,49154.000000
12794.000000,13046.000000,11267.000000,49110.000000
12846.000000,13054.000000,11259.000000,49111.000000
12815.000000,13060.000000,11234.000000,49142.000000
12806.000000,13052.000000,11247.000000,49112.000000
12843.000000,13018.000000,11217.000000,49118.000000
12809.000000,13089.000000,11235.000000,49142.000000
12856.000000,13046.000000,11239.000000,49099.000000
12794.000000,13087.000000,11241.000000,49121.000000
12813.000000,13030.000000,11216.000000,49095.000000
12783.000000,13022.000000,11197.000000,49067.000000
12803.000000,13052.000000,11211.000000,49110.000000
12783.000000,13082.000000,11209.000000,49106.000000
12811.000000,13053.000000,11156.000000,49111.000000
12812.000000,13029.000000,11165.000000,49115.000000
12806.000000,13063.000000,11183.000000,49106.000000
12807.000000,13050.000000,11160.000000,49112.000000
12816.000000,13292.000000,11201.000000,49112.000000
12824.000000,13079.000000,11188.000000,49077.000000
12847.000000,13058.000000,11205.000000,49108.000000
12794.000000,12967.000000,11245.000000,49112.000000
12830.000000,13115.000000,11243.000000,49107.000000
12856.000000,13057.000000,11208.000000,49144.000000
12895.000000,13056.000000,11189.000000,49145.000000
12859.000000,13061.000000,11244.000000,49129.000000
12910.000000,13135.000000,11253.000000,49107.000000
12887.000000,13093.000000,11293.000000,49160.000000
12857.000000,13130.000000,11261.000000,49098.000000
12892.000000,13087.000000,11254.000000,49184.000000
12842.000000,13135.000000,11315.000000,49099.000000
12889.000000,13117.000000,11328.000000,49151.000000
12904.000000,13111.000000,11338.000000,49175.000000
12949.000000,13144.000000,11345.000000,49208.000000
12969.000000,13164.000000,11321.000000,49203.000000
12972.000000,13144.000000,11358.000000,49190.000000
12979.000000,13196.000000,11411.000000,49196.000000
12995.000000,13221.000000,11402.000000,49194.000000
13022.000000,13159.000000,11431.000000,49224.000000
13021.000000,13199.000000,11411.000000,49266.000000
13063.000000,13201.000000,11447.000000,49263.000000
13103.000000,13235.000000,11438.000000,49303.000000
13076.000000,13251.000000,11465.000000,49265.000000
13146.000000,13231.000000,11490.000000,49316.000000
13150.000000,13257.000000,11516.000000,49305.000000
13147.000000,13300.000000,11527.000000,49292.000000
13155.000000,13296.000000,11569.000000,49327.000000
13186.000000,13306.000000,11635.000000,49300.000000
13207.000000,13341.000000,11610.000000,49356.000000
13232.000000,13382.000000,11644.000000,49354.000000
13288.000000,13329.000000,11670.000000,49415.000000
13309.000000,13342.000000,11714.000000,49396.000000
13348.000000,13346.000000,11694.000000,49431.000000
13359.000000,13429.000000,11745.000000,49443.000000
13405.000000,13459.000000,11736.000000,49442.000000
13379.000000,13404.000000,11782.000000,49417.000000
13449.000000,13484.000000,11735.000000,49489.000000
13420.000000,13432.000000,11809.000000,49467.000000
13420.000000,13498.000000,11817.000000,49528.000000
13479.000000,13492.000000,11873.000000,49492.000000
13456.000000,13487.000000,11841.000000,49541.000000
13471.000000,13499.000000,11864.000000,49508.000000
13493.000000,13534.000000,11846.000000,49573.000000
13547.000000,13550.000000,11852.000000,49520.000000
13504.000000,13554.000000,11853.000000,49512.000000
13503.000000,13495.000000,11884.000000,49501.000000
13473.000000,13493.000000,11866.000000,49497.000000
13483.000000,13470.000000,11856.000000,49520.000000
13493.000000,13514.000000,11866.000000,49522.000000
13446.000000,13451.000000,11892.000000,49522.000000
13452.000000,13506.000000,11855.000000,49513.000000
13502.000000,13437.000000,11807.000000,49553.000000
13474.000000,13494.000000,11851.000000,49472.000000
13479.000000,13523.000000,11797.000000,49521.000000
13474.000000,13473.000000,11836.000000,49496.000000
13465.000000,13520.000000,11805.000000,49513.000000
13474.000000,13471.000000,11832.000000,49505.000000
13459.000000,13503.000000,11820.000000,49498.000000
13489.000000,13432.000000,11826.000000,49486.000000
13483.000000,13483.000000,11800.000000,49518.000000
13514.000000,13489.000000,11806.000000,49497.000000
13505.000000,13475.000000,11821.000000,49503.000000
13562.000000,13437.000000,11820.000000,49526.000000
13469.000000,13496.000000,11833.000000,49486.000000
13517.000000,13449.000000,11812.000000,49485.000000
13497.000000,13487.000000,11804.000000,49485.000000
13459.000000,13464.000000,11839.000000,49478.000000
13505.000000,13473.000000,11829.000000,49481.000000
13474.000000,13476.000000,11802.000000,49512.000000
13465.000000,13445.000000,11812.000000,49481.000000
13521.000000,13463.000000,11812.000000,49509.000000
13478.000000,13471.000000,11802.000000,49471.000000
13460.000000,13513.000000,11774.000000,49445.000000
13451.000000,13437.000000,11810.000000,49482.000000
13463.000000,13448.000000,11798.000000,49465.000000
13413.000000,13471.000000,11793.000000,49465.000000
13455.000000,13441.000000,11784.000000,49464.000000
13451.000000,13449.000000,11816.000000,49488.000000
13431.000000,13476.000000,11770.000000,49474.000000
13479.000000,13401.000000,11753.000000,49520.000000
13461.000000,13450.000000,11791.000000,49481.000000
13486.000000,13431.000000,11755.000000,49487.000000
13459.000000,13431.000000,11748.000000,49448.000000
13459.000000,13434.000000,11770.000000,49475.000000
13443.000000,13445.000000,11736.000000,49426.000000
13445.000000,13433.000000,11731.000000,49511.000000
13425.000000,13416.000000,11727.000000,49452.000000
13438.000000,13422.000000,11698.000000,49498.000000
13454.000000,13379.000000,11722.000000,49441.000000
13409.000000,13404.000000,11707.000000,49430.000000
13410.000000,13401.000000,11688.000000,49408.000000
13392.000000,13419.000000,11713.000000,49432.000000
13375.000000,13407.000000,11704.000000,49362.000000
13396.000000,13371.000000,11661.000000,49420.000000
13343.000000,13360.000000,11709.000000,49385.000000
13341.000000,13382.000000,11662.000000,49418.000000
13306.000000,13309.000000,11640.000000,49428.000000
13310.000000,13338.000000,11607.000000,49386.000000
13303.000000,13334.000000,11576.000000,49425.000000
13284.000000,13309.000000,11577.000000,49375.000000
13272.000000,13289.000000,11560.000000,49375.000000
13207.000000,13305.000000,11616.000000,49346.000000
13230.000000,13220.000000,11571.000000,49345.000000
13200.000000,13221.000000,11563.000000,49368.000000
13160.000000,13241.000000,11533.000000,49365.000000
13130.000000,13169.000000,11516.000000,49382.000000
13127.000000,13213.000000,11492.000000,49328.000000
13146.000000,13152.000000,11453.000000,49350.000000
13121.000000,13179.000000,11449.000000,49310.000000
13119.000000,13126.000000,11442.000000,49296.000000
13083.000000,13135.000000,11428.000000,49289.000000
13072.000000,13104.000000,11441.000000,49305.000000
13035.000000,13101.000000,11356.000000,49276.000000
13052.000000,13082.000000,11357.000000,49276.000000
13094.000000,13080.000000,11385.000000,49283.000000
13059.000000,13081.000000,11339.000000,49264.000000
13044.000000,13096.000000,11374.000000,49280.000000
13049.000000,13053.000000,11388.000000,49289.000000
13045.000000,13077.000000,11367.000000,49285.000000
13022.000000,13093.000000,11355.000000,49268.000000
13007.000000,13027.000000,11394.000000,49269.000000
13043.000000,13061.000000,11336.000000,49282.000000
13057.000000,13049.000000,11339.000000,49322.000000
13012.000000,13023.000000,11337.000000,49272.000000
13027.000000,13042.000000,11293.000000,49296.000000
12998.000000,13042.000000,11353.000000,49240.000000
13023.000000,13093.000000,11349.000000,49269.000000
13017.000000,13068.000000,11392.000000,49278.000000
12991.000000,13037.000000,11372.000000,49235.000000
13031.000000,13024.000000,11348.000000,49294.000000
13007.000000,13032.000000,11329.000000,49237.000000
13022.000000,13041.000000,11328.000000,49273.000000
12998.000000,13025.000000,11355.000000,49256.000000
13057.000000,12960.000000,11296.000000,49303.000000
13005.000000,13033.000000,11336.000000,49267.000000
12991.000000,13017.000000,11328.000000,49255.000000
12978.000000,12990.000000,11354.000000,49258.000000
13002.000000,12965.000000,11341.000000,49287.000000
13010.000000,13020.000000,11356.000000,49273.000000
13022.000000,13024.000000,11333.000000,49258.000000
13019.000000,13003.000000,11338.000000,49260.000000
13039.000000,13027.000000,11352.000000,49271.000000
13001.000000,13022.000000,11384.000000,49279.000000
13027.000000,13017.000000,11429.000000,49259.000000
13025.000000,13011.000000,11404.000000,49313.000000
13016.000000,13031.000000,11434.000000,49334.000000
12986.000000,13027.000000,11471.000000,49290.000000
13032.000000,13065.000000,11452.000000,49316.000000
13058.000000,13296.000000,11442.000000,49311.000000
13015.000000,13105.000000,11496.000000,49317.000000
13028.000000,13087.000000,11444.000000,49290.000000
13014.000000,13116.000000,11514.000000,49312.000000
13020.000000,13124.000000,11540.000000,49342.000000
13014.000000,13101.000000,11523.000000,49356.000000
12977.000000,13121.000000,11570.000000,49319.000000
13038.000000,13127.000000,11579.000000,49333.000000
12969.000000,13124.000000,11553.000000,49336.000000
12947.000000,13125.000000,11584.000000,49348.000000
12903.000000,13088.000000,11550.000000,49309.000000
12926.000000,13099.000000,11528.000000,49321.000000
12872.000000,13101.000000,11609.000000,49330.000000
12877.000000,13095.000000,11614.000000,49343.000000
12848.000000,13111.000000,11645.000000,49322.000000
12861.000000,13092.000000,11667.000000,49354.000000
12846.000000,13113.000000,11665.000000,49352.000000
12873.000000,13132.000000,11699.000000,49398.000000
12880.000000,13176.000000,11727.000000,49343.000000
12906.000000,13205.000000,11772.000000,49404.000000
12866.000000,13217.000000,11796.000000,49406.000000
12868.000000,13227.000000,11827.000000,49377.000000
12935.000000,13247.000000,11848.000000,49432.000000
12879.000000,13263.000000,11905.000000,49404.000000
12900.000000,13247.000000,11956.000000,49434.000000
12918.000000,13297.000000,11899.000000,49472.000000
12933.000000,13275.000000,11923.000000,49473.000000
12900.000000,13333.000000,11971.000000,49498.000000
12963.000000,13352.000000,11971.000000,49511.000000
12935.000000,13321.000000,12036.000000,49485.000000
12942.000000,13399.000000,11999.000000,49530.000000
13247.000000,13338.000000,12084.000000,49534.000000
12957.000000,13411.000000,12130.000000,49555.000000
13042.000000,13386.000000,12140.000000,49580.000000
13016.000000,13466.000000,12149.000000,49589.000000
13040.000000,13449.000000,12217.000000,49626.000000
13075.000000,13494.000000,12231.000000,49608.000000
13124.000000,13517.000000,12205.000000,49629.000000
13084.000000,13508.000000,12293.000000,49637.000000
13112.000000,13525.000000,12289.000000,49642.000000
13127.000000,13549.000000,12337.000000,49661.000000
13164.000000,13504.000000,12357.000000,49711.000000
13162.000000,13552.000000,12403.000000,49690.000000
13151.000000,13538.000000,12417.000000,49743.000000
13163.000000,13559.000000,12429.000000,49725.000000
13195.000000,13596.000000,12415.000000,49725.000000
13185.000000,13593.000000,12463.000000,49689.000000
13161.000000,13663.000000,12452.000000,49727.000000
13237.000000,13611.000000,12487.000000,49727.000000
13168.000000,13639.000000,12520.000000,49729.000000
13183.000000,13623.000000,12534.000000,49798.000000
13206.000000,13617.000000,12612.000000,49744.000000
13243.000000,13628.000000,12551.000000,49813.000000
13254.000000,13652.000000,12571.000000,49783.000000
13284.000000,13684.000000,12585.000000,49815.000000
13291.000000,13689.000000,12641.000000,49817.000000
13376.000000,13715.000000,12553.000000,49850.000000
13344.000000,13751.000000,12631.000000,49859.000000
13359.000000,13731.000000,12652.000000,49882.000000
13452.000000,13751.000000,12688.000000,49880.000000
13491.000000,13773.000000,12701.000000,49925.000000
13486.000000,13834.000000,12731.000000,49903.000000
13536.000000,13794.000000,12711.000000,49911.000000
13557.000000,13841.000000,12749.000000,49942.000000
13569.000000,13820.000000,12745.000000,49869.000000
13556.000000,13853.000000,12765.000000,49930.000000
13511.000000,13781.000000,12764.000000,49931.000000
13471.000000,13773.000000,12719.000000,49923.000000
13466.000000,13780.000000,12739.000000,49929.000000
13440.000000,13708.000000,12698.000000,49940.000000
13385.000000,13719.000000,12655.000000,49881.000000
13418.000000,13709.000000,12588.000000,49835.000000
13380.000000,13685.000000,12622.000000,49845.000000
13359.000000,13719.000000,12574.000000,49803.000000
13406.000000,13673.000000,12551.000000,49831.000000
13375.000000,13669.000000,12551.000000,49772.000000
13440.000000,13628.000000,12489.000000,49806.000000
13397.000000,13609.000000,12516.000000,49779.000000
13474.000000,13620.000000,12432.000000,49758.000000
13470.000000,13615.000000,12398.000000,49755.000000
13514.000000,13608.000000,12384.000000,49739.000000
13521.000000,13627.000000,12346.000000,49735.000000
13549.000000,13554.000000,12321.000000,49766.000000
13514.000000,13617.000000,12335.000000,49754.000000
13517.000000,13607.000000,12264.000000,49716.000000
13489.000000,13583.000000,12308.000000,49720.000000
13513.000000,13612.000000,12255.000000,49776.000000
13483.000000,13568.000000,12266.000000,49696.000000
13461.000000,13567.000000,12211.000000,49709.000000
13475.000000,13549.000000,12234.000000,49691.000000
13505.000000,13569.000000,12203.000000,49687.000000
13468.000000,13539.000000,12208.000000,49678.000000
13460.000000,13532.000000,12205.000000,49602.000000
13478.000000,13553.000000,12186.000000,49674.000000
13460.000000,13498.000000,12189.000000,49633.000000
13420.000000,13501.000000,12203.000000,49619.000000
13443.000000,13531.000000,12157.000000,49633.000000
13412.000000,13466.000000,12117.000000,49685.000000
13435.000000,13523.000000,12117.000000,49611.000000
13445.000000,13497.000000,12040.000000,49646.000000
13437.000000,13540.000000,12076.000000,49589.000000
13380.000000,13498.000000,12007.000000,49609.000000
13295.000000,13455.000000,12020.000000,49560.000000
13284.000000,13472.000000,11989.000000,49565.000000
13295.000000,13449.000000,11985.000000,49514.000000
13270.000000,13434.000000,11881.000000,49530.000000
13244.000000,13417.000000,11926.000000,49483.000000
13239.000000,13411.000000,11880.000000,49467.000000
13292.000000,13354.000000,11832.000000,49514.000000
13205.000000,13386.000000,11856.000000,49463.000000
13223.000000,13322.000000,11827.000000,49429.000000
13210.000000,13293.000000,11799.000000,49415.000000
13198.000000,13304.000000,11822.000000,49440.000000
13182.000000,13316.000000,11749.000000,49389.000000
13176.000000,13265.000000,11759.000000,49424.000000
13158.000000,13304.000000,11721.000000,49370.000000
13156.000000,13251.000000,11658.000000,49373.000000
13097.000000,13277.000000,11689.000000,49372.000000
13055.000000,13270.000000,11603.000000,49309.000000
13033.000000,13231.000000,11605.000000,49312.000000
13008.000000,13212.000000,11630.000000,49293.000000
12979.000000,13164.000000,11598.000000,49274.000000
12976.000000,13156.000000,11533.000000,49273.000000
12993.000000,13143.000000,11499.000000,49250.000000
12908.000000,13159.000000,11444.000000,49238.000000
12905.000000,13131.000000,11443.000000,49221.000000
12847.000000,13117.000000,11414.000000,49176.000000
12833.000000,13092.000000,11310.000000,49172.000000
12767.000000,13067.000000,11356.000000,49165.000000
12734.000000,13077.000000,11302.000000,49138.000000
12748.000000,13028.000000,11309.000000,49119.000000
12726.000000,12996.000000,11253.000000,49131.000000
12685.000000,12984.000000,11267.000000,49095.000000
12627.000000,12982.000000,11234.000000,49047.000000
12615.000000,12982.000000,11210.000000,49023.000000
12568.000000,12915.000000,11211.000000,49030.000000
12547.000000,12943.000000,11165.000000,49027.000000
12560.000000,12886.000000,11140.000000,49025.000000
12599.000000,12934.000000,11117.000000,49024.000000
12529.000000,12888.000000,11112.000000,48976.000000
12536.000000,12877.000000,11033.000000,49005.000000
12534.000000,12879.000000,11094.000000,48996.000000
12534.000000,12923.000000,11095.000000,48946.000000
12506.000000,12851.000000,11111.000000,48954.000000
12491.000000,12845.000000,11118.000000,48982.000000
12551.000000,12857.000000,11063.000000,48988.000000
12539.000000,12827.000000,11037.000000,48998.000000
12516.000000,12866.000000,11097.000000,48980.000000
12543.000000,12878.000000,11036.000000,48941.000000
12487.000000,12879.000000,11063.000000,48972.000000
12552.000000,12864.000000,11033.000000,48975.000000
12517.000000,12814.000000,11052.000000,48970.000000
12528.000000,12853.000000,11037.000000,48984.000000
12562.000000,12788.000000,11100.000000,48994.000000
12550.000000,12823.000000,11008.000000,48959.000000
12548.000000,12796.000000,11070.000000,48990.000000
12501.000000,12839.000000,11045.000000,48985.000000
12496.000000,12827.000000,11032.000000,48946.000000
12478.000000,12830.000000,11026.000000,48940.000000
12509.000000,12804.000000,11044.000000,48958.000000
12501.000000,12838.000000,11042.000000,48964.000000
12521.000000,12806.000000,11021.000000,48976.000000
12504.000000,12814.000000,11021.000000,48930.000000
12462.000000,12866.000000,11014.000000,48927.000000
12495.000000,12785.000000,11039.000000,48913.000000
12480.000000,12827.000000,11012.000000,48939.000000
12462.000000,12831.000000,11048.000000,48929.000000
12439.000000,12803.000000,10982.000000,48916.000000
12424.000000,12788.000000,11043.000000,48940.000000
12449.000000,12804.000000,10987.000000,48929.000000
12465.000000,12768.000000,10976.000000,48976.000000
12432.000000,12829.000000,10984.000000,48912.000000
12510.000000,12796.000000,10954.000000,48940.000000
12476.000000,12840.000000,10996.000000,48944.000000
12427.000000,12842.000000,10984.000000,48891.000000
12461.000000,12781.000000,10949.000000,48905.000000
12462.000000,12777.000000,10982.000000,48922.000000
12426.000000,12795.000000,10964.000000,48917.000000
12440.000000,12768.000000,10946.000000,48884.000000
12453.000000,12810.000000,10943.000000,48879.000000
12406.000000,12786.000000,10963.000000,48898.000000
12364.000000,12783.000000,10967.000000,48880.000000
12411.000000,12770.000000,10975.000000,48927.000000
12311.000000,12763.000000,10968.000000,48897.000000
12375.000000,12756.000000,10963.000000,48881.000000
12359.000000,12763.000000,10936.000000,48900.000000
12398.000000,12749.000000,10961.000000,48910.000000
12345.000000,12776.000000,10995.000000,48879.000000
12400.000000,12756.000000,10967.000000,48946.000000
12411.000000,12759.000000,10985.000000,48937.000000
12397.000000,12771.000000,11018.000000,48939.000000
12435.000000,12794.000000,10977.000000,48932.000000
12432.000000,12800.000000,11016.000000,48922.000000
12433.000000,12803.000000,11024.000000,48932.000000
12408.000000,12790.000000,11019.000000,48924.000000
12439.000000,12771.000000,11021.000000,48949.000000
12417.000000,12801.000000,11056.000000,48933.000000
12549.000000,12819.000000,11037.000000,48964.000000
12456.000000,12788.000000,10998.000000,48993.000000
12482.000000,12822.000000,11053.000000,48983.000000
12501.000000,12819.000000,10988.000000,49014.000000
12487.000000,12845.000000,11080.000000,49019.000000
12467.000000,12851.000000,11066.000000,48971.000000
12504.000000,12835.000000,11108.000000,49004.000000
12466.000000,12851.000000,11125.000000,49010.000000
12531.000000,12836.000000,11137.000000,49021.000000
12543.000000,12854.000000,11123.000000,49016.000000
12543.000000,12855.000000,11136.000000,49028.000000
12557.000000,12905.000000,11158.000000,49037.000000
12644.000000,12881.000000,11158.000000,49087.000000
12572.000000,12921.000000,11219.000000,49068.000000
12571.000000,12914.000000,11225.000000,49074.000000
12592.000000,12925.000000,11218.000000,49075.000000
12626.000000,12935.000000,11242.000000,49121.000000
12594.000000,12948.000000,11276.000000,49094.000000
12646.000000,12984.000000,11250.000000,49111.000000
12621.000000,12944.000000,11285.000000,49103.000000
12620.000000,12986.000000,11287.000000,49089.000000
12660.000000,13003.000000,11337.000000,49149.000000
12680.000000,12968.000000,11391.000000,49170.000000
12694.000000,13027.000000,11366.000000,49171.000000
12684.000000,13013.000000,11337.000000,49176.000000
12780.000000,13017.000000,11366.000000,49192.000000
12752.000000,13026.000000,11416.000000,49213.000000
12777.000000,13122.000000,11381.000000,49154.000000
12787.000000,13037.000000,11479.000000,49221.000000
12781.000000,13083.000000,11545.000000,49184.000000
12862.000000,13097.000000,11532.000000,49238.000000
12888.000000,13077.000000,11587.000000,49283.000000
12890.000000,13184.000000,11585.000000,49318.000000
12952.000000,13143.000000,11582.000000,49334.000000
12923.000000,13149.000000,11667.000000,49328.000000
12977.000000,13233.000000,11660.000000,49361.000000
12988.000000,13215.000000,11704.000000,49368.000000
13019.000000,13239.000000,11696.000000,49410.000000
13019.000000,13212.000000,11771.000000,49423.000000
13061.000000,13256.000000,11756.000000,49417.000000
13149.000000,13279.000000,11778.000000,49441.000000
13093.000000,13301.000000,11825.000000,49467.000000
13194.000000,13327.000000,11862.000000,49476.000000
13165.000000,13340.000000,11911.000000,49465.000000
13205.000000,13338.000000,11891.000000,49499.000000
13239.000000,13352.000000,11957.000000,49504.000000
13291.000000,13405.000000,11926.000000,49561.000000
13272.000000,13389.000000,11989.000000,49534.000000
13248.000000,13439.000000,11988.000000,49494.000000
13291.000000,13473.000000,12005.000000,49522.000000
13279.000000,13441.000000,12058.000000,49578.000000
13242.000000,13402.000000,12023.000000,49571.000000
13281.000000,13417.000000,12016.000000,49571.000000
13324.000000,13420.000000,12032.000000,49539.000000
13243.000000,13439.000000,12028.000000,49547.000000
13279.000000,13438.000000,12052.000000,49537.000000
13251.000000,13418.000000,12039.000000,49557.000000
13209.000000,13462.000000,12071.000000,49503.000000
13251.000000,13439.000000,12013.000000,49546.000000
13219.000000,13371.000000,12078.000000,49567.000000
13195.000000,13400.000000,12046.000000,49525.000000
13216.000000,13379.000000,11996.000000,49531.000000
13162.000000,13389.000000,12013.000000,49533.000000
13146.000000,13408.000000,11955.000000,49506.000000
13145.000000,13405.000000,12034.000000,49506.000000
13198.000000,13365.000000,11946.000000,49508.000000
13143.000000,13350.000000,11951.000000,49522.000000
13201.000000,13377.000000,11954.000000,49493.000000
13188.000000,13335.000000,11975.000000,49487.000000
13216.000000,13381.000000,11968.000000,49517.000000
13217.000000,13358.000000,11934.000000,49490.000000
13219.000000,13372.000000,11918.000000,49490.000000
13188.000000,13363.000000,11978.000000,49482.000000
13208.000000,13385.000000,11893.000000,49484.000000
13205.000000,13379.000000,11903.000000,49491.000000
13203.000000,13366.000000,11888.000000,49492.000000
13188.000000,13372.000000,11871.000000,49457.000000
13144.000000,13343.000000,11859.000000,49454.000000
13098.000000,13341.000000,11894.000000,49439.000000
13116.000000,13332.000000,11866.000000,49471.000000
13087.000000,13325.000000,11822.000000,49452.000000
13065.000000,13251.000000,11860.000000,49449.000000
13072.000000,13279.000000,11805.000000,49423.000000
13104.000000,13314.000000,11754.000000,49399.000000
13020.000000,13279.000000,11818.000000,49405.000000
12983.000000,13322.000000,11798.000000,49361.000000
13073.000000,13273.000000,11779.000000,49416.000000
13022.000000,13239.000000,11796.000000,49377.000000
13032.000000,13255.000000,11767.000000,49412.000000
13028.000000,13201.000000,11751.000000,49392.000000
13069.000000,13275.000000,11726.000000,49391.000000
13066.000000,13256.000000,11769.000000,49376.000000
13054.000000,13272.000000,11744.000000,49375.000000
13086.000000,13245.000000,11710.000000,49393.000000
13032.000000,13283.000000,11768.000000,49360.000000
13063.000000,13254.000000,11719.000000,49379.000000
13045.000000,13209.000000,11720.000000,49389.000000
13094.000000,13283.000000,11708.000000,49395.000000
13085.000000,13231.000000,11755.000000,49378.000000
13070.000000,13231.000000,11714.000000,49392.000000
13080.000000,13235.000000,11743.000000,49380.000000
13088.000000,13259.000000,11705.000000,49368.000000
13120.000000,13215.000000,11696.000000,49408.000000
13046.000000,13263.000000,11715.000000,49383.000000
13020.000000,13247.000000,11647.000000,49308.000000
13033.000000,13200.000000,11636.000000,49352.000000
12975.000000,13219.000000,11670.000000,49342.000000
12972.000000,13213.000000,11679.000000,49340.000000
12980.000000,13173.000000,11626.000000,49364.000000
12993.000000,13184.000000,11641.000000,49332.000000
12942.000000,13179.000000,11618.000000,49288.000000
12929.000000,13155.000000,11552.000000,49291.000000
12895.000000,13165.000000,11555.000000,49299.000000
12909.000000,13180.000000,11517.000000,49207.000000
12854.000000,13131.000000,11540.000000,49262.000000
12796.000000,13147.000000,11525.000000,49187.000000
12869.000000,13104.000000,11471.000000,49263.000000
12831.000000,13059.000000,11491.000000,49210.000000
12804.000000,13087.000000,11444.000000,49193.000000
12794.000000,13082.000000,11439.000000,49185.000000
12781.000000,13099.000000,11466.000000,49181.000000
12780.000000,13047.000000,11404.000000,49202.000000
12741.000000,13061.000000,11419.000000,49191.000000
12750.000000,13076.000000,11374.000000,49159.000000
12719.000000,13024.000000,11399.000000,49162.000000
12754.000000,13027.000000,11367.000000,49147.000000
12720.000000,13003.000000,11354.000000,49115.000000
12728.000000,13015.000000,11329.000000,49139.000000
12691.000000,13016.000000,11355.000000,49126.000000
12712.000000,13012.000000,11297.000000,49133.000000
12717.000000,12987.000000,11293.000000,49146.000000
12753.000000,13007.000000,11315.000000,49141.000000
12736.000000,13011.000000,11248.000000,49092.000000
12694.000000,12973.000000,11277.000000,49080.000000
12691.000000,12995.000000,11330.000000,49117.000000
12735.000000,12971.000000,11278.000000,49133.000000
12675.000000,13003.000000,11236.000000,49120.000000
12720.000000,12939.000000,11277.000000,49127.000000
12676.000000,12958.000000,11260.000000,49106.000000
12738.000000,12969.000000,11224.000000,49119.000000
12688.000000,12980.000000,11236.000000,49104.000000
12656.000000,12993.000000,11234.000000,49021.000000
12659.000000,12966.000000,11264.000000,49096.000000
12624.000000,12976.000000,11271.000000,49044.000000
12650.000000,12964.000000,11236.000000,49089.000000
12654.000000,12932.000000,11271.000000,49101.000000
12711.000000,12953.000000,11206.000000,49092.000000
12750.000000,12974.000000,11239.000000,49088.000000
12756.000000,13000.000000,11212.000000,49090.000000
12757.000000,13001.000000,11280.000000,49106.000000
12770.000000,13045.000000,11262.000000,49054.000000
12820.000000,12988.000000,11269.000000,49125.000000
12773.000000,13039.000000,11284.000000,49125.000000
12827.000000,13004.000000,11229.000000,49123.000000
12776.000000,13024.000000,11206.000000,49126.000000
12820.000000,13023.000000,11256.000000,49130.000000
12816.000000,13043.000000,11259.000000,49127.000000
12847.000000,13000.000000,11259.000000,49131.000000
12842.000000,13039.000000,11307.000000,49124.000000
12835.000000,13007.000000,11274.000000,49147.000000
12859.000000,13006.000000,11267.000000,49173.000000
12850.000000,13034.000000,11286.000000,49135.000000
12914.000000,13011.000000,11269.000000,49177.000000
12911.000000,13036.000000,11270.000000,49184.000000
12908.000000,13034.000000,11352.000000,49142.000000
12923.000000,13083.000000,11298.000000,49129.000000
12949.000000,13056.000000,11329.000000,49172.000000
12886.000000,13053.000000,11335.000000,49136.000000
12940.000000,13052.000000,11315.000000,49186.000000
12907.000000,13058.000000,11408.000000,49178.000000
12926.000000,13060.000000,11342.000000,49180.000000
12975.000000,13045.000000,11344.000000,49190.000000
12949.000000,13060.000000,11368.000000,49192.000000
12973.000000,13087.000000,11373.000000,49180.000000
12946.000000,13085.000000,11344.000000,49169.000000
12967.000000,13043.000000,11389.000000,49222.000000
12957.000000,13125.000000,11429.000000,49203.000000
12999.000000,13121.000000,11401.000000,49239.000000
12976.000000,13107.000000,11410.000000,49238.000000
13029.000000,13131.000000,11451.000000,49217.000000
13014.000000,13139.000000,11424.000000,49250.000000
13040.000000,13142.000000,11447.000000,49262.000000
13071.000000,13145.000000,11403.000000,49274.000000
13066.000000,13163.000000,11489.000000,49258.000000
13071.000000,13242.000000,11471.000000,49237.000000
13057.000000,13192.000000,11477.000000,49301.000000
13038.000000,13167.000000,11549.000000,49262.000000
13061.000000,13161.000000,11508.000000,49280.000000
13078.000000,13171.000000,11570.000000,49337.000000
13123.000000,13183.000000,11538.000000,49337.000000
13110.000000,13211.000000,11563.000000,49336.000000
13084.000000,13257.000000,11556.000000,49278.000000
13086.000000,13220.000000,11628.000000,49344.000000
13098.000000,13264.000000,11631.000000,49320.000000
13105.000000,13245.000000,11632.000000,49365.000000
13079.000000,13221.000000,11691.000000,49302.000000
13141.000000,13272.000000,11678.000000,49374.000000
13139.000000,13219.000000,11719.000000,49366.000000
13158.000000,13285.000000,11728.000000,49355.000000
13160.000000,13283.000000,11751.000000,49348.000000
13174.000000,13305.000000,11755.000000,49439.000000
13175.000000,13313.000000,11767.000000,49412.000000
13160.000000,13298.000000,11787.000000,49435.000000
13242.000000,13337.000000,11816.000000,49485.000000
13235.000000,13390.000000,11812.000000,49446.000000
13233.000000,13370.000000,11847.000000,49469.000000
13222.000000,13327.000000,11900.000000,49429.000000
13268.000000,13399.000000,11882.000000,49484.000000
13220.000000,13405.000000,11902.000000,49456.000000
13286.000000,13388.000000,11943.000000,49512.000000
13257.000000,13426.000000,12013.000000,49527.000000
13312.000000,13410.000000,11964.000000,49524.000000
13311.000000,13420.000000,11992.000000,49581.000000
13325.000000,13459.000000,12030.000000,49558.000000
13353.000000,13467.000000,11997.000000,49565.000000
13318.000000,13458.000000,12029.000000,49559.000000
13247.000000,13516.000000,11989.000000,49507.000000
13267.000000,13418.000000,12021.000000,49554.000000
13234.000000,13475.000000,12049.000000,49554.000000
13254.000000,13438.000000,12045.000000,49557.000000
13231.000000,13450.000000,12064.000000,49527.000000
13270.000000,13403.000000,12000.000000,49583.000000
13205.000000,13446.000000,12005.000000,49503.000000
13227.000000,13438.000000,11898.000000,49520.000000
13189.000000,13411.000000,11971.000000,49487.000000
13197.000000,13411.000000,11942.000000,49490.000000
13160.000000,13397.000000,11924.000000,49485.000000
13157.000000,13419.000000,11909.000000,49486.000000
13139.000000,13379.000000,11879.000000,49461.000000
13182.000000,13379.000000,11845.000000,49464.000000
13110.000000,13359.000000,11862.000000,49433.000000
13108.000000,13346.000000,11860.000000,49408.000000
13153.000000,13354.000000,11760.000000,49425.000000
13125.000000,13308.000000,11800.000000,49411.000000
13100.000000,13284.000000,11790.000000,49425.000000
13125.000000,13304.000000,11743.000000,49360.000000
13126.000000,13253.000000,11685.000000,49425.000000
13089.000000,13258.000000,11722.000000,49363.000000
13129.000000,13263.000000,11685.000000,49367.000000
13099.000000,13292.000000,11674.000000,49357.000000
13104.000000,13272.000000,11668.000000,49299.000000
13082.000000,13239.000000,11680.000000,49379.000000
13042.000000,13216.000000,11680.000000,49318.000000
13108.000000,13232.000000,11643.000000,49323.000000
13137.000000,13200.000000,11632.000000,49360.000000
13143.000000,13213.000000,11609.000000,49374.000000
13124.000000,13191.000000,11609.000000,49327.000000
13090.000000,13249.000000,11565.000000,49276.000000
13112.000000,13181.000000,11594.000000,49333.000000
13065.000000,13242.000000,11583.000000,49294.000000
13085.000000,13185.000000,11552.000000,49314.000000
13080.000000,13239.000000,11566.000000,49311.000000
13128.000000,13174.000000,11537.000000,49301.000000
13077.000000,13209.000000,11534.000000,49337.000000
13138.000000,13184.000000,11566.000000,49313.000000
13129.000000,13219.000000,11520.000000,49312.000000
13086.000000,13181.000000,11532.000000,49305.000000
13071.000000,13195.000000,11559.000000,49290.000000
13071.000000,13224.000000,11549.000000,49280.000000
13098.000000,13177.000000,11545.000000,49320.000000
13128.000000,13180.000000,11502.000000,49315.000000
13112.000000,13198.000000,11506.000000,49314.000000
13148.000000,13184.000000,11522.000000,49284.000000
13151.000000,13194.000000,11520.000000,49304.000000
13153.000000,13207.000000,11524.000000,49312.000000
13152.000000,13203.000000,11527.000000,49313.000000
13106.000000,13189.000000,11581.000000,49256.000000
13115.000000,13183.000000,11501.000000,49272.000000
13134.000000,13158.000000,11579.000000,49359.000000
13151.000000,13205.000000,11519.000000,49307.000000
13181.000000,13188.000000,11535.000000,49339.000000
13162.000000,13185.000000,11533.000000,49312.000000
13165.000000,13179.000000,11538.000000,49302.000000
13143.000000,13170.000000,11556.000000,49316.000000
13158.000000,13188.000000,11524.000000,49343.000000
13185.000000,13159.000000,11564.000000,49331.000000
13198.000000,13205.000000,11588.000000,49295.000000
13222.000000,13168.000000,11600.000000,49353.000000
13209.000000,13205.000000,11560.000000,49323.000000
13233.000000,13209.000000,11597.000000,49319.000000
13218.000000,13200.000000,11554.000000,49328.000000
13198.000000,13234.000000,11627.000000,49317.000000
13236.000000,13234.000000,11578.000000,49347.000000
13230.000000,13167.000000,11617.000000,49371.000000
13242.000000,13232.000000,11565.000000,49340.000000
13304.000000,13236.000000,11563.000000,49363.000000
13277.000000,13244.000000,11630.000000,49369.000000
13251.000000,13280.000000,11615.000000,49371.000000
13243.000000,13265.000000,11668.000000,49377.000000
13251.000000,13267.000000,11675.000000,49381.000000
13228.000000,13300.000000,11641.000000,49341.000000
13260.000000,13290.000000,11700.000000,49372.000000
13239.000000,13257.000000,11647.000000,49451.000000
13243.000000,13281.000000,11650.000000,49369.000000
13290.000000,13264.000000,11627.000000,49413.000000
13227.000000,13271.000000,11630.000000,49366.000000
13225.000000,13295.000000,11625.000000,49392.000000
13242.000000,13256.000000,11635.000000,49368.000000
13175.000000,13295.000000,11676.000000,49362.000000
13216.000000,13282.000000,11679.000000,49404.000000
13219.000000,13280.000000,11658.000000,49420.000000
13187.000000,13260.000000,11624.000000,49348.000000
13184.000000,13280.000000,11676.000000,49349.000000
13297.000000,13273.000000,11607.000000,49371.000000
13174.000000,13251.000000,11657.000000,49384.000000
13224.000000,13279.000000,11643.000000,49368.000000
13183.000000,13250.000000,11672.000000,49351.000000
13200.000000,13274.000000,11644.000000,49393.000000
13242.000000,13267.000000,11656.000000,49380.000000
13212.000000,13261.000000,11616.000000,49374.000000
13199.000000,13283.000000,11628.000000,49376.000000
13220.000000,13293.000000,11621.000000,49328.000000
13181.000000,13239.000000,11667.000000,49359.000000
13131.000000,13223.000000,11696.000000,49361.000000
13189.000000,13290.000000,11651.000000,49384.000000
13182.000000,13233.000000,11637.000000,49375.000000
13188.000000,13261.000000,11625.000000,49365.000000
13117.000000,13288.000000,11605.000000,49362.000000
13160.000000,13268.000000,11626.000000,49286.000000
13152.000000,13263.000000,11628.000000,49364.000000
13098.000000,13243.000000,11661.000000,49344.000000
13130.000000,13248.000000,11625.000000,49338.000000
13121.000000,13186.000000,11647.000000,49377.000000
13112.000000,13232.000000,11599.000000,49354.000000
13167.000000,13194.000000,11605.000000,49358.000000
13119.000000,13220.000000,11616.000000,49354.000000
13162.000000,13221.000000,11627.000000,49314.000000
13091.000000,13183.000000,11585.000000,49325.000000
13123.000000,13205.000000,11591.000000,49353.000000
13129.000000,13210.000000,11609.000000,49357.000000
13176.000000,13228.000000,11570.000000,49368.000000
13122.000000,13228.000000,11588.000000,49347.000000
13148.000000,13251.000000,11601.000000,49340.000000
13134.000000,13208.000000,11642.000000,49345.000000
13166.000000,13249.000000,11606.000000,49329.000000
13127.000000,13229.000000,11636.000000,49330.000000
13135.000000,13200.000000,11602.000000,49343.000000
13143.000000,13203.000000,11613.000000,49367.000000
13126.000000,13256.000000,11618.000000,49340.000000
13150.000000,13215.000000,11569.000000,49363.000000
13167.000000,13225.000000,11604.000000,49344.000000
13172.000000,13265.000000,11581.000000,49349.000000
13136.000000,13222.000000,11619.000000,49334.000000
13119.000000,13231.000000,11640.000000,49300.000000
13225.000000,13245.000000,11627.000000,49383.000000
13198.000000,13197.000000,11601.000000,49341.000000
13181.000000,13231.000000,11616.000000,49376.000000
13200.000000,13227.000000,11637.000000,49366.000000
13244.000000,13271.000000,11601.000000,49415.000000
13205.000000,13254.000000,11659.000000,49356.000000
13211.000000,13285.000000,11599.000000,49337.000000
13217.000000,13275.000000,11634.000000,49366.000000
13193.000000,13295.000000,11655.000000,49364.000000
13223.000000,13284.000000,11696.000000,49387.000000
13191.000000,13297.000000,11680.000000,49397.000000
13232.000000,13303.000000,11674.000000,49393.000000
13257.000000,13299.000000,11702.000000,49384.000000
13265.000000,13343.000000,11727.000000,49413.000000
13262.000000,13289.000000,11756.000000,49428.000000
13267.000000,13348.000000,11763.000000,49393.000000
13287.000000,13342.000000,11794.000000,49434.000000
13342.000000,13357.000000,11787.000000,49496.000000
13335.000000,13354.000000,11794.000000,49441.000000
13379.000000,13399.000000,11756.000000,49481.000000
13344.000000,13368.000000,11840.000000,49469.000000
13364.000000,13417.000000,11841.000000,49473.000000
13397.000000,13389.000000,11853.000000,49490.000000
13371.000000,13430.000000,11892.000000,49478.000000
13398.000000,13424.000000,11905.000000,49505.000000
13457.000000,13362.000000,11969.000000,49576.000000
13445.000000,13456.000000,11935.000000,49568.000000
13485.000000,13445.000000,11933.000000,49582.000000
13511.000000,13486.000000,11981.000000,49586.000000
13508.000000,13470.000000,12033.000000,49589.000000
13461.000000,13541.000000,12052.000000,49561.000000
13534.000000,13511.000000,12047.000000,49617.000000
13496.000000,13518.000000,12100.000000,49613.000000
13572.000000,13523.000000,12091.000000,49624.000000
13528.000000,13500.000000,12133.000000,49658.000000
13608.000000,13544.000000,12131.000000,49680.000000
13619.000000,13532.000000,12135.000000,49653.000000
13630.000000,13584.000000,12197.000000,49701.000000
13639.000000,13603.000000,12257.000000,49641.000000
13680.000000,13610.000000,12251.000000,49711.000000
13670.000000,13612.000000,12248.000000,49764.000000
13692.000000,13603.000000,12295.000000,49767.000000
13743.000000,13641.000000,12277.000000,49766.000000
13747.000000,13667.000000,12310.000000,49742.000000
13726.000000,13664.000000,12326.000000,49770.000000
13701.000000,13723.000000,12358.000000,49800.000000
13788.000000,13677.000000,12319.000000,49807.000000
13762.000000,13663.000000,12380.000000,49787.000000
13792.000000,13720.000000,12352.000000,49795.000000
13814.000000,13688.000000,12341.000000,49840.000000
13792.000000,13709.000000,12340.000000,49780.000000
13754.000000,13745.000000,12348.000000,49750.000000
13773.000000,13712.000000,12350.000000,49792.000000
13736.000000,13695.000000,12358.000000,49764.000000
13778.000000,13672.000000,12328.000000,49810.000000
13758.000000,13663.000000,12319.000000,49787.000000
13772.000000,13694.000000,12279.000000,49743.000000
13739.000000,13673.000000,12338.000000,49763.000000
13743.000000,13688.000000,12316.000000,49725.000000
13728.000000,13659.000000,12323.000000,49763.000000
13721.000000,13743.000000,12284.000000,49692.000000
13740.000000,13663.000000,12267.000000,49752.000000
13658.000000,13691.000000,12271.000000,49745.000000
13713.000000,13640.000000,12276.000000,49750.000000
13686.000000,13645.000000,12247.000000,49727.000000
13677.000000,13625.000000,12265.000000,49738.000000
13688.000000,13627.000000,12237.000000,49714.000000
13687.000000,13664.000000,12268.000000,49755.000000
13665.000000,13692.000000,12262.000000,49712.000000
13669.000000,13629.000000,12249.000000,49729.000000
13670.000000,13603.000000,12213.000000,49750.000000
13674.000000,13600.000000,12189.000000,49714.000000
13638.000000,13619.000000,12220.000000,49716.000000
13666.000000,13585.000000,12210.000000,49746.000000
13611.000000,13608.000000,12181.000000,49661.000000
13687.000000,13668.000000,12167.000000,49681.000000
13653.000000,13571.000000,12168.000000,49685.000000
13613.000000,13617.000000,12205.000000,49653.000000
13645.000000,13584.000000,12206.000000,49690.000000
13619.000000,13621.000000,12204.000000,49660.000000
13623.000000,13615.000000,12126.000000,49692.000000
13625.000000,13553.000000,12179.000000,49656.000000
13652.000000,13631.000000,12176.000000,49664.000000
13657.000000,13575.000000,12169.000000,49650.000000
13616.000000,13590.000000,12147.000000,49680.000000
13658.000000,13577.000000,12145.000000,49669.000000
13616.000000,13605.000000,12160.000000,49627.000000
13618.000000,13569.000000,12130.000000,49656.000000
13584.000000,13604.000000,12123.000000,49682.000000
13615.000000,13568.000000,12130.000000,49639.000000
13618.000000,13584.000000,12084.000000,49674.000000
13618.000000,13539.000000,12135.000000,49681.000000
13586.000000,13561.000000,12063.000000,49655.000000
13617.000000,13544.000000,12078.000000,49663.000000
13550.000000,13575.000000,12111.000000,49620.000000
13587.000000,13569.000000,12105.000000,49657.000000
13600.000000,13537.000000,12101.000000,49663.000000
13577.000000,13567.000000,12080.000000,49627.000000
13577.000000,13549.000000,12044.000000,49635.000000
13596.000000,13514.000000,12032.000000,49643.000000
13561.000000,13548.000000,12075.000000,49638.000000
13549.000000,13553.000000,12047.000000,49615.000000
13547.000000,13507.000000,12035.000000,49613.000000
13526.000000,13551.000000,12105.000000,49572.000000
13557.000000,13521.000000,12059.000000,49606.000000
13519.000000,13462.000000,12090.000000,49617.000000
13536.000000,13500.000000,12028.000000,49611.000000
13579.000000,13468.000000,12013.000000,49655.000000
13511.000000,13497.000000,11993.000000,49583.000000
13518.000000,13491.000000,11985.000000,49571.000000
13506.000000,13471.000000,12000.000000,49591.000000
13462.000000,13458.000000,11965.000000,49615.000000
13460.000000,13408.000000,12004.000000,49627.000000
13495.000000,13478.000000,11951.000000,49574.000000
13492.000000,13446.000000,11969.000000,49574.000000
13473.000000,13466.000000,11979.000000,49551.000000
13488.000000,13431.000000,11955.000000,49562.000000
13435.000000,13466.000000,11924.000000,49552.000000
13423.000000,13399.000000,11956.000000,49539.000000
13432.000000,13438.000000,11922.000000,49551.000000
13460.000000,13395.000000,11921.000000,49603.000000
13446.000000,13428.000000,11926.000000,49516.000000
13421.000000,13435.000000,11877.000000,49513.000000
13426.000000,13405.000000,11910.000000,49536.000000
13378.000000,13440.000000,11877.000000,49481.000000
13358.000000,13380.000000,11903.000000,49534.000000
13373.000000,13346.000000,11875.000000,49472.000000
13363.000000,13370.000000,11837.000000,49515.000000
13378.000000,13416.000000,11812.000000,49477.000000
13355.000000,13357.000000,11827.000000,49498.000000
13356.000000,13394.000000,11833.000000,49488.000000
13371.000000,13405.000000,11761.000000,49500.000000
13338.000000,13356.000000,11815.000000,49465.000000
13312.000000,13385.000000,11759.000000,49417.000000
13330.000000,13343.000000,11772.000000,49445.000000
13307.000000,13361.000000,11764.000000,49475.000000
13353.000000,13346.000000,11771.000000,49473.000000
13280.000000,13329.000000,11772.000000,49455.000000
13356.000000,13374.000000,11711.000000,49445.000000
13322.000000,13329.000000,11705.000000,49421.000000
13328.000000,13337.000000,11714.000000,49440.000000
13320.000000,13300.000000,11729.000000,49441.000000
13348.000000,13277.000000,11683.000000,49422.000000
13316.000000,13340.000000,11720.000000,49472.000000
13296.000000,13279.000000,11736.000000,49419.000000
13329.000000,13289.000000,11704.000000,49438.000000
13299.000000,13282.000000,11719.000000,49474.000000
13302.000000,13308.000000,11692.000000,49429.000000
13292.000000,13303.000000,11642.000000,49428.000000
13302.000000,13268.000000,11679.000000,49399.000000
13286.000000,13323.000000,11667.000000,49422.000000
13275.000000,13257.000000,11683.000000,49440.000000
13234.000000,13272.000000,11699.000000,49379.000000
13281.000000,13269.000000,11651.000000,49450.000000
13253.000000,13253.000000,11637.000000,49377.000000
13230.000000,13236.000000,11647.000000,49425.000000
13235.000000,13248.000000,11668.000000,49388.000000
13284.000000,13247.000000,11562.000000,49402.000000
13248.000000,13263.000000,11604.000000,49379.000000
13286.000000,13282.000000,11556.000000,49386.000000
13249.000000,13263.000000,11645.000000,49352.000000
13245.000000,13282.000000,11595.000000,49399.000000
13205.000000,13236.000000,11598.000000,49367.000000
13208.000000,13255.000000,11610.000000,49382.000000
13227.000000,13229.000000,11596.000000,49374.000000
13205.000000,13284.000000,11543.000000,49346.000000
13208.000000,13283.000000,11587.000000,49345.000000
13190.000000,13235.000000,11589.000000,49326.000000
13202.000000,13226.000000,11549.000000,49400.000000
13176.000000,13247.000000,11568.000000,49360.000000
13185.000000,13181.000000,11562.000000,49359.000000
13186.000000,13223.000000,11543.000000,49336.000000
13232.000000,13206.000000,11492.000000,49370.000000
13136.000000,13207.000000,11549.000000,49341.000000
13167.000000,13209.000000,11478.000000,49315.000000
13155.000000,13179.000000,11485.000000,49305.000000
13140.000000,13213.000000,11499.000000,49255.000000
13158.000000,13163.000000,11520.000000,49341.000000
13095.000000,13141.000000,11540.000000,49301.000000
13139.000000,13189.000000,11484.000000,49326.000000
13157.000000,13156.000000,11522.000000,49322.000000
13133.000000,13157.000000,11490.000000,49327.000000
13115.000000,13164.000000,11488.000000,49325.000000
13165.000000,13237.000000,11509.000000,49251.000000
13178.000000,13171.000000,11504.000000,49354.000000
13123.000000,13217.000000,11517.000000,49329.000000
13172.000000,13213.000000,11494.000000,49339.000000
13131.000000,13252.000000,11539.000000,49335.000000
13195.000000,13167.000000,11544.000000,49346.000000
13158.000000,13218.000000,11530.000000,49343.000000
13212.000000,13179.000000,11535.000000,49349.000000
13177.000000,13227.000000,11521.000000,49342.000000
13200.000000,13215.000000,11542.000000,49310.000000
13177.000000,13232.000000,11599.000000,49331.000000
13234.000000,13297.000000,11584.000000,49378.000000
13267.000000,13251.000000,11617.000000,49419.000000
13248.000000,13236.000000,11593.000000,49416.000000
13264.000000,13244.000000,11584.000000,49394.000000
13315.000000,13260.000000,11579.000000,49400.000000
13300.000000,13274.000000,11633.000000,49437.000000
13325.000000,13303.000000,11657.000000,49431.000000
13337.000000,13279.000000,11695.000000,49447.000000
13343.000000,13358.000000,11705.000000,49399.000000
13359.000000,13305.000000,11706.000000,49446.000000
13360.000000,13317.000000,11812.000000,49457.000000
13395.000000,13335.000000,11755.000000,49493.000000
13377.000000,13353.000000,11823.000000,49487.000000
13472.000000,13376.000000,11839.000000,49531.000000
13515.000000,13354.000000,11800.000000,49536.000000
13501.000000,13452.000000,11867.000000,49509.000000
13509.000000,13412.000000,11898.000000,49562.000000
13516.000000,13432.000000,11928.000000,49545.000000
13529.000000,13461.000000,11924.000000,49576.000000
13530.000000,13492.000000,11964.000000,49595.000000
13567.000000,13473.000000,11983.000000,49621.000000
13544.000000,13487.000000,11962.000000,49611.000000
13642.000000,13478.000000,12012.000000,49632.000000
13630.000000,13533.000000,11989.000000,49651.000000
13635.000000,13533.000000,12027.000000,49631.000000
13609.000000,13531.000000,12068.000000,49628.000000
13634.000000,13497.000000,12038.000000,49616.000000
13637.000000,13524.000000,12073.000000,49662.000000
13593.000000,13501.000000,12042.000000,49663.000000
13652.000000,13487.000000,12025.000000,49695.000000
13666.000000,13534.000000,12038.000000,49664.000000
13593.000000,13505.000000,12048.000000,49655.000000
13667.000000,13542.000000,12034.000000,49670.000000
13645.000000,13514.000000,12053.000000,49629.000000
13616.000000,13555.000000,12046.000000,49573.000000
13621.000000,13503.000000,12042.000000,49637.000000
13572.000000,13488.000000,12072.000000,49609.000000
13622.000000,13509.000000,11982.000000,49607.000000
13587.000000,13452.000000,12010.000000,49621.000000
13588.000000,13480.000000,12028.000000,49622.000000
13580.000000,13483.000000,11998.000000,49603.000000
13599.000000,13453.000000,12007.000000,49640.000000
13567.000000,13476.000000,12022.000000,49564.000000
13547.000000,13511.000000,12000.000000,49623.000000
13557.000000,13476.000000,11978.000000,49642.000000
13516.000000,13470.000000,11968.000000,49580.000000
13517.000000,13484.000000,11981.000000,49607.000000
13568.000000,13472.000000,11964.000000,49635.000000
13531.000000,13459.000000,11957.000000,49629.000000
13544.000000,13503.000000,11945.000000,49596.000000
13492.000000,13463.000000,11929.000000,49580.000000
13494.000000,13449.000000,11962.000000,49587.000000
13509.000000,13456.000000,11960.000000,49588.000000
13497.000000,13431.000000,11975.000000,49599.000000
13486.000000,13442.000000,11930.000000,49594.000000
13468.000000,13400.000000,11909.000000,49619.000000
13501.000000,13448.000000,11917.000000,49577.000000
13473.000000,13390.000000,11907.000000,49577.000000
13477.000000,13429.000000,11880.000000,49565.000000
13434.000000,13402.000000,11906.000000,49591.000000
13418.000000,13432.000000,11882.000000,49487.000000
13457.000000,13409.000000,11906.000000,49575.000000
13378.000000,13439.000000,11874.000000,49511.000000
13430.000000,13420.000000,11882.000000,49560.000000
13362.000000,13428.000000,11887.000000,49515.000000
13393.000000,13383.000000,11884.000000,49547.000000
13387.000000,13369.000000,11869.000000,49551.000000
13405.000000,13376.000000,11816.000000,49516.000000
13372.000000,13404.000000,11853.000000,49506.000000
13383.000000,13373.000000,11819.000000,49526.000000
13346.000000,13353.000000,11844.000000,49507.000000
13338.000000,13394.000000,11834.000000,49484.000000
13359.000000,13303.000000,11809.000000,49537.000000
13305.000000,13356.000000,11805.000000,49521.000000
13323.000000,13346.000000,11805.000000,49492.000000
13355.000000,13279.000000,11790.000000,49538.000000
13302.000000,13352.000000,11763.000000,49501.000000
13297.000000,13335.000000,11736.000000,49472.000000
13311.000000,13299.000000,11745.000000,49478.000000
13270.000000,13341.000000,11705.000000,49413.000000
13262.000000,13311.000000,11763.000000,49458.000000
13238.000000,13320.000000,11788.000000,49440.000000
13268.000000,13275.000000,11715.000000,49480.000000
13255.000000,13257.000000,11738.000000,49465.000000
13240.000000,13285.000000,11691.000000,49476.000000
13254.000000,13271.000000,11687.000000,49425.000000
13246.000000,13334.000000,11635.000000,49426.000000
13231.000000,13232.000000,11690.000000,49430.000000
13208.000000,13312.000000,11680.000000,49418.000000
13201.000000,13256.000000,11655.000000,49409.000000
13193.000000,13295.000000,11591.000000,49443.000000
13181.000000,13233.000000,11615.000000,49390.000000
13130.000000,13213.000000,11618.000000,49425.000000
13163.000000,13240.000000,11598.000000,49420.000000
13156.000000,13197.000000,11579.000000,49415.000000
13130.000000,13189.000000,11581.000000,49406.000000
13103.000000,13230.000000,11547.000000,49328.000000
13125.000000,13208.000000,11543.000000,49364.000000
13076.000000,13217.000000,11583.000000,49340.000000
13083.000000,13143.000000,11576.000000,49369.000000
13087.000000,13140.000000,11548.000000,49390.000000
13087.000000,13156.000000,11514.000000,49379.000000
13089.000000,13143.000000,11502.000000,49363.000000
13066.000000,13135.000000,11495.000000,49366.000000
13064.000000,13127.000000,11497.000000,49308.000000
13133.000000,13179.000000,11432.000000,49365.000000
13056.000000,13128.000000,11464.000000,49333.000000
13024.000000,13153.000000,11436.000000,49306.000000
13066.000000,13100.000000,11435.000000,49300.000000
13034.000000,13120.000000,11420.000000,49337.000000
13031.000000,13097.000000,11415.000000,49298.000000
13006.000000,13088.000000,11406.000000,49293.000000
13050.000000,13105.000000,11375.000000,49298.000000
13006.000000,13112.000000,11324.000000,49305.000000
13015.000000,13065.000000,11348.000000,49261.000000
12995.000000,13085.000000,11347.000000,49272.000000
12998.000000,13037.000000,11362.000000,49265.000000
12963.000000,13075.000000,11360.000000,49273.000000
12944.000000,13058.000000,11357.000000,49274.000000
12936.000000,13027.000000,11318.000000,49225.000000
12955.000000,13001.000000,11350.000000,49233.000000
12931.000000,13022.000000,11318.000000,49236.000000
12972.000000,13021.000000,11260.000000,49256.000000
12943.000000,13024.000000,11250.000000,49212.000000
12923.000000,13071.000000,11270.000000,49192.000000
12931.000000,13007.000000,11288.000000,49228.000000
12879.000000,13022.000000,11257.000000,49126.000000
12898.000000,12996.000000,11259.000000,49200.000000
12918.000000,13000.000000,11249.000000,49196.000000
12841.000000,12951.000000,11220.000000,49190.000000
12875.000000,12975.000000,11204.000000,49151.000000
12912.000000,12919.000000,11172.000000,49230.000000
12867.000000,12934.000000,11173.000000,49138.000000
12857.000000,12974.000000,11111.000000,49200.000000
12856.000000,12948.000000,11195.000000,49138.000000
12862.000000,12955.000000,11126.000000,49175.000000
12838.000000,12929.000000,11135.000000,49121.000000
12831.000000,12933.000000,11127.000000,49159.000000
12823.000000,12937.000000,11101.000000,49117.000000
12832.000000,12886.000000,11060.000000,49131.000000
12840.000000,12912.000000,11084.000000,49100.000000
12778.000000,12903.000000,11057.000000,49048.000000
12810.000000,12874.000000,11054.000000,49089.000000
12798.000000,12886.000000,11040.000000,49088.000000
12762.000000,12880.000000,11060.000000,49054.000000
12799.000000,12887.000000,11050.000000,49062.000000
12806.000000,12870.000000,11044.000000,49114.000000
12792.000000,12874.000000,11032.000000,49072.000000
12778.000000,12848.000000,10996.000000,49100.000000
12771.000000,12868.000000,10957.000000,49004.000000
12785.000000,12855.000000,10952.000000,49064.000000
12745.000000,12847.000000,10979.000000,49047.000000
12712.000000,12868.000000,10952.000000,49019.000000
12779.000000,12842.000000,10967.000000,49032.000000
12718.000000,12827.000000,10938.000000,49006.000000
12768.000000,12841.000000,10984.000000,49040.000000
12730.000000,12804.000000,10973.000000,49050.000000
12767.000000,12834.000000,10938.000000,49110.000000
12726.000000,12833.000000,10935.000000,49042.000000
12812.000000,12820.000000,10966.000000,49055.000000
12759.000000,12845.000000,10963.000000,49032.000000
12835.000000,12853.000000,10978.000000,49091.000000
12771.000000,12827.000000,10990.000000,49052.000000
12746.000000,12823.000000,10967.000000,49075.000000
12786.000000,12832.000000,10979.000000,49051.000000
12823.000000,12842.000000,10956.000000,49092.000000
12780.000000,12835.000000,11008.000000,49103.000000
12789.000000,12865.000000,11022.000000,49048.000000
12848.000000,12848.000000,11009.000000,49082.000000
12782.000000,12858.000000,11072.000000,49094.000000
12802.000000,12872.000000,11092.000000,49103.000000
12824.000000,12894.000000,11073.000000,49127.000000
12869.000000,12869.000000,11068.000000,49147.000000
12850.000000,12912.000000,11091.000000,49138.000000
12897.000000,12873.000000,11122.000000,49172.000000
12911.000000,12930.000000,11141.000000,49172.000000
12926.000000,12957.000000,11104.000000,49144.000000
12914.000000,12968.000000,11158.000000,49168.000000
12896.000000,13007.000000,11210.000000,49118.000000
12967.000000,13004.000000,11204.000000,49216.000000
12925.000000,12985.000000,11223.000000,49218.000000
12996.000000,13003.000000,11280.000000,49250.000000
13015.000000,13019.000000,11321.000000,49210.000000
13062.000000,13075.000000,11325.000000,49222.000000
13079.000000,13087.000000,11354.000000,49246.000000
13060.000000,13106.000000,11352.000000,49275.000000
13087.000000,13100.000000,11391.000000,49313.000000
13119.000000,13162.000000,11399.000000,49329.000000
13124.000000,13117.000000,11461.000000,49341.000000
13110.000000,13139.000000,11454.000000,49397.000000
13167.000000,13152.000000,11470.000000,49344.000000
13182.000000,13171.000000,11497.000000,49418.000000
13209.000000,13172.000000,11536.000000,49392.000000
13200.000000,13175.000000,11531.000000,49356.000000
13186.000000,13163.000000,11589.000000,49428.000000
13214.000000,13204.000000,11608.000000,49367.000000
13217.000000,13205.000000,11627.000000,49443.000000
13284.000000,13211.000000,11632.000000,49446.000000
13241.000000,13183.000000,11588.000000,49448.000000
13239.000000,13226.000000,11601.000000,49452.000000
13266.000000,13239.000000,11605.000000,49436.000000
13247.000000,13207.000000,11621.000000,49437.000000
13263.000000,13284.000000,11564.000000,49404.000000
13216.000000,13195.000000,11629.000000,49400.000000
13201.000000,13273.000000,11600.000000,49400.000000
13211.000000,13210.000000,11609.000000,49378.000000
13207.000000,13223.000000,11558.000000,49420.000000
13201.000000,13205.000000,11557.000000,49393.000000
13209.000000,13212.000000,11531.000000,49404.000000
13223.000000,13198.000000,11546.000000,49415.000000
13168.000000,13219.000000,11509.000000,49366.000000
13190.000000,13226.000000,11544.000000,49380.000000
13165.000000,13129.000000,11521.000000,49352.000000
13184.000000,13183.000000,11513.000000,49400.000000
13169.000000,13167.000000,11485.000000,49389.000000
13163.000000,13140.000000,11528.000000,49348.000000
13170.000000,13148.000000,11480.000000,49373.000000
13170.000000,13087.000000,11480.000000,49393.000000
13143.000000,13177.000000,11496.000000,49367.000000
13167.000000,13117.000000,11439.000000,49391.000000
13153.000000,13146.000000,11460.000000,49347.000000
13134.000000,13137.000000,11470.000000,49333.000000
13108.000000,13127.000000,11446.000000,49334.000000
13084.000000,13150.000000,11489.000000,49312.000000
13111.000000,13116.000000,11460.000000,49342.000000
13102.000000,13122.000000,11443.000000,49325.000000
13124.000000,13115.000000,11386.000000,49346.000000
13089.000000,13100.000000,11415.000000,49299.000000
13158.000000,13123.000000,11352.000000,49371.000000
13083.000000,13100.000000,11446.000000,49318.000000
13137.000000,13125.000000,11388.000000,49337.000000
13085.000000,13109.000000,11405.000000,49293.000000
13112.000000,13077.000000,11364.000000,49333.000000
13052.000000,13075.000000,11407.000000,49294.000000
13070.000000,13097.000000,11394.000000,49308.000000
13060.000000,13093.000000,11370.000000,49309.000000
13085.000000,13045.000000,11377.000000,49331.000000
13040.000000,13080.000000,11378.000000,49307.000000
13042.000000,13069.000000,11319.000000,49267.000000
13088.000000,13042.000000,11357.000000,49300.000000
13015.000000,13041.000000,11384.000000,49278.000000
13033.000000,13051.000000,11355.000000,49262.000000
13034.000000,13030.000000,11318.000000,49257.000000
13033.000000,13033.000000,11358.000000,49307.000000
12997.000000,13035.000000,11298.000000,49263.000000
13027.000000,13012.000000,11298.000000,49309.000000
13004.000000,13054.000000,11314.000000,49266.000000
13014.000000,13040.000000,11255.000000,49275.000000
12982.000000,13050.000000,11306.000000,49267.000000
12998.000000,13065.000000,11287.000000,49217.000000
12991.000000,13018.000000,11283.000000,49247.000000
12945.000000,13021.000000,11274.000000,49260.000000
12957.000000,13003.000000,11270.000000,49263.000000
12991.000000,13033.000000,11247.000000,49219.000000
13022.000000,13000.000000,11247.000000,49295.000000
12941.000000,12988.000000,11243.000000,49204.000000
12998.000000,13000.000000,11245.000000,49233.000000
12960.000000,12979.000000,11279.000000,49191.000000
12956.000000,12970.000000,11206.000000,49242.000000
12910.000000,12982.000000,11262.000000,49222.000000
12898.000000,12928.000000,11228.000000,49208.000000
12885.000000,12968.000000,11185.000000,49177.000000
12934.000000,12922.000000,11193.000000,49246.000000
12884.000000,12966.000000,11194.000000,49182.000000
12870.000000,12959.000000,11110.000000,49166.000000
12902.000000,12929.000000,11163.000000,49171.000000
12825.000000,12967.000000,11170.000000,49143.000000
12826.000000,12946.000000,11204.000000,49184.000000
12842.000000,12948.000000,11124.000000,49174.000000
12856.000000,12886.000000,11109.000000,49184.000000
12827.000000,12870.000000,11087.000000,49141.000000
12844.000000,12885.000000,11102.000000,49189.000000
12848.000000,12896.000000,11113.000000,49118.000000
12862.000000,12924.000000,11023.000000,49128.000000
12843.000000,12883.000000,11091.000000,49152.000000
12785.000000,12884.000000,11070.000000,49083.000000
12814.000000,12897.000000,11035.000000,49160.000000
12803.000000,12886.000000,11050.000000,49123.000000
12817.000000,12855.000000,11063.000000,49123.000000
13059.000000,12888.000000,11063.000000,49115.000000
12857.000000,12867.000000,11007.000000,49110.000000
12800.000000,12886.000000,11062.000000,49101.000000
12814.000000,12864.000000,11029.000000,49094.000000
12788.000000,12874.000000,11051.000000,49107.000000
12865.000000,12872.000000,11032.000000,49140.000000
12801.000000,12847.000000,11054.000000,49107.000000
12800.000000,12871.000000,11039.000000,49121.000000
12791.000000,12860.000000,11037.000000,49103.000000
12833.000000,12803.000000,11007.000000,49129.000000
12800.000000,12865.000000,11023.000000,49083.000000
12763.000000,12869.000000,10978.000000,49074.000000
12747.000000,12853.000000,11035.000000,49099.000000
12780.000000,12857.000000,11024.000000,49063.000000
12797.000000,12824.000000,10977.000000,49104.000000
12804.000000,12817.000000,11079.000000,49103.000000
12862.000000,12836.000000,11001.000000,49137.000000
12792.000000,12836.000000,11000.000000,49104.000000
12816.000000,12827.000000,11018.000000,49113.000000
12825.000000,12857.000000,11037.000000,49084.000000
12868.000000,12921.000000,10969.000000,49114.000000
12820.000000,12821.000000,11030.000000,49096.000000
12829.000000,12906.000000,10961.000000,49083.000000
12802.000000,12892.000000,11012.000000,49098.000000
12834.000000,12864.000000,11030.000000,49119.000000
12783.000000,12856.000000,11040.000000,49112.000000
12800.000000,12864.000000,11033.000000,49114.000000
12821.000000,12885.000000,11053.000000,49110.000000
12822.000000,12886.000000,11010.000000,49122.000000
12808.000000,12870.000000,11019.000000,49107.000000
12764.000000,12865.000000,11027.000000,49077.000000
12815.000000,12824.000000,11005.000000,49113.000000
12765.000000,12848.000000,11034.000000,49072.000000
12760.000000,12854.000000,11035.000000,49085.000000
12773.000000,12852.000000,11032.000000,49093.000000
12759.000000,12836.000000,11039.000000,49099.000000
12728.000000,12790.000000,10983.000000,49068.000000
12748.000000,12823.000000,10949.000000,49101.000000
12731.000000,12844.000000,11006.000000,49061.000000
12743.000000,12824.000000,10926.000000,49047.000000
12721.000000,12815.000000,10966.000000,49041.000000
12678.000000,12838.000000,10964.000000,49032.000000
12709.000000,12805.000000,10949.000000,49071.000000
12687.000000,12802.000000,10935.000000,49045.000000
12643.000000,12805.000000,10958.000000,49039.000000
12671.000000,12802.000000,10956.000000,49062.000000
12736.000000,12802.000000,10912.000000,49110.000000
12685.000000,12817.000000,10934.000000,49067.000000
12748.000000,12799.000000,10932.000000,49057.000000
12698.000000,12792.000000,10927.000000,49021.000000
12751.000000,13083.000000,10943.000000,49088.000000
12699.000000,12779.000000,10975.000000,49034.000000
12709.000000,12794.000000,10964.000000,49094.000000
12719.000000,12819.000000,10949.000000,49045.000000
12764.000000,12836.000000,10939.000000,49076.000000
12698.000000,12834.000000,10987.000000,49088.000000
12733.000000,12865.000000,10977.000000,49063.000000
12804.000000,12845.000000,10975.000000,49077.000000
12752.000000,12850.000000,11019.000000,49077.000000
12772.000000,12852.000000,11045.000000,49101.000000
12778.000000,12869.000000,11020.000000,49135.000000
12819.000000,12856.000000,11059.000000,49141.000000
12807.000000,12867.000000,11050.000000,49119.000000
12838.000000,12900.000000,11056.000000,49146.000000
12891.000000,12860.000000,11093.000000,49147.000000
12859.000000,12931.000000,11079.000000,49117.000000
12877.000000,12914.000000,11141.000000,49173.000000
12873.000000,12923.000000,11210.000000,49158.000000
12932.000000,12904.000000,11200.000000,49218.000000
12934.000000,12947.000000,11214.000000,49240.000000
12986.000000,12983.000000,11230.000000,49248.000000
12999.000000,13012.000000,11269.000000,49280.000000
13042.000000,13067.000000,11315.000000,49251.000000
13047.000000,13048.000000,11357.000000,49302.000000
13038.000000,13111.000000,11413.000000,49312.000000
13110.000000,13083.000000,11404.000000,49327.000000
13085.000000,13167.000000,11453.000000,49344.000000
13169.000000,13157.000000,11479.000000,49395.000000
13139.000000,13145.000000,11497.000000,49423.000000
13213.000000,13191.000000,11574.000000,49439.000000
13222.000000,13237.000000,11522.000000,49428.000000
13216.000000,13180.000000,11636.000000,49452.000000
13219.000000,13235.000000,11670.000000,49426.000000
13266.000000,13217.000000,11676.000000,49491.000000
13290.000000,13275.000000,11711.000000,49501.000000
13278.000000,13263.000000,11708.000000,49500.000000
13304.000000,13291.000000,11699.000000,49541.000000
13345.000000,13301.000000,11733.000000,49522.000000
13320.000000,13307.000000,11793.000000,49563.000000
13354.000000,13336.000000,11776.000000,49550.000000
13337.000000,13313.000000,11769.000000,49531.000000
13310.000000,13324.000000,11798.000000,49498.000000
13317.000000,13288.000000,11777.000000,49529.000000
13306.000000,13241.000000,11803.000000,49537.000000
13295.000000,13311.000000,11786.000000,49542.000000
13273.000000,13268.000000,11736.000000,49530.000000
13275.000000,13288.000000,11750.000000,49514.000000
13288.000000,13281.000000,11717.000000,49524.000000
13257.000000,13271.000000,11737.000000,49514.000000
13281.000000,13249.000000,11762.000000,49508.000000
13262.000000,13259.000000,11713.000000,49516.000000
13235.000000,13283.000000,11703.000000,49503.000000
13209.000000,13201.000000,11710.000000,49486.000000
13259.000000,13271.000000,11696.000000,49487.000000
13235.000000,13271.000000,11695.000000,49455.000000
13215.000000,13263.000000,11690.000000,49491.000000
13215.000000,13257.000000,11697.000000,49435.000000
13215.000000,13230.000000,11659.000000,49479.000000
13187.000000,13215.000000,11662.000000,49445.000000
13213.000000,13200.000000,11648.000000,49461.000000
13196.000000,13184.000000,11623.000000,49488.000000
13186.000000,13200.000000,11654.000000,49484.000000
13193.000000,13227.000000,11563.000000,49458.000000
13127.000000,13229.000000,11601.000000,49454.000000
13191.000000,13183.000000,11573.000000,49421.000000
13165.000000,13235.000000,11556.000000,49430.000000
13149.000000,13189.000000,11561.000000,49442.000000
13088.000000,13169.000000,11593.000000,49424.000000
13129.000000,13166.000000,11550.000000,49415.000000
13107.000000,13099.000000,11564.000000,49398.000000
13131.000000,13133.000000,11482.000000,49396.000000
13119.000000,13109.000000,11568.000000,49415.000000
13093.000000,13131.000000,11515.000000,49385.000000
13138.000000,13123.000000,11491.000000,49398.000000
13091.000000,13100.000000,11498.000000,49363.000000
13076.000000,13112.000000,11513.000000,49332.000000
13052.000000,13109.000000,11470.000000,49367.000000
13049.000000,13105.000000,11414.000000,49349.000000
12976.000000,13092.000000,11464.000000,49349.000000
13055.000000,13062.000000,11387.000000,49340.000000
13004.000000,13088.000000,11388.000000,49357.000000
13020.000000,13075.000000,11410.000000,49304.000000
12988.000000,13101.000000,11355.000000,49312.000000
12986.000000,13043.000000,11356.000000,49319.000000
12961.000000,13036.000000,11376.000000,49269.000000
12983.000000,13034.000000,11328.000000,49276.000000
12980.000000,13023.000000,11346.000000,49234.000000
12925.000000,13040.000000,11296.000000,49277.000000
12952.000000,12979.000000,11362.000000,49303.000000
12941.000000,12986.000000,11275.000000,49303.000000
12974.000000,12999.000000,11261.000000,49276.000000
12978.000000,12971.000000,11219.000000,49264.000000
12980.000000,12994.000000,11254.000000,49261.000000
12975.000000,13030.000000,11237.000000,49229.000000
12976.000000,12994.000000,11264.000000,49273.000000
12966.000000,13015.000000,11317.000000,49229.000000
12979.000000,12995.000000,11268.000000,49277.000000
12973.000000,13031.000000,11252.000000,49295.000000
12972.000000,12991.000000,11273.000000,49280.000000
12974.000000,13032.000000,11267.000000,49294.000000
13021.000000,13001.000000,11316.000000,49277.000000
13007.000000,13050.000000,11259.000000,49296.000000
13016.000000,13055.000000,11317.000000,49279.000000
12989.000000,13017.000000,11361.000000,49291.000000
13017.000000,13049.000000,11338.000000,49318.000000
13021.000000,13039.000000,11367.000000,49317.000000
13041.000000,13052.000000,11361.000000,49336.000000
13021.000000,13059.000000,11382.000000,49342.000000
13094.000000,13036.000000,11340.000000,49351.000000
13018.000000,13065.000000,11336.000000,49357.000000
13063.000000,13057.000000,11313.000000,49317.000000
13041.000000,13046.000000,11393.000000,49331.000000
13021.000000,13117.000000,11394.000000,49311.000000
13011.000000,13059.000000,11397.000000,49322.000000
12978.000000,13043.000000,11439.000000,49303.000000
13024.000000,13095.000000,11401.000000,49334.000000
13018.000000,13041.000000,11426.000000,49313.000000
13011.000000,13055.000000,11366.000000,49345.000000
13007.000000,13053.000000,11391.000000,49325.000000
13000.000000,13078.000000,11357.000000,49254.000000
12982.000000,13055.000000,11389.000000,49281.000000
12936.000000,13030.000000,11370.000000,49283.000000
12958.000000,13031.000000,11328.000000,49300.000000
12882.000000,13107.000000,11316.000000,49265.000000
12925.000000,13031.000000,11352.000000,49298.000000
12943.000000,13037.000000,11338.000000,49294.000000
12943.000000,13040.000000,11327.000000,49301.000000
12902.000000,13040.000000,11308.000000,49250.000000
12906.000000,13039.000000,11312.000000,49304.000000
12896.000000,13008.000000,11366.000000,49255.000000
12934.000000,13018.000000,11317.000000,49260.000000
12938.000000,12980.000000,11355.000000,49303.000000
12923.000000,13021.000000,11313.000000,49253.000000
12931.000000,13036.000000,11294.000000,49332.000000
12933.000000,13005.000000,11287.000000,49267.000000
12927.000000,13010.000000,11290.000000,49259.000000
12924.000000,13022.000000,11271.000000,49261.000000
12916.000000,12996.000000,11307.000000,49272.000000
12892.000000,13047.000000,11351.000000,49209.000000
12909.000000,13029.000000,11264.000000,49285.000000
12842.000000,12943.000000,11355.000000,49246.000000
12887.000000,12998.000000,11270.000000,49239.000000
12914.000000,12945.000000,11304.000000,49240.000000
12872.000000,13002.000000,11301.000000,49251.000000
12934.000000,12974.000000,11324.000000,49255.000000
12851.000000,13211.000000,11290.000000,49236.000000
12854.000000,12951.000000,11326.000000,49295.000000
12840.000000,12970.000000,11284.000000,49274.000000
12863.000000,12959.000000,11263.000000,49250.000000
12843.000000,12969.000000,11301.000000,49234.000000
12836.000000,12935.000000,11235.000000,49252.000000
12839.000000,12980.000000,11278.000000,49245.000000
12858.000000,12996.000000,11303.000000,49262.000000
12823.000000,12972.000000,11301.000000,49177.000000
12855.000000,12992.000000,11260.000000,49258.000000
12795.000000,12975.000000,11287.000000,49273.000000
12835.000000,12978.000000,11276.000000,49250.000000
12837.000000,13215.000000,11252.000000,49276.000000
12848.000000,12948.000000,11245.000000,49213.000000
12845.000000,13020.000000,11238.000000,49230.000000
12827.000000,12935.000000,11281.000000,49241.000000
12800.000000,12954.000000,11244.000000,49212.000000
12811.000000,12965.000000,11243.000000,49240.000000
12825.000000,12970.000000,11256.000000,49253.000000
12820.000000,12939.000000,11263.000000,49311.000000
12796.000000,12952.000000,11229.000000,49233.000000
12841.000000,12927.000000,11272.000000,49294.000000
12878.000000,12965.000000,11279.000000,49245.000000
12910.000000,12996.000000,11227.000000,49239.000000
12811.000000,12996.000000,11246.000000,49234.000000
12828.000000,12991.000000,11275.000000,49255.000000
12842.000000,12961.000000,11253.000000,49246.000000
12869.000000,12982.000000,11292.000000,49331.000000
12870.000000,12999.000000,11302.000000,49263.000000
12829.000000,13013.000000,11287.000000,49265.000000
12921.000000,12995.000000,11330.000000,49304.000000
12848.000000,13003.000000,11345.000000,49246.000000
12872.000000,13006.000000,11342.000000,49247.000000
12839.000000,12991.000000,11370.000000,49296.000000
12841.000000,12963.000000,11392.000000,49308.000000
12875.000000,13032.000000,11362.000000,49297.000000
12867.000000,12978.000000,11429.000000,49309.000000
12883.000000,13012.000000,11413.000000,49346.000000
12926.000000,12990.000000,11421.000000,49382.000000
13153.000000,13053.000000,11426.000000,49322.000000
12931.000000,13112.000000,11429.000000,49310.000000
12940.000000,13071.000000,11490.000000,49368.000000
12913.000000,13135.000000,11468.000000,49379.000000
12936.000000,13063.000000,11513.000000,49364.000000
12960.000000,13079.000000,11542.000000,49394.000000
13003.000000,13079.000000,11549.000000,49458.000000
13017.000000,13123.000000,11537.000000,49410.000000
13015.000000,13127.000000,11572.000000,49456.000000
13043.000000,13170.000000,11596.000000,49449.000000
13099.000000,13135.000000,11605.000000,49485.000000
13096.000000,13187.000000,11654.000000,49481.000000
13122.000000,13203.000000,11676.000000,49484.000000
13133.000000,13223.000000,11697.000000,49471.000000
13150.000000,13196.000000,11748.000000,49571.000000
13161.000000,13237.000000,11731.000000,49537.000000
13189.000000,13267.000000,11777.000000,49575.000000
13208.000000,13277.000000,11779.000000,49535.000000
13188.000000,13295.000000,11772.000000,49535.000000
13219.000000,13296.000000,11818.000000,49568.000000
13200.000000,13307.000000,11843.000000,49580.000000
13224.000000,13233.000000,11865.000000,49588.000000
13258.000000,13305.000000,11883.000000,49625.000000
13203.000000,13293.000000,11917.000000,49625.000000
13233.000000,13293.000000,11886.000000,49612.000000
13239.000000,13289.000000,11860.000000,49681.000000
13227.000000,13346.000000,11878.000000,49624.000000
13223.000000,13340.000000,11855.000000,49619.000000
13190.000000,13319.000000,11860.000000,49631.000000
13207.000000,13323.000000,11880.000000,49585.000000
13211.000000,13332.000000,11844.000000,49599.000000
13166.000000,13324.000000,11877.000000,49603.000000
13165.000000,13281.000000,11793.000000,49588.000000
13188.000000,13275.000000,11837.000000,49549.000000
13194.000000,13299.000000,11786.000000,49595.000000
13192.000000,13259.000000,11839.000000,49572.000000
13242.000000,13296.000000,11818.000000,49608.000000
13176.000000,13271.000000,11809.000000,49578.000000
13221.000000,13285.000000,11821.000000,49571.000000
13192.000000,13265.000000,11794.000000,49568.000000
13232.000000,13268.000000,11821.000000,49603.000000
13187.000000,13256.000000,11800.000000,49583.000000
13221.000000,13263.000000,11795.000000,49634.000000
13257.000000,13268.000000,11819.000000,49610.000000
13259.000000,13307.000000,11816.000000,49583.000000
13252.000000,13271.000000,11818.000000,49615.000000
13211.000000,13293.000000,11832.000000,49563.000000
13281.000000,13267.000000,11847.000000,49618.000000
13247.000000,13270.000000,11864.000000,49599.000000
13209.000000,13255.000000,11830.000000,49601.000000
13253.000000,13303.000000,11854.000000,49605.000000
13307.000000,13247.000000,11820.000000,49632.000000
13260.000000,13323.000000,11833.000000,49599.000000
13269.000000,13305.000000,11789.000000,49612.000000
13265.000000,13316.000000,11862.000000,49631.000000
13243.000000,13337.000000,11789.000000,49594.000000
13243.000000,13275.000000,11837.000000,49584.000000
13183.000000,13325.000000,11803.000000,49596.000000
13209.000000,13263.000000,11842.000000,49583.000000
13205.000000,13275.000000,11808.000000,49595.000000
13214.000000,13273.000000,11830.000000,49593.000000
13169.000000,13277.000000,11782.000000,49556.000000
13203.000000,13256.000000,11754.000000,49614.000000
13119.000000,13220.000000,11759.000000,49600.000000
13159.000000,13206.000000,11760.000000,49551.000000
13063.000000,13219.000000,11744.000000,49530.000000
13104.000000,13192.000000,11758.000000,49555.000000
13043.000000,13214.000000,11737.000000,49516.000000
13021.000000,13147.000000,11709.000000,49546.000000
12992.000000,13175.000000,11658.000000,49501.000000
13000.000000,13188.000000,11622.000000,49483.000000
12946.000000,13139.000000,11652.000000,49452.000000
12902.000000,13191.000000,11622.000000,49435.000000
12943.000000,13110.000000,11601.000000,49419.000000
12855.000000,13103.000000,11581.000000,49396.000000
12874.000000,13105.000000,11580.000000,49411.000000
12862.000000,13100.000000,11517.000000,49401.000000
12870.000000,13042.000000,11449.000000,49358.000000
12828.000000,13028.000000,11471.000000,49372.000000
12799.000000,13051.000000,11417.000000,49313.000000
12761.000000,13010.000000,11398.000000,49316.000000
12711.000000,13022.000000,11389.000000,49299.000000
12741.000000,12934.000000,11354.000000,49289.000000
12688.000000,12952.000000,11382.000000,49287.000000
12727.000000,12956.000000,11320.000000,49264.000000
12709.000000,12963.000000,11258.000000,49249.000000
12723.000000,12955.000000,11259.000000,49272.000000
12634.000000,12900.000000,11231.000000,49227.000000
12668.000000,12914.000000,11189.000000,49219.000000
12650.000000,12885.000000,11241.000000,49181.000000
12637.000000,12863.000000,11227.000000,49213.000000
12647.000000,12846.000000,11153.000000,49223.000000
12662.000000,12839.000000,11134.000000,49211.000000
12669.000000,12835.000000,11158.000000,49198.000000
12664.000000,12800.000000,11081.000000,49213.000000
12649.000000,12823.000000,11129.000000,49186.000000
12678.000000,12886.000000,11094.000000,49151.000000
12637.000000,12828.000000,11099.000000,49200.000000
12598.000000,12830.000000,11138.000000,49170.000000
12630.000000,12820.000000,11118.000000,49199.000000
12647.000000,12780.000000,11146.000000,49206.000000
12668.000000,12851.000000,11090.000000,49164.000000
12665.000000,12781.000000,11100.000000,49203.000000
12665.000000,12852.000000,11091.000000,49168.000000
12638.000000,12824.000000,11091.000000,49161.000000
12630.000000,12841.000000,11139.000000,49159.000000
12643.000000,12834.000000,11106.000000,49186.000000
12579.000000,12865.000000,11150.000000,49110.000000
12662.000000,12850.000000,11126.000000,49180.000000
12578.000000,12816.000000,11125.000000,49167.000000
12655.000000,12830.000000,11130.000000,49188.000000
12680.000000,12847.000000,11115.000000,49194.000000
12618.000000,12850.000000,11133.000000,49213.000000
12619.000000,12851.000000,11118.000000,49178.000000
12607.000000,12842.000000,11169.000000,49244.000000
12604.000000,12848.000000,11188.000000,49163.000000
12621.000000,12862.000000,11159.000000,49214.000000
12639.000000,12837.000000,11178.000000,49235.000000
12591.000000,12852.000000,11127.000000,49213.000000
12609.000000,12866.000000,11148.000000,49174.000000
12628.000000,12853.000000,11085.000000,49200.000000
12594.000000,12835.000000,11164.000000,49191.000000
12609.000000,12852.000000,11122.000000,49156.000000
12541.000000,12844.000000,11089.000000,49180.000000
12522.000000,12812.000000,11143.000000,49132.000000
12586.000000,12795.000000,11115.000000,49139.000000
12542.000000,12816.000000,11138.000000,49137.000000
12499.000000,12788.000000,11081.000000,49157.000000
12492.000000,12764.000000,11084.000000,49143.000000
12527.000000,12816.000000,11039.000000,49133.000000
12489.000000,12746.000000,11019.000000,49074.000000
12451.000000,12775.000000,11045.000000,49073.000000
12455.000000,12703.000000,11037.000000,49101.000000
12443.000000,12795.000000,11030.000000,49063.000000
12406.000000,12699.000000,11003.000000,49111.000000
12362.000000,12752.000000,10956.000000,49078.000000
12428.000000,12779.000000,10989.000000,49086.000000
12403.000000,12711.000000,10911.000000,49076.000000
12412.000000,12677.000000,10908.000000,49067.000000
12355.000000,12701.000000,10876.000000,49034.000000
12388.000000,12683.000000,10901.000000,49057.000000
12398.000000,12715.000000,10889.000000,48999.000000
12403.000000,12655.000000,10890.000000,49019.000000
12397.000000,12631.000000,10889.000000,49054.000000
12404.000000,12660.000000,10832.000000,49018.000000
12401.000000,12647.000000,10839.000000,49026.000000
12430.000000,12623.000000,10819.000000,49049.000000
12345.000000,12656.000000,10819.000000,49042.000000
12436.000000,12641.000000,10799.000000,48966.000000
12404.000000,12662.000000,10854.000000,49018.000000
12410.000000,12676.000000,10868.000000,48970.000000
12407.000000,12685.000000,10855.000000,49036.000000
12408.000000,12683.000000,10901.000000,48983.000000
12423.000000,12659.000000,10835.000000,49015.000000
12445.000000,12655.000000,10903.000000,49033.000000
12485.000000,12651.000000,10889.000000,49064.000000
12498.000000,12685.000000,10911.000000,49065.000000
12500.000000,12721.000000,10931.000000,49081.000000
12527.000000,12689.000000,10970.000000,49088.000000
12545.000000,12775.000000,10988.000000,49085.000000
12596.000000,12780.000000,10995.000000,49158.000000
12557.000000,12778.000000,11037.000000,49152.000000
12615.000000,12789.000000,11054.000000,49164.000000
12647.000000,12834.000000,11041.000000,49147.000000
12654.000000,12855.000000,11157.000000,49151.000000
12707.000000,12865.000000,11125.000000,49192.000000
12717.000000,12849.000000,11175.000000,49235.000000
12716.000000,12897.000000,11247.000000,49211.000000
12730.000000,12902.000000,11220.000000,49253.000000
12745.000000,12913.000000,11247.000000,49286.000000
12753.000000,12935.000000,11292.000000,49300.000000
12781.000000,12950.000000,11290.000000,49331.000000
12813.000000,12979.000000,11300.000000,49287.000000
12844.000000,13001.000000,11343.000000,49297.000000
12775.000000,12981.000000,11388.000000,49298.000000
12811.000000,13001.000000,11402.000000,49327.000000
12788.000000,13023.000000,11420.000000,49330.000000
12832.000000,13281.000000,11463.000000,49373.000000
12818.000000,12988.000000,11509.000000,49381.000000
12839.000000,13013.000000,11504.000000,49349.000000
12907.000000,13024.000000,11519.000000,49441.000000
12860.000000,13077.000000,11535.000000,49398.000000
12898.000000,13034.000000,11556.000000,49378.000000
12878.000000,13067.000000,11534.000000,49426.000000
12918.000000,13104.000000,11581.000000,49461.000000
12939.000000,13095.000000,11611.000000,49481.000000
13001.000000,13103.000000,11617.000000,49491.000000
12948.000000,13107.000000,11627.000000,49504.000000
12972.000000,13159.000000,11674.000000,49480.000000
12984.000000,13176.000000,11689.000000,49481.000000
13021.000000,13192.000000,11703.000000,49500.000000
13022.000000,13222.000000,11730.000000,49505.000000
13065.000000,13189.000000,11725.000000,49537.000000
13031.000000,13215.000000,11756.000000,49492.000000
13109.000000,13204.000000,11744.000000,49541.000000
13077.000000,13179.000000,11784.000000,49584.000000
13087.000000,13212.000000,11758.000000,49558.000000
13127.000000,13204.000000,11728.000000,49581.000000
13102.000000,13235.000000,11763.000000,49531.000000
13117.000000,13216.000000,11708.000000,49558.000000
13114.000000,13281.000000,11768.000000,49530.000000
13136.000000,13201.000000,11757.000000,49566.000000
13083.000000,13216.000000,11758.000000,49548.000000
13122.000000,13207.000000,11729.000000,49559.000000
13121.000000,13145.000000,11790.000000,49539.000000
13150.000000,13202.000000,11741.000000,49554.000000
13089.000000,13160.000000,11769.000000,49539.000000
13173.000000,13211.000000,11736.000000,49540.000000
13139.000000,13202.000000,11748.000000,49536.000000
13143.000000,13174.000000,11737.000000,49540.000000
13131.000000,13199.000000,11771.000000,49525.000000
13129.000000,13231.000000,11767.000000,49559.000000
13141.000000,13179.000000,11766.000000,49543.000000
13131.000000,13207.000000,11756.000000,49564.000000
13167.000000,13211.000000,11722.000000,49600.000000
13186.000000,13256.000000,11776.000000,49557.000000
13147.000000,13247.000000,11770.000000,49555.000000
13161.000000,13235.000000,11732.000000,49573.000000
13156.000000,13267.000000,11759.000000,49561.000000
13152.000000,13271.000000,11811.000000,49537.000000
13135.000000,13259.000000,11796.000000,49579.000000
13120.000000,13222.000000,11868.000000,49581.000000
13136.000000,13254.000000,11801.000000,49560.000000
13136.000000,13219.000000,11816.000000,49585.000000
13081.000000,13203.000000,11800.000000,49555.000000
13137.000000,13119.000000,11770.000000,49616.000000
13093.000000,13243.000000,11788.000000,49566.000000
13085.000000,13183.000000,11807.000000,49532.000000
13056.000000,13240.000000,11757.000000,49562.000000
13108.000000,13231.000000,11781.000000,49584.000000
12969.000000,13207.000000,11839.000000,49555.000000
13029.000000,13223.000000,11765.000000,49555.000000
12983.000000,13188.000000,11781.000000,49535.000000
13026.000000,13211.000000,11757.000000,49553.000000
13017.000000,13226.000000,11739.000000,49506.000000
13035.000000,13207.000000,11734.000000,49522.000000
12968.000000,13190.000000,11729.000000,49497.000000
13007.000000,13173.000000,11739.000000,49489.000000
12972.000000,13188.000000,11728.000000,49499.000000
12992.000000,13199.000000,11721.000000,49507.000000
13001.000000,13143.000000,11704.000000,49548.000000
12978.000000,13162.000000,11690.000000,49501.000000
13019.000000,13168.000000,11676.000000,49485.000000
12979.000000,13207.000000,11682.000000,49501.000000
13000.000000,13161.000000,11692.000000,49477.000000
12934.000000,13171.000000,11704.000000,49455.000000
12934.000000,13145.000000,11636.000000,49471.000000
12930.000000,13129.000000,11711.000000,49491.000000
12991.000000,13131.000000,11650.000000,49491.000000
12991.000000,13063.000000,11677.000000,49540.000000
12961.000000,13150.000000,11632.000000,49475.000000
13007.000000,13129.000000,11603.000000,49507.000000
12963.000000,13129.000000,11623.000000,49469.000000
12957.000000,13099.000000,11622.000000,49501.000000
12937.000000,13141.000000,11639.000000,49472.000000
12941.000000,13123.000000,11607.000000,49468.000000
12922.000000,13109.000000,11622.000000,49506.000000
12930.000000,13144.000000,11588.000000,49487.000000
12966.000000,13119.000000,11608.000000,49439.000000
12948.000000,13124.000000,11572.000000,49449.000000
12943.000000,13097.000000,11628.000000,49433.000000
12938.000000,13101.000000,11592.000000,49460.000000
12923.000000,13107.000000,11608.000000,49445.000000
12921.000000,13085.000000,11579.000000,49444.000000
12912.000000,13115.000000,11593.000000,49468.000000
12940.000000,13111.000000,11567.000000,49436.000000
12929.000000,13064.000000,11550.000000,49467.000000
12941.000000,13092.000000,11586.000000,49423.000000
12919.000000,13095.000000,11539.000000,49414.000000
12898.000000,13096.000000,11589.000000,49424.000000
12887.000000,13089.000000,11585.000000,49362.000000
12866.000000,13089.000000,11584.000000,49437.000000
12885.000000,13090.000000,11550.000000,49436.000000
12855.000000,13033.000000,11522.000000,49428.000000
12896.000000,13065.000000,11545.000000,49429.000000
12900.000000,12986.000000,11534.000000,49497.000000
12856.000000,13073.000000,11530.000000,49434.000000
12901.000000,13060.000000,11488.000000,49453.000000
12872.000000,13079.000000,11520.000000,49401.000000
12861.000000,13065.000000,11530.000000,49421.000000
12892.000000,13050.000000,11493.000000,49429.000000
12860.000000,13052.000000,11483.000000,49422.000000
12847.000000,13038.000000,11479.000000,49399.000000
12843.000000,13046.000000,11469.000000,49406.000000
12836.000000,13027.000000,11458.000000,49385.000000
12774.000000,13016.000000,11452.000000,49355.000000
12813.000000,13011.000000,11444.000000,49393.000000
12770.000000,13030.000000,11502.000000,49370.000000
12777.000000,12986.000000,11442.000000,49376.000000
12798.000000,13022.000000,11442.000000,49351.000000
12827.000000,12968.000000,11439.000000,49410.000000
12764.000000,12997.000000,11426.000000,49354.000000
12746.000000,13011.000000,11410.000000,49322.000000
12768.000000,13000.000000,11454.000000,49344.000000
12730.000000,13043.000000,11445.000000,49295.000000
12774.000000,12981.000000,11427.000000,49337.000000
12738.000000,12951.000000,11445.000000,49357.000000
12757.000000,12976.000000,11392.000000,49335.000000
12779.000000,12981.000000,11390.000000,49363.000000
12759.000000,12945.000000,11380.000000,49329.000000
12740.000000,12952.000000,11387.000000,49344.000000
12773.000000,13037.000000,11395.000000,49298.000000
12749.000000,12955.000000,11426.000000,49335.000000
12715.000000,13008.000000,11456.000000,49287.000000
12775.000000,12946.000000,11406.000000,49354.000000
12753.000000,12981.000000,11435.000000,49352.000000
12748.000000,12991.000000,11361.000000,49346.000000
12772.000000,12976.000000,11415.000000,49306.000000
12767.000000,12986.000000,11424.000000,49335.000000
12747.000000,13002.000000,11452.000000,49332.000000
12776.000000,13001.000000,11437.000000,49357.000000
12766.000000,12959.000000,11409.000000,49355.000000
12738.000000,13004.000000,11451.000000,49320.000000
12773.000000,12993.000000,11399.000000,49376.000000
12783.000000,13003.000000,11408.000000,49359.000000
12770.000000,13006.000000,11436.000000,49361.000000
12781.000000,13022.000000,11417.000000,49346.000000
12801.000000,12999.000000,11437.000000,49346.000000
12775.000000,13037.000000,11463.000000,49311.000000
12800.000000,13002.000000,11479.000000,49366.000000
12812.000000,13001.000000,11507.000000,49370.000000
12800.000000,13006.000000,11450.000000,49392.000000
12844.000000,12991.000000,11474.000000,49439.000000
12828.000000,13007.000000,11489.000000,49383.000000
12788.000000,13075.000000,11529.000000,49428.000000
12824.000000,13095.000000,11565.000000,49419.000000
12866.000000,13081.000000,11604.000000,49471.000000
12839.000000,13071.000000,11633.000000,49469.000000
12869.000000,13106.000000,11565.000000,49447.000000
12905.000000,13081.000000,11660.000000,49454.000000
12906.000000,13133.000000,11652.000000,49504.000000
12924.000000,13131.000000,11641.000000,49478.000000
12970.000000,13156.000000,11681.000000,49513.000000
12930.000000,13151.000000,11727.000000,49482.000000
12985.000000,13124.000000,11718.000000,49519.000000
12995.000000,13196.000000,11779.000000,49543.000000
13018.000000,13167.000000,11775.000000,49562.000000
13058.000000,13172.000000,11792.000000,49577.000000
13085.000000,13237.000000,11814.000000,49582.000000
13111.000000,13255.000000,11846.000000,49567.000000
13126.000000,13288.000000,11896.000000,49609.000000
13170.000000,13315.000000,11923.000000,49650.000000
13173.000000,13326.000000,11939.000000,49652.000000
13266.000000,13323.000000,12007.000000,49713.000000
13234.000000,13315.000000,12074.000000,49688.000000
13269.000000,13390.000000,12050.000000,49704.000000
13341.000000,13341.000000,12074.000000,49786.000000
13340.000000,13382.000000,12109.000000,49762.000000
13386.000000,13444.000000,12138.000000,49809.000000
13324.000000,13445.000000,12180.000000,49808.000000
13413.000000,13450.000000,12202.000000,49841.000000
13373.000000,13487.000000,12293.000000,49845.000000
13438.000000,13504.000000,12260.000000,49878.000000
13437.000000,13475.000000,12299.000000,49885.000000
13443.000000,13508.000000,12288.000000,49859.000000
13463.000000,13491.000000,12369.000000,49879.000000
13471.000000,13556.000000,12329.000000,49909.000000
13477.000000,13562.000000,12347.000000,49916.000000
13464.000000,13525.000000,12360.000000,49884.000000
13472.000000,13573.000000,12419.000000,49883.000000
13487.000000,13564.000000,12360.000000,49898.000000
13480.000000,13550.000000,12382.000000,49919.000000
13451.000000,13562.000000,12361.000000,49909.000000
13469.000000,13555.000000,12328.000000,49911.000000
13424.000000,13571.000000,12345.000000,49917.000000
13370.000000,13571.000000,12334.000000,49845.000000
13398.000000,13495.000000,12353.000000,49875.000000
13393.000000,13553.000000,12346.000000,49891.000000
13371.000000,13559.000000,12335.000000,49845.000000
13399.000000,13526.000000,12283.000000,49861.000000
13371.000000,13466.000000,12316.000000,49908.000000
13390.000000,13477.000000,12254.000000,49832.000000
13390.000000,13459.000000,12235.000000,49895.000000
13343.000000,13493.000000,12242.000000,49834.000000
13387.000000,13502.000000,12221.000000,49875.000000
13338.000000,13482.000000,12211.000000,49820.000000
13317.000000,13460.000000,12218.000000,49799.000000
13368.000000,13450.000000,12203.000000,49837.000000
13340.000000,13427.000000,12189.000000,49823.000000
13349.000000,13447.000000,12196.000000,49807.000000
13332.000000,13467.000000,12159.000000,49803.000000
13322.000000,13415.000000,12192.000000,49796.000000
13311.000000,13449.000000,12180.000000,49787.000000
13298.000000,13427.000000,12145.000000,49750.000000
13305.000000,13435.000000,12152.000000,49782.000000
13291.000000,13465.000000,12172.000000,49725.000000
13290.000000,13418.000000,12128.000000,49792.000000
13315.000000,13445.000000,12130.000000,49781.000000
13356.000000,13385.000000,12136.000000,49761.000000
13311.000000,13396.000000,12107.000000,49797.000000
13295.000000,13378.000000,12078.000000,49756.000000
13345.000000,13401.000000,12066.000000,49779.000000
13291.000000,13394.000000,12089.000000,49769.000000
13301.000000,13402.000000,12047.000000,49732.000000
13266.000000,13432.000000,12074.000000,49726.000000
13312.000000,13380.000000,12057.000000,49734.000000
13271.000000,13373.000000,12137.000000,49749.000000
13297.000000,13375.000000,12054.000000,49719.000000
13258.000000,13337.000000,12115.000000,49743.000000
13287.000000,13357.000000,12063.000000,49742.000000
13284.000000,13297.000000,12051.000000,49738.000000
13299.000000,13373.000000,12044.000000,49713.000000
13284.000000,13355.000000,12030.000000,49699.000000
13271.000000,13384.000000,12056.000000,49724.000000
13232.000000,13358.000000,12041.000000,49659.000000
13275.000000,13370.000000,12036.000000,49733.000000
13219.000000,13339.000000,12019.000000,49705.000000
13165.000000,13311.000000,12023.000000,49703.000000
13201.000000,13357.000000,11940.000000,49685.000000
13196.000000,13303.000000,11978.000000,49675.000000
13168.000000,13335.000000,11953.000000,49660.000000
13141.000000,13366.000000,11938.000000,49659.000000
13139.000000,13314.000000,11970.000000,49663.000000
13082.000000,13307.000000,11964.000000,49612.000000
13147.000000,13297.000000,11940.000000,49674.000000
13048.000000,13269.000000,11981.000000,49671.000000
13049.000000,13284.000000,11878.000000,49653.000000
13085.000000,13247.000000,11894.000000,49655.000000
13079.000000,13243.000000,11914.000000,49611.000000
13089.000000,13247.000000,11866.000000,49642.000000
13056.000000,13271.000000,11863.000000,49607.000000
13039.000000,13243.000000,11842.000000,49606.000000
13010.000000,13225.000000,11886.000000,49586.000000
13032.000000,13243.000000,11831.000000,49623.000000
12983.000000,13209.000000,11869.000000,49589.000000
13046.000000,13232.000000,11854.000000,49600.000000
13016.000000,13202.000000,11814.000000,49566.000000
13024.000000,13216.000000,11811.000000,49565.000000
13001.000000,13195.000000,11808.000000,49552.000000
13034.000000,13209.000000,11821.000000,49573.000000
12978.000000,13235.000000,11838.000000,49547.000000
13037.000000,13209.000000,11782.000000,49545.000000
13003.000000,13174.000000,11758.000000,49573.000000
13014.000000,13161.000000,11740.000000,49522.000000
13026.000000,13155.000000,11758.000000,49583.000000
12990.000000,13174.000000,11714.000000,49547.000000
12975.000000,13178.000000,11740.000000,49553.000000
12978.000000,13201.000000,11746.000000,49532.000000
12966.000000,13192.000000,11745.000000,49520.000000
12980.000000,13196.000000,11710.000000,49520.000000
12972.000000,13157.000000,11707.000000,49522.000000
12964.000000,13169.000000,11733.000000,49518.000000
12984.000000,13160.000000,11720.000000,49522.000000
12938.000000,13138.000000,11763.000000,49510.000000
13006.000000,13181.000000,11688.000000,49535.000000
12983.000000,13090.000000,11690.000000,49494.000000
12982.000000,13149.000000,11702.000000,49499.000000
12984.000000,13124.000000,11670.000000,49491.000000
12938.000000,13172.000000,11702.000000,49521.000000
12994.000000,13131.000000,11732.000000,49522.000000
12945.000000,13131.000000,11683.000000,49496.000000
13002.000000,13153.000000,11691.000000,49532.000000
12936.000000,13151.000000,11685.000000,49495.000000
13000.000000,13130.000000,11689.000000,49514.000000
12960.000000,13124.000000,11648.000000,49525.000000
12995.000000,13131.000000,11671.000000,49499.000000
12959.000000,13193.000000,11648.000000,49487.000000
12973.000000,13132.000000,11666.000000,49528.000000
12938.000000,13130.000000,11700.000000,49525.000000
12971.000000,13152.000000,11673.000000,49535.000000
12938.000000,13087.000000,11701.000000,49519.000000
12958.000000,13157.000000,11659.000000,49509.000000
12991.000000,13109.000000,11648.000000,49573.000000
12948.000000,13141.000000,11669.000000,49501.000000
12969.000000,13144.000000,11659.000000,49528.000000
12987.000000,13131.000000,11641.000000,49500.000000
12969.000000,13151.000000,11705.000000,49505.000000
12935.000000,13135.000000,11701.000000,49436.000000
12968.000000,13120.000000,11674.000000,49533.000000
12886.000000,13113.000000,11745.000000,49454.000000
12958.000000,13119.000000,11699.000000,49511.000000
12952.000000,13123.000000,11723.000000,49503.000000
12931.000000,13149.000000,11668.000000,49510.000000
12910.000000,13096.000000,11681.000000,49495.000000
12886.000000,13120.000000,11692.000000,49519.000000
12912.000000,13111.000000,11688.000000,49460.000000
12904.000000,13105.000000,11704.000000,49497.000000
12871.000000,13098.000000,11688.000000,49508.000000
12859.000000,13131.000000,11676.000000,49446.000000
12858.000000,13104.000000,11659.000000,49499.000000
12859.000000,13093.000000,11630.000000,49535.000000
12852.000000,13093.000000,11645.000000,49480.000000
12857.000000,13153.000000,11597.000000,49446.000000
12837.000000,13083.000000,11630.000000,49474.000000
12826.000000,13115.000000,11627.000000,49500.000000
12844.000000,13073.000000,11644.000000,49495.000000
12847.000000,13095.000000,11687.000000,49492.000000
12834.000000,13096.000000,11644.000000,49502.000000
12842.000000,13074.000000,11663.000000,49512.000000
12849.000000,13088.000000,11653.000000,49497.000000
12853.000000,13053.000000,11668.000000,49495.000000
12847.000000,13109.000000,11616.000000,49480.000000
12855.000000,13103.000000,11680.000000,49503.000000
12836.000000,13171.000000,11704.000000,49482.000000
12843.000000,13111.000000,11714.000000,49526.000000
12774.000000,13111.000000,11695.000000,49464.000000
12865.000000,13072.000000,11697.000000,49492.000000
12829.000000,13105.000000,11735.000000,49495.000000
12897.000000,13145.000000,11709.000000,49514.000000
12867.000000,13105.000000,11714.000000,49516.000000
12900.000000,13168.000000,11725.000000,49529.000000
12928.000000,13152.000000,11777.000000,49500.000000
12937.000000,13162.000000,11746.000000,49567.000000
12937.000000,13147.000000,11792.000000,49587.000000
12908.000000,13186.000000,11846.000000,49532.000000
12995.000000,13207.000000,11801.000000,49645.000000
12967.000000,13196.000000,11768.000000,49597.000000
13015.000000,13201.000000,11830.000000,49607.000000
12989.000000,13266.000000,11851.000000,49590.000000
13018.000000,13223.000000,11878.000000,49629.000000
12997.000000,13277.000000,11901.000000,49611.000000
13049.000000,13230.000000,11927.000000,49628.000000
13072.000000,13231.000000,11925.000000,49720.000000
13079.000000,13283.000000,11940.000000,49671.000000
13122.000000,13239.000000,11875.000000,49702.000000
13136.000000,13308.000000,12013.000000,49685.000000
13119.000000,13346.000000,11976.000000,49705.000000
13126.000000,13333.000000,12023.000000,49755.000000
13132.000000,13291.000000,12050.000000,49706.000000
13211.000000,13315.000000,12045.000000,49796.000000
13207.000000,13378.000000,12046.000000,49732.000000
13219.000000,13365.000000,12084.000000,49767.000000
13205.000000,13389.000000,12137.000000,49788.000000
13277.000000,13366.000000,12042.000000,49826.000000
13222.000000,13410.000000,12145.000000,49766.000000
13247.000000,13418.000000,12195.000000,49802.000000
13248.000000,13391.000000,12151.000000,49819.000000
13249.000000,13405.000000,12151.000000,49859.000000
13235.000000,13428.000000,12182.000000,49782.000000
13251.000000,13447.000000,12127.000000,49810.000000
13230.000000,13415.000000,12198.000000,49787.000000
13226.000000,13443.000000,12165.000000,49790.000000
13238.000000,13418.000000,12191.000000,49820.000000
13213.000000,13368.000000,12141.000000,49777.000000
13242.000000,13389.000000,12151.000000,49826.000000
13196.000000,13397.000000,12130.000000,49756.000000
13207.000000,13339.000000,12153.000000,49815.000000
13181.000000,13370.000000,12116.000000,49765.000000
13242.000000,13365.000000,12051.000000,49772.000000
13204.000000,13324.000000,12097.000000,49749.000000
13183.000000,13411.000000,12038.000000,49711.000000
13207.000000,13353.000000,12066.000000,49728.000000
13152.000000,13374.000000,12072.000000,49711.000000
13214.000000,13279.000000,12048.000000,49727.000000
13174.000000,13312.000000,12076.000000,49713.000000
13190.000000,13360.000000,12025.000000,49737.000000
13214.000000,13345.000000,12034.000000,49712.000000
13182.000000,13356.000000,12032.000000,49745.000000
13192.000000,13321.000000,12028.000000,49724.000000
13143.000000,13384.000000,12008.000000,49677.000000
13186.000000,13325.000000,12015.000000,49741.000000
13130.000000,13333.000000,12050.000000,49700.000000
13178.000000,13311.000000,12007.000000,49722.000000
13130.000000,13322.000000,11954.000000,49681.000000
13123.000000,13311.000000,11995.000000,49708.000000
13131.000000,13347.000000,11982.000000,49686.000000
13169.000000,13311.000000,11964.000000,49704.000000
13099.000000,13294.000000,11984.000000,49674.000000
13109.000000,13296.000000,11957.000000,49668.000000
13165.000000,13274.000000,11945.000000,49724.000000
13117.000000,13274.000000,11963.000000,49666.000000
13143.000000,13300.000000,11926.000000,49671.000000
13105.000000,13281.000000,11899.000000,49681.000000
13158.000000,13287.000000,11933.000000,49701.000000
13105.000000,13288.000000,11960.000000,49647.000000
13136.000000,13249.000000,11887.000000,49631.000000
13085.000000,13252.000000,11936.000000,49685.000000
13121.000000,13260.000000,11877.000000,49676.000000
13128.000000,13219.000000,11949.000000,49696.000000
13094.000000,13267.000000,11901.000000,49666.000000
13155.000000,13275.000000,11836.000000,49679.000000
13146.000000,13299.000000,11907.000000,49659.000000
13123.000000,13263.000000,11882.000000,49674.000000
13096.000000,13228.000000,11884.000000,49635.000000
13127.000000,13236.000000,11850.000000,49649.000000
13118.000000,13207.000000,11878.000000,49653.000000
13117.000000,13210.000000,11870.000000,49612.000000
13147.000000,13225.000000,11863.000000,49670.000000
13120.000000,13215.000000,11860.000000,49623.000000
13129.000000,13241.000000,11864.000000,49654.000000
13100.000000,13221.000000,11859.000000,49647.000000
13093.000000,13191.000000,11876.000000,49607.000000
13104.000000,13215.000000,11887.000000,49666.000000
13131.000000,13199.000000,11880.000000,49650.000000
13085.000000,13232.000000,11856.000000,49636.000000
13089.000000,13217.000000,11819.000000,49631.000000
13101.000000,13196.000000,11821.000000,49620.000000
13068.000000,13242.000000,11842.000000,49573.000000
13058.000000,13212.000000,11861.000000,49622.000000
13063.000000,13185.000000,11843.000000,49622.000000
13076.000000,13191.000000,11825.000000,49663.000000
13054.000000,13199.000000,11846.000000,49613.000000
13077.000000,13165.000000,11804.000000,49648.000000
13031.000000,13193.000000,11811.000000,49612.000000
13064.000000,13212.000000,11752.000000,49611.000000
13049.000000,13194.000000,11816.000000,49604.000000
13005.000000,13255.000000,11831.000000,49584.000000
13059.000000,13196.000000,11817.000000,49578.000000
13028.000000,13205.000000,11856.000000,49607.000000
13049.000000,13223.000000,11833.000000,49590.000000
13028.000000,13184.000000,11817.000000,49599.000000
13071.000000,13211.000000,11797.000000,49578.000000
13065.000000,13190.000000,11825.000000,49567.000000
13071.000000,13241.000000,11814.000000,49610.000000
13061.000000,13207.000000,11812.000000,49632.000000
13064.000000,13247.000000,11836.000000,49620.000000
13077.000000,13203.000000,11845.000000,49626.000000
13099.000000,13201.000000,11801.000000,49629.000000
13102.000000,13213.000000,11838.000000,49618.000000
13112.000000,13260.000000,11776.000000,49643.000000
13085.000000,13196.000000,11855.000000,49631.000000
13107.000000,13255.000000,11848.000000,49647.000000
13131.000000,13221.000000,11869.000000,49666.000000
13095.000000,13248.000000,11889.000000,49651.000000
13112.000000,13244.000000,11859.000000,49658.000000
13091.000000,13205.000000,11893.000000,49664.000000
13165.000000,13251.000000,11856.000000,49666.000000
13129.000000,13263.000000,11886.000000,49646.000000
13149.000000,13216.000000,11866.000000,49684.000000
13124.000000,13272.000000,11894.000000,49648.000000
13150.000000,13236.000000,11844.000000,49651.000000
13113.000000,13246.000000,11865.000000,49653.000000
13057.000000,13277.000000,11858.000000,49603.000000
13091.000000,13227.000000,11886.000000,49664.000000
13073.000000,13291.000000,11880.000000,49653.000000
13067.000000,13231.000000,11881.000000,49646.000000
13007.000000,13219.000000,11859.000000,49666.000000
13045.000000,13204.000000,11860.000000,49617.000000
12976.000000,13237.000000,11821.000000,49601.000000
12986.000000,13217.000000,11851.000000,49617.000000
12967.000000,13204.000000,11861.000000,49604.000000
12989.000000,13196.000000,11813.000000,49632.000000
12931.000000,13173.000000,11830.000000,49632.000000
12934.000000,13151.000000,11787.000000,49619.000000
12914.000000,13154.000000,11821.000000,49583.000000
12960.000000,13141.000000,11797.000000,49645.000000
12918.000000,13147.000000,11777.000000,49562.000000
12911.000000,13143.000000,11759.000000,49584.000000
12908.000000,13129.000000,11765.000000,49559.000000
12870.000000,13127.000000,11743.000000,49523.000000
12884.000000,13145.000000,11762.000000,49585.000000
12820.000000,13106.000000,11788.000000,49520.000000
12865.000000,13143.000000,11733.000000,49549.000000
12862.000000,13091.000000,11775.000000,49547.000000
12836.000000,13111.000000,11731.000000,49570.000000
12873.000000,13127.000000,11698.000000,49546.000000
12891.000000,13123.000000,11677.000000,49551.000000
12858.000000,13085.000000,11730.000000,49576.000000
12912.000000,13131.000000,11653.000000,49537.000000
12863.000000,13097.000000,11721.000000,49556.000000
12885.000000,13098.000000,11671.000000,49552.000000
12870.000000,13107.000000,11685.000000,49521.000000
12864.000000,13095.000000,11687.000000,49546.000000
12887.000000,13122.000000,11707.000000,49527.000000
12942.000000,13096.000000,11705.000000,49591.000000
12873.000000,13103.000000,11714.000000,49535.000000
12834.000000,13131.000000,11666.000000,49516.000000
12911.000000,13125.000000,11667.000000,49535.000000
12865.000000,13114.000000,11724.000000,49550.000000
12866.000000,13083.000000,11730.000000,49550.000000
12906.000000,13116.000000,11695.000000,49547.000000
12933.000000,13108.000000,11731.000000,49614.000000
12902.000000,13101.000000,11727.000000,49543.000000
12935.000000,13107.000000,11705.000000,49569.000000
12914.000000,13113.000000,11769.000000,49560.000000
12958.000000,13177.000000,11707.000000,49562.000000
12925.000000,13167.000000,11747.000000,49600.000000
12894.000000,13171.000000,11829.000000,49567.000000
12911.000000,13211.000000,11787.000000,49588.000000
12931.000000,13141.000000,11827.000000,49577.000000
12957.000000,13161.000000,11798.000000,49591.000000
12975.000000,13159.000000,11849.000000,49614.000000
13011.000000,13211.000000,11836.000000,49604.000000
12971.000000,13184.000000,11883.000000,49602.000000
12980.000000,13255.000000,11873.000000,49633.000000
13035.000000,13229.000000,11895.000000,49675.000000
12990.000000,13261.000000,11890.000000,49663.000000
13044.000000,13241.000000,11905.000000,49698.000000
13026.000000,13241.000000,11931.000000,49694.000000
13087.000000,13226.000000,11919.000000,49724.000000
13126.000000,13313.000000,11894.000000,49711.000000
13143.000000,13294.000000,11976.000000,49698.000000
13113.000000,13317.000000,12031.000000,49709.000000
13151.000000,13309.000000,12049.000000,49753.000000
13177.000000,13298.000000,12087.000000,49787.000000
13219.000000,13363.000000,12048.000000,49796.000000
13249.000000,13338.000000,12067.000000,49821.000000
13319.000000,13402.000000,12099.000000,49820.000000
13276.000000,13360.000000,12142.000000,49812.000000
13318.000000,13399.000000,12153.000000,49830.000000
13316.000000,13412.000000,12182.000000,49838.000000
13293.000000,13473.000000,12194.000000,49788.000000
13337.000000,13437.000000,12228.000000,49862.000000
13243.000000,13421.000000,12297.000000,49874.000000
13371.000000,13459.000000,12261.000000,49874.000000
13377.000000,13443.000000,12288.000000,49889.000000
13407.000000,13444.000000,12308.000000,49907.000000
13424.000000,13468.000000,12326.000000,49904.000000
13401.000000,13518.000000,12345.000000,49914.000000
13437.000000,13467.000000,12324.000000,49890.000000
13393.000000,13493.000000,12351.000000,49913.000000
13401.000000,13512.000000,12251.000000,49905.000000
13383.000000,13532.000000,12318.000000,49904.000000
13418.000000,13470.000000,12285.000000,49917.000000
13402.000000,13488.000000,12295.000000,49904.000000
13406.000000,13480.000000,12300.000000,49906.000000
13385.000000,13466.000000,12268.000000,49879.000000
13394.000000,13429.000000,12261.000000,49893.000000
13377.000000,13459.000000,12310.000000,49873.000000
13393.000000,13481.000000,12269.000000,49866.000000
13378.000000,13437.000000,12293.000000,49899.000000
13377.000000,13480.000000,12254.000000,49893.000000
13369.000000,13491.000000,12196.000000,49864.000000
13376.000000,13451.000000,12269.000000,49896.000000
13343.000000,13452.000000,12254.000000,49866.000000
13323.000000,13453.000000,12267.000000,49870.000000
13353.000000,13438.000000,12217.000000,49869.000000
13323.000000,13399.000000,12259.000000,49911.000000
13281.000000,13427.000000,12191.000000,49856.000000
13340.000000,13403.000000,12182.000000,49934.000000
13344.000000,13425.000000,12210.000000,49858.000000
13349.000000,13451.000000,12144.000000,49870.000000
13320.000000,13399.000000,12180.000000,49841.000000
13299.000000,13418.000000,12157.000000,49817.000000
13330.000000,13413.000000,12210.000000,49841.000000
13319.000000,13385.000000,12158.000000,49871.000000
13284.000000,13378.000000,12156.000000,49828.000000
13282.000000,13444.000000,12121.000000,49813.000000
13328.000000,13385.000000,12121.000000,49835.000000
13283.000000,13360.000000,12141.000000,49812.000000
13258.000000,13335.000000,12173.000000,49809.000000
13289.000000,13355.000000,12132.000000,49789.000000
13244.000000,13364.000000,12144.000000,49831.000000
13251.000000,13363.000000,12101.000000,49806.000000
13231.000000,13304.000000,12111.000000,49854.000000
13236.000000,13382.000000,12080.000000,49787.000000
13264.000000,13353.000000,12059.000000,49787.000000
13211.000000,13357.000000,12096.000000,49791.000000
13223.000000,13359.000000,12106.000000,49722.000000
13202.000000,13358.000000,12085.000000,49780.000000
13184.000000,13295.000000,12095.000000,49756.000000
13214.000000,13313.000000,12059.000000,49774.000000
13204.000000,13356.000000,12052.000000,49782.000000
13243.000000,13350.000000,12013.000000,49751.000000
13205.000000,13292.000000,12018.000000,49720.000000
13184.000000,13372.000000,12011.000000,49743.000000
13167.000000,13318.000000,11997.000000,49751.000000
13140.000000,13359.000000,11991.000000,49703.000000
13187.000000,13327.000000,12010.000000,49769.000000
13086.000000,13276.000000,12006.000000,49739.000000
13166.000000,13276.000000,12009.000000,49733.000000
13125.000000,13305.000000,11934.000000,49709.000000
13151.000000,13263.000000,11963.000000,49687.000000
13123.000000,13280.000000,11953.000000,49682.000000
13137.000000,13318.000000,11948.000000,49696.000000
13130.000000,13259.000000,11963.000000,49690.000000
13123.000000,13271.000000,11968.000000,49721.000000
13112.000000,13241.000000,11934.000000,49706.000000
13164.000000,13256.000000,11908.000000,49724.000000
13132.000000,13261.000000,11914.000000,49696.000000
13131.000000,13212.000000,11893.000000,49701.000000
13143.000000,13241.000000,11916.000000,49709.000000
13146.000000,13248.000000,11874.000000,49665.000000
13078.000000,13249.000000,11921.000000,49697.000000
13064.000000,13247.000000,11939.000000,49649.000000
13112.000000,13236.000000,11912.000000,49699.000000
13078.000000,13232.000000,11934.000000,49715.000000
13080.000000,13211.000000,11890.000000,49664.000000
13117.000000,13185.000000,11897.000000,49708.000000
13135.000000,13230.000000,11879.000000,49638.000000
13099.000000,13201.000000,11909.000000,49650.000000
13105.000000,13251.000000,11860.000000,49657.000000
13087.000000,13196.000000,11883.000000,49665.000000
13069.000000,13292.000000,11895.000000,49642.000000
13072.000000,13209.000000,11861.000000,49664.000000
13264.000000,13219.000000,11870.000000,49633.000000
13057.000000,13211.000000,11888.000000,49659.000000
13050.000000,13225.000000,11825.000000,49665.000000
13022.000000,13205.000000,11855.000000,49669.000000
13000.000000,13197.000000,11842.000000,49626.000000
13020.000000,13199.000000,11871.000000,49640.000000
12993.000000,13237.000000,11859.000000,49650.000000
12973.000000,13196.000000,11863.000000,49675.000000
12996.000000,13159.000000,11821.000000,49647.000000
12988.000000,13193.000000,11793.000000,49634.000000
12979.000000,13160.000000,11821.000000,49601.000000
12962.000000,13172.000000,11785.000000,49644.000000
12973.000000,13138.000000,11794.000000,49586.000000
12962.000000,13199.000000,11769.000000,49572.000000
12952.000000,13162.000000,11758.000000,49587.000000
12916.000000,13151.000000,11842.000000,49595.000000
12980.000000,13160.000000,11797.000000,49588.000000
12935.000000,13113.000000,11778.000000,49601.000000
12967.000000,13136.000000,11732.000000,49595.000000
12963.000000,13105.000000,11719.000000,49633.000000
12927.000000,13097.000000,11763.000000,49580.000000
12923.000000,13115.000000,11740.000000,49595.000000
12909.000000,13140.000000,11772.000000,49590.000000
12924.000000,13105.000000,11726.000000,49601.000000
12893.000000,13069.000000,11778.000000,49590.000000
12932.000000,13104.000000,11725.000000,49574.000000
12908.000000,13052.000000,11752.000000,49548.000000
12935.000000,13126.000000,11730.000000,49576.000000
12923.000000,13070.000000,11738.000000,49536.000000
12906.000000,13099.000000,11703.000000,49574.000000
12916.000000,13097.000000,11756.000000,49546.000000
12923.000000,13107.000000,11726.000000,49571.000000
12859.000000,13060.000000,11729.000000,49546.000000
12890.000000,13096.000000,11675.000000,49564.000000
12926.000000,13079.000000,11664.000000,49583.000000
12917.000000,13092.000000,11721.000000,49561.000000
12891.000000,13115.000000,11673.000000,49563.000000
12903.000000,13135.000000,11685.000000,49527.000000
12924.000000,13087.000000,11707.000000,49560.000000
12876.000000,13097.000000,11712.000000,49522.000000
12899.000000,13101.000000,11717.000000,49550.000000
12877.000000,13073.000000,11731.000000,49566.000000
12910.000000,13071.000000,11668.000000,49551.000000
12955.000000,13060.000000,11659.000000,49617.000000
12922.000000,13088.000000,11677.000000,49546.000000
12955.000000,13112.000000,11665.000000,49597.000000
12913.000000,13096.000000,11697.000000,49556.000000
12948.000000,13129.000000,11709.000000,49557.000000
12932.000000,13119.000000,11736.000000,49573.000000
12910.000000,13093.000000,11730.000000,49581.000000
12948.000000,13076.000000,11679.000000,49611.000000
12970.000000,13098.000000,11762.000000,49585.000000
12983.000000,13131.000000,11716.000000,49621.000000
12969.000000,13128.000000,11762.000000,49571.000000
13026.000000,13144.000000,11737.000000,49655.000000
12965.000000,13169.000000,11783.000000,49612.000000
13001.000000,13128.000000,11825.000000,49666.000000
12995.000000,13183.000000,11815.000000,49667.000000
13036.000000,13147.000000,11812.000000,49681.000000
13038.000000,13189.000000,11852.000000,49661.000000
13039.000000,13219.000000,11863.000000,49644.000000
13094.000000,13255.000000,11908.000000,49670.000000
13056.000000,13211.000000,11925.000000,49689.000000
13080.000000,13213.000000,11952.000000,49696.000000
13100.000000,13227.000000,11963.000000,49765.000000
13147.000000,13256.000000,11938.000000,49723.000000
13148.000000,13270.000000,12010.000000,49742.000000
13169.000000,13290.000000,12022.000000,49740.000000
13171.000000,13308.000000,12027.000000,49743.000000
13180.000000,13349.000000,12023.000000,49724.000000
13186.000000,13318.000000,12069.000000,49786.000000
13136.000000,13328.000000,12142.000000,49729.000000
13210.000000,13323.000000,12109.000000,49835.000000
13181.000000,13343.000000,12131.000000,49822.000000
13228.000000,13368.000000,12167.000000,49805.000000
13247.000000,13400.000000,12192.000000,49822.000000
13254.000000,13430.000000,12191.000000,49855.000000
13249.000000,13364.000000,12233.000000,49826.000000
13244.000000,13441.000000,12254.000000,49877.000000
13296.000000,13396.000000,12278.000000,49900.000000
13269.000000,13451.000000,12254.000000,49885.000000
13301.000000,13462.000000,12291.000000,49924.000000
13312.000000,13442.000000,12278.000000,49925.000000
13314.000000,13483.000000,12329.000000,49936.000000
13393.000000,13502.000000,12295.000000,49946.000000
13330.000000,13504.000000,12337.000000,49933.000000
13336.000000,13497.000000,12377.000000,49952.000000
13372.000000,13457.000000,12368.000000,49954.000000
13367.000000,13533.000000,12427.000000,49960.000000
13394.000000,13484.000000,12393.000000,49963.000000
13433.000000,13462.000000,12420.000000,50004.000000
13426.000000,13540.000000,12453.000000,49970.000000
13399.000000,13555.000000,12433.000000,50031.000000
13432.000000,13551.000000,12450.000000,49992.000000
13443.000000,13566.000000,12463.000000,50012.000000
13411.000000,13581.000000,12508.000000,49954.000000
13457.000000,13569.000000,12441.000000,50019.000000
13413.000000,13539.000000,12509.000000,49990.000000
13442.000000,13548.000000,12448.000000,49996.000000
13485.000000,13531.000000,12464.000000,49997.000000
13411.000000,13556.000000,12436.000000,49978.000000
13492.000000,13519.000000,12423.000000,49957.000000
13451.000000,13558.000000,12384.000000,49992.000000
13401.000000,13493.000000,12436.000000,50007.000000
13442.000000,13511.000000,12389.000000,49975.000000
13465.000000,13525.000000,12375.000000,49993.000000
13460.000000,13434.000000,12408.000000,49999.000000
13410.000000,13536.000000,12400.000000,49949.000000
13476.000000,13516.000000,12379.000000,49969.000000
13440.000000,13535.000000,12398.000000,49984.000000
13410.000000,13507.000000,12410.000000,49948.000000
13478.000000,13527.000000,12359.000000,49951.000000
13432.000000,13494.000000,12395.000000,49973.000000
13443.000000,13508.000000,12390.000000,49971.000000
13466.000000,13495.000000,12349.000000,49998.000000
13427.000000,13525.000000,12371.000000,49977.000000
13401.000000,13538.000000,12335.000000,49914.000000
13439.000000,13500.000000,12344.000000,49965.000000
13416.000000,13490.000000,12371.000000,49959.000000
13398.000000,13473.000000,12371.000000,49984.000000
13396.000000,13492.000000,12335.000000,49970.000000
13456.000000,13500.000000,12321.000000,49948.000000
13387.000000,13479.000000,12330.000000,49977.000000
13336.000000,13517.000000,12339.000000,49881.000000
13380.000000,13482.000000,12332.000000,49943.000000
13288.000000,13538.000000,12338.000000,49888.000000
13337.000000,13448.000000,12315.000000,49910.000000
13289.000000,13437.000000,12339.000000,49900.000000
13325.000000,13461.000000,12307.000000,49896.000000
13306.000000,13451.000000,12287.000000,49903.000000
13287.000000,13453.000000,12285.000000,49896.000000
13302.000000,13416.000000,12268.000000,49886.000000
13270.000000,13457.000000,12280.000000,49881.000000
13322.000000,13386.000000,12268.000000,49918.000000
13270.000000,13447.000000,12288.000000,49901.000000
13294.000000,13442.000000,12227.000000,49879.000000
13303.000000,13446.000000,12253.000000,49871.000000
13315.000000,13410.000000,12232.000000,49857.000000
13284.000000,13452.000000,12262.000000,49858.000000
13315.000000,13411.000000,12244.000000,49881.000000
13274.000000,13427.000000,12285.000000,49840.000000
13311.000000,13395.000000,12235.000000,49868.000000
13322.000000,13402.000000,12257.000000,49948.000000
13299.000000,13381.000000,12232.000000,49876.000000
13323.000000,13376.000000,12209.000000,49893.000000
13259.000000,13425.000000,12253.000000,49915.000000
13263.000000,13454.000000,12197.000000,49864.000000
13278.000000,13415.000000,12263.000000,49905.000000
13268.000000,13400.000000,12198.000000,49868.000000
13220.000000,13375.000000,12231.000000,49869.000000
13244.000000,13373.000000,12221.000000,49876.000000
13270.000000,13323.000000,12201.000000,49944.000000
13224.000000,13364.000000,12197.000000,49859.000000
13270.000000,13348.000000,12150.000000,49868.000000
13232.000000,13375.000000,12195.000000,49872.000000
13208.000000,13392.000000,12157.000000,49874.000000
13184.000000,13371.000000,12169.000000,49834.000000
13181.000000,13352.000000,12137.000000,49843.000000
13208.000000,13371.000000,12160.000000,49866.000000
13189.000000,13399.000000,12142.000000,49805.000000
13190.000000,13359.000000,12149.000000,49815.000000
13213.000000,13353.000000,12186.000000,49843.000000
13184.000000,13384.000000,12124.000000,49821.000000
13195.000000,13344.000000,12120.000000,49830.000000
13182.000000,13336.000000,12124.000000,49840.000000
13202.000000,13357.000000,12128.000000,49851.000000
13239.000000,13344.000000,12082.000000,49842.000000
13207.000000,13347.000000,12137.000000,49849.000000
13159.000000,13366.000000,12132.000000,49816.000000
13188.000000,13317.000000,12119.000000,49819.000000
13176.000000,13349.000000,12161.000000,49802.000000
13186.000000,13311.000000,12104.000000,49843.000000
13184.000000,13276.000000,12129.000000,49853.000000
13182.000000,13347.000000,12094.000000,49809.000000
13225.000000,13299.000000,12097.000000,49814.000000
13203.000000,13356.000000,12102.000000,49801.000000
13211.000000,13339.000000,12126.000000,49830.000000
13202.000000,13349.000000,12115.000000,49771.000000
13211.000000,13321.000000,12099.000000,49818.000000
13150.000000,13321.000000,12169.000000,49798.000000
13223.000000,13330.000000,12111.000000,49819.000000
13188.000000,13344.000000,12159.000000,49795.000000
13212.000000,13345.000000,12133.000000,49829.000000
13225.000000,13317.000000,12121.000000,49824.000000
13233.000000,13324.000000,12135.000000,49823.000000
13243.000000,13334.000000,12166.000000,49795.000000
13218.000000,13344.000000,12166.000000,49851.000000
13223.000000,13311.000000,12171.000000,49816.000000
13138.000000,13355.000000,12173.000000,49849.000000
13190.000000,13318.000000,12116.000000,49873.000000
13185.000000,13325.000000,12098.000000,49833.000000
13150.000000,13337.000000,12126.000000,49829.000000
13158.000000,13390.000000,12131.000000,49808.000000
13129.000000,13302.000000,12119.000000,49813.000000
13101.000000,13341.000000,12131.000000,49798.000000
13120.000000,13319.000000,12140.000000,49807.000000
13038.000000,13304.000000,12131.000000,49829.000000
13115.000000,13299.000000,12120.000000,49805.000000
13064.000000,13296.000000,12062.000000,49845.000000
13071.000000,13288.000000,12091.000000,49802.000000
13057.000000,13283.000000,12062.000000,49824.000000
13067.000000,13281.000000,12115.000000,49775.000000
13048.000000,13271.000000,12090.000000,49792.000000
13046.000000,13259.000000,12122.000000,49805.000000
13042.000000,13273.000000,12064.000000,49806.000000
13062.000000,13235.000000,12114.000000,49812.000000
13051.000000,13256.000000,12068.000000,49798.000000
13075.000000,13237.000000,12141.000000,49821.000000
13074.000000,13309.000000,12087.000000,49791.000000
13096.000000,13251.000000,12082.000000,49777.000000
13096.000000,13321.000000,12072.000000,49794.000000
13110.000000,13304.000000,12129.000000,49774.000000
13117.000000,13309.000000,12102.000000,49825.000000
13131.000000,13283.000000,12109.000000,49831.000000
13144.000000,13273.000000,12108.000000,49804.000000
13189.000000,13271.000000,12116.000000,49867.000000
13144.000000,13317.000000,12111.000000,49818.000000
13156.000000,13332.000000,12138.000000,49827.000000
13151.000000,13313.000000,12141.000000,49805.000000
13188.000000,13334.000000,12144.000000,49861.000000
13153.000000,13390.000000,12173.000000,49842.000000
13215.000000,13321.000000,12179.000000,49837.000000
13205.000000,13335.000000,12212.000000,49904.000000
13232.000000,13359.000000,12221.000000,49885.000000
13288.000000,13327.000000,12210.000000,49980.000000
13214.000000,13393.000000,12226.000000,49883.000000
13234.000000,13377.000000,12207.000000,49915.000000
13202.000000,13355.000000,12238.000000,49910.000000
13182.000000,13416.000000,12265.000000,49929.000000
13204.000000,13347.000000,12264.000000,49944.000000
13264.000000,13403.000000,12269.000000,49966.000000
13205.000000,13365.000000,12284.000000,49953.000000
13236.000000,13403.000000,12302.000000,49922.000000
13266.000000,13380.000000,12307.000000,49973.000000
13250.000000,13449.000000,12317.000000,49943.000000
13293.000000,13434.000000,12335.000000,49957.000000
13275.000000,13442.000000,12327.000000,49954.000000
13290.000000,13405.000000,12393.000000,49965.000000
13260.000000,13442.000000,12402.000000,49993.000000
13264.000000,13425.000000,12364.000000,50010.000000
13294.000000,13451.000000,12412.000000,50005.000000
13325.000000,13481.000000,12401.000000,50022.000000
13295.000000,13461.000000,12438.000000,50010.000000
13291.000000,13531.000000,12422.000000,49978.000000
13324.000000,13500.000000,12485.000000,50015.000000
13341.000000,13496.000000,12457.000000,50004.000000
13292.000000,13522.000000,12491.000000,50049.000000
13329.000000,13494.000000,12498.000000,50027.000000
13351.000000,13519.000000,12532.000000,50116.000000
13368.000000,13555.000000,12533.000000,50067.000000
13451.000000,13510.000000,12509.000000,50146.000000
13405.000000,13537.000000,12561.000000,50086.000000
13432.000000,13587.000000,12537.000000,50097.000000
13448.000000,13615.000000,12587.000000,50086.000000
13477.000000,13609.000000,12600.000000,50115.000000
13484.000000,13594.000000,12608.000000,50118.000000
13492.000000,13615.000000,12599.000000,50171.000000
13474.000000,13597.000000,12624.000000,50143.000000
13534.000000,13633.000000,12665.000000,50202.000000
13608.000000,13593.000000,12663.000000,50200.000000
13576.000000,13653.000000,12703.000000,50178.000000
13581.000000,13659.000000,12725.000000,50148.000000
13571.000000,13656.000000,12731.000000,50179.000000
13569.000000,13643.000000,12751.000000,50179.000000
13609.000000,13687.000000,12724.000000,50189.000000
13532.000000,13623.000000,12722.000000,50199.000000
13592.000000,13667.000000,12707.000000,50186.000000
13612.000000,13647.000000,12718.000000,50203.000000
13537.000000,13627.000000,12699.000000,50169.000000
13515.000000,13695.000000,12658.000000,50126.000000
13548.000000,13629.000000,12640.000000,50127.000000
13490.000000,13647.000000,12674.000000,50156.000000
13475.000000,13612.000000,12689.000000,50156.000000
13491.000000,13568.000000,12635.000000,50140.000000
13502.000000,13607.000000,12580.000000,50180.000000
13483.000000,13611.000000,12643.000000,50118.000000
13486.000000,13568.000000,12576.000000,50128.000000
13457.000000,13562.000000,12595.000000,50075.000000
13475.000000,13591.000000,12517.000000,50099.000000
13439.000000,13583.000000,12562.000000,50108.000000
13407.000000,13592.000000,12592.000000,50071.000000
13427.000000,13533.000000,12535.000000,50043.000000
13427.000000,13561.000000,12497.000000,50110.000000
13419.000000,13539.000000,12543.000000,50055.000000
13382.000000,13543.000000,12511.000000,50051.000000
13390.000000,13544.000000,12478.000000,50027.000000
13392.000000,13473.000000,12514.000000,50001.000000
13346.000000,13506.000000,12464.000000,50036.000000
13355.000000,13509.000000,12454.000000,50024.000000
13387.000000,13488.000000,12404.000000,50018.000000
13347.000000,13505.000000,12462.000000,50007.000000
13370.000000,13467.000000,12401.000000,50030.000000
13322.000000,13462.000000,12425.000000,49993.000000
13316.000000,13507.000000,12351.000000,49975.000000
13299.000000,13459.000000,12372.000000,49965.000000
13249.000000,13445.000000,12400.000000,49972.000000
13290.000000,13457.000000,12391.000000,49968.000000
13265.000000,13402.000000,12424.000000,49983.000000
13271.000000,13411.000000,12335.000000,49973.000000
13297.000000,13416.000000,12339.000000,49976.000000
13275.000000,13421.000000,12335.000000,49945.000000
13251.000000,13426.000000,12330.000000,49949.000000
13226.000000,13437.000000,12306.000000,49917.000000
13231.000000,13378.000000,12269.000000,49918.000000
13194.000000,13439.000000,12267.000000,49875.000000
13200.000000,13364.000000,12275.000000,49912.000000
13169.000000,13396.000000,12293.000000,49894.000000
13208.000000,13347.000000,12255.000000,49895.000000
13202.000000,13378.000000,12217.000000,49886.000000
13196.000000,13362.000000,12221.000000,49877.000000
13163.000000,13325.000000,12217.000000,49838.000000
13157.000000,13351.000000,12203.000000,49875.000000
13158.000000,13315.000000,12224.000000,49835.000000
13113.000000,13315.000000,12179.000000,49853.000000
13153.000000,13307.000000,12140.000000,49877.000000
13158.000000,13354.000000,12142.000000,49861.000000
13160.000000,13315.000000,12143.000000,49815.000000
13179.000000,13317.000000,12088.000000,49889.000000
13128.000000,13287.000000,12128.000000,49827.000000
13150.000000,13316.000000,12069.000000,49803.000000
13156.000000,13281.000000,12103.000000,49830.000000
13113.000000,13260.000000,12106.000000,49746.000000
13146.000000,13275.000000,12095.000000,49816.000000
13113.000000,13227.000000,12080.000000,49817.000000
13170.000000,13257.000000,12041.000000,49787.000000
13135.000000,13189.000000,12037.000000,49804.000000
13158.000000,13240.000000,12012.000000,49786.000000
13143.000000,13227.000000,12021.000000,49767.000000
13140.000000,13239.000000,11993.000000,49745.000000
13094.000000,13225.000000,11993.000000,49759.000000
13071.000000,13248.000000,11997.000000,49741.000000
13139.000000,13203.000000,11982.000000,49747.000000
13061.000000,13236.000000,11982.000000,49729.000000
13119.000000,13219.000000,11948.000000,49727.000000
13105.000000,13203.000000,11914.000000,49716.000000
13108.000000,13221.000000,11943.000000,49744.000000
13144.000000,13221.000000,11927.000000,49738.000000
13124.000000,13197.000000,11932.000000,49737.000000
13095.000000,13222.000000,11949.000000,49715.000000
13106.000000,13226.000000,11944.000000,49744.000000
13137.000000,13189.000000,11959.000000,49811.000000
13153.000000,13219.000000,11958.000000,49764.000000
13151.000000,13223.000000,11969.000000,49782.000000
13176.000000,13208.000000,11967.000000,49798.000000
13162.000000,13222.000000,12016.000000,49773.000000
13183.000000,13271.000000,11993.000000,49728.000000
13139.000000,13231.000000,11997.000000,49771.000000
13137.000000,13214.000000,12006.000000,49751.000000
13153.000000,13194.000000,12020.000000,49792.000000
13173.000000,13203.000000,12050.000000,49774.000000
13152.000000,13232.000000,12043.000000,49760.000000
13183.000000,13217.000000,11985.000000,49815.000000
13130.000000,13229.000000,12004.000000,49786.000000
13136.000000,13237.000000,12061.000000,49807.000000
13137.000000,13256.000000,12040.000000,49803.000000
13129.000000,13215.000000,12042.000000,49790.000000
13146.000000,13261.000000,12079.000000,49781.000000
13112.000000,13254.000000,12058.000000,49737.000000
13130.000000,13224.000000,12061.000000,49820.000000
13131.000000,13235.000000,12045.000000,49806.000000
13098.000000,13223.000000,12063.000000,49782.000000
13108.000000,13225.000000,12087.000000,49817.000000
13112.000000,13264.000000,12068.000000,49748.000000
13130.000000,13256.000000,12068.000000,49798.000000
13077.000000,13236.000000,12103.000000,49783.000000
13108.000000,13267.000000,12033.000000,49799.000000
13139.000000,13228.000000,12069.000000,49855.000000
13081.000000,13239.000000,12091.000000,49811.000000
13111.000000,13262.000000,12026.000000,49794.000000
13088.000000,13281.000000,12074.000000,49772.000000
13091.000000,13235.000000,12083.000000,49750.000000
13037.000000,13236.000000,12090.000000,49772.000000
13093.000000,13255.000000,12089.000000,49829.000000
13052.000000,13248.000000,12107.000000,49856.000000
13076.000000,13248.000000,12088.000000,49813.000000
13081.000000,13213.000000,12067.000000,49851.000000
13039.000000,13263.000000,12100.000000,49809.000000
13084.000000,13235.000000,12064.000000,49864.000000
13050.000000,13258.000000,12105.000000,49795.000000
13071.000000,13251.000000,12076.000000,49799.000000
12990.000000,13235.000000,12088.000000,49805.000000
12985.000000,13247.000000,12072.000000,49805.000000
12978.000000,13228.000000,12070.000000,49807.000000
12922.000000,13265.000000,12059.000000,49795.000000
12966.000000,13228.000000,12071.000000,49763.000000
12946.000000,13220.000000,12063.000000,49809.000000
12960.000000,13232.000000,12061.000000,49801.000000
12895.000000,13225.000000,12072.000000,49775.000000
12920.000000,13175.000000,12094.000000,49791.000000
12907.000000,13211.000000,12049.000000,49744.000000
12920.000000,13155.000000,12054.000000,49780.000000
12874.000000,13233.000000,12022.000000,49771.000000
12901.000000,13209.000000,12003.000000,49740.000000
12875.000000,13212.000000,12049.000000,49751.000000
12881.000000,13243.000000,12029.000000,49757.000000
12860.000000,13211.000000,12044.000000,49766.000000
12860.000000,13203.000000,12065.000000,49737.000000
12903.000000,13173.000000,12025.000000,49775.000000
12888.000000,13197.000000,12047.000000,49762.000000
12843.000000,13159.000000,12010.000000,49760.000000
12854.000000,13181.000000,11988.000000,49727.000000
12896.000000,13167.000000,11966.000000,49781.000000
12910.000000,13194.000000,12010.000000,49747.000000
12883.000000,13241.000000,11982.000000,49784.000000
12934.000000,13211.000000,12012.000000,49783.000000
12963.000000,13232.000000,12044.000000,49775.000000
12943.000000,13208.000000,12059.000000,49800.000000
12942.000000,13239.000000,12057.000000,49792.000000
13017.000000,13228.000000,12090.000000,49779.000000
13022.000000,13284.000000,12023.000000,49802.000000
13045.000000,13259.000000,12080.000000,49778.000000
13053.000000,13287.000000,12115.000000,49818.000000
13104.000000,13283.000000,12082.000000,49847.000000
13093.000000,13277.000000,12131.000000,49839.000000
13082.000000,13295.000000,12163.000000,49858.000000
13141.000000,13271.000000,12168.000000,49852.000000
13211.000000,13279.000000,12177.000000,49923.000000
13186.000000,13321.000000,12198.000000,49863.000000
13221.000000,13333.000000,12202.000000,49907.000000
13233.000000,13348.000000,12210.000000,49923.000000
13231.000000,13367.000000,12215.000000,49896.000000
13264.000000,13399.000000,12294.000000,49936.000000
13237.000000,13428.000000,12331.000000,49890.000000
13296.000000,13389.000000,12327.000000,49953.000000
13294.000000,13419.000000,12332.000000,49951.000000
13315.000000,13423.000000,12373.000000,49993.000000
13354.000000,13460.000000,12377.000000,50008.000000
13390.000000,13481.000000,12334.000000,50041.000000
13350.000000,13461.000000,12412.000000,50036.000000
13386.000000,13520.000000,12393.000000,50035.000000
13377.000000,13486.000000,12454.000000,50020.000000
13406.000000,13514.000000,12462.000000,50071.000000
13414.000000,13516.000000,12530.000000,50037.000000
13379.000000,13541.000000,12515.000000,50090.000000
13415.000000,13527.000000,12521.000000,50055.000000
13456.000000,13531.000000,12526.000000,50104.000000
13430.000000,13583.000000,12538.000000,50094.000000
13427.000000,13575.000000,12562.000000,50075.000000
13483.000000,13560.000000,12552.000000,50096.000000
13454.000000,13561.000000,12633.000000,50074.000000
13430.000000,13538.000000,12599.000000,50079.000000
13440.000000,13553.000000,12580.000000,50099.000000
13460.000000,13490.000000,12572.000000,50107.000000
13436.000000,13533.000000,12538.000000,50084.000000
13466.000000,13493.000000,12510.000000,50124.000000
13484.000000,13534.000000,12529.000000,50075.000000
13480.000000,13556.000000,12518.000000,50094.000000
13451.000000,13579.000000,12538.000000,50087.000000
13437.000000,13615.000000,12524.000000,50023.000000
13466.000000,13566.000000,12548.000000,50090.000000
13443.000000,13555.000000,12540.000000,50098.000000
13449.000000,13550.000000,12527.000000,50067.000000
13465.000000,13539.000000,12504.000000,50051.000000
13496.000000,13532.000000,12496.000000,50098.000000
13444.000000,13534.000000,12521.000000,50053.000000
13454.000000,13566.000000,12502.000000,50034.000000
13452.000000,13532.000000,12529.000000,50053.000000
13460.000000,13563.000000,12489.000000,50119.000000
13416.000000,13506.000000,12492.000000,50029.000000
13414.000000,13486.000000,12503.000000,50106.000000
13397.000000,13545.000000,12520.000000,50047.000000
13417.000000,13508.000000,12472.000000,50080.000000
13395.000000,13496.000000,12482.000000,50059.000000
13379.000000,13500.000000,12444.000000,50018.000000
13423.000000,13496.000000,12451.000000,50024.000000
13336.000000,13536.000000,12504.000000,50011.000000
13378.000000,13471.000000,12494.000000,50058.000000
13354.000000,13479.000000,12488.000000,50019.000000
13364.000000,13447.000000,12463.000000,50065.000000
13401.000000,13487.000000,12460.000000,50020.000000
13382.000000,13445.000000,12440.000000,50059.000000
13346.000000,13491.000000,12447.000000,50020.000000
13376.000000,13486.000000,12384.000000,50042.000000
13349.000000,13503.000000,12399.000000,50011.000000
13323.000000,13502.000000,12403.000000,50033.000000
13369.000000,13489.000000,12450.000000,50030.000000
13328.000000,13481.000000,12403.000000,50026.000000
13313.000000,13448.000000,12419.000000,50025.000000
13309.000000,13475.000000,12382.000000,49984.000000
13376.000000,13449.000000,12383.000000,50003.000000
13306.000000,13470.000000,12380.000000,49975.000000
13327.000000,13449.000000,12402.000000,49994.000000
13305.000000,13453.000000,12405.000000,49997.000000
13364.000000,13436.000000,12352.000000,49996.000000
13304.000000,13437.000000,12401.000000,49992.000000
13305.000000,13443.000000,12379.000000,50000.000000
13289.000000,13415.000000,12359.000000,49967.000000
13353.000000,13454.000000,12364.000000,50025.000000
13281.000000,13454.000000,12388.000000,49988.000000
13293.000000,13446.000000,12385.000000,49963.000000
13302.000000,13437.000000,12337.000000,49983.000000
13282.000000,13447.000000,12390.000000,49959.000000
13294.000000,13420.000000,12333.000000,49983.000000
13306.000000,13396.000000,12392.000000,50032.000000
13311.000000,13431.000000,12344.000000,49991.000000
13295.000000,13427.000000,12360.000000,49984.000000
13272.000000,13433.000000,12314.000000,49964.000000
13250.000000,13405.000000,12355.000000,49976.000000
13247.000000,13482.000000,12353.000000,49926.000000
13260.000000,13381.000000,12333.000000,49962.000000
13210.000000,13375.000000,12389.000000,49918.000000
13262.000000,13425.000000,12337.000000,49957.000000
13245.000000,13405.000000,12363.000000,49978.000000
13252.000000,13410.000000,12348.000000,49954.000000
13231.000000,13375.000000,12358.000000,49971.000000
13236.000000,13381.000000,12330.000000,49953.000000
13191.000000,13407.000000,12353.000000,49926.000000
13197.000000,13370.000000,12330.000000,49951.000000
13203.000000,13407.000000,12328.000000,49977.000000
13187.000000,13404.000000,12343.000000,49928.000000
13239.000000,13368.000000,12314.000000,49902.000000
13213.000000,13394.000000,12313.000000,49970.000000
13228.000000,13377.000000,12304.000000,49979.000000
13194.000000,13408.000000,12261.000000,49907.000000
13203.000000,13368.000000,12324.000000,49961.000000
13183.000000,13382.000000,12333.000000,49916.000000
13223.000000,13395.000000,12292.000000,49940.000000
13202.000000,13387.000000,12318.000000,49963.000000
13157.000000,13365.000000,12296.000000,49919.000000
13220.000000,13340.000000,12250.000000,49972.000000
13191.000000,13389.000000,12278.000000,49947.000000
13183.000000,13383.000000,12291.000000,49956.000000
13176.000000,13368.000000,12282.000000,49943.000000
13155.000000,13353.000000,12261.000000,49940.000000
13114.000000,13393.000000,12320.000000,49913.000000
13136.000000,13347.000000,12271.000000,49926.000000
13144.000000,13370.000000,12330.000000,49923.000000
13171.000000,13347.000000,12273.000000,49930.000000
13138.000000,13368.000000,12294.000000,49893.000000
13100.000000,13367.000000,12278.000000,49910.000000
13116.000000,13333.000000,12269.000000,49917.000000
13143.000000,13346.000000,12266.000000,49900.000000
13125.000000,13359.000000,12291.000000,49906.000000
13135.000000,13307.000000,12261.000000,49881.000000
13133.000000,13325.000000,12267.000000,49907.000000
13095.000000,13320.000000,12252.000000,49878.000000
13108.000000,13313.000000,12225.000000,49939.000000
13101.000000,13327.000000,12261.000000,49901.000000
13074.000000,13305.000000,12215.000000,49887.000000
13061.000000,13353.000000,12211.000000,49891.000000
13068.000000,13324.000000,12212.000000,49896.000000
13031.000000,13331.000000,12256.000000,49830.000000
13095.000000,13306.000000,12215.000000,49883.000000
13289.000000,13291.000000,12262.000000,49890.000000
13054.000000,13300.000000,12219.000000,49923.000000
13080.000000,13268.000000,12201.000000,49929.000000
13052.000000,13322.000000,12223.000000,49863.000000
13053.000000,13334.000000,12202.000000,49902.000000
13025.000000,13334.000000,12237.000000,49873.000000
13028.000000,13279.000000,12194.000000,49861.000000
13024.000000,13252.000000,12226.000000,49911.000000
13059.000000,13299.000000,12196.000000,49891.000000
13029.000000,13272.000000,12217.000000,49905.000000
13034.000000,13292.000000,12167.000000,49877.000000
13059.000000,13235.000000,12225.000000,49886.000000
13023.000000,13318.000000,12215.000000,49901.000000
13040.000000,13272.000000,12205.000000,49908.000000
13009.000000,13271.000000,12199.000000,49863.000000
13008.000000,13234.000000,12226.000000,49896.000000
13013.000000,13258.000000,12191.000000,49875.000000
13005.000000,13266.000000,12201.000000,49862.000000
13011.000000,13271.000000,12183.000000,49839.000000
12992.000000,13275.000000,12172.000000,49812.000000
12975.000000,13253.000000,12200.000000,49842.000000
12990.000000,13263.000000,12206.000000,49832.000000
12950.000000,13251.000000,12214.000000,49854.000000
12977.000000,13265.000000,12188.000000,49853.000000
12978.000000,13207.000000,12185.000000,49828.000000
12973.000000,13286.000000,12171.000000,49844.000000
12967.000000,13211.000000,12129.000000,49904.000000
12949.000000,13262.000000,12194.000000,49815.000000
12913.000000,13237.000000,12165.000000,49836.000000
12930.000000,13232.000000,12152.000000,49881.000000
12985.000000,13268.000000,12166.000000,49845.000000
12961.000000,13245.000000,12203.000000,49880.000000
12962.000000,13272.000000,12221.000000,49854.000000
13038.000000,13230.000000,12159.000000,49908.000000
12972.000000,13269.000000,12209.000000,49867.000000
13023.000000,13279.000000,12194.000000,49873.000000
12984.000000,13263.000000,12239.000000,49883.000000
13035.000000,13276.000000,12235.000000,49939.000000
13010.000000,13285.000000,12240.000000,49857.000000
13009.000000,13309.000000,12219.000000,49941.000000
12995.000000,13318.000000,12258.000000,49909.000000
13037.000000,13298.000000,12252.000000,49888.000000
13036.000000,13303.000000,12290.000000,49911.000000
13064.000000,13322.000000,12350.000000,49980.000000
13071.000000,13336.000000,12354.000000,49975.000000
13102.000000,13375.000000,12364.000000,49960.000000
13180.000000,13359.000000,12352.000000,50022.000000
13147.000000,13377.000000,12399.000000,49978.000000
13172.000000,13449.000000,12393.000000,49954.000000
13217.000000,13396.000000,12460.000000,50004.000000
13171.000000,13446.000000,12490.000000,49984.000000
13214.000000,13424.000000,12481.000000,50020.000000
13227.000000,13414.000000,12495.000000,50034.000000
13272.000000,13434.000000,12540.000000,50059.000000
13245.000000,13479.000000,12512.000000,50053.000000
13277.000000,13482.000000,12544.000000,50104.000000
13328.000000,13504.000000,12579.000000,50123.000000
13281.000000,13532.000000,12630.000000,50086.000000
13333.000000,13507.000000,12617.000000,50114.000000
13330.000000,13509.000000,12657.000000,50132.000000
13386.000000,13544.000000,12645.000000,50155.000000
13387.000000,13553.000000,12659.000000,50124.000000
13381.000000,13578.000000,12703.000000,50169.000000
13428.000000,13576.000000,12709.000000,50153.000000
13427.000000,13591.000000,12710.000000,50162.000000
13409.000000,13553.000000,12735.000000,50201.000000
13469.000000,13599.000000,12718.000000,50183.000000
13498.000000,13595.000000,12711.000000,50208.000000
13443.000000,13559.000000,12701.000000,50210.000000
13481.000000,13599.000000,12702.000000,50147.000000
13435.000000,13623.000000,12734.000000,50154.000000
13448.000000,13595.000000,12749.000000,50188.000000
13430.000000,13558.000000,12726.000000,50187.000000
13421.000000,13576.000000,12717.000000,50173.000000
13449.000000,13525.000000,12682.000000,50190.000000
13429.000000,13573.000000,12701.000000,50157.000000
13454.000000,13592.000000,12593.000000,50197.000000
13426.000000,13551.000000,12668.000000,50144.000000
13358.000000,13599.000000,12641.000000,50138.000000
13424.000000,13547.000000,12663.000000,50136.000000
13360.000000,13547.000000,12619.000000,50113.000000
13424.000000,13539.000000,12618.000000,50118.000000
13429.000000,13537.000000,12608.000000,50139.000000
13426.000000,13567.000000,12611.000000,50095.000000
13408.000000,13557.000000,12636.000000,50098.000000
13376.000000,13579.000000,12603.000000,50096.000000
13357.000000,13539.000000,12608.000000,50135.000000
13360.000000,13581.000000,12582.000000,50136.000000
13385.000000,13538.000000,12578.000000,50165.000000
13345.000000,13526.000000,12550.000000,50136.000000
13356.000000,13528.000000,12563.000000,50121.000000
13375.000000,13555.000000,12554.000000,50065.000000
13359.000000,13477.000000,12565.000000,50101.000000
13348.000000,13491.000000,12596.000000,50092.000000
13353.000000,13457.000000,12528.000000,50080.000000
13363.000000,13510.000000,12513.000000,50101.000000
13346.000000,13499.000000,12543.000000,50070.000000
13327.000000,13523.000000,12510.000000,50075.000000
13338.000000,13491.000000,12561.000000,50051.000000
13331.000000,13503.000000,12531.000000,50082.000000
13284.000000,13470.000000,12523.000000,50023.000000
13355.000000,13507.000000,12495.000000,50075.000000
13308.000000,13456.000000,12532.000000,50124.000000
13307.000000,13453.000000,12484.000000,50069.000000
13335.000000,13455.000000,12432.000000,50128.000000
13320.000000,13458.000000,12453.000000,50083.000000
13340.000000,13506.000000,12444.000000,50072.000000
13263.000000,13416.000000,12431.000000,50041.000000
13240.000000,13457.000000,12442.000000,50022.000000
13286.000000,13440.000000,12462.000000,50053.000000
13280.000000,13464.000000,12423.000000,50056.000000
13280.000000,13449.000000,12460.000000,50024.000000
13286.000000,13430.000000,12457.000000,50023.000000
13300.000000,13424.000000,12388.000000,50058.000000
13228.000000,13443.000000,12443.000000,50003.000000
13216.000000,13448.000000,12422.000000,50044.000000
13237.000000,13394.000000,12435.000000,50020.000000
13231.000000,13415.000000,12410.000000,50054.000000
13204.000000,13396.000000,12427.000000,50018.000000
13198.000000,13382.000000,12345.000000,50035.000000
13210.000000,13403.000000,12403.000000,49992.000000
13177.000000,13426.000000,12361.000000,50011.000000
13187.000000,13371.000000,12378.000000,49975.000000
13124.000000,13371.000000,12386.000000,49978.000000
13189.000000,13386.000000,12348.000000,49956.000000
13153.000000,13377.000000,12362.000000,50014.000000
13152.000000,13331.000000,12311.000000,50000.000000
13124.000000,13358.000000,12342.000000,49975.000000
13173.000000,13370.000000,12279.000000,49954.000000
13124.000000,13350.000000,12316.000000,49935.000000
13095.000000,13391.000000,12286.000000,49925.000000
13115.000000,13324.000000,12314.000000,49953.000000
13057.000000,13356.000000,12306.000000,49904.000000
13067.000000,13318.000000,12261.000000,49936.000000
13022.000000,13287.000000,12316.000000,49911.000000
13086.000000,13290.000000,12233.000000,49906.000000
13063.000000,13300.000000,12257.000000,49903.000000
13018.000000,13311.000000,12213.000000,49932.000000
13003.000000,13301.000000,12256.000000,49887.000000
13010.000000,13348.000000,12245.000000,49860.000000
13022.000000,13263.000000,12252.000000,49916.000000
12993.000000,13272.000000,12222.000000,49907.000000
13023.000000,13266.000000,12179.000000,49857.000000
12995.000000,13280.000000,12178.000000,49904.000000
13022.000000,13287.000000,12206.000000,49895.000000
12994.000000,13271.000000,12174.000000,49865.000000
13009.000000,13255.000000,12180.000000,49899.000000
12987.000000,13301.000000,12176.000000,49821.000000
12967.000000,13227.000000,12133.000000,49858.000000
12957.000000,13201.000000,12162.000000,49885.000000
12929.000000,13211.000000,12148.000000,49816.000000
12961.000000,13183.000000,12139.000000,49904.000000
12981.000000,13218.000000,12123.000000,49852.000000
12941.000000,13231.000000,12116.000000,49824.000000
12939.000000,13212.000000,12110.000000,49786.000000
12913.000000,13201.000000,12101.000000,49839.000000
12931.000000,13219.000000,12141.000000,49802.000000
12905.000000,13212.000000,12087.000000,49813.000000
12906.000000,13195.000000,12145.000000,49793.000000
12920.000000,13204.000000,12079.000000,49830.000000
12923.000000,13164.000000,12094.000000,49829.000000
12909.000000,13173.000000,12071.000000,49821.000000
12926.000000,13209.000000,12078.000000,49802.000000
12919.000000,13147.000000,12052.000000,49811.000000
12930.000000,13177.000000,12086.000000,49796.000000
12911.000000,13185.000000,12078.000000,49848.000000
12930.000000,13125.000000,12045.000000,49836.000000
13159.000000,13176.000000,12014.000000,49823.000000
12895.000000,13175.000000,12050.000000,49800.000000
12852.000000,13166.000000,12060.000000,49787.000000
12854.000000,13172.000000,12022.000000,49794.000000
12855.000000,13188.000000,12020.000000,49722.000000
12886.000000,13177.000000,12012.000000,49789.000000
12838.000000,13152.000000,12071.000000,49747.000000
12856.000000,13134.000000,12010.000000,49786.000000
12890.000000,13132.000000,11997.000000,49833.000000
12857.000000,13128.000000,12018.000000,49782.000000
12875.000000,13127.000000,11968.000000,49802.000000
12845.000000,13158.000000,12028.000000,49747.000000
12826.000000,13218.000000,11970.000000,49763.000000
12841.000000,13131.000000,12029.000000,49802.000000
12878.000000,13112.000000,11998.000000,49781.000000
12808.000000,13111.000000,12010.000000,49781.000000
12834.000000,13150.000000,11994.000000,49785.000000
12880.000000,13099.000000,12020.000000,49820.000000
12818.000000,13131.000000,11994.000000,49748.000000
12879.000000,13109.000000,11950.000000,49814.000000
12821.000000,13127.000000,11976.000000,49751.000000
12820.000000,13083.000000,11981.000000,49763.000000
12799.000000,13112.000000,11996.000000,49763.000000
12796.000000,13130.000000,11971.000000,49801.000000
12770.000000,13124.000000,11990.000000,49754.000000
12791.000000,13087.000000,11925.000000,49753.000000
12781.000000,13091.000000,11931.000000,49742.000000
12745.000000,13105.000000,11918.000000,49703.000000
12772.000000,13100.000000,11940.000000,49739.000000
12748.000000,13091.000000,11934.000000,49708.000000
12774.000000,13068.000000,11948.000000,49696.000000
12744.000000,13058.000000,11909.000000,49732.000000
12762.000000,13040.000000,11956.000000,49776.000000
12761.000000,13099.000000,11916.000000,49718.000000
12782.000000,13057.000000,11923.000000,49760.000000
12762.000000,13080.000000,11927.000000,49745.000000
12771.000000,13111.000000,11925.000000,49702.000000
12756.000000,13092.000000,11956.000000,49731.000000
12771.000000,13115.000000,11992.000000,49712.000000
12835.000000,13103.000000,11956.000000,49777.000000
12791.000000,13112.000000,11980.000000,49743.000000
12841.000000,13095.000000,11982.000000,49754.000000
12837.000000,13135.000000,11993.000000,49777.000000
12905.000000,13178.000000,12000.000000,49785.000000
12823.000000,13167.000000,12033.000000,49775.000000
12838.000000,13204.000000,11991.000000,49781.000000
12878.000000,13164.000000,12030.000000,49771.000000
12857.000000,13224.000000,12041.000000,49818.000000
12901.000000,13161.000000,12079.000000,49811.000000
12877.000000,13171.000000,12046.000000,49854.000000
12935.000000,13207.000000,12095.000000,49842.000000
12947.000000,13247.000000,12126.000000,49831.000000
12913.000000,13203.000000,12115.000000,49841.000000
12931.000000,13247.000000,12159.000000,49845.000000
13008.000000,13265.000000,12184.000000,49846.000000
12968.000000,13243.000000,12209.000000,49889.000000
13009.000000,13257.000000,12212.000000,49920.000000
13006.000000,13277.000000,12203.000000,49913.000000
13044.000000,13255.000000,12179.000000,49913.000000
13028.000000,13271.000000,12238.000000,49916.000000
13020.000000,13317.000000,12245.000000,49911.000000
13044.000000,13305.000000,12270.000000,49941.000000
13029.000000,13328.000000,12326.000000,49909.000000
13077.000000,13311.000000,12308.000000,49957.000000
13083.000000,13313.000000,12358.000000,49967.000000
13098.000000,13350.000000,12343.000000,49976.000000
13133.000000,13332.000000,12372.000000,49998.000000
13126.000000,13315.000000,12321.000000,49977.000000
13159.000000,13364.000000,12397.000000,50011.000000
13161.000000,13415.000000,12440.000000,49994.000000
13168.000000,13351.000000,12432.000000,50043.000000
13180.000000,13423.000000,12471.000000,50016.000000
13224.000000,13368.000000,12449.000000,50057.000000
13168.000000,13407.000000,12516.000000,50032.000000
13259.000000,13452.000000,12515.000000,50077.000000
13216.000000,13453.000000,12500.000000,50076.000000
13299.000000,13426.000000,12502.000000,50096.000000
13298.000000,13517.000000,12519.000000,50065.000000
13291.000000,13456.000000,12568.000000,50130.000000
13322.000000,13467.000000,12584.000000,50103.000000
13297.000000,13494.000000,12544.000000,50117.000000
13350.000000,13458.000000,12589.000000,50133.000000
13335.000000,13466.000000,12521.000000,50117.000000
13341.000000,13476.000000,12517.000000,50133.000000
13371.000000,13516.000000,12531.000000,50085.000000
13357.000000,13470.000000,12534.000000,50133.000000
13339.000000,13468.000000,12539.000000,50084.000000
13355.000000,13480.000000,12503.000000,50087.000000
13322.000000,13469.000000,12564.000000,50044.000000
13353.000000,13465.000000,12511.000000,50117.000000
13360.000000,13423.000000,12562.000000,50074.000000
13360.000000,13494.000000,12518.000000,50105.000000
13365.000000,13469.000000,12496.000000,50147.000000
13345.000000,13447.000000,12500.000000,50089.000000
13358.000000,13460.000000,12508.000000,50096.000000
13346.000000,13444.000000,12489.000000,50119.000000
13385.000000,13443.000000,12472.000000,50136.000000
13354.000000,13430.000000,12492.000000,50092.000000
13359.000000,13480.000000,12456.000000,50048.000000
13344.000000,13396.000000,12501.000000,50129.000000
13340.000000,13453.000000,12466.000000,50082.000000
13350.000000,13424.000000,12487.000000,50056.000000
13327.000000,13435.000000,12483.000000,50083.000000
13350.000000,13438.000000,12494.000000,50083.000000
13329.000000,13441.000000,12456.000000,50086.000000
13349.000000,13397.000000,12489.000000,50108.000000
13316.000000,13428.000000,12446.000000,50100.000000
13323.000000,13416.000000,12429.000000,50067.000000
13296.000000,13390.000000,12437.000000,50055.000000
13286.000000,13444.000000,12477.000000,50006.000000
13313.000000,13387.000000,12431.000000,50080.000000
13331.000000,13415.000000,12443.000000,50076.000000
13247.000000,13412.000000,12433.000000,50035.000000
13265.000000,13421.000000,12439.000000,50049.000000
13288.000000,13376.000000,12383.000000,50096.000000
13245.000000,13384.000000,12397.000000,49994.000000
13283.000000,13425.000000,12390.000000,50041.000000
13280.000000,13384.000000,12390.000000,50027.000000
13250.000000,13430.000000,12396.000000,49983.000000
13243.000000,13388.000000,12386.000000,50024.000000
13189.000000,13381.000000,12390.000000,50001.000000
13247.000000,13397.000000,12388.000000,50015.000000
13248.000000,13397.000000,12339.000000,50015.000000
13237.000000,13374.000000,12355.000000,50011.000000
13184.000000,13336.000000,12380.000000,49981.000000
13246.000000,13391.000000,12324.000000,49990.000000
13191.000000,13391.000000,12343.000000,50039.000000
13225.000000,13361.000000,12333.000000,49977.000000
13179.000000,13342.000000,12323.000000,50000.000000
13214.000000,13299.000000,12291.000000,50045.000000
13199.000000,13329.000000,12326.000000,49980.000000
13177.000000,13299.000000,12294.000000,50011.000000
13189.000000,13332.000000,12304.000000,49971.000000
13212.000000,13348.000000,12285.000000,49989.000000
13178.000000,13328.000000,12287.000000,49979.000000
13156.000000,13366.000000,12308.000000,49953.000000
13193.000000,13309.000000,12283.000000,49983.000000
13146.000000,13301.000000,12291.000000,49936.000000
13161.000000,13318.000000,12270.000000,49971.000000
13166.000000,13299.000000,12275.000000,49982.000000
13166.000000,13269.000000,12226.000000,50011.000000
13176.000000,13328.000000,12249.000000,49973.000000
13180.000000,13272.000000,12221.000000,49942.000000
13163.000000,13302.000000,12245.000000,49967.000000
13192.000000,13314.000000,12199.000000,49982.000000
13135.000000,13277.000000,12204.000000,49943.000000
13119.000000,13313.000000,12222.000000,49959.000000
13135.000000,13300.000000,12259.000000,49947.000000
13162.000000,13275.000000,12214.000000,49969.000000
13154.000000,13279.000000,12204.000000,49915.000000
13141.000000,13314.000000,12170.000000,49911.000000
13168.000000,13287.000000,12158.000000,49941.000000
13111.000000,13304.000000,12185.000000,49905.000000
13124.000000,13311.000000,12226.000000,49928.000000
13114.000000,13259.000000,12193.000000,49912.000000
13104.000000,13240.000000,12227.000000,49925.000000
13103.000000,13255.000000,12178.000000,49928.000000
13082.000000,13230.000000,12232.000000,49952.000000
13101.000000,13261.000000,12195.000000,49915.000000
13110.000000,13231.000000,12186.000000,49953.000000
13090.000000,13259.000000,12169.000000,49915.000000
13087.000000,13247.000000,12126.000000,49941.000000
13078.000000,13235.000000,12174.000000,49889.000000
13037.000000,13259.000000,12122.000000,49906.000000
13001.000000,13237.000000,12148.000000,49887.000000
12972.000000,13253.000000,12127.000000,49850.000000
13012.000000,13208.000000,12160.000000,49883.000000
13029.000000,13231.000000,12096.000000,49895.000000
13004.000000,13167.000000,12136.000000,49903.000000
12973.000000,13241.000000,12121.000000,49869.000000
12979.000000,13182.000000,12136.000000,49863.000000
12971.000000,13213.000000,12108.000000,49869.000000
12943.000000,13193.000000,12088.000000,49838.000000
12965.000000,13199.000000,12096.000000,49825.000000
12919.000000,13233.000000,12072.000000,49805.000000
12927.000000,13187.000000,12075.000000,49847.000000
12938.000000,13175.000000,12083.000000,49784.000000
12901.000000,13176.000000,12055.000000,49835.000000
12922.000000,13143.000000,12069.000000,49812.000000
12918.000000,13146.000000,12059.000000,49866.000000
12931.000000,13147.000000,12018.000000,49871.000000
12976.000000,13153.000000,12033.000000,49788.000000
12845.000000,13167.000000,12025.000000,49830.000000
12965.000000,13173.000000,12002.000000,49810.000000
12903.000000,13129.000000,11997.000000,49796.000000
12913.000000,13180.000000,12001.000000,49735.000000
12926.000000,13137.000000,12014.000000,49812.000000
12873.000000,13163.000000,12017.000000,49736.000000
12930.000000,13148.000000,11979.000000,49787.000000
12892.000000,13152.000000,11966.000000,49805.000000
12931.000000,13119.000000,11991.000000,49778.000000
12888.000000,13111.000000,12002.000000,49782.000000
12957.000000,13168.000000,11969.000000,49778.000000
12895.000000,13131.000000,11959.000000,49751.000000
12887.000000,13139.000000,11969.000000,49795.000000
12859.000000,13101.000000,11989.000000,49795.000000
12909.000000,13129.000000,11939.000000,49759.000000
12873.000000,13097.000000,11943.000000,49766.000000
12863.000000,13105.000000,11907.000000,49760.000000
12860.000000,13073.000000,11955.000000,49767.000000
12887.000000,13111.000000,11882.000000,49781.000000
12857.000000,13072.000000,11920.000000,49765.000000
12870.000000,13104.000000,11938.000000,49725.000000
12903.000000,13109.000000,11920.000000,49745.000000
12864.000000,13104.000000,11945.000000,49771.000000
12873.000000,13069.000000,11916.000000,49769.000000
12902.000000,13049.000000,11914.000000,49795.000000
12922.000000,13123.000000,11906.000000,49756.000000
12842.000000,13127.000000,11944.000000,49792.000000
12948.000000,13103.000000,11940.000000,49761.000000
12926.000000,13139.000000,11963.000000,49787.000000
12920.000000,13148.000000,11976.000000,49721.000000
12927.000000,13137.000000,11997.000000,49808.000000
12909.000000,13116.000000,12024.000000,49774.000000
12971.000000,13134.000000,11990.000000,49802.000000
12972.000000,13143.000000,12011.000000,49830.000000
12961.000000,13147.000000,12033.000000,49831.000000
13019.000000,13147.000000,12021.000000,49834.000000
12990.000000,13213.000000,12060.000000,49843.000000
13084.000000,13169.000000,12102.000000,49848.000000
13038.000000,13207.000000,12093.000000,49890.000000
13074.000000,13153.000000,12075.000000,49893.000000
13066.000000,13202.000000,12154.000000,49873.000000
13102.000000,13239.000000,12182.000000,49919.000000
13129.000000,13287.000000,12177.000000,49912.000000
13176.000000,13273.000000,12195.000000,49928.000000
13136.000000,13346.000000,12236.000000,49928.000000
13190.000000,13267.000000,12226.000000,49952.000000
13207.000000,13281.000000,12275.000000,50000.000000
13233.000000,13311.000000,12272.000000,49983.000000
13272.000000,13297.000000,12297.000000,50017.000000
13293.000000,13386.000000,12305.000000,50002.000000
13321.000000,13378.000000,12253.000000,50028.000000
13350.000000,13374.000000,12336.000000,50031.000000
13326.000000,13394.000000,12359.000000,50035.000000
13333.000000,13399.000000,12459.000000,50044.000000
13404.000000,13410.000000,12433.000000,50088.000000
13406.000000,13422.000000,12427.000000,50147.000000
13440.000000,13440.000000,12500.000000,50115.000000
13519.000000,13457.000000,12485.000000,50178.000000
13516.000000,13493.000000,12532.000000,50150.000000
13567.000000,13505.000000,12502.000000,50213.000000
13505.000000,13534.000000,12586.000000,50198.000000
13529.000000,13587.000000,12581.000000,50228.000000
13566.000000,13553.000000,12649.000000,50218.000000
13607.000000,13585.000000,12633.000000,50282.000000
13634.000000,13535.000000,12676.000000,50233.000000
13648.000000,13615.000000,12687.000000,50278.000000
13709.000000,13629.000000,12733.000000,50268.000000
13672.000000,13656.000000,12776.000000,50251.000000
13710.000000,13658.000000,12789.000000,50309.000000
13709.000000,13639.000000,12808.000000,50308.000000
13761.000000,13680.000000,12842.000000,50339.000000
13733.000000,13680.000000,12822.000000,50318.000000
13762.000000,13643.000000,12835.000000,50361.000000
13756.000000,13708.000000,12851.000000,50325.000000
13813.000000,13685.000000,12799.000000,50315.000000
13745.000000,13691.000000,12849.000000,50327.000000
13712.000000,13709.000000,12856.000000,50289.000000
13745.000000,13695.000000,12858.000000,50317.000000
13726.000000,13695.000000,12872.000000,50292.000000
13724.000000,13655.000000,12849.000000,50369.000000
13756.000000,13656.000000,12866.000000,50322.000000
13755.000000,13664.000000,12804.000000,50350.000000
13745.000000,13664.000000,12862.000000,50284.000000
13729.000000,13683.000000,12815.000000,50324.000000
13712.000000,13684.000000,12849.000000,50339.000000
13784.000000,13715.000000,12787.000000,50343.000000
13734.000000,13693.000000,12824.000000,50328.000000
13701.000000,13720.000000,12815.000000,50343.000000
13738.000000,13669.000000,12841.000000,50318.000000
13730.000000,13677.000000,12823.000000,50338.000000
13696.000000,13669.000000,12864.000000,50316.000000
13684.000000,13673.000000,12847.000000,50341.000000
13692.000000,13695.000000,12884.000000,50332.000000
13710.000000,13684.000000,12846.000000,50301.000000
13673.000000,13669.000000,12851.000000,50335.000000
13660.000000,13655.000000,12842.000000,50334.000000
13714.000000,13704.000000,12815.000000,50351.000000
13702.000000,13643.000000,12868.000000,50337.000000
13739.000000,13653.000000,12826.000000,50337.000000
13724.000000,13674.000000,12868.000000,50336.000000
13705.000000,13729.000000,12847.000000,50324.000000
13714.000000,13679.000000,12865.000000,50364.000000
13720.000000,13677.000000,12898.000000,50297.000000
13744.000000,13700.000000,12881.000000,50340.000000
13759.000000,13663.000000,12908.000000,50381.000000
13727.000000,13701.000000,12864.000000,50347.000000
13811.000000,13719.000000,12853.000000,50413.000000
13752.000000,13719.000000,12908.000000,50358.000000
13787.000000,13729.000000,12884.000000,50378.000000
13753.000000,13692.000000,12907.000000,50372.000000
13811.000000,13687.000000,12869.000000,50380.000000
13734.000000,13713.000000,12971.000000,50398.000000
13816.000000,13721.000000,12881.000000,50408.000000
13769.000000,13687.000000,12961.000000,50393.000000
13793.000000,13719.000000,12941.000000,50365.000000
13819.000000,13731.000000,12960.000000,50351.000000
13814.000000,13741.000000,12946.000000,50395.000000
13808.000000,13754.000000,12960.000000,50358.000000
13820.000000,13721.000000,12942.000000,50395.000000
13801.000000,13684.000000,12978.000000,50412.000000
13809.000000,13740.000000,12968.000000,50398.000000
13831.000000,13728.000000,12927.000000,50406.000000
13822.000000,13791.000000,12970.000000,50389.000000
13794.000000,13767.000000,12949.000000,50402.000000
13798.000000,13738.000000,12944.000000,50382.000000
13829.000000,13759.000000,12985.000000,50418.000000
13801.000000,13775.000000,12988.000000,50414.000000
13773.000000,13752.000000,12984.000000,50397.000000
13770.000000,13729.000000,13022.000000,50414.000000
13791.000000,13727.000000,12960.000000,50383.000000
13789.000000,13688.000000,12963.000000,50455.000000
13737.000000,13709.000000,12946.000000,50394.000000
13775.000000,13729.000000,12902.000000,50417.000000
13740.000000,13729.000000,12964.000000,50395.000000
13774.000000,13719.000000,12939.000000,50407.000000
13706.000000,13705.000000,12946.000000,50381.000000
13737.000000,13716.000000,12913.000000,50404.000000
13738.000000,13687.000000,12928.000000,50435.000000
13724.000000,13687.000000,12907.000000,50336.000000
13685.000000,13689.000000,12936.000000,50365.000000
13663.000000,13655.000000,12919.000000,50357.000000
13688.000000,13683.000000,12947.000000,50369.000000
13607.000000,13697.000000,12905.000000,50355.000000
13623.000000,13622.000000,12911.000000,50334.000000
13596.000000,13677.000000,12872.000000,50365.000000
13614.000000,13661.000000,12885.000000,50377.000000
13571.000000,13632.000000,12894.000000,50323.000000
13553.000000,13667.000000,12852.000000,50301.000000
13584.000000,13680.000000,12849.000000,50298.000000
13537.000000,13651.000000,12883.000000,50287.000000
13477.000000,13613.000000,12854.000000,50306.000000
13480.000000,13601.000000,12810.000000,50301.000000
13505.000000,13593.000000,12832.000000,50311.000000
13490.000000,13597.000000,12794.000000,50255.000000
13504.000000,13550.000000,12782.000000,50274.000000
13456.000000,13594.000000,12774.000000,50246.000000
13463.000000,13593.000000,12741.000000,50224.000000
13406.000000,13541.000000,12768.000000,50249.000000
13358.000000,13599.000000,12752.000000,50203.000000
13398.000000,13554.000000,12734.000000,50233.000000
13367.000000,13547.000000,12738.000000,50242.000000
13414.000000,13517.000000,12682.000000,50225.000000
13361.000000,13542.000000,12718.000000,50214.000000
13438.000000,13534.000000,12679.000000,50192.000000
13346.000000,13559.000000,12663.000000,50179.000000
13396.000000,13532.000000,12649.000000,50205.000000
13308.000000,13477.000000,12657.000000,50178.000000
13383.000000,13477.000000,12626.000000,50211.000000
13307.000000,13509.000000,12610.000000,50147.000000
13309.000000,13445.000000,12638.000000,50161.000000
13269.000000,13483.000000,12592.000000,50172.000000
13339.000000,13450.000000,12567.000000,50172.000000
13265.000000,13451.000000,12557.000000,50128.000000
13309.000000,13453.000000,12484.000000,50120.000000
13272.000000,13431.000000,12545.000000,50117.000000
13254.000000,13482.000000,12563.000000,50057.000000
13287.000000,13414.000000,12518.000000,50141.000000
13259.000000,13405.000000,12537.000000,50104.000000
13274.000000,13406.000000,12456.000000,50137.000000
13263.000000,13387.000000,12466.000000,50098.000000
13264.000000,13391.000000,12465.000000,50111.000000
13247.000000,13372.000000,12484.000000,50093.000000
13302.000000,13422.000000,12391.000000,50059.000000
13235.000000,13383.000000,12444.000000,50059.000000
13251.000000,13417.000000,12411.000000,50055.000000
13242.000000,13363.000000,12425.000000,50095.000000
13290.000000,13398.000000,12417.000000,50072.000000
13245.000000,13335.000000,12415.000000,50077.000000
13263.000000,13371.000000,12417.000000,50097.000000
13301.000000,13382.000000,12438.000000,50064.000000
13244.000000,13417.000000,12374.000000,50058.000000
13261.000000,13399.000000,12385.000000,50072.000000
13265.000000,13396.000000,12421.000000,50047.000000
13275.000000,13375.000000,12360.000000,50083.000000
13278.000000,13344.000000,12382.000000,50055.000000
13277.000000,13360.000000,12437.000000,50077.000000
13274.000000,13370.000000,12401.000000,50069.000000
13304.000000,13329.000000,12387.000000,50135.000000
13261.000000,13369.000000,12387.000000,50040.000000
13279.000000,13372.000000,12383.000000,50024.000000
13277.000000,13395.000000,12399.000000,50071.000000
13309.000000,13415.000000,12417.000000,50032.000000
13295.000000,13376.000000,12423.000000,50067.000000
13279.000000,13362.000000,12464.000000,50054.000000
13356.000000,13355.000000,12394.000000,50078.000000
13335.000000,13405.000000,12436.000000,50088.000000
13356.000000,13390.000000,12445.000000,50099.000000
13344.000000,13381.000000,12447.000000,50120.000000
13407.000000,13429.000000,12437.000000,50112.000000
13373.000000,13408.000000,12488.000000,50149.000000
13376.000000,13497.000000,12485.000000,50083.000000
13367.000000,13458.000000,12524.000000,50148.000000
13404.000000,13469.000000,12524.000000,50149.000000
13410.000000,13421.000000,12527.000000,50157.000000
13407.000000,13483.000000,12525.000000,50213.000000
13429.000000,13466.000000,12579.000000,50179.000000
13407.000000,13533.000000,12542.000000,50197.000000
13425.000000,13513.000000,12554.000000,50189.000000
13438.000000,13484.000000,12613.000000,50186.000000
13476.000000,13497.000000,12601.000000,50209.000000
13454.000000,13485.000000,12667.000000,50210.000000
13476.000000,13513.000000,12687.000000,50244.000000
13473.000000,13528.000000,12687.000000,50238.000000
13551.000000,13504.000000,12700.000000,50275.000000
13508.000000,13535.000000,12697.000000,50235.000000
13564.000000,13545.000000,12713.000000,50299.000000
13554.000000,13589.000000,12731.000000,50305.000000
13592.000000,13589.000000,12764.000000,50274.000000
13595.000000,13584.000000,12796.000000,50309.000000
13553.000000,13609.000000,12848.000000,50280.000000
13658.000000,13636.000000,12825.000000,50331.000000
13633.000000,13635.000000,12872.000000,50320.000000
13684.000000,13649.000000,12857.000000,50337.000000
13721.000000,13669.000000,12898.000000,50395.000000
13758.000000,13711.000000,12894.000000,50374.000000
13761.000000,13729.000000,12927.000000,50417.000000
13775.000000,13744.000000,12966.000000,50402.000000
13832.000000,13749.000000,12996.000000,50442.000000
13817.000000,13810.000000,12997.000000,50479.000000
13833.000000,13744.000000,13018.000000,50466.000000
13827.000000,13767.000000,13048.000000,50480.000000
13892.000000,13803.000000,13115.000000,50517.000000
13903.000000,13859.000000,13062.000000,50479.000000
13877.000000,13805.000000,13117.000000,50501.000000
13877.000000,13809.000000,13131.000000,50490.000000
13886.000000,13835.000000,13114.000000,50519.000000
13910.000000,13815.000000,13149.000000,50511.000000
13897.000000,13781.000000,13129.000000,50512.000000
13869.000000,13827.000000,13100.000000,50496.000000
13922.000000,13826.000000,13067.000000,50527.000000
13867.000000,13801.000000,13090.000000,50502.000000
13871.000000,13798.000000,13080.000000,50505.000000
13846.000000,13814.000000,13097.000000,50499.000000
13830.000000,13836.000000,13082.000000,50418.000000
13829.000000,13759.000000,13074.000000,50503.000000
13790.000000,13764.000000,13140.000000,50412.000000
13827.000000,13758.000000,13105.000000,50463.000000
13827.000000,13789.000000,13088.000000,50471.000000
13832.000000,13783.000000,13060.000000,50442.000000
13798.000000,13763.000000,13100.000000,50451.000000
13839.000000,13785.000000,13058.000000,50416.000000
13854.000000,13740.000000,13089.000000,50418.000000
13764.000000,13788.000000,13072.000000,50463.000000
13829.000000,13769.000000,13047.000000,50488.000000
13823.000000,13832.000000,13072.000000,50489.000000
13840.000000,13756.000000,13070.000000,50484.000000
13811.000000,13805.000000,13073.000000,50495.000000
13850.000000,13789.000000,13072.000000,50471.000000
13822.000000,13800.000000,13016.000000,50448.000000
13839.000000,13771.000000,13095.000000,50468.000000
13817.000000,13803.000000,13087.000000,50435.000000
13841.000000,13769.000000,13056.000000,50445.000000
13811.000000,13732.000000,13102.000000,50464.000000
13813.000000,13733.000000,13038.000000,50461.000000
13817.000000,13768.000000,13029.000000,50513.000000
13819.000000,13793.000000,13041.000000,50452.000000
13812.000000,13739.000000,12997.000000,50459.000000
13804.000000,13779.000000,13015.000000,50432.000000
13764.000000,13744.000000,13016.000000,50442.000000
13691.000000,13775.000000,13019.000000,50358.000000
13760.000000,13733.000000,12959.000000,50421.000000
13673.000000,13704.000000,13023.000000,50357.000000
13694.000000,13703.000000,12949.000000,50396.000000
13692.000000,13663.000000,12977.000000,50421.000000
13660.000000,13675.000000,12924.000000,50399.000000
13643.000000,13641.000000,12910.000000,50367.000000
13617.000000,13648.000000,12914.000000,50355.000000
13646.000000,13659.000000,12922.000000,50308.000000
13588.000000,13639.000000,12913.000000,50337.000000
13624.000000,13619.000000,12885.000000,50359.000000
13555.000000,13639.000000,12882.000000,50325.000000
13583.000000,13567.000000,12841.000000,50316.000000
13521.000000,13612.000000,12795.000000,50317.000000
13551.000000,13619.000000,12819.000000,50292.000000
13517.000000,13639.000000,12756.000000,50278.000000
13507.000000,13583.000000,12774.000000,50268.000000
13495.000000,13561.000000,12769.000000,50240.000000
13481.000000,13566.000000,12740.000000,50259.000000
13440.000000,13538.000000,12741.000000,50259.000000
13437.000000,13523.000000,12704.000000,50227.000000
13504.000000,13566.000000,12673.000000,50280.000000
13463.000000,13553.000000,12679.000000,50227.000000
13426.000000,13553.000000,12654.000000,50218.000000
13425.000000,13515.000000,12623.000000,50182.000000
13451.000000,13453.000000,12603.000000,50205.000000
13426.000000,13544.000000,12651.000000,50167.000000
13441.000000,13494.000000,12607.000000,50190.000000
13422.000000,13436.000000,12693.000000,50166.000000
13471.000000,13495.000000,12586.000000,50206.000000
13460.000000,13442.000000,12627.000000,50202.000000
13476.000000,13482.000000,12586.000000,50195.000000
13481.000000,13477.000000,12573.000000,50148.000000
13489.000000,13490.000000,12579.000000,50183.000000
13494.000000,13503.000000,12590.000000,50214.000000
13496.000000,13457.000000,12583.000000,50184.000000
13498.000000,13462.000000,12511.000000,50179.000000
13527.000000,13456.000000,12618.000000,50195.000000
13527.000000,13478.000000,12545.000000,50165.000000
13524.000000,13462.000000,12527.000000,50143.000000
13514.000000,13494.000000,12526.000000,50171.000000
13486.000000,13468.000000,12578.000000,50146.000000
13543.000000,13466.000000,12549.000000,50167.000000
13482.000000,13471.000000,12582.000000,50181.000000
13531.000000,13476.000000,12513.000000,50154.000000
13529.000000,13457.000000,12485.000000,50203.000000
13509.000000,13507.000000,12517.000000,50177.000000
13521.000000,13497.000000,12484.000000,50169.000000
13536.000000,13502.000000,12530.000000,50160.000000
13464.000000,13483.000000,12511.000000,50148.000000
13492.000000,13509.000000,12557.000000,50193.000000
13505.000000,13474.000000,12538.000000,50135.000000
13499.000000,13425.000000,12513.000000,50232.000000
13491.000000,13453.000000,12541.000000,50164.000000
13519.000000,13425.000000,12507.000000,50186.000000
13505.000000,13476.000000,12549.000000,50162.000000
13571.000000,13502.000000,12479.000000,50219.000000
13513.000000,13453.000000,12556.000000,50161.000000
13501.000000,13503.000000,12510.000000,50185.000000
13495.000000,13479.000000,12555.000000,50160.000000
13506.000000,13443.000000,12521.000000,50196.000000
13475.000000,13458.000000,12531.000000,50173.000000
13481.000000,13454.000000,12475.000000,50159.000000
13520.000000,13456.000000,12511.000000,50139.000000
13488.000000,13465.000000,12519.000000,50148.000000
13511.000000,13469.000000,12522.000000,50183.000000
13468.000000,13466.000000,12566.000000,50182.000000
13477.000000,13431.000000,12538.000000,50187.000000
13463.000000,13463.000000,12505.000000,50162.000000
13452.000000,13424.000000,12560.000000,50157.000000
13429.000000,13462.000000,12533.000000,50184.000000
13509.000000,13452.000000,12512.000000,50221.000000
13450.000000,13467.000000,12519.000000,50164.000000
13484.000000,13476.000000,12489.000000,50195.000000
13481.000000,13459.000000,12531.000000,50154.000000
13432.000000,13489.000000,12520.000000,50154.000000
13445.000000,13439.000000,12530.000000,50165.000000
13412.000000,13486.000000,12565.000000,50153.000000
13464.000000,13449.000000,12516.000000,50225.000000
13431.000000,13459.000000,12542.000000,50145.000000
13496.000000,13439.000000,12542.000000,50178.000000
13444.000000,13450.000000,12560.000000,50178.000000
13484.000000,13434.000000,12524.000000,50205.000000
13458.000000,13463.000000,12540.000000,50207.000000
13497.000000,13457.000000,12553.000000,50194.000000
13464.000000,13455.000000,12555.000000,50177.000000
13497.000000,13415.000000,12570.000000,50208.000000
13430.000000,13448.000000,12515.000000,50164.000000
13464.000000,13439.000000,12543.000000,50222.000000
13478.000000,13481.000000,12560.000000,50145.000000
13467.000000,13477.000000,12534.000000,50197.000000
13441.000000,13443.000000,12599.000000,50196.000000
13441.000000,13483.000000,12574.000000,50162.000000
13463.000000,13487.000000,12595.000000,50198.000000
13459.000000,13483.000000,12588.000000,50185.000000
13456.000000,13515.000000,12637.000000,50193.000000
13480.000000,13453.000000,12627.000000,50230.000000
13491.000000,13466.000000,12655.000000,50253.000000
13488.000000,13481.000000,12630.000000,50248.000000
13550.000000,13478.000000,12614.000000,50287.000000
13523.000000,13535.000000,12664.000000,50248.000000
13589.000000,13535.000000,12641.000000,50280.000000
13557.000000,13519.000000,12721.000000,50272.000000
13575.000000,13575.000000,12703.000000,50294.000000
13636.000000,13560.000000,12716.000000,50264.000000
13631.000000,13586.000000,12742.000000,50338.000000
13632.000000,13554.000000,12785.000000,50338.000000
13641.000000,13603.000000,12790.000000,50299.000000
13690.000000,13564.000000,12820.000000,50355.000000
13702.000000,13611.000000,12839.000000,50330.000000
13699.000000,13637.000000,12863.000000,50332.000000
13724.000000,13667.000000,12906.000000,50373.000000
13697.000000,13675.000000,12951.000000,50371.000000
13740.000000,13689.000000,12907.000000,50376.000000
13771.000000,13677.000000,12990.000000,50407.000000
13818.000000,13721.000000,12997.000000,50440.000000
13834.000000,13703.000000,13025.000000,50477.000000
13820.000000,13744.000000,13054.000000,50488.000000
13912.000000,13755.000000,13030.000000,50509.000000
13832.000000,13823.000000,13104.000000,50473.000000
13873.000000,13803.000000,13086.000000,50519.000000
13943.000000,13821.000000,13129.000000,50494.000000
13940.000000,13834.000000,13191.000000,50550.000000
13918.000000,13879.000000,13221.000000,50509.000000
13961.000000,13847.000000,13210.000000,50591.000000
13950.000000,13878.000000,13307.000000,50565.000000
14012.000000,13877.000000,13286.000000,50601.000000
14060.000000,13911.000000,13344.000000,50620.000000
14086.000000,13925.000000,13336.000000,50643.000000
14095.000000,13947.000000,13374.000000,50635.000000
14141.000000,13948.000000,13399.000000,50683.000000
14141.000000,13969.000000,13429.000000,50634.000000
14140.000000,13989.000000,13427.000000,50701.000000
14189.000000,13963.000000,13464.000000,50763.000000
14125.000000,14019.000000,13526.000000,50704.000000
14210.000000,14015.000000,13504.000000,50751.000000
14209.000000,14026.000000,13494.000000,50735.000000
14196.000000,14053.000000,13531.000000,50759.000000
14216.000000,14102.000000,13534.000000,50735.000000
14212.000000,14024.000000,13539.000000,50740.000000
14200.000000,14092.000000,13544.000000,50732.000000
14223.000000,14024.000000,13535.000000,50748.000000
14194.000000,14049.000000,13561.000000,50747.000000
14213.000000,14027.000000,13532.000000,50734.000000
14229.000000,13986.000000,13501.000000,50789.000000
14204.000000,14055.000000,13535.000000,50760.000000
14215.000000,14055.000000,13502.000000,50779.000000
14195.000000,14035.000000,13526.000000,50735.000000
14200.000000,14043.000000,13521.000000,50763.000000
14188.000000,14017.000000,13565.000000,50701.000000
14221.000000,14046.000000,13512.000000,50766.000000
14180.000000,13978.000000,13545.000000,50739.000000
14190.000000,14012.000000,13512.000000,50714.000000
14188.000000,14003.000000,13551.000000,50736.000000
14205.000000,14021.000000,13492.000000,50703.000000
14228.000000,14000.000000,13505.000000,50732.000000
14240.000000,14040.000000,13519.000000,50752.000000
14155.000000,13987.000000,13544.000000,50669.000000
14179.000000,14018.000000,13474.000000,50711.000000
14230.000000,13990.000000,13506.000000,50746.000000
14194.000000,14022.000000,13499.000000,50744.000000
14219.000000,13979.000000,13478.000000,50765.000000
14189.000000,14022.000000,13473.000000,50697.000000
14167.000000,14004.000000,13478.000000,50676.000000
14173.000000,14021.000000,13505.000000,50685.000000
14157.000000,14010.000000,13446.000000,50711.000000
14121.000000,13995.000000,13476.000000,50677.000000
14164.000000,13973.000000,13467.000000,50693.000000
14128.000000,13979.000000,13496.000000,50729.000000
14174.000000,14007.000000,13457.000000,50711.000000
14214.000000,13971.000000,13445.000000,50761.000000
14146.000000,13993.000000,13453.000000,50707.000000
14183.000000,13957.000000,13426.000000,50680.000000
14155.000000,14018.000000,13471.000000,50719.000000
14134.000000,14003.000000,13420.000000,50702.000000
14123.000000,13938.000000,13446.000000,50711.000000
14174.000000,13978.000000,13445.000000,50742.000000
14130.000000,13988.000000,13447.000000,50712.000000
14107.000000,13966.000000,13433.000000,50712.000000
14121.000000,13926.000000,13457.000000,50680.000000
14133.000000,13972.000000,13436.000000,50695.000000
14106.000000,13968.000000,13423.000000,50677.000000
14124.000000,13948.000000,13434.000000,50682.000000
14084.000000,13992.000000,13472.000000,50628.000000
14094.000000,13970.000000,13391.000000,50685.000000
14103.000000,13916.000000,13425.000000,50684.000000
14117.000000,13950.000000,13407.000000,50682.000000
14129.000000,13918.000000,13386.000000,50708.000000
14077.000000,13972.000000,13413.000000,50681.000000
14079.000000,13972.000000,13371.000000,50669.000000
14087.000000,13998.000000,13413.000000,50651.000000
14071.000000,13955.000000,13389.000000,50687.000000
14071.000000,13970.000000,13393.000000,50637.000000
14071.000000,13949.000000,13373.000000,50690.000000
14028.000000,13954.000000,13398.000000,50587.000000
14077.000000,13952.000000,13373.000000,50669.000000
14040.000000,13925.000000,13434.000000,50645.000000
14075.000000,13914.000000,13396.000000,50640.000000
14060.000000,13940.000000,13415.000000,50631.000000
14062.000000,13914.000000,13346.000000,50639.000000
14072.000000,13915.000000,13391.000000,50643.000000
14058.000000,13917.000000,13375.000000,50666.000000
14014.000000,13932.000000,13388.000000,50643.000000
14009.000000,13917.000000,13362.000000,50612.000000
14043.000000,13874.000000,13352.000000,50660.000000
14007.000000,13938.000000,13370.000000,50633.000000
14053.000000,13935.000000,13325.000000,50661.000000
13985.000000,13906.000000,13331.000000,50665.000000
14005.000000,13921.000000,13326.000000,50616.000000
14025.000000,13952.000000,13279.000000,50619.000000
14038.000000,13920.000000,13353.000000,50646.000000
13982.000000,13921.000000,13340.000000,50592.000000
14011.000000,13888.000000,13360.000000,50628.000000
13958.000000,13885.000000,13341.000000,50610.000000
14005.000000,13863.000000,13299.000000,50607.000000
14032.000000,13893.000000,13322.000000,50670.000000
14012.000000,13916.000000,13312.000000,50627.000000
14000.000000,13938.000000,13258.000000,50634.000000
13995.000000,13912.000000,13288.000000,50610.000000
13987.000000,13869.000000,13318.000000,50622.000000
13950.000000,13903.000000,13324.000000,50556.000000
13953.000000,13879.000000,13308.000000,50579.000000
13898.000000,13875.000000,13344.000000,50571.000000
13942.000000,13886.000000,13297.000000,50579.000000
13957.000000,13855.000000,13331.000000,50592.000000
13937.000000,13858.000000,13277.000000,50588.000000
13969.000000,13894.000000,13236.000000,50581.000000
13964.000000,13859.000000,13303.000000,50590.000000
13945.000000,13854.000000,13291.000000,50550.000000
13917.000000,13834.000000,13275.000000,50564.000000
13916.000000,13825.000000,13268.000000,50599.000000
13896.000000,13849.000000,13291.000000,50580.000000
13942.000000,13856.000000,13222.000000,50584.000000
13940.000000,13866.000000,13269.000000,50610.000000
13940.000000,13835.000000,13274.000000,50577.000000
13921.000000,13856.000000,13270.000000,50527.000000
13932.000000,13847.000000,13281.000000,50575.000000
13897.000000,13853.000000,13294.000000,50573.000000
13918.000000,13843.000000,13255.000000,50573.000000
13930.000000,13803.000000,13259.000000,50623.000000
13894.000000,13839.000000,13249.000000,50577.000000
13906.000000,13866.000000,13214.000000,50587.000000
13907.000000,13824.000000,13257.000000,50583.000000
13895.000000,13835.000000,13199.000000,50566.000000
13862.000000,13850.000000,13257.000000,50596.000000
13888.000000,13805.000000,13275.000000,50540.000000
14139.000000,13797.000000,13269.000000,50581.000000
13870.000000,13823.000000,13247.000000,50591.000000
13902.000000,13805.000000,13190.000000,50608.000000
13889.000000,13809.000000,13215.000000,50573.000000
13886.000000,13818.000000,13158.000000,50575.000000
13857.000000,13815.000000,13213.000000,50565.000000
13867.000000,13816.000000,13214.000000,50558.000000
13845.000000,13824.000000,13182.000000,50569.000000
13916.000000,13785.000000,13204.000000,50604.000000
13885.000000,13791.000000,13210.000000,50547.000000
13841.000000,13815.000000,13210.000000,50549.000000
13881.000000,13824.000000,13158.000000,50543.000000
13855.000000,13836.000000,13203.000000,50563.000000
13836.000000,13835.000000,13205.000000,50569.000000
13829.000000,13784.000000,13188.000000,50541.000000
13832.000000,13788.000000,13215.000000,50581.000000
13829.000000,13779.000000,13181.000000,50548.000000
13838.000000,13752.000000,13217.000000,50562.000000
13830.000000,13798.000000,13191.000000,50541.000000
13849.000000,13771.000000,13141.000000,50577.000000
13832.000000,13770.000000,13177.000000,50529.000000
13850.000000,13827.000000,13159.000000,50493.000000
13805.000000,13807.000000,13179.000000,50543.000000
13803.000000,13824.000000,13198.000000,50552.000000
13839.000000,13780.000000,13196.000000,50534.000000
13836.000000,13787.000000,13220.000000,50534.000000
13894.000000,13789.000000,13200.000000,50553.000000
13865.000000,13783.000000,13174.000000,50526.000000
13890.000000,13807.000000,13152.000000,50554.000000
13832.000000,13760.000000,13220.000000,50543.000000
13891.000000,13811.000000,13150.000000,50566.000000
13887.000000,13816.000000,13210.000000,50570.000000
13824.000000,13826.000000,13185.000000,50555.000000
13879.000000,13811.000000,13213.000000,50567.000000
13918.000000,13819.000000,13259.000000,50615.000000
13859.000000,13810.000000,13263.000000,50597.000000
13912.000000,13817.000000,13213.000000,50629.000000
13896.000000,13849.000000,13276.000000,50617.000000
13912.000000,13892.000000,13288.000000,50591.000000
13894.000000,13884.000000,13278.000000,50591.000000
13920.000000,13820.000000,13306.000000,50612.000000
13973.000000,13847.000000,13301.000000,50630.000000
13945.000000,13871.000000,13344.000000,50627.000000
13947.000000,13826.000000,13353.000000,50665.000000
13958.000000,13863.000000,13354.000000,50648.000000
14005.000000,13902.000000,13338.000000,50640.000000
13955.000000,13896.000000,13409.000000,50647.000000
13949.000000,13940.000000,13371.000000,50617.000000
13998.000000,13944.000000,13412.000000,50680.000000
13980.000000,13936.000000,13425.000000,50645.000000
14020.000000,13945.000000,13445.000000,50699.000000
14017.000000,13888.000000,13473.000000,50677.000000
14069.000000,13959.000000,13435.000000,50689.000000
14074.000000,13972.000000,13455.000000,50693.000000
14084.000000,13953.000000,13481.000000,50728.000000
14122.000000,13978.000000,13515.000000,50746.000000
14124.000000,14040.000000,13499.000000,50712.000000
14149.000000,14011.000000,13516.000000,50737.000000
14102.000000,14012.000000,13539.000000,50754.000000
14173.000000,14009.000000,13555.000000,50773.000000
14178.000000,14038.000000,13539.000000,50762.000000
14203.000000,14015.000000,13577.000000,50764.000000
14199.000000,14072.000000,13579.000000,50778.000000
14241.000000,14068.000000,13624.000000,50825.000000
14224.000000,14105.000000,13627.000000,50792.000000
14244.000000,14073.000000,13637.000000,50829.000000
14253.000000,14039.000000,13689.000000,50829.000000
14274.000000,14058.000000,13631.000000,50785.000000
14277.000000,14048.000000,13644.000000,50857.000000
14311.000000,14074.000000,13631.000000,50838.000000
14251.000000,14064.000000,13618.000000,50811.000000
14243.000000,14104.000000,13614.000000,50771.000000
14265.000000,14037.000000,13640.000000,50797.000000
14213.000000,14061.000000,13617.000000,50783.000000
14252.000000,14046.000000,13613.000000,50794.000000
14175.000000,14068.000000,13607.000000,50727.000000
14217.000000,14061.000000,13584.000000,50782.000000
14203.000000,14011.000000,13583.000000,50781.000000
14196.000000,14283.000000,13562.000000,50788.000000
14211.000000,14028.000000,13555.000000,50737.000000
14205.000000,13998.000000,13548.000000,50765.000000
14206.000000,14033.000000,13565.000000,50768.000000
14170.000000,14044.000000,13540.000000,50727.000000
14216.000000,13993.000000,13536.000000,50781.000000
14169.000000,13994.000000,13556.000000,50777.000000
14198.000000,14012.000000,13526.000000,50764.000000
14191.000000,14010.000000,13492.000000,50771.000000
14165.000000,14010.000000,13514.000000,50735.000000
14192.000000,13994.000000,13475.000000,50739.000000
14198.000000,13994.000000,13502.000000,50745.000000
14179.000000,14047.000000,13476.000000,50722.000000
14171.000000,13992.000000,13467.000000,50755.000000
14154.000000,13944.000000,13534.000000,50701.000000
14171.000000,13983.000000,13474.000000,50730.000000
14199.000000,13946.000000,13490.000000,50728.000000
14177.000000,13929.000000,13451.000000,50709.000000
14133.000000,13987.000000,13403.000000,50723.000000
14205.000000,13964.000000,13385.000000,50674.000000
14140.000000,13959.000000,13425.000000,50689.000000
14130.000000,13975.000000,13402.000000,50679.000000
14111.000000,13944.000000,13441.000000,50690.000000
14091.000000,13994.000000,13418.000000,50649.000000
14113.000000,13925.000000,13415.000000,50672.000000
14069.000000,13926.000000,13421.000000,50694.000000
14102.000000,13917.000000,13384.000000,50653.000000
14108.000000,13977.000000,13388.000000,50676.000000
14109.000000,13945.000000,13390.000000,50657.000000
14086.000000,13906.000000,13378.000000,50623.000000
14039.000000,13930.000000,13378.000000,50617.000000
14043.000000,13909.000000,13384.000000,50639.000000
14050.000000,13882.000000,13347.000000,50639.000000
14055.000000,13867.000000,13309.000000,50650.000000
14078.000000,13883.000000,13292.000000,50616.000000
14034.000000,13878.000000,13306.000000,50617.000000
14070.000000,13868.000000,13250.000000,50646.000000
14072.000000,13909.000000,13296.000000,50614.000000
14028.000000,13907.000000,13267.000000,50608.000000
14299.000000,13855.000000,13284.000000,50601.000000
14008.000000,13829.000000,13317.000000,50587.000000
14014.000000,13865.000000,13278.000000,50630.000000
14015.000000,13811.000000,13316.000000,50593.000000
14060.000000,13895.000000,13238.000000,50589.000000
14056.000000,13837.000000,13233.000000,50600.000000
14010.000000,13866.000000,13213.000000,50551.000000
13992.000000,13832.000000,13270.000000,50587.000000
13979.000000,13833.000000,13223.000000,50575.000000
13990.000000,13820.000000,13216.000000,50584.000000
13931.000000,13875.000000,13201.000000,50506.000000
13960.000000,13785.000000,13214.000000,50559.000000
13886.000000,13835.000000,13209.000000,50570.000000
13949.000000,13812.000000,13174.000000,50559.000000
13914.000000,13852.000000,13139.000000,50550.000000
13914.000000,13827.000000,13171.000000,50556.000000
13938.000000,13803.000000,13165.000000,50507.000000
13920.000000,13776.000000,13151.000000,50531.000000
13907.000000,13795.000000,13199.000000,50528.000000
13895.000000,13751.000000,13121.000000,50548.000000
13942.000000,13795.000000,13111.000000,50571.000000
13889.000000,13769.000000,13102.000000,50490.000000
13878.000000,13717.000000,13137.000000,50517.000000
13928.000000,13761.000000,13090.000000,50540.000000
13902.000000,13737.000000,13097.000000,50487.000000
13891.000000,13795.000000,13044.000000,50457.000000
13871.000000,13739.000000,13068.000000,50494.000000
13864.000000,13736.000000,13116.000000,50451.000000
13872.000000,13745.000000,13079.000000,50482.000000
13826.000000,13755.000000,13066.000000,50447.000000
13853.000000,13723.000000,13049.000000,50472.000000
13863.000000,13699.000000,13080.000000,50483.000000
13871.000000,13755.000000,13041.000000,50469.000000
13875.000000,13719.000000,13051.000000,50446.000000
13862.000000,13719.000000,13014.000000,50451.000000
13841.000000,13737.000000,13022.000000,50492.000000
13794.000000,13765.000000,13021.000000,50414.000000
13844.000000,13709.000000,12992.000000,50481.000000
13809.000000,13717.000000,12995.000000,50418.000000
13848.000000,13697.000000,12973.000000,50445.000000
13812.000000,13691.000000,12964.000000,50432.000000
13832.000000,13695.000000,12987.000000,50468.000000
13813.000000,13682.000000,12940.000000,50414.000000
13812.000000,13711.000000,12956.000000,50441.000000
13762.000000,13659.000000,12958.000000,50417.000000
13808.000000,13704.000000,12942.000000,50412.000000
13824.000000,13633.000000,12917.000000,50456.000000
13746.000000,13672.000000,12931.000000,50380.000000
13799.000000,13692.000000,12921.000000,50428.000000
13815.000000,13691.000000,12901.000000,50423.000000
13768.000000,13664.000000,12917.000000,50406.000000
13768.000000,13687.000000,12907.000000,50377.000000
13774.000000,13641.000000,12882.000000,50381.000000
13736.000000,13627.000000,12921.000000,50376.000000
13761.000000,13620.000000,12878.000000,50420.000000
13765.000000,13591.000000,12943.000000,50406.000000
13765.000000,13624.000000,12881.000000,50391.000000
13798.000000,13592.000000,12848.000000,50430.000000
13750.000000,13643.000000,12874.000000,50391.000000
13749.000000,13584.000000,12819.000000,50379.000000
13718.000000,13605.000000,12823.000000,50347.000000
13750.000000,13575.000000,12819.000000,50395.000000
13722.000000,13612.000000,12863.000000,50382.000000
13725.000000,13602.000000,12791.000000,50372.000000
13704.000000,13577.000000,12783.000000,50359.000000
13724.000000,13600.000000,12822.000000,50352.000000
13717.000000,13571.000000,12834.000000,50331.000000
13745.000000,13566.000000,12817.000000,50354.000000
13714.000000,13600.000000,12813.000000,50332.000000
13710.000000,13611.000000,12788.000000,50352.000000
13721.000000,13555.000000,12797.000000,50347.000000
13731.000000,13595.000000,12753.000000,50341.000000
13736.000000,13560.000000,12751.000000,50370.000000
13705.000000,13526.000000,12755.000000,50337.000000
13691.000000,13575.000000,12769.000000,50339.000000
13699.000000,13605.000000,12782.000000,50320.000000
13662.000000,13565.000000,12792.000000,50303.000000
13676.000000,13565.000000,12790.000000,50339.000000
13703.000000,13538.000000,12729.000000,50335.000000
13666.000000,13556.000000,12770.000000,50343.000000
13701.000000,13571.000000,12726.000000,50338.000000
13736.000000,13519.000000,12734.000000,50373.000000
13678.000000,13561.000000,12725.000000,50332.000000
13746.000000,13560.000000,12693.000000,50342.000000
13696.000000,13577.000000,12736.000000,50330.000000
13706.000000,13539.000000,12730.000000,50321.000000
13664.000000,13522.000000,12722.000000,50300.000000
13670.000000,13549.000000,12689.000000,50316.000000
13709.000000,13512.000000,12706.000000,50337.000000
13705.000000,13561.000000,12684.000000,50357.000000
13702.000000,13522.000000,12701.000000,50347.000000
13680.000000,13539.000000,12690.000000,50294.000000
13736.000000,13529.000000,12762.000000,50319.000000
13737.000000,13563.000000,12739.000000,50334.000000
13715.000000,13538.000000,12741.000000,50311.000000
13690.000000,13554.000000,12759.000000,50337.000000
13719.000000,13547.000000,12766.000000,50361.000000
13734.000000,13649.000000,12760.000000,50355.000000
13775.000000,13519.000000,12745.000000,50371.000000
13792.000000,13599.000000,12769.000000,50377.000000
13794.000000,13602.000000,12789.000000,50338.000000
13778.000000,13611.000000,12828.000000,50350.000000
13762.000000,13635.000000,12819.000000,50352.000000
13793.000000,13622.000000,12867.000000,50385.000000
13819.000000,13617.000000,12865.000000,50395.000000
13816.000000,13605.000000,12835.000000,50424.000000
13838.000000,13611.000000,12860.000000,50411.000000
13879.000000,13635.000000,12883.000000,50465.000000
13883.000000,13634.000000,12899.000000,50428.000000
13940.000000,13627.000000,12861.000000,50462.000000
13903.000000,13695.000000,12946.000000,50459.000000
13921.000000,13643.000000,12965.000000,50452.000000
13937.000000,13783.000000,12972.000000,50479.000000
13968.000000,13728.000000,12957.000000,50480.000000
13992.000000,13688.000000,12971.000000,50506.000000
14022.000000,13747.000000,12983.000000,50532.000000
14011.000000,13755.000000,13038.000000,50527.000000
14038.000000,13780.000000,13053.000000,50504.000000
14080.000000,13759.000000,13114.000000,50534.000000
14082.000000,13747.000000,13098.000000,50569.000000
14055.000000,13851.000000,13168.000000,50568.000000
14108.000000,13818.000000,13156.000000,50560.000000
14130.000000,13864.000000,13217.000000,50604.000000
14145.000000,13868.000000,13197.000000,50590.000000
14169.000000,13838.000000,13214.000000,50682.000000
14206.000000,13856.000000,13263.000000,50650.000000
14269.000000,13896.000000,13242.000000,50672.000000
14194.000000,13901.000000,13266.000000,50682.000000
14220.000000,13963.000000,13280.000000,50674.000000
14240.000000,13883.000000,13316.000000,50658.000000
14231.000000,13908.000000,13288.000000,50699.000000
14229.000000,13888.000000,13285.000000,50687.000000
14243.000000,13902.000000,13300.000000,50684.000000
14314.000000,13843.000000,13340.000000,50715.000000
14248.000000,13926.000000,13285.000000,50656.000000
14293.000000,13872.000000,13272.000000,50680.000000
14251.000000,13919.000000,13294.000000,50660.000000
14278.000000,13869.000000,13302.000000,50677.000000
14244.000000,13914.000000,13272.000000,50671.000000
14239.000000,13890.000000,13284.000000,50653.000000
14265.000000,13916.000000,13270.000000,50662.000000
14301.000000,13848.000000,13283.000000,50728.000000
14249.000000,13897.000000,13249.000000,50673.000000
14224.000000,13893.000000,13262.000000,50664.000000
14241.000000,13847.000000,13290.000000,50660.000000
14253.000000,13860.000000,13297.000000,50626.000000
14216.000000,13906.000000,13290.000000,50626.000000
14204.000000,13917.000000,13248.000000,50662.000000
14188.000000,13868.000000,13281.000000,50646.000000
14208.000000,13881.000000,13247.000000,50636.000000
14185.000000,13855.000000,13225.000000,50687.000000
14162.000000,13897.000000,13228.000000,50634.000000
14224.000000,13876.000000,13199.000000,50673.000000
14187.000000,13891.000000,13240.000000,50642.000000
14180.000000,13863.000000,13198.000000,50621.000000
14197.000000,13878.000000,13231.000000,50664.000000
14192.000000,13865.000000,13225.000000,50637.000000
14170.000000,13838.000000,13245.000000,50642.000000
14155.000000,13842.000000,13230.000000,50639.000000
14172.000000,13794.000000,13211.000000,50687.000000
14157.000000,13844.000000,13219.000000,50596.000000
14187.000000,13827.000000,13217.000000,50644.000000
14143.000000,13830.000000,13186.000000,50593.000000
14178.000000,13799.000000,13224.000000,50618.000000
14138.000000,13835.000000,13182.000000,50618.000000
14133.000000,13816.000000,13228.000000,50632.000000
14109.000000,13832.000000,13185.000000,50607.000000
14176.000000,13800.000000,13198.000000,50631.000000
14127.000000,13817.000000,13179.000000,50609.000000
14145.000000,13850.000000,13133.000000,50577.000000
14153.000000,13843.000000,13167.000000,50562.000000
14094.000000,13870.000000,13177.000000,50615.000000
14091.000000,13827.000000,13197.000000,50604.000000
14097.000000,13803.000000,13196.000000,50599.000000
14058.000000,13760.000000,13154.000000,50635.000000
14095.000000,13807.000000,13138.000000,50572.000000
14110.000000,13783.000000,13135.000000,50576.000000
14080.000000,13829.000000,13156.000000,50597.000000
14112.000000,13823.000000,13058.000000,50585.000000
14079.000000,13811.000000,13129.000000,50560.000000
14061.000000,13853.000000,13107.000000,50566.000000
14066.000000,13817.000000,13130.000000,50590.000000
14048.000000,13807.000000,13143.000000,50576.000000
14043.000000,13773.000000,13109.000000,50568.000000
14036.000000,13799.000000,13145.000000,50570.000000
14094.000000,13785.000000,13101.000000,50587.000000
14051.000000,13835.000000,13119.000000,50566.000000
14077.000000,13797.000000,13106.000000,50557.000000
14033.000000,13787.000000,13109.000000,50568.000000
14056.000000,13793.000000,13069.000000,50585.000000
14041.000000,13800.000000,13101.000000,50526.000000
14026.000000,13782.000000,13108.000000,50566.000000
14022.000000,13780.000000,13103.000000,50539.000000
14062.000000,13739.000000,13078.000000,50562.000000
13979.000000,13775.000000,13087.000000,50541.000000
14012.000000,13795.000000,13044.000000,50503.000000
13978.000000,13729.000000,13053.000000,50528.000000
13959.000000,13751.000000,13120.000000,50479.000000
13973.000000,13722.000000,13069.000000,50515.000000
13978.000000,13724.000000,13083.000000,50548.000000
14010.000000,13732.000000,13021.000000,50515.000000
13951.000000,13756.000000,13033.000000,50529.000000
13979.000000,13729.000000,13053.000000,50527.000000
13956.000000,13701.000000,13034.000000,50494.000000
13981.000000,13759.000000,13006.000000,50479.000000
13939.000000,13708.000000,13000.000000,50518.000000
13880.000000,13737.000000,13031.000000,50459.000000
13962.000000,13687.000000,13016.000000,50501.000000
13915.000000,13747.000000,13037.000000,50507.000000
13935.000000,13708.000000,13013.000000,50503.000000
13891.000000,13731.000000,13028.000000,50485.000000
13903.000000,13723.000000,13026.000000,50487.000000
13872.000000,13703.000000,13004.000000,50439.000000
13892.000000,13695.000000,12993.000000,50443.000000
13914.000000,13661.000000,12977.000000,50464.000000
13875.000000,13746.000000,12998.000000,50443.000000
13873.000000,13670.000000,12980.000000,50488.000000
13855.000000,13681.000000,12966.000000,50497.000000
13860.000000,13651.000000,12974.000000,50449.000000
13879.000000,13660.000000,12912.000000,50471.000000
13842.000000,13649.000000,12947.000000,50439.000000
13840.000000,13671.000000,12946.000000,50413.000000
13856.000000,13648.000000,12946.000000,50464.000000
13799.000000,13655.000000,12947.000000,50406.000000
13837.000000,13638.000000,12941.000000,50456.000000
13811.000000,13609.000000,12927.000000,50487.000000
13800.000000,13667.000000,12906.000000,50406.000000
13808.000000,13622.000000,12900.000000,50437.000000
13828.000000,13635.000000,12881.000000,50423.000000
13769.000000,13620.000000,12872.000000,50428.000000
13759.000000,13668.000000,12887.000000,50366.000000
13781.000000,13613.000000,12867.000000,50419.000000
13718.000000,13649.000000,12897.000000,50387.000000
13744.000000,13595.000000,12896.000000,50420.000000
13725.000000,13628.000000,12905.000000,50379.000000
13724.000000,13616.000000,12882.000000,50430.000000
13752.000000,13603.000000,12853.000000,50406.000000
13743.000000,13589.000000,12854.000000,50387.000000
13720.000000,13613.000000,12826.000000,50374.000000
13709.000000,13593.000000,12828.000000,50401.000000
13698.000000,13605.000000,12866.000000,50379.000000
13742.000000,13619.000000,12831.000000,50397.000000
13714.000000,13550.000000,12852.000000,50396.000000
13704.000000,13554.000000,12855.000000,50375.000000
13687.000000,13547.000000,12838.000000,50388.000000
13703.000000,13537.000000,12766.000000,50400.000000
13661.000000,13539.000000,12786.000000,50367.000000
13716.000000,13571.000000,12763.000000,50375.000000
13681.000000,13554.000000,12812.000000,50374.000000
13682.000000,13627.000000,12772.000000,50329.000000
13691.000000,13571.000000,12781.000000,50345.000000
13591.000000,13563.000000,12800.000000,50292.000000
13693.000000,13523.000000,12775.000000,50345.000000
13655.000000,13548.000000,12791.000000,50369.000000
13659.000000,13534.000000,12762.000000,50348.000000
13602.000000,13529.000000,12793.000000,50338.000000
13684.000000,13548.000000,12732.000000,50340.000000
13605.000000,13513.000000,12710.000000,50374.000000
13636.000000,13566.000000,12699.000000,50325.000000
13619.000000,13516.000000,12746.000000,50300.000000
13583.000000,13528.000000,12672.000000,50342.000000
13586.000000,13493.000000,12701.000000,50289.000000
13585.000000,13496.000000,12700.000000,50334.000000
13576.000000,13478.000000,12665.000000,50309.000000
13581.000000,13467.000000,12647.000000,50272.000000
13543.000000,13486.000000,12684.000000,50269.000000
13556.000000,13479.000000,12695.000000,50239.000000
13578.000000,13487.000000,12652.000000,50295.000000
13529.000000,13468.000000,12677.000000,50316.000000
13570.000000,13410.000000,12650.000000,50320.000000
13539.000000,13470.000000,12649.000000,50312.000000
13606.000000,13470.000000,12625.000000,50304.000000
13539.000000,13473.000000,12655.000000,50283.000000
13594.000000,13498.000000,12650.000000,50312.000000
13579.000000,13487.000000,12641.000000,50287.000000
13568.000000,13482.000000,12748.000000,50245.000000
13581.000000,13505.000000,12693.000000,50310.000000
13595.000000,13439.000000,12713.000000,50333.000000
13607.000000,13509.000000,12707.000000,50301.000000
13645.000000,13482.000000,12695.000000,50326.000000
13596.000000,13468.000000,12735.000000,50315.000000
13627.000000,13505.000000,12719.000000,50346.000000
13605.000000,13525.000000,12793.000000,50346.000000
13655.000000,13488.000000,12736.000000,50375.000000
13645.000000,13522.000000,12785.000000,50388.000000
13666.000000,13533.000000,12771.000000,50366.000000
13701.000000,13490.000000,12824.000000,50372.000000
13717.000000,13571.000000,12811.000000,50387.000000
13747.000000,13537.000000,12847.000000,50397.000000
13726.000000,13583.000000,12847.000000,50395.000000
13723.000000,13580.000000,12909.000000,50426.000000
13741.000000,13581.000000,12875.000000,50403.000000
13768.000000,13595.000000,12873.000000,50488.000000
13802.000000,13643.000000,12904.000000,50430.000000
13849.000000,13647.000000,12922.000000,50460.000000
13796.000000,13665.000000,12968.000000,50457.000000
13812.000000,13655.000000,12987.000000,50439.000000
13842.000000,13665.000000,13017.000000,50510.000000
14144.000000,13657.000000,12985.000000,50532.000000
13847.000000,13677.000000,13045.000000,50519.000000
13909.000000,13699.000000,13051.000000,50555.000000
13960.000000,13676.000000,13065.000000,50594.000000
13950.000000,13701.000000,13098.000000,50534.000000
14003.000000,13772.000000,13056.000000,50560.000000
13979.000000,13757.000000,13132.000000,50579.000000
13950.000000,13800.000000,13132.000000,50606.000000
14029.000000,13777.000000,13139.000000,50596.000000
13979.000000,13783.000000,13157.000000,50592.000000
14085.000000,13731.000000,13162.000000,50634.000000
14087.000000,13791.000000,13173.000000,50614.000000
14089.000000,13797.000000,13187.000000,50633.000000
14059.000000,13792.000000,13226.000000,50618.000000
14160.000000,13864.000000,13164.000000,50646.000000
14093.000000,13799.000000,13231.000000,50669.000000
14132.000000,13856.000000,13241.000000,50642.000000
14099.000000,13821.000000,13229.000000,50635.000000
14123.000000,13779.000000,13186.000000,50682.000000
14101.000000,13791.000000,13203.000000,50623.000000
14099.000000,13787.000000,13185.000000,50664.000000
14085.000000,13780.000000,13192.000000,50610.000000
14099.000000,13812.000000,13123.000000,50567.000000
14094.000000,13814.000000,13145.000000,50609.000000
14049.000000,13799.000000,13202.000000,50568.000000
14092.000000,13768.000000,13138.000000,50623.000000
14047.000000,13787.000000,13146.000000,50617.000000
14025.000000,13751.000000,13122.000000,50594.000000
14043.000000,13775.000000,13115.000000,50585.000000
14104.000000,13735.000000,13078.000000,50581.000000
14043.000000,13723.000000,13053.000000,50574.000000
14076.000000,13779.000000,13027.000000,50571.000000
14015.000000,13707.000000,13046.000000,50549.000000
14007.000000,13759.000000,13003.000000,50539.000000
14036.000000,13729.000000,13045.000000,50577.000000
13949.000000,13762.000000,13036.000000,50538.000000
13965.000000,13725.000000,13029.000000,50539.000000
13994.000000,13701.000000,13007.000000,50561.000000
13983.000000,13713.000000,13006.000000,50501.000000
13972.000000,13695.000000,12971.000000,50491.000000
14022.000000,13676.000000,12976.000000,50542.000000
13978.000000,13680.000000,12971.000000,50503.000000
13958.000000,13647.000000,12975.000000,50497.000000
13949.000000,13669.000000,12919.000000,50501.000000
13960.000000,13637.000000,12981.000000,50513.000000
13930.000000,13675.000000,12902.000000,50497.000000
13905.000000,13623.000000,12923.000000,50496.000000
13882.000000,13647.000000,12869.000000,50433.000000
13962.000000,13603.000000,12854.000000,50484.000000
13916.000000,13638.000000,12859.000000,50442.000000
13889.000000,13635.000000,12862.000000,50375.000000
13888.000000,13618.000000,12840.000000,50419.000000
13836.000000,13584.000000,12853.000000,50429.000000
13873.000000,13574.000000,12824.000000,50429.000000
13845.000000,13588.000000,12769.000000,50437.000000
13862.000000,13568.000000,12753.000000,50456.000000
13832.000000,13588.000000,12760.000000,50402.000000
13863.000000,13579.000000,12726.000000,50392.000000
13797.000000,13552.000000,12715.000000,50405.000000
13845.000000,13582.000000,12687.000000,50381.000000
13808.000000,13547.000000,12725.000000,50374.000000
13745.000000,13548.000000,12714.000000,50401.000000
13808.000000,13541.000000,12679.000000,50367.000000
13820.000000,13537.000000,12664.000000,50380.000000
13768.000000,13525.000000,12671.000000,50367.000000
13766.000000,13521.000000,12644.000000,50333.000000
13790.000000,13542.000000,12626.000000,50343.000000
13786.000000,13518.000000,12657.000000,50309.000000
13785.000000,13507.000000,12658.000000,50335.000000
13794.000000,13485.000000,12631.000000,50359.000000
13827.000000,13465.000000,12575.000000,50377.000000
13781.000000,13479.000000,12605.000000,50359.000000
13803.000000,13447.000000,12626.000000,50390.000000
13765.000000,13491.000000,12609.000000,50335.000000
13820.000000,13536.000000,12567.000000,50317.000000
13762.000000,13497.000000,12597.000000,50328.000000
13729.000000,13454.000000,12632.000000,50281.000000
13747.000000,13491.000000,12560.000000,50329.000000
13750.000000,13408.000000,12594.000000,50312.000000
13769.000000,13435.000000,12535.000000,50317.000000
13756.000000,13429.000000,12563.000000,50315.000000
13742.000000,13451.000000,12525.000000,50267.000000
13709.000000,13423.000000,12530.000000,50295.000000
13678.000000,13458.000000,12522.000000,50263.000000
13698.000000,13418.000000,12512.000000,50278.000000
13649.000000,13465.000000,12506.000000,50223.000000
13663.000000,13396.000000,12511.000000,50276.000000
13617.000000,13399.000000,12511.000000,50246.000000
13658.000000,13400.000000,12488.000000,50241.000000
13628.000000,13401.000000,12427.000000,50257.000000
13618.000000,13373.000000,12461.000000,50229.000000
13600.000000,13371.000000,12447.000000,50203.000000
13578.000000,13365.000000,12426.000000,50230.000000
13565.000000,13369.000000,12445.000000,50198.000000
13579.000000,13329.000000,12403.000000,50206.000000
13579.000000,13334.000000,12396.000000,50248.000000
13533.000000,13339.000000,12376.000000,50161.000000
13555.000000,13335.000000,12354.000000,50167.000000
13519.000000,13349.000000,12321.000000,50180.000000
13488.000000,13311.000000,12331.000000,50165.000000
13476.000000,13348.000000,12313.000000,50109.000000
13492.000000,13288.000000,12304.000000,50132.000000
13455.000000,13250.000000,12320.000000,50136.000000
13472.000000,13275.000000,12279.000000,50164.000000
13459.000000,13240.000000,12239.000000,50160.000000
13459.000000,13236.000000,12259.000000,50099.000000
13460.000000,13272.000000,12215.000000,50138.000000
13437.000000,13243.000000,12220.000000,50104.000000
13416.000000,13231.000000,12243.000000,50110.000000
13422.000000,13242.000000,12207.000000,50076.000000
13448.000000,13207.000000,12182.000000,50061.000000
13443.000000,13167.000000,12165.000000,50101.000000
13415.000000,13203.000000,12156.000000,50087.000000
13498.000000,13163.000000,12143.000000,50081.000000
13434.000000,13207.000000,12177.000000,50073.000000
13467.000000,13164.000000,12138.000000,50067.000000
13399.000000,13189.000000,12137.000000,50068.000000
13432.000000,13147.000000,12158.000000,50091.000000
13440.000000,13181.000000,12134.000000,50051.000000
13463.000000,13165.000000,12104.000000,50086.000000
13434.000000,13163.000000,12137.000000,50035.000000
13402.000000,13169.000000,12128.000000,50043.000000
13462.000000,13167.000000,12088.000000,50082.000000
13430.000000,13163.000000,12147.000000,50052.000000
13432.000000,13183.000000,12121.000000,50047.000000
13438.000000,13173.000000,12109.000000,50052.000000
13462.000000,13176.000000,12086.000000,50089.000000
13415.000000,13163.000000,12094.000000,50005.000000
13398.000000,13162.000000,12066.000000,50053.000000
13394.000000,13134.000000,12087.000000,50066.000000
13382.000000,13187.000000,12108.000000,49977.000000
13389.000000,13172.000000,12088.000000,50032.000000
13344.000000,13139.000000,12119.000000,50010.000000
13359.000000,13151.000000,12103.000000,50022.000000
13393.000000,13122.000000,12095.000000,50018.000000
13386.000000,13176.000000,12078.000000,50035.000000
13339.000000,13147.000000,12080.000000,50052.000000
13307.000000,13179.000000,12066.000000,49962.000000
13338.000000,13129.000000,12065.000000,50035.000000
13255.000000,13131.000000,12080.000000,49992.000000
13275.000000,13104.000000,12069.000000,49993.000000
13229.000000,13139.000000,12066.000000,49972.000000
13271.000000,13105.000000,12035.000000,49988.000000
13235.000000,13085.000000,12022.000000,49961.000000
13239.000000,13117.000000,11996.000000,49980.000000
13217.000000,13089.000000,12051.000000,49917.000000
13222.000000,13100.000000,11972.000000,49987.000000
13234.000000,13054.000000,12020.000000,50004.000000
13201.000000,13053.000000,11991.000000,49951.000000
13227.000000,13072.000000,11971.000000,49983.000000
13216.000000,13059.000000,11985.000000,49945.000000
13192.000000,13047.000000,11985.000000,49908.000000
13228.000000,13087.000000,12023.000000,49950.000000
13191.000000,13064.000000,11952.000000,49954.000000
13190.000000,13032.000000,11992.000000,49943.000000
13201.000000,13085.000000,11978.000000,49964.000000
13259.000000,13051.000000,11978.000000,50010.000000
13219.000000,13073.000000,11961.000000,49964.000000
13276.000000,13096.000000,11968.000000,49989.000000
13245.000000,13113.000000,12034.000000,49960.000000
13263.000000,13095.000000,12027.000000,49973.000000
13290.000000,13116.000000,12014.000000,50021.000000
13257.000000,13088.000000,12057.000000,49989.000000
13349.000000,13095.000000,12004.000000,50019.000000
13334.000000,13124.000000,12053.000000,50038.000000
13357.000000,13145.000000,12012.000000,50021.000000
13357.000000,13163.000000,12105.000000,50055.000000
13443.000000,13150.000000,12048.000000,50086.000000
13396.000000,13185.000000,12133.000000,50075.000000
13429.000000,13197.000000,12116.000000,50068.000000
13479.000000,13180.000000,12158.000000,50118.000000
13532.000000,13207.000000,12182.000000,50179.000000
13502.000000,13224.000000,12234.000000,50129.000000
13561.000000,13273.000000,12213.000000,50144.000000
13572.000000,13284.000000,12278.000000,50176.000000
13583.000000,13290.000000,12298.000000,50164.000000
13631.000000,13309.000000,12339.000000,50230.000000
13646.000000,13305.000000,12385.000000,50244.000000
13689.000000,13334.000000,12379.000000,50250.000000
13671.000000,13349.000000,12408.000000,50265.000000
13687.000000,13366.000000,12412.000000,50320.000000
13711.000000,13364.000000,12458.000000,50287.000000
13732.000000,13410.000000,12432.000000,50299.000000
13741.000000,13414.000000,12504.000000,50308.000000
13755.000000,13460.000000,12516.000000,50294.000000
13770.000000,13458.000000,12552.000000,50362.000000
13745.000000,13477.000000,12621.000000,50353.000000
13799.000000,13479.000000,12626.000000,50372.000000
13779.000000,13457.000000,12674.000000,50356.000000
13904.000000,13537.000000,12654.000000,50412.000000
13899.000000,13553.000000,12670.000000,50429.000000
13910.000000,13536.000000,12711.000000,50413.000000
13917.000000,13561.000000,12757.000000,50439.000000
13927.000000,13587.000000,12771.000000,50410.000000
13952.000000,13591.000000,12796.000000,50446.000000
13912.000000,13618.000000,12805.000000,50510.000000
13937.000000,13562.000000,12788.000000,50471.000000
13972.000000,13600.000000,12775.000000,50512.000000
13962.000000,13593.000000,12836.000000,50485.000000
13973.000000,13567.000000,12772.000000,50482.000000
13951.000000,13604.000000,12812.000000,50479.000000
13952.000000,13608.000000,12785.000000,50452.000000
13918.000000,13553.000000,12799.000000,50492.000000
13909.000000,13529.000000,12804.000000,50466.000000
13969.000000,13575.000000,12788.000000,50452.000000
13949.000000,13561.000000,12783.000000,50485.000000
13928.000000,13526.000000,12757.000000,50468.000000
13908.000000,13533.000000,12741.000000,50475.000000
13968.000000,13543.000000,12714.000000,50455.000000
13914.000000,13538.000000,12748.000000,50471.000000
13904.000000,13569.000000,12693.000000,50414.000000
13914.000000,13499.000000,12738.000000,50423.000000
13856.000000,13615.000000,12723.000000,50420.000000
13859.000000,13517.000000,12746.000000,50425.000000
13848.000000,13572.000000,12726.000000,50425.000000
13870.000000,13491.000000,12732.000000,50441.000000
13829.000000,13518.000000,12660.000000,50431.000000
13840.000000,13500.000000,12692.000000,50425.000000
13856.000000,13498.000000,12698.000000,50416.000000
13879.000000,13548.000000,12649.000000,50417.000000
13839.000000,13491.000000,12719.000000,50384.000000
13859.000000,13507.000000,12693.000000,50425.000000
13833.000000,13483.000000,12652.000000,50405.000000
13843.000000,13491.000000,12650.000000,50422.000000
13787.000000,13483.000000,12649.000000,50397.000000
13794.000000,13478.000000,12615.000000,50418.000000
13807.000000,13463.000000,12651.000000,50395.000000
13812.000000,13445.000000,12584.000000,50378.000000
13772.000000,13439.000000,12630.000000,50368.000000
13729.000000,13444.000000,12642.000000,50317.000000
13760.000000,13456.000000,12596.000000,50363.000000
13736.000000,13439.000000,12616.000000,50331.000000
13746.000000,13413.000000,12604.000000,50379.000000
13785.000000,13403.000000,12579.000000,50390.000000
13769.000000,13420.000000,12544.000000,50339.000000
13686.000000,13444.000000,12583.000000,50340.000000
13697.000000,13409.000000,12535.000000,50309.000000
13690.000000,13436.000000,12539.000000,50349.000000
13659.000000,13443.000000,12501.000000,50311.000000
13672.000000,13393.000000,12525.000000,50319.000000
13608.000000,13406.000000,12511.000000,50331.000000
13655.000000,13377.000000,12508.000000,50307.000000
13660.000000,13412.000000,12480.000000,50306.000000
13650.000000,13386.000000,12510.000000,50328.000000
13643.000000,13382.000000,12501.000000,50261.000000
13639.000000,13381.000000,12479.000000,50290.000000
13626.000000,13367.000000,12486.000000,50264.000000
13622.000000,13347.000000,12446.000000,50312.000000
13591.000000,13325.000000,12454.000000,50338.000000
13650.000000,13355.000000,12413.000000,50302.000000
13617.000000,13329.000000,12422.000000,50281.000000
13633.000000,13312.000000,12406.000000,50306.000000
13607.000000,13318.000000,12438.000000,50246.000000
13603.000000,13339.000000,12386.000000,50212.000000
13574.000000,13304.000000,12370.000000,50211.000000
13528.000000,13347.000000,12404.000000,50207.000000
13565.000000,13295.000000,12394.000000,50232.000000
13522.000000,13255.000000,12355.000000,50250.000000
13551.000000,13295.000000,12338.000000,50213.000000
13576.000000,13195.000000,12337.000000,50216.000000
13591.000000,13299.000000,12316.000000,50180.000000
13585.000000,13280.000000,12348.000000,50193.000000
13522.000000,13239.000000,12303.000000,50206.000000
13489.000000,13264.000000,12299.000000,50233.000000
13514.000000,13318.000000,12305.000000,50135.000000
13515.000000,13251.000000,12276.000000,50243.000000
13452.000000,13268.000000,12293.000000,50190.000000
13510.000000,13253.000000,12254.000000,50172.000000
13480.000000,13290.000000,12251.000000,50158.000000
13458.000000,13215.000000,12246.000000,50170.000000
13439.000000,13218.000000,12217.000000,50137.000000
13452.000000,13215.000000,12219.000000,50166.000000
13424.000000,13197.000000,12277.000000,50149.000000
13422.000000,13161.000000,12188.000000,50153.000000
13407.000000,13175.000000,12133.000000,50134.000000
13397.000000,13175.000000,12159.000000,50090.000000
13388.000000,13184.000000,12173.000000,50127.000000
13395.000000,13148.000000,12138.000000,50079.000000
13371.000000,13163.000000,12132.000000,50076.000000
13347.000000,13183.000000,12128.000000,50059.000000
13378.000000,13136.000000,12098.000000,50100.000000
13356.000000,13105.000000,12152.000000,50085.000000
13381.000000,13127.000000,12087.000000,50071.000000
13380.000000,13099.000000,12067.000000,50124.000000
13355.000000,13101.000000,12089.000000,50063.000000
13387.000000,13123.000000,12039.000000,50075.000000
13318.000000,13108.000000,12071.000000,50031.000000
13305.000000,13143.000000,12034.000000,50057.000000
13302.000000,13073.000000,12038.000000,50034.000000
13278.000000,13073.000000,12015.000000,50057.000000
13251.000000,13022.000000,12050.000000,50032.000000
13245.000000,13079.000000,12003.000000,50037.000000
13268.000000,13024.000000,12027.000000,50022.000000
13227.000000,13061.000000,11976.000000,49993.000000
13296.000000,13023.000000,11980.000000,50003.000000
13275.000000,13064.000000,11933.000000,49979.000000
13260.000000,12981.000000,11933.000000,49987.000000
13335.000000,13051.000000,11935.000000,49992.000000
13327.000000,13002.000000,11947.000000,50026.000000
13301.000000,13014.000000,11926.000000,49989.000000
13315.000000,13038.000000,11904.000000,49943.000000
13347.000000,13021.000000,11896.000000,49996.000000
13301.000000,13030.000000,11953.000000,49972.000000
13274.000000,13046.000000,11970.000000,50013.000000
13285.000000,13033.000000,11914.000000,49996.000000
13346.000000,13000.000000,11928.000000,50020.000000
13269.000000,13025.000000,11904.000000,49970.000000
13292.000000,13018.000000,11916.000000,50000.000000
13257.000000,13013.000000,11912.000000,50004.000000
13271.000000,13032.000000,11898.000000,49955.000000
13232.000000,13019.000000,11898.000000,49990.000000
13165.000000,13035.000000,11914.000000,49926.000000
13208.000000,13001.000000,11916.000000,49960.000000
13182.000000,13008.000000,11872.000000,49943.000000
13214.000000,12997.000000,11883.000000,49947.000000
13259.000000,12995.000000,11901.000000,49929.000000
13248.000000,12999.000000,11842.000000,49942.000000
13240.000000,12970.000000,11901.000000,49919.000000
13251.000000,13049.000000,11883.000000,49932.000000
13242.000000,13041.000000,11870.000000,49959.000000
13250.000000,13022.000000,11867.000000,49959.000000
13268.000000,13007.000000,11877.000000,49958.000000
13284.000000,13006.000000,11860.000000,49987.000000
13255.000000,13289.000000,11878.000000,49983.000000
13287.000000,13040.000000,11823.000000,49936.000000
13264.000000,12986.000000,11896.000000,49954.000000
13242.000000,13034.000000,11900.000000,49964.000000
13231.000000,13023.000000,11888.000000,49973.000000
13222.000000,13011.000000,11906.000000,49959.000000
13230.000000,12997.000000,11892.000000,49989.000000
13243.000000,13008.000000,11889.000000,49962.000000
13275.000000,13048.000000,11867.000000,49982.000000
13228.000000,12989.000000,11881.000000,49959.000000
13282.000000,13045.000000,11864.000000,49944.000000
13250.000000,13015.000000,11908.000000,49971.000000
13250.000000,13063.000000,11959.000000,49938.000000
13288.000000,13029.000000,11943.000000,49986.000000
13277.000000,12999.000000,11957.000000,49980.000000
13301.000000,13021.000000,11983.000000,50002.000000
13315.000000,13015.000000,11976.000000,50017.000000
13289.000000,13071.000000,11981.000000,50022.000000
13377.000000,13050.000000,11990.000000,50008.000000
13325.000000,13080.000000,12038.000000,50053.000000
13361.000000,13068.000000,12056.000000,50037.000000
13357.000000,13046.000000,12036.000000,50067.000000
13363.000000,13085.000000,12037.000000,50080.000000
13355.000000,13085.000000,12081.000000,50066.000000
13410.000000,13136.000000,12098.000000,50082.000000
13379.000000,13111.000000,12107.000000,50069.000000
13412.000000,13129.000000,12101.000000,50105.000000
13401.000000,13145.000000,12208.000000,50091.000000
13430.000000,13177.000000,12140.000000,50119.000000
13464.000000,13144.000000,12174.000000,50144.000000
13492.000000,13176.000000,12146.000000,50142.000000
13531.000000,13160.000000,12216.000000,50177.000000
13507.000000,13228.000000,12231.000000,50192.000000
13519.000000,13263.000000,12225.000000,50176.000000
13521.000000,13236.000000,12283.000000,50199.000000
13545.000000,13262.000000,12304.000000,50204.000000
13557.000000,13292.000000,12354.000000,50191.000000
13577.000000,13279.000000,12350.000000,50236.000000
13588.000000,13283.000000,12396.000000,50302.000000
13606.000000,13308.000000,12395.000000,50268.000000
13687.000000,13308.000000,12395.000000,50347.000000
13676.000000,13343.000000,12465.000000,50321.000000
13781.000000,13371.000000,12459.000000,50367.000000
13701.000000,13371.000000,12524.000000,50353.000000
13764.000000,13365.000000,12513.000000,50371.000000
13769.000000,13422.000000,12565.000000,50366.000000
13827.000000,13389.000000,12602.000000,50412.000000
13797.000000,13466.000000,12566.000000,50402.000000
13818.000000,13442.000000,12579.000000,50404.000000
13867.000000,13438.000000,12635.000000,50434.000000
13874.000000,13483.000000,12648.000000,50426.000000
13846.000000,13480.000000,12670.000000,50410.000000
13862.000000,13472.000000,12670.000000,50459.000000
13852.000000,13504.000000,12720.000000,50378.000000
13895.000000,13455.000000,12675.000000,50425.000000
13825.000000,13467.000000,12706.000000,50434.000000
13896.000000,13484.000000,12667.000000,50422.000000
13860.000000,13466.000000,12656.000000,50449.000000
13818.000000,13468.000000,12663.000000,50415.000000
13879.000000,13488.000000,12608.000000,50435.000000
13857.000000,13483.000000,12635.000000,50442.000000
13871.000000,13497.000000,12642.000000,50439.000000
13849.000000,13471.000000,12622.000000,50419.000000
13852.000000,13461.000000,12660.000000,50395.000000
13819.000000,13426.000000,12663.000000,50424.000000
13837.000000,13469.000000,12635.000000,50429.000000
13896.000000,13419.000000,12617.000000,50472.000000
13860.000000,13478.000000,12622.000000,50434.000000
13921.000000,13490.000000,12622.000000,50447.000000
13875.000000,13446.000000,12667.000000,50422.000000
13874.000000,13491.000000,12645.000000,50426.000000
13895.000000,13485.000000,12666.000000,50433.000000
13894.000000,13428.000000,12644.000000,50451.000000
13862.000000,13474.000000,12633.000000,50414.000000
13873.000000,13499.000000,12644.000000,50464.000000
13898.000000,13466.000000,12623.000000,50444.000000
13913.000000,13518.000000,12650.000000,50419.000000
13891.000000,13476.000000,12666.000000,50459.000000
13897.000000,13478.000000,12679.000000,50475.000000
13949.000000,13469.000000,12680.000000,50499.000000
13932.000000,13491.000000,12692.000000,50458.000000
13953.000000,13463.000000,12689.000000,50477.000000
13920.000000,13508.000000,12678.000000,50477.000000
13970.000000,13509.000000,12667.000000,50475.000000
13960.000000,13516.000000,12728.000000,50474.000000
13931.000000,13529.000000,12735.000000,50414.000000
13926.000000,13488.000000,12718.000000,50468.000000
13911.000000,13503.000000,12770.000000,50477.000000
13920.000000,13502.000000,12695.000000,50499.000000
13946.000000,13466.000000,12743.000000,50477.000000
13931.000000,13524.000000,12676.000000,50455.000000
13897.000000,13520.000000,12740.000000,50467.000000
13908.000000,13558.000000,12718.000000,50426.000000
13911.000000,13502.000000,12722.000000,50470.000000
13893.000000,13553.000000,12706.000000,50424.000000
13904.000000,13520.000000,12738.000000,50468.000000
13887.000000,13519.000000,12732.000000,50477.000000
13927.000000,13537.000000,12723.000000,50490.000000
13899.000000,13538.000000,12713.000000,50466.000000
13911.000000,13495.000000,12704.000000,50500.000000
13901.000000,13518.000000,12756.000000,50447.000000
13857.000000,13531.000000,12745.000000,50484.000000
13866.000000,13514.000000,12804.000000,50472.000000
13845.000000,13500.000000,12714.000000,50463.000000
13840.000000,13506.000000,12704.000000,50469.000000
13834.000000,13515.000000,12731.000000,50457.000000
13827.000000,13501.000000,12723.000000,50451.000000
13789.000000,13515.000000,12659.000000,50426.000000
13775.000000,13439.000000,12714.000000,50440.000000
13793.000000,13509.000000,12710.000000,50399.000000
13783.000000,13454.000000,12717.000000,50422.000000
13758.000000,13429.000000,12678.000000,50474.000000
13767.000000,13454.000000,12670.000000,50445.000000
13813.000000,13443.000000,12649.000000,50473.000000
13751.000000,13441.000000,12696.000000,50420.000000
13754.000000,13464.000000,12651.000000,50415.000000
13716.000000,13407.000000,12676.000000,50409.000000
13678.000000,13430.000000,12632.000000,50414.000000
13688.000000,13402.000000,12620.000000,50428.000000
13661.000000,13386.000000,12591.000000,50362.000000
13745.000000,13401.000000,12559.000000,50426.000000
13665.000000,13421.000000,12588.000000,50360.000000
13710.000000,13426.000000,12536.000000,50366.000000
13673.000000,13360.000000,12575.000000,50364.000000
13644.000000,13403.000000,12531.000000,50384.000000
13657.000000,13348.000000,12548.000000,50316.000000
13629.000000,13394.000000,12555.000000,50362.000000
13655.000000,13350.000000,12573.000000,50351.000000
13605.000000,13390.000000,12517.000000,50313.000000
13584.000000,13344.000000,12521.000000,50337.000000
13604.000000,13339.000000,12551.000000,50347.000000
13568.000000,13368.000000,12531.000000,50286.000000
13582.000000,13400.000000,12499.000000,50347.000000
13596.000000,13364.000000,12458.000000,50346.000000
13544.000000,13300.000000,12484.000000,50292.000000
13558.000000,13347.000000,12442.000000,50272.000000
13564.000000,13332.000000,12491.000000,50312.000000
13530.000000,13305.000000,12467.000000,50262.000000
13582.000000,13320.000000,12451.000000,50285.000000
13568.000000,13313.000000,12469.000000,50363.000000
13548.000000,13297.000000,12435.000000,50309.000000
13572.000000,13302.000000,12381.000000,50307.000000
13569.000000,13259.000000,12406.000000,50286.000000
13472.000000,13327.000000,12399.000000,50263.000000
13480.000000,13261.000000,12424.000000,50263.000000
13455.000000,13243.000000,12398.000000,50219.000000
13468.000000,13241.000000,12416.000000,50289.000000
13459.000000,13259.000000,12372.000000,50231.000000
13496.000000,13243.000000,12327.000000,50289.000000
13465.000000,13245.000000,12352.000000,50246.000000
13520.000000,13183.000000,12329.000000,50258.000000
13494.000000,13253.000000,12358.000000,50255.000000
13497.000000,13213.000000,12367.000000,50275.000000
13483.000000,13229.000000,12340.000000,50252.000000
13480.000000,13201.000000,12358.000000,50237.000000
13493.000000,13212.000000,12334.000000,50226.000000
13459.000000,13273.000000,12303.000000,50251.000000
13457.000000,13201.000000,12284.000000,50203.000000
13439.000000,13224.000000,12289.000000,50187.000000
13422.000000,13214.000000,12301.000000,50207.000000
13424.000000,13206.000000,12271.000000,50215.000000
13418.000000,13137.000000,12282.000000,50201.000000
13400.000000,13186.000000,12260.000000,50193.000000
13405.000000,13145.000000,12257.000000,50217.000000
13376.000000,13165.000000,12240.000000,50176.000000
13410.000000,13179.000000,12165.000000,50165.000000
13410.000000,13144.000000,12226.000000,50163.000000
13377.000000,13167.000000,12245.000000,50133.000000
13396.000000,13177.000000,12217.000000,50156.000000
13363.000000,13137.000000,12254.000000,50176.000000
13425.000000,13166.000000,12196.000000,50161.000000
13408.000000,13153.000000,12193.000000,50186.000000
13367.000000,13165.000000,12182.000000,50120.000000
13371.000000,13127.000000,12175.000000,50142.000000
13339.000000,13135.000000,12197.000000,50135.000000
13327.000000,13103.000000,12195.000000,50151.000000
13255.000000,13158.000000,12197.000000,50079.000000
13295.000000,13075.000000,12144.000000,50145.000000
13287.000000,13051.000000,12175.000000,50103.000000
13284.000000,13088.000000,12125.000000,50101.000000
13290.000000,13064.000000,12161.000000,50063.000000
13294.000000,13112.000000,12118.000000,50082.000000
13276.000000,13067.000000,12126.000000,50117.000000
13292.000000,13120.000000,12077.000000,50091.000000
13313.000000,13061.000000,12091.000000,50133.000000
13316.000000,13089.000000,12118.000000,50103.000000
13331.000000,13072.000000,12082.000000,50124.000000
13341.000000,13115.000000,12148.000000,50095.000000
13367.000000,13111.000000,12128.000000,50112.000000
13318.000000,13143.000000,12168.000000,50105.000000
13363.000000,13111.000000,12127.000000,50128.000000
13324.000000,13124.000000,12207.000000,50103.000000
13357.000000,13131.000000,12140.000000,50138.000000
13359.000000,13099.000000,12167.000000,50190.000000
13354.000000,13145.000000,12171.000000,50118.000000
13369.000000,13160.000000,12142.000000,50168.000000
13325.000000,13147.000000,12202.000000,50153.000000
13325.000000,13220.000000,12166.000000,50123.000000
13377.000000,13160.000000,12206.000000,50164.000000
13372.000000,13152.000000,12199.000000,50189.000000
13430.000000,13165.000000,12242.000000,50237.000000
13457.000000,13199.000000,12239.000000,50200.000000
13502.000000,13145.000000,12235.000000,50248.000000
13487.000000,13203.000000,12268.000000,50241.000000
13565.000000,13212.000000,12287.000000,50239.000000
13518.000000,13236.000000,12354.000000,50278.000000
13576.000000,13251.000000,12305.000000,50251.000000
13549.000000,13247.000000,12389.000000,50267.000000
13560.000000,13257.000000,12391.000000,50348.000000
13567.000000,13261.000000,12388.000000,50277.000000
13625.000000,13312.000000,12376.000000,50290.000000
13590.000000,13295.000000,12447.000000,50305.000000
13620.000000,13320.000000,12483.000000,50295.000000
13677.000000,13352.000000,12472.000000,50343.000000
13687.000000,13396.000000,12549.000000,50371.000000
13682.000000,13360.000000,12544.000000,50383.000000
13728.000000,13396.000000,12576.000000,50388.000000
13809.000000,13380.000000,12576.000000,50457.000000
13741.000000,13375.000000,12623.000000,50426.000000
13782.000000,13411.000000,12629.000000,50434.000000
13794.000000,13429.000000,12656.000000,50451.000000
13776.000000,13516.000000,12701.000000,50419.000000
13823.000000,13476.000000,12722.000000,50473.000000
13805.000000,13466.000000,12779.000000,50479.000000
13835.000000,13501.000000,12782.000000,50513.000000
13903.000000,13466.000000,12825.000000,50527.000000
13914.000000,13535.000000,12797.000000,50523.000000
13925.000000,13543.000000,12840.000000,50559.000000
13930.000000,13603.000000,12852.000000,50519.000000
13920.000000,13565.000000,12852.000000,50565.000000
13930.000000,13569.000000,12899.000000,50589.000000
13949.000000,13552.000000,12859.000000,50542.000000
13930.000000,13558.000000,12929.000000,50555.000000
13962.000000,13575.000000,12884.000000,50610.000000
13953.000000,13539.000000,12898.000000,50546.000000
13960.000000,13590.000000,12869.000000,50593.000000
13960.000000,13558.000000,12948.000000,50552.000000
13944.000000,13575.000000,12860.000000,50564.000000
13956.000000,13528.000000,12853.000000,50590.000000
13984.000000,13506.000000,12843.000000,50511.000000
13980.000000,13555.000000,12850.000000,50593.000000
13935.000000,13553.000000,12819.000000,50547.000000
13985.000000,13536.000000,12843.000000,50514.000000
13931.000000,13539.000000,12877.000000,50548.000000
13971.000000,13533.000000,12826.000000,50555.000000
13882.000000,13552.000000,12820.000000,50515.000000
13925.000000,13538.000000,12823.000000,50553.000000
13950.000000,13498.000000,12803.000000,50562.000000
13933.000000,13527.000000,12769.000000,50546.000000
13948.000000,13512.000000,12718.000000,50552.000000
13907.000000,13509.000000,12764.000000,50506.000000
13922.000000,13551.000000,12743.000000,50501.000000
13868.000000,13504.000000,12765.000000,50538.000000
13864.000000,13524.000000,12740.000000,50479.000000
13922.000000,13478.000000,12729.000000,50523.000000
13905.000000,13516.000000,12709.000000,50494.000000
13948.000000,13502.000000,12705.000000,50501.000000
13896.000000,13498.000000,12730.000000,50506.000000
14011.000000,13487.000000,12687.000000,50542.000000
13899.000000,13508.000000,12732.000000,50521.000000
13913.000000,13539.000000,12711.000000,50536.000000
13901.000000,13489.000000,12700.000000,50486.000000
13915.000000,13498.000000,12706.000000,50551.000000
13877.000000,13501.000000,12708.000000,50489.000000
13896.000000,13479.000000,12701.000000,50470.000000
13887.000000,13478.000000,12725.000000,50469.000000
13854.000000,13498.000000,12751.000000,50463.000000
13856.000000,13461.000000,12694.000000,50473.000000
13863.000000,13460.000000,12686.000000,50520.000000
13868.000000,13468.000000,12639.000000,50449.000000
13848.000000,13474.000000,12661.000000,50459.000000
13881.000000,13470.000000,12629.000000,50474.000000
13873.000000,13459.000000,12674.000000,50439.000000
13833.000000,13478.000000,12700.000000,50439.000000
13889.000000,13460.000000,12659.000000,50457.000000
13871.000000,13419.000000,12705.000000,50486.000000
13859.000000,13447.000000,12672.000000,50473.000000
13925.000000,13429.000000,12664.000000,50500.000000
13872.000000,13436.000000,12683.000000,50467.000000
13883.000000,13485.000000,12647.000000,50487.000000
13795.000000,13438.000000,12623.000000,50461.000000
13831.000000,13448.000000,12640.000000,50474.000000
13829.000000,13449.000000,12669.000000,50475.000000
13819.000000,13455.000000,12646.000000,50468.000000
13871.000000,13383.000000,12657.000000,50520.000000
13834.000000,13460.000000,12641.000000,50442.000000
13878.000000,13394.000000,12610.000000,50485.000000
13828.000000,13423.000000,12652.000000,50447.000000
13869.000000,13409.000000,12611.000000,50474.000000
13839.000000,13420.000000,12649.000000,50449.000000
13850.000000,13391.000000,12647.000000,50482.000000
13802.000000,13420.000000,12635.000000,50448.000000
13849.000000,13376.000000,12607.000000,50469.000000
13769.000000,13445.000000,12632.000000,50436.000000
13783.000000,13437.000000,12599.000000,50402.000000
13827.000000,13419.000000,12578.000000,50412.000000
13758.000000,13413.000000,12610.000000,50412.000000
13769.000000,13389.000000,12638.000000,50456.000000
13721.000000,13394.000000,12612.000000,50448.000000
13763.000000,13359.000000,12592.000000,50450.000000
13733.000000,13382.000000,12584.000000,50400.000000
13785.000000,13413.000000,12561.000000,50419.000000
13727.000000,13387.000000,12587.000000,50433.000000
13714.000000,13392.000000,12634.000000,50354.000000
13709.000000,13412.000000,12589.000000,50410.000000
13677.000000,13352.000000,12614.000000,50403.000000
13719.000000,13342.000000,12578.000000,50415.000000
13690.000000,13356.000000,12555.000000,50402.000000
13693.000000,13358.000000,12551.000000,50389.000000
13708.000000,13360.000000,12561.000000,50401.000000
13646.000000,13379.000000,12543.000000,50357.000000
13664.000000,13330.000000,12531.000000,50400.000000
13611.000000,13318.000000,12560.000000,50405.000000
13646.000000,13317.000000,12531.000000,50346.000000
13656.000000,13300.000000,12553.000000,50380.000000
13606.000000,13336.000000,12513.000000,50380.000000
13665.000000,13307.000000,12486.000000,50350.000000
13605.000000,13314.000000,12496.000000,50368.000000
13660.000000,13292.000000,12533.000000,50388.000000
13619.000000,13324.000000,12490.000000,50353.000000
13637.000000,13299.000000,12470.000000,50359.000000
13607.000000,13308.000000,12476.000000,50360.000000
13610.000000,13334.000000,12446.000000,50312.000000
13604.000000,13287.000000,12474.000000,50342.000000
13540.000000,13276.000000,12471.000000,50282.000000
13616.000000,13300.000000,12464.000000,50332.000000
13566.000000,13320.000000,12456.000000,50339.000000
13560.000000,13256.000000,12426.000000,50344.000000
13579.000000,13247.000000,12442.000000,50313.000000
13595.000000,13282.000000,12405.000000,50343.000000
13519.000000,13271.000000,12414.000000,50319.000000
13518.000000,13298.000000,12399.000000,50242.000000
13551.000000,13282.000000,12386.000000,50303.000000
13512.000000,13237.000000,12414.000000,50286.000000
13500.000000,13225.000000,12397.000000,50297.000000
13546.000000,13219.000000,12403.000000,50326.000000
13522.000000,13291.000000,12411.000000,50278.000000
13507.000000,13240.000000,12414.000000,50274.000000
13471.000000,13262.000000,12364.000000,50265.000000
13523.000000,13211.000000,12379.000000,50280.000000
13469.000000,13293.000000,12418.000000,50223.000000
13530.000000,13232.000000,12364.000000,50278.000000
13455.000000,13231.000000,12402.000000,50286.000000
13529.000000,13205.000000,12355.000000,50263.000000
13493.000000,13235.000000,12351.000000,50269.000000
13492.000000,13210.000000,12353.000000,50269.000000
13456.000000,13234.000000,12335.000000,50211.000000
13497.000000,13230.000000,12357.000000,50277.000000
13452.000000,13206.000000,12369.000000,50268.000000
13459.000000,13179.000000,12300.000000,50263.000000
13462.000000,13165.000000,12330.000000,50266.000000
13435.000000,13220.000000,12315.000000,50258.000000
13458.000000,13223.000000,12310.000000,50251.000000
13457.000000,13229.000000,12277.000000,50250.000000
13467.000000,13199.000000,12287.000000,50264.000000
13427.000000,13196.000000,12346.000000,50213.000000
13427.000000,13273.000000,12319.000000,50238.000000
13398.000000,13155.000000,12339.000000,50243.000000
13453.000000,13181.000000,12291.000000,50239.000000
13439.000000,13138.000000,12301.000000,50275.000000
13412.000000,13178.000000,12284.000000,50237.000000
13450.000000,13181.000000,12231.000000,50278.000000
13433.000000,13165.000000,12286.000000,50267.000000
13433.000000,13153.000000,12267.000000,50214.000000
13387.000000,13194.000000,12270.000000,50251.000000
13427.000000,13177.000000,12271.000000,50253.000000
13425.000000,13147.000000,12269.000000,50245.000000
13398.000000,13184.000000,12270.000000,50213.000000
13441.000000,13144.000000,12221.000000,50235.000000
13416.000000,13167.000000,12258.000000,50202.000000
13468.000000,13136.000000,12240.000000,50236.000000
13387.000000,13171.000000,12245.000000,50221.000000
13424.000000,13179.000000,12256.000000,50232.000000
13437.000000,13171.000000,12321.000000,50249.000000
13397.000000,13235.000000,12216.000000,50215.000000
13457.000000,13137.000000,12277.000000,50220.000000
13417.000000,13204.000000,12339.000000,50243.000000
13466.000000,13200.000000,12339.000000,50254.000000
13466.000000,13175.000000,12358.000000,50278.000000
13495.000000,13237.000000,12321.000000,50279.000000
13517.000000,13251.000000,12379.000000,50275.000000
13510.000000,13240.000000,12392.000000,50261.000000
13511.000000,13264.000000,12402.000000,50303.000000
13503.000000,13281.000000,12385.000000,50295.000000
13543.000000,13239.000000,12439.000000,50297.000000
13491.000000,13259.000000,12488.000000,50324.000000
13556.000000,13275.000000,12448.000000,50326.000000
13609.000000,13242.000000,12466.000000,50405.000000
13598.000000,13264.000000,12483.000000,50327.000000
13640.000000,13300.000000,12473.000000,50358.000000
13613.000000,13322.000000,12574.000000,50371.000000
13619.000000,13359.000000,12528.000000,50398.000000
13686.000000,13338.000000,12536.000000,50433.000000
13700.000000,13355.000000,12583.000000,50426.000000
13682.000000,13371.000000,12587.000000,50422.000000
13683.000000,13369.000000,12636.000000,50467.000000
13791.000000,13406.000000,12604.000000,50491.000000
13802.000000,13432.000000,12665.000000,50473.000000
13753.000000,13454.000000,12675.000000,50469.000000
13768.000000,13423.000000,12742.000000,50500.000000
13813.000000,13441.000000,12725.000000,50561.000000
13822.000000,13471.000000,12792.000000,50551.000000
13816.000000,13478.000000,12751.000000,50567.000000
13870.000000,13509.000000,12816.000000,50543.000000
13902.000000,13579.000000,12845.000000,50592.000000
13926.000000,13555.000000,12873.000000,50602.000000
13936.000000,13539.000000,12897.000000,50640.000000
13986.000000,13564.000000,12933.000000,50636.000000
14026.000000,13587.000000,12928.000000,50659.000000
14066.000000,13601.000000,12983.000000,50669.000000
14044.000000,13626.000000,12992.000000,50669.000000
14084.000000,13660.000000,12993.000000,50643.000000
14100.000000,13673.000000,13057.000000,50741.000000
14095.000000,13679.000000,13089.000000,50683.000000
14124.000000,13641.000000,13075.000000,50741.000000
14141.000000,13678.000000,13145.000000,50737.000000
14154.000000,13703.000000,13130.000000,50757.000000
14217.000000,13666.000000,13107.000000,50780.000000
14158.000000,13744.000000,13158.000000,50754.000000
14164.000000,13711.000000,13131.000000,50753.000000
14141.000000,13714.000000,13161.000000,50781.000000
14174.000000,13723.000000,13132.000000,50779.000000
14146.000000,13685.000000,13101.000000,50791.000000
14136.000000,13703.000000,13107.000000,50750.000000
14199.000000,13699.000000,13090.000000,50731.000000
14181.000000,13696.000000,13118.000000,50734.000000
14138.000000,13652.000000,13056.000000,50768.000000
14131.000000,13684.000000,13069.000000,50727.000000
14143.000000,13671.000000,13074.000000,50768.000000
14131.000000,13673.000000,13102.000000,50734.000000
14148.000000,13633.000000,13048.000000,50735.000000
14124.000000,13697.000000,13076.000000,50714.000000
14102.000000,13688.000000,13043.000000,50685.000000
14122.000000,13683.000000,13021.000000,50704.000000
14108.000000,13633.000000,13093.000000,50723.000000
14122.000000,13615.000000,13054.000000,50732.000000
14148.000000,13645.000000,13058.000000,50696.000000
14129.000000,13641.000000,13004.000000,50684.000000
14102.000000,13645.000000,13072.000000,50704.000000
14105.000000,13666.000000,13051.000000,50681.000000
14092.000000,13632.000000,13049.000000,50685.000000
14067.000000,13656.000000,13082.000000,50671.000000
14106.000000,13647.000000,13032.000000,50675.000000
14090.000000,13579.000000,12996.000000,50712.000000
14074.000000,13628.000000,12997.000000,50659.000000
14094.000000,13628.000000,12966.000000,50694.000000
14040.000000,13620.000000,13022.000000,50698.000000
14083.000000,13631.000000,12993.000000,50684.000000
14060.000000,13599.000000,13019.000000,50722.000000
14066.000000,13636.000000,12955.000000,50689.000000
14030.000000,13580.000000,12990.000000,50699.000000
14052.000000,13584.000000,12982.000000,50677.000000
14093.000000,13560.000000,12977.000000,50682.000000
14046.000000,13574.000000,12962.000000,50656.000000
14081.000000,13589.000000,12943.000000,50638.000000
14036.000000,13592.000000,12987.000000,50672.000000
14049.000000,13579.000000,12978.000000,50680.000000
13990.000000,13587.000000,12955.000000,50653.000000
14045.000000,13600.000000,12915.000000,50693.000000
14033.000000,13584.000000,12954.000000,50633.000000
14018.000000,13608.000000,12913.000000,50651.000000
14022.000000,13572.000000,12929.000000,50660.000000
13969.000000,13520.000000,12943.000000,50598.000000
14013.000000,13565.000000,12932.000000,50666.000000
13999.000000,13569.000000,12901.000000,50661.000000
14023.000000,13521.000000,12911.000000,50636.000000
13993.000000,13527.000000,12906.000000,50636.000000
14030.000000,13546.000000,12872.000000,50634.000000
13952.000000,13559.000000,12872.000000,50589.000000
13947.000000,13592.000000,12880.000000,50546.000000
13977.000000,13567.000000,12891.000000,50634.000000
13935.000000,13556.000000,12915.000000,50577.000000
13963.000000,13553.000000,12874.000000,50617.000000
13949.000000,13504.000000,12909.000000,50586.000000
13975.000000,13557.000000,12893.000000,50606.000000
13954.000000,13521.000000,12908.000000,50599.000000
13937.000000,13528.000000,12852.000000,50578.000000
13931.000000,13533.000000,12852.000000,50597.000000
13940.000000,13572.000000,12890.000000,50559.000000
13939.000000,13523.000000,12854.000000,50561.000000
13844.000000,13534.000000,12873.000000,50583.000000
13923.000000,13493.000000,12844.000000,50597.000000
13893.000000,13508.000000,12842.000000,50543.000000
13877.000000,13511.000000,12831.000000,50572.000000
13888.000000,13491.000000,12825.000000,50548.000000
13877.000000,13508.000000,12800.000000,50570.000000
13889.000000,13483.000000,12854.000000,50551.000000
13852.000000,13481.000000,12806.000000,50545.000000
13883.000000,13476.000000,12769.000000,50601.000000
13843.000000,13465.000000,12832.000000,50529.000000
13839.000000,13497.000000,12766.000000,50555.000000
13821.000000,13497.000000,12809.000000,50532.000000
13815.000000,13477.000000,12756.000000,50533.000000
13788.000000,13470.000000,12793.000000,50502.000000
13825.000000,13457.000000,12752.000000,50536.000000
13823.000000,13426.000000,12760.000000,50591.000000
13813.000000,13465.000000,12718.000000,50516.000000
13874.000000,13439.000000,12744.000000,50600.000000
13800.000000,13444.000000,12755.000000,50540.000000
13833.000000,13472.000000,12689.000000,50544.000000
13803.000000,13433.000000,12742.000000,50525.000000
13811.000000,13464.000000,12685.000000,50552.000000
13802.000000,13444.000000,12710.000000,50508.000000
13796.000000,13437.000000,12720.000000,50506.000000
13769.000000,13397.000000,12722.000000,50544.000000
13787.000000,13391.000000,12709.000000,50477.000000
13817.000000,13413.000000,12720.000000,50508.000000
13773.000000,13423.000000,12680.000000,50512.000000
13819.000000,13379.000000,12772.000000,50501.000000
13747.000000,13435.000000,12691.000000,50506.000000
13760.000000,13390.000000,12726.000000,50472.000000
13776.000000,13387.000000,12714.000000,50492.000000
13799.000000,13390.000000,12743.000000,50531.000000
13779.000000,13431.000000,12669.000000,50476.000000
13783.000000,13426.000000,12682.000000,50519.000000
13797.000000,13398.000000,12682.000000,50520.000000
13740.000000,13420.000000,12729.000000,50444.000000
13730.000000,13414.000000,12700.000000,50476.000000
13762.000000,13389.000000,12723.000000,50508.000000
13765.000000,13386.000000,12702.000000,50532.000000
13735.000000,13410.000000,12675.000000,50492.000000
13724.000000,13400.000000,12685.000000,50501.000000
13723.000000,13388.000000,12699.000000,50478.000000
13763.000000,13414.000000,12607.000000,50511.000000
13689.000000,13400.000000,12684.000000,50465.000000
13660.000000,13436.000000,12622.000000,50463.000000
13715.000000,13343.000000,12662.000000,50457.000000
13671.000000,13393.000000,12670.000000,50512.000000
13679.000000,13345.000000,12649.000000,50466.000000
13641.000000,13331.000000,12664.000000,50461.000000
13681.000000,13390.000000,12615.000000,50464.000000
13614.000000,13392.000000,12668.000000,50413.000000
13642.000000,13355.000000,12622.000000,50455.000000
13638.000000,13342.000000,12619.000000,50455.000000
13635.000000,13345.000000,12596.000000,50440.000000
13617.000000,13343.000000,12654.000000,50448.000000
13622.000000,13311.000000,12641.000000,50447.000000
13599.000000,13331.000000,12640.000000,50437.000000
13633.000000,13313.000000,12580.000000,50469.000000
13600.000000,13329.000000,12601.000000,50429.000000
13580.000000,13341.000000,12607.000000,50410.000000
13556.000000,13331.000000,12606.000000,50420.000000
13536.000000,13302.000000,12614.000000,50401.000000
13531.000000,13309.000000,12570.000000,50427.000000
13571.000000,13267.000000,12601.000000,50426.000000
13584.000000,13300.000000,12566.000000,50447.000000
13520.000000,13316.000000,12581.000000,50433.000000
13537.000000,13267.000000,12541.000000,50418.000000
13510.000000,13302.000000,12580.000000,50387.000000
13516.000000,13358.000000,12535.000000,50346.000000
13501.000000,13247.000000,12544.000000,50408.000000
13447.000000,13303.000000,12522.000000,50347.000000
13499.000000,13267.000000,12544.000000,50395.000000
13511.000000,13264.000000,12534.000000,50383.000000
13493.000000,13292.000000,12541.000000,50396.000000
13502.000000,13253.000000,12538.000000,50374.000000
13521.000000,13304.000000,12578.000000,50427.000000
13445.000000,13277.000000,12581.000000,50344.000000
13492.000000,13283.000000,12557.000000,50398.000000
13543.000000,13264.000000,12546.000000,50409.000000
13486.000000,13268.000000,12567.000000,50376.000000
13528.000000,13307.000000,12560.000000,50406.000000
13524.000000,13297.000000,12545.000000,50402.000000
13563.000000,13290.000000,12550.000000,50398.000000
13561.000000,13329.000000,12603.000000,50393.000000
13561.000000,13304.000000,12607.000000,50450.000000
13541.000000,13307.000000,12614.000000,50381.000000
13568.000000,13313.000000,12615.000000,50428.000000
13623.000000,13324.000000,12655.000000,50508.000000
13621.000000,13336.000000,12661.000000,50475.000000
13668.000000,13388.000000,12623.000000,50466.000000
13665.000000,13347.000000,12675.000000,50475.000000
13671.000000,13363.000000,12706.000000,50466.000000
13628.000000,13407.000000,12731.000000,50503.000000
13729.000000,13404.000000,12742.000000,50499.000000
13716.000000,13362.000000,12740.000000,50575.000000
13752.000000,13416.000000,12794.000000,50538.000000
13785.000000,13398.000000,12751.000000,50589.000000
13798.000000,13470.000000,12794.000000,50582.000000
13850.000000,13495.000000,12775.000000,50622.000000
13823.000000,13463.000000,12854.000000,50582.000000
13819.000000,13536.000000,12880.000000,50617.000000
13879.000000,13526.000000,12905.000000,50638.000000
13900.000000,13537.000000,12922.000000,50673.000000
13867.000000,13556.000000,12963.000000,50653.000000
13918.000000,13575.000000,12984.000000,50666.000000
13992.000000,13605.000000,12971.000000,50726.000000
13956.000000,13578.000000,13071.000000,50686.000000
13993.000000,13605.000000,13073.000000,50723.000000
13997.000000,13632.000000,13110.000000,50747.000000
14057.000000,13577.000000,13083.000000,50808.000000
14055.000000,13660.000000,13143.000000,50782.000000
14110.000000,13653.000000,13122.000000,50831.000000
14118.000000,13684.000000,13169.000000,50785.000000
14158.000000,13702.000000,13189.000000,50805.000000
14132.000000,13743.000000,13212.000000,50834.000000
14128.000000,13680.000000,13293.000000,50814.000000
14173.000000,13739.000000,13282.000000,50831.000000
14211.000000,13705.000000,13292.000000,50881.000000
14231.000000,13735.000000,13255.000000,50843.000000
14174.000000,13815.000000,13284.000000,50880.000000
14179.000000,13760.000000,13275.000000,50825.000000
14185.000000,13733.000000,13262.000000,50862.000000
14162.000000,13737.000000,13289.000000,50858.000000
14183.000000,13715.000000,13263.000000,50836.000000
14188.000000,13681.000000,13308.000000,50851.000000
14167.000000,13717.000000,13272.000000,50834.000000
14163.000000,13635.000000,13249.000000,50842.000000
14165.000000,13693.000000,13283.000000,50838.000000
14144.000000,13681.000000,13273.000000,50822.000000
14155.000000,13695.000000,13219.000000,50817.000000
14157.000000,13702.000000,13206.000000,50838.000000
14124.000000,13660.000000,13211.000000,50859.000000
14132.000000,13655.000000,13217.000000,50801.000000
14084.000000,13689.000000,13196.000000,50825.000000
14097.000000,13671.000000,13212.000000,50782.000000
14111.000000,13681.000000,13177.000000,50780.000000
14123.000000,13689.000000,13218.000000,50831.000000
14059.000000,13691.000000,13192.000000,50787.000000
14059.000000,13657.000000,13149.000000,50788.000000
14049.000000,13649.000000,13198.000000,50795.000000
14085.000000,13655.000000,13167.000000,50836.000000
14088.000000,13600.000000,13116.000000,50800.000000
14077.000000,13637.000000,13136.000000,50760.000000
14048.000000,13667.000000,13122.000000,50779.000000
14015.000000,13653.000000,13128.000000,50772.000000
13990.000000,13647.000000,13103.000000,50739.000000
14029.000000,13637.000000,13138.000000,50763.000000
14052.000000,13619.000000,13113.000000,50762.000000
13986.000000,13603.000000,13135.000000,50777.000000
14020.000000,13613.000000,13071.000000,50744.000000
14039.000000,13550.000000,13090.000000,50791.000000
13990.000000,13635.000000,13032.000000,50737.000000
14046.000000,13564.000000,13019.000000,50776.000000
13976.000000,13603.000000,13065.000000,50750.000000
14030.000000,13568.000000,13048.000000,50756.000000
13984.000000,13562.000000,13038.000000,50708.000000
13979.000000,13567.000000,13025.000000,50721.000000
13995.000000,13618.000000,13047.000000,50722.000000
14014.000000,13569.000000,12997.000000,50739.000000
13958.000000,13562.000000,13014.000000,50695.000000
13963.000000,13551.000000,13010.000000,50652.000000
14010.000000,13561.000000,12993.000000,50712.000000
14240.000000,13579.000000,13041.000000,50699.000000
13933.000000,13530.000000,13013.000000,50681.000000
13930.000000,13579.000000,12996.000000,50675.000000
13948.000000,13488.000000,12981.000000,50707.000000
13926.000000,13547.000000,12972.000000,50696.000000
13942.000000,13541.000000,12928.000000,50697.000000
13915.000000,13536.000000,12946.000000,50631.000000
13909.000000,13591.000000,12930.000000,50636.000000
13914.000000,13520.000000,12924.000000,50648.000000
13882.000000,13510.000000,12954.000000,50598.000000
13913.000000,13519.000000,12899.000000,50661.000000
13894.000000,13475.000000,12908.000000,50636.000000
13884.000000,13492.000000,12923.000000,50673.000000
13892.000000,13500.000000,12899.000000,50632.000000
13953.000000,13505.000000,12831.000000,50609.000000
13889.000000,13470.000000,12908.000000,50619.000000
13875.000000,13540.000000,12861.000000,50598.000000
13842.000000,13504.000000,12854.000000,50668.000000
13809.000000,13497.000000,12855.000000,50618.000000
13840.000000,13456.000000,12835.000000,50600.000000
13831.000000,13463.000000,12848.000000,50615.000000
13811.000000,13479.000000,12825.000000,50611.000000
13776.000000,13514.000000,12852.000000,50580.000000
13830.000000,13461.000000,12851.000000,50634.000000
13843.000000,13459.000000,12839.000000,50589.000000
13805.000000,13463.000000,12833.000000,50555.000000
13796.000000,13444.000000,12787.000000,50580.000000
13804.000000,13451.000000,12762.000000,50591.000000
13750.000000,13459.000000,12821.000000,50549.000000
13774.000000,13497.000000,12726.000000,50575.000000
13788.000000,13428.000000,12778.000000,50556.000000
13761.000000,13475.000000,12780.000000,50538.000000
13777.000000,13428.000000,12781.000000,50562.000000
13735.000000,13398.000000,12810.000000,50535.000000
13793.000000,13418.000000,12754.000000,50568.000000
13777.000000,13344.000000,12737.000000,50582.000000
13761.000000,13404.000000,12741.000000,50560.000000
13774.000000,13397.000000,12700.000000,50565.000000
13730.000000,13380.000000,12718.000000,50513.000000
13697.000000,13435.000000,12692.000000,50515.000000
13716.000000,13397.000000,12766.000000,50520.000000
13721.000000,13362.000000,12708.000000,50561.000000
13675.000000,13347.000000,12705.000000,50543.000000
13680.000000,13350.000000,12692.000000,50506.000000
13709.000000,13356.000000,12712.000000,50536.000000
13690.000000,13367.000000,12675.000000,50515.000000
13699.000000,13360.000000,12694.000000,50469.000000
13672.000000,13358.000000,12642.000000,50515.000000
13675.000000,13332.000000,12702.000000,50452.000000
13643.000000,13349.000000,12651.000000,50462.000000
13653.000000,13303.000000,12664.000000,50509.000000
13658.000000,13299.000000,12626.000000,50475.000000
13684.000000,13321.000000,12618.000000,50508.000000
13662.000000,13312.000000,12619.000000,50478.000000
13662.000000,13324.000000,12611.000000,50436.000000
13615.000000,13367.000000,12627.000000,50461.000000
13665.000000,13351.000000,12631.000000,50470.000000
13583.000000,13348.000000,12624.000000,50437.000000
13629.000000,13305.000000,12583.000000,50473.000000
13621.000000,13272.000000,12620.000000,50524.000000
13632.000000,13334.000000,12578.000000,50451.000000
13672.000000,13320.000000,12543.000000,50486.000000
13618.000000,13299.000000,12565.000000,50455.000000
13682.000000,13331.000000,12535.000000,50479.000000
13611.000000,13285.000000,12554.000000,50436.000000
13614.000000,13286.000000,12595.000000,50475.000000
13618.000000,13296.000000,12544.000000,50455.000000
13620.000000,13264.000000,12568.000000,50449.000000
13640.000000,13281.000000,12561.000000,50464.000000
13627.000000,13280.000000,12562.000000,50455.000000
13674.000000,13269.000000,12534.000000,50466.000000
13641.000000,13308.000000,12570.000000,50430.000000
13626.000000,13325.000000,12573.000000,50453.000000
13627.000000,13292.000000,12564.000000,50449.000000
13647.000000,13268.000000,12547.000000,50510.000000
13593.000000,13293.000000,12550.000000,50448.000000
13605.000000,13306.000000,12556.000000,50445.000000
13594.000000,13276.000000,12579.000000,50437.000000
13583.000000,13325.000000,12540.000000,50430.000000
13594.000000,13313.000000,12546.000000,50448.000000
13586.000000,13276.000000,12571.000000,50444.000000
13606.000000,13296.000000,12533.000000,50420.000000
13556.000000,13267.000000,12530.000000,50452.000000
13606.000000,13264.000000,12525.000000,50457.000000
13592.000000,13267.000000,12549.000000,50447.000000
13588.000000,13312.000000,12498.000000,50419.000000
13558.000000,13249.000000,12510.000000,50400.000000
13544.000000,13314.000000,12555.000000,50410.000000
13544.000000,13235.000000,12538.000000,50418.000000
13551.000000,13210.000000,12553.000000,50389.000000
13544.000000,13248.000000,12534.000000,50409.000000
13558.000000,13207.000000,12539.000000,50457.000000
13551.000000,13243.000000,12541.000000,50418.000000
13540.000000,13260.000000,12532.000000,50418.000000
13565.000000,13287.000000,12533.000000,50417.000000
13543.000000,13273.000000,12562.000000,50419.000000
13519.000000,13260.000000,12597.000000,50410.000000
13576.000000,13284.000000,12558.000000,50414.000000
13529.000000,13301.000000,12576.000000,50446.000000
13577.000000,13311.000000,12575.000000,50459.000000
13573.000000,13279.000000,12614.000000,50425.000000
13576.000000,13302.000000,12587.000000,50474.000000
13586.000000,13277.000000,12619.000000,50447.000000
13653.000000,13332.000000,12651.000000,50492.000000
13589.000000,13300.000000,12631.000000,50479.000000
13620.000000,13341.000000,12656.000000,50459.000000
13656.000000,13357.000000,12630.000000,50536.000000
13690.000000,13358.000000,12702.000000,50523.000000
13673.000000,13374.000000,12703.000000,50486.000000
13672.000000,13395.000000,12745.000000,50536.000000
13718.000000,13356.000000,12751.000000,50571.000000
13700.000000,13354.000000,12783.000000,50579.000000
13749.000000,13425.000000,12734.000000,50604.000000
13766.000000,13388.000000,12768.000000,50624.000000
13774.000000,13389.000000,12823.000000,50595.000000
13803.000000,13460.000000,12791.000000,50610.000000
13786.000000,13449.000000,12842.000000,50598.000000
13787.000000,13526.000000,12858.000000,50598.000000
13850.000000,13494.000000,12922.000000,50687.000000
13823.000000,13496.000000,12921.000000,50638.000000
13864.000000,13517.000000,12930.000000,50664.000000
13912.000000,13522.000000,12978.000000,50684.000000
13933.000000,13530.000000,12971.000000,50682.000000
13966.000000,13538.000000,13048.000000,50706.000000
13962.000000,13580.000000,13051.000000,50730.000000
14010.000000,13612.000000,13078.000000,50763.000000
13985.000000,13640.000000,13105.000000,50788.000000
14005.000000,13592.000000,13141.000000,50774.000000
14069.000000,13651.000000,13082.000000,50843.000000
14084.000000,13648.000000,13190.000000,50806.000000
14128.000000,13703.000000,13158.000000,50815.000000
14105.000000,13663.000000,13223.000000,51096.000000
14083.000000,13696.000000,13273.000000,50815.000000
14132.000000,13698.000000,13292.000000,50890.000000
14143.000000,13707.000000,13332.000000,50906.000000
14202.000000,13754.000000,13309.000000,50912.000000
14211.000000,13761.000000,13311.000000,50910.000000
14190.000000,13788.000000,13318.000000,50911.000000
14216.000000,13778.000000,13392.000000,50905.000000
14230.000000,13817.000000,13400.000000,50953.000000
14271.000000,13789.000000,13422.000000,50955.000000
14268.000000,13756.000000,13474.000000,50998.000000
14271.000000,13789.000000,13401.000000,50967.000000
14328.000000,13787.000000,13376.000000,51010.000000
14271.000000,13778.000000,13418.000000,50951.000000
14279.000000,13852.000000,13399.000000,50973.000000
14248.000000,13808.000000,13418.000000,50935.000000
14210.000000,13789.000000,13425.000000,50904.000000
14285.000000,13771.000000,13372.000000,50958.000000
14244.000000,13811.000000,13366.000000,50924.000000
14262.000000,13766.000000,13364.000000,50908.000000
14245.000000,13765.000000,13394.000000,50924.000000
14247.000000,13821.000000,13391.000000,50916.000000
14237.000000,13768.000000,13367.000000,50924.000000
14144.000000,13796.000000,13358.000000,50924.000000
14225.000000,13741.000000,13362.000000,50921.000000
14185.000000,13759.000000,13325.000000,50897.000000
14201.000000,13722.000000,13363.000000,50921.000000
14213.000000,13752.000000,13358.000000,50889.000000
14216.000000,13758.000000,13329.000000,50901.000000
14204.000000,13729.000000,13351.000000,50896.000000
14209.000000,13709.000000,13336.000000,50925.000000
14203.000000,13720.000000,13280.000000,50913.000000
14192.000000,13732.000000,13313.000000,50903.000000
14155.000000,13735.000000,13303.000000,50851.000000
14138.000000,13695.000000,13307.000000,50841.000000
14143.000000,13703.000000,13308.000000,50877.000000
14132.000000,13705.000000,13311.000000,50905.000000
14134.000000,13751.000000,13283.000000,50860.000000
14174.000000,13651.000000,13256.000000,50928.000000
14149.000000,13680.000000,13249.000000,50858.000000
14129.000000,13707.000000,13208.000000,50841.000000
14134.000000,13696.000000,13226.000000,50854.000000
14082.000000,13691.000000,13269.000000,50831.000000
14085.000000,13685.000000,13243.000000,50894.000000
14114.000000,13700.000000,13210.000000,50850.000000
14106.000000,13659.000000,13211.000000,50823.000000
14097.000000,13645.000000,13209.000000,50802.000000
14071.000000,13711.000000,13189.000000,50775.000000
14074.000000,13652.000000,13207.000000,50844.000000
14038.000000,13660.000000,13213.000000,50801.000000
14071.000000,13677.000000,13190.000000,50836.000000
14044.000000,13622.000000,13191.000000,50780.000000
14062.000000,13650.000000,13182.000000,50822.000000
14062.000000,13638.000000,13178.000000,50786.000000
14071.000000,13611.000000,13162.000000,50809.000000
14038.000000,13660.000000,13206.000000,50753.000000
14026.000000,13647.000000,13110.000000,50786.000000
14040.000000,13615.000000,13177.000000,50827.000000
14075.000000,13643.000000,13156.000000,50809.000000
14075.000000,13625.000000,13126.000000,50769.000000
14043.000000,13609.000000,13114.000000,50772.000000
14032.000000,13619.000000,13137.000000,50734.000000
14017.000000,13607.000000,13136.000000,50760.000000
14024.000000,13637.000000,13114.000000,50770.000000
13979.000000,13592.000000,13130.000000,50776.000000
14001.000000,13551.000000,13106.000000,50746.000000
14036.000000,13587.000000,13097.000000,50822.000000
13972.000000,13580.000000,13128.000000,50790.000000
13998.000000,13604.000000,13023.000000,50743.000000
13978.000000,13603.000000,13068.000000,50761.000000
13942.000000,13594.000000,13075.000000,50751.000000
13974.000000,13531.000000,13052.000000,50726.000000
13943.000000,13556.000000,13064.000000,50726.000000
13983.000000,13550.000000,13006.000000,50763.000000
13980.000000,13567.000000,13050.000000,50751.000000
13980.000000,13533.000000,13021.000000,50731.000000
13918.000000,13533.000000,13049.000000,50693.000000
13997.000000,13561.000000,12964.000000,50766.000000
13916.000000,13533.000000,13017.000000,50705.000000
13915.000000,13549.000000,12977.000000,50749.000000
13929.000000,13520.000000,12989.000000,50708.000000
13925.000000,13496.000000,12980.000000,50726.000000
13919.000000,13529.000000,12997.000000,50734.000000
13871.000000,13541.000000,12942.000000,50732.000000
13887.000000,13491.000000,12984.000000,50715.000000
13901.000000,13542.000000,12950.000000,50697.000000
13909.000000,13499.000000,12966.000000,50692.000000
13901.000000,13499.000000,13009.000000,50703.000000
13896.000000,13486.000000,12952.000000,50698.000000
13887.000000,13500.000000,12933.000000,50699.000000
13872.000000,13487.000000,12947.000000,50713.000000
13844.000000,13473.000000,12953.000000,50683.000000
13931.000000,13477.000000,12879.000000,50691.000000
13841.000000,13470.000000,12904.000000,50669.000000
13791.000000,13499.000000,12885.000000,50627.000000
13857.000000,13478.000000,12919.000000,50676.000000
13802.000000,13525.000000,12962.000000,50631.000000
13822.000000,13460.000000,12908.000000,50667.000000
13774.000000,13458.000000,12922.000000,50634.000000
13811.000000,13461.000000,12935.000000,50641.000000
13821.000000,13516.000000,12899.000000,50641.000000
13803.000000,13473.000000,12882.000000,50671.000000
13815.000000,13467.000000,12914.000000,50621.000000
13765.000000,13502.000000,12860.000000,50624.000000
13815.000000,13474.000000,12870.000000,50672.000000
13779.000000,13467.000000,12871.000000,50652.000000
13792.000000,13438.000000,12888.000000,50643.000000
13821.000000,13471.000000,12845.000000,50652.000000
13773.000000,13448.000000,12873.000000,50626.000000
13793.000000,13457.000000,12845.000000,50661.000000
13796.000000,13444.000000,12863.000000,50631.000000
13797.000000,13490.000000,12853.000000,50596.000000
13790.000000,13412.000000,12873.000000,50623.000000
13720.000000,13400.000000,12882.000000,50592.000000
13789.000000,13418.000000,12847.000000,50630.000000
13797.000000,13442.000000,12834.000000,50644.000000
13790.000000,13403.000000,12861.000000,50667.000000
13775.000000,13420.000000,12866.000000,50626.000000
13804.000000,13443.000000,12832.000000,50603.000000
13783.000000,13447.000000,12827.000000,50606.000000
13783.000000,13492.000000,12808.000000,50595.000000
13770.000000,13426.000000,12841.000000,50648.000000
13737.000000,13472.000000,12835.000000,50556.000000
13756.000000,13432.000000,12824.000000,50600.000000
13690.000000,13410.000000,12862.000000,50619.000000
13736.000000,13421.000000,12857.000000,50603.000000
13717.000000,13458.000000,12806.000000,50602.000000
13771.000000,13404.000000,12812.000000,50608.000000
13730.000000,13418.000000,12854.000000,50616.000000
13722.000000,13455.000000,12836.000000,50597.000000
13724.000000,13388.000000,12813.000000,50625.000000
13721.000000,13413.000000,12842.000000,50620.000000
13703.000000,13394.000000,12853.000000,50598.000000
13693.000000,13422.000000,12785.000000,50577.000000
13723.000000,13391.000000,12794.000000,50596.000000
13693.000000,13421.000000,12754.000000,50605.000000
13707.000000,13416.000000,12813.000000,50599.000000
13693.000000,13459.000000,12817.000000,50577.000000
13692.000000,13392.000000,12787.000000,50590.000000
13679.000000,13388.000000,12798.000000,50605.000000
13665.000000,13379.000000,12782.000000,50559.000000
13705.000000,13376.000000,12758.000000,50624.000000
13683.000000,13411.000000,12776.000000,50580.000000
13660.000000,13388.000000,12755.000000,50572.000000
13655.000000,13380.000000,12822.000000,50573.000000
13680.000000,13383.000000,12795.000000,50601.000000
13643.000000,13387.000000,12843.000000,50595.000000
13719.000000,13349.000000,12800.000000,50595.000000
13653.000000,13357.000000,12854.000000,50549.000000
13698.000000,13421.000000,12833.000000,50615.000000
13696.000000,13328.000000,12856.000000,50608.000000
13688.000000,13411.000000,12853.000000,50621.000000
13734.000000,13395.000000,12875.000000,50599.000000
13752.000000,13411.000000,12871.000000,50634.000000
13770.000000,13409.000000,12919.000000,50660.000000
13720.000000,13405.000000,12891.000000,50674.000000
13769.000000,13399.000000,12898.000000,50640.000000
13754.000000,13440.000000,12926.000000,50646.000000
13782.000000,13433.000000,12955.000000,50639.000000
13781.000000,13459.000000,12972.000000,50659.000000
13821.000000,13431.000000,12955.000000,50681.000000
13765.000000,13485.000000,12948.000000,50648.000000
13821.000000,13466.000000,13019.000000,50722.000000
13795.000000,13464.000000,13066.000000,50717.000000
13839.000000,13482.000000,13009.000000,50728.000000
13865.000000,13498.000000,13037.000000,50777.000000
13895.000000,13523.000000,13078.000000,50764.000000
13929.000000,13544.000000,13068.000000,50789.000000
13855.000000,13557.000000,13102.000000,50743.000000
13902.000000,13610.000000,13087.000000,50801.000000
13917.000000,13523.000000,13177.000000,50827.000000
13958.000000,13599.000000,13187.000000,50840.000000
13966.000000,13609.000000,13202.000000,50844.000000
13996.000000,13651.000000,13233.000000,50847.000000
14083.000000,13581.000000,13304.000000,50899.000000
14085.000000,13651.000000,13273.000000,50887.000000
14143.000000,13642.000000,13302.000000,50937.000000
14150.000000,13691.000000,13314.000000,50915.000000
14159.000000,13723.000000,13355.000000,50924.000000
14160.000000,13721.000000,13377.000000,50963.000000
14191.000000,13730.000000,13420.000000,50957.000000
14224.000000,13775.000000,13434.000000,51000.000000
14255.000000,13730.000000,13414.000000,51008.000000
14286.000000,13751.000000,13452.000000,50997.000000
14289.000000,13814.000000,13494.000000,51006.000000
14306.000000,13811.000000,13520.000000,51060.000000
14344.000000,13840.000000,13538.000000,51037.000000
14353.000000,13842.000000,13582.000000,51015.000000
14370.000000,13867.000000,13585.000000,51073.000000
14375.000000,13841.000000,13651.000000,51110.000000
14387.000000,13850.000000,13646.000000,51098.000000
14402.000000,13876.000000,13632.000000,51138.000000
14428.000000,13886.000000,13645.000000,51107.000000
14441.000000,13902.000000,13585.000000,51128.000000
14433.000000,13947.000000,13622.000000,51116.000000
14395.000000,13898.000000,13674.000000,51048.000000
14437.000000,13879.000000,13643.000000,51138.000000
14426.000000,13916.000000,13661.000000,51121.000000
14396.000000,13908.000000,13650.000000,51082.000000
14392.000000,13883.000000,13635.000000,51087.000000
14417.000000,13855.000000,13575.000000,51125.000000
14400.000000,13907.000000,13615.000000,51074.000000
14454.000000,13874.000000,13560.000000,51106.000000
14368.000000,13888.000000,13609.000000,51065.000000
14383.000000,13857.000000,13574.000000,51077.000000
14363.000000,13839.000000,13587.000000,51066.000000
14373.000000,13845.000000,13595.000000,51076.000000
14378.000000,13841.000000,13593.000000,51063.000000
14386.000000,13809.000000,13543.000000,51099.000000
14333.000000,13816.000000,13578.000000,51074.000000
14345.000000,13832.000000,13549.000000,51041.000000
14353.000000,13819.000000,13556.000000,51055.000000
14301.000000,13849.000000,13555.000000,51009.000000
14315.000000,13812.000000,13566.000000,51004.000000
14351.000000,13823.000000,13542.000000,51075.000000
14269.000000,13795.000000,13531.000000,51005.000000
14314.000000,13826.000000,13536.000000,51029.000000
14309.000000,13803.000000,13529.000000,51075.000000
14326.000000,13784.000000,13506.000000,51016.000000
14319.000000,13804.000000,13453.000000,51078.000000
14274.000000,13799.000000,13497.000000,51029.000000
14282.000000,13876.000000,13442.000000,51001.000000
14302.000000,13811.000000,13465.000000,51002.000000
14266.000000,13820.000000,13435.000000,51026.000000
14247.000000,13781.000000,13468.000000,50995.000000
14277.000000,13790.000000,13456.000000,50988.000000
14319.000000,13781.000000,13412.000000,51025.000000
14265.000000,13788.000000,13478.000000,50953.000000
14252.000000,13743.000000,13427.000000,50957.000000
14244.000000,13811.000000,13474.000000,50987.000000
14292.000000,13757.000000,13424.000000,51004.000000
14236.000000,13775.000000,13441.000000,50964.000000
14227.000000,13741.000000,13420.000000,50993.000000
14255.000000,13720.000000,13401.000000,50977.000000
14254.000000,13739.000000,13417.000000,51029.000000
14175.000000,13729.000000,13418.000000,50937.000000
14206.000000,13752.000000,13397.000000,50925.000000
14214.000000,13778.000000,13417.000000,50968.000000
14189.000000,13731.000000,13380.000000,50948.000000
14189.000000,13697.000000,13371.000000,50945.000000
14174.000000,13713.000000,13337.000000,50974.000000
14252.000000,13750.000000,13328.000000,50948.000000
14197.000000,13731.000000,13339.000000,50913.000000
14207.000000,13739.000000,13331.000000,50937.000000
14166.000000,13685.000000,13323.000000,50915.000000
14143.000000,13753.000000,13299.000000,50871.000000
14131.000000,13706.000000,13323.000000,50929.000000
14069.000000,13669.000000,13365.000000,50855.000000
14151.000000,13702.000000,13294.000000,50897.000000
14127.000000,13653.000000,13317.000000,50874.000000
14139.000000,13713.000000,13268.000000,50919.000000
14135.000000,13677.000000,13266.000000,50894.000000
14104.000000,13712.000000,13256.000000,50864.000000
14118.000000,13679.000000,13317.000000,50858.000000
14121.000000,13705.000000,13277.000000,50860.000000
14109.000000,13664.000000,13242.000000,50878.000000
14034.000000,13705.000000,13253.000000,50839.000000
14106.000000,13648.000000,13242.000000,50867.000000
14066.000000,13650.000000,13225.000000,50834.000000
14092.000000,13631.000000,13239.000000,50867.000000
14062.000000,13695.000000,13191.000000,50814.000000
14074.000000,13651.000000,13244.000000,50876.000000
14042.000000,13664.000000,13221.000000,50835.000000
14087.000000,13603.000000,13208.000000,50839.000000
14049.000000,13612.000000,13186.000000,50867.000000
14060.000000,13611.000000,13200.000000,50814.000000
14066.000000,13637.000000,13139.000000,50876.000000
14083.000000,13624.000000,13183.000000,50825.000000
14043.000000,13598.000000,13170.000000,50837.000000
14050.000000,13631.000000,13142.000000,50820.000000
14031.000000,13631.000000,13160.000000,50814.000000
13976.000000,13631.000000,13180.000000,50804.000000
14005.000000,13585.000000,13149.000000,50803.000000
14005.000000,13539.000000,13170.000000,50832.000000
14013.000000,13588.000000,13156.000000,50805.000000
14027.000000,13573.000000,13190.000000,50827.000000
13985.000000,13585.000000,13156.000000,50823.000000
14037.000000,13553.000000,13092.000000,50819.000000
14001.000000,13545.000000,13124.000000,50823.000000
14016.000000,13584.000000,13150.000000,50807.000000
13970.000000,13583.000000,13114.000000,50798.000000
13974.000000,13557.000000,13093.000000,50808.000000
13964.000000,13544.000000,13093.000000,50775.000000
13993.000000,13566.000000,13093.000000,50790.000000
13946.000000,13555.000000,13074.000000,50785.000000
13912.000000,13557.000000,13063.000000,50755.000000
13934.000000,13577.000000,13100.000000,50737.000000
13942.000000,13569.000000,13042.000000,50765.000000
13953.000000,13546.000000,13065.000000,50777.000000
13965.000000,13550.000000,13050.000000,50779.000000
13927.000000,13494.000000,13039.000000,50804.000000
13927.000000,13524.000000,13032.000000,50744.000000
13949.000000,13524.000000,13003.000000,50792.000000
13925.000000,13510.000000,13063.000000,50765.000000
13901.000000,13541.000000,13009.000000,50742.000000
13916.000000,13562.000000,13020.000000,50710.000000
13918.000000,13506.000000,13019.000000,50730.000000
13887.000000,13531.000000,13027.000000,50722.000000
13901.000000,13482.000000,13007.000000,50700.000000
13860.000000,13483.000000,13054.000000,50741.000000
13892.000000,13476.000000,12983.000000,50748.000000
13884.000000,13469.000000,13030.000000,50740.000000
13866.000000,13505.000000,12972.000000,50693.000000
13844.000000,13447.000000,13000.000000,50711.000000
13858.000000,13519.000000,12968.000000,50736.000000
13825.000000,13469.000000,13016.000000,50700.000000
13862.000000,13497.000000,12964.000000,50696.000000
13850.000000,13469.000000,12962.000000,50730.000000
13845.000000,13478.000000,12984.000000,50724.000000
13843.000000,13479.000000,12959.000000,50703.000000
13828.000000,13481.000000,12938.000000,50700.000000
13843.000000,13478.000000,12927.000000,50700.000000
13822.000000,13515.000000,12933.000000,50661.000000
13820.000000,13475.000000,12946.000000,50704.000000
13790.000000,13472.000000,12953.000000,50665.000000
13839.000000,13458.000000,12952.000000,50685.000000
13822.000000,13454.000000,12967.000000,50677.000000
13843.000000,13475.000000,12923.000000,50713.000000
13874.000000,13434.000000,12918.000000,50730.000000
13841.000000,13482.000000,12917.000000,50708.000000
13860.000000,13447.000000,12886.000000,50706.000000
13841.000000,13472.000000,12911.000000,50662.000000
13789.000000,13471.000000,12914.000000,50691.000000
13801.000000,13444.000000,12952.000000,50642.000000
13839.000000,13457.000000,12923.000000,50719.000000
13796.000000,13436.000000,12964.000000,50697.000000
13834.000000,13438.000000,12895.000000,50700.000000
13826.000000,13458.000000,12972.000000,50690.000000
13846.000000,13427.000000,12938.000000,50679.000000
13806.000000,13459.000000,12921.000000,50672.000000
13851.000000,13438.000000,12940.000000,50734.000000
13838.000000,13488.000000,12967.000000,50681.000000
13828.000000,13467.000000,12940.000000,50712.000000
13848.000000,13466.000000,12973.000000,50728.000000
13831.000000,13486.000000,12997.000000,50759.000000
13878.000000,13463.000000,12983.000000,50766.000000
13876.000000,13476.000000,12960.000000,50742.000000
13883.000000,13507.000000,12991.000000,50731.000000
13929.000000,13511.000000,12971.000000,50723.000000
13899.000000,13510.000000,13005.000000,50765.000000
13953.000000,13538.000000,13015.000000,50737.000000
13927.000000,13519.000000,13074.000000,50794.000000
13931.000000,13595.000000,13076.000000,50758.000000
13946.000000,13543.000000,13094.000000,50784.000000
13917.000000,13577.000000,13142.000000,50777.000000
14013.000000,13538.000000,13129.000000,50811.000000
13995.000000,13583.000000,13147.000000,50824.000000
14028.000000,13575.000000,13146.000000,50826.000000
14008.000000,13578.000000,13161.000000,50822.000000
14031.000000,13629.000000,13152.000000,50823.000000
14038.000000,13601.000000,13235.000000,50835.000000
14023.000000,13656.000000,13223.000000,50899.000000
14085.000000,13623.000000,13233.000000,50907.000000
14068.000000,13659.000000,13239.000000,50877.000000
14136.000000,13679.000000,13259.000000,50925.000000
14118.000000,13667.000000,13305.000000,50978.000000
14159.000000,13703.000000,13322.000000,50937.000000
14201.000000,13735.000000,13333.000000,50968.000000
14167.000000,13727.000000,13366.000000,50961.000000
14224.000000,13788.000000,13409.000000,50974.000000
14256.000000,13735.000000,13443.000000,50991.000000
14218.000000,13759.000000,13483.000000,51012.000000
14277.000000,13783.000000,13453.000000,51042.000000
14331.000000,13742.000000,13507.000000,51071.000000
14288.000000,13811.000000,13501.000000,51069.000000
14334.000000,13842.000000,13536.000000,51070.000000
14394.000000,13819.000000,13527.000000,51074.000000
14357.000000,13855.000000,13587.000000,51106.000000
14390.000000,13938.000000,13643.000000,51056.000000
14419.000000,13878.000000,13631.000000,51125.000000
14399.000000,13899.000000,13719.000000,51097.000000
14443.000000,13872.000000,13647.000000,51149.000000
14486.000000,13908.000000,13688.000000,51145.000000
14486.000000,13905.000000,13684.000000,51159.000000
14475.000000,13944.000000,13699.000000,51167.000000
14484.000000,13965.000000,13716.000000,51177.000000
14487.000000,13923.000000,13746.000000,51134.000000
14461.000000,13941.000000,13732.000000,51163.000000
14522.000000,13907.000000,13711.000000,51189.000000
14445.000000,13924.000000,13685.000000,51098.000000
14491.000000,13911.000000,13682.000000,51164.000000
14444.000000,13887.000000,13676.000000,51133.000000
14474.000000,13867.000000,13662.000000,51114.000000
14460.000000,13947.000000,13653.000000,51099.000000
14454.000000,13870.000000,13624.000000,51103.000000
14411.000000,13896.000000,13655.000000,51140.000000
14469.000000,13900.000000,13634.000000,51144.000000
14426.000000,13856.000000,13645.000000,51149.000000
14423.000000,13884.000000,13604.000000,51122.000000
14476.000000,13909.000000,13607.000000,51148.000000
14416.000000,13864.000000,13594.000000,51112.000000
14391.000000,13891.000000,13592.000000,51124.000000
14417.000000,13890.000000,13597.000000,51130.000000
14428.000000,13863.000000,13616.000000,51133.000000
14395.000000,13828.000000,13632.000000,51101.000000
14394.000000,13861.000000,13588.000000,51105.000000
14385.000000,13811.000000,13565.000000,51115.000000
14404.000000,13827.000000,13542.000000,51093.000000
14426.000000,13784.000000,13558.000000,51105.000000
14386.000000,13842.000000,13527.000000,51088.000000
14423.000000,13811.000000,13528.000000,51057.000000
14390.000000,13820.000000,13530.000000,51095.000000
14405.000000,13818.000000,13543.000000,51108.000000
14361.000000,13795.000000,13529.000000,51075.000000
14356.000000,13808.000000,13512.000000,51104.000000
14372.000000,13771.000000,13525.000000,51101.000000
14351.000000,13837.000000,13507.000000,51062.000000
14365.000000,13802.000000,13515.000000,51047.000000
14349.000000,13800.000000,13489.000000,51042.000000
14348.000000,13812.000000,13493.000000,51044.000000
14368.000000,13807.000000,13478.000000,51053.000000
14320.000000,13740.000000,13496.000000,51053.000000
14345.000000,13797.000000,13462.000000,51072.000000
14377.000000,13775.000000,13441.000000,51087.000000
14335.000000,13784.000000,13448.000000,51029.000000
14279.000000,13830.000000,13455.000000,51007.000000
14343.000000,13787.000000,13459.000000,51041.000000
14268.000000,13817.000000,13498.000000,50992.000000
14299.000000,13750.000000,13447.000000,51026.000000
14279.000000,13763.000000,13440.000000,51018.000000
14313.000000,13731.000000,13394.000000,51044.000000
14285.000000,13742.000000,13410.000000,50987.000000
14313.000000,13783.000000,13367.000000,51021.000000
14291.000000,13741.000000,13384.000000,51019.000000
14276.000000,13779.000000,13342.000000,51015.000000
14269.000000,13747.000000,13387.000000,51005.000000
14214.000000,13760.000000,13340.000000,50990.000000
14263.000000,13735.000000,13372.000000,51015.000000
14230.000000,13735.000000,13334.000000,51016.000000
14265.000000,13706.000000,13364.000000,50937.000000
14225.000000,13729.000000,13355.000000,50973.000000
14222.000000,13758.000000,13371.000000,50942.000000
14182.000000,13719.000000,13358.000000,50953.000000
14190.000000,13717.000000,13340.000000,50993.000000
14190.000000,13709.000000,13350.000000,50974.000000
14217.000000,13695.000000,13325.000000,51016.000000
14195.000000,13686.000000,13332.000000,50942.000000
14224.000000,13668.000000,13275.000000,50964.000000
14215.000000,13676.000000,13318.000000,50960.000000
14187.000000,13735.000000,13328.000000,50929.000000
14180.000000,13692.000000,13273.000000,50952.000000
14129.000000,13661.000000,13348.000000,50931.000000
14173.000000,13648.000000,13302.000000,50961.000000
14123.000000,13643.000000,13282.000000,50961.000000
14149.000000,13685.000000,13268.000000,50918.000000
14162.000000,13650.000000,13224.000000,50933.000000
14115.000000,13677.000000,13248.000000,50896.000000
14100.000000,13620.000000,13260.000000,50909.000000
14084.000000,13641.000000,13249.000000,50883.000000
14079.000000,13622.000000,13234.000000,50898.000000
14096.000000,13589.000000,13286.000000,50907.000000
14061.000000,13627.000000,13206.000000,50883.000000
14083.000000,13605.000000,13215.000000,50892.000000
14086.000000,13603.000000,13206.000000,50877.000000
14071.000000,13608.000000,13219.000000,50863.000000
14040.000000,13577.000000,13185.000000,50882.000000
14036.000000,13567.000000,13191.000000,50870.000000
14055.000000,13580.000000,13185.000000,50860.000000
14036.000000,13562.000000,13120.000000,50872.000000
14047.000000,13552.000000,13138.000000,50848.000000
13999.000000,13561.000000,13127.000000,50854.000000
14024.000000,13571.000000,13167.000000,50836.000000
13956.000000,13540.000000,13133.000000,50843.000000
13940.000000,13547.000000,13140.000000,50803.000000
13982.000000,13542.000000,13108.000000,50832.000000
13936.000000,13524.000000,13162.000000,50872.000000
13968.000000,13555.000000,13084.000000,50799.000000
13983.000000,13519.000000,13052.000000,50865.000000
13937.000000,13546.000000,13091.000000,50824.000000
13953.000000,13541.000000,13048.000000,50802.000000
13922.000000,13513.000000,13069.000000,50787.000000
13863.000000,13553.000000,13089.000000,50767.000000
13912.000000,13485.000000,13047.000000,50794.000000
13900.000000,13496.000000,13037.000000,50788.000000
13870.000000,13481.000000,13050.000000,50794.000000
13888.000000,13497.000000,13020.000000,50747.000000
13927.000000,13486.000000,12959.000000,50830.000000
13889.000000,13487.000000,13004.000000,50776.000000
13918.000000,13516.000000,13005.000000,50780.000000
13849.000000,13486.000000,12987.000000,50764.000000
13881.000000,13472.000000,12951.000000,50747.000000
13835.000000,13470.000000,12986.000000,50763.000000
13858.000000,13460.000000,12949.000000,50771.000000
13822.000000,13479.000000,12945.000000,50755.000000
13827.000000,13458.000000,12899.000000,50758.000000
13811.000000,13425.000000,12908.000000,50716.000000
13793.000000,13461.000000,12959.000000,50701.000000
13850.000000,13450.000000,12911.000000,50694.000000
13798.000000,13422.000000,12958.000000,50721.000000
13827.000000,13427.000000,12916.000000,50731.000000
13789.000000,13434.000000,12918.000000,50719.000000
13871.000000,13402.000000,12888.000000,50751.000000
13795.000000,13428.000000,12907.000000,50731.000000
13821.000000,13394.000000,12872.000000,50719.000000
13804.000000,13419.000000,12859.000000,50705.000000
13806.000000,13456.000000,12870.000000,50662.000000
13790.000000,13412.000000,12859.000000,50721.000000
13716.000000,13440.000000,12919.000000,50643.000000
13804.000000,13413.000000,12852.000000,50699.000000
13764.000000,13381.000000,12858.000000,50657.000000
13799.000000,13365.000000,12857.000000,50678.000000
13790.000000,13335.000000,12833.000000,50662.000000
13790.000000,13380.000000,12785.000000,50679.000000
13785.000000,13390.000000,12856.000000,50660.000000
13810.000000,13403.000000,12816.000000,50679.000000
13765.000000,13384.000000,12800.000000,50639.000000
13781.000000,13387.000000,12776.000000,50666.000000
13743.000000,13375.000000,12833.000000,50683.000000
13766.000000,13331.000000,12788.000000,50701.000000
13792.000000,13380.000000,12827.000000,50685.000000
13773.000000,13374.000000,12792.000000,50700.000000
13767.000000,13377.000000,12823.000000,50656.000000
13779.000000,13413.000000,12820.000000,50656.000000
13803.000000,13389.000000,12796.000000,50657.000000
13807.000000,13400.000000,12858.000000,50648.000000
13768.000000,13377.000000,12861.000000,50660.000000
13754.000000,13377.000000,12853.000000,50710.000000
13780.000000,13385.000000,12856.000000,50730.000000
13792.000000,13380.000000,12858.000000,50697.000000
13832.000000,13420.000000,12853.000000,50738.000000
13821.000000,13412.000000,12862.000000,50723.000000
13864.000000,13471.000000,12840.000000,50752.000000
13847.000000,13410.000000,12907.000000,50725.000000
13829.000000,13474.000000,12859.000000,50718.000000
13880.000000,13433.000000,12918.000000,50747.000000
13858.000000,13469.000000,12934.000000,50797.000000
13864.000000,13430.000000,12937.000000,50775.000000
13892.000000,13464.000000,12971.000000,50775.000000
13931.000000,13467.000000,12928.000000,50786.000000
13898.000000,13526.000000,12977.000000,50786.000000
13952.000000,13474.000000,13034.000000,50765.000000
13947.000000,13531.000000,13045.000000,50835.000000
14006.000000,13478.000000,13046.000000,50848.000000
13985.000000,13531.000000,13063.000000,50828.000000
13951.000000,13519.000000,13112.000000,50856.000000
13992.000000,13560.000000,13127.000000,50858.000000
14062.000000,13543.000000,13156.000000,50908.000000
14060.000000,13567.000000,13168.000000,50866.000000
14084.000000,13614.000000,13146.000000,50881.000000
14068.000000,13621.000000,13217.000000,50927.000000
14099.000000,13634.000000,13219.000000,50881.000000
14098.000000,13593.000000,13241.000000,50947.000000
14117.000000,13608.000000,13301.000000,50930.000000
14135.000000,13581.000000,13292.000000,51008.000000
14216.000000,13677.000000,13331.000000,50984.000000
14219.000000,13668.000000,13325.000000,51009.000000
14236.000000,13691.000000,13345.000000,51025.000000
14278.000000,13695.000000,13331.000000,51052.000000
14280.000000,13737.000000,13404.000000,51019.000000
14316.000000,13787.000000,13377.000000,51063.000000
14312.000000,13767.000000,13456.000000,51051.000000
14351.000000,13788.000000,13451.000000,51102.000000
14354.000000,13780.000000,13477.000000,51065.000000
14347.000000,13783.000000,13471.000000,51112.000000
14408.000000,13797.000000,13508.000000,51123.000000
14409.000000,13803.000000,13483.000000,51125.000000
14404.000000,13817.000000,13524.000000,51094.000000
14405.000000,13847.000000,13527.000000,51099.000000
14429.000000,13795.000000,13540.000000,51084.000000
14408.000000,13856.000000,13532.000000,51140.000000
14399.000000,13807.000000,13505.000000,51057.000000
14406.000000,13784.000000,13505.000000,51104.000000
14376.000000,13827.000000,13565.000000,51118.000000
14394.000000,13807.000000,13483.000000,51098.000000
14384.000000,13796.000000,13489.000000,51119.000000
14379.000000,13791.000000,13482.000000,51087.000000
14396.000000,13807.000000,13459.000000,51097.000000
14369.000000,13767.000000,13478.000000,51081.000000
14305.000000,13820.000000,13443.000000,51039.000000
14344.000000,13756.000000,13461.000000,51078.000000
14342.000000,13765.000000,13466.000000,51062.000000
14327.000000,13731.000000,13432.000000,51083.000000
14334.000000,13772.000000,13426.000000,51050.000000
14380.000000,13725.000000,13385.000000,51055.000000
14338.000000,13739.000000,13392.000000,51069.000000
14376.000000,13759.000000,13362.000000,51055.000000
14342.000000,13745.000000,13405.000000,51037.000000
14353.000000,13734.000000,13382.000000,51070.000000
14312.000000,13743.000000,13383.000000,51051.000000
14323.000000,13735.000000,13399.000000,51043.000000
14324.000000,13729.000000,13350.000000,51021.000000
14338.000000,13700.000000,13340.000000,51049.000000
14303.000000,13733.000000,13365.000000,51000.000000
14316.000000,13747.000000,13333.000000,50970.000000
14317.000000,13711.000000,13333.000000,51042.000000
14277.000000,13709.000000,13386.000000,50998.000000
14264.000000,13709.000000,13369.000000,50975.000000
14278.000000,13727.000000,13357.000000,51008.000000
14274.000000,13688.000000,13384.000000,51042.000000
14270.000000,13700.000000,13305.000000,50999.000000
14276.000000,13633.000000,13303.000000,51045.000000
14266.000000,13655.000000,13306.000000,50977.000000
14305.000000,13727.000000,13287.000000,51024.000000
14248.000000,13655.000000,13318.000000,50963.000000
14233.000000,13723.000000,13280.000000,50949.000000
14247.000000,13681.000000,13279.000000,50974.000000
14229.000000,13669.000000,13282.000000,50977.000000
14193.000000,13667.000000,13259.000000,50942.000000
14194.000000,13652.000000,13287.000000,50960.000000
14223.000000,13618.000000,13280.000000,50989.000000
14221.000000,13677.000000,13247.000000,50954.000000
14210.000000,13620.000000,13256.000000,50992.000000
14220.000000,13655.000000,13231.000000,50962.000000
14194.000000,13632.000000,13259.000000,50953.000000
14189.000000,13632.000000,13233.000000,50967.000000
14142.000000,13632.000000,13272.000000,50896.000000
14195.000000,13647.000000,13218.000000,50957.000000
14148.000000,13647.000000,13252.000000,50947.000000
14161.000000,13631.000000,13200.000000,50909.000000
14189.000000,13602.000000,13185.000000,50983.000000
14193.000000,13614.000000,13177.000000,50918.000000
14170.000000,13599.000000,13169.000000,50951.000000
14180.000000,13647.000000,13170.000000,50917.000000
14120.000000,13612.000000,13174.000000,50864.000000
14151.000000,13653.000000,13178.000000,50884.000000
14132.000000,13611.000000,13151.000000,50900.000000
14074.000000,13629.000000,13206.000000,50926.000000
14129.000000,13571.000000,13141.000000,50906.000000
14095.000000,13519.000000,13216.000000,50899.000000
14098.000000,13613.000000,13122.000000,50847.000000
14108.000000,13540.000000,13123.000000,50883.000000
14134.000000,13607.000000,13122.000000,50878.000000
14123.000000,13545.000000,13150.000000,50865.000000
14092.000000,13584.000000,13129.000000,50871.000000
14094.000000,13532.000000,13162.000000,50866.000000
14074.000000,13589.000000,13114.000000,50830.000000
14093.000000,13559.000000,13111.000000,50862.000000
14031.000000,13583.000000,13077.000000,50866.000000
14096.000000,13546.000000,13069.000000,50870.000000
14059.000000,13573.000000,13069.000000,50858.000000
14057.000000,13561.000000,13071.000000,50884.000000
14097.000000,13562.000000,13022.000000,50873.000000
14044.000000,13514.000000,13034.000000,50850.000000
14040.000000,13546.000000,13049.000000,50787.000000
14052.000000,13530.000000,13040.000000,50836.000000
14011.000000,13526.000000,13102.000000,50807.000000
14041.000000,13538.000000,13050.000000,50840.000000
14021.000000,13505.000000,13066.000000,50827.000000
14048.000000,13489.000000,13026.000000,50872.000000
14037.000000,13471.000000,13033.000000,50809.000000
14054.000000,13533.000000,13010.000000,50838.000000
14009.000000,13521.000000,13039.000000,50783.000000
14003.000000,13518.000000,13012.000000,50836.000000
13964.000000,13476.000000,12994.000000,50808.000000
14013.000000,13538.000000,12945.000000,50838.000000
14001.000000,13500.000000,12999.000000,50806.000000
13973.000000,13502.000000,12978.000000,50831.000000
13953.000000,13488.000000,12968.000000,50842.000000
14015.000000,13464.000000,12969.000000,50871.000000
13982.000000,13450.000000,12982.000000,50801.000000
13977.000000,13484.000000,12938.000000,50791.000000
14021.000000,13459.000000,12944.000000,50754.000000
13952.000000,13476.000000,12934.000000,50766.000000
13943.000000,13450.000000,12954.000000,50794.000000
13959.000000,13441.000000,12988.000000,50781.000000
13915.000000,13436.000000,12963.000000,50784.000000
13925.000000,13437.000000,12938.000000,50780.000000
13923.000000,13443.000000,12971.000000,50765.000000
13908.000000,13452.000000,12928.000000,50763.000000
13954.000000,13421.000000,12893.000000,50821.000000
13885.000000,13432.000000,12955.000000,50771.000000
13882.000000,13472.000000,12889.000000,50737.000000
13917.000000,13437.000000,12945.000000,50783.000000
13873.000000,13501.000000,12921.000000,50753.000000
13900.000000,13414.000000,12906.000000,50749.000000
13864.000000,13466.000000,12891.000000,50761.000000
13878.000000,13410.000000,12870.000000,50770.000000
13892.000000,13441.000000,12874.000000,50789.000000
13885.000000,13378.000000,12901.000000,50781.000000
13882.000000,13423.000000,12898.000000,50749.000000
13845.000000,13384.000000,12935.000000,50751.000000
13848.000000,13427.000000,12895.000000,50769.000000
13859.000000,13405.000000,12920.000000,50722.000000
13860.000000,13401.000000,12876.000000,50727.000000
13820.000000,13464.000000,12919.000000,50692.000000
13844.000000,13387.000000,12855.000000,50738.000000
13836.000000,13406.000000,12913.000000,50744.000000
13875.000000,13441.000000,12872.000000,50760.000000
13856.000000,13376.000000,12870.000000,50722.000000
13835.000000,13403.000000,12864.000000,50741.000000
13823.000000,13419.000000,12845.000000,50721.000000
13821.000000,13425.000000,12865.000000,50720.000000
13821.000000,13399.000000,12852.000000,50726.000000
13802.000000,13394.000000,12847.000000,50702.000000
13820.000000,13388.000000,12867.000000,50728.000000
13791.000000,13361.000000,12911.000000,50710.000000
13819.000000,13410.000000,12864.000000,50706.000000
13829.000000,13356.000000,12882.000000,50754.000000
13806.000000,13384.000000,12841.000000,50724.000000
13818.000000,13364.000000,12839.000000,50722.000000
13814.000000,13400.000000,12867.000000,50683.000000
13851.000000,13383.000000,12845.000000,50711.000000
13833.000000,13387.000000,12860.000000,50732.000000
13826.000000,13359.000000,12878.000000,50732.000000
13809.000000,13382.000000,12873.000000,50752.000000
13857.000000,13361.000000,12871.000000,50741.000000
13796.000000,13384.000000,12908.000000,50731.000000
13819.000000,13397.000000,12889.000000,50734.000000
13820.000000,13393.000000,12836.000000,50730.000000
13866.000000,13400.000000,12932.000000,50768.000000
13839.000000,13461.000000,12862.000000,50720.000000
13873.000000,13448.000000,12911.000000,50765.000000
13893.000000,13453.000000,12959.000000,50714.000000
13887.000000,13423.000000,12960.000000,50784.000000
13864.000000,13446.000000,12971.000000,50786.000000
13892.000000,13465.000000,12963.000000,50779.000000
13928.000000,13429.000000,12981.000000,50845.000000
13926.000000,13466.000000,12999.000000,50828.000000
13929.000000,13503.000000,12979.000000,50807.000000
13964.000000,13488.000000,12991.000000,50812.000000
13988.000000,13489.000000,13023.000000,50824.000000
13968.000000,13552.000000,13091.000000,50845.000000
14016.000000,13498.000000,13082.000000,50874.000000
13956.000000,13498.000000,13130.000000,50849.000000
14020.000000,13537.000000,13138.000000,50882.000000
14029.000000,13563.000000,13183.000000,50873.000000
14074.000000,13583.000000,13169.000000,50913.000000
14085.000000,13569.000000,13192.000000,50904.000000
14090.000000,13569.000000,13179.000000,50923.000000
14104.000000,13592.000000,13268.000000,50943.000000
14114.000000,13615.000000,13236.000000,50957.000000
14154.000000,13604.000000,13254.000000,50982.000000
14154.000000,13647.000000,13308.000000,50978.000000
14192.000000,13653.000000,13280.000000,50991.000000
14196.000000,13713.000000,13304.000000,51034.000000
14252.000000,13697.000000,13353.000000,51046.000000
14234.000000,13726.000000,13364.000000,51019.000000
14266.000000,13731.000000,13414.000000,51068.000000
14269.000000,13755.000000,13465.000000,51045.000000
14286.000000,13749.000000,13467.000000,51085.000000
14334.000000,13769.000000,13493.000000,51130.000000
14363.000000,13763.000000,13496.000000,51118.000000
14420.000000,13811.000000,13500.000000,51164.000000
14368.000000,13795.000000,13543.000000,51130.000000
14421.000000,13830.000000,13516.000000,51145.000000
14387.000000,13803.000000,13586.000000,51179.000000
14437.000000,13826.000000,13619.000000,51185.000000
14438.000000,13793.000000,13585.000000,51214.000000
14460.000000,13876.000000,13597.000000,51157.000000
14488.000000,13806.000000,13633.000000,51213.000000
14463.000000,13890.000000,13646.000000,51203.000000
14547.000000,13831.000000,13618.000000,51237.000000
14489.000000,13859.000000,13639.000000,51194.000000
14489.000000,13884.000000,13651.000000,51203.000000
14482.000000,13852.000000,13612.000000,51175.000000
14507.000000,13816.000000,13647.000000,51218.000000
14483.000000,13842.000000,13604.000000,51196.000000
14481.000000,13839.000000,13554.000000,51191.000000
14489.000000,13853.000000,13586.000000,51151.000000
14456.000000,13879.000000,13569.000000,51148.000000
14436.000000,13837.000000,13597.000000,51156.000000
14419.000000,13824.000000,13557.000000,51150.000000
14441.000000,13778.000000,13583.000000,51128.000000
14441.000000,13855.000000,13561.000000,51167.000000
14405.000000,13767.000000,13559.000000,51154.000000
14411.000000,13808.000000,13513.000000,51138.000000
14436.000000,13775.000000,13532.000000,51191.000000
14402.000000,13801.000000,13539.000000,51104.000000
14424.000000,13781.000000,13432.000000,51179.000000
14408.000000,13783.000000,13501.000000,51129.000000
14424.000000,13817.000000,13466.000000,51136.000000
14364.000000,13784.000000,13503.000000,51125.000000
14414.000000,13786.000000,13489.000000,51144.000000
14388.000000,13810.000000,13537.000000,51100.000000
14402.000000,13759.000000,13460.000000,51140.000000
14349.000000,13761.000000,13491.000000,51100.000000
14403.000000,13768.000000,13450.000000,51088.000000
14327.000000,13785.000000,13470.000000,51071.000000
14343.000000,13737.000000,13441.000000,51087.000000
14350.000000,13792.000000,13445.000000,51116.000000
14392.000000,13750.000000,13435.000000,51093.000000
14365.000000,13781.000000,13426.000000,51065.000000
14349.000000,13767.000000,13417.000000,51066.000000
14319.000000,13743.000000,13451.000000,51060.000000
14332.000000,13767.000000,13436.000000,51100.000000
14329.000000,13735.000000,13438.000000,51071.000000
14355.000000,13741.000000,13384.000000,51086.000000
14351.000000,13697.000000,13398.000000,51123.000000
14353.000000,13715.000000,13355.000000,51075.000000
14333.000000,13749.000000,13367.000000,51068.000000
14334.000000,13743.000000,13378.000000,51035.000000
14344.000000,13718.000000,13366.000000,51071.000000
14331.000000,13759.000000,13347.000000,51018.000000
14303.000000,13695.000000,13381.000000,51050.000000
14240.000000,13753.000000,13362.000000,50996.000000
14305.000000,13660.000000,13325.000000,51034.000000
14288.000000,13717.000000,13355.000000,51057.000000
14258.000000,13715.000000,13347.000000,51042.000000
14253.000000,13693.000000,13336.000000,51037.000000
14269.000000,13703.000000,13338.000000,51026.000000
14241.000000,13699.000000,13275.000000,50988.000000
14278.000000,13718.000000,13324.000000,51001.000000
14291.000000,13663.000000,13312.000000,51026.000000
14263.000000,13667.000000,13301.000000,51006.000000
14278.000000,13681.000000,13294.000000,51025.000000
14287.000000,13655.000000,13289.000000,51042.000000
14263.000000,13660.000000,13304.000000,50994.000000
14256.000000,13672.000000,13242.000000,51011.000000
14243.000000,13659.000000,13277.000000,50987.000000
14227.000000,13675.000000,13255.000000,50976.000000
14237.000000,13663.000000,13268.000000,50989.000000
14174.000000,13624.000000,13268.000000,50980.000000
14224.000000,13652.000000,13241.000000,50993.000000
14255.000000,13605.000000,13230.000000,51004.000000
14172.000000,13651.000000,13223.000000,50956.000000
14184.000000,13641.000000,13201.000000,50968.000000
14220.000000,13623.000000,13206.000000,50936.000000
14172.000000,13613.000000,13195.000000,50942.000000
14145.000000,13643.000000,13251.000000,50935.000000
14176.000000,13614.000000,13200.000000,50969.000000
14131.000000,13578.000000,13259.000000,50950.000000
14170.000000,13605.000000,13194.000000,50928.000000
14148.000000,13567.000000,13200.000000,50942.000000
14123.000000,13599.000000,13198.000000,50968.000000
14140.000000,13560.000000,13165.000000,50918.000000
14144.000000,13589.000000,13177.000000,50969.000000
14129.000000,13572.000000,13204.000000,50908.000000
14124.000000,13612.000000,13130.000000,50930.000000
14148.000000,13573.000000,13153.000000,50939.000000
14112.000000,13552.000000,13202.000000,50915.000000
14137.000000,13587.000000,13131.000000,50910.000000
14099.000000,13561.000000,13130.000000,50895.000000
14118.000000,13547.000000,13130.000000,50897.000000
14071.000000,13605.000000,13153.000000,50874.000000
14103.000000,13563.000000,13126.000000,50897.000000
14042.000000,13557.000000,13130.000000,50902.000000
14084.000000,13568.000000,13103.000000,50913.000000
14053.000000,13520.000000,13129.000000,50909.000000
14082.000000,13539.000000,13093.000000,50891.000000
14110.000000,13534.000000,13074.000000,50946.000000
14062.000000,13550.000000,13085.000000,50871.000000
14072.000000,13557.000000,13051.000000,50906.000000
14067.000000,13578.000000,13087.000000,50856.000000
14044.000000,13541.000000,13087.000000,50870.000000
14032.000000,13485.000000,13101.000000,50904.000000
14036.000000,13542.000000,13036.000000,50874.000000
14031.000000,13480.000000,13092.000000,50861.000000
14025.000000,13506.000000,13043.000000,50835.000000
14047.000000,13486.000000,13086.000000,50881.000000
14032.000000,13515.000000,13035.000000,50877.000000
14049.000000,13476.000000,13026.000000,50849.000000
14007.000000,13472.000000,13042.000000,50839.000000
13994.000000,13507.000000,13089.000000,50837.000000
13987.000000,13528.000000,13031.000000,50846.000000
14043.000000,13448.000000,13050.000000,50890.000000
14006.000000,13478.000000,13035.000000,50882.000000
14022.000000,13487.000000,13013.000000,50876.000000
14024.000000,13497.000000,12994.000000,50825.000000
13965.000000,13500.000000,13043.000000,50796.000000
13963.000000,13506.000000,13028.000000,50808.000000
13968.000000,13448.000000,13009.000000,50814.000000
13923.000000,13498.000000,12998.000000,50825.000000
13990.000000,13470.000000,12967.000000,50815.000000
13938.000000,13425.000000,13018.000000,50869.000000
13955.000000,13469.000000,12976.000000,50808.000000
14010.000000,13457.000000,12899.000000,50881.000000
13965.000000,13457.000000,12998.000000,50833.000000
13965.000000,13486.000000,12940.000000,50850.000000
13937.000000,13420.000000,12967.000000,50823.000000
13942.000000,13494.000000,12949.000000,50820.000000
13965.000000,13405.000000,12968.000000,50834.000000
13947.000000,13389.000000,12944.000000,50821.000000
13957.000000,13418.000000,12953.000000,50836.000000
13927.000000,13451.000000,12932.000000,50780.000000
13998.000000,13426.000000,12909.000000,50854.000000
13905.000000,13425.000000,12926.000000,50782.000000
13968.000000,13408.000000,12898.000000,50792.000000
13928.000000,13458.000000,12944.000000,50783.000000
13946.000000,13413.000000,12946.000000,50812.000000
13921.000000,13432.000000,12930.000000,50793.000000
13958.000000,13427.000000,12897.000000,50802.000000
13956.000000,13431.000000,12904.000000,50794.000000
13985.000000,13515.000000,12912.000000,50810.000000
13930.000000,13424.000000,12928.000000,50814.000000
13924.000000,13431.000000,13003.000000,50786.000000
13981.000000,13452.000000,12958.000000,50860.000000
13946.000000,13443.000000,12933.000000,50834.000000
13951.000000,13448.000000,12970.000000,50818.000000
13955.000000,13460.000000,12958.000000,50808.000000
13991.000000,13425.000000,12974.000000,50876.000000
13994.000000,13459.000000,13004.000000,50849.000000
14024.000000,13456.000000,12920.000000,50851.000000
14041.000000,13505.000000,13024.000000,50847.000000
14036.000000,13514.000000,13016.000000,50850.000000
14041.000000,13537.000000,13023.000000,50871.000000
14038.000000,13558.000000,13031.000000,50883.000000
14127.000000,13530.000000,13050.000000,50893.000000
14138.000000,13559.000000,13079.000000,50920.000000
14129.000000,13537.000000,13120.000000,50896.000000
14133.000000,13565.000000,13123.000000,50902.000000
14217.000000,13581.000000,13129.000000,50952.000000
14203.000000,13584.000000,13165.000000,50937.000000
14216.000000,13591.000000,13181.000000,50964.000000
14189.000000,13604.000000,13233.000000,50968.000000
14246.000000,13580.000000,13191.000000,51028.000000
14260.000000,13655.000000,13265.000000,50984.000000
14290.000000,13673.000000,13270.000000,51037.000000
14277.000000,13679.000000,13315.000000,51019.000000
14301.000000,13740.000000,13300.000000,51028.000000
14295.000000,13701.000000,13351.000000,51080.000000
14317.000000,13731.000000,13419.000000,51048.000000
14351.000000,13699.000000,13377.000000,51103.000000
14402.000000,13725.000000,13441.000000,51115.000000
14405.000000,13743.000000,13469.000000,51136.000000
14438.000000,13789.000000,13487.000000,51121.000000
14516.000000,13779.000000,13456.000000,51205.000000
14496.000000,13807.000000,13557.000000,51199.000000
14524.000000,13850.000000,13528.000000,51172.000000
14576.000000,14089.000000,13581.000000,51210.000000
14559.000000,13927.000000,13566.000000,51203.000000
14567.000000,13879.000000,13652.000000,51240.000000
14573.000000,13916.000000,13647.000000,51256.000000
14636.000000,13911.000000,13665.000000,51257.000000
14643.000000,14201.000000,13673.000000,51322.000000
14674.000000,13926.000000,13719.000000,51274.000000
14671.000000,13958.000000,13744.000000,51290.000000
14782.000000,13979.000000,13750.000000,51347.000000
14704.000000,13996.000000,13811.000000,51303.000000
14762.000000,13960.000000,13833.000000,51342.000000
14746.000000,13970.000000,13789.000000,51374.000000
14755.000000,13990.000000,13862.000000,51389.000000
14733.000000,13994.000000,13831.000000,51350.000000
14763.000000,13972.000000,13852.000000,51363.000000
14739.000000,13997.000000,13816.000000,51353.000000
14773.000000,13975.000000,13825.000000,51349.000000
14753.000000,14035.000000,13834.000000,51341.000000
14713.000000,14026.000000,13837.000000,51307.000000
14706.000000,13981.000000,13784.000000,51327.000000
14687.000000,13979.000000,13820.000000,51329.000000
14670.000000,13951.000000,13840.000000,51327.000000
14672.000000,13975.000000,13823.000000,51340.000000
14734.000000,13923.000000,13788.000000,51362.000000
14684.000000,13944.000000,13780.000000,51314.000000
14716.000000,13980.000000,13756.000000,51360.000000
14647.000000,13927.000000,13786.000000,51291.000000
14691.000000,13980.000000,13716.000000,51348.000000
14677.000000,13937.000000,13798.000000,51324.000000
14631.000000,13973.000000,13748.000000,51291.000000
14653.000000,13946.000000,13760.000000,51330.000000
14670.000000,13944.000000,13754.000000,51336.000000
14657.000000,13963.000000,13768.000000,51325.000000
14628.000000,13920.000000,13729.000000,51287.000000
14653.000000,13912.000000,13724.000000,51292.000000
14624.000000,13969.000000,13756.000000,51271.000000
14631.000000,13904.000000,13738.000000,51252.000000
14650.000000,13918.000000,13712.000000,51305.000000
14638.000000,13902.000000,13763.000000,51283.000000
14613.000000,13914.000000,13715.000000,51288.000000
14611.000000,13883.000000,13762.000000,51281.000000
14605.000000,13912.000000,13715.000000,51272.000000
14634.000000,13888.000000,13676.000000,51299.000000
14602.000000,13892.000000,13684.000000,51259.000000
14594.000000,13913.000000,13640.000000,51239.000000
14596.000000,13917.000000,13718.000000,51272.000000
14575.000000,13954.000000,13697.000000,51265.000000
14580.000000,13880.000000,13684.000000,51258.000000
14562.000000,13890.000000,13691.000000,51253.000000
14583.000000,13828.000000,13632.000000,51283.000000
14612.000000,13892.000000,13691.000000,51262.000000
14604.000000,13871.000000,13649.000000,51271.000000
14590.000000,13871.000000,13649.000000,51240.000000
14594.000000,13888.000000,13598.000000,51262.000000
14555.000000,13879.000000,13646.000000,51248.000000
14566.000000,13897.000000,13678.000000,51251.000000
14583.000000,13891.000000,13653.000000,51228.000000
14588.000000,13863.000000,13657.000000,51283.000000
14574.000000,13863.000000,13659.000000,51219.000000
14551.000000,13872.000000,13604.000000,51218.000000
14572.000000,13910.000000,13636.000000,51243.000000
14585.000000,13911.000000,13614.000000,51214.000000
14547.000000,13892.000000,13647.000000,51242.000000
14533.000000,13833.000000,13648.000000,51215.000000
14542.000000,13853.000000,13639.000000,51260.000000
14544.000000,13870.000000,13606.000000,51230.000000
14534.000000,13857.000000,13648.000000,51229.000000
14527.000000,13859.000000,13624.000000,51205.000000
14577.000000,13809.000000,13613.000000,51265.000000
14520.000000,13860.000000,13621.000000,51216.000000
14539.000000,13898.000000,13569.000000,51219.000000
14532.000000,13863.000000,13595.000000,51230.000000
14516.000000,13854.000000,13600.000000,51179.000000
14517.000000,13849.000000,13603.000000,51203.000000
14475.000000,13863.000000,13639.000000,51200.000000
14509.000000,13807.000000,13592.000000,51197.000000
14503.000000,13813.000000,13582.000000,51203.000000
14515.000000,13834.000000,13555.000000,51187.000000
14487.000000,13832.000000,13626.000000,51185.000000
14500.000000,13856.000000,13507.000000,51199.000000
14487.000000,13821.000000,13582.000000,51217.000000
14509.000000,13870.000000,13542.000000,51202.000000
14456.000000,13820.000000,13609.000000,51180.000000
14510.000000,13797.000000,13568.000000,51231.000000
14469.000000,13853.000000,13552.000000,51187.000000
14468.000000,13812.000000,13544.000000,51159.000000
14452.000000,13815.000000,13557.000000,51171.000000
14456.000000,13846.000000,13546.000000,51138.000000
14424.000000,13771.000000,13516.000000,51162.000000
14421.000000,13829.000000,13548.000000,51167.000000
14445.000000,13799.000000,13540.000000,51150.000000
14421.000000,13791.000000,13499.000000,51192.000000
14419.000000,13785.000000,13521.000000,51179.000000
14410.000000,13783.000000,13513.000000,51153.000000
14441.000000,13803.000000,13478.000000,51148.000000
14393.000000,13775.000000,13513.000000,51149.000000
14354.000000,13792.000000,13510.000000,51096.000000
14392.000000,13789.000000,13499.000000,51139.000000
14352.000000,13756.000000,13539.000000,51089.000000
14371.000000,13776.000000,13476.000000,51146.000000
14373.000000,13733.000000,13509.000000,51119.000000
14346.000000,13764.000000,13461.000000,51146.000000
14360.000000,13769.000000,13503.000000,51088.000000
14322.000000,13767.000000,13463.000000,51105.000000
14343.000000,13776.000000,13501.000000,51121.000000
14288.000000,13789.000000,13484.000000,51057.000000
14330.000000,13731.000000,13445.000000,51128.000000
14292.000000,13781.000000,13471.000000,51121.000000
14319.000000,13727.000000,13434.000000,51117.000000
14316.000000,13764.000000,13423.000000,51099.000000
14320.000000,13719.000000,13430.000000,51105.000000
14325.000000,13719.000000,13394.000000,51089.000000
14316.000000,13721.000000,13430.000000,51096.000000
14279.000000,13747.000000,13444.000000,51088.000000
14263.000000,13716.000000,13389.000000,51104.000000
14312.000000,13670.000000,13431.000000,51136.000000
14292.000000,13712.000000,13425.000000,51113.000000
14310.000000,13708.000000,13386.000000,51133.000000
14261.000000,13699.000000,13379.000000,51075.000000
14269.000000,13685.000000,13408.000000,51032.000000
14246.000000,13705.000000,13421.000000,51044.000000
14258.000000,13721.000000,13394.000000,51056.000000
14228.000000,13696.000000,13424.000000,51073.000000
14266.000000,13697.000000,13389.000000,51084.000000
14239.000000,13632.000000,13422.000000,51094.000000
14240.000000,13681.000000,13355.000000,51080.000000
14263.000000,13623.000000,13376.000000,51083.000000
14248.000000,13654.000000,13365.000000,51051.000000
14267.000000,13680.000000,13372.000000,51071.000000
14230.000000,13656.000000,13366.000000,51069.000000
14234.000000,13653.000000,13377.000000,51055.000000
14202.000000,13649.000000,13401.000000,51070.000000
14250.000000,13653.000000,13355.000000,51095.000000
14259.000000,13628.000000,13339.000000,51067.000000
14237.000000,13659.000000,13337.000000,51024.000000
14228.000000,13659.000000,13335.000000,51017.000000
14219.000000,13683.000000,13348.000000,51072.000000
14208.000000,13671.000000,13378.000000,51032.000000
14230.000000,13656.000000,13347.000000,51049.000000
14187.000000,13622.000000,13356.000000,51052.000000
14228.000000,13679.000000,13347.000000,51055.000000
14252.000000,13656.000000,13281.000000,51086.000000
14245.000000,13681.000000,13359.000000,51047.000000
14254.000000,13639.000000,13322.000000,51053.000000
14223.000000,13684.000000,13402.000000,51056.000000
14238.000000,13704.000000,13375.000000,51019.000000
14265.000000,13653.000000,13375.000000,51094.000000
14254.000000,13708.000000,13377.000000,51090.000000
14235.000000,13660.000000,13394.000000,51079.000000
14280.000000,13686.000000,13381.000000,51094.000000
14304.000000,13635.000000,13413.000000,51115.000000
14259.000000,13703.000000,13410.000000,51088.000000
14348.000000,13642.000000,13378.000000,51171.000000
14321.000000,13711.000000,13450.000000,51102.000000
14333.000000,13741.000000,13448.000000,51107.000000
14322.000000,13739.000000,13464.000000,51138.000000
14341.000000,13723.000000,13482.000000,51172.000000
14379.000000,13715.000000,13464.000000,51131.000000
14399.000000,13697.000000,13514.000000,51180.000000
14401.000000,13756.000000,13504.000000,51172.000000
14374.000000,13800.000000,13531.000000,51164.000000
14407.000000,13788.000000,13573.000000,51200.000000
14428.000000,13811.000000,13547.000000,51199.000000
14404.000000,13817.000000,13587.000000,51159.000000
14462.000000,13820.000000,13608.000000,51237.000000
14443.000000,13824.000000,13658.000000,51202.000000
14481.000000,13914.000000,13669.000000,51262.000000
14515.000000,13828.000000,13673.000000,51299.000000
14527.000000,13883.000000,13715.000000,51260.000000
14547.000000,13877.000000,13722.000000,51330.000000
14566.000000,13905.000000,13731.000000,51296.000000
14579.000000,13932.000000,13743.000000,51322.000000
14608.000000,13942.000000,13794.000000,51323.000000
14597.000000,13954.000000,13820.000000,51359.000000
14630.000000,13935.000000,13868.000000,51378.000000
14652.000000,13998.000000,13851.000000,51357.000000
14671.000000,13909.000000,13898.000000,51401.000000
14694.000000,13989.000000,13905.000000,51390.000000
14735.000000,13965.000000,13905.000000,51421.000000
14739.000000,14023.000000,13943.000000,51440.000000
14753.000000,14025.000000,13999.000000,51447.000000
14758.000000,14067.000000,14005.000000,51432.000000
14782.000000,14041.000000,14032.000000,51486.000000
14803.000000,14070.000000,14062.000000,51474.000000
14849.000000,14041.000000,14063.000000,51520.000000
14818.000000,14099.000000,14043.000000,51493.000000
14842.000000,14085.000000,14056.000000,51491.000000
14866.000000,14075.000000,14103.000000,51517.000000
14836.000000,14112.000000,14110.000000,51490.000000
14852.000000,14109.000000,14133.000000,51475.000000
14858.000000,14136.000000,14098.000000,51503.000000
14887.000000,14084.000000,14128.000000,51558.000000
14876.000000,14103.000000,14139.000000,51537.000000
14912.000000,14103.000000,14086.000000,51530.000000
14850.000000,14107.000000,14099.000000,51497.000000
14866.000000,14135.000000,14050.000000,51505.000000
14857.000000,14136.000000,14112.000000,51524.000000
14781.000000,14137.000000,14132.000000,51447.000000
14866.000000,14092.000000,14092.000000,51509.000000
14826.000000,14081.000000,14103.000000,51484.000000
14834.000000,14081.000000,14046.000000,51481.000000
14806.000000,14096.000000,14049.000000,51497.000000
14832.000000,14099.000000,14058.000000,51427.000000
14807.000000,14072.000000,14053.000000,51486.000000
14793.000000,14123.000000,14051.000000,51472.000000
14792.000000,14056.000000,14023.000000,51451.000000
14765.000000,14103.000000,14026.000000,51461.000000
14804.000000,14083.000000,14053.000000,51459.000000
14759.000000,14060.000000,14011.000000,51485.000000
14770.000000,14087.000000,14032.000000,51485.000000
14770.000000,14091.000000,13995.000000,51457.000000
14764.000000,14057.000000,14015.000000,51475.000000
14734.000000,14065.000000,14016.000000,51430.000000
14714.000000,14062.000000,13995.000000,51426.000000
14727.000000,14023.000000,13972.000000,51464.000000
14750.000000,14023.000000,13989.000000,51454.000000
14708.000000,14075.000000,13942.000000,51454.000000
14756.000000,14029.000000,13950.000000,51450.000000
14721.000000,14037.000000,13975.000000,51417.000000
14724.000000,14033.000000,13903.000000,51416.000000
14710.000000,14003.000000,13939.000000,51411.000000
14670.000000,14020.000000,13918.000000,51344.000000
14690.000000,13975.000000,13918.000000,51385.000000
14624.000000,13983.000000,13970.000000,51376.000000
14659.000000,13997.000000,13917.000000,51419.000000
14692.000000,13963.000000,13907.000000,51392.000000
14678.000000,13988.000000,13871.000000,51381.000000
14666.000000,13963.000000,13912.000000,51361.000000
14655.000000,13991.000000,13880.000000,51346.000000
14622.000000,13976.000000,13875.000000,51353.000000
14592.000000,14006.000000,13896.000000,51375.000000
14640.000000,13927.000000,13874.000000,51368.000000
14589.000000,13998.000000,13816.000000,51329.000000
14625.000000,13929.000000,13838.000000,51347.000000
14636.000000,13959.000000,13780.000000,51389.000000
14597.000000,13946.000000,13861.000000,51336.000000
14625.000000,13968.000000,13780.000000,51338.000000
14588.000000,13911.000000,13812.000000,51326.000000
14538.000000,13916.000000,13804.000000,51291.000000
14562.000000,13912.000000,13821.000000,51358.000000
14531.000000,13919.000000,13810.000000,51312.000000
14555.000000,13876.000000,13745.000000,51305.000000
14569.000000,13890.000000,13746.000000,51335.000000
14531.000000,13896.000000,13708.000000,51272.000000
14553.000000,13893.000000,13737.000000,51310.000000
14567.000000,13896.000000,13749.000000,51305.000000
14544.000000,13888.000000,13744.000000,51273.000000
14492.000000,13915.000000,13748.000000,51238.000000
14532.000000,13869.000000,13731.000000,51317.000000
14505.000000,13849.000000,13775.000000,51286.000000
14515.000000,13876.000000,13670.000000,51280.000000
14533.000000,13833.000000,13701.000000,51263.000000
14500.000000,13838.000000,13674.000000,51271.000000
14543.000000,13825.000000,13690.000000,51259.000000
14440.000000,13838.000000,13681.000000,51254.000000
14464.000000,13836.000000,13681.000000,51263.000000
14452.000000,13829.000000,13666.000000,51274.000000
14412.000000,13823.000000,13602.000000,51230.000000
14438.000000,13781.000000,13649.000000,51222.000000
14454.000000,13804.000000,13641.000000,51237.000000
14447.000000,13814.000000,13627.000000,51209.000000
14450.000000,13819.000000,13619.000000,51240.000000
14413.000000,13806.000000,13651.000000,51188.000000
14451.000000,13793.000000,13610.000000,51234.000000
14388.000000,13779.000000,13586.000000,51214.000000
14424.000000,13765.000000,13571.000000,51206.000000
14447.000000,13776.000000,13550.000000,51240.000000
14415.000000,13783.000000,13534.000000,51186.000000
14391.000000,13816.000000,13529.000000,51196.000000
14397.000000,13778.000000,13553.000000,51190.000000
14377.000000,13767.000000,13506.000000,51169.000000
14315.000000,13785.000000,13517.000000,51133.000000
14392.000000,13728.000000,13521.000000,51189.000000
14307.000000,13730.000000,13524.000000,51205.000000
14290.000000,13753.000000,13509.000000,51181.000000
14364.000000,13720.000000,13465.000000,51194.000000
14318.000000,13731.000000,13484.000000,51144.000000
14373.000000,13691.000000,13451.000000,51176.000000
14309.000000,13737.000000,13475.000000,51142.000000
14332.000000,13712.000000,13467.000000,51133.000000
14317.000000,13704.000000,13438.000000,51110.000000
14329.000000,13695.000000,13432.000000,51164.000000
14290.000000,13691.000000,13444.000000,51121.000000
14298.000000,13691.000000,13381.000000,51116.000000
14291.000000,13679.000000,13415.000000,51145.000000
14264.000000,13706.000000,13376.000000,51074.000000
14298.000000,13657.000000,13390.000000,51114.000000
14276.000000,13664.000000,13383.000000,51100.000000
14249.000000,13661.000000,13408.000000,51071.000000
14254.000000,13701.000000,13339.000000,51110.000000
14222.000000,13635.000000,13390.000000,51075.000000
14239.000000,13668.000000,13357.000000,51082.000000
14255.000000,13603.000000,13322.000000,51143.000000
14250.000000,13655.000000,13338.000000,51107.000000
14237.000000,13651.000000,13283.000000,51078.000000
14235.000000,13624.000000,13340.000000,51069.000000
14243.000000,13668.000000,13313.000000,51089.000000
14217.000000,13625.000000,13348.000000,51065.000000
14258.000000,13622.000000,13339.000000,51051.000000
14212.000000,13590.000000,13331.000000,51090.000000
14249.000000,13617.000000,13293.000000,51019.000000
14225.000000,13599.000000,13282.000000,51087.000000
14255.000000,13619.000000,13297.000000,51044.000000
14260.000000,13567.000000,13291.000000,51050.000000
14201.000000,13625.000000,13295.000000,51046.000000
14261.000000,13627.000000,13261.000000,51076.000000
14238.000000,13627.000000,13316.000000,51081.000000
14214.000000,13608.000000,13330.000000,51048.000000
14218.000000,13613.000000,13278.000000,51027.000000
14235.000000,13603.000000,13245.000000,51072.000000
14213.000000,13551.000000,13284.000000,51075.000000
14234.000000,13593.000000,13265.000000,51039.000000
14215.000000,13607.000000,13270.000000,51013.000000
14231.000000,13638.000000,13297.000000,51029.000000
14221.000000,13647.000000,13282.000000,51019.000000
14188.000000,13606.000000,13282.000000,51059.000000
14146.000000,13631.000000,13280.000000,51030.000000
14227.000000,13600.000000,13270.000000,51029.000000
14138.000000,13583.000000,13313.000000,51069.000000
14162.000000,13591.000000,13254.000000,51033.000000
14208.000000,13540.000000,13243.000000,51089.000000
14179.000000,13599.000000,13261.000000,51049.000000
14194.000000,13603.000000,13227.000000,51064.000000
14155.000000,13629.000000,13283.000000,51031.000000
14161.000000,13632.000000,13285.000000,51028.000000
14134.000000,13592.000000,13302.000000,51028.000000
14228.000000,13588.000000,13291.000000,51073.000000
14159.000000,13564.000000,13331.000000,51031.000000
14198.000000,13611.000000,13324.000000,51088.000000
14179.000000,13613.000000,13383.000000,51079.000000
14210.000000,13599.000000,13348.000000,51072.000000
14235.000000,13643.000000,13347.000000,51057.000000
14244.000000,13659.000000,13334.000000,51074.000000
14226.000000,13713.000000,13384.000000,51067.000000
14260.000000,13666.000000,13376.000000,51088.000000
14220.000000,13671.000000,13412.000000,51107.000000
14264.000000,13667.000000,13394.000000,51109.000000
14256.000000,13644.000000,13444.000000,51119.000000
14262.000000,13656.000000,13362.000000,51138.000000
14296.000000,13625.000000,13395.000000,51167.000000
14345.000000,13687.000000,13422.000000,51138.000000
14319.000000,13719.000000,13485.000000,51118.000000
14342.000000,13720.000000,13467.000000,51155.000000
14336.000000,13696.000000,13476.000000,51140.000000
14365.000000,13779.000000,13495.000000,51073.000000
14339.000000,13669.000000,13511.000000,51184.000000
14345.000000,13777.000000,13583.000000,51147.000000
14383.000000,13754.000000,13561.000000,51204.000000
14359.000000,13774.000000,13562.000000,51241.000000
14405.000000,13790.000000,13574.000000,51247.000000
14435.000000,13813.000000,13595.000000,51226.000000
14486.000000,13785.000000,13627.000000,51264.000000
14441.000000,13857.000000,13645.000000,51244.000000
14482.000000,13866.000000,13643.000000,51280.000000
14482.000000,13859.000000,13685.000000,51291.000000
14557.000000,13869.000000,13706.000000,51315.000000
14561.000000,13887.000000,13713.000000,51325.000000
14585.000000,13916.000000,13766.000000,51360.000000
14582.000000,13904.000000,13761.000000,51319.000000
14630.000000,13880.000000,13765.000000,51402.000000
14586.000000,13934.000000,13825.000000,51361.000000
14645.000000,13924.000000,13774.000000,51339.000000
14624.000000,13932.000000,13812.000000,51397.000000
14686.000000,13935.000000,13867.000000,51339.000000
14658.000000,13923.000000,13848.000000,51398.000000
14615.000000,13949.000000,13941.000000,51381.000000
14678.000000,13946.000000,13843.000000,51406.000000
14696.000000,13956.000000,13872.000000,51403.000000
14686.000000,13956.000000,13870.000000,51414.000000
14697.000000,13970.000000,13873.000000,51399.000000
14749.000000,13953.000000,13810.000000,51446.000000
14679.000000,13983.000000,13856.000000,51399.000000
14710.000000,14009.000000,13837.000000,51423.000000
14680.000000,13955.000000,13850.000000,51390.000000
14684.000000,13950.000000,13791.000000,51389.000000
14658.000000,13958.000000,13826.000000,51406.000000
14690.000000,13938.000000,13808.000000,51392.000000
14648.000000,13961.000000,13847.000000,51367.000000
14706.000000,13966.000000,13773.000000,51396.000000
14654.000000,13942.000000,13806.000000,51354.000000
14623.000000,13943.000000,13793.000000,51347.000000
14701.000000,13919.000000,13770.000000,51353.000000
14656.000000,13945.000000,13800.000000,51357.000000
14629.000000,13915.000000,13801.000000,51380.000000
14626.000000,13911.000000,13767.000000,51348.000000
14653.000000,13871.000000,13766.000000,51382.000000
14594.000000,13880.000000,13755.000000,51350.000000
14661.000000,13885.000000,13747.000000,51364.000000
14628.000000,13889.000000,13759.000000,51345.000000
14615.000000,13925.000000,13709.000000,51319.000000
14588.000000,13869.000000,13731.000000,51357.000000
14590.000000,13896.000000,13771.000000,51291.000000
14621.000000,13891.000000,13700.000000,51325.000000
14607.000000,13889.000000,13728.000000,51301.000000
14610.000000,13846.000000,13726.000000,51322.000000
14615.000000,13891.000000,13702.000000,51320.000000
14639.000000,13896.000000,13669.000000,51291.000000
14595.000000,13893.000000,13735.000000,51298.000000
14586.000000,13904.000000,13698.000000,51286.000000
14597.000000,13874.000000,13706.000000,51322.000000
14571.000000,13911.000000,13680.000000,51310.000000
14591.000000,13870.000000,13686.000000,51323.000000
14565.000000,13830.000000,13654.000000,51329.000000
14577.000000,13851.000000,13682.000000,51301.000000
14653.000000,13865.000000,13662.000000,51291.000000
14569.000000,13857.000000,13677.000000,51308.000000
14536.000000,13834.000000,13679.000000,51274.000000
14592.000000,13870.000000,13658.000000,51311.000000
14557.000000,13846.000000,13678.000000,51315.000000
14575.000000,13826.000000,13618.000000,51320.000000
14557.000000,13826.000000,13613.000000,51317.000000
14585.000000,13818.000000,13618.000000,51297.000000
14533.000000,13802.000000,13625.000000,51285.000000
14546.000000,13840.000000,13609.000000,51283.000000
14526.000000,13833.000000,13646.000000,51284.000000
14521.000000,13892.000000,13600.000000,51214.000000
14490.000000,13767.000000,13615.000000,51257.000000
14471.000000,13791.000000,13662.000000,51207.000000
14511.000000,13820.000000,13577.000000,51279.000000
14477.000000,13800.000000,13591.000000,51242.000000
14490.000000,13761.000000,13580.000000,51264.000000
14476.000000,13783.000000,13549.000000,51214.000000
14497.000000,13815.000000,13517.000000,51188.000000
14442.000000,13775.000000,13579.000000,51199.000000
14487.000000,13763.000000,13539.000000,51193.000000
14503.000000,13783.000000,13545.000000,51244.000000
14529.000000,13783.000000,13529.000000,51262.000000
14478.000000,13781.000000,13510.000000,51208.000000
14464.000000,13776.000000,13555.000000,51244.000000
14484.000000,13761.000000,13531.000000,51202.000000
14506.000000,13732.000000,13527.000000,51267.000000
14483.000000,13767.000000,13509.000000,51211.000000
14451.000000,13763.000000,13496.000000,51173.000000
14434.000000,13744.000000,13526.000000,51198.000000
14445.000000,13767.000000,13519.000000,51175.000000
14411.000000,13749.000000,13527.000000,51233.000000
14457.000000,13711.000000,13540.000000,51216.000000
14444.000000,13718.000000,13484.000000,51220.000000
14448.000000,13757.000000,13472.000000,51178.000000
14417.000000,13699.000000,13482.000000,51192.000000
14425.000000,13727.000000,13472.000000,51186.000000
14479.000000,13707.000000,13422.000000,51238.000000
14397.000000,13720.000000,13472.000000,51157.000000
14385.000000,13795.000000,13405.000000,51188.000000
14430.000000,13719.000000,13466.000000,51163.000000
14418.000000,13739.000000,13443.000000,51210.000000
14426.000000,13724.000000,13451.000000,51170.000000
14386.000000,13716.000000,13407.000000,51173.000000
14411.000000,13715.000000,13386.000000,51163.000000
14368.000000,13711.000000,13409.000000,51174.000000
14403.000000,13692.000000,13419.000000,51167.000000
14357.000000,13692.000000,13411.000000,51128.000000
14385.000000,13659.000000,13417.000000,51159.000000
14339.000000,13705.000000,13379.000000,51158.000000
14379.000000,13671.000000,13414.000000,51136.000000
14348.000000,13697.000000,13435.000000,51151.000000
14366.000000,13659.000000,13404.000000,51200.000000
14331.000000,13671.000000,13395.000000,51130.000000
14339.000000,13671.000000,13344.000000,51153.000000
14362.000000,13647.000000,13355.000000,51142.000000
14302.000000,13659.000000,13345.000000,51115.000000
14329.000000,13627.000000,13349.000000,51111.000000
14297.000000,13677.000000,13373.000000,51085.000000
14333.000000,13670.000000,13397.000000,51155.000000
14305.000000,13663.000000,13361.000000,51136.000000
14314.000000,13702.000000,13370.000000,51132.000000
14324.000000,13656.000000,13353.000000,51101.000000
14340.000000,13636.000000,13335.000000,51161.000000
14301.000000,13679.000000,13355.000000,51106.000000
14351.000000,13644.000000,13279.000000,51159.000000
14308.000000,13657.000000,13364.000000,51110.000000
14342.000000,13657.000000,13306.000000,51124.000000
14336.000000,13615.000000,13349.000000,51097.000000
14302.000000,13652.000000,13341.000000,51144.000000
14337.000000,13661.000000,13340.000000,51109.000000
14340.000000,13639.000000,13299.000000,51164.000000
14325.000000,13659.000000,13337.000000,51101.000000
14282.000000,13671.000000,13361.000000,51074.000000
14325.000000,13655.000000,13350.000000,51121.000000
14288.000000,13657.000000,13342.000000,51099.000000
14237.000000,13611.000000,13362.000000,51077.000000
14296.000000,13635.000000,13336.000000,51091.000000
14278.000000,13605.000000,13358.000000,51102.000000
14268.000000,13635.000000,13320.000000,51083.000000
14295.000000,13561.000000,13315.000000,51142.000000
14269.000000,13640.000000,13293.000000,51117.000000
14271.000000,13647.000000,13274.000000,51101.000000
14281.000000,13632.000000,13276.000000,51099.000000
14226.000000,13659.000000,13277.000000,51063.000000
14279.000000,13613.000000,13321.000000,51082.000000
14241.000000,13647.000000,13308.000000,51087.000000
14247.000000,13583.000000,13318.000000,51083.000000
14218.000000,13636.000000,13297.000000,51071.000000
14278.000000,13564.000000,13299.000000,51115.000000
14246.000000,13631.000000,13308.000000,51057.000000
14301.000000,13585.000000,13249.000000,51086.000000
14230.000000,13611.000000,13281.000000,51097.000000
14282.000000,13616.000000,13260.000000,51094.000000
14242.000000,13645.000000,13294.000000,51092.000000
14212.000000,13620.000000,13301.000000,51135.000000
14221.000000,13611.000000,13260.000000,51075.000000
14312.000000,13601.000000,13266.000000,51111.000000
14238.000000,13600.000000,13300.000000,51082.000000
14217.000000,13671.000000,13299.000000,51066.000000
14266.000000,13642.000000,13290.000000,51103.000000
14218.000000,13615.000000,13317.000000,51055.000000
14219.000000,13629.000000,13341.000000,51122.000000
14222.000000,13610.000000,13328.000000,51093.000000
14239.000000,13577.000000,13342.000000,51120.000000
14234.000000,13619.000000,13317.000000,51109.000000
14283.000000,13604.000000,13282.000000,51123.000000
14279.000000,13637.000000,13331.000000,51092.000000
14273.000000,13693.000000,13312.000000,51067.000000
14245.000000,13648.000000,13348.000000,51117.000000
14221.000000,13687.000000,13365.000000,51066.000000
14276.000000,13669.000000,13376.000000,51112.000000
14251.000000,13688.000000,13363.000000,51129.000000
14261.000000,13640.000000,13400.000000,51148.000000
14304.000000,13633.000000,13386.000000,51106.000000
14387.000000,13706.000000,13381.000000,51140.000000
14349.000000,13681.000000,13432.000000,51112.000000
14357.000000,13711.000000,13415.000000,51161.000000
14353.000000,13688.000000,13453.000000,51158.000000
14382.000000,13707.000000,13439.000000,51189.000000
14364.000000,13723.000000,13453.000000,51189.000000
14378.000000,13707.000000,13468.000000,51241.000000
14359.000000,13737.000000,13477.000000,51194.000000
14466.000000,13703.000000,13510.000000,51257.000000
14417.000000,13764.000000,13517.000000,51214.000000
14424.000000,13787.000000,13508.000000,51229.000000
14480.000000,13779.000000,13558.000000,51239.000000
14476.000000,13792.000000,13586.000000,51212.000000
14480.000000,13788.000000,13603.000000,51265.000000
14530.000000,13788.000000,13641.000000,51228.000000
14493.000000,13805.000000,13657.000000,51302.000000
14541.000000,13820.000000,13614.000000,51286.000000
14519.000000,13836.000000,13663.000000,51307.000000
14564.000000,13841.000000,13670.000000,51284.000000
14621.000000,13815.000000,13696.000000,51383.000000
14608.000000,13871.000000,13716.000000,51333.000000
14673.000000,13816.000000,13689.000000,51370.000000
14617.000000,13880.000000,13728.000000,51332.000000
14659.000000,13892.000000,13765.000000,51347.000000
14649.000000,13918.000000,13767.000000,51386.000000
14657.000000,13916.000000,13761.000000,51370.000000
14685.000000,13879.000000,13752.000000,51380.000000
14718.000000,13905.000000,13726.000000,51408.000000
14701.000000,13898.000000,13788.000000,51380.000000
14688.000000,13936.000000,13804.000000,51339.000000
14675.000000,13915.000000,13805.000000,51371.000000
14679.000000,13926.000000,13758.000000,51358.000000
14636.000000,13935.000000,13797.000000,51326.000000
14682.000000,13924.000000,13746.000000,51349.000000
14623.000000,13912.000000,13772.000000,51356.000000
14651.000000,13899.000000,13750.000000,51363.000000
14659.000000,13870.000000,13713.000000,51394.000000
14634.000000,13916.000000,13709.000000,51332.000000
14660.000000,13882.000000,13652.000000,51362.000000
14665.000000,13882.000000,13732.000000,51332.000000
14651.000000,13890.000000,13664.000000,51326.000000
14621.000000,13927.000000,13704.000000,51328.000000
14640.000000,13881.000000,13686.000000,51356.000000
14605.000000,13854.000000,13699.000000,51340.000000
14630.000000,13872.000000,13689.000000,51319.000000
14621.000000,13799.000000,13679.000000,51362.000000
14614.000000,13879.000000,13673.000000,51300.000000
14675.000000,13823.000000,13639.000000,51345.000000
14634.000000,13853.000000,13639.000000,51300.000000
14635.000000,13829.000000,13662.000000,51317.000000
14613.000000,13844.000000,13644.000000,51297.000000
14607.000000,13831.000000,13648.000000,51335.000000
14607.000000,13857.000000,13626.000000,51315.000000
14628.000000,13835.000000,13608.000000,51323.000000
14601.000000,13824.000000,13574.000000,51293.000000
14616.000000,13823.000000,13599.000000,51240.000000
14617.000000,13781.000000,13613.000000,51270.000000
14617.000000,13844.000000,13647.000000,51264.000000
14580.000000,13819.000000,13591.000000,51246.000000
14616.000000,13811.000000,13584.000000,51255.000000
14566.000000,13813.000000,13618.000000,51281.000000
14580.000000,13803.000000,13571.000000,51260.000000
14608.000000,13804.000000,13555.000000,51330.000000
14578.000000,13800.000000,13566.000000,51225.000000
14637.000000,13845.000000,13533.000000,51266.000000
14593.000000,13839.000000,13570.000000,51272.000000
14545.000000,13816.000000,13592.000000,51222.000000
14605.000000,13779.000000,13539.000000,51264.000000
14567.000000,13824.000000,13566.000000,51257.000000
14598.000000,13764.000000,13559.000000,51259.000000
14578.000000,13792.000000,13555.000000,51247.000000
14615.000000,13793.000000,13468.000000,51234.000000
14562.000000,13785.000000,13562.000000,51260.000000
14575.000000,13777.000000,13477.000000,51240.000000
14554.000000,13787.000000,13538.000000,51219.000000
14574.000000,13783.000000,13468.000000,51277.000000
14562.000000,13783.000000,13526.000000,51234.000000
14554.000000,13793.000000,13532.000000,51258.000000
14567.000000,13782.000000,13503.000000,51237.000000
14570.000000,13767.000000,13479.000000,51236.000000
14545.000000,13756.000000,13516.000000,51239.000000
14497.000000,13769.000000,13504.000000,51169.000000
14556.000000,13771.000000,13487.000000,51258.000000
14497.000000,13759.000000,13496.000000,51172.000000
14480.000000,13755.000000,13523.000000,51200.000000
14485.000000,13741.000000,13501.000000,51253.000000
14529.000000,13693.000000,13475.000000,51232.000000
14507.000000,13750.000000,13481.000000,51213.000000
14488.000000,13713.000000,13452.000000,51197.000000
14464.000000,13709.000000,13475.000000,51226.000000
14498.000000,13752.000000,13376.000000,51189.000000
14489.000000,13737.000000,13461.000000,51171.000000
14444.000000,13793.000000,13407.000000,51162.000000
14477.000000,13713.000000,13460.000000,51177.000000
14441.000000,13759.000000,13449.000000,51187.000000
14451.000000,13716.000000,13422.000000,51176.000000
14489.000000,13687.000000,13448.000000,51190.000000
14497.000000,13747.000000,13366.000000,51221.000000
14474.000000,13669.000000,13412.000000,51150.000000
14517.000000,13712.000000,13398.000000,51171.000000
14461.000000,13709.000000,13416.000000,51158.000000
14504.000000,13713.000000,13401.000000,51219.000000
14441.000000,13679.000000,13411.000000,51185.000000
14453.000000,13693.000000,13423.000000,51188.000000
14479.000000,13685.000000,13403.000000,51160.000000
14497.000000,13691.000000,13352.000000,51184.000000
14446.000000,13708.000000,13389.000000,51132.000000
14454.000000,13713.000000,13418.000000,51154.000000
14440.000000,13731.000000,13413.000000,51180.000000
14452.000000,13721.000000,13432.000000,51153.000000
14432.000000,13663.000000,13375.000000,51196.000000
14481.000000,13715.000000,13367.000000,51209.000000
14502.000000,13712.000000,13352.000000,51151.000000
14456.000000,13702.000000,13399.000000,51182.000000
14493.000000,13679.000000,13388.000000,51151.000000
14426.000000,13695.000000,13380.000000,51155.000000
14417.000000,13759.000000,13371.000000,51085.000000
14457.000000,13704.000000,13384.000000,51143.000000
14416.000000,13727.000000,13451.000000,51132.000000
14477.000000,13708.000000,13398.000000,51163.000000
14485.000000,13680.000000,13437.000000,51187.000000
14445.000000,13722.000000,13400.000000,51148.000000
14497.000000,13704.000000,13389.000000,51189.000000
14439.000000,13727.000000,13483.000000,51177.000000
14467.000000,13715.000000,13441.000000,51218.000000
14450.000000,13729.000000,13437.000000,51184.000000
14471.000000,13715.000000,13404.000000,51195.000000
14436.000000,13728.000000,13442.000000,51167.000000
14460.000000,13699.000000,13395.000000,51173.000000
14429.000000,13710.000000,13462.000000,51184.000000
14471.000000,13745.000000,13434.000000,51169.000000
14421.000000,13742.000000,13451.000000,51153.000000
14448.000000,13683.000000,13441.000000,51204.000000
14401.000000,13723.000000,13459.000000,51169.000000
14426.000000,13739.000000,13443.000000,51183.000000
14455.000000,13691.000000,13440.000000,51199.000000
14409.000000,13696.000000,13454.000000,51194.000000
14432.000000,13719.000000,13439.000000,51144.000000
14393.000000,13703.000000,13455.000000,51162.000000
14425.000000,13712.000000,13454.000000,51187.000000
14399.000000,13731.000000,13481.000000,51173.000000
14422.000000,13729.000000,13449.000000,51190.000000
14433.000000,13683.000000,13444.000000,51238.000000
14396.000000,13703.000000,13426.000000,51186.000000
14461.000000,13728.000000,13415.000000,51222.000000
14424.000000,13703.000000,13480.000000,51188.000000
14424.000000,13759.000000,13428.000000,51221.000000
14425.000000,13729.000000,13509.000000,51189.000000
14398.000000,13764.000000,13461.000000,51185.000000
14428.000000,13732.000000,13444.000000,51197.000000
14431.000000,13733.000000,13472.000000,51231.000000
14408.000000,13715.000000,13460.000000,51186.000000
14420.000000,13727.000000,13472.000000,51195.000000
14446.000000,13727.000000,13429.000000,51235.000000
14442.000000,13716.000000,13492.000000,51232.000000
14408.000000,13751.000000,13491.000000,51207.000000
14429.000000,13740.000000,13501.000000,51212.000000
14457.000000,13721.000000,13507.000000,51249.000000
14432.000000,13732.000000,13523.000000,51208.000000
14479.000000,13718.000000,13502.000000,51261.000000
14453.000000,13760.000000,13514.000000,51231.000000
14471.000000,13784.000000,13536.000000,51245.000000
14429.000000,13755.000000,13543.000000,51237.000000
14424.000000,13759.000000,13610.000000,51244.000000
14465.000000,13777.000000,13574.000000,51214.000000
14471.000000,13747.000000,13597.000000,51265.000000
14515.000000,13787.000000,13575.000000,51301.000000
14476.000000,13820.000000,13600.000000,51262.000000
14506.000000,13823.000000,13632.000000,51237.000000
14485.000000,13816.000000,13669.000000,51300.000000
14463.000000,13861.000000,13655.000000,51282.000000
14529.000000,13837.000000,13651.000000,51316.000000
14518.000000,13823.000000,13745.000000,51325.000000
14525.000000,13844.000000,13746.000000,51329.000000
14552.000000,13819.000000,13758.000000,51337.000000
14558.000000,13867.000000,13763.000000,51323.000000
14583.000000,13879.000000,13788.000000,51348.000000
14564.000000,13930.000000,13812.000000,51374.000000
14603.000000,13864.000000,13799.000000,51375.000000
14559.000000,13889.000000,13877.000000,51397.000000
14635.000000,13920.000000,13816.000000,51428.000000
14608.000000,13913.000000,13844.000000,51408.000000
14621.000000,13954.000000,13839.000000,51421.000000
14608.000000,13929.000000,13897.000000,51400.000000
14634.000000,13915.000000,13915.000000,51424.000000
14612.000000,14006.000000,13918.000000,51414.000000
14685.000000,13974.000000,13901.000000,51445.000000
14640.000000,13997.000000,13980.000000,51454.000000
14716.000000,13980.000000,13944.000000,51478.000000
14706.000000,13949.000000,13949.000000,51535.000000
14748.000000,14012.000000,13982.000000,51493.000000
14741.000000,14030.000000,13979.000000,51515.000000
14723.000000,14089.000000,14056.000000,51504.000000
14716.000000,14052.000000,14025.000000,51480.000000
14729.000000,14038.000000,14086.000000,51514.000000
14817.000000,14048.000000,14121.000000,51545.000000
14765.000000,14062.000000,14102.000000,51534.000000
14795.000000,14038.000000,14114.000000,51560.000000
14836.000000,14051.000000,14133.000000,51631.000000
14845.000000,14064.000000,14112.000000,51572.000000
14881.000000,14093.000000,14110.000000,51605.000000
14850.000000,14120.000000,14180.000000,51600.000000
14839.000000,14127.000000,14192.000000,51612.000000
14837.000000,14090.000000,14208.000000,51626.000000
14808.000000,14115.000000,14155.000000,51597.000000
14882.000000,14111.000000,14183.000000,51575.000000
14829.000000,14116.000000,14177.000000,51582.000000
14854.000000,14093.000000,14192.000000,51591.000000
14775.000000,14109.000000,14176.000000,51585.000000
14869.000000,14107.000000,14138.000000,51617.000000
14810.000000,14104.000000,14138.000000,51568.000000
14788.000000,14077.000000,14172.000000,51600.000000
14818.000000,14087.000000,14173.000000,51561.000000
14827.000000,14061.000000,14123.000000,51611.000000
14801.000000,14085.000000,14128.000000,51562.000000
14796.000000,14070.000000,14106.000000,51539.000000
14799.000000,14054.000000,14135.000000,51566.000000
14754.000000,14112.000000,14129.000000,51516.000000
14799.000000,14067.000000,14104.000000,51515.000000
14785.000000,14037.000000,14152.000000,51562.000000
14812.000000,14085.000000,14078.000000,51530.000000
14791.000000,14063.000000,14087.000000,51542.000000
14838.000000,14059.000000,14069.000000,51535.000000
14803.000000,14070.000000,14118.000000,51552.000000
14782.000000,14129.000000,14086.000000,51497.000000
14773.000000,14073.000000,14071.000000,51568.000000
14766.000000,14047.000000,14142.000000,51517.000000
14790.000000,14071.000000,14073.000000,51549.000000
14771.000000,14042.000000,14097.000000,51507.000000
14767.000000,14064.000000,14082.000000,51528.000000
14774.000000,14073.000000,14088.000000,51517.000000
14793.000000,14036.000000,14055.000000,51509.000000
14760.000000,14069.000000,14120.000000,51503.000000
14752.000000,14051.000000,14055.000000,51518.000000
14751.000000,14034.000000,14076.000000,51551.000000
14717.000000,14020.000000,14084.000000,51515.000000
14749.000000,14067.000000,14028.000000,51522.000000
14700.000000,14030.000000,14018.000000,51491.000000
14737.000000,14034.000000,14038.000000,51497.000000
14749.000000,14099.000000,14024.000000,51460.000000
14730.000000,14050.000000,14012.000000,51500.000000
14686.000000,14043.000000,14041.000000,51466.000000
14715.000000,14010.000000,14022.000000,51468.000000
14672.000000,14010.000000,14055.000000,51514.000000
14705.000000,14004.000000,14014.000000,51463.000000
14731.000000,13975.000000,13919.000000,51558.000000
14671.000000,14009.000000,13979.000000,51479.000000
14726.000000,13982.000000,13930.000000,51458.000000
14644.000000,14015.000000,13961.000000,51461.000000
14662.000000,13999.000000,13951.000000,51476.000000
14656.000000,13953.000000,13985.000000,51454.000000
14679.000000,13971.000000,13957.000000,51478.000000
14648.000000,13955.000000,13949.000000,51466.000000
14650.000000,14013.000000,13907.000000,51450.000000
14663.000000,13936.000000,13947.000000,51448.000000
14650.000000,13952.000000,13908.000000,51423.000000
14694.000000,13948.000000,13918.000000,51476.000000
14667.000000,13940.000000,13892.000000,51452.000000
14664.000000,13954.000000,13944.000000,51447.000000
14650.000000,13937.000000,13909.000000,51408.000000
14639.000000,13935.000000,13851.000000,51451.000000
14671.000000,13906.000000,13874.000000,51392.000000
14643.000000,13953.000000,13866.000000,51413.000000
14660.000000,13955.000000,13913.000000,51404.000000
14659.000000,13957.000000,13902.000000,51425.000000
14619.000000,13931.000000,13876.000000,51435.000000
14642.000000,13934.000000,13893.000000,51413.000000
14632.000000,13889.000000,13878.000000,51415.000000
14651.000000,13917.000000,13858.000000,51392.000000
14672.000000,13913.000000,13821.000000,51463.000000
14647.000000,13927.000000,13852.000000,51407.000000
14668.000000,13956.000000,13821.000000,51381.000000
14670.000000,13965.000000,13862.000000,51427.000000
14604.000000,13948.000000,13841.000000,51389.000000
14663.000000,13904.000000,13856.000000,51386.000000
14671.000000,13911.000000,13880.000000,51420.000000
14709.000000,13941.000000,13791.000000,51385.000000
14663.000000,13943.000000,13856.000000,51398.000000
14645.000000,13945.000000,13835.000000,51398.000000
14693.000000,13954.000000,13849.000000,51438.000000
14645.000000,13987.000000,13813.000000,51341.000000
14697.000000,13922.000000,13887.000000,51424.000000
14649.000000,13945.000000,13896.000000,51402.000000
14677.000000,13952.000000,13859.000000,51415.000000
14682.000000,13992.000000,13838.000000,51410.000000
14679.000000,13935.000000,13867.000000,51447.000000
14697.000000,13935.000000,13917.000000,51420.000000
14678.000000,13946.000000,13848.000000,51425.000000
14699.000000,13903.000000,13883.000000,51443.000000
14706.000000,13936.000000,13885.000000,51452.000000
14763.000000,13967.000000,13858.000000,51458.000000
14719.000000,13963.000000,13881.000000,51426.000000
14740.000000,13959.000000,13924.000000,51426.000000
14741.000000,14034.000000,13897.000000,51433.000000
14768.000000,14228.000000,13911.000000,51437.000000
14726.000000,13981.000000,13922.000000,51461.000000
14788.000000,14005.000000,13926.000000,51476.000000
14805.000000,13999.000000,13943.000000,51531.000000
14797.000000,13992.000000,13924.000000,51466.000000
14856.000000,13998.000000,13907.000000,51482.000000
14824.000000,14003.000000,13965.000000,51501.000000
14773.000000,14042.000000,13960.000000,51477.000000
14890.000000,14008.000000,13959.000000,51512.000000
14829.000000,14063.000000,14037.000000,51494.000000
14880.000000,14028.000000,14002.000000,51530.000000
14869.000000,14061.000000,14016.000000,51509.000000
14903.000000,14073.000000,14018.000000,51529.000000
14882.000000,14070.000000,14057.000000,51549.000000
14876.000000,14090.000000,13994.000000,51513.000000
14902.000000,14083.000000,14068.000000,51542.000000
14874.000000,14101.000000,14056.000000,51551.000000
14892.000000,14093.000000,14107.000000,51573.000000
14883.000000,14125.000000,14062.000000,51575.000000
14903.000000,14103.000000,14102.000000,51577.000000
14885.000000,14119.000000,14090.000000,51549.000000
14854.000000,14095.000000,14151.000000,51581.000000
14888.000000,14045.000000,14140.000000,51581.000000
14855.000000,14145.000000,14145.000000,51586.000000
14917.000000,14099.000000,14134.000000,51626.000000
14836.000000,14077.000000,14134.000000,51575.000000
14863.000000,14111.000000,14140.000000,51572.000000
14853.000000,14139.000000,14135.000000,51552.000000
14863.000000,14101.000000,14150.000000,51566.000000
14777.000000,14135.000000,14160.000000,51563.000000
14814.000000,14135.000000,14165.000000,51561.000000
14827.000000,14055.000000,14147.000000,51628.000000
14811.000000,14104.000000,14141.000000,51556.000000
14763.000000,14116.000000,14093.000000,51552.000000
14790.000000,14095.000000,14132.000000,51586.000000
14785.000000,14107.000000,14186.000000,51568.000000
14763.000000,14080.000000,14160.000000,51575.000000
14767.000000,14048.000000,14153.000000,51545.000000
14769.000000,14059.000000,14111.000000,51571.000000
14727.000000,14084.000000,14116.000000,51521.000000
14728.000000,14039.000000,14118.000000,51534.000000
14702.000000,14071.000000,14132.000000,51543.000000
14703.000000,14109.000000,14066.000000,51523.000000
14662.000000,14061.000000,14097.000000,51542.000000
14644.000000,14055.000000,14100.000000,51514.000000
14680.000000,14051.000000,14087.000000,51538.000000
14707.000000,14081.000000,14094.000000,51525.000000
14661.000000,14035.000000,14105.000000,51532.000000
14694.000000,14054.000000,14123.000000,51521.000000
14626.000000,14043.000000,14101.000000,51539.000000
14676.000000,14048.000000,14132.000000,51549.000000
14691.000000,14046.000000,14091.000000,51538.000000
14697.000000,14074.000000,14068.000000,51570.000000
14695.000000,14081.000000,14117.000000,51527.000000
14709.000000,14040.000000,14119.000000,51537.000000
14709.000000,14090.000000,14103.000000,51525.000000
14734.000000,14058.000000,14092.000000,51579.000000
14747.000000,14063.000000,14148.000000,51519.000000
14803.000000,14091.000000,14117.000000,51558.000000
14804.000000,14033.000000,14139.000000,51607.000000
14818.000000,14095.000000,14128.000000,51604.000000
14853.000000,14115.000000,14151.000000,51642.000000
14842.000000,14095.000000,14157.000000,51600.000000
14820.000000,14158.000000,14167.000000,51578.000000
14894.000000,14117.000000,14230.000000,51644.000000
14896.000000,14156.000000,14213.000000,51632.000000
14902.000000,14135.000000,14235.000000,51657.000000
14967.000000,14165.000000,14254.000000,51639.000000
15050.000000,14129.000000,14239.000000,51706.000000
14985.000000,14197.000000,14258.000000,51679.000000
15022.000000,14220.000000,14260.000000,51687.000000
15044.000000,14237.000000,14333.000000,51720.000000
15051.000000,14259.000000,14314.000000,51729.000000
15073.000000,14249.000000,14367.000000,51734.000000
15065.000000,14282.000000,14398.000000,51788.000000
15102.000000,14298.000000,14421.000000,51771.000000
15120.000000,14313.000000,14392.000000,51734.000000
15121.000000,14275.000000,14462.000000,51781.000000
15137.000000,14297.000000,14471.000000,51771.000000
15180.000000,14320.000000,14487.000000,51789.000000
15184.000000,14304.000000,14513.000000,51846.000000
15222.000000,14311.000000,14552.000000,51834.000000
15194.000000,14342.000000,14564.000000,51824.000000
15243.000000,14356.000000,14536.000000,51865.000000
15224.000000,14341.000000,14557.000000,51821.000000
15226.000000,14384.000000,14582.000000,51815.000000
15219.000000,14387.000000,14545.000000,51837.000000
15201.000000,14373.000000,14628.000000,51787.000000
15242.000000,14389.000000,14597.000000,51862.000000
15225.000000,14330.000000,14603.000000,51906.000000
15204.000000,14350.000000,14576.000000,51854.000000
15258.000000,14370.000000,14573.000000,51852.000000
15227.000000,14369.000000,14585.000000,51821.000000
15196.000000,14400.000000,14581.000000,51847.000000
15161.000000,14365.000000,14617.000000,51849.000000
15217.000000,14332.000000,14549.000000,51857.000000
15168.000000,14332.000000,14603.000000,51850.000000
15192.000000,14337.000000,14567.000000,51854.000000
15212.000000,14314.000000,14621.000000,51859.000000
15218.000000,14356.000000,14545.000000,51841.000000
15202.000000,14346.000000,14575.000000,51818.000000
15201.000000,14356.000000,14571.000000,51824.000000
15215.000000,14336.000000,14571.000000,51856.000000
15207.000000,14354.000000,14551.000000,51821.000000
15222.000000,14343.000000,14508.000000,51857.000000
15242.000000,14355.000000,14524.000000,51835.000000
15203.000000,14378.000000,14519.000000,51794.000000
15201.000000,14356.000000,14534.000000,51784.000000
15214.000000,14386.000000,14579.000000,51843.000000
15175.000000,14313.000000,14554.000000,51827.000000
15212.000000,14345.000000,14559.000000,51826.000000
15189.000000,14323.000000,14564.000000,51798.000000
15173.000000,14336.000000,14552.000000,51813.000000
15237.000000,14329.000000,14531.000000,51867.000000
15209.000000,14323.000000,14515.000000,51800.000000
15178.000000,14382.000000,14490.000000,51771.000000
15197.000000,14354.000000,14543.000000,51796.000000
15151.000000,14355.000000,14519.000000,51794.000000
15211.000000,14320.000000,14539.000000,51791.000000
15148.000000,14308.000000,14547.000000,51798.000000
15175.000000,14331.000000,14508.000000,51794.000000
15144.000000,14338.000000,14515.000000,51770.000000
15134.000000,14318.000000,14516.000000,51782.000000
15127.000000,14290.000000,14521.000000,51798.000000
15079.000000,14374.000000,14507.000000,51744.000000
15130.000000,14328.000000,14538.000000,51784.000000
15068.000000,14294.000000,14529.000000,51782.000000
15128.000000,14311.000000,14475.000000,51761.000000
15111.000000,14314.000000,14511.000000,51730.000000
15117.000000,14308.000000,14487.000000,51758.000000
15107.000000,14301.000000,14545.000000,51789.000000
15140.000000,14276.000000,14485.000000,51780.000000
15118.000000,14275.000000,14463.000000,51821.000000
15120.000000,14283.000000,14496.000000,51757.000000
15102.000000,14316.000000,14446.000000,51741.000000
15120.000000,14281.000000,14500.000000,51779.000000
15090.000000,14305.000000,14507.000000,51763.000000
15039.000000,14275.000000,14510.000000,51742.000000
15066.000000,14272.000000,14443.000000,51742.000000
15060.000000,14223.000000,14465.000000,51778.000000
15055.000000,14269.000000,14439.000000,51730.000000
15089.000000,14282.000000,14441.000000,51808.000000
15065.000000,14278.000000,14484.000000,51752.000000
15055.000000,14274.000000,14414.000000,51725.000000
15044.000000,14288.000000,14402.000000,51765.000000
14986.000000,14293.000000,14469.000000,51702.000000
15072.000000,14272.000000,14443.000000,51742.000000
15047.000000,14232.000000,14421.000000,51722.000000
15049.000000,14267.000000,14409.000000,51751.000000
14981.000000,14272.000000,14394.000000,51750.000000
15034.000000,14331.000000,14392.000000,51680.000000
15033.000000,14244.000000,14422.000000,51713.000000
14944.000000,14281.000000,14430.000000,51691.000000
15014.000000,14228.000000,14405.000000,51731.000000
15016.000000,14233.000000,14406.000000,51697.000000
15009.000000,14289.000000,14398.000000,51733.000000
15019.000000,14243.000000,14349.000000,51708.000000
15028.000000,14214.000000,14373.000000,51689.000000
14987.000000,14224.000000,14411.000000,51702.000000
14995.000000,14267.000000,14344.000000,51725.000000
15006.000000,14191.000000,14348.000000,51718.000000
15050.000000,14191.000000,14349.000000,51740.000000
15004.000000,14254.000000,14311.000000,51702.000000
15044.000000,14221.000000,14352.000000,51711.000000
15033.000000,14248.000000,14357.000000,51722.000000
15026.000000,14211.000000,14365.000000,51743.000000
15012.000000,14219.000000,14338.000000,51693.000000
15017.000000,14196.000000,14336.000000,51757.000000
14974.000000,14230.000000,14345.000000,51687.000000
15050.000000,14242.000000,14291.000000,51654.000000
14995.000000,14211.000000,14363.000000,51691.000000
14973.000000,14234.000000,14331.000000,51637.000000
15017.000000,14196.000000,14323.000000,51667.000000
15004.000000,14179.000000,14360.000000,51711.000000
15002.000000,14220.000000,14309.000000,51679.000000
15012.000000,14200.000000,14260.000000,51702.000000
14950.000000,14212.000000,14332.000000,51653.000000
15009.000000,14189.000000,14322.000000,51671.000000
14967.000000,14164.000000,14351.000000,51676.000000
15003.000000,14175.000000,14332.000000,51672.000000
14973.000000,14149.000000,14307.000000,51708.000000
14942.000000,14195.000000,14309.000000,51673.000000
15032.000000,14161.000000,14264.000000,51716.000000
14971.000000,14193.000000,14302.000000,51653.000000
14991.000000,14195.000000,14263.000000,51666.000000
14959.000000,14201.000000,14267.000000,51664.000000
14979.000000,14218.000000,14256.000000,51708.000000
14961.000000,14199.000000,14288.000000,51654.000000
14975.000000,14197.000000,14276.000000,51683.000000
14974.000000,14199.000000,14286.000000,51647.000000
14939.000000,14203.000000,14290.000000,51643.000000
14942.000000,14214.000000,14264.000000,51679.000000
15203.000000,14224.000000,14283.000000,51647.000000
14953.000000,14154.000000,14258.000000,51712.000000
14956.000000,14195.000000,14255.000000,51679.000000
14969.000000,14197.000000,14252.000000,51685.000000
14953.000000,14169.000000,14267.000000,51677.000000
14956.000000,14177.000000,14254.000000,51612.000000
14922.000000,14167.000000,14263.000000,51650.000000
14905.000000,14172.000000,14287.000000,51622.000000
14912.000000,14187.000000,14220.000000,51632.000000
14920.000000,14139.000000,14249.000000,51682.000000
14905.000000,14167.000000,14278.000000,51626.000000
14909.000000,14210.000000,14239.000000,51663.000000
14909.000000,14167.000000,14237.000000,51623.000000
14910.000000,14176.000000,14267.000000,51658.000000
14902.000000,14154.000000,14311.000000,51637.000000
14913.000000,14156.000000,14256.000000,51628.000000
14868.000000,14111.000000,14278.000000,51668.000000
14915.000000,14139.000000,14222.000000,51608.000000
14932.000000,14093.000000,14256.000000,51655.000000
14904.000000,14185.000000,14249.000000,51624.000000
14932.000000,14131.000000,14249.000000,51636.000000
14934.000000,14152.000000,14256.000000,51643.000000
14911.000000,14119.000000,14275.000000,51630.000000
14916.000000,14127.000000,14248.000000,51638.000000
14887.000000,14158.000000,14229.000000,51650.000000
15179.000000,14124.000000,14267.000000,51648.000000
14865.000000,14189.000000,14225.000000,51615.000000
14876.000000,14135.000000,14237.000000,51635.000000
14901.000000,14153.000000,14231.000000,51630.000000
14867.000000,14132.000000,14299.000000,51632.000000
14889.000000,14136.000000,14236.000000,51619.000000
14885.000000,14140.000000,14276.000000,51666.000000
14874.000000,14163.000000,14217.000000,51629.000000
14909.000000,14111.000000,14192.000000,51656.000000
14875.000000,14159.000000,14238.000000,51634.000000
14864.000000,14155.000000,14198.000000,51604.000000
14877.000000,14135.000000,14205.000000,51625.000000
14848.000000,14181.000000,14228.000000,51608.000000
14850.000000,14152.000000,14231.000000,51623.000000
14843.000000,14143.000000,14254.000000,51601.000000
14857.000000,14121.000000,14189.000000,51634.000000
14878.000000,14157.000000,14267.000000,51600.000000
14891.000000,14089.000000,14209.000000,51635.000000
14868.000000,14157.000000,14209.000000,51619.000000
14890.000000,14115.000000,14179.000000,51657.000000
14844.000000,14115.000000,14220.000000,51617.000000
14804.000000,14157.000000,14216.000000,51648.000000
14827.000000,14117.000000,14233.000000,51628.000000
14858.000000,14139.000000,14193.000000,51673.000000
14806.000000,14111.000000,14204.000000,51632.000000
14874.000000,14168.000000,14233.000000,51617.000000
14854.000000,14144.000000,14256.000000,51622.000000
14839.000000,14159.000000,14248.000000,51609.000000
14880.000000,14156.000000,14260.000000,51666.000000
14897.000000,14165.000000,14226.000000,51663.000000
14888.000000,14177.000000,14258.000000,51624.000000
14912.000000,14190.000000,14297.000000,51691.000000
14950.000000,14201.000000,14233.000000,51660.000000
14938.000000,14160.000000,14312.000000,51668.000000
14933.000000,14213.000000,14350.000000,51632.000000
14974.000000,14181.000000,14321.000000,51674.000000
14951.000000,14154.000000,14293.000000,51721.000000
14982.000000,14216.000000,14351.000000,51712.000000
15019.000000,14186.000000,14300.000000,51748.000000
14990.000000,14203.000000,14368.000000,51712.000000
14963.000000,14260.000000,14364.000000,51723.000000
15017.000000,14236.000000,14414.000000,51748.000000
15028.000000,14239.000000,14406.000000,51744.000000
15020.000000,14243.000000,14423.000000,51737.000000
15100.000000,14272.000000,14435.000000,51769.000000
15105.000000,14253.000000,14357.000000,51757.000000
15093.000000,14292.000000,14476.000000,51782.000000
15094.000000,14363.000000,14447.000000,51768.000000
15106.000000,14311.000000,14468.000000,51790.000000
15112.000000,14364.000000,14517.000000,51755.000000
15133.000000,14337.000000,14505.000000,51819.000000
15128.000000,14300.000000,14538.000000,51791.000000
15205.000000,14359.000000,14530.000000,51801.000000
15137.000000,14339.000000,14573.000000,51783.000000
15172.000000,14331.000000,14554.000000,51829.000000
15162.000000,14304.000000,14560.000000,51862.000000
15132.000000,14386.000000,14537.000000,51804.000000
15187.000000,14316.000000,14538.000000,51849.000000
15161.000000,14319.000000,14517.000000,51839.000000
15166.000000,14322.000000,14553.000000,51813.000000
15155.000000,14390.000000,14509.000000,51778.000000
15166.000000,14332.000000,14557.000000,51828.000000
15125.000000,14341.000000,14515.000000,51765.000000
15172.000000,14313.000000,14512.000000,51791.000000
15138.000000,14327.000000,14521.000000,51827.000000
15146.000000,14311.000000,14511.000000,51803.000000
15166.000000,14327.000000,14465.000000,51842.000000
15162.000000,14317.000000,14496.000000,51800.000000
15162.000000,14345.000000,14466.000000,51794.000000
15060.000000,14325.000000,14488.000000,51780.000000
15147.000000,14284.000000,14494.000000,51754.000000
15140.000000,14264.000000,14470.000000,51827.000000
15130.000000,14316.000000,14459.000000,51805.000000
15114.000000,14255.000000,14417.000000,51791.000000
15090.000000,14275.000000,14446.000000,51775.000000
15135.000000,14291.000000,14386.000000,51815.000000
15075.000000,14287.000000,14426.000000,51758.000000
15060.000000,14337.000000,14420.000000,51764.000000
15152.000000,14259.000000,14424.000000,51762.000000
15066.000000,14290.000000,14367.000000,51762.000000
15095.000000,14287.000000,14424.000000,51759.000000
15052.000000,14261.000000,14424.000000,51728.000000
15061.000000,14307.000000,14423.000000,51704.000000
15033.000000,14243.000000,14408.000000,51719.000000
15030.000000,14260.000000,14384.000000,51721.000000
15081.000000,14264.000000,14350.000000,51744.000000
15056.000000,14267.000000,14346.000000,51740.000000
15032.000000,14229.000000,14378.000000,51695.000000
15079.000000,14267.000000,14330.000000,51745.000000
15044.000000,14257.000000,14354.000000,51725.000000
15037.000000,14283.000000,14348.000000,51669.000000
15029.000000,14237.000000,14336.000000,51712.000000
15027.000000,14195.000000,14381.000000,51689.000000
15007.000000,14231.000000,14330.000000,51697.000000
15038.000000,14179.000000,14318.000000,51749.000000
15017.000000,14236.000000,14330.000000,51666.000000
15036.000000,14249.000000,14276.000000,51696.000000
15025.000000,14203.000000,14318.000000,51685.000000
15016.000000,14203.000000,14291.000000,51678.000000
15016.000000,14188.000000,14303.000000,51721.000000
15026.000000,14226.000000,14302.000000,51668.000000
14988.000000,14153.000000,14308.000000,51723.000000
14992.000000,14193.000000,14264.000000,51659.000000
15315.000000,14167.000000,14209.000000,51718.000000
14996.000000,14157.000000,14248.000000,51663.000000
15009.000000,14180.000000,14231.000000,51684.000000
14981.000000,14176.000000,14280.000000,51645.000000
14978.000000,14199.000000,14237.000000,51677.000000
15003.000000,14189.000000,14241.000000,51665.000000
15049.000000,14204.000000,14197.000000,51647.000000
14999.000000,14195.000000,14217.000000,51641.000000
14945.000000,14186.000000,14213.000000,51631.000000
15002.000000,14183.000000,14190.000000,51629.000000
14936.000000,14150.000000,14173.000000,51663.000000
14980.000000,14193.000000,14195.000000,51653.000000
14952.000000,14133.000000,14192.000000,51594.000000
15005.000000,14170.000000,14132.000000,51629.000000
14962.000000,14151.000000,14191.000000,51619.000000
14944.000000,14167.000000,14157.000000,51601.000000
14962.000000,14163.000000,14146.000000,51627.000000
14950.000000,14184.000000,14237.000000,51622.000000
14975.000000,14159.000000,14168.000000,51602.000000
14975.000000,14191.000000,14152.000000,51630.000000
14965.000000,14147.000000,14187.000000,51613.000000
14962.000000,14143.000000,14135.000000,51624.000000
14954.000000,14137.000000,14120.000000,51615.000000
14942.000000,14135.000000,14155.000000,51622.000000
14929.000000,14094.000000,14194.000000,51582.000000
14953.000000,14130.000000,14131.000000,51625.000000
14908.000000,14081.000000,14163.000000,51621.000000
14947.000000,14130.000000,14148.000000,51634.000000
14995.000000,14079.000000,14104.000000,51644.000000
14939.000000,14124.000000,14106.000000,51594.000000
14933.000000,14123.000000,14080.000000,51611.000000
14930.000000,14124.000000,14092.000000,51602.000000
14946.000000,14107.000000,14075.000000,51639.000000
14951.000000,14118.000000,14124.000000,51613.000000
14919.000000,14152.000000,14096.000000,51555.000000
14973.000000,14146.000000,14085.000000,51581.000000
14909.000000,14093.000000,14119.000000,51551.000000
14934.000000,14153.000000,14079.000000,51596.000000
14933.000000,14103.000000,14132.000000,51575.000000
14929.000000,14131.000000,14074.000000,51570.000000
14901.000000,14105.000000,14083.000000,51562.000000
14893.000000,14157.000000,14079.000000,51544.000000
14912.000000,14097.000000,14062.000000,51558.000000
14855.000000,14111.000000,14125.000000,51553.000000
14930.000000,14117.000000,14073.000000,51561.000000
14910.000000,14049.000000,14054.000000,51607.000000
14902.000000,14123.000000,14073.000000,51569.000000
14922.000000,14095.000000,14054.000000,51586.000000
14899.000000,14099.000000,14073.000000,51570.000000
14863.000000,14111.000000,14055.000000,51507.000000
14881.000000,14068.000000,14088.000000,51577.000000
14881.000000,14065.000000,14072.000000,51552.000000
14893.000000,14075.000000,14057.000000,51563.000000
14886.000000,14056.000000,14031.000000,51539.000000
14939.000000,14071.000000,14003.000000,51621.000000
14897.000000,14070.000000,14046.000000,51554.000000
14864.000000,14104.000000,14002.000000,51538.000000
14895.000000,14100.000000,14033.000000,51534.000000
14891.000000,14056.000000,14017.000000,51540.000000
14878.000000,14060.000000,14028.000000,51569.000000
14844.000000,14088.000000,14001.000000,51549.000000
14879.000000,14054.000000,14027.000000,51511.000000
14875.000000,14147.000000,14013.000000,51551.000000
14899.000000,14081.000000,14039.000000,51534.000000
14880.000000,14047.000000,14034.000000,51513.000000
14871.000000,14084.000000,14003.000000,51530.000000
14870.000000,14069.000000,13991.000000,51526.000000
14847.000000,14025.000000,13991.000000,51573.000000
14851.000000,14059.000000,14006.000000,51529.000000
14893.000000,14070.000000,13942.000000,51539.000000
14872.000000,14021.000000,14042.000000,51538.000000
14845.000000,14069.000000,13998.000000,51508.000000
14886.000000,14064.000000,14021.000000,51538.000000
14855.000000,14059.000000,14056.000000,51542.000000
14864.000000,14049.000000,14014.000000,51515.000000
14913.000000,14043.000000,13982.000000,51585.000000
14871.000000,14091.000000,14033.000000,51540.000000
14852.000000,14091.000000,14008.000000,51548.000000
14861.000000,14069.000000,14029.000000,51528.000000
14879.000000,14056.000000,14011.000000,51554.000000
14839.000000,14063.000000,14035.000000,51580.000000
14867.000000,14051.000000,14028.000000,51539.000000
14903.000000,14008.000000,13992.000000,51573.000000
14863.000000,14090.000000,14041.000000,51528.000000
14886.000000,14093.000000,13959.000000,51540.000000
14841.000000,14056.000000,14056.000000,51527.000000
14788.000000,14082.000000,14018.000000,51538.000000
14885.000000,14056.000000,14018.000000,51567.000000
14845.000000,14083.000000,13976.000000,51525.000000
14880.000000,14083.000000,14024.000000,51527.000000
14847.000000,14055.000000,14043.000000,51523.000000
14823.000000,14110.000000,14020.000000,51530.000000
14881.000000,14036.000000,14055.000000,51580.000000
14840.000000,14040.000000,14063.000000,51530.000000
14831.000000,14039.000000,14032.000000,51542.000000
14846.000000,14106.000000,14043.000000,51526.000000
14832.000000,14042.000000,14019.000000,51551.000000
14824.000000,14054.000000,14042.000000,51497.000000
14851.000000,14048.000000,14024.000000,51531.000000
14816.000000,14057.000000,14081.000000,51525.000000
14857.000000,14043.000000,14051.000000,51542.000000
14858.000000,14067.000000,13991.000000,51562.000000
14882.000000,14080.000000,14018.000000,51524.000000
14870.000000,14090.000000,14002.000000,51549.000000
14809.000000,14051.000000,14069.000000,51559.000000
14835.000000,14069.000000,14096.000000,51515.000000
14854.000000,14049.000000,14097.000000,51624.000000
14829.000000,14080.000000,14076.000000,51559.000000
14819.000000,14047.000000,14062.000000,51594.000000
14824.000000,14075.000000,14090.000000,51570.000000
14897.000000,14084.000000,14009.000000,51613.000000
14863.000000,14066.000000,14082.000000,51568.000000
14807.000000,14147.000000,14066.000000,51557.000000
14850.000000,14095.000000,14091.000000,51563.000000
14851.000000,14095.000000,14114.000000,51599.000000
14842.000000,14087.000000,14125.000000,51593.000000
14860.000000,14109.000000,14147.000000,51593.000000
14900.000000,14119.000000,14162.000000,51586.000000
14871.000000,14121.000000,14155.000000,51592.000000
14864.000000,14163.000000,14161.000000,51621.000000
14897.000000,14109.000000,14197.000000,51625.000000
14906.000000,14153.000000,14158.000000,51599.000000
14929.000000,14145.000000,14201.000000,51662.000000
14929.000000,14156.000000,14188.000000,51689.000000
14923.000000,14124.000000,14221.000000,51633.000000
14995.000000,14193.000000,14237.000000,51690.000000
14961.000000,14152.000000,14245.000000,51652.000000
14955.000000,14228.000000,14282.000000,51624.000000
14963.000000,14200.000000,14300.000000,51691.000000
14990.000000,14215.000000,14342.000000,51702.000000
15004.000000,14214.000000,14349.000000,51704.000000
15067.000000,14199.000000,14311.000000,51758.000000
15044.000000,14231.000000,14335.000000,51685.000000
15054.000000,14265.000000,14333.000000,51743.000000
15047.000000,14268.000000,14373.000000,51730.000000
15078.000000,14273.000000,14398.000000,51754.000000
15064.000000,14282.000000,14442.000000,51711.000000
15091.000000,14280.000000,14436.000000,51779.000000
15096.000000,14227.000000,14493.000000,51778.000000
15133.000000,14303.000000,14455.000000,51809.000000
15151.000000,14291.000000,14492.000000,51789.000000
15142.000000,14300.000000,14464.000000,51786.000000
15199.000000,14292.000000,14469.000000,51738.000000
15181.000000,14327.000000,14467.000000,51774.000000
15173.000000,14316.000000,14508.000000,51804.000000
15173.000000,14315.000000,14481.000000,51766.000000
15188.000000,14311.000000,14452.000000,51802.000000
15174.000000,14265.000000,14476.000000,51796.000000
15168.000000,14293.000000,14443.000000,51748.000000
15187.000000,14303.000000,14448.000000,51773.000000
15167.000000,14331.000000,14447.000000,51759.000000
15151.000000,14275.000000,14487.000000,51785.000000
15146.000000,14316.000000,14439.000000,51802.000000
15191.000000,14263.000000,14504.000000,51819.000000
15156.000000,14319.000000,14441.000000,51749.000000
15230.000000,14292.000000,14429.000000,51787.000000
15158.000000,14281.000000,14437.000000,51769.000000
15143.000000,14344.000000,14421.000000,51764.000000
15127.000000,14305.000000,14452.000000,51755.000000
15166.000000,14271.000000,14450.000000,51749.000000
15149.000000,14285.000000,14414.000000,51797.000000
15131.000000,14280.000000,14407.000000,51814.000000
15192.000000,14305.000000,14406.000000,51758.000000
15125.000000,14265.000000,14390.000000,51772.000000
15159.000000,14282.000000,14438.000000,51741.000000
15136.000000,14230.000000,14386.000000,51745.000000
15046.000000,14337.000000,14445.000000,51713.000000
15133.000000,14267.000000,14388.000000,51757.000000
15094.000000,14245.000000,14450.000000,51737.000000
15113.000000,14277.000000,14379.000000,51765.000000
15131.000000,14288.000000,14408.000000,51701.000000
15096.000000,14287.000000,14358.000000,51753.000000
15110.000000,14239.000000,14399.000000,51719.000000
15096.000000,14241.000000,14399.000000,51746.000000
15122.000000,14239.000000,14373.000000,51751.000000
15091.000000,14246.000000,14372.000000,51764.000000
15121.000000,14244.000000,14410.000000,51720.000000
15072.000000,14233.000000,14383.000000,51714.000000
15079.000000,14257.000000,14339.000000,51729.000000
15113.000000,14271.000000,14394.000000,51705.000000
15105.000000,14247.000000,14336.000000,51717.000000
15136.000000,14243.000000,14355.000000,51775.000000
15091.000000,14232.000000,14356.000000,51710.000000
15098.000000,14263.000000,14304.000000,51713.000000
15117.000000,14246.000000,14340.000000,51721.000000
15082.000000,14287.000000,14359.000000,51682.000000
15112.000000,14214.000000,14342.000000,51729.000000
15049.000000,14219.000000,14363.000000,51733.000000
15106.000000,14229.000000,14319.000000,51698.000000
15104.000000,14247.000000,14323.000000,51743.000000
15100.000000,14255.000000,14298.000000,51731.000000
15060.000000,14235.000000,14290.000000,51712.000000
15026.000000,14256.000000,14360.000000,51671.000000
15065.000000,14257.000000,14300.000000,51698.000000
15032.000000,14181.000000,14352.000000,51711.000000
15043.000000,14223.000000,14320.000000,51725.000000
15075.000000,14183.000000,14314.000000,51746.000000
15051.000000,14207.000000,14329.000000,51676.000000
15073.000000,14216.000000,14295.000000,51704.000000
15045.000000,14215.000000,14271.000000,51701.000000
15058.000000,14193.000000,14283.000000,51722.000000
15029.000000,14174.000000,14278.000000,51698.000000
15028.000000,14239.000000,14277.000000,51724.000000
15060.000000,14168.000000,14269.000000,51711.000000
15031.000000,14237.000000,14313.000000,51674.000000
15026.000000,14197.000000,14289.000000,51651.000000
14994.000000,14141.000000,14253.000000,51679.000000
15011.000000,14171.000000,14283.000000,51694.000000
14967.000000,14179.000000,14271.000000,51667.000000
14986.000000,14173.000000,14218.000000,51696.000000
14991.000000,14188.000000,14254.000000,51680.000000
14986.000000,14223.000000,14206.000000,51634.000000
14955.000000,14143.000000,14232.000000,51665.000000
14944.000000,14165.000000,14288.000000,51601.000000
15019.000000,14187.000000,14219.000000,51663.000000
15017.000000,14145.000000,14186.000000,51687.000000
14981.000000,14140.000000,14189.000000,51677.000000
14953.000000,14173.000000,14209.000000,51635.000000
14983.000000,14189.000000,14213.000000,51632.000000
14968.000000,14179.000000,14197.000000,51658.000000
14920.000000,14141.000000,14210.000000,51618.000000
14961.000000,14168.000000,14220.000000,51660.000000
15187.000000,14119.000000,14257.000000,51644.000000
14973.000000,14151.000000,14186.000000,51622.000000
15017.000000,14096.000000,14203.000000,51644.000000
14977.000000,14159.000000,14190.000000,51643.000000
14982.000000,14148.000000,14184.000000,51599.000000
14945.000000,14156.000000,14196.000000,51615.000000
14936.000000,14135.000000,14140.000000,51644.000000
14968.000000,14093.000000,14156.000000,51643.000000
14948.000000,14169.000000,14154.000000,51644.000000
14988.000000,14127.000000,14129.000000,51603.000000
14962.000000,14115.000000,14157.000000,51641.000000
14950.000000,14114.000000,14174.000000,51634.000000
14958.000000,14130.000000,14146.000000,51608.000000
15006.000000,14139.000000,14181.000000,51632.000000
14972.000000,14180.000000,14153.000000,51630.000000
14997.000000,14098.000000,14149.000000,51665.000000
14939.000000,14133.000000,14172.000000,51635.000000
14981.000000,14133.000000,14134.000000,51594.000000
14944.000000,14153.000000,14162.000000,51627.000000
14938.000000,14164.000000,14163.000000,51617.000000
14934.000000,14104.000000,14170.000000,51603.000000
14933.000000,14118.000000,14213.000000,51600.000000
14960.000000,14114.000000,14126.000000,51635.000000
14942.000000,14147.000000,14152.000000,51626.000000
14965.000000,14134.000000,14127.000000,51625.000000
14915.000000,14113.000000,14155.000000,51615.000000
14916.000000,14177.000000,14101.000000,51547.000000
14930.000000,14127.000000,14149.000000,51582.000000
14860.000000,14144.000000,14180.000000,51549.000000
14929.000000,14135.000000,14144.000000,51616.000000
14894.000000,14153.000000,14150.000000,51571.000000
14874.000000,14095.000000,14132.000000,51599.000000
14902.000000,14115.000000,14140.000000,51605.000000
14913.000000,14121.000000,14146.000000,51603.000000
14877.000000,14115.000000,14162.000000,51590.000000
14904.000000,14116.000000,14144.000000,51615.000000
14915.000000,14126.000000,14124.000000,51633.000000
14834.000000,14116.000000,14138.000000,51577.000000
14872.000000,14112.000000,14110.000000,51573.000000
14847.000000,14143.000000,14127.000000,51586.000000
14868.000000,14113.000000,14127.000000,51561.000000
14869.000000,14123.000000,14140.000000,51544.000000
14852.000000,14119.000000,14096.000000,51567.000000
14839.000000,14057.000000,14150.000000,51603.000000
14842.000000,14119.000000,14110.000000,51587.000000
14879.000000,14058.000000,14079.000000,51610.000000
14844.000000,14093.000000,14128.000000,51572.000000
14814.000000,14127.000000,14104.000000,51527.000000
14851.000000,14079.000000,14089.000000,51554.000000
14835.000000,14084.000000,14129.000000,51566.000000
14823.000000,14073.000000,14088.000000,51593.000000
14852.000000,14111.000000,14106.000000,51596.000000
14897.000000,14064.000000,14065.000000,51567.000000
14862.000000,14111.000000,14101.000000,51568.000000
14818.000000,14153.000000,14119.000000,51552.000000
14854.000000,14095.000000,14085.000000,51575.000000
14816.000000,14097.000000,14159.000000,51551.000000
14818.000000,14073.000000,14090.000000,51562.000000
14886.000000,14067.000000,14064.000000,51595.000000
14870.000000,14090.000000,14059.000000,51595.000000
14887.000000,14094.000000,14061.000000,51600.000000
14832.000000,14101.000000,14089.000000,51568.000000
14834.000000,14104.000000,14073.000000,51603.000000
14866.000000,14053.000000,14054.000000,51578.000000
14833.000000,14120.000000,14051.000000,51559.000000
14880.000000,14115.000000,14072.000000,51596.000000
14840.000000,14049.000000,14046.000000,51559.000000
14891.000000,14103.000000,14068.000000,51609.000000
14849.000000,14099.000000,14068.000000,51599.000000
14862.000000,14095.000000,14083.000000,51640.000000
14893.000000,14103.000000,14088.000000,51579.000000
14872.000000,14151.000000,14063.000000,51590.000000
14867.000000,14097.000000,14148.000000,51606.000000
14854.000000,14103.000000,14149.000000,51612.000000
14887.000000,14111.000000,14134.000000,51612.000000
14898.000000,14117.000000,14164.000000,51644.000000
14906.000000,14127.000000,14151.000000,51606.000000
14874.000000,14155.000000,14157.000000,51602.000000
14898.000000,14141.000000,14219.000000,51610.000000
14928.000000,14160.000000,14190.000000,51632.000000
14875.000000,14159.000000,14228.000000,51600.000000
14923.000000,14136.000000,14215.000000,51664.000000
14954.000000,14107.000000,14191.000000,51709.000000
14932.000000,14173.000000,14229.000000,51647.000000
14973.000000,14227.000000,14207.000000,51663.000000
14965.000000,14168.000000,14244.000000,51700.000000
14942.000000,14220.000000,14316.000000,51647.000000
14983.000000,14192.000000,14329.000000,51696.000000
14993.000000,14153.000000,14331.000000,51694.000000
14986.000000,14210.000000,14304.000000,51679.000000
15032.000000,14237.000000,14363.000000,51708.000000
15001.000000,14221.000000,14328.000000,51740.000000
15046.000000,14261.000000,14378.000000,51765.000000
15008.000000,14261.000000,14439.000000,51772.000000
15069.000000,14275.000000,14418.000000,51760.000000
15040.000000,14201.000000,14415.000000,51788.000000
15074.000000,14261.000000,14426.000000,51789.000000
15136.000000,14294.000000,14457.000000,51839.000000
15088.000000,14301.000000,14444.000000,51780.000000
15117.000000,14272.000000,14487.000000,51831.000000
15115.000000,14315.000000,14470.000000,51811.000000
15164.000000,14339.000000,14453.000000,51811.000000
15143.000000,14340.000000,14533.000000,51834.000000
15130.000000,14319.000000,14538.000000,51795.000000
15138.000000,14390.000000,14539.000000,51845.000000
15207.000000,14315.000000,14552.000000,51871.000000
15178.000000,14375.000000,14540.000000,51867.000000
15176.000000,14366.000000,14586.000000,51858.000000
15155.000000,14387.000000,14593.000000,51870.000000
15196.000000,14378.000000,14608.000000,51850.000000
15147.000000,14393.000000,14628.000000,51859.000000
15202.000000,14368.000000,14603.000000,51860.000000
15233.000000,14337.000000,14573.000000,51947.000000
15217.000000,14385.000000,14608.000000,51871.000000
15199.000000,14418.000000,14578.000000,51831.000000
15192.000000,14358.000000,14558.000000,51869.000000
15192.000000,14390.000000,14589.000000,51836.000000
15206.000000,14356.000000,14582.000000,51872.000000
15184.000000,14303.000000,14514.000000,51845.000000
15225.000000,14363.000000,14512.000000,51843.000000
15197.000000,14343.000000,14533.000000,51829.000000
15191.000000,14365.000000,14555.000000,51831.000000
15174.000000,14340.000000,14510.000000,51828.000000
15123.000000,14274.000000,14559.000000,51856.000000
15147.000000,14338.000000,14482.000000,51817.000000
15190.000000,14275.000000,14472.000000,51835.000000
15159.000000,14317.000000,14457.000000,51776.000000
15150.000000,14291.000000,14462.000000,51790.000000
15142.000000,14341.000000,14456.000000,51801.000000
15151.000000,14323.000000,14442.000000,51818.000000
15154.000000,14288.000000,14438.000000,51773.000000
15155.000000,14323.000000,14416.000000,51764.000000
15156.000000,14319.000000,14430.000000,51784.000000
15150.000000,14284.000000,14421.000000,51779.000000
15143.000000,14308.000000,14401.000000,51778.000000
15127.000000,14293.000000,14407.000000,51784.000000
15140.000000,14295.000000,14392.000000,51806.000000
15126.000000,14300.000000,14383.000000,51782.000000
15139.000000,14343.000000,14357.000000,51739.000000
15146.000000,14264.000000,14385.000000,51777.000000
15143.000000,14237.000000,14417.000000,51775.000000
15147.000000,14277.000000,14364.000000,51774.000000
15155.000000,14265.000000,14351.000000,51776.000000
15114.000000,14279.000000,14381.000000,51751.000000
15093.000000,14320.000000,14339.000000,51713.000000
15116.000000,14267.000000,14376.000000,51786.000000
15098.000000,14257.000000,14411.000000,51749.000000
15118.000000,14235.000000,14387.000000,51761.000000
15125.000000,14272.000000,14359.000000,51768.000000
15175.000000,14236.000000,14317.000000,51773.000000
15101.000000,14246.000000,14331.000000,51728.000000
15100.000000,14281.000000,14338.000000,51734.000000
15116.000000,14272.000000,14349.000000,51747.000000
15072.000000,14253.000000,14402.000000,51701.000000
15136.000000,14240.000000,14309.000000,51720.000000
15160.000000,14215.000000,14325.000000,51735.000000
15123.000000,14248.000000,14317.000000,51729.000000
15105.000000,14252.000000,14317.000000,51753.000000
15079.000000,14231.000000,14330.000000,51705.000000
15099.000000,14229.000000,14296.000000,51766.000000
15127.000000,14215.000000,14319.000000,51788.000000
15107.000000,14272.000000,14301.000000,51723.000000
15125.000000,14231.000000,14290.000000,51727.000000
15106.000000,14228.000000,14300.000000,51720.000000
15138.000000,14211.000000,14328.000000,51744.000000
15087.000000,14220.000000,14301.000000,51724.000000
15106.000000,14193.000000,14320.000000,51751.000000
15089.000000,14238.000000,14314.000000,51718.000000
15121.000000,14249.000000,14244.000000,51689.000000
15088.000000,14227.000000,14299.000000,51721.000000
15034.000000,14251.000000,14305.000000,51697.000000
15054.000000,14197.000000,14301.000000,51732.000000
15097.000000,14227.000000,14301.000000,51741.000000
15065.000000,14209.000000,14270.000000,51686.000000
15069.000000,14241.000000,14271.000000,51687.000000
15056.000000,14235.000000,14302.000000,51684.000000
15112.000000,14237.000000,14290.000000,51732.000000
15052.000000,14216.000000,14279.000000,51659.000000
15074.000000,14188.000000,14295.000000,51712.000000
15040.000000,14187.000000,14325.000000,51727.000000
15072.000000,14195.000000,14243.000000,51695.000000
15112.000000,14169.000000,14220.000000,51778.000000
15049.000000,14229.000000,14255.000000,51698.000000
15048.000000,14251.000000,14243.000000,51671.000000
15064.000000,14214.000000,14246.000000,51711.000000
14998.000000,14195.000000,14264.000000,51668.000000
15060.000000,14198.000000,14245.000000,51667.000000
15054.000000,14216.000000,14243.000000,51648.000000
15029.000000,14213.000000,14233.000000,51660.000000
15029.000000,14211.000000,14262.000000,51655.000000
15004.000000,14228.000000,14225.000000,51615.000000
15001.000000,14211.000000,14223.000000,51665.000000
14937.000000,14225.000000,14233.000000,51659.000000
14982.000000,14175.000000,14222.000000,51662.000000
14973.000000,14186.000000,14210.000000,51628.000000
14984.000000,14159.000000,14194.000000,51655.000000
14980.000000,14185.000000,14181.000000,51617.000000
14966.000000,14154.000000,14183.000000,51652.000000
14934.000000,14133.000000,14257.000000,51626.000000
14961.000000,14173.000000,14197.000000,51612.000000
15009.000000,14128.000000,14176.000000,51694.000000
14988.000000,14131.000000,14209.000000,51637.000000
14951.000000,14174.000000,14201.000000,51623.000000
14918.000000,14147.000000,14233.000000,51591.000000
14970.000000,14163.000000,14191.000000,51602.000000
14934.000000,14153.000000,14194.000000,51651.000000
14951.000000,14143.000000,14172.000000,51625.000000
14966.000000,14083.000000,14162.000000,51632.000000
14935.000000,14144.000000,14126.000000,51605.000000
14947.000000,14175.000000,14099.000000,51585.000000
14960.000000,14148.000000,14117.000000,51617.000000
14885.000000,14125.000000,14192.000000,51569.000000
14928.000000,14143.000000,14153.000000,51590.000000
14960.000000,14078.000000,14157.000000,51584.000000
14942.000000,14147.000000,14078.000000,51594.000000
14940.000000,14132.000000,14110.000000,51602.000000
14891.000000,14149.000000,14122.000000,51573.000000
14956.000000,14113.000000,14088.000000,51609.000000
14904.000000,14108.000000,14122.000000,51612.000000
14912.000000,14096.000000,14108.000000,51593.000000
14931.000000,14066.000000,14131.000000,51605.000000
14936.000000,14115.000000,14121.000000,51589.000000
14935.000000,14114.000000,14069.000000,51585.000000
14946.000000,14107.000000,14132.000000,51602.000000
14914.000000,14091.000000,14091.000000,51638.000000
14905.000000,14087.000000,14070.000000,51583.000000
14917.000000,14113.000000,14052.000000,51604.000000
14916.000000,14117.000000,14051.000000,51564.000000
14878.000000,14128.000000,14093.000000,51546.000000
14873.000000,14103.000000,14107.000000,51584.000000
14899.000000,14066.000000,14086.000000,51555.000000
14902.000000,14072.000000,14048.000000,51593.000000
14866.000000,14092.000000,14068.000000,51568.000000
14912.000000,14103.000000,14021.000000,51613.000000
14859.000000,14072.000000,14054.000000,51528.000000
14879.000000,14159.000000,14053.000000,51537.000000
14888.000000,14076.000000,14055.000000,51565.000000
14837.000000,14313.000000,14083.000000,51563.000000
14842.000000,14071.000000,14053.000000,51555.000000
14899.000000,14065.000000,14039.000000,51583.000000
14858.000000,14101.000000,14056.000000,51564.000000
14898.000000,14103.000000,13996.000000,51571.000000
14862.000000,14095.000000,14065.000000,51564.000000
14876.000000,14095.000000,14045.000000,51579.000000
14866.000000,14074.000000,14056.000000,51596.000000
14896.000000,14046.000000,14055.000000,51531.000000
14914.000000,14027.000000,13998.000000,51617.000000
14931.000000,14087.000000,14066.000000,51580.000000
14913.000000,14116.000000,14000.000000,51549.000000
14858.000000,14095.000000,14032.000000,51551.000000
14891.000000,14131.000000,14032.000000,51600.000000
14872.000000,14087.000000,14048.000000,51532.000000
14843.000000,14096.000000,14019.000000,51562.000000
14878.000000,14095.000000,14020.000000,51570.000000
14854.000000,14129.000000,14049.000000,51517.000000
14847.000000,14084.000000,14050.000000,51566.000000
14836.000000,14083.000000,14037.000000,51533.000000
14804.000000,14095.000000,14090.000000,51544.000000
14853.000000,14114.000000,14045.000000,51583.000000
14847.000000,14105.000000,14005.000000,51508.000000
14839.000000,14077.000000,14040.000000,51560.000000
14824.000000,14077.000000,14068.000000,51527.000000
14827.000000,14072.000000,14043.000000,51547.000000
14804.000000,14074.000000,14088.000000,51549.000000
14859.000000,14085.000000,14026.000000,51523.000000
14854.000000,14102.000000,14050.000000,51602.000000
14857.000000,14074.000000,14051.000000,51547.000000
14827.000000,14128.000000,14021.000000,51538.000000
14876.000000,14107.000000,14048.000000,51574.000000
14831.000000,14073.000000,14089.000000,51532.000000
14830.000000,14060.000000,14066.000000,51581.000000
14885.000000,14046.000000,14096.000000,51567.000000
14891.000000,14071.000000,14044.000000,51595.000000
14868.000000,14092.000000,14079.000000,51563.000000
14881.000000,14115.000000,14046.000000,51555.000000
14871.000000,14093.000000,14105.000000,51619.000000
14834.000000,14161.000000,14179.000000,51549.000000
14917.000000,14119.000000,14135.000000,51606.000000
14897.000000,14108.000000,14160.000000,51613.000000
14903.000000,14140.000000,14118.000000,51631.000000
14916.000000,14143.000000,14188.000000,51607.000000
14894.000000,14157.000000,14171.000000,51632.000000
14917.000000,14155.000000,14213.000000,51677.000000
14943.000000,14150.000000,14242.000000,51654.000000
15009.000000,14153.000000,14224.000000,51688.000000
14999.000000,14188.000000,14259.000000,51684.000000
14976.000000,14215.000000,14241.000000,51661.000000
15024.000000,14177.000000,14271.000000,51709.000000
15029.000000,14214.000000,14288.000000,51698.000000
15017.000000,14220.000000,14362.000000,51705.000000
15020.000000,14207.000000,14355.000000,51717.000000
15101.000000,14235.000000,14347.000000,51808.000000
15066.000000,14277.000000,14355.000000,51780.000000
15064.000000,14277.000000,14335.000000,51717.000000
15118.000000,14287.000000,14406.000000,51782.000000
15098.000000,14297.000000,14447.000000,51791.000000
15122.000000,14306.000000,14485.000000,51772.000000
15161.000000,14271.000000,14495.000000,51833.000000
15182.000000,14345.000000,14511.000000,51804.000000
15169.000000,14339.000000,14512.000000,51834.000000
15227.000000,14347.000000,14525.000000,51847.000000
15238.000000,14381.000000,14558.000000,51853.000000
15209.000000,14425.000000,14632.000000,51848.000000
15269.000000,14397.000000,14626.000000,51904.000000
15255.000000,14403.000000,14690.000000,51889.000000
15283.000000,14415.000000,14669.000000,51906.000000
15346.000000,14414.000000,14649.000000,51951.000000
15319.000000,14466.000000,14715.000000,51910.000000
15344.000000,14470.000000,14704.000000,51957.000000
15355.000000,14503.000000,14750.000000,51972.000000
15396.000000,14512.000000,14738.000000,52007.000000
15380.000000,14497.000000,14778.000000,51990.000000
15372.000000,14513.000000,14778.000000,52015.000000
15450.000000,14497.000000,14742.000000,52000.000000
15415.000000,14507.000000,14779.000000,51980.000000
15395.000000,14551.000000,14798.000000,51999.000000
15406.000000,14489.000000,14812.000000,52015.000000
15416.000000,14499.000000,14753.000000,52030.000000
15384.000000,14499.000000,14815.000000,51987.000000
15403.000000,14523.000000,14759.000000,52015.000000
15427.000000,14472.000000,14766.000000,52029.000000
15360.000000,14542.000000,14771.000000,51950.000000
15385.000000,14504.000000,14779.000000,52031.000000
15399.000000,14456.000000,14763.000000,52006.000000
15368.000000,14514.000000,14773.000000,51968.000000
15389.000000,14515.000000,14706.000000,51965.000000
15369.000000,14490.000000,14751.000000,51928.000000
15368.000000,14450.000000,14798.000000,51958.000000
15366.000000,14477.000000,14740.000000,51994.000000
15379.000000,14460.000000,14730.000000,51969.000000
15370.000000,14447.000000,14730.000000,51991.000000
15369.000000,14473.000000,14706.000000,51936.000000
15400.000000,14482.000000,14652.000000,51942.000000
15333.000000,14474.000000,14722.000000,51960.000000
15278.000000,14454.000000,14751.000000,51917.000000
15354.000000,14464.000000,14680.000000,51944.000000
15343.000000,14434.000000,14725.000000,51940.000000
15317.000000,14466.000000,14702.000000,51933.000000
15359.000000,14430.000000,14678.000000,51916.000000
15280.000000,14454.000000,14717.000000,51912.000000
15329.000000,14420.000000,14684.000000,51948.000000
15289.000000,14444.000000,14679.000000,51953.000000
15310.000000,14449.000000,14649.000000,51934.000000
15324.000000,14417.000000,14693.000000,51943.000000
15296.000000,14440.000000,14642.000000,51913.000000
15334.000000,14398.000000,14675.000000,51901.000000
15309.000000,14430.000000,14677.000000,51902.000000
15329.000000,14434.000000,14664.000000,51963.000000
15288.000000,14428.000000,14627.000000,51897.000000
15291.000000,14421.000000,14618.000000,51957.000000
15269.000000,14391.000000,14606.000000,51879.000000
15279.000000,14446.000000,14589.000000,51872.000000
15259.000000,14433.000000,14604.000000,51898.000000
15267.000000,14392.000000,14633.000000,51904.000000
15265.000000,14391.000000,14586.000000,51881.000000
15257.000000,14453.000000,14565.000000,51903.000000
15305.000000,14392.000000,14585.000000,51895.000000
15281.000000,14364.000000,14595.000000,51883.000000
15272.000000,14441.000000,14541.000000,51835.000000
15264.000000,14392.000000,14577.000000,51879.000000
15228.000000,14386.000000,14597.000000,51853.000000
15280.000000,14394.000000,14563.000000,51887.000000
15263.000000,14354.000000,14585.000000,51950.000000
15224.000000,14354.000000,14529.000000,51841.000000
15245.000000,14433.000000,14506.000000,51874.000000
15219.000000,14391.000000,14559.000000,51849.000000
15212.000000,14379.000000,14521.000000,51873.000000
15200.000000,14373.000000,14540.000000,51838.000000
15214.000000,14354.000000,14488.000000,51845.000000
15254.000000,14349.000000,14514.000000,51911.000000
15217.000000,14371.000000,14495.000000,51838.000000
15243.000000,14339.000000,14498.000000,51845.000000
15206.000000,14357.000000,14530.000000,51801.000000
15237.000000,14348.000000,14464.000000,51852.000000
15186.000000,14325.000000,14478.000000,51815.000000
15144.000000,14346.000000,14452.000000,51846.000000
15192.000000,14335.000000,14486.000000,51820.000000
15146.000000,14355.000000,14421.000000,51804.000000
15145.000000,14323.000000,14469.000000,51833.000000
15133.000000,14355.000000,14481.000000,51755.000000
15140.000000,14347.000000,14446.000000,51794.000000
15122.000000,14311.000000,14461.000000,51809.000000
15154.000000,14301.000000,14404.000000,51791.000000
15131.000000,14335.000000,14426.000000,51808.000000
15115.000000,14303.000000,14412.000000,51774.000000
15107.000000,14303.000000,14431.000000,51783.000000
15134.000000,14331.000000,14377.000000,51773.000000
15126.000000,14300.000000,14424.000000,51758.000000
15052.000000,14343.000000,14428.000000,51696.000000
15095.000000,14299.000000,14369.000000,51779.000000
15047.000000,14229.000000,14440.000000,51733.000000
15101.000000,14261.000000,14386.000000,51757.000000
15064.000000,14241.000000,14384.000000,51727.000000
15055.000000,14266.000000,14349.000000,51722.000000
15068.000000,14228.000000,14353.000000,51722.000000
15038.000000,14292.000000,14355.000000,51679.000000
15049.000000,14216.000000,14362.000000,51739.000000
15007.000000,14268.000000,14350.000000,51695.000000
15028.000000,14233.000000,14315.000000,51709.000000
14979.000000,14255.000000,14342.000000,51711.000000
15031.000000,14237.000000,14325.000000,51720.000000
14993.000000,14215.000000,14311.000000,51680.000000
15004.000000,14236.000000,14290.000000,51715.000000
14984.000000,14275.000000,14301.000000,51650.000000
14989.000000,14237.000000,14281.000000,51703.000000
14972.000000,14207.000000,14275.000000,51701.000000
15016.000000,14219.000000,14289.000000,51705.000000
14985.000000,14203.000000,14234.000000,51711.000000
14982.000000,14228.000000,14248.000000,51658.000000
14979.000000,14231.000000,14219.000000,51651.000000
14982.000000,14243.000000,14269.000000,51664.000000
14989.000000,14221.000000,14259.000000,51655.000000
14940.000000,14249.000000,14264.000000,51640.000000
14962.000000,14210.000000,14208.000000,51655.000000
14951.000000,14160.000000,14285.000000,51700.000000
14939.000000,14179.000000,14218.000000,51660.000000
15006.000000,14150.000000,14192.000000,51702.000000
14950.000000,14156.000000,14204.000000,51635.000000
14988.000000,14188.000000,14172.000000,51685.000000
14932.000000,14130.000000,14176.000000,51631.000000
14903.000000,14178.000000,14171.000000,51643.000000
14937.000000,14164.000000,14153.000000,51662.000000
14908.000000,14159.000000,14144.000000,51647.000000
14908.000000,14156.000000,14120.000000,51651.000000
14885.000000,14174.000000,14132.000000,51616.000000
14961.000000,14109.000000,14091.000000,51642.000000
14915.000000,14168.000000,14137.000000,51585.000000
14956.000000,14163.000000,14140.000000,51616.000000
14894.000000,14140.000000,14120.000000,51607.000000
14924.000000,14133.000000,14103.000000,51664.000000
14910.000000,14163.000000,14126.000000,51579.000000
14916.000000,14121.000000,14106.000000,51624.000000
14900.000000,14144.000000,14089.000000,51587.000000
14920.000000,14143.000000,14074.000000,51577.000000
14888.000000,14130.000000,14120.000000,51593.000000
14876.000000,14144.000000,14188.000000,51594.000000
14913.000000,14116.000000,14072.000000,51593.000000
14934.000000,14168.000000,14114.000000,51601.000000
14919.000000,14091.000000,14087.000000,51612.000000
14892.000000,14115.000000,14103.000000,51575.000000
14925.000000,14156.000000,14051.000000,51539.000000
14886.000000,14115.000000,14068.000000,51571.000000
14872.000000,14172.000000,14058.000000,51553.000000
14895.000000,14141.000000,14078.000000,51592.000000
14846.000000,14138.000000,14119.000000,51530.000000
14874.000000,14135.000000,14036.000000,51595.000000
14909.000000,14107.000000,14076.000000,51588.000000
14875.000000,14097.000000,14060.000000,51546.000000
14909.000000,14115.000000,14102.000000,51558.000000
14864.000000,14108.000000,14088.000000,51593.000000
14870.000000,14099.000000,14076.000000,51606.000000
14866.000000,14094.000000,14089.000000,51587.000000
14896.000000,14151.000000,14010.000000,51614.000000
14850.000000,14091.000000,14057.000000,51568.000000
14891.000000,14112.000000,14036.000000,51573.000000
14871.000000,14083.000000,14068.000000,51564.000000
14860.000000,14095.000000,14054.000000,51567.000000
14879.000000,14098.000000,14070.000000,51558.000000
14884.000000,14103.000000,14011.000000,51572.000000
14896.000000,14060.000000,14054.000000,51597.000000
14899.000000,14093.000000,14055.000000,51544.000000
14859.000000,14120.000000,13987.000000,51555.000000
14883.000000,14120.000000,14029.000000,51562.000000
14851.000000,14119.000000,14034.000000,51534.000000
14882.000000,14093.000000,14088.000000,51577.000000
14893.000000,14068.000000,14046.000000,51611.000000
14903.000000,14109.000000,14028.000000,51576.000000
14884.000000,14138.000000,14037.000000,51554.000000
14960.000000,14115.000000,14042.000000,51601.000000
14906.000000,14116.000000,14085.000000,51580.000000
14902.000000,14155.000000,14089.000000,51527.000000
14916.000000,14141.000000,14103.000000,51612.000000
14875.000000,14100.000000,14137.000000,51584.000000
14933.000000,14131.000000,14101.000000,51586.000000
14934.000000,14144.000000,14144.000000,51587.000000
14898.000000,14171.000000,14142.000000,51602.000000
14949.000000,14153.000000,14151.000000,51640.000000
14930.000000,14163.000000,14182.000000,51645.000000
14953.000000,14148.000000,14196.000000,51623.000000
14968.000000,14157.000000,14191.000000,51648.000000
14932.000000,14170.000000,14166.000000,51665.000000
14969.000000,14122.000000,14258.000000,51664.000000
14971.000000,14209.000000,14236.000000,51662.000000
14972.000000,14224.000000,14236.000000,51675.000000
15002.000000,14235.000000,14228.000000,51677.000000
14993.000000,14234.000000,14316.000000,51662.000000
15034.000000,14243.000000,14279.000000,51688.000000
15065.000000,14237.000000,14339.000000,51745.000000
15051.000000,14259.000000,14340.000000,51696.000000
15130.000000,14249.000000,14329.000000,51750.000000
15059.000000,14273.000000,14340.000000,51755.000000
15101.000000,14299.000000,14357.000000,51762.000000
15143.000000,14311.000000,14408.000000,51758.000000
15155.000000,14341.000000,14441.000000,51765.000000
15145.000000,14336.000000,14503.000000,51794.000000
15204.000000,14332.000000,14488.000000,51806.000000
15215.000000,14326.000000,14499.000000,51901.000000
15239.000000,14354.000000,14501.000000,51854.000000
15295.000000,14373.000000,14501.000000,51906.000000
15274.000000,14414.000000,14553.000000,51881.000000
15346.000000,14437.000000,14532.000000,51919.000000
15331.000000,14466.000000,14606.000000,51911.000000
15333.000000,14462.000000,14660.000000,51927.000000
15359.000000,14437.000000,14649.000000,51929.000000
15378.000000,14499.000000,14675.000000,51968.000000
15388.000000,14464.000000,14668.000000,51930.000000
15396.000000,14513.000000,14717.000000,51945.000000
15487.000000,14526.000000,14669.000000,51974.000000
15444.000000,14535.000000,14813.000000,51981.000000
15473.000000,14551.000000,14780.000000,52001.000000
15503.000000,14529.000000,14790.000000,52009.000000
15507.000000,14520.000000,14760.000000,52043.000000
15502.000000,14575.000000,14803.000000,52024.000000
15530.000000,14573.000000,14790.000000,52021.000000
15520.000000,14602.000000,14836.000000,52042.000000
15524.000000,14624.000000,14805.000000,52001.000000
15505.000000,14584.000000,14853.000000,51999.000000
15485.000000,14562.000000,14894.000000,52025.000000
15502.000000,14559.000000,14829.000000,52026.000000
15506.000000,14536.000000,14816.000000,52057.000000
15558.000000,14576.000000,14792.000000,52013.000000
15515.000000,14589.000000,14822.000000,52013.000000
15494.000000,14593.000000,14832.000000,51993.000000
15506.000000,14589.000000,14799.000000,51999.000000
15482.000000,14561.000000,14836.000000,51998.000000
15491.000000,14552.000000,14791.000000,52026.000000
15478.000000,14500.000000,14824.000000,52034.000000
15467.000000,14536.000000,14787.000000,51970.000000
15511.000000,14527.000000,14757.000000,52015.000000
15467.000000,14535.000000,14776.000000,51985.000000
15502.000000,14531.000000,14784.000000,51985.000000
15457.000000,14565.000000,14745.000000,51978.000000
15480.000000,14551.000000,14769.000000,52026.000000
15490.000000,14507.000000,14755.000000,52014.000000
15515.000000,14553.000000,14700.000000,52000.000000
15512.000000,14537.000000,14754.000000,51982.000000
15460.000000,14528.000000,14746.000000,51977.000000
15563.000000,14534.000000,14737.000000,52031.000000
15469.000000,14537.000000,14731.000000,51992.000000
15464.000000,14509.000000,14751.000000,51985.000000
15459.000000,14537.000000,14751.000000,51977.000000
15489.000000,14530.000000,14682.000000,52006.000000
15439.000000,14512.000000,14701.000000,51960.000000
15459.000000,14548.000000,14751.000000,51943.000000
15454.000000,14524.000000,14721.000000,51983.000000
15427.000000,14499.000000,14724.000000,51967.000000
15429.000000,14492.000000,14663.000000,51948.000000
15450.000000,14464.000000,14692.000000,51989.000000
15397.000000,14502.000000,14675.000000,51939.000000
15413.000000,14522.000000,14692.000000,51946.000000
15425.000000,14486.000000,14693.000000,51938.000000
15402.000000,14480.000000,14686.000000,51944.000000
15339.000000,14502.000000,14722.000000,51914.000000
15400.000000,14461.000000,14675.000000,51939.000000
15394.000000,14424.000000,14691.000000,52015.000000
15394.000000,14477.000000,14651.000000,51937.000000
15408.000000,14440.000000,14609.000000,51951.000000
15344.000000,14499.000000,14645.000000,51911.000000
15378.000000,14473.000000,14654.000000,51914.000000
15360.000000,14460.000000,14631.000000,51897.000000
15366.000000,14456.000000,14615.000000,51967.000000
15359.000000,14429.000000,14617.000000,51917.000000
15345.000000,14485.000000,14618.000000,51879.000000
15366.000000,14475.000000,14576.000000,51938.000000
15305.000000,14431.000000,14565.000000,51865.000000
15372.000000,14439.000000,14605.000000,51867.000000
15326.000000,14428.000000,14591.000000,51896.000000
15368.000000,14401.000000,14605.000000,51924.000000
15316.000000,14438.000000,14620.000000,51886.000000
15328.000000,14407.000000,14593.000000,51928.000000
15323.000000,14414.000000,14587.000000,51874.000000
15355.000000,14403.000000,14536.000000,51842.000000
15342.000000,14419.000000,14572.000000,51872.000000
15289.000000,14416.000000,14585.000000,51842.000000
15335.000000,14453.000000,14541.000000,51872.000000
15356.000000,14388.000000,14558.000000,51840.000000
15352.000000,14395.000000,14507.000000,51872.000000
15319.000000,14432.000000,14509.000000,51873.000000
15335.000000,14479.000000,14510.000000,51809.000000
15333.000000,14401.000000,14498.000000,51857.000000
15282.000000,14426.000000,14536.000000,51842.000000
15319.000000,14401.000000,14512.000000,51843.000000
15316.000000,14396.000000,14574.000000,51858.000000
15310.000000,14406.000000,14499.000000,51846.000000
15348.000000,14350.000000,14477.000000,51852.000000
15337.000000,14424.000000,14506.000000,51850.000000
15342.000000,14427.000000,14520.000000,51837.000000
15280.000000,14394.000000,14478.000000,51862.000000
15349.000000,14397.000000,14473.000000,51874.000000
15339.000000,14356.000000,14515.000000,51868.000000
15353.000000,14399.000000,14430.000000,51845.000000
15310.000000,14386.000000,14422.000000,51862.000000
15335.000000,14386.000000,14490.000000,51847.000000
15343.000000,14348.000000,14476.000000,51843.000000
15291.000000,14389.000000,14428.000000,51815.000000
15281.000000,14378.000000,14501.000000,51801.000000
15318.000000,14402.000000,14470.000000,51816.000000
15326.000000,14351.000000,14473.000000,51859.000000
15303.000000,14393.000000,14453.000000,51817.000000
15321.000000,14405.000000,14379.000000,51839.000000
15297.000000,14378.000000,14419.000000,51809.000000
15309.000000,14429.000000,14420.000000,51779.000000
15294.000000,14353.000000,14448.000000,51829.000000
15266.000000,14338.000000,14475.000000,51781.000000
15279.000000,14350.000000,14437.000000,51845.000000
15263.000000,14373.000000,14399.000000,51801.000000
15285.000000,14370.000000,14401.000000,51828.000000
15249.000000,14360.000000,14420.000000,51821.000000
15317.000000,14370.000000,14334.000000,51809.000000
15233.000000,14342.000000,14380.000000,51805.000000
15226.000000,14389.000000,14372.000000,51771.000000
15249.000000,14317.000000,14398.000000,51834.000000
15211.000000,14359.000000,14361.000000,51814.000000
15244.000000,14353.000000,14395.000000,51790.000000
15196.000000,14330.000000,14362.000000,51768.000000
15212.000000,14348.000000,14405.000000,51776.000000
15196.000000,14335.000000,14384.000000,51723.000000
15205.000000,14337.000000,14357.000000,51748.000000
15244.000000,14317.000000,14350.000000,51794.000000
15210.000000,14348.000000,14364.000000,51741.000000
15204.000000,14331.000000,14339.000000,51773.000000
15200.000000,14287.000000,14326.000000,51806.000000
15181.000000,14309.000000,14340.000000,51739.000000
15193.000000,14324.000000,14277.000000,51759.000000
15191.000000,14308.000000,14357.000000,51761.000000
15152.000000,14362.000000,14338.000000,51714.000000
15179.000000,14312.000000,14336.000000,51797.000000
15118.000000,14300.000000,14377.000000,51725.000000
15164.000000,14308.000000,14338.000000,51759.000000
15175.000000,14274.000000,14296.000000,51802.000000
15146.000000,14331.000000,14335.000000,51751.000000
15154.000000,14312.000000,14306.000000,51730.000000
15114.000000,14323.000000,14300.000000,51747.000000
15130.000000,14320.000000,14284.000000,51734.000000
15098.000000,14307.000000,14369.000000,51735.000000
15118.000000,14268.000000,14322.000000,51719.000000
15099.000000,14256.000000,14339.000000,51758.000000
15094.000000,14315.000000,14278.000000,51739.000000
15131.000000,14200.000000,14322.000000,51726.000000
15097.000000,14307.000000,14293.000000,51722.000000
15110.000000,14281.000000,14302.000000,51732.000000
15083.000000,14277.000000,14281.000000,51707.000000
15110.000000,14269.000000,14314.000000,51738.000000
15067.000000,14260.000000,14311.000000,51721.000000
15101.000000,14283.000000,14251.000000,51724.000000
15147.000000,14243.000000,14241.000000,51754.000000
15111.000000,14270.000000,14219.000000,51676.000000
15102.000000,14294.000000,14266.000000,51674.000000
15088.000000,14271.000000,14245.000000,51692.000000
15084.000000,14223.000000,14288.000000,51687.000000
15085.000000,14259.000000,14266.000000,51684.000000
15051.000000,14235.000000,14274.000000,51738.000000
15079.000000,14249.000000,14258.000000,51716.000000
15114.000000,14241.000000,14198.000000,51724.000000
15050.000000,14255.000000,14264.000000,51683.000000
15043.000000,14264.000000,14272.000000,51653.000000
15065.000000,14251.000000,14237.000000,51742.000000
15069.000000,14247.000000,14282.000000,51677.000000
15060.000000,14255.000000,14283.000000,51701.000000
15109.000000,14217.000000,14296.000000,51720.000000
15120.000000,14269.000000,14242.000000,51695.000000
15106.000000,14263.000000,14276.000000,51724.000000
15122.000000,14287.000000,14245.000000,51706.000000
15142.000000,14274.000000,14277.000000,51742.000000
15106.000000,14325.000000,14233.000000,51716.000000
15151.000000,14295.000000,14279.000000,51731.000000
15110.000000,14312.000000,14304.000000,51723.000000
15160.000000,14315.000000,14310.000000,51738.000000
15194.000000,14311.000000,14314.000000,51761.000000
15198.000000,14325.000000,14367.000000,51774.000000
15164.000000,14358.000000,14342.000000,51725.000000
15224.000000,14393.000000,14431.000000,51777.000000
15203.000000,14376.000000,14399.000000,51778.000000
15239.000000,14371.000000,14402.000000,51805.000000
15248.000000,14339.000000,14415.000000,51850.000000
15307.000000,14398.000000,14420.000000,51850.000000
15312.000000,14395.000000,14457.000000,51834.000000
15336.000000,14404.000000,14458.000000,51881.000000
15379.000000,14409.000000,14538.000000,51870.000000
15339.000000,14467.000000,14549.000000,51842.000000
15377.000000,14458.000000,14529.000000,51894.000000
15381.000000,14440.000000,14662.000000,51910.000000
15465.000000,14468.000000,14632.000000,51942.000000
15479.000000,14485.000000,14696.000000,51960.000000
15459.000000,14501.000000,14651.000000,51966.000000
15539.000000,14546.000000,14702.000000,52020.000000
15558.000000,14585.000000,14762.000000,52010.000000
15563.000000,14558.000000,14742.000000,52008.000000
15582.000000,14612.000000,14828.000000,52050.000000
15588.000000,14584.000000,14833.000000,52058.000000
15596.000000,14555.000000,14902.000000,52084.000000
15646.000000,14637.000000,14883.000000,52103.000000
15697.000000,14589.000000,14897.000000,52109.000000
15697.000000,14645.000000,14901.000000,52138.000000
15698.000000,14651.000000,14975.000000,52120.000000
15697.000000,14700.000000,14961.000000,52115.000000
15730.000000,14663.000000,15004.000000,52144.000000
15757.000000,14715.000000,15020.000000,52181.000000
15799.000000,14705.000000,15015.000000,52213.000000
15774.000000,14748.000000,15026.000000,52180.000000
15743.000000,14727.000000,15074.000000,52131.000000
15809.000000,14728.000000,15045.000000,52173.000000
15787.000000,14735.000000,15065.000000,52224.000000
15786.000000,14728.000000,15089.000000,52233.000000
15779.000000,14735.000000,15061.000000,52196.000000
15820.000000,14773.000000,15063.000000,52189.000000
15737.000000,14768.000000,15071.000000,52153.000000
15746.000000,14751.000000,15064.000000,52147.000000
15744.000000,14770.000000,15052.000000,52197.000000
15719.000000,14758.000000,15107.000000,52156.000000
15727.000000,14699.000000,15050.000000,52195.000000
15760.000000,14689.000000,15034.000000,52225.000000
15701.000000,14684.000000,15054.000000,52158.000000
15721.000000,14732.000000,15015.000000,52211.000000
15680.000000,14759.000000,15027.000000,52134.000000
15690.000000,14717.000000,15014.000000,52155.000000
15663.000000,14680.000000,15069.000000,52161.000000
15685.000000,14687.000000,15009.000000,52166.000000
15707.000000,14695.000000,15024.000000,52181.000000
15666.000000,14692.000000,15010.000000,52154.000000
15719.000000,14703.000000,14947.000000,52200.000000
15664.000000,14711.000000,14986.000000,52109.000000
15653.000000,14674.000000,14948.000000,52153.000000
15655.000000,14703.000000,14968.000000,52117.000000
15683.000000,14643.000000,14942.000000,52141.000000
15671.000000,14699.000000,14964.000000,52116.000000
15643.000000,14711.000000,14928.000000,52081.000000
15684.000000,14688.000000,14967.000000,52099.000000
15652.000000,14693.000000,14974.000000,52093.000000
15642.000000,14686.000000,14944.000000,52126.000000
15668.000000,14695.000000,14912.000000,52119.000000
15662.000000,14710.000000,14916.000000,52132.000000
15643.000000,14663.000000,14950.000000,52099.000000
15682.000000,14699.000000,14887.000000,52132.000000
15639.000000,14660.000000,14907.000000,52133.000000
15618.000000,14708.000000,14954.000000,52106.000000
15631.000000,14668.000000,14909.000000,52088.000000
15655.000000,14619.000000,14954.000000,52140.000000
15651.000000,14673.000000,14950.000000,52085.000000
15661.000000,14647.000000,14887.000000,52147.000000
15625.000000,14647.000000,14931.000000,52098.000000
15614.000000,14714.000000,14903.000000,52087.000000
15643.000000,14668.000000,14935.000000,52083.000000
15611.000000,14679.000000,14917.000000,52109.000000
15596.000000,14632.000000,14908.000000,52109.000000
15629.000000,14652.000000,14890.000000,52040.000000
15675.000000,14601.000000,14829.000000,52110.000000
15598.000000,14631.000000,14868.000000,52047.000000
15626.000000,14639.000000,14818.000000,52110.000000
15560.000000,14605.000000,14881.000000,52076.000000
15548.000000,14623.000000,14822.000000,52070.000000
15541.000000,14607.000000,14831.000000,52063.000000
15513.000000,14616.000000,14824.000000,52071.000000
15541.000000,14589.000000,14815.000000,52031.000000
15512.000000,14631.000000,14805.000000,52026.000000
15504.000000,14570.000000,14852.000000,52004.000000
15475.000000,14604.000000,14860.000000,51996.000000
15499.000000,14621.000000,14759.000000,52001.000000
15496.000000,14566.000000,14801.000000,52024.000000
15475.000000,14559.000000,14790.000000,52002.000000
15430.000000,14586.000000,14768.000000,51992.000000
15461.000000,14519.000000,14714.000000,51986.000000
15422.000000,14533.000000,14771.000000,52009.000000
15414.000000,14563.000000,14741.000000,51935.000000
15436.000000,14565.000000,14728.000000,51994.000000
15361.000000,14530.000000,14755.000000,51959.000000
15353.000000,14536.000000,14729.000000,51963.000000
15426.000000,14464.000000,14707.000000,51983.000000
15379.000000,14550.000000,14703.000000,51936.000000
15408.000000,14522.000000,14660.000000,51952.000000
15318.000000,14538.000000,14683.000000,51915.000000
15350.000000,14445.000000,14705.000000,51944.000000
15313.000000,14478.000000,14689.000000,51958.000000
15309.000000,14484.000000,14642.000000,51929.000000
15344.000000,14439.000000,14640.000000,51959.000000
15313.000000,14461.000000,14648.000000,51917.000000
15385.000000,14454.000000,14568.000000,51967.000000
15303.000000,14479.000000,14587.000000,51891.000000
15314.000000,14486.000000,14590.000000,51897.000000
15301.000000,14427.000000,14566.000000,51873.000000
15273.000000,14417.000000,14516.000000,51919.000000
15288.000000,14407.000000,14534.000000,51864.000000
15267.000000,14441.000000,14537.000000,51873.000000
15297.000000,14445.000000,14491.000000,51831.000000
15260.000000,14401.000000,14521.000000,51794.000000
15273.000000,14447.000000,14525.000000,51860.000000
15259.000000,14397.000000,14488.000000,51864.000000
15301.000000,14390.000000,14439.000000,51849.000000
15260.000000,14394.000000,14467.000000,51837.000000
15283.000000,14414.000000,14429.000000,51861.000000
15255.000000,14371.000000,14452.000000,51813.000000
15269.000000,14441.000000,14434.000000,51771.000000
15248.000000,14357.000000,14419.000000,51795.000000
15226.000000,14339.000000,14466.000000,51805.000000
15243.000000,14362.000000,14376.000000,51802.000000
15261.000000,14323.000000,14387.000000,51782.000000
15239.000000,14395.000000,14398.000000,51789.000000
15275.000000,14369.000000,14344.000000,51824.000000
15230.000000,14371.000000,14374.000000,51742.000000
15266.000000,14373.000000,14396.000000,51798.000000
15209.000000,14347.000000,14393.000000,51760.000000
15226.000000,14342.000000,14350.000000,51749.000000
15208.000000,14315.000000,14450.000000,51782.000000
15228.000000,14344.000000,14347.000000,51765.000000
15248.000000,14304.000000,14376.000000,51768.000000
15222.000000,14344.000000,14377.000000,51765.000000
15243.000000,14342.000000,14376.000000,51742.000000
15193.000000,14376.000000,14362.000000,51761.000000
15202.000000,14314.000000,14350.000000,51758.000000
15231.000000,14329.000000,14341.000000,51748.000000
15238.000000,14303.000000,14328.000000,51812.000000
15235.000000,14321.000000,14297.000000,51725.000000
15223.000000,14341.000000,14323.000000,51750.000000
15212.000000,14306.000000,14371.000000,51774.000000
15206.000000,14309.000000,14326.000000,51730.000000
15189.000000,14329.000000,14340.000000,51738.000000
15235.000000,14307.000000,14297.000000,51759.000000
15205.000000,14275.000000,14324.000000,51772.000000
15217.000000,14328.000000,14333.000000,51763.000000
15236.000000,14328.000000,14300.000000,51771.000000
15196.000000,14329.000000,14299.000000,51744.000000
15200.000000,14359.000000,14275.000000,51713.000000
15200.000000,14341.000000,14279.000000,51744.000000
15132.000000,14311.000000,14357.000000,51687.000000
15224.000000,14335.000000,14286.000000,51757.000000
15220.000000,14340.000000,14314.000000,51745.000000
15230.000000,14299.000000,14292.000000,51741.000000
15195.000000,14326.000000,14328.000000,51742.000000
15179.000000,14376.000000,14322.000000,51694.000000
15160.000000,14346.000000,14314.000000,51754.000000
15118.000000,14344.000000,14347.000000,51724.000000
15184.000000,14339.000000,14306.000000,51739.000000
15154.000000,14324.000000,14336.000000,51717.000000
15162.000000,14307.000000,14292.000000,51736.000000
15166.000000,14311.000000,14301.000000,51726.000000
15186.000000,14320.000000,14322.000000,51723.000000
15164.000000,14329.000000,14351.000000,51678.000000
15145.000000,14308.000000,14296.000000,51730.000000
15151.000000,14307.000000,14294.000000,51747.000000
15174.000000,14295.000000,14322.000000,51743.000000
15164.000000,14315.000000,14269.000000,51764.000000
15162.000000,14321.000000,14292.000000,51741.000000
15131.000000,14328.000000,14285.000000,51687.000000
15138.000000,14346.000000,14308.000000,51733.000000
15165.000000,14352.000000,14317.000000,51761.000000
15134.000000,14327.000000,14352.000000,51723.000000
15187.000000,14339.000000,14347.000000,51756.000000
15118.000000,14301.000000,14399.000000,51766.000000
15169.000000,14324.000000,14372.000000,51761.000000
15180.000000,14317.000000,14319.000000,51838.000000
15193.000000,14333.000000,14372.000000,51772.000000
15178.000000,14385.000000,14367.000000,51761.000000
15187.000000,14370.000000,14387.000000,51760.000000
15149.000000,14390.000000,14394.000000,51777.000000
15161.000000,14345.000000,14474.000000,51811.000000
15187.000000,14369.000000,14411.000000,51811.000000
15191.000000,14359.000000,14454.000000,51841.000000
15189.000000,14383.000000,14440.000000,51793.000000
15240.000000,14327.000000,14497.000000,51851.000000
15185.000000,14406.000000,14467.000000,51830.000000
15263.000000,14403.000000,14507.000000,51838.000000
15274.000000,14424.000000,14500.000000,51851.000000
15254.000000,14427.000000,14580.000000,51890.000000
15245.000000,14436.000000,14568.000000,51833.000000
15317.000000,14445.000000,14553.000000,51900.000000
15325.000000,14478.000000,14596.000000,51904.000000
15319.000000,14512.000000,14607.000000,51897.000000
15314.000000,14497.000000,14615.000000,51891.000000
15362.000000,14479.000000,14692.000000,51901.000000
15368.000000,14517.000000,14695.000000,51961.000000
15360.000000,14520.000000,14736.000000,51975.000000
15394.000000,14484.000000,14736.000000,51971.000000
15394.000000,14565.000000,14753.000000,51988.000000
15444.000000,14586.000000,14738.000000,52029.000000
15413.000000,14554.000000,14786.000000,52016.000000
15426.000000,14623.000000,14807.000000,52004.000000
15482.000000,14599.000000,14859.000000,52077.000000
15476.000000,14593.000000,14892.000000,52032.000000
15501.000000,14667.000000,14917.000000,52060.000000
15563.000000,14617.000000,14936.000000,52087.000000
15549.000000,14676.000000,14955.000000,52070.000000
15534.000000,14684.000000,14963.000000,52107.000000
15573.000000,14684.000000,15019.000000,52103.000000
15590.000000,14703.000000,14983.000000,52162.000000
15578.000000,14777.000000,15060.000000,52113.000000
15590.000000,14715.000000,15030.000000,52139.000000
15591.000000,14719.000000,15096.000000,52166.000000
15745.000000,14747.000000,15098.000000,52200.000000
15653.000000,14758.000000,15089.000000,52145.000000
15707.000000,14769.000000,15059.000000,52183.000000
15703.000000,14770.000000,15115.000000,52184.000000
15729.000000,14792.000000,15141.000000,52213.000000
15746.000000,14784.000000,15207.000000,52220.000000
15739.000000,14807.000000,15142.000000,52213.000000
15723.000000,14795.000000,15127.000000,52259.000000
15720.000000,14779.000000,15142.000000,52246.000000
15708.000000,14785.000000,15130.000000,52223.000000
15675.000000,14787.000000,15115.000000,52203.000000
15704.000000,14757.000000,15105.000000,52193.000000
15665.000000,14788.000000,15116.000000,52202.000000
15690.000000,14785.000000,15137.000000,52223.000000
15650.000000,14755.000000,15105.000000,52230.000000
15683.000000,14792.000000,15058.000000,52189.000000
15716.000000,14745.000000,15043.000000,52243.000000
15673.000000,14763.000000,15046.000000,52183.000000
15716.000000,14790.000000,15027.000000,52208.000000
15709.000000,14737.000000,15086.000000,52148.000000
15691.000000,14773.000000,15085.000000,52178.000000
15649.000000,14754.000000,15042.000000,52159.000000
15660.000000,14721.000000,15061.000000,52151.000000
15727.000000,14703.000000,15018.000000,52220.000000
15679.000000,14741.000000,15018.000000,52148.000000
15720.000000,14733.000000,15007.000000,52168.000000
15695.000000,14735.000000,15049.000000,52126.000000
15711.000000,14721.000000,14996.000000,52163.000000
15644.000000,14724.000000,14998.000000,52132.000000
15642.000000,14729.000000,14975.000000,52204.000000
15655.000000,14727.000000,15030.000000,52134.000000
15677.000000,14708.000000,14969.000000,52123.000000
15614.000000,14693.000000,14982.000000,52157.000000
15641.000000,14703.000000,14979.000000,52117.000000
15612.000000,14723.000000,14991.000000,52109.000000
15602.000000,14672.000000,14973.000000,52128.000000
15616.000000,14689.000000,14935.000000,52122.000000
15577.000000,14707.000000,14917.000000,52101.000000
15623.000000,14722.000000,14936.000000,52075.000000
15573.000000,14667.000000,14950.000000,52111.000000
15533.000000,14711.000000,14915.000000,52101.000000
15571.000000,14673.000000,14937.000000,52096.000000
15544.000000,14644.000000,14952.000000,52072.000000
15562.000000,14663.000000,14914.000000,52082.000000
15554.000000,14639.000000,14890.000000,52110.000000
15556.000000,14648.000000,14904.000000,52077.000000
15588.000000,14661.000000,14893.000000,52108.000000
15510.000000,14655.000000,14882.000000,52028.000000
15544.000000,14632.000000,14863.000000,52090.000000
15531.000000,14629.000000,14924.000000,52097.000000
15535.000000,14639.000000,14836.000000,52090.000000
15531.000000,14605.000000,14865.000000,52100.000000
15531.000000,14641.000000,14831.000000,52053.000000
15559.000000,14584.000000,14859.000000,52065.000000
15531.000000,14636.000000,14843.000000,52061.000000
15538.000000,14607.000000,14868.000000,52014.000000
15520.000000,14625.000000,14841.000000,52039.000000
15493.000000,14590.000000,14855.000000,52061.000000
15478.000000,14571.000000,14829.000000,52024.000000
15518.000000,14561.000000,14800.000000,52044.000000
15483.000000,14585.000000,14800.000000,52031.000000
15524.000000,14608.000000,14773.000000,51996.000000
15466.000000,14635.000000,14807.000000,52016.000000
15425.000000,14591.000000,14820.000000,51994.000000
15480.000000,14590.000000,14760.000000,52016.000000
15463.000000,14618.000000,14782.000000,52022.000000
15458.000000,14576.000000,14761.000000,52030.000000
15451.000000,14558.000000,14754.000000,51966.000000
15463.000000,14581.000000,14698.000000,51989.000000
15415.000000,14549.000000,14750.000000,51967.000000
15387.000000,14611.000000,14720.000000,51940.000000
15394.000000,14541.000000,14724.000000,51947.000000
15340.000000,14532.000000,14742.000000,51931.000000
15392.000000,14548.000000,14720.000000,51956.000000
15388.000000,14513.000000,14750.000000,51948.000000
15382.000000,14533.000000,14677.000000,51945.000000
15394.000000,14506.000000,14704.000000,51927.000000
15363.000000,14518.000000,14689.000000,51951.000000
15316.000000,14499.000000,14675.000000,51928.000000
15314.000000,14509.000000,14663.000000,51920.000000
15317.000000,14515.000000,14654.000000,51919.000000
15302.000000,14486.000000,14668.000000,51901.000000
15321.000000,14489.000000,14592.000000,51902.000000
15322.000000,14467.000000,14649.000000,51873.000000
15288.000000,14489.000000,14595.000000,51901.000000
15293.000000,14484.000000,14616.000000,51879.000000
15312.000000,14510.000000,14589.000000,51901.000000
15347.000000,14426.000000,14615.000000,51953.000000
15292.000000,14493.000000,14565.000000,51898.000000
15272.000000,14504.000000,14554.000000,51849.000000
15330.000000,14479.000000,14534.000000,51875.000000
15266.000000,14470.000000,14568.000000,51860.000000
15266.000000,14442.000000,14559.000000,51873.000000
15271.000000,14433.000000,14520.000000,51883.000000
15312.000000,14440.000000,14513.000000,51914.000000
15262.000000,14418.000000,14552.000000,51835.000000
15297.000000,14438.000000,14517.000000,51838.000000
15276.000000,14413.000000,14517.000000,51855.000000
15259.000000,14472.000000,14484.000000,51803.000000
15263.000000,14427.000000,14487.000000,51855.000000
15200.000000,14458.000000,14540.000000,51805.000000
15231.000000,14427.000000,14492.000000,51844.000000
15220.000000,14406.000000,14473.000000,51842.000000
15260.000000,14421.000000,14492.000000,51839.000000
15264.000000,14388.000000,14473.000000,51842.000000
15185.000000,14486.000000,14465.000000,51820.000000
15220.000000,14395.000000,14496.000000,51815.000000
15177.000000,14433.000000,14487.000000,51826.000000
15227.000000,14393.000000,14461.000000,51827.000000
15188.000000,14445.000000,14489.000000,51792.000000
15211.000000,14448.000000,14476.000000,51833.000000
15162.000000,14375.000000,14425.000000,51792.000000
15208.000000,14417.000000,14458.000000,51848.000000
15197.000000,14419.000000,14440.000000,51735.000000
15208.000000,14392.000000,14469.000000,51807.000000
15184.000000,14381.000000,14465.000000,51828.000000
15200.000000,14406.000000,14438.000000,51828.000000
15207.000000,14357.000000,14435.000000,51854.000000
15181.000000,14439.000000,14442.000000,51799.000000
15182.000000,14447.000000,14387.000000,51797.000000
15167.000000,14400.000000,14488.000000,51812.000000
15201.000000,14406.000000,14422.000000,51785.000000
15157.000000,14391.000000,14438.000000,51775.000000
15193.000000,14394.000000,14445.000000,51795.000000
15176.000000,14378.000000,14473.000000,51833.000000
15164.000000,14377.000000,14424.000000,51787.000000
15240.000000,14379.000000,14429.000000,51864.000000
15212.000000,14405.000000,14434.000000,51798.000000
15214.000000,14424.000000,14388.000000,51849.000000
15172.000000,14392.000000,14434.000000,51796.000000
15177.000000,14404.000000,14432.000000,51803.000000
15192.000000,14398.000000,14446.000000,51804.000000
15176.000000,14401.000000,14414.000000,51828.000000
15173.000000,14378.000000,14391.000000,51827.000000
15150.000000,14411.000000,14416.000000,51793.000000
15222.000000,14354.000000,14363.000000,51824.000000
15165.000000,14364.000000,14408.000000,51818.000000
15171.000000,14365.000000,14406.000000,51790.000000
15158.000000,14364.000000,14421.000000,51784.000000
15189.000000,14326.000000,14385.000000,51844.000000
15129.000000,14351.000000,14426.000000,51765.000000
15140.000000,14332.000000,14421.000000,51797.000000
15149.000000,14377.000000,14406.000000,51782.000000
15132.000000,14368.000000,14375.000000,51805.000000
15106.000000,14378.000000,14402.000000,51799.000000
15082.000000,14381.000000,14450.000000,51768.000000
15154.000000,14355.000000,14401.000000,51787.000000
15145.000000,14381.000000,14457.000000,51793.000000
15125.000000,14351.000000,14453.000000,51863.000000
15116.000000,14382.000000,14455.000000,51844.000000
15161.000000,14416.000000,14416.000000,51824.000000
15138.000000,14397.000000,14462.000000,51798.000000
15125.000000,14433.000000,14432.000000,51811.000000
15139.000000,14405.000000,14501.000000,51826.000000
15125.000000,14462.000000,14505.000000,51777.000000
15134.000000,14439.000000,14526.000000,51850.000000
15121.000000,14437.000000,14568.000000,51838.000000
15168.000000,14456.000000,14541.000000,51832.000000
15181.000000,14466.000000,14530.000000,51853.000000
15205.000000,14432.000000,14578.000000,51863.000000
15177.000000,14463.000000,14627.000000,51905.000000
15197.000000,14511.000000,14611.000000,51863.000000
15243.000000,14458.000000,14611.000000,51920.000000
15238.000000,14489.000000,14655.000000,51943.000000
15273.000000,14505.000000,14678.000000,51940.000000
15273.000000,14539.000000,14630.000000,51944.000000
15281.000000,14523.000000,14666.000000,51967.000000
15294.000000,14563.000000,14701.000000,51944.000000
15322.000000,14536.000000,14758.000000,52005.000000
15298.000000,14603.000000,14794.000000,51960.000000
15344.000000,14562.000000,14793.000000,52023.000000
15374.000000,14581.000000,14842.000000,52059.000000
15392.000000,14599.000000,14808.000000,52062.000000
15455.000000,14626.000000,14786.000000,52067.000000
15433.000000,14663.000000,14844.000000,52046.000000
15427.000000,14667.000000,14867.000000,52066.000000
15489.000000,14664.000000,14972.000000,52058.000000
15509.000000,14627.000000,14937.000000,52139.000000
15499.000000,14681.000000,14999.000000,52150.000000
15540.000000,14707.000000,15002.000000,52152.000000
15602.000000,14653.000000,15027.000000,52211.000000
15584.000000,14747.000000,15031.000000,52190.000000
15637.000000,14761.000000,15039.000000,52257.000000
15626.000000,14757.000000,15079.000000,52199.000000
15638.000000,14763.000000,15094.000000,52228.000000
15642.000000,14816.000000,15132.000000,52223.000000
15644.000000,14804.000000,15116.000000,52267.000000
15723.000000,14794.000000,15142.000000,52238.000000
15707.000000,14818.000000,15102.000000,52262.000000
15743.000000,14848.000000,15139.000000,52233.000000
15721.000000,14802.000000,15180.000000,52218.000000
15728.000000,14850.000000,15166.000000,52266.000000
15724.000000,14820.000000,15169.000000,52246.000000
15715.000000,14801.000000,15146.000000,52267.000000
15679.000000,14798.000000,15179.000000,52212.000000
15726.000000,14829.000000,15092.000000,52243.000000
15653.000000,14775.000000,15152.000000,52242.000000
15648.000000,14827.000000,15100.000000,52188.000000
15644.000000,14781.000000,15117.000000,52195.000000
15638.000000,14784.000000,15135.000000,52245.000000
15639.000000,14800.000000,15101.000000,52206.000000
15691.000000,14796.000000,15091.000000,52213.000000
15628.000000,14769.000000,15109.000000,52173.000000
15619.000000,14788.000000,15100.000000,52206.000000
15603.000000,14783.000000,15095.000000,52178.000000
15647.000000,14767.000000,15081.000000,52183.000000
15658.000000,14755.000000,15079.000000,52268.000000
15605.000000,14780.000000,15067.000000,52198.000000
15646.000000,14756.000000,14990.000000,52195.000000
15577.000000,14785.000000,15047.000000,52176.000000
15598.000000,14800.000000,15017.000000,52166.000000
15578.000000,14741.000000,15021.000000,52153.000000
15537.000000,14767.000000,15036.000000,52157.000000
15543.000000,14754.000000,14998.000000,52175.000000
15562.000000,14726.000000,14988.000000,52149.000000
15565.000000,14716.000000,14988.000000,52136.000000
15546.000000,14695.000000,15009.000000,52102.000000
15481.000000,14743.000000,15006.000000,52106.000000
15548.000000,14707.000000,14959.000000,52166.000000
15515.000000,14717.000000,14990.000000,52127.000000
15553.000000,14675.000000,14933.000000,52137.000000
15551.000000,14728.000000,14948.000000,52111.000000
15563.000000,14694.000000,14929.000000,52073.000000
15532.000000,14719.000000,14951.000000,52072.000000
15539.000000,14693.000000,14923.000000,52109.000000
15517.000000,14666.000000,14968.000000,52080.000000
15514.000000,14671.000000,14915.000000,52085.000000
15524.000000,14679.000000,14877.000000,52127.000000
15528.000000,14664.000000,14891.000000,52087.000000
15483.000000,14695.000000,14846.000000,52066.000000
15445.000000,14619.000000,14894.000000,52060.000000
15482.000000,14629.000000,14888.000000,52071.000000
15477.000000,14621.000000,14866.000000,52082.000000
15470.000000,14650.000000,14834.000000,52067.000000
15446.000000,14619.000000,14813.000000,52041.000000
15437.000000,14612.000000,14842.000000,52076.000000
15425.000000,14689.000000,14774.000000,52009.000000
15438.000000,14613.000000,14817.000000,52021.000000
15337.000000,14586.000000,14849.000000,52007.000000
15432.000000,14596.000000,14769.000000,52037.000000
15431.000000,14590.000000,14802.000000,51996.000000
15381.000000,14603.000000,14780.000000,52017.000000
15385.000000,14568.000000,14762.000000,52027.000000
15350.000000,14595.000000,14783.000000,52002.000000
15393.000000,14565.000000,14761.000000,52007.000000
15351.000000,14564.000000,14732.000000,52004.000000
15361.000000,14568.000000,14735.000000,51994.000000
15353.000000,14560.000000,14757.000000,51993.000000
15345.000000,14556.000000,14728.000000,51975.000000
15325.000000,14526.000000,14699.000000,51930.000000
15356.000000,14551.000000,14731.000000,51971.000000
15347.000000,14528.000000,14722.000000,51959.000000
15323.000000,14554.000000,14661.000000,51944.000000
15352.000000,14523.000000,14678.000000,52005.000000
15323.000000,14522.000000,14674.000000,51945.000000
15347.000000,14536.000000,14634.000000,51965.000000
15314.000000,14548.000000,14632.000000,51948.000000
15312.000000,14503.000000,14634.000000,51878.000000
15322.000000,14494.000000,14639.000000,51955.000000
15323.000000,14496.000000,14634.000000,51902.000000
15265.000000,14490.000000,14636.000000,51919.000000
15298.000000,14492.000000,14615.000000,51934.000000
15306.000000,14491.000000,14581.000000,51946.000000
15269.000000,14480.000000,14606.000000,51919.000000
15270.000000,14532.000000,14554.000000,51868.000000
15278.000000,14471.000000,14591.000000,51897.000000
15200.000000,14521.000000,14589.000000,51856.000000
15244.000000,14463.000000,14569.000000,51866.000000
15227.000000,14415.000000,14572.000000,51873.000000
15266.000000,14475.000000,14552.000000,51902.000000
15268.000000,14469.000000,14530.000000,51846.000000
15261.000000,14469.000000,14521.000000,51882.000000
15233.000000,14438.000000,14554.000000,51865.000000
15180.000000,14475.000000,14576.000000,51840.000000
15229.000000,14469.000000,14502.000000,51871.000000
15174.000000,14426.000000,14527.000000,51855.000000
15198.000000,14435.000000,14509.000000,51861.000000
15183.000000,14430.000000,14516.000000,51826.000000
15176.000000,14410.000000,14492.000000,51859.000000
15135.000000,14436.000000,14493.000000,51834.000000
15203.000000,14401.000000,14503.000000,51826.000000
15158.000000,14394.000000,14507.000000,51864.000000
15167.000000,14416.000000,14469.000000,51836.000000
15114.000000,14403.000000,14441.000000,51800.000000
15153.000000,14394.000000,14469.000000,51828.000000
15098.000000,14418.000000,14465.000000,51793.000000
15094.000000,14388.000000,14445.000000,51822.000000
15075.000000,14376.000000,14467.000000,51795.000000
15113.000000,14347.000000,14420.000000,51817.000000
15089.000000,14365.000000,14418.000000,51797.000000
15105.000000,14369.000000,14405.000000,51798.000000
15098.000000,14364.000000,14410.000000,51815.000000
15085.000000,14413.000000,14389.000000,51741.000000
15060.000000,14379.000000,14415.000000,51789.000000
15030.000000,14382.000000,14436.000000,51725.000000
15061.000000,14365.000000,14385.000000,51770.000000
15033.000000,14364.000000,14429.000000,51755.000000
15070.000000,14346.000000,14401.000000,51766.000000
15077.000000,14338.000000,14384.000000,51763.000000
15005.000000,14375.000000,14425.000000,51764.000000
15024.000000,14337.000000,14394.000000,51746.000000
15020.000000,14347.000000,14363.000000,51758.000000
15048.000000,14340.000000,14366.000000,51771.000000
14988.000000,14354.000000,14365.000000,51739.000000
15033.000000,14327.000000,14353.000000,51739.000000
15013.000000,14300.000000,14332.000000,51728.000000
15014.000000,14335.000000,14331.000000,51722.000000
14987.000000,14346.000000,14356.000000,51703.000000
14997.000000,14308.000000,14321.000000,51742.000000
15015.000000,14341.000000,14331.000000,51732.000000
15023.000000,14304.000000,14302.000000,51717.000000
15019.000000,14319.000000,14284.000000,51726.000000
14976.000000,14335.000000,14311.000000,51742.000000
14998.000000,14350.000000,14261.000000,51688.000000
14995.000000,14307.000000,14286.000000,51706.000000
15018.000000,14367.000000,14301.000000,51715.000000
14971.000000,14312.000000,14308.000000,51699.000000
14981.000000,14351.000000,14277.000000,51718.000000
14984.000000,14251.000000,14293.000000,51741.000000
15009.000000,14313.000000,14269.000000,51700.000000
15043.000000,14347.000000,14245.000000,51772.000000
14976.000000,14298.000000,14260.000000,51691.000000
15026.000000,14306.000000,14217.000000,51766.000000
14974.000000,14288.000000,14289.000000,51712.000000
14972.000000,14315.000000,14258.000000,51729.000000
15034.000000,14309.000000,14281.000000,51707.000000
14996.000000,14297.000000,14271.000000,51757.000000
15001.000000,14287.000000,14292.000000,51718.000000
14979.000000,14292.000000,14252.000000,51706.000000
15041.000000,14308.000000,14277.000000,51739.000000
15006.000000,14308.000000,14328.000000,51749.000000
14992.000000,14335.000000,14307.000000,51708.000000
14973.000000,14304.000000,14331.000000,51716.000000
15045.000000,14314.000000,14337.000000,51772.000000
15010.000000,14315.000000,14317.000000,51743.000000
15006.000000,14311.000000,14356.000000,51792.000000
15040.000000,14321.000000,14351.000000,51778.000000
15077.000000,14399.000000,14363.000000,51785.000000
15030.000000,14358.000000,14372.000000,51804.000000
15039.000000,14386.000000,14445.000000,51725.000000
15086.000000,14381.000000,14393.000000,51786.000000
15104.000000,14397.000000,14452.000000,51808.000000
15137.000000,14380.000000,14467.000000,51852.000000
15115.000000,14423.000000,14467.000000,51846.000000
15182.000000,14446.000000,14479.000000,51833.000000
15155.000000,14442.000000,14510.000000,51889.000000
15200.000000,14483.000000,14530.000000,51834.000000
15208.000000,14483.000000,14557.000000,51870.000000
15180.000000,14525.000000,14606.000000,51845.000000
15236.000000,14531.000000,14602.000000,51916.000000
15243.000000,14524.000000,14659.000000,51894.000000
15276.000000,14552.000000,14663.000000,51956.000000
15327.000000,14599.000000,14677.000000,51957.000000
15340.000000,14583.000000,14734.000000,51982.000000
15363.000000,14607.000000,14768.000000,51989.000000
15359.000000,14600.000000,14801.000000,52010.000000
15416.000000,14577.000000,14822.000000,52031.000000
15430.000000,14655.000000,14852.000000,52080.000000
15467.000000,14652.000000,14858.000000,52048.000000
15485.000000,14668.000000,14875.000000,52084.000000
15543.000000,14715.000000,14962.000000,52153.000000
15550.000000,14743.000000,14952.000000,52116.000000
15571.000000,14745.000000,15005.000000,52188.000000
15550.000000,14767.000000,15042.000000,52120.000000
15619.000000,14773.000000,15081.000000,52193.000000
15615.000000,14793.000000,15137.000000,52217.000000
15665.000000,14819.000000,15127.000000,52213.000000
15695.000000,14815.000000,15128.000000,52235.000000
15678.000000,14881.000000,15172.000000,52254.000000
15718.000000,14887.000000,15172.000000,52248.000000
15698.000000,14860.000000,15212.000000,52284.000000
15683.000000,14859.000000,15241.000000,52271.000000
15681.000000,14880.000000,15261.000000,52260.000000
15720.000000,14892.000000,15250.000000,52286.000000
15695.000000,14851.000000,15280.000000,52288.000000
15701.000000,14856.000000,15220.000000,52261.000000
15702.000000,14861.000000,15239.000000,52300.000000
15671.000000,14879.000000,15218.000000,52245.000000
15677.000000,14897.000000,15254.000000,52254.000000
15673.000000,14860.000000,15230.000000,52277.000000
15657.000000,14858.000000,15241.000000,52236.000000
15658.000000,14882.000000,15204.000000,52250.000000
15663.000000,14809.000000,15225.000000,52259.000000
15608.000000,14850.000000,15171.000000,52257.000000
15633.000000,14840.000000,15172.000000,52264.000000
15626.000000,14819.000000,15217.000000,52232.000000
15640.000000,14869.000000,15172.000000,52220.000000
15558.000000,14847.000000,15179.000000,52204.000000
15614.000000,14830.000000,15164.000000,52236.000000
15563.000000,14829.000000,15197.000000,52230.000000
15585.000000,14830.000000,15159.000000,52206.000000
15606.000000,14824.000000,15148.000000,52246.000000
15597.000000,14791.000000,15118.000000,52214.000000
15614.000000,14837.000000,15101.000000,52241.000000
15615.000000,14818.000000,15136.000000,52225.000000
15547.000000,14841.000000,15126.000000,52164.000000
15582.000000,14797.000000,15099.000000,52199.000000
15532.000000,14799.000000,15121.000000,52209.000000
15551.000000,14798.000000,15107.000000,52204.000000
15552.000000,14801.000000,15129.000000,52180.000000
15569.000000,14785.000000,15025.000000,52189.000000
15550.000000,14773.000000,15068.000000,52164.000000
15550.000000,14807.000000,15088.000000,52165.000000
15507.000000,14765.000000,15064.000000,52174.000000
15545.000000,14790.000000,15028.000000,52185.000000
15541.000000,14776.000000,15086.000000,52181.000000
15534.000000,14758.000000,15066.000000,52179.000000
15495.000000,14753.000000,15057.000000,52172.000000
15494.000000,14799.000000,14999.000000,52147.000000
15509.000000,14738.000000,15062.000000,52134.000000
15524.000000,14754.000000,15055.000000,52132.000000
15453.000000,14773.000000,15040.000000,52107.000000
15492.000000,14704.000000,15008.000000,52163.000000
15480.000000,14765.000000,15014.000000,52144.000000
15449.000000,14742.000000,15008.000000,52116.000000
15492.000000,14764.000000,14982.000000,52115.000000
15461.000000,14759.000000,15003.000000,52138.000000
15455.000000,14763.000000,15034.000000,52090.000000
15459.000000,14745.000000,14987.000000,52101.000000
15436.000000,14696.000000,15011.000000,52133.000000
15435.000000,14725.000000,14985.000000,52109.000000
15477.000000,14675.000000,14920.000000,52157.000000
15463.000000,14715.000000,14967.000000,52112.000000
15478.000000,14750.000000,14974.000000,52111.000000
15440.000000,14692.000000,14979.000000,52099.000000
15415.000000,14724.000000,14946.000000,52122.000000
15449.000000,14678.000000,14952.000000,52133.000000
15418.000000,14712.000000,14903.000000,52093.000000
15431.000000,14708.000000,14886.000000,52111.000000
15424.000000,14715.000000,14926.000000,52081.000000
15462.000000,14695.000000,14898.000000,52106.000000
15394.000000,14681.000000,14910.000000,52062.000000
15432.000000,14681.000000,14887.000000,52063.000000
15408.000000,14687.000000,14915.000000,52060.000000
15424.000000,14661.000000,14905.000000,52066.000000
15371.000000,14687.000000,14882.000000,52074.000000
15385.000000,14688.000000,14897.000000,52043.000000
15359.000000,14689.000000,14908.000000,52040.000000
15343.000000,14655.000000,14871.000000,52031.000000
15364.000000,14653.000000,14866.000000,52056.000000
15337.000000,14637.000000,14878.000000,52054.000000
15343.000000,14658.000000,14824.000000,52044.000000
15307.000000,14643.000000,14857.000000,52020.000000
15336.000000,14649.000000,14806.000000,52052.000000
15324.000000,14651.000000,14829.000000,52025.000000
15327.000000,14669.000000,14788.000000,51981.000000
15298.000000,14618.000000,14819.000000,51999.000000
15320.000000,14599.000000,14801.000000,52033.000000
15324.000000,14628.000000,14828.000000,52019.000000
15317.000000,14604.000000,14789.000000,52065.000000
15292.000000,14628.000000,14809.000000,52015.000000
15296.000000,14646.000000,14771.000000,51985.000000
15295.000000,14580.000000,14762.000000,52012.000000
15267.000000,14599.000000,14767.000000,52019.000000
15259.000000,14615.000000,14802.000000,52024.000000
15265.000000,14621.000000,14757.000000,51996.000000
15303.000000,14579.000000,14714.000000,52026.000000
15251.000000,14607.000000,14752.000000,51990.000000
15220.000000,14625.000000,14743.000000,51926.000000
15281.000000,14578.000000,14734.000000,51970.000000
15197.000000,14627.000000,14736.000000,51957.000000
15252.000000,14558.000000,14745.000000,51949.000000
15215.000000,14566.000000,14694.000000,51941.000000
15230.000000,14562.000000,14733.000000,51946.000000
15216.000000,14588.000000,14749.000000,51904.000000
15197.000000,14569.000000,14707.000000,52192.000000
15206.000000,14553.000000,14712.000000,51982.000000
15215.000000,14542.000000,14717.000000,51942.000000
15222.000000,14579.000000,14682.000000,51950.000000
15215.000000,14574.000000,14658.000000,51916.000000
15177.000000,14549.000000,14684.000000,51937.000000
15183.000000,14522.000000,14690.000000,51921.000000
15191.000000,14547.000000,14676.000000,51932.000000
15197.000000,14527.000000,14640.000000,51947.000000
15208.000000,14539.000000,14669.000000,51915.000000
15212.000000,14562.000000,14628.000000,51876.000000
15189.000000,14549.000000,14640.000000,51908.000000
15137.000000,14510.000000,14677.000000,51881.000000
15153.000000,14549.000000,14681.000000,51916.000000
15206.000000,14506.000000,14657.000000,51941.000000
15181.000000,14579.000000,14629.000000,51869.000000
15149.000000,14559.000000,14616.000000,51885.000000
15165.000000,14528.000000,14644.000000,51914.000000
15160.000000,14544.000000,14670.000000,51917.000000
15159.000000,14510.000000,14645.000000,51901.000000
15181.000000,14556.000000,14633.000000,51896.000000
15186.000000,14481.000000,14643.000000,51936.000000
15139.000000,14536.000000,14655.000000,51929.000000
15192.000000,14562.000000,14565.000000,51877.000000
15149.000000,14529.000000,14621.000000,51866.000000
15138.000000,14551.000000,14601.000000,51912.000000
15117.000000,14521.000000,14593.000000,51881.000000
15118.000000,14513.000000,14574.000000,51860.000000
15144.000000,14512.000000,14613.000000,51870.000000
15107.000000,14539.000000,14593.000000,51865.000000
15089.000000,14537.000000,14612.000000,51877.000000
15112.000000,14486.000000,14622.000000,51874.000000
15111.000000,14511.000000,14559.000000,51876.000000
15104.000000,14499.000000,14565.000000,51874.000000
15061.000000,14512.000000,14562.000000,51902.000000
15094.000000,14486.000000,14577.000000,51852.000000
15065.000000,14506.000000,14541.000000,51837.000000
15085.000000,14492.000000,14587.000000,51883.000000
15042.000000,14501.000000,14592.000000,51848.000000
15095.000000,14476.000000,14562.000000,51861.000000
15100.000000,14481.000000,14599.000000,51882.000000
15107.000000,14477.000000,14573.000000,51864.000000
15069.000000,14510.000000,14568.000000,51838.000000
15087.000000,14471.000000,14625.000000,51918.000000
