660nm,730nm,850nm,940nm
19209.000000,6982.000000,9650.000000,48904.000000
19337.000000,6871.000000,9675.000000,48958.000000
19236.000000,6868.000000,9602.000000,49014.000000
19298.000000,6990.000000,9786.000000,49101.000000
19302.000000,6986.000000,9755.000000,49120.000000
19278.000000,7123.000000,9868.000000,49149.000000
19420.000000,7032.000000,9999.000000,49237.000000
19273.000000,7237.000000,9951.000000,49189.000000
19428.000000,7096.000000,10035.000000,49016.000000
19586.000000,7122.000000,10021.000000,49180.000000
19560.000000,7186.000000,10060.000000,49260.000000
19652.000000,7228.000000,10127.000000,49183.000000
19522.000000,7199.000000,10335.000000,49245.000000
19550.000000,7218.000000,10061.000000,49176.000000
19606.000000,7199.000000,9990.000000,49227.000000
19619.000000,7271.000000,10005.000000,49254.000000
19519.000000,7072.000000,9988.000000,49109.000000
19553.000000,7151.000000,10009.000000,49260.000000
19491.000000,7338.000000,10096.000000,49347.000000
19493.000000,7144.000000,9980.000000,49253.000000
19534.000000,7195.000000,9941.000000,49203.000000
19522.000000,7112.000000,9968.000000,49173.000000
19625.000000,7076.000000,10050.000000,49199.000000
19490.000000,7108.000000,9960.000000,49173.000000
19361.000000,7121.000000,9875.000000,49084.000000
19395.000000,7222.000000,10088.000000,49252.000000
19513.000000,7175.000000,9965.000000,49135.000000
19442.000000,7302.000000,9932.000000,49010.000000
19363.000000,6997.000000,9859.000000,49140.000000
19491.000000,7141.000000,9836.000000,49119.000000
19459.000000,7103.000000,9864.000000,49164.000000
19413.000000,7107.000000,9842.000000,49163.000000
19394.000000,6921.000000,9815.000000,49163.000000
19375.000000,6962.000000,9733.000000,49105.000000
19381.000000,6979.000000,9748.000000,49195.000000
19450.000000,7059.000000,9650.000000,49147.000000
19284.000000,6947.000000,9778.000000,49048.000000
19207.000000,7023.000000,9702.000000,49099.000000
19171.000000,7147.000000,9709.000000,49147.000000
19247.000000,6885.000000,9797.000000,49022.000000
19228.000000,6935.000000,9771.000000,49074.000000
19285.000000,6850.000000,9714.000000,49041.000000
19290.000000,7096.000000,9727.000000,49079.000000
19184.000000,6903.000000,9716.000000,49045.000000
19167.000000,6903.000000,9563.000000,49017.000000
19155.000000,6886.000000,9714.000000,49054.000000
19248.000000,6959.000000,9670.000000,48967.000000
19204.000000,6884.000000,9562.000000,48914.000000
19025.000000,6966.000000,9617.000000,49008.000000
19214.000000,6843.000000,9631.000000,49025.000000
19277.000000,6857.000000,9521.000000,48978.000000
19095.000000,6614.000000,9400.000000,49054.000000
19141.000000,6846.000000,9553.000000,49054.000000
19157.000000,6804.000000,9594.000000,48942.000000
19099.000000,6871.000000,9587.000000,48985.000000
18976.000000,6705.000000,9445.000000,48970.000000
19106.000000,6764.000000,9488.000000,48838.000000
19088.000000,6760.000000,9494.000000,48915.000000
19088.000000,6813.000000,9563.000000,48836.000000
18905.000000,6650.000000,9404.000000,49005.000000
19098.000000,6758.000000,9451.000000,48888.000000
18955.000000,6756.000000,9484.000000,48957.000000
19117.000000,6775.000000,9475.000000,48904.000000
18935.000000,6749.000000,9378.000000,48902.000000
19074.000000,6777.000000,9294.000000,48690.000000
18999.000000,6646.000000,9156.000000,48798.000000
18986.000000,6787.000000,9415.000000,48826.000000
18946.000000,6704.000000,9201.000000,48982.000000
18880.000000,6738.000000,9351.000000,48852.000000
18977.000000,6717.000000,9340.000000,48833.000000
18826.000000,6722.000000,9367.000000,48809.000000
18946.000000,6607.000000,9203.000000,48777.000000
18947.000000,6565.000000,9297.000000,48847.000000
18937.000000,6655.000000,9237.000000,48786.000000
18875.000000,6647.000000,9069.000000,48580.000000
18672.000000,6664.000000,9382.000000,48748.000000
18987.000000,6598.000000,9349.000000,48974.000000
18668.000000,6593.000000,9262.000000,48714.000000
18892.000000,6649.000000,9293.000000,48708.000000
18822.000000,6579.000000,9183.000000,48671.000000
18778.000000,6636.000000,9207.000000,48737.000000
18777.000000,6547.000000,9032.000000,48695.000000
18789.000000,6526.000000,9173.000000,48783.000000
18942.000000,6560.000000,9293.000000,48765.000000
18728.000000,6538.000000,9145.000000,48708.000000
18713.000000,6459.000000,9133.000000,48897.000000
18776.000000,6613.000000,9340.000000,48820.000000
18755.000000,6573.000000,9280.000000,48730.000000
18642.000000,6538.000000,9227.000000,48790.000000
18731.000000,6544.000000,9157.000000,48701.000000
18851.000000,6533.000000,9184.000000,48663.000000
18694.000000,6489.000000,9219.000000,48689.000000
18566.000000,6411.000000,9121.000000,48575.000000
18728.000000,6445.000000,9188.000000,48697.000000
18707.000000,6619.000000,9029.000000,48679.000000
18682.000000,6556.000000,9093.000000,48717.000000
18603.000000,6495.000000,9082.000000,48669.000000
18747.000000,6496.000000,8997.000000,48701.000000
18673.000000,6506.000000,9154.000000,48697.000000
18621.000000,6572.000000,9129.000000,48696.000000
18601.000000,6332.000000,8947.000000,48641.000000
18785.000000,6495.000000,9128.000000,48645.000000
18620.000000,6453.000000,9059.000000,48693.000000
18610.000000,6525.000000,9054.000000,48655.000000
18449.000000,6519.000000,8717.000000,48860.000000
18719.000000,6521.000000,9008.000000,48613.000000
18582.000000,6495.000000,8978.000000,48611.000000
18566.000000,6511.000000,9025.000000,48643.000000
18606.000000,6351.000000,8912.000000,48595.000000
18667.000000,6468.000000,8979.000000,48512.000000
18731.000000,6381.000000,8920.000000,48557.000000
18658.000000,6423.000000,8855.000000,48602.000000
18530.000000,6410.000000,8852.000000,48612.000000
18628.000000,6364.000000,8934.000000,48578.000000
18557.000000,6404.000000,8961.000000,48610.000000
18594.000000,6395.000000,8881.000000,48619.000000
18481.000000,6356.000000,8895.000000,48536.000000
18607.000000,6453.000000,9075.000000,48711.000000
18611.000000,6302.000000,9021.000000,48633.000000
18514.000000,6404.000000,8959.000000,48506.000000
18446.000000,6407.000000,8877.000000,48566.000000
18469.000000,6328.000000,8949.000000,48593.000000
18586.000000,6454.000000,8915.000000,48612.000000
18433.000000,6336.000000,8946.000000,48608.000000
18397.000000,6299.000000,8913.000000,48588.000000
18557.000000,6293.000000,8960.000000,48544.000000
18543.000000,6369.000000,8996.000000,48636.000000
18520.000000,6434.000000,9002.000000,48545.000000
18524.000000,6471.000000,8994.000000,48570.000000
18636.000000,6371.000000,8953.000000,48658.000000
18476.000000,6420.000000,9109.000000,48625.000000
18534.000000,6406.000000,9000.000000,48647.000000
18498.000000,6416.000000,8972.000000,48672.000000
18782.000000,6502.000000,9059.000000,48639.000000
18629.000000,6550.000000,8904.000000,48708.000000
18581.000000,6506.000000,9030.000000,48658.000000
18626.000000,6521.000000,9153.000000,48646.000000
18927.000000,6474.000000,9151.000000,48680.000000
18733.000000,6502.000000,9204.000000,48815.000000
18629.000000,6460.000000,9141.000000,48697.000000
18720.000000,6531.000000,9186.000000,48641.000000
18967.000000,6592.000000,9125.000000,48678.000000
18757.000000,6546.000000,9294.000000,48712.000000
18540.000000,6603.000000,9312.000000,48750.000000
18784.000000,6598.000000,9382.000000,48840.000000
18864.000000,6666.000000,9315.000000,48820.000000
18904.000000,6647.000000,9388.000000,48885.000000
18852.000000,6862.000000,9350.000000,48900.000000
19096.000000,6816.000000,9351.000000,48916.000000
19054.000000,6812.000000,9474.000000,48947.000000
19199.000000,6817.000000,9622.000000,48833.000000
19073.000000,6846.000000,9641.000000,49016.000000
19176.000000,6968.000000,9636.000000,49045.000000
19213.000000,7002.000000,9670.000000,49135.000000
19347.000000,6984.000000,10009.000000,48962.000000
19183.000000,7039.000000,9786.000000,49080.000000
19363.000000,7209.000000,9868.000000,49068.000000
19078.000000,6995.000000,9908.000000,49191.000000
19366.000000,7071.000000,9934.000000,49141.000000
19420.000000,7113.000000,9900.000000,49255.000000
19349.000000,7065.000000,9908.000000,49214.000000
19315.000000,7233.000000,10037.000000,49193.000000
19391.000000,7120.000000,9997.000000,49072.000000
19376.000000,7078.000000,9990.000000,49025.000000
19376.000000,7159.000000,9987.000000,49154.000000
19372.000000,7062.000000,9929.000000,49213.000000
19518.000000,7073.000000,9991.000000,49236.000000
19311.000000,7105.000000,9821.000000,49093.000000
19324.000000,7057.000000,10075.000000,49178.000000
19475.000000,7096.000000,9877.000000,49136.000000
19305.000000,7047.000000,9882.000000,49146.000000
19327.000000,7090.000000,9960.000000,49127.000000
19386.000000,7085.000000,9899.000000,49155.000000
19260.000000,7043.000000,9905.000000,49190.000000
19339.000000,6806.000000,9850.000000,48948.000000
19228.000000,6954.000000,9805.000000,49076.000000
19293.000000,6987.000000,9831.000000,48988.000000
19282.000000,6956.000000,9795.000000,49103.000000
19192.000000,6915.000000,9813.000000,49106.000000
19296.000000,7006.000000,9702.000000,49100.000000
19214.000000,6950.000000,9547.000000,49274.000000
19291.000000,6989.000000,9771.000000,49043.000000
19197.000000,7003.000000,9712.000000,48980.000000
19183.000000,6937.000000,9757.000000,49097.000000
19271.000000,7011.000000,9693.000000,49069.000000
19223.000000,6985.000000,9699.000000,49016.000000
19144.000000,6859.000000,9745.000000,48950.000000
19154.000000,6872.000000,9752.000000,49035.000000
19088.000000,7043.000000,9575.000000,49047.000000
19108.000000,6981.000000,9620.000000,48992.000000
19091.000000,6876.000000,9729.000000,48995.000000
19193.000000,6898.000000,9639.000000,48888.000000
19168.000000,7051.000000,9783.000000,48922.000000
19104.000000,6944.000000,9599.000000,48992.000000
18988.000000,6870.000000,9556.000000,49041.000000
19149.000000,6873.000000,9464.000000,49069.000000
19075.000000,6835.000000,9610.000000,48913.000000
19191.000000,6848.000000,9503.000000,48993.000000
18908.000000,6754.000000,9610.000000,48974.000000
19117.000000,6797.000000,9540.000000,48962.000000
19040.000000,6811.000000,9545.000000,48904.000000
19053.000000,6766.000000,9642.000000,48814.000000
18906.000000,6739.000000,9513.000000,48907.000000
19036.000000,6746.000000,9512.000000,48957.000000
18970.000000,6729.000000,9512.000000,48958.000000
18869.000000,6663.000000,9394.000000,48761.000000
18829.000000,6713.000000,9408.000000,48883.000000
18944.000000,6659.000000,9442.000000,48993.000000
18922.000000,6727.000000,9430.000000,48886.000000
18833.000000,6657.000000,9395.000000,48831.000000
18813.000000,6728.000000,9398.000000,48824.000000
18896.000000,6695.000000,9448.000000,48887.000000
18812.000000,6752.000000,9546.000000,48818.000000
18763.000000,6686.000000,9389.000000,48852.000000
18864.000000,6658.000000,9300.000000,48907.000000
18846.000000,6703.000000,9312.000000,48910.000000
18839.000000,6662.000000,9313.000000,48862.000000
18758.000000,6615.000000,9324.000000,48850.000000
18729.000000,6594.000000,9137.000000,48602.000000
18872.000000,6661.000000,9338.000000,48838.000000
18747.000000,6654.000000,9265.000000,48811.000000
18671.000000,6643.000000,9241.000000,48714.000000
18767.000000,6622.000000,9247.000000,48754.000000
18703.000000,6640.000000,9351.000000,48789.000000
18861.000000,6640.000000,9304.000000,48788.000000
18716.000000,6542.000000,9266.000000,48757.000000
18718.000000,6619.000000,9279.000000,48815.000000
18745.000000,6592.000000,9267.000000,48869.000000
18665.000000,6602.000000,9248.000000,48799.000000
18639.000000,6573.000000,9130.000000,48743.000000
18674.000000,6568.000000,9232.000000,48750.000000
18783.000000,6465.000000,8968.000000,48541.000000
18625.000000,6555.000000,9134.000000,48746.000000
18786.000000,6481.000000,9174.000000,48776.000000
18824.000000,6544.000000,9218.000000,48792.000000
18679.000000,6628.000000,9152.000000,48946.000000
18777.000000,6495.000000,9175.000000,48802.000000
18553.000000,6466.000000,9184.000000,48679.000000
18592.000000,6471.000000,9147.000000,48681.000000
18678.000000,6481.000000,9113.000000,48692.000000
18667.000000,6536.000000,9103.000000,48718.000000
18536.000000,6446.000000,9222.000000,48763.000000
18568.000000,6527.000000,9106.000000,48767.000000
18601.000000,6457.000000,9099.000000,48778.000000
18781.000000,6486.000000,9013.000000,48682.000000
18441.000000,6548.000000,9095.000000,48702.000000
18573.000000,6565.000000,9105.000000,48644.000000
18667.000000,6482.000000,9152.000000,48757.000000
18725.000000,6474.000000,9059.000000,48667.000000
18660.000000,6458.000000,9094.000000,48657.000000
18618.000000,6503.000000,9069.000000,48730.000000
18625.000000,6426.000000,9030.000000,48741.000000
18462.000000,6432.000000,9035.000000,48595.000000
18384.000000,6453.000000,9091.000000,48692.000000
18643.000000,6533.000000,9072.000000,48649.000000
18677.000000,6425.000000,8964.000000,48468.000000
18491.000000,6439.000000,9169.000000,48569.000000
18483.000000,6400.000000,9098.000000,48650.000000
18550.000000,6443.000000,8971.000000,48656.000000
18467.000000,6399.000000,8966.000000,48670.000000
18516.000000,6257.000000,8955.000000,48683.000000
18409.000000,6445.000000,8969.000000,48648.000000
18465.000000,6282.000000,8785.000000,48873.000000
18429.000000,6375.000000,9048.000000,48629.000000
18317.000000,6286.000000,8802.000000,48629.000000
18504.000000,6415.000000,8991.000000,48621.000000
18353.000000,6404.000000,9021.000000,48549.000000
18564.000000,6446.000000,8999.000000,48626.000000
18434.000000,6490.000000,8999.000000,48497.000000
18504.000000,6381.000000,8956.000000,48652.000000
18451.000000,6532.000000,8855.000000,48606.000000
18559.000000,6357.000000,8986.000000,48639.000000
18422.000000,6361.000000,8945.000000,48673.000000
18541.000000,6344.000000,9019.000000,48625.000000
18596.000000,6385.000000,8966.000000,48599.000000
18537.000000,6629.000000,9125.000000,48534.000000
18482.000000,6368.000000,9004.000000,48569.000000
18569.000000,6548.000000,9058.000000,48607.000000
18562.000000,6380.000000,9060.000000,48708.000000
18480.000000,6499.000000,9165.000000,48700.000000
18520.000000,6401.000000,8990.000000,48846.000000
18561.000000,6555.000000,9157.000000,48636.000000
18660.000000,6524.000000,9031.000000,48757.000000
18549.000000,6496.000000,9106.000000,48671.000000
18590.000000,6407.000000,9050.000000,48799.000000
18694.000000,6567.000000,9243.000000,48734.000000
18653.000000,6494.000000,9225.000000,48864.000000
18554.000000,6516.000000,9147.000000,48786.000000
18547.000000,6492.000000,9249.000000,48787.000000
18740.000000,6551.000000,9232.000000,48785.000000
18682.000000,6570.000000,9319.000000,48834.000000
18681.000000,6536.000000,9338.000000,48830.000000
18746.000000,6435.000000,9398.000000,48817.000000
18768.000000,6850.000000,9329.000000,48915.000000
18704.000000,6742.000000,9343.000000,48781.000000
18835.000000,6681.000000,9421.000000,48806.000000
18925.000000,6700.000000,9489.000000,48948.000000
19011.000000,6752.000000,9452.000000,48925.000000
19029.000000,6794.000000,9663.000000,49078.000000
18930.000000,6756.000000,9652.000000,49002.000000
19067.000000,6805.000000,9673.000000,49029.000000
19169.000000,7127.000000,9777.000000,49217.000000
19125.000000,6920.000000,9763.000000,49037.000000
19152.000000,6961.000000,9796.000000,49281.000000
19256.000000,7054.000000,9805.000000,49181.000000
19159.000000,6950.000000,9967.000000,49209.000000
19395.000000,7109.000000,9883.000000,49154.000000
19409.000000,7118.000000,9979.000000,49165.000000
19340.000000,7122.000000,9992.000000,49262.000000
19304.000000,7139.000000,10096.000000,49202.000000
19422.000000,7139.000000,10136.000000,49232.000000
19285.000000,6948.000000,10016.000000,49277.000000
19421.000000,7207.000000,10045.000000,49220.000000
19438.000000,7176.000000,10078.000000,49157.000000
19424.000000,7176.000000,10080.000000,49222.000000
19323.000000,6967.000000,10016.000000,49232.000000
19316.000000,7294.000000,9960.000000,49291.000000
19363.000000,7100.000000,10093.000000,49246.000000
19348.000000,7204.000000,10007.000000,49220.000000
19138.000000,6840.000000,9762.000000,49239.000000
19218.000000,7033.000000,9852.000000,49084.000000
19271.000000,7087.000000,10014.000000,49173.000000
19206.000000,7023.000000,9997.000000,49226.000000
19252.000000,7022.000000,9873.000000,49105.000000
19252.000000,7056.000000,9907.000000,49184.000000
19318.000000,7093.000000,10003.000000,49179.000000
19245.000000,6990.000000,9966.000000,49103.000000
19310.000000,6997.000000,9930.000000,49168.000000
19210.000000,6994.000000,9870.000000,49094.000000
19289.000000,6890.000000,9975.000000,49044.000000
19087.000000,7001.000000,9843.000000,49047.000000
19148.000000,7029.000000,9807.000000,49113.000000
19072.000000,6821.000000,10034.000000,49061.000000
19116.000000,6941.000000,9801.000000,49146.000000
19074.000000,6979.000000,9735.000000,49111.000000
19067.000000,7019.000000,9755.000000,49055.000000
19140.000000,6953.000000,9786.000000,49072.000000
19046.000000,6874.000000,9788.000000,49246.000000
19144.000000,6781.000000,9771.000000,49092.000000
19106.000000,6931.000000,9830.000000,49040.000000
19075.000000,6932.000000,9784.000000,49094.000000
19079.000000,7003.000000,9758.000000,49016.000000
18992.000000,6875.000000,9692.000000,49146.000000
19089.000000,6899.000000,9632.000000,48981.000000
19045.000000,6860.000000,9625.000000,49011.000000
18992.000000,7009.000000,9510.000000,49205.000000
19003.000000,6842.000000,9682.000000,48984.000000
19043.000000,6874.000000,9637.000000,48983.000000
19009.000000,6788.000000,9603.000000,49154.000000
18930.000000,6787.000000,9631.000000,49038.000000
19034.000000,6660.000000,9639.000000,49001.000000
18961.000000,6801.000000,9562.000000,48974.000000
18975.000000,6760.000000,9530.000000,48977.000000
18992.000000,6811.000000,9573.000000,48987.000000
18855.000000,6693.000000,9504.000000,48890.000000
18749.000000,6813.000000,9675.000000,48989.000000
18945.000000,6742.000000,9463.000000,49030.000000
18874.000000,6748.000000,9433.000000,48806.000000
18776.000000,6643.000000,9451.000000,48947.000000
18815.000000,6759.000000,9519.000000,48850.000000
18874.000000,6692.000000,9472.000000,48760.000000
18927.000000,6723.000000,9482.000000,48895.000000
18778.000000,6566.000000,9572.000000,48945.000000
18780.000000,6721.000000,9376.000000,48807.000000
18902.000000,6672.000000,9344.000000,48864.000000
18769.000000,6602.000000,9458.000000,48873.000000
18744.000000,6386.000000,9441.000000,48855.000000
18794.000000,6633.000000,9351.000000,48895.000000
18784.000000,6642.000000,9341.000000,48858.000000
18888.000000,6732.000000,9254.000000,48782.000000
18833.000000,6585.000000,9310.000000,48872.000000
18810.000000,6699.000000,9359.000000,48808.000000
18782.000000,6841.000000,9320.000000,48926.000000
18599.000000,6680.000000,9313.000000,48882.000000
18576.000000,6603.000000,9433.000000,48770.000000
18676.000000,6583.000000,9312.000000,48820.000000
18832.000000,6603.000000,9247.000000,48778.000000
18689.000000,6523.000000,9302.000000,48709.000000
18659.000000,6606.000000,9256.000000,48796.000000
18734.000000,6632.000000,9238.000000,48750.000000
18633.000000,6676.000000,9148.000000,48799.000000
18560.000000,6570.000000,9223.000000,49013.000000
18611.000000,6690.000000,9162.000000,48722.000000
18571.000000,6587.000000,9244.000000,48784.000000
18564.000000,6561.000000,9265.000000,48819.000000
18511.000000,6556.000000,9244.000000,48764.000000
18588.000000,6534.000000,9228.000000,48785.000000
18574.000000,6536.000000,9234.000000,48760.000000
18700.000000,6545.000000,9212.000000,48670.000000
18709.000000,6660.000000,9231.000000,48989.000000
18531.000000,6501.000000,9268.000000,48759.000000
18625.000000,6521.000000,9122.000000,48714.000000
18545.000000,6561.000000,9220.000000,48753.000000
18528.000000,6500.000000,9158.000000,48789.000000
18556.000000,6533.000000,9177.000000,48836.000000
18673.000000,6647.000000,9272.000000,48640.000000
18705.000000,6567.000000,9275.000000,48781.000000
18515.000000,6515.000000,9089.000000,48798.000000
18633.000000,6571.000000,9149.000000,48681.000000
18535.000000,6496.000000,9168.000000,48757.000000
18419.000000,6367.000000,9121.000000,48710.000000
18435.000000,6479.000000,9195.000000,48650.000000
18527.000000,6437.000000,9151.000000,48743.000000
18569.000000,6497.000000,9230.000000,48720.000000
18446.000000,6470.000000,9137.000000,48678.000000
18431.000000,6396.000000,9147.000000,48667.000000
18433.000000,6433.000000,9131.000000,48704.000000
18478.000000,6421.000000,9070.000000,48696.000000
18424.000000,6407.000000,9069.000000,48736.000000
18354.000000,6287.000000,9126.000000,48616.000000
18432.000000,6465.000000,9081.000000,48673.000000
18429.000000,6469.000000,9046.000000,48628.000000
18314.000000,6263.000000,9037.000000,48736.000000
18289.000000,6409.000000,8980.000000,48678.000000
18432.000000,6424.000000,9038.000000,48693.000000
18511.000000,6415.000000,9075.000000,48776.000000
18378.000000,6397.000000,8997.000000,48660.000000
18473.000000,6379.000000,9134.000000,48647.000000
18413.000000,6355.000000,9007.000000,48620.000000
18507.000000,6380.000000,9036.000000,48654.000000
18327.000000,6408.000000,9017.000000,48872.000000
18380.000000,6362.000000,9104.000000,48675.000000
18452.000000,6410.000000,9130.000000,48698.000000
18404.000000,6376.000000,9045.000000,48684.000000
18233.000000,6240.000000,9169.000000,48780.000000
18443.000000,6384.000000,9153.000000,48673.000000
18420.000000,6583.000000,9133.000000,48753.000000
18501.000000,6435.000000,9249.000000,48765.000000
18477.000000,6438.000000,9108.000000,48714.000000
18477.000000,6538.000000,9219.000000,48730.000000
18460.000000,6493.000000,9158.000000,48775.000000
18500.000000,6516.000000,9174.000000,48751.000000
18386.000000,6553.000000,9184.000000,48677.000000
18531.000000,6481.000000,9168.000000,48787.000000
18561.000000,6542.000000,9296.000000,48766.000000
18613.000000,6574.000000,9294.000000,48844.000000
18485.000000,6702.000000,9287.000000,48797.000000
18590.000000,6561.000000,9329.000000,48794.000000
18672.000000,6579.000000,9387.000000,48900.000000
18612.000000,6654.000000,9472.000000,48999.000000
18637.000000,6477.000000,9429.000000,48759.000000
18709.000000,6671.000000,9455.000000,48858.000000
18703.000000,6494.000000,9635.000000,48875.000000
18672.000000,6737.000000,9588.000000,48912.000000
18723.000000,6534.000000,9446.000000,49060.000000
19038.000000,6658.000000,9769.000000,49001.000000
18903.000000,6895.000000,9702.000000,49123.000000
18868.000000,6741.000000,9638.000000,48998.000000
18895.000000,6769.000000,9628.000000,49107.000000
18869.000000,6819.000000,9602.000000,49078.000000
19004.000000,6824.000000,9691.000000,49218.000000
19014.000000,6845.000000,9836.000000,49134.000000
19003.000000,6844.000000,9748.000000,49133.000000
19157.000000,6928.000000,9984.000000,49214.000000
19263.000000,7018.000000,9854.000000,49310.000000
19212.000000,7089.000000,10068.000000,49244.000000
19219.000000,7013.000000,10084.000000,49402.000000
19385.000000,7239.000000,10043.000000,49275.000000
19247.000000,7047.000000,10031.000000,49247.000000
19162.000000,7077.000000,9966.000000,49357.000000
19293.000000,7170.000000,10109.000000,49274.000000
19350.000000,7048.000000,10025.000000,49247.000000
19188.000000,7151.000000,10048.000000,49216.000000
19335.000000,7214.000000,10276.000000,49223.000000
19217.000000,7098.000000,10036.000000,49138.000000
19308.000000,7153.000000,10186.000000,49279.000000
19340.000000,7124.000000,10010.000000,49343.000000
19156.000000,7076.000000,10155.000000,49270.000000
19204.000000,7094.000000,10138.000000,49233.000000
19208.000000,7082.000000,9965.000000,49246.000000
19276.000000,7200.000000,10001.000000,49324.000000
19140.000000,7067.000000,10020.000000,49495.000000
19198.000000,7008.000000,10051.000000,49413.000000
19282.000000,7017.000000,9978.000000,49254.000000
19169.000000,7045.000000,9938.000000,49235.000000
19027.000000,6932.000000,9826.000000,49253.000000
19260.000000,7051.000000,9994.000000,49256.000000
19197.000000,6888.000000,9752.000000,49149.000000
19129.000000,7100.000000,9949.000000,49247.000000
19048.000000,7010.000000,9989.000000,49156.000000
19119.000000,7010.000000,9906.000000,49239.000000
19020.000000,6967.000000,9927.000000,49254.000000
19143.000000,6989.000000,9938.000000,49141.000000
19265.000000,6978.000000,9854.000000,49157.000000
19117.000000,7012.000000,9922.000000,49105.000000
18949.000000,7097.000000,9880.000000,49179.000000
19098.000000,6960.000000,9891.000000,49122.000000
19048.000000,6893.000000,9843.000000,49009.000000
19097.000000,6940.000000,9646.000000,49289.000000
19016.000000,7004.000000,9686.000000,49034.000000
19003.000000,6896.000000,9779.000000,49020.000000
19012.000000,6871.000000,9937.000000,49006.000000
18993.000000,6892.000000,9732.000000,49113.000000
19046.000000,6945.000000,9821.000000,49088.000000
18896.000000,6871.000000,9770.000000,49154.000000
18909.000000,6826.000000,9689.000000,49046.000000
19012.000000,6739.000000,9718.000000,49129.000000
18898.000000,6790.000000,9663.000000,49114.000000
18884.000000,6801.000000,9667.000000,49109.000000
18988.000000,6822.000000,9729.000000,49092.000000
18931.000000,6833.000000,9677.000000,49039.000000
18746.000000,6913.000000,9648.000000,49086.000000
18847.000000,6791.000000,9593.000000,49040.000000
18873.000000,6851.000000,9648.000000,49034.000000
18947.000000,6868.000000,9594.000000,48913.000000
18819.000000,6939.000000,9524.000000,48917.000000
18795.000000,6734.000000,9542.000000,48983.000000
18817.000000,6704.000000,9526.000000,49027.000000
18700.000000,6755.000000,9592.000000,49044.000000
18763.000000,6827.000000,9613.000000,49012.000000
18647.000000,6783.000000,9461.000000,49023.000000
18774.000000,6730.000000,9509.000000,48933.000000
18776.000000,6743.000000,9409.000000,49020.000000
18800.000000,6682.000000,9484.000000,48921.000000
18447.000000,6729.000000,9702.000000,48829.000000
18747.000000,6733.000000,9551.000000,48935.000000
18724.000000,6719.000000,9522.000000,48895.000000
18717.000000,6711.000000,9463.000000,48875.000000
18591.000000,6695.000000,9450.000000,48928.000000
18632.000000,6743.000000,9443.000000,48959.000000
18516.000000,6954.000000,9474.000000,48949.000000
18705.000000,6578.000000,9476.000000,48901.000000
18561.000000,6658.000000,9565.000000,48844.000000
18609.000000,6699.000000,9479.000000,48994.000000
18626.000000,6664.000000,9478.000000,48950.000000
18578.000000,6630.000000,9380.000000,48897.000000
18639.000000,6479.000000,9436.000000,48872.000000
18542.000000,6504.000000,9421.000000,48861.000000
18622.000000,6557.000000,9456.000000,48775.000000
18503.000000,6642.000000,9550.000000,48908.000000
18555.000000,6647.000000,9382.000000,48887.000000
18598.000000,6642.000000,9358.000000,48892.000000
18623.000000,6560.000000,9447.000000,48821.000000
18504.000000,6658.000000,9409.000000,48900.000000
18529.000000,6571.000000,9321.000000,48881.000000
18637.000000,6609.000000,9331.000000,48828.000000
18573.000000,6618.000000,9339.000000,48849.000000
18594.000000,6700.000000,9462.000000,48783.000000
18557.000000,6435.000000,9489.000000,48889.000000
18563.000000,6588.000000,9408.000000,48909.000000
18507.000000,6515.000000,9594.000000,48752.000000
18475.000000,6744.000000,9430.000000,48849.000000
18618.000000,6529.000000,9384.000000,48822.000000
18602.000000,6610.000000,9438.000000,48901.000000
18658.000000,6666.000000,9409.000000,48697.000000
18476.000000,6518.000000,9365.000000,48876.000000
18630.000000,6495.000000,9268.000000,48815.000000
18624.000000,6571.000000,9348.000000,48814.000000
18571.000000,6616.000000,9297.000000,48862.000000
18453.000000,6443.000000,9296.000000,48785.000000
18415.000000,6506.000000,9283.000000,48900.000000
18659.000000,6535.000000,9322.000000,48954.000000
18534.000000,6570.000000,9272.000000,48836.000000
18227.000000,6322.000000,9291.000000,48798.000000
18474.000000,6502.000000,9221.000000,48851.000000
18529.000000,6557.000000,9253.000000,48799.000000
18435.000000,6507.000000,9219.000000,48831.000000
18387.000000,6499.000000,9230.000000,48915.000000
18384.000000,6445.000000,9163.000000,48778.000000
18435.000000,6451.000000,9265.000000,48772.000000
18382.000000,6434.000000,9226.000000,48811.000000
18404.000000,6460.000000,9230.000000,48827.000000
18388.000000,6451.000000,9212.000000,48796.000000
18458.000000,6444.000000,9247.000000,48784.000000
18458.000000,6366.000000,9400.000000,48766.000000
18536.000000,6409.000000,9176.000000,48730.000000
18484.000000,6459.000000,9222.000000,48836.000000
18452.000000,6512.000000,9272.000000,48832.000000
18417.000000,6469.000000,9307.000000,48853.000000
18387.000000,6542.000000,9329.000000,48920.000000
18498.000000,6523.000000,9337.000000,48866.000000
18463.000000,6497.000000,9435.000000,48862.000000
18410.000000,6651.000000,9357.000000,48807.000000
18372.000000,6549.000000,9203.000000,48923.000000
18523.000000,6597.000000,9371.000000,48903.000000
18555.000000,6579.000000,9405.000000,48871.000000
18411.000000,6470.000000,9384.000000,48748.000000
18466.000000,6511.000000,9415.000000,48847.000000
18535.000000,6628.000000,9456.000000,48925.000000
18620.000000,6648.000000,9408.000000,48943.000000
18520.000000,6590.000000,9324.000000,48816.000000
18395.000000,6564.000000,9441.000000,48988.000000
18711.000000,6606.000000,9393.000000,48937.000000
18586.000000,6689.000000,9501.000000,48995.000000
18628.000000,6567.000000,9534.000000,48966.000000
18518.000000,6574.000000,9608.000000,48865.000000
18671.000000,6692.000000,9527.000000,49020.000000
18706.000000,6662.000000,9590.000000,49044.000000
18629.000000,6724.000000,9655.000000,49037.000000
18662.000000,6513.000000,9455.000000,49092.000000
18769.000000,6766.000000,9740.000000,49121.000000
18816.000000,6717.000000,9755.000000,49076.000000
18798.000000,6885.000000,9718.000000,49263.000000
18744.000000,6775.000000,9841.000000,49099.000000
18858.000000,6779.000000,9836.000000,49172.000000
18927.000000,6877.000000,9912.000000,49159.000000
19053.000000,6972.000000,9976.000000,49229.000000
18965.000000,7010.000000,10008.000000,49225.000000
19040.000000,7217.000000,10007.000000,49332.000000
19110.000000,7067.000000,10087.000000,49323.000000
19125.000000,7068.000000,10095.000000,49264.000000
19166.000000,7146.000000,10144.000000,49348.000000
19266.000000,7078.000000,10296.000000,49329.000000
19156.000000,7136.000000,10202.000000,49414.000000
19183.000000,7132.000000,10258.000000,49290.000000
19331.000000,7214.000000,10498.000000,49427.000000
19313.000000,7201.000000,10395.000000,49607.000000
19314.000000,7113.000000,10336.000000,49499.000000
19323.000000,7219.000000,10380.000000,49434.000000
19392.000000,7339.000000,10383.000000,49462.000000
19255.000000,7314.000000,10454.000000,49495.000000
19209.000000,7145.000000,10338.000000,49536.000000
19278.000000,7239.000000,10431.000000,49386.000000
19300.000000,7350.000000,10432.000000,49430.000000
19333.000000,7282.000000,10363.000000,49384.000000
19187.000000,7243.000000,10342.000000,49573.000000
19315.000000,7191.000000,10408.000000,49354.000000
19282.000000,7268.000000,10201.000000,49355.000000
19235.000000,7255.000000,10334.000000,49313.000000
19280.000000,7188.000000,10342.000000,49210.000000
19369.000000,7202.000000,10214.000000,49354.000000
19193.000000,7074.000000,10233.000000,49382.000000
19254.000000,7224.000000,10177.000000,49324.000000
19186.000000,7164.000000,10333.000000,49377.000000
19250.000000,7094.000000,10150.000000,49345.000000
19207.000000,7245.000000,10177.000000,49315.000000
19238.000000,7029.000000,10179.000000,49326.000000
19122.000000,7089.000000,10217.000000,49393.000000
19364.000000,7054.000000,10411.000000,49139.000000
19141.000000,7077.000000,10190.000000,49338.000000
19113.000000,7114.000000,10157.000000,49317.000000
19096.000000,7139.000000,10183.000000,49477.000000
19023.000000,7039.000000,10384.000000,49168.000000
19119.000000,7008.000000,10155.000000,49314.000000
19064.000000,7119.000000,10088.000000,49336.000000
19091.000000,7160.000000,10067.000000,49310.000000
19059.000000,7078.000000,10105.000000,49275.000000
19074.000000,7064.000000,10238.000000,49332.000000
19103.000000,7102.000000,10109.000000,49348.000000
19014.000000,7050.000000,9931.000000,49368.000000
19055.000000,7073.000000,10081.000000,49222.000000
19029.000000,6800.000000,10034.000000,49195.000000
19139.000000,7044.000000,10044.000000,49295.000000
18947.000000,6905.000000,10114.000000,49203.000000
18972.000000,7004.000000,10009.000000,49234.000000
19069.000000,6969.000000,9952.000000,49323.000000
19000.000000,7052.000000,9917.000000,49340.000000
18848.000000,6982.000000,9939.000000,49217.000000
18977.000000,7015.000000,10010.000000,49314.000000
19204.000000,7044.000000,9836.000000,49314.000000
18830.000000,7040.000000,10007.000000,49210.000000
18852.000000,6898.000000,10073.000000,49240.000000
18870.000000,6925.000000,10096.000000,49153.000000
18936.000000,6971.000000,10019.000000,49235.000000
18977.000000,6981.000000,10033.000000,49277.000000
18721.000000,6950.000000,9992.000000,49173.000000
18960.000000,7007.000000,9887.000000,49072.000000
18938.000000,6941.000000,9938.000000,49147.000000
18905.000000,6898.000000,9890.000000,49279.000000
18711.000000,7049.000000,9805.000000,49220.000000
18913.000000,6923.000000,9935.000000,49223.000000
18863.000000,7003.000000,9872.000000,49143.000000
18838.000000,6800.000000,9763.000000,49177.000000
18830.000000,6864.000000,9794.000000,49122.000000
18904.000000,6766.000000,9825.000000,49191.000000
18959.000000,6971.000000,9804.000000,49180.000000
18710.000000,6850.000000,9836.000000,49159.000000
18867.000000,6777.000000,9859.000000,49045.000000
18929.000000,6986.000000,9790.000000,49196.000000
18859.000000,6788.000000,9800.000000,49186.000000
18694.000000,6829.000000,9815.000000,49020.000000
18861.000000,6832.000000,9871.000000,49197.000000
18896.000000,6781.000000,9730.000000,49129.000000
18736.000000,6835.000000,9788.000000,49148.000000
18734.000000,6787.000000,9831.000000,49089.000000
18830.000000,6920.000000,9718.000000,48889.000000
18809.000000,6855.000000,9797.000000,49125.000000
18758.000000,6876.000000,9790.000000,49232.000000
18579.000000,6587.000000,9684.000000,48985.000000
18768.000000,6813.000000,9741.000000,49106.000000
18839.000000,6875.000000,9782.000000,49059.000000
18731.000000,6738.000000,9801.000000,49041.000000
18787.000000,6742.000000,9795.000000,49016.000000
18876.000000,6833.000000,9788.000000,49043.000000
18762.000000,6825.000000,9793.000000,49121.000000
18743.000000,6857.000000,9780.000000,49097.000000
18621.000000,6698.000000,9579.000000,49198.000000
18647.000000,6802.000000,9822.000000,49123.000000
18739.000000,6875.000000,9763.000000,49089.000000
18725.000000,6814.000000,9767.000000,49113.000000
18754.000000,6764.000000,9659.000000,48797.000000
18744.000000,6900.000000,9796.000000,49072.000000
18702.000000,6748.000000,9709.000000,49030.000000
18713.000000,6788.000000,9831.000000,49085.000000
18666.000000,6697.000000,9698.000000,49011.000000
18698.000000,6785.000000,9707.000000,49012.000000
18726.000000,6745.000000,9715.000000,49134.000000
18702.000000,6826.000000,9674.000000,49081.000000
18727.000000,6725.000000,9660.000000,49119.000000
18704.000000,6741.000000,9684.000000,48911.000000
18760.000000,6857.000000,9755.000000,49167.000000
18583.000000,6671.000000,9615.000000,49051.000000
18619.000000,6730.000000,9655.000000,49010.000000
18686.000000,6830.000000,9797.000000,49090.000000
18543.000000,6694.000000,9719.000000,49052.000000
18630.000000,6680.000000,9599.000000,49026.000000
18599.000000,6700.000000,9625.000000,49090.000000
18596.000000,6528.000000,9642.000000,49007.000000
18661.000000,6724.000000,9642.000000,49004.000000
18539.000000,6641.000000,9691.000000,49042.000000
18582.000000,6659.000000,9755.000000,49174.000000
18669.000000,6728.000000,9722.000000,49070.000000
18670.000000,6768.000000,9668.000000,49069.000000
18708.000000,6676.000000,9735.000000,48963.000000
18716.000000,6704.000000,9702.000000,49015.000000
18836.000000,6818.000000,9818.000000,49128.000000
18683.000000,6731.000000,9660.000000,49132.000000
18655.000000,6817.000000,9714.000000,49100.000000
18665.000000,6772.000000,9754.000000,49028.000000
18738.000000,6921.000000,9685.000000,48990.000000
18763.000000,6823.000000,9741.000000,49126.000000
18692.000000,6714.000000,9798.000000,49148.000000
18897.000000,6749.000000,9830.000000,49110.000000
18600.000000,6813.000000,9792.000000,49122.000000
18735.000000,6828.000000,9813.000000,49146.000000
18765.000000,6742.000000,9801.000000,49138.000000
18740.000000,6929.000000,9906.000000,49206.000000
18804.000000,6729.000000,9887.000000,49105.000000
18889.000000,6852.000000,9883.000000,49209.000000
18788.000000,6756.000000,10002.000000,49136.000000
18865.000000,6885.000000,9982.000000,49276.000000
18860.000000,6911.000000,9997.000000,49339.000000
18917.000000,6871.000000,10044.000000,49352.000000
18773.000000,6829.000000,9993.000000,49224.000000
18998.000000,6988.000000,9956.000000,49209.000000
19033.000000,6989.000000,10093.000000,49326.000000
18979.000000,7029.000000,10054.000000,49354.000000
18977.000000,7066.000000,10070.000000,49287.000000
19095.000000,7024.000000,10122.000000,49327.000000
19130.000000,7095.000000,10256.000000,49290.000000
19025.000000,7049.000000,10310.000000,49367.000000
19046.000000,7078.000000,10289.000000,49348.000000
19047.000000,7018.000000,10364.000000,49418.000000
19210.000000,7291.000000,10397.000000,49408.000000
19165.000000,7224.000000,10346.000000,49420.000000
19254.000000,7217.000000,10374.000000,49497.000000
19400.000000,7184.000000,10343.000000,49575.000000
19375.000000,7213.000000,10575.000000,49464.000000
19376.000000,7299.000000,10539.000000,49644.000000
19546.000000,7398.000000,10791.000000,49447.000000
19484.000000,7448.000000,10629.000000,49556.000000
19403.000000,7406.000000,10840.000000,49624.000000
19489.000000,7440.000000,10743.000000,49604.000000
19591.000000,7514.000000,10792.000000,49677.000000
19588.000000,7473.000000,10807.000000,49680.000000
19572.000000,7472.000000,10967.000000,49645.000000
19525.000000,7458.000000,10799.000000,49696.000000
19567.000000,7523.000000,10831.000000,49716.000000
19793.000000,7349.000000,10848.000000,49621.000000
19549.000000,7479.000000,10823.000000,49685.000000
19521.000000,7367.000000,10932.000000,49733.000000
19573.000000,7471.000000,10770.000000,49661.000000
19430.000000,7508.000000,10816.000000,49714.000000
19487.000000,7444.000000,10765.000000,49713.000000
19455.000000,7405.000000,10755.000000,49720.000000
19562.000000,7434.000000,10709.000000,49671.000000
19569.000000,7457.000000,10794.000000,49440.000000
19563.000000,7550.000000,10732.000000,49634.000000
19473.000000,7345.000000,10727.000000,49623.000000
19557.000000,7485.000000,10787.000000,49572.000000
19563.000000,7426.000000,10769.000000,49780.000000
19367.000000,7520.000000,10782.000000,49595.000000
19399.000000,7389.000000,10694.000000,49628.000000
19489.000000,7442.000000,10709.000000,49697.000000
19523.000000,7488.000000,10654.000000,49528.000000
19454.000000,7448.000000,10647.000000,49602.000000
19380.000000,7247.000000,10637.000000,49573.000000
19427.000000,7386.000000,10645.000000,49547.000000
19428.000000,7395.000000,10609.000000,49512.000000
19439.000000,7437.000000,10599.000000,49605.000000
19542.000000,7199.000000,10575.000000,49627.000000
19442.000000,7335.000000,10649.000000,49493.000000
19385.000000,7324.000000,10494.000000,49491.000000
19342.000000,7279.000000,10531.000000,49530.000000
19388.000000,7072.000000,10481.000000,49594.000000
19280.000000,7356.000000,10508.000000,49450.000000
19408.000000,7331.000000,10487.000000,49539.000000
19296.000000,7189.000000,10675.000000,49429.000000
19251.000000,7205.000000,10655.000000,49522.000000
19283.000000,7315.000000,10463.000000,49542.000000
19340.000000,7220.000000,10535.000000,49474.000000
19063.000000,7234.000000,10595.000000,49377.000000
19311.000000,7223.000000,10484.000000,49524.000000
19317.000000,7379.000000,10494.000000,49415.000000
19221.000000,7322.000000,10398.000000,49535.000000
19211.000000,7194.000000,10478.000000,49474.000000
19142.000000,7202.000000,10393.000000,49440.000000
19319.000000,7304.000000,10392.000000,49541.000000
19150.000000,7222.000000,10327.000000,49462.000000
19059.000000,7092.000000,10370.000000,49384.000000
19200.000000,7123.000000,10548.000000,49397.000000
19256.000000,7132.000000,10315.000000,49467.000000
19127.000000,7220.000000,10299.000000,49466.000000
19053.000000,7092.000000,10307.000000,49405.000000
19118.000000,7163.000000,10305.000000,49393.000000
19134.000000,7265.000000,10240.000000,49411.000000
19031.000000,7214.000000,10303.000000,49408.000000
18968.000000,6970.000000,10277.000000,49429.000000
19159.000000,7187.000000,10239.000000,49409.000000
19207.000000,7126.000000,10090.000000,49334.000000
19107.000000,7211.000000,10027.000000,49369.000000
18957.000000,7095.000000,10300.000000,49374.000000
19006.000000,7131.000000,10275.000000,49339.000000
19061.000000,7153.000000,10227.000000,49371.000000
19062.000000,7132.000000,10054.000000,49564.000000
19049.000000,6999.000000,10213.000000,49317.000000
19078.000000,7124.000000,10130.000000,49357.000000
19057.000000,7052.000000,10068.000000,49534.000000
19089.000000,7031.000000,10075.000000,49367.000000
19028.000000,7084.000000,10258.000000,49367.000000
19024.000000,7049.000000,10166.000000,49338.000000
19101.000000,7123.000000,10092.000000,49295.000000
18936.000000,7005.000000,10311.000000,49480.000000
18960.000000,7028.000000,10246.000000,49284.000000
19105.000000,7062.000000,10160.000000,49330.000000
19060.000000,7079.000000,10287.000000,49300.000000
19031.000000,7067.000000,10179.000000,49407.000000
19008.000000,7031.000000,10159.000000,49467.000000
18994.000000,7078.000000,10208.000000,49383.000000
18982.000000,7064.000000,10161.000000,49272.000000
18910.000000,7031.000000,10145.000000,49197.000000
18930.000000,7094.000000,10128.000000,49265.000000
19086.000000,7041.000000,10089.000000,49372.000000
18939.000000,7123.000000,10131.000000,49315.000000
18887.000000,6987.000000,10097.000000,49276.000000
19034.000000,7011.000000,10166.000000,49340.000000
19033.000000,7051.000000,10189.000000,49390.000000
19055.000000,7069.000000,10177.000000,49386.000000
18808.000000,6820.000000,10036.000000,49092.000000
18966.000000,7015.000000,10161.000000,49282.000000
18960.000000,7210.000000,10119.000000,49326.000000
19045.000000,7054.000000,10176.000000,49273.000000
18876.000000,7017.000000,10177.000000,49290.000000
18959.000000,7039.000000,10259.000000,49165.000000
19009.000000,7068.000000,10013.000000,49385.000000
18913.000000,7041.000000,10138.000000,49283.000000
18786.000000,6834.000000,10244.000000,49226.000000
18989.000000,7012.000000,10085.000000,49296.000000
19044.000000,6908.000000,10068.000000,49360.000000
18943.000000,6936.000000,10067.000000,49317.000000
18857.000000,7011.000000,10033.000000,49530.000000
19032.000000,6796.000000,10200.000000,49363.000000
18948.000000,7015.000000,10120.000000,49265.000000
18847.000000,6947.000000,10060.000000,49341.000000
18739.000000,7100.000000,10083.000000,49333.000000
18994.000000,6936.000000,10100.000000,49238.000000
18879.000000,7073.000000,10172.000000,49282.000000
18892.000000,6992.000000,10062.000000,49234.000000
18921.000000,7006.000000,10165.000000,49317.000000
18877.000000,7170.000000,10090.000000,49376.000000
18961.000000,7002.000000,10152.000000,49339.000000
18851.000000,7231.000000,9996.000000,49289.000000
18856.000000,7106.000000,10182.000000,49319.000000
19030.000000,7034.000000,10046.000000,49349.000000
18922.000000,7035.000000,10140.000000,49289.000000
18900.000000,6987.000000,10169.000000,49333.000000
18868.000000,6915.000000,10153.000000,49338.000000
18820.000000,7030.000000,10130.000000,49367.000000
19074.000000,7004.000000,10244.000000,49368.000000
18936.000000,7174.000000,10123.000000,49313.000000
19005.000000,7030.000000,10143.000000,49410.000000
19037.000000,7038.000000,10233.000000,49382.000000
18888.000000,7041.000000,10131.000000,49466.000000
18950.000000,7022.000000,10248.000000,49434.000000
18913.000000,7085.000000,10114.000000,49232.000000
19061.000000,7162.000000,10322.000000,49455.000000
19043.000000,7081.000000,10219.000000,49467.000000
18987.000000,7050.000000,10326.000000,49323.000000
19039.000000,7108.000000,10170.000000,49441.000000
19060.000000,7102.000000,10257.000000,49456.000000
19208.000000,7115.000000,10289.000000,49403.000000
18989.000000,7166.000000,10304.000000,49432.000000
19081.000000,7096.000000,10337.000000,49442.000000
19093.000000,7252.000000,10392.000000,49458.000000
19272.000000,7245.000000,10420.000000,49490.000000
19250.000000,7265.000000,10431.000000,49376.000000
19280.000000,7196.000000,10466.000000,49557.000000
19260.000000,7296.000000,10551.000000,49496.000000
19329.000000,7364.000000,10569.000000,49585.000000
19435.000000,7353.000000,10422.000000,49506.000000
19361.000000,7388.000000,10743.000000,49587.000000
19513.000000,7535.000000,10783.000000,49723.000000
19404.000000,7404.000000,10766.000000,49623.000000
19387.000000,7477.000000,10782.000000,49760.000000
19606.000000,7530.000000,10846.000000,49606.000000
19682.000000,7594.000000,10949.000000,49734.000000
19519.000000,7705.000000,10961.000000,49763.000000
19656.000000,7567.000000,10951.000000,49811.000000
19573.000000,7625.000000,11026.000000,50020.000000
19719.000000,7715.000000,11030.000000,49777.000000
19727.000000,7645.000000,11082.000000,49800.000000
19786.000000,7822.000000,11052.000000,49916.000000
19845.000000,7620.000000,11030.000000,49887.000000
19740.000000,7738.000000,10946.000000,49860.000000
19799.000000,7740.000000,11083.000000,49864.000000
19872.000000,7628.000000,11056.000000,49878.000000
19787.000000,7640.000000,11134.000000,49866.000000
19750.000000,7770.000000,11088.000000,49822.000000
19664.000000,7643.000000,11083.000000,49887.000000
19657.000000,7600.000000,11041.000000,49880.000000
19776.000000,7580.000000,11032.000000,49771.000000
19585.000000,7851.000000,10896.000000,49681.000000
19626.000000,7624.000000,11070.000000,49713.000000
19663.000000,7638.000000,11009.000000,49876.000000
19830.000000,7540.000000,11041.000000,49765.000000
19763.000000,7624.000000,11077.000000,49819.000000
19673.000000,7555.000000,11058.000000,49840.000000
19580.000000,7701.000000,10985.000000,49802.000000
19701.000000,7670.000000,10974.000000,49844.000000
19693.000000,7595.000000,10984.000000,49871.000000
19659.000000,7566.000000,10940.000000,49695.000000
19628.000000,7560.000000,10945.000000,49740.000000
19813.000000,7605.000000,10999.000000,49732.000000
19717.000000,7591.000000,10884.000000,49698.000000
19501.000000,7524.000000,10990.000000,49790.000000
19614.000000,7533.000000,10966.000000,49748.000000
19647.000000,7510.000000,10969.000000,49590.000000
19614.000000,7623.000000,10888.000000,49708.000000
19603.000000,7479.000000,10797.000000,49857.000000
19542.000000,7544.000000,10928.000000,49703.000000
19706.000000,7612.000000,10885.000000,49720.000000
19476.000000,7507.000000,10828.000000,49707.000000
19442.000000,7453.000000,10820.000000,49723.000000
19557.000000,7536.000000,10822.000000,49678.000000
19656.000000,7451.000000,10693.000000,49640.000000
19528.000000,7606.000000,10721.000000,49672.000000
19527.000000,7443.000000,10795.000000,49715.000000
19550.000000,7524.000000,10734.000000,49625.000000
19515.000000,7447.000000,10815.000000,49702.000000
19501.000000,7447.000000,10765.000000,49602.000000
19452.000000,7411.000000,10781.000000,49636.000000
19545.000000,7407.000000,10861.000000,49627.000000
19475.000000,7562.000000,10725.000000,49715.000000
19498.000000,7423.000000,10604.000000,49712.000000
19489.000000,7381.000000,10565.000000,49599.000000
19434.000000,7494.000000,10706.000000,49535.000000
19373.000000,7423.000000,10714.000000,49612.000000
19223.000000,7279.000000,10712.000000,49553.000000
19329.000000,7230.000000,10640.000000,49490.000000
19420.000000,7374.000000,10532.000000,49819.000000
19319.000000,7505.000000,10588.000000,49632.000000
19310.000000,7363.000000,10629.000000,49565.000000
19393.000000,7284.000000,10580.000000,49656.000000
19418.000000,7396.000000,10603.000000,49544.000000
19297.000000,7414.000000,10590.000000,49548.000000
19328.000000,7215.000000,10555.000000,49738.000000
19188.000000,7281.000000,10779.000000,49603.000000
19290.000000,7168.000000,10544.000000,49635.000000
19314.000000,7295.000000,10576.000000,49550.000000
19282.000000,7321.000000,10589.000000,49497.000000
19082.000000,7118.000000,10584.000000,49605.000000
19147.000000,7298.000000,10503.000000,49529.000000
19386.000000,7336.000000,10466.000000,49691.000000
19189.000000,7279.000000,10505.000000,49553.000000
19211.000000,7224.000000,10451.000000,49457.000000
19352.000000,7208.000000,10537.000000,49519.000000
19293.000000,7333.000000,10478.000000,49567.000000
19147.000000,7275.000000,10542.000000,49512.000000
19257.000000,7244.000000,10492.000000,49584.000000
19350.000000,7303.000000,10434.000000,49605.000000
19273.000000,7264.000000,10509.000000,49534.000000
19152.000000,7221.000000,10558.000000,49441.000000
19369.000000,7294.000000,10488.000000,49497.000000
19480.000000,7307.000000,10484.000000,49471.000000
19081.000000,7319.000000,10509.000000,49552.000000
19154.000000,7196.000000,10380.000000,49540.000000
19301.000000,7210.000000,10599.000000,49403.000000
19267.000000,7376.000000,10512.000000,49481.000000
19191.000000,7353.000000,10480.000000,49502.000000
19190.000000,7170.000000,10418.000000,49519.000000
19190.000000,7352.000000,10526.000000,49522.000000
19283.000000,7288.000000,10541.000000,49478.000000
19244.000000,7205.000000,10599.000000,49576.000000
19148.000000,7218.000000,10402.000000,49553.000000
19308.000000,7173.000000,10445.000000,49513.000000
19304.000000,7264.000000,10459.000000,49477.000000
19439.000000,7254.000000,10303.000000,49356.000000
19095.000000,7200.000000,10453.000000,49481.000000
19176.000000,7300.000000,10380.000000,49469.000000
19236.000000,7221.000000,10449.000000,49472.000000
19170.000000,7337.000000,10433.000000,49488.000000
19162.000000,7187.000000,10387.000000,49407.000000
19344.000000,7257.000000,10445.000000,49498.000000
19220.000000,7294.000000,10390.000000,49472.000000
19106.000000,7182.000000,10406.000000,49609.000000
19114.000000,7212.000000,10470.000000,49547.000000
19170.000000,7187.000000,10502.000000,49472.000000
19116.000000,7194.000000,10560.000000,49401.000000
19137.000000,7294.000000,10341.000000,49484.000000
19096.000000,7392.000000,10345.000000,49579.000000
19119.000000,7175.000000,10308.000000,49467.000000
19128.000000,7211.000000,10348.000000,49414.000000
19179.000000,6929.000000,10221.000000,49494.000000
19016.000000,7051.000000,10263.000000,49449.000000
19142.000000,7148.000000,10354.000000,49386.000000
19053.000000,7114.000000,10364.000000,49403.000000
19096.000000,7087.000000,10325.000000,49430.000000
19102.000000,7153.000000,10314.000000,49461.000000
19110.000000,7143.000000,10313.000000,49369.000000
19163.000000,7247.000000,10325.000000,49483.000000
19076.000000,7119.000000,10300.000000,49302.000000
19147.000000,7167.000000,10293.000000,49460.000000
19025.000000,6968.000000,10227.000000,49574.000000
19126.000000,7195.000000,10334.000000,49419.000000
19118.000000,7117.000000,10411.000000,49441.000000
19196.000000,7178.000000,10291.000000,49457.000000
19180.000000,7256.000000,10562.000000,49576.000000
19210.000000,7213.000000,10453.000000,49371.000000
19020.000000,7291.000000,10315.000000,49575.000000
19151.000000,7189.000000,10396.000000,49393.000000
19162.000000,7333.000000,10372.000000,49452.000000
19250.000000,7263.000000,10445.000000,49509.000000
19104.000000,7049.000000,10304.000000,49505.000000
19173.000000,7378.000000,10445.000000,49509.000000
19199.000000,7243.000000,10473.000000,49483.000000
19287.000000,7292.000000,10385.000000,49551.000000
19185.000000,7206.000000,10474.000000,49627.000000
19335.000000,7233.000000,10497.000000,49551.000000
19274.000000,7328.000000,10576.000000,49496.000000
19245.000000,7253.000000,10690.000000,49580.000000
19143.000000,7270.000000,10686.000000,49707.000000
19340.000000,7378.000000,10662.000000,49623.000000
19319.000000,7300.000000,10670.000000,49678.000000
19366.000000,7286.000000,10701.000000,49714.000000
19376.000000,7373.000000,10866.000000,49655.000000
19538.000000,7442.000000,10806.000000,49682.000000
19489.000000,7522.000000,10848.000000,49656.000000
19444.000000,7477.000000,10938.000000,49899.000000
19737.000000,7539.000000,11180.000000,49743.000000
19624.000000,7657.000000,11079.000000,49841.000000
19745.000000,7788.000000,11281.000000,49894.000000
19721.000000,7745.000000,11086.000000,49884.000000
19891.000000,7779.000000,11081.000000,49877.000000
19866.000000,7724.000000,11208.000000,49832.000000
19787.000000,7892.000000,11260.000000,49892.000000
19838.000000,7679.000000,11227.000000,49946.000000
19851.000000,7756.000000,11202.000000,49928.000000
19881.000000,7736.000000,11262.000000,49922.000000
19866.000000,7672.000000,11181.000000,49867.000000
19769.000000,7771.000000,11146.000000,49865.000000
19869.000000,7686.000000,11307.000000,49901.000000
19775.000000,7751.000000,11330.000000,49791.000000
19729.000000,7731.000000,11178.000000,49876.000000
19569.000000,7787.000000,11112.000000,49815.000000
20025.000000,7683.000000,11092.000000,49856.000000
19718.000000,7684.000000,11269.000000,49829.000000
19760.000000,7683.000000,11136.000000,49898.000000
19750.000000,7601.000000,11118.000000,49671.000000
19786.000000,7646.000000,10934.000000,49760.000000
19689.000000,7746.000000,11026.000000,49755.000000
19739.000000,7543.000000,11056.000000,49867.000000
19664.000000,7757.000000,10927.000000,49694.000000
19729.000000,7605.000000,10942.000000,49854.000000
19711.000000,7632.000000,11070.000000,49798.000000
19682.000000,7635.000000,11097.000000,49948.000000
19518.000000,7555.000000,11030.000000,49613.000000
19649.000000,7572.000000,11141.000000,49739.000000
19653.000000,7635.000000,10975.000000,49734.000000
19570.000000,7607.000000,10999.000000,49701.000000
19619.000000,7593.000000,10917.000000,49753.000000
19577.000000,7523.000000,10807.000000,49720.000000
19655.000000,7539.000000,10859.000000,49698.000000
19547.000000,7531.000000,10905.000000,49722.000000
19488.000000,7497.000000,10833.000000,49631.000000
19645.000000,7467.000000,11035.000000,49863.000000
19561.000000,7521.000000,10799.000000,49790.000000
19564.000000,7496.000000,10997.000000,49862.000000
19346.000000,7444.000000,10827.000000,49811.000000
19647.000000,7582.000000,10833.000000,49701.000000
19505.000000,7470.000000,10842.000000,49748.000000
19599.000000,7458.000000,10770.000000,49737.000000
19505.000000,7459.000000,10754.000000,49687.000000
19568.000000,7484.000000,10820.000000,49630.000000
19456.000000,7532.000000,10712.000000,49692.000000
19385.000000,7383.000000,10755.000000,49624.000000
19376.000000,7518.000000,10805.000000,49669.000000
19568.000000,7465.000000,10702.000000,49634.000000
19515.000000,7434.000000,10718.000000,49704.000000
19393.000000,7362.000000,10637.000000,49584.000000
19478.000000,7436.000000,10667.000000,49595.000000
19468.000000,7397.000000,10651.000000,49660.000000
19441.000000,7465.000000,10637.000000,49532.000000
19290.000000,7353.000000,10706.000000,49544.000000
19435.000000,7412.000000,10599.000000,49593.000000
19333.000000,7453.000000,10658.000000,49596.000000
19404.000000,7359.000000,10599.000000,49613.000000
19261.000000,7300.000000,10600.000000,49617.000000
19365.000000,7311.000000,10631.000000,49586.000000
19355.000000,7369.000000,10533.000000,49587.000000
19418.000000,7272.000000,10561.000000,49598.000000
19432.000000,7443.000000,10436.000000,49397.000000
19262.000000,7358.000000,10484.000000,49502.000000
19334.000000,7425.000000,10568.000000,49615.000000
19296.000000,7364.000000,10546.000000,49529.000000
19271.000000,7362.000000,10236.000000,49450.000000
19291.000000,7219.000000,10465.000000,49343.000000
19255.000000,7334.000000,10495.000000,49589.000000
19359.000000,7340.000000,10538.000000,49510.000000
19180.000000,7269.000000,10444.000000,49503.000000
19286.000000,7360.000000,10398.000000,49525.000000
19292.000000,7165.000000,10544.000000,49469.000000
19235.000000,7119.000000,10415.000000,49434.000000
19165.000000,7202.000000,10441.000000,49528.000000
19151.000000,7231.000000,10490.000000,49647.000000
19307.000000,7281.000000,10388.000000,49565.000000
19129.000000,7286.000000,10455.000000,49424.000000
19098.000000,7240.000000,10436.000000,49505.000000
19255.000000,7224.000000,10466.000000,49500.000000
19188.000000,7363.000000,10496.000000,49533.000000
19059.000000,7259.000000,10420.000000,49388.000000
19121.000000,7302.000000,10527.000000,49453.000000
19330.000000,7180.000000,10367.000000,49534.000000
19220.000000,7201.000000,10433.000000,49445.000000
19131.000000,7172.000000,10372.000000,49441.000000
19251.000000,7093.000000,10432.000000,49305.000000
19201.000000,7164.000000,10438.000000,49574.000000
19094.000000,7291.000000,10565.000000,49421.000000
19268.000000,7222.000000,10368.000000,49402.000000
19152.000000,7235.000000,10306.000000,49406.000000
19157.000000,7275.000000,10337.000000,49431.000000
19204.000000,7267.000000,10381.000000,49373.000000
19070.000000,7246.000000,10255.000000,49662.000000
19253.000000,7169.000000,10338.000000,49490.000000
19186.000000,7203.000000,10370.000000,49426.000000
19219.000000,7213.000000,10344.000000,49422.000000
19200.000000,7188.000000,10385.000000,49444.000000
19215.000000,7170.000000,10344.000000,49423.000000
19129.000000,7466.000000,10310.000000,49499.000000
19193.000000,7105.000000,10287.000000,49423.000000
19192.000000,7344.000000,10299.000000,49379.000000
19082.000000,7164.000000,10302.000000,49432.000000
19125.000000,7104.000000,10244.000000,49431.000000
19260.000000,6995.000000,10254.000000,49455.000000
19106.000000,7165.000000,10288.000000,49362.000000
19184.000000,7146.000000,10297.000000,49463.000000
19150.000000,7136.000000,10277.000000,49240.000000
19140.000000,7095.000000,10210.000000,49352.000000
19092.000000,7038.000000,10176.000000,49418.000000
19035.000000,7152.000000,10167.000000,49394.000000
19074.000000,7012.000000,10169.000000,49432.000000
19125.000000,7030.000000,10205.000000,49326.000000
18948.000000,6960.000000,10445.000000,49519.000000
19027.000000,7033.000000,10115.000000,49329.000000
19152.000000,7011.000000,10232.000000,49398.000000
19065.000000,7104.000000,10188.000000,49320.000000
18951.000000,6816.000000,10333.000000,49411.000000
19058.000000,7076.000000,10077.000000,49424.000000
19104.000000,7104.000000,10260.000000,49552.000000
19063.000000,6924.000000,10282.000000,49299.000000
19052.000000,7048.000000,10183.000000,49438.000000
19187.000000,7191.000000,10232.000000,49404.000000
18858.000000,7104.000000,10238.000000,49371.000000
19067.000000,7078.000000,10314.000000,49381.000000
19018.000000,7012.000000,10332.000000,49451.000000
19215.000000,7080.000000,10463.000000,49358.000000
19088.000000,7180.000000,10332.000000,49382.000000
19108.000000,7157.000000,10360.000000,49472.000000
19087.000000,7280.000000,10186.000000,49452.000000
19060.000000,7131.000000,10209.000000,49451.000000
19181.000000,7150.000000,10278.000000,49428.000000
19026.000000,7105.000000,10518.000000,49424.000000
19136.000000,7142.000000,10272.000000,49504.000000
19206.000000,7209.000000,10361.000000,49436.000000
19175.000000,7244.000000,10440.000000,49529.000000
19132.000000,7118.000000,10430.000000,49442.000000
19215.000000,7178.000000,10274.000000,49541.000000
19202.000000,7267.000000,10501.000000,49535.000000
19287.000000,7315.000000,10593.000000,49556.000000
19303.000000,7303.000000,10572.000000,49635.000000
19301.000000,7300.000000,10550.000000,49582.000000
19389.000000,7319.000000,10510.000000,49582.000000
19525.000000,7545.000000,10664.000000,49655.000000
19362.000000,7454.000000,10675.000000,49569.000000
19515.000000,7461.000000,10747.000000,49704.000000
19585.000000,7496.000000,10798.000000,49709.000000
19644.000000,7511.000000,10943.000000,49672.000000
19660.000000,7633.000000,10997.000000,49826.000000
19725.000000,7639.000000,11061.000000,49769.000000
19701.000000,7734.000000,11069.000000,49830.000000
19745.000000,7736.000000,11072.000000,49821.000000
19724.000000,7601.000000,11090.000000,49796.000000
19821.000000,7758.000000,11182.000000,49902.000000
19829.000000,7922.000000,11167.000000,49884.000000
19876.000000,7760.000000,11143.000000,49941.000000
19736.000000,7758.000000,11141.000000,49868.000000
20047.000000,7706.000000,11142.000000,49809.000000
19872.000000,7684.000000,11107.000000,49873.000000
19679.000000,7729.000000,11109.000000,49927.000000
19656.000000,7666.000000,11029.000000,49829.000000
19825.000000,7738.000000,11108.000000,49937.000000
19866.000000,7732.000000,11067.000000,49886.000000
19850.000000,7725.000000,11210.000000,49898.000000
19653.000000,7643.000000,11096.000000,49872.000000
19793.000000,7709.000000,11058.000000,49834.000000
19714.000000,7642.000000,11074.000000,49748.000000
19660.000000,7665.000000,11219.000000,49744.000000
19771.000000,7659.000000,11090.000000,49801.000000
19696.000000,7736.000000,11230.000000,49795.000000
19753.000000,7663.000000,10981.000000,49831.000000
19609.000000,7603.000000,10947.000000,49745.000000
19638.000000,7644.000000,11005.000000,49750.000000
19719.000000,7649.000000,10983.000000,49688.000000
19671.000000,7647.000000,11106.000000,49889.000000
19514.000000,7636.000000,11197.000000,49602.000000
19703.000000,7556.000000,10972.000000,49742.000000
19572.000000,7621.000000,10870.000000,49650.000000
19676.000000,7616.000000,10974.000000,49750.000000
19544.000000,7402.000000,10851.000000,49746.000000
19626.000000,7503.000000,10963.000000,49709.000000
19482.000000,7630.000000,10829.000000,49747.000000
19585.000000,7495.000000,10828.000000,49673.000000
19632.000000,7359.000000,10754.000000,49665.000000
19548.000000,7543.000000,10767.000000,49682.000000
19635.000000,7490.000000,10776.000000,49830.000000
19558.000000,7703.000000,10839.000000,49749.000000
19478.000000,7464.000000,10851.000000,49605.000000
19596.000000,7439.000000,10687.000000,49607.000000
19538.000000,7518.000000,10722.000000,49814.000000
19565.000000,7509.000000,10801.000000,49715.000000
19250.000000,7455.000000,10712.000000,49729.000000
19522.000000,7358.000000,10661.000000,49727.000000
19533.000000,7453.000000,10728.000000,49607.000000
19509.000000,7397.000000,10733.000000,49719.000000
19343.000000,7418.000000,10711.000000,49692.000000
19656.000000,7484.000000,10735.000000,49610.000000
19489.000000,7433.000000,10586.000000,49524.000000
19379.000000,7425.000000,10690.000000,49560.000000
19384.000000,7432.000000,10755.000000,49541.000000
19411.000000,7413.000000,10595.000000,49550.000000
19412.000000,7426.000000,10607.000000,49600.000000
19354.000000,7387.000000,10534.000000,49694.000000
19234.000000,7484.000000,10440.000000,49416.000000
19380.000000,7410.000000,10614.000000,49549.000000
19238.000000,7261.000000,10721.000000,49453.000000
19439.000000,7349.000000,10573.000000,49561.000000
19309.000000,7292.000000,10470.000000,49616.000000
19386.000000,7317.000000,10538.000000,49483.000000
19415.000000,7236.000000,10518.000000,49459.000000
19410.000000,7264.000000,10503.000000,49469.000000
19209.000000,7263.000000,10434.000000,49502.000000
19240.000000,7283.000000,10523.000000,49556.000000
19333.000000,7204.000000,10359.000000,49605.000000
19198.000000,7244.000000,10373.000000,49494.000000
19228.000000,7316.000000,10470.000000,49441.000000
19244.000000,7257.000000,10326.000000,49463.000000
19216.000000,7238.000000,10417.000000,49490.000000
19090.000000,7179.000000,10573.000000,49435.000000
19173.000000,7224.000000,10369.000000,49457.000000
19260.000000,7354.000000,10305.000000,49373.000000
19235.000000,7225.000000,10314.000000,49555.000000
19301.000000,7207.000000,10336.000000,49313.000000
19147.000000,7218.000000,10353.000000,49422.000000
19114.000000,7269.000000,10357.000000,49403.000000
19167.000000,7202.000000,10291.000000,49477.000000
19083.000000,7225.000000,10349.000000,49434.000000
19213.000000,7337.000000,10444.000000,49532.000000
19198.000000,7174.000000,10251.000000,49351.000000
19168.000000,7281.000000,10279.000000,49450.000000
19268.000000,7284.000000,10249.000000,49387.000000
19134.000000,7230.000000,10187.000000,49501.000000
19171.000000,7070.000000,10373.000000,49504.000000
19133.000000,7099.000000,10201.000000,49453.000000
19090.000000,7130.000000,10231.000000,49346.000000
19216.000000,7058.000000,10266.000000,49334.000000
19158.000000,7195.000000,10242.000000,49483.000000
19103.000000,7115.000000,10341.000000,49369.000000
19088.000000,7080.000000,10205.000000,49336.000000
19091.000000,7188.000000,10246.000000,49442.000000
19119.000000,7161.000000,10337.000000,49535.000000
19133.000000,7055.000000,10300.000000,49441.000000
19074.000000,7095.000000,10220.000000,49318.000000
19141.000000,7080.000000,10251.000000,49404.000000
19079.000000,7174.000000,10174.000000,49401.000000
19044.000000,7103.000000,10190.000000,49314.000000
19056.000000,7036.000000,10206.000000,49379.000000
19138.000000,7141.000000,10294.000000,49417.000000
19052.000000,7157.000000,10160.000000,49468.000000
19055.000000,7090.000000,10093.000000,49401.000000
19019.000000,7012.000000,10237.000000,49365.000000
19065.000000,7120.000000,10223.000000,49248.000000
19086.000000,7081.000000,10148.000000,49303.000000
18944.000000,6873.000000,10055.000000,49366.000000
18958.000000,6920.000000,10119.000000,49345.000000
18981.000000,7047.000000,10195.000000,49374.000000
18955.000000,7101.000000,10142.000000,49407.000000
18897.000000,6982.000000,10005.000000,49206.000000
18997.000000,7006.000000,10127.000000,49299.000000
18967.000000,6985.000000,10204.000000,49325.000000
19003.000000,7065.000000,10150.000000,49350.000000
18904.000000,6966.000000,10063.000000,49295.000000
18958.000000,6969.000000,10074.000000,49287.000000
19010.000000,6992.000000,10047.000000,49297.000000
18996.000000,7015.000000,10084.000000,49321.000000
18901.000000,6949.000000,10055.000000,49331.000000
18989.000000,6929.000000,10138.000000,49286.000000
19036.000000,7074.000000,10119.000000,49291.000000
18925.000000,6961.000000,10052.000000,49291.000000
18891.000000,6877.000000,10092.000000,49365.000000
18843.000000,6974.000000,10066.000000,49374.000000
19033.000000,7053.000000,10056.000000,49189.000000
18918.000000,7083.000000,10035.000000,49308.000000
18967.000000,6986.000000,10034.000000,49273.000000
19014.000000,7034.000000,9929.000000,49341.000000
19007.000000,6966.000000,10068.000000,49272.000000
19024.000000,6959.000000,10055.000000,49300.000000
18815.000000,6942.000000,10095.000000,49417.000000
19108.000000,7015.000000,10091.000000,49377.000000
19031.000000,6991.000000,10142.000000,49334.000000
18922.000000,6968.000000,10088.000000,49315.000000
18817.000000,6944.000000,10269.000000,49201.000000
18958.000000,6982.000000,10123.000000,49280.000000
19085.000000,7078.000000,10085.000000,49171.000000
19091.000000,7037.000000,10204.000000,49330.000000
18984.000000,7071.000000,10070.000000,49342.000000
18942.000000,7130.000000,10172.000000,49270.000000
19104.000000,7017.000000,10220.000000,49328.000000
19160.000000,7160.000000,10241.000000,49460.000000
19047.000000,7114.000000,10298.000000,49367.000000
19158.000000,7207.000000,10333.000000,49502.000000
19251.000000,7175.000000,10380.000000,49453.000000
19113.000000,7215.000000,10415.000000,49491.000000
19296.000000,7077.000000,10412.000000,49521.000000
19260.000000,7224.000000,10517.000000,49487.000000
19312.000000,7223.000000,10470.000000,49685.000000
19231.000000,7364.000000,10535.000000,49503.000000
19314.000000,7414.000000,10582.000000,49636.000000
19412.000000,7411.000000,10719.000000,49653.000000
19512.000000,7509.000000,10732.000000,49703.000000
19436.000000,7528.000000,10806.000000,49615.000000
19618.000000,7533.000000,10870.000000,49658.000000
19669.000000,7506.000000,10897.000000,49687.000000
19622.000000,7561.000000,10896.000000,49749.000000
19588.000000,7480.000000,10913.000000,49864.000000
19702.000000,7561.000000,10930.000000,49762.000000
19893.000000,7463.000000,10791.000000,49585.000000
19737.000000,7707.000000,10898.000000,49784.000000
19563.000000,7672.000000,10938.000000,49730.000000
19755.000000,7517.000000,10933.000000,49784.000000
19737.000000,7659.000000,10979.000000,49719.000000
19641.000000,7573.000000,10984.000000,49713.000000
19599.000000,7631.000000,10901.000000,49714.000000
19585.000000,7542.000000,10955.000000,49765.000000
19638.000000,7579.000000,10881.000000,49726.000000
19664.000000,7672.000000,11015.000000,49745.000000
19525.000000,7476.000000,10931.000000,49799.000000
19654.000000,7556.000000,10838.000000,49629.000000
19501.000000,7530.000000,10803.000000,49804.000000
19638.000000,7536.000000,10875.000000,49612.000000
19557.000000,7422.000000,10806.000000,49698.000000
19538.000000,7472.000000,10747.000000,49621.000000
19624.000000,7497.000000,10727.000000,49651.000000
19429.000000,7668.000000,10709.000000,49726.000000
19422.000000,7413.000000,10753.000000,49698.000000
19502.000000,7580.000000,10786.000000,49675.000000
19404.000000,7520.000000,10734.000000,49621.000000
19439.000000,7341.000000,10804.000000,49671.000000
19489.000000,7668.000000,10742.000000,49664.000000
19449.000000,7484.000000,10852.000000,49524.000000
19556.000000,7438.000000,10831.000000,49776.000000
19355.000000,7441.000000,10619.000000,49634.000000
19384.000000,7352.000000,10580.000000,49632.000000
19433.000000,7427.000000,10656.000000,49629.000000
19639.000000,7378.000000,10748.000000,49565.000000
19380.000000,7337.000000,10583.000000,49451.000000
19390.000000,7341.000000,10625.000000,49608.000000
19377.000000,7395.000000,10634.000000,49593.000000
19276.000000,7332.000000,10552.000000,49542.000000
19241.000000,7296.000000,10579.000000,49516.000000
19375.000000,7321.000000,10614.000000,49539.000000
19331.000000,7437.000000,10346.000000,49554.000000
19386.000000,7363.000000,10451.000000,49577.000000
19191.000000,7290.000000,10542.000000,49449.000000
19318.000000,7277.000000,10547.000000,49557.000000
19265.000000,7345.000000,10545.000000,49546.000000
19310.000000,7204.000000,10535.000000,49557.000000
19299.000000,7324.000000,10540.000000,49443.000000
19297.000000,7282.000000,10392.000000,49471.000000
19307.000000,7293.000000,10454.000000,49597.000000
19267.000000,7179.000000,10456.000000,49459.000000
19245.000000,7193.000000,10395.000000,49429.000000
19317.000000,7272.000000,10263.000000,49347.000000
19277.000000,7265.000000,10295.000000,49442.000000
19219.000000,7321.000000,10534.000000,49392.000000
19057.000000,7232.000000,10184.000000,49439.000000
19217.000000,7314.000000,10419.000000,49264.000000
19151.000000,7171.000000,10294.000000,49374.000000
18929.000000,7265.000000,10132.000000,49523.000000
18920.000000,6909.000000,10286.000000,49224.000000
19023.000000,7142.000000,10201.000000,49420.000000
19220.000000,7042.000000,10200.000000,49419.000000
19121.000000,7033.000000,10321.000000,49346.000000
18900.000000,7094.000000,10192.000000,49395.000000
18951.000000,7064.000000,10127.000000,49450.000000
19124.000000,7149.000000,10199.000000,49341.000000
19015.000000,7087.000000,10179.000000,49378.000000
18968.000000,7021.000000,10142.000000,49298.000000
19130.000000,7118.000000,10332.000000,49297.000000
18969.000000,7032.000000,10287.000000,49527.000000
18896.000000,7000.000000,10155.000000,49241.000000
18839.000000,6907.000000,10124.000000,49257.000000
18993.000000,7090.000000,10114.000000,49347.000000
18953.000000,7071.000000,10148.000000,49357.000000
18816.000000,7007.000000,10069.000000,49276.000000
18956.000000,7165.000000,9854.000000,49207.000000
19004.000000,6935.000000,10026.000000,49298.000000
18954.000000,7038.000000,10104.000000,49261.000000
18828.000000,6893.000000,10017.000000,49293.000000
18874.000000,6905.000000,10024.000000,49264.000000
18965.000000,6990.000000,9917.000000,49299.000000
18932.000000,6970.000000,10014.000000,49398.000000
18803.000000,6958.000000,9962.000000,49315.000000
18965.000000,7028.000000,10060.000000,49349.000000
18634.000000,6934.000000,10199.000000,49196.000000
18891.000000,7048.000000,9994.000000,49298.000000
18716.000000,6902.000000,10042.000000,49190.000000
19024.000000,6977.000000,10071.000000,49288.000000
18899.000000,7022.000000,10047.000000,49072.000000
18962.000000,6994.000000,10010.000000,49201.000000
18786.000000,6773.000000,9777.000000,49075.000000
18925.000000,6948.000000,10036.000000,49202.000000
18933.000000,7005.000000,9954.000000,49224.000000
18979.000000,7040.000000,9990.000000,49242.000000
18760.000000,6733.000000,9781.000000,49144.000000
18836.000000,7006.000000,10015.000000,49239.000000
18768.000000,7125.000000,10147.000000,49226.000000
18822.000000,6999.000000,10040.000000,49237.000000
18804.000000,6949.000000,9886.000000,49178.000000
18858.000000,6877.000000,9839.000000,49221.000000
18869.000000,6936.000000,9882.000000,49294.000000
18771.000000,6989.000000,9960.000000,49243.000000
18676.000000,6852.000000,10005.000000,49183.000000
18676.000000,6895.000000,9961.000000,49250.000000
18964.000000,7034.000000,9921.000000,49179.000000
18804.000000,6894.000000,9910.000000,49190.000000
18706.000000,6880.000000,9854.000000,49206.000000
18762.000000,6848.000000,9987.000000,49144.000000
18703.000000,6793.000000,9928.000000,49182.000000
18706.000000,6756.000000,9850.000000,49062.000000
18803.000000,6838.000000,9887.000000,49230.000000
18659.000000,6879.000000,9839.000000,49269.000000
18681.000000,6918.000000,9884.000000,49158.000000
18738.000000,6799.000000,9829.000000,49178.000000
18643.000000,6793.000000,9881.000000,49201.000000
18719.000000,6875.000000,9905.000000,49228.000000
18680.000000,6703.000000,9916.000000,49138.000000
18701.000000,6849.000000,9784.000000,49057.000000
18661.000000,6867.000000,9830.000000,49191.000000
18647.000000,6873.000000,9865.000000,49306.000000
18693.000000,6825.000000,10084.000000,49001.000000
18593.000000,6799.000000,9874.000000,49232.000000
18697.000000,6786.000000,9831.000000,49135.000000
18693.000000,6784.000000,9930.000000,49172.000000
18742.000000,6826.000000,9897.000000,49170.000000
18418.000000,6815.000000,9872.000000,49301.000000
18763.000000,6834.000000,9905.000000,49313.000000
18670.000000,6926.000000,9835.000000,49311.000000
18706.000000,6894.000000,9888.000000,49219.000000
18742.000000,6873.000000,9869.000000,49319.000000
18916.000000,6855.000000,9922.000000,49227.000000
18740.000000,6824.000000,9970.000000,49308.000000
18686.000000,6970.000000,10015.000000,49183.000000
18694.000000,6910.000000,10044.000000,49090.000000
18867.000000,6817.000000,9931.000000,49264.000000
18850.000000,6964.000000,10115.000000,49281.000000
18758.000000,6852.000000,10054.000000,49362.000000
18808.000000,6900.000000,10026.000000,49303.000000
18797.000000,6974.000000,10094.000000,49245.000000
18898.000000,7088.000000,10269.000000,49438.000000
18787.000000,7028.000000,10103.000000,49365.000000
18789.000000,6996.000000,10191.000000,49296.000000
18987.000000,7062.000000,10189.000000,49338.000000
18905.000000,7180.000000,10259.000000,49342.000000
18984.000000,7211.000000,10191.000000,49423.000000
19135.000000,7051.000000,10286.000000,49296.000000
19084.000000,7169.000000,10245.000000,49576.000000
19204.000000,7270.000000,10400.000000,49616.000000
19086.000000,7251.000000,10435.000000,49457.000000
19223.000000,7297.000000,10359.000000,49513.000000
19348.000000,7317.000000,10568.000000,49539.000000
19348.000000,7375.000000,10555.000000,49590.000000
19357.000000,7370.000000,10701.000000,49582.000000
19233.000000,7384.000000,10688.000000,49675.000000
19493.000000,7461.000000,10718.000000,49641.000000
19484.000000,7458.000000,10758.000000,49675.000000
19464.000000,7465.000000,11001.000000,49587.000000
19496.000000,7487.000000,10812.000000,49571.000000
19602.000000,7563.000000,10953.000000,49767.000000
19586.000000,7476.000000,11165.000000,49751.000000
19569.000000,7482.000000,10874.000000,49742.000000
19635.000000,7556.000000,10905.000000,49742.000000
19484.000000,7560.000000,10783.000000,49754.000000
19494.000000,7477.000000,10788.000000,49777.000000
19576.000000,7500.000000,10886.000000,49815.000000
19505.000000,7522.000000,10747.000000,49718.000000
19532.000000,7515.000000,11005.000000,49734.000000
19549.000000,7526.000000,10867.000000,49721.000000
19457.000000,7522.000000,10773.000000,49672.000000
19451.000000,7491.000000,10765.000000,49719.000000
19410.000000,7693.000000,10594.000000,49634.000000
19561.000000,7486.000000,10770.000000,49658.000000
19314.000000,7541.000000,10641.000000,49504.000000
19391.000000,7436.000000,10681.000000,49676.000000
19335.000000,7453.000000,10829.000000,49603.000000
19338.000000,7342.000000,10759.000000,49755.000000
19255.000000,7359.000000,10689.000000,49648.000000
19442.000000,7486.000000,10701.000000,49610.000000
19346.000000,7476.000000,10717.000000,49588.000000
19399.000000,7370.000000,10609.000000,49568.000000
19319.000000,7375.000000,10569.000000,49635.000000
19360.000000,7368.000000,10597.000000,49591.000000
19376.000000,7217.000000,10699.000000,49605.000000
19291.000000,7251.000000,10626.000000,49795.000000
19208.000000,7287.000000,10583.000000,49629.000000
19320.000000,7389.000000,10668.000000,49578.000000
19343.000000,7421.000000,10756.000000,49578.000000
19279.000000,7279.000000,10472.000000,49537.000000
19164.000000,7286.000000,10349.000000,49660.000000
19237.000000,7280.000000,10401.000000,49543.000000
19141.000000,7265.000000,10581.000000,49447.000000
19071.000000,7337.000000,10457.000000,49523.000000
19022.000000,7201.000000,10410.000000,49400.000000
19086.000000,7202.000000,10370.000000,49559.000000
19239.000000,7188.000000,10497.000000,49479.000000
19235.000000,7198.000000,10361.000000,49444.000000
19075.000000,7172.000000,10324.000000,49370.000000
19097.000000,7177.000000,10428.000000,49501.000000
19017.000000,7199.000000,10372.000000,49434.000000
18986.000000,7181.000000,10405.000000,49516.000000
19073.000000,7226.000000,10320.000000,49288.000000
19163.000000,7047.000000,10389.000000,49419.000000
19169.000000,7196.000000,10242.000000,49394.000000
18901.000000,7087.000000,10237.000000,49454.000000
18979.000000,7085.000000,10199.000000,49527.000000
19018.000000,7122.000000,10261.000000,49411.000000
19011.000000,7125.000000,10241.000000,49405.000000
19080.000000,7085.000000,10267.000000,49489.000000
19013.000000,7120.000000,10186.000000,49341.000000
18880.000000,7020.000000,10203.000000,49407.000000
18983.000000,7040.000000,10193.000000,49362.000000
18939.000000,7097.000000,10126.000000,49253.000000
18944.000000,7126.000000,10277.000000,49338.000000
19109.000000,7033.000000,10141.000000,49320.000000
18909.000000,7173.000000,10215.000000,49327.000000
18912.000000,7064.000000,10138.000000,49237.000000
18882.000000,7076.000000,10232.000000,49306.000000
18945.000000,7079.000000,10286.000000,49334.000000
18916.000000,7208.000000,10166.000000,49253.000000
18767.000000,6959.000000,10028.000000,49274.000000
18814.000000,7041.000000,10087.000000,49344.000000
18892.000000,6911.000000,10068.000000,49256.000000
18852.000000,6947.000000,10063.000000,49255.000000
18786.000000,6825.000000,10054.000000,49298.000000
18816.000000,6907.000000,10006.000000,49256.000000
18838.000000,6966.000000,10004.000000,49258.000000
18672.000000,7035.000000,9917.000000,49293.000000
18917.000000,7099.000000,10078.000000,49243.000000
18829.000000,6901.000000,9914.000000,49364.000000
18841.000000,6964.000000,10038.000000,49305.000000
18687.000000,6824.000000,10136.000000,49202.000000
18757.000000,6885.000000,10045.000000,49253.000000
18793.000000,6929.000000,9927.000000,49297.000000
18846.000000,6922.000000,9963.000000,49250.000000
18664.000000,6837.000000,9977.000000,49277.000000
18672.000000,6913.000000,9956.000000,49235.000000
18827.000000,6949.000000,9926.000000,49210.000000
18774.000000,6927.000000,10046.000000,49254.000000
18737.000000,6978.000000,9977.000000,49222.000000
18753.000000,6909.000000,9859.000000,49288.000000
18854.000000,6902.000000,9982.000000,49368.000000
18703.000000,6919.000000,10053.000000,49367.000000
18689.000000,6862.000000,9936.000000,49236.000000
18766.000000,6883.000000,10008.000000,49234.000000
18700.000000,6886.000000,9948.000000,49242.000000
18723.000000,6933.000000,9933.000000,49255.000000
18722.000000,6929.000000,9924.000000,49210.000000
18687.000000,6907.000000,9913.000000,49145.000000
18721.000000,6911.000000,10082.000000,49263.000000
18725.000000,6930.000000,10008.000000,49260.000000
18694.000000,7016.000000,9836.000000,49295.000000
18721.000000,6917.000000,9935.000000,49177.000000
18607.000000,6911.000000,9873.000000,49175.000000
18512.000000,6741.000000,9994.000000,49193.000000
18470.000000,6824.000000,9951.000000,49076.000000
18659.000000,6879.000000,9941.000000,49200.000000
18691.000000,6859.000000,9918.000000,49146.000000
18635.000000,6772.000000,9876.000000,49168.000000
18614.000000,6758.000000,9919.000000,49219.000000
18761.000000,6794.000000,9858.000000,49192.000000
18651.000000,6837.000000,9926.000000,49114.000000
18662.000000,6840.000000,9828.000000,49153.000000
18546.000000,6835.000000,9823.000000,49187.000000
18570.000000,6796.000000,9805.000000,49261.000000
18555.000000,6772.000000,10022.000000,49147.000000
18644.000000,6816.000000,9733.000000,49167.000000
18572.000000,6630.000000,9853.000000,49071.000000
18642.000000,6898.000000,9924.000000,49229.000000
18562.000000,6782.000000,9972.000000,49304.000000
18623.000000,6921.000000,9771.000000,49198.000000
18665.000000,6811.000000,9862.000000,49028.000000
18776.000000,6941.000000,10037.000000,49195.000000
18644.000000,6852.000000,9932.000000,49322.000000
18654.000000,6803.000000,9897.000000,49234.000000
18702.000000,6801.000000,9915.000000,49239.000000
18944.000000,6775.000000,9915.000000,49264.000000
18755.000000,6891.000000,9966.000000,49141.000000
18628.000000,6735.000000,9875.000000,49417.000000
18643.000000,6819.000000,9894.000000,49171.000000
18724.000000,6883.000000,10013.000000,49355.000000
18697.000000,6886.000000,9912.000000,49263.000000
18691.000000,6890.000000,9943.000000,49322.000000
18722.000000,6804.000000,10020.000000,49185.000000
18722.000000,6894.000000,9968.000000,49260.000000
18723.000000,6930.000000,10169.000000,49266.000000
18705.000000,6699.000000,10053.000000,49254.000000
18784.000000,6859.000000,10042.000000,49307.000000
18741.000000,7053.000000,10052.000000,49405.000000
18775.000000,6974.000000,10147.000000,49310.000000
18920.000000,6869.000000,10168.000000,49251.000000
18792.000000,7026.000000,10152.000000,49307.000000
18953.000000,7112.000000,10312.000000,49491.000000
18887.000000,7019.000000,10246.000000,49279.000000
18914.000000,7013.000000,10090.000000,49433.000000
19038.000000,7105.000000,10286.000000,49460.000000
18756.000000,7179.000000,10511.000000,49395.000000
19110.000000,7248.000000,10257.000000,49633.000000
18980.000000,7095.000000,10512.000000,49518.000000
19078.000000,7181.000000,10459.000000,49495.000000
19141.000000,7166.000000,10454.000000,49552.000000
19329.000000,7162.000000,10617.000000,49633.000000
19084.000000,7289.000000,10547.000000,49542.000000
19335.000000,7248.000000,10869.000000,49689.000000
19432.000000,7486.000000,10793.000000,49552.000000
19408.000000,7404.000000,10843.000000,49707.000000
19411.000000,7397.000000,10742.000000,49735.000000
19407.000000,7453.000000,10866.000000,49754.000000
19516.000000,7584.000000,10922.000000,49805.000000
19575.000000,7587.000000,10892.000000,49786.000000
19522.000000,7522.000000,10986.000000,49930.000000
19503.000000,7569.000000,11071.000000,49820.000000
19551.000000,7654.000000,10974.000000,49710.000000
19501.000000,7576.000000,10931.000000,49837.000000
19483.000000,7500.000000,10956.000000,49701.000000
19469.000000,7644.000000,10861.000000,49808.000000
19590.000000,7732.000000,10797.000000,49664.000000
19427.000000,7593.000000,10917.000000,49666.000000
19437.000000,7632.000000,10912.000000,49853.000000
19443.000000,7432.000000,10906.000000,49712.000000
19533.000000,7557.000000,10794.000000,49698.000000
19373.000000,7508.000000,10896.000000,49610.000000
19300.000000,7553.000000,10886.000000,49657.000000
19418.000000,7671.000000,10760.000000,49738.000000
19363.000000,7515.000000,10814.000000,49768.000000
19321.000000,7434.000000,10829.000000,49500.000000
19551.000000,7394.000000,10721.000000,49651.000000
19491.000000,7480.000000,10793.000000,49607.000000
19360.000000,7451.000000,10744.000000,49702.000000
19351.000000,7421.000000,10585.000000,49513.000000
19324.000000,7406.000000,10737.000000,49579.000000
19297.000000,7307.000000,10575.000000,49562.000000
19177.000000,7396.000000,10606.000000,49554.000000
19134.000000,7278.000000,10781.000000,49667.000000
19304.000000,7414.000000,10635.000000,49518.000000
19246.000000,7371.000000,10603.000000,49581.000000
19221.000000,7361.000000,10630.000000,49655.000000
19145.000000,7354.000000,10563.000000,49602.000000
19226.000000,7455.000000,10608.000000,49626.000000
19192.000000,7179.000000,10536.000000,49551.000000
19104.000000,7315.000000,10502.000000,49578.000000
19146.000000,7279.000000,10573.000000,49536.000000
19082.000000,7282.000000,10467.000000,49607.000000
19312.000000,7328.000000,10444.000000,49517.000000
19050.000000,7283.000000,10456.000000,49549.000000
18889.000000,7166.000000,10513.000000,49463.000000
18935.000000,7349.000000,10363.000000,49479.000000
19097.000000,7305.000000,10485.000000,49524.000000
19078.000000,7176.000000,10384.000000,49473.000000
19022.000000,7185.000000,10400.000000,49393.000000
19067.000000,7243.000000,10479.000000,49513.000000
19000.000000,7191.000000,10321.000000,49550.000000
19071.000000,7144.000000,10315.000000,49456.000000
18939.000000,7152.000000,10320.000000,49360.000000
19029.000000,7263.000000,10414.000000,49499.000000
19073.000000,7125.000000,10158.000000,49418.000000
18954.000000,7236.000000,10291.000000,49412.000000
18899.000000,7044.000000,10300.000000,49377.000000
18867.000000,7125.000000,10281.000000,49445.000000
19068.000000,7302.000000,10286.000000,49467.000000
18775.000000,7018.000000,10161.000000,49509.000000
18872.000000,7079.000000,10219.000000,49345.000000
18905.000000,7100.000000,10242.000000,49425.000000
18725.000000,7074.000000,10267.000000,49363.000000
18740.000000,6980.000000,10107.000000,49366.000000
18750.000000,6912.000000,10136.000000,49311.000000
18917.000000,7158.000000,10102.000000,49186.000000
18860.000000,7038.000000,10173.000000,49364.000000
18852.000000,7077.000000,10357.000000,49399.000000
18773.000000,6986.000000,10107.000000,49302.000000
18798.000000,7029.000000,10159.000000,49253.000000
18793.000000,7038.000000,10152.000000,49371.000000
18725.000000,6971.000000,10106.000000,49200.000000
18667.000000,6947.000000,10042.000000,49362.000000
18793.000000,6979.000000,10036.000000,49277.000000
18789.000000,6964.000000,9998.000000,49319.000000
18627.000000,6952.000000,10073.000000,49286.000000
18720.000000,6900.000000,10029.000000,49309.000000
18723.000000,6952.000000,9990.000000,49142.000000
18696.000000,6877.000000,10042.000000,49273.000000
18688.000000,6896.000000,9929.000000,49219.000000
18746.000000,6911.000000,10059.000000,49311.000000
18660.000000,7013.000000,10105.000000,49277.000000
18592.000000,6915.000000,10047.000000,49133.000000
18501.000000,6974.000000,9929.000000,49320.000000
18679.000000,6928.000000,10028.000000,49244.000000
18604.000000,6786.000000,10058.000000,49324.000000
18636.000000,7003.000000,9972.000000,49164.000000
18667.000000,6784.000000,10018.000000,49263.000000
18640.000000,6898.000000,9929.000000,49249.000000
18634.000000,6825.000000,9972.000000,49309.000000
18617.000000,7047.000000,9684.000000,49221.000000
18479.000000,6813.000000,9912.000000,49400.000000
18594.000000,6904.000000,9961.000000,49238.000000
18461.000000,6796.000000,9987.000000,49255.000000
18596.000000,6806.000000,10002.000000,49297.000000
18581.000000,6810.000000,9839.000000,49229.000000
18670.000000,6849.000000,9938.000000,49214.000000
18593.000000,6829.000000,9865.000000,49191.000000
18639.000000,6856.000000,9934.000000,49224.000000
18628.000000,6910.000000,9740.000000,49245.000000
18599.000000,6834.000000,9881.000000,49273.000000
18601.000000,6818.000000,9923.000000,49253.000000
18477.000000,6808.000000,9821.000000,49269.000000
18481.000000,6761.000000,10028.000000,48929.000000
18508.000000,6782.000000,9941.000000,49223.000000
18533.000000,6801.000000,9948.000000,49257.000000
18550.000000,6742.000000,9867.000000,49211.000000
18386.000000,6585.000000,9725.000000,49185.000000
18491.000000,6745.000000,9801.000000,49171.000000
18456.000000,6726.000000,9831.000000,49172.000000
18378.000000,6742.000000,9783.000000,49176.000000
18350.000000,6725.000000,9835.000000,49134.000000
18410.000000,6655.000000,9682.000000,49285.000000
18528.000000,6674.000000,9812.000000,49196.000000
18384.000000,6773.000000,9569.000000,49158.000000
18428.000000,6892.000000,9751.000000,49114.000000
18384.000000,7061.000000,9697.000000,49031.000000
18274.000000,6733.000000,9755.000000,49213.000000
18442.000000,6739.000000,9775.000000,49144.000000
18394.000000,6815.000000,9835.000000,49192.000000
18443.000000,6737.000000,9700.000000,49208.000000
18431.000000,6744.000000,9891.000000,49132.000000
18379.000000,6670.000000,9758.000000,49189.000000
18477.000000,6721.000000,9874.000000,49153.000000
18433.000000,6800.000000,9829.000000,49114.000000
18290.000000,6803.000000,9693.000000,49077.000000
18375.000000,6666.000000,9934.000000,49245.000000
18332.000000,6847.000000,9825.000000,49189.000000
18650.000000,6771.000000,9892.000000,49181.000000
18555.000000,6922.000000,9838.000000,49082.000000
18474.000000,6810.000000,9836.000000,49271.000000
18515.000000,6883.000000,9917.000000,49213.000000
18550.000000,6840.000000,10056.000000,49271.000000
18489.000000,6831.000000,10042.000000,49249.000000
18567.000000,6781.000000,9886.000000,49203.000000
18553.000000,6840.000000,10059.000000,49242.000000
18643.000000,6853.000000,9925.000000,49325.000000
18493.000000,6825.000000,10003.000000,49269.000000
18625.000000,6767.000000,9954.000000,49265.000000
18724.000000,6992.000000,10086.000000,49414.000000
18656.000000,6870.000000,10105.000000,49338.000000
18585.000000,6895.000000,10122.000000,49310.000000
18706.000000,7152.000000,9956.000000,49278.000000
18672.000000,6995.000000,10139.000000,49403.000000
18861.000000,6928.000000,10218.000000,49402.000000
18648.000000,6940.000000,10269.000000,49362.000000
18811.000000,6885.000000,10277.000000,49473.000000
18860.000000,6940.000000,10395.000000,49478.000000
18992.000000,7096.000000,10401.000000,49457.000000
18842.000000,7120.000000,10337.000000,49498.000000
19048.000000,7218.000000,10441.000000,49523.000000
19081.000000,7178.000000,10563.000000,49635.000000
18985.000000,7186.000000,10426.000000,49543.000000
18953.000000,7274.000000,10598.000000,49559.000000
19103.000000,7355.000000,10707.000000,49682.000000
19305.000000,7411.000000,10917.000000,49462.000000
19241.000000,7408.000000,10767.000000,49690.000000
19179.000000,7399.000000,10796.000000,49916.000000
19316.000000,7515.000000,10894.000000,49753.000000
19484.000000,7555.000000,10889.000000,49652.000000
19415.000000,7497.000000,10925.000000,49809.000000
19290.000000,7487.000000,10867.000000,49797.000000
19334.000000,7585.000000,10997.000000,49906.000000
19457.000000,7565.000000,10948.000000,49743.000000
19294.000000,7467.000000,10838.000000,49784.000000
19333.000000,7481.000000,11022.000000,49823.000000
19374.000000,7520.000000,10922.000000,49873.000000
19341.000000,7527.000000,10908.000000,49793.000000
19383.000000,7566.000000,10931.000000,49944.000000
19250.000000,7413.000000,10739.000000,49712.000000
19290.000000,7478.000000,10845.000000,49794.000000
19228.000000,7411.000000,10858.000000,49650.000000
19348.000000,7457.000000,10825.000000,49775.000000
19214.000000,7451.000000,10773.000000,49627.000000
19247.000000,7554.000000,10798.000000,49695.000000
19290.000000,7472.000000,10807.000000,49760.000000
19194.000000,7435.000000,10802.000000,49773.000000
19041.000000,7412.000000,10764.000000,49717.000000
19247.000000,7281.000000,10740.000000,49694.000000
19325.000000,7372.000000,10743.000000,49652.000000
19165.000000,7387.000000,10689.000000,49738.000000
19184.000000,7324.000000,10693.000000,49679.000000
19132.000000,7346.000000,10638.000000,49624.000000
19250.000000,7399.000000,10803.000000,49713.000000
19180.000000,7378.000000,10853.000000,49630.000000
19242.000000,7297.000000,10644.000000,49552.000000
19170.000000,7268.000000,10734.000000,49580.000000
19169.000000,7317.000000,10714.000000,49663.000000
19053.000000,7287.000000,10608.000000,49574.000000
19076.000000,7349.000000,10600.000000,49581.000000
19238.000000,7264.000000,10618.000000,49659.000000
19055.000000,7305.000000,10580.000000,49634.000000
19052.000000,7244.000000,10703.000000,49562.000000
19026.000000,7293.000000,10615.000000,49604.000000
19063.000000,7421.000000,10612.000000,49564.000000
19063.000000,7249.000000,10572.000000,49553.000000
18901.000000,7206.000000,10492.000000,49601.000000
18915.000000,7284.000000,10387.000000,49588.000000
18998.000000,7223.000000,10600.000000,49620.000000
18960.000000,7175.000000,10530.000000,49545.000000
18931.000000,7258.000000,10605.000000,49412.000000
18996.000000,7141.000000,10526.000000,49429.000000
18922.000000,7233.000000,10432.000000,49503.000000
19102.000000,7192.000000,10491.000000,49504.000000
18810.000000,7051.000000,10481.000000,49532.000000
18978.000000,7069.000000,10404.000000,49549.000000
18939.000000,7200.000000,10432.000000,49544.000000
18866.000000,7198.000000,10381.000000,49455.000000
18699.000000,7049.000000,10462.000000,49463.000000
18893.000000,7107.000000,10329.000000,49468.000000
18803.000000,7120.000000,10344.000000,49473.000000
18819.000000,7173.000000,10321.000000,49434.000000
18608.000000,6818.000000,10314.000000,49364.000000
18845.000000,7082.000000,10420.000000,49371.000000
18770.000000,7065.000000,10224.000000,49322.000000
18785.000000,7002.000000,10376.000000,49331.000000
18622.000000,6933.000000,10210.000000,49376.000000
18689.000000,6887.000000,10206.000000,49199.000000
18733.000000,7101.000000,10297.000000,49479.000000
18772.000000,6907.000000,10223.000000,49394.000000
18762.000000,7009.000000,10190.000000,49307.000000
18626.000000,7018.000000,10213.000000,49536.000000
18788.000000,7011.000000,10211.000000,49364.000000
18599.000000,6773.000000,10188.000000,49354.000000
18750.000000,7063.000000,10227.000000,49236.000000
18773.000000,6985.000000,10100.000000,49374.000000
18671.000000,7027.000000,10187.000000,49417.000000
18545.000000,6918.000000,10131.000000,49466.000000
18662.000000,6824.000000,10109.000000,49285.000000
18547.000000,6912.000000,10121.000000,49380.000000
18759.000000,7010.000000,10178.000000,49535.000000
18526.000000,6946.000000,10077.000000,49333.000000
18563.000000,6930.000000,10123.000000,49331.000000
18592.000000,6939.000000,10176.000000,49352.000000
18549.000000,6901.000000,10113.000000,49380.000000
18555.000000,6920.000000,10208.000000,49219.000000
18577.000000,7006.000000,10165.000000,49339.000000
18577.000000,6994.000000,10146.000000,49326.000000
18610.000000,6909.000000,10117.000000,49357.000000
18490.000000,6909.000000,10101.000000,49319.000000
18585.000000,7003.000000,10042.000000,49309.000000
18676.000000,6761.000000,10176.000000,49433.000000
18601.000000,6881.000000,10046.000000,49318.000000
18535.000000,6927.000000,9967.000000,49537.000000
18583.000000,6925.000000,10086.000000,49331.000000
18640.000000,6896.000000,10122.000000,49334.000000
18687.000000,7000.000000,10085.000000,49299.000000
18440.000000,6939.000000,9989.000000,49341.000000
18645.000000,6846.000000,9964.000000,49337.000000
18663.000000,6895.000000,10088.000000,49475.000000
18565.000000,6889.000000,10043.000000,49301.000000
18378.000000,6783.000000,10094.000000,49324.000000
18653.000000,6902.000000,9998.000000,49415.000000
18670.000000,6932.000000,9968.000000,49244.000000
18452.000000,6870.000000,9870.000000,49319.000000
18427.000000,6855.000000,10059.000000,49224.000000
18513.000000,6857.000000,9994.000000,49339.000000
18478.000000,6848.000000,10019.000000,49231.000000
18415.000000,6775.000000,9980.000000,49291.000000
18363.000000,6688.000000,10084.000000,49281.000000
18463.000000,6811.000000,9936.000000,49267.000000
18544.000000,6877.000000,9874.000000,49229.000000
18403.000000,6753.000000,9951.000000,49203.000000
18451.000000,6696.000000,9883.000000,49240.000000
18410.000000,6827.000000,9986.000000,49261.000000
18370.000000,6794.000000,9945.000000,49239.000000
18441.000000,6799.000000,9964.000000,49310.000000
18392.000000,6681.000000,9918.000000,49230.000000
18485.000000,6891.000000,9882.000000,49219.000000
18472.000000,6867.000000,9931.000000,49348.000000
18393.000000,6721.000000,9973.000000,49287.000000
18580.000000,6815.000000,9923.000000,49338.000000
18592.000000,6685.000000,10023.000000,49192.000000
18459.000000,6918.000000,10014.000000,49353.000000
18414.000000,6810.000000,9930.000000,49307.000000
18415.000000,6802.000000,10027.000000,49368.000000
18595.000000,6875.000000,10070.000000,49354.000000
18506.000000,6919.000000,10097.000000,49295.000000
18632.000000,6889.000000,10013.000000,49316.000000
18588.000000,6905.000000,10133.000000,49349.000000
18538.000000,6895.000000,10185.000000,49397.000000
18616.000000,6901.000000,10082.000000,49274.000000
18408.000000,6965.000000,10141.000000,49392.000000
18561.000000,7003.000000,10181.000000,49408.000000
18541.000000,6932.000000,10127.000000,49397.000000
18685.000000,7023.000000,10373.000000,49264.000000
18534.000000,6966.000000,10220.000000,49343.000000
18729.000000,7010.000000,10289.000000,49479.000000
18677.000000,6940.000000,10197.000000,49458.000000
18672.000000,6943.000000,10258.000000,49518.000000
18707.000000,6924.000000,10345.000000,49472.000000
18682.000000,7092.000000,10428.000000,49474.000000
18733.000000,7058.000000,10355.000000,49515.000000
18732.000000,6949.000000,10415.000000,49532.000000
18663.000000,7157.000000,10477.000000,49422.000000
18757.000000,7089.000000,10494.000000,49582.000000
18976.000000,7108.000000,10476.000000,49629.000000
18850.000000,7216.000000,10481.000000,49574.000000
18704.000000,7060.000000,10500.000000,49610.000000
19022.000000,7266.000000,10600.000000,49716.000000
19003.000000,7253.000000,10619.000000,49570.000000
18901.000000,7305.000000,10634.000000,49505.000000
19040.000000,7206.000000,10886.000000,49773.000000
19160.000000,7292.000000,10818.000000,49716.000000
19203.000000,7384.000000,10854.000000,49781.000000
18983.000000,7472.000000,10958.000000,49774.000000
19185.000000,7374.000000,10899.000000,49782.000000
19268.000000,7639.000000,10873.000000,49818.000000
19378.000000,7489.000000,10969.000000,49804.000000
19317.000000,7432.000000,11065.000000,49863.000000
19359.000000,7553.000000,11121.000000,49968.000000
19563.000000,7520.000000,11176.000000,50060.000000
19353.000000,7631.000000,11124.000000,49990.000000
19330.000000,7696.000000,11197.000000,49997.000000
19436.000000,7626.000000,11083.000000,49938.000000
19344.000000,7523.000000,11116.000000,49885.000000
19363.000000,7721.000000,11140.000000,49988.000000
19331.000000,7568.000000,11165.000000,49892.000000
19481.000000,7676.000000,11143.000000,49964.000000
19324.000000,7581.000000,11148.000000,49903.000000
19316.000000,7606.000000,11139.000000,49962.000000
19399.000000,7586.000000,11122.000000,49862.000000
19402.000000,7585.000000,11176.000000,49831.000000
19365.000000,7599.000000,11068.000000,49950.000000
19507.000000,7599.000000,11084.000000,49740.000000
19293.000000,7560.000000,11042.000000,49906.000000
19399.000000,7531.000000,11090.000000,49926.000000
19253.000000,7616.000000,11041.000000,49830.000000
19435.000000,7405.000000,10936.000000,49829.000000
19082.000000,7486.000000,11050.000000,49804.000000
19284.000000,7517.000000,10985.000000,49900.000000
19217.000000,7441.000000,10945.000000,49914.000000
19268.000000,7523.000000,10999.000000,49877.000000
19143.000000,7452.000000,10969.000000,49820.000000
19297.000000,7588.000000,11018.000000,49924.000000
19256.000000,7464.000000,10992.000000,49795.000000
19081.000000,7531.000000,10913.000000,49824.000000
19148.000000,7615.000000,10852.000000,49695.000000
19272.000000,7522.000000,10952.000000,49852.000000
19224.000000,7401.000000,10908.000000,49826.000000
19136.000000,7552.000000,10909.000000,49808.000000
19204.000000,7455.000000,10940.000000,49822.000000
19120.000000,7357.000000,10726.000000,49851.000000
19049.000000,7384.000000,10749.000000,49776.000000
19090.000000,7460.000000,10892.000000,49716.000000
19225.000000,7303.000000,10844.000000,49762.000000
19232.000000,7368.000000,10857.000000,49730.000000
19222.000000,7435.000000,10804.000000,49742.000000
19107.000000,7285.000000,10890.000000,49743.000000
19057.000000,7293.000000,10791.000000,49664.000000
19185.000000,7350.000000,10846.000000,49706.000000
19282.000000,7343.000000,10769.000000,49716.000000
19016.000000,7288.000000,10715.000000,49695.000000
19137.000000,7332.000000,10695.000000,49661.000000
18943.000000,7368.000000,10689.000000,49667.000000
19028.000000,7357.000000,10826.000000,49776.000000
18957.000000,7304.000000,10696.000000,49560.000000
19024.000000,7311.000000,10630.000000,49615.000000
18995.000000,7351.000000,10709.000000,49693.000000
18902.000000,7321.000000,10706.000000,49671.000000
19087.000000,7156.000000,10628.000000,49592.000000
19022.000000,7318.000000,10599.000000,49670.000000
18873.000000,7190.000000,10691.000000,49706.000000
18929.000000,7366.000000,10593.000000,49681.000000
18857.000000,7341.000000,10475.000000,49562.000000
18944.000000,7259.000000,10648.000000,49566.000000
18858.000000,7279.000000,10547.000000,49662.000000
18904.000000,7247.000000,10545.000000,49621.000000
18897.000000,7066.000000,10578.000000,49613.000000
18758.000000,7219.000000,10530.000000,49531.000000
18831.000000,7172.000000,10480.000000,49637.000000
18776.000000,7139.000000,10538.000000,49540.000000
18732.000000,7197.000000,10675.000000,49477.000000
18926.000000,7168.000000,10598.000000,49589.000000
18690.000000,7095.000000,10404.000000,49580.000000
18790.000000,7005.000000,10446.000000,49531.000000
18717.000000,7065.000000,10407.000000,49568.000000
18808.000000,7195.000000,10485.000000,49534.000000
18844.000000,6977.000000,10480.000000,49545.000000
18623.000000,7140.000000,10377.000000,49498.000000
18701.000000,7126.000000,10443.000000,49468.000000
18784.000000,7245.000000,10545.000000,49509.000000
18742.000000,7077.000000,10426.000000,49610.000000
18671.000000,7073.000000,10429.000000,49539.000000
18609.000000,7020.000000,10498.000000,49552.000000
18792.000000,7047.000000,10401.000000,49507.000000
18634.000000,6972.000000,10606.000000,49445.000000
18578.000000,7124.000000,10468.000000,49423.000000
18722.000000,6962.000000,10467.000000,49496.000000
18760.000000,7161.000000,10358.000000,49566.000000
18735.000000,7283.000000,10438.000000,49530.000000
18536.000000,7073.000000,10425.000000,49586.000000
18520.000000,6986.000000,10404.000000,49565.000000
18813.000000,7086.000000,10390.000000,49539.000000
18742.000000,7121.000000,10437.000000,49532.000000
18665.000000,7056.000000,10340.000000,49551.000000
18693.000000,7098.000000,10373.000000,49439.000000
18704.000000,7044.000000,10420.000000,49500.000000
18660.000000,7064.000000,10429.000000,49485.000000
18809.000000,6943.000000,10233.000000,49544.000000
18805.000000,7097.000000,10377.000000,49435.000000
18661.000000,7094.000000,10330.000000,49599.000000
18711.000000,7037.000000,10424.000000,49528.000000
18751.000000,7076.000000,10328.000000,49619.000000
18698.000000,7042.000000,10353.000000,49499.000000
18965.000000,7032.000000,10379.000000,49493.000000
18685.000000,7073.000000,10315.000000,49531.000000
18649.000000,7061.000000,10362.000000,49465.000000
18639.000000,7142.000000,10364.000000,49461.000000
18751.000000,7019.000000,10266.000000,49424.000000
18712.000000,7128.000000,10334.000000,49582.000000
18671.000000,7045.000000,10399.000000,49371.000000
18533.000000,7120.000000,10276.000000,49474.000000
18722.000000,7070.000000,10453.000000,49490.000000
18732.000000,7082.000000,10442.000000,49549.000000
18643.000000,7024.000000,10503.000000,49409.000000
18684.000000,7090.000000,10248.000000,49558.000000
18751.000000,7030.000000,10369.000000,49548.000000
18725.000000,7046.000000,10400.000000,49477.000000
18720.000000,7207.000000,10308.000000,49409.000000
18740.000000,7030.000000,10413.000000,49565.000000
18756.000000,7001.000000,10345.000000,49514.000000
18674.000000,7121.000000,10337.000000,49576.000000
18717.000000,7067.000000,10436.000000,49545.000000
18618.000000,7114.000000,10366.000000,49590.000000
18784.000000,7289.000000,10308.000000,49587.000000
18772.000000,7060.000000,10490.000000,49618.000000
18683.000000,7197.000000,10416.000000,49531.000000
18789.000000,7081.000000,10427.000000,49593.000000
18715.000000,7099.000000,10474.000000,49702.000000
18674.000000,7023.000000,10427.000000,49712.000000
18712.000000,7107.000000,10641.000000,49630.000000
18917.000000,7161.000000,10538.000000,49638.000000
18828.000000,7119.000000,10504.000000,49740.000000
18969.000000,7139.000000,10585.000000,49654.000000
18763.000000,7185.000000,10655.000000,49745.000000
18899.000000,7159.000000,10506.000000,49732.000000
18829.000000,7195.000000,10633.000000,49628.000000
19040.000000,7211.000000,10578.000000,49879.000000
18937.000000,7193.000000,10668.000000,49750.000000
19050.000000,7214.000000,10639.000000,49638.000000
18930.000000,7307.000000,10745.000000,49695.000000
18879.000000,7245.000000,10740.000000,49733.000000
19027.000000,7203.000000,10758.000000,49688.000000
19102.000000,7460.000000,10892.000000,49784.000000
19114.000000,7354.000000,10841.000000,49810.000000
19211.000000,7318.000000,10858.000000,49860.000000
19254.000000,7464.000000,11025.000000,49857.000000
19198.000000,7488.000000,10998.000000,50027.000000
19280.000000,7530.000000,11001.000000,50050.000000
19240.000000,7537.000000,11216.000000,49845.000000
19350.000000,7522.000000,11189.000000,50115.000000
19364.000000,7590.000000,11026.000000,49818.000000
19525.000000,7727.000000,11332.000000,50063.000000
19496.000000,7664.000000,11291.000000,49994.000000
19542.000000,7654.000000,11373.000000,50135.000000
19611.000000,7900.000000,11486.000000,50179.000000
19624.000000,7782.000000,11641.000000,50177.000000
19563.000000,7788.000000,11583.000000,50262.000000
19647.000000,7807.000000,11597.000000,50128.000000
19604.000000,7843.000000,11645.000000,50250.000000
19668.000000,7898.000000,11511.000000,50135.000000
19549.000000,7810.000000,11374.000000,50164.000000
19708.000000,7843.000000,11538.000000,50227.000000
19588.000000,7931.000000,11577.000000,50281.000000
19749.000000,7861.000000,11594.000000,50353.000000
19587.000000,7899.000000,11574.000000,50177.000000
19765.000000,7852.000000,11586.000000,50323.000000
19652.000000,7777.000000,11484.000000,50224.000000
19728.000000,7817.000000,11468.000000,50278.000000
19644.000000,7846.000000,11489.000000,50110.000000
19780.000000,7872.000000,11585.000000,50148.000000
19481.000000,7768.000000,11496.000000,50159.000000
19648.000000,7731.000000,11504.000000,50066.000000
19572.000000,7858.000000,11426.000000,50001.000000
19588.000000,7777.000000,11467.000000,50245.000000
19602.000000,7736.000000,11418.000000,50042.000000
19463.000000,7792.000000,11414.000000,50123.000000
19572.000000,7783.000000,11473.000000,50028.000000
19653.000000,7781.000000,11376.000000,50184.000000
19567.000000,7847.000000,11267.000000,50239.000000
19475.000000,7706.000000,11403.000000,50195.000000
19615.000000,7749.000000,11369.000000,49979.000000
19470.000000,7869.000000,11602.000000,49988.000000
19508.000000,7756.000000,11365.000000,50120.000000
19432.000000,7619.000000,11260.000000,49992.000000
19551.000000,7691.000000,11330.000000,50003.000000
19492.000000,7743.000000,11073.000000,50319.000000
19468.000000,7526.000000,11297.000000,50034.000000
19489.000000,7512.000000,11311.000000,50029.000000
19459.000000,7649.000000,11149.000000,50132.000000
19515.000000,7557.000000,11239.000000,50004.000000
19594.000000,7655.000000,11212.000000,50010.000000
19486.000000,7498.000000,11323.000000,50059.000000
19465.000000,7674.000000,11246.000000,49976.000000
19525.000000,7518.000000,11150.000000,49958.000000
19422.000000,7531.000000,11208.000000,49995.000000
19347.000000,7475.000000,11199.000000,50149.000000
19338.000000,7606.000000,11109.000000,49965.000000
19410.000000,7604.000000,11089.000000,49959.000000
19405.000000,7629.000000,11100.000000,49916.000000
19304.000000,7576.000000,11200.000000,49927.000000
19367.000000,7536.000000,10968.000000,49834.000000
19310.000000,7592.000000,11142.000000,49984.000000
19264.000000,7485.000000,11163.000000,49894.000000
19079.000000,7511.000000,11213.000000,50028.000000
19338.000000,7572.000000,11056.000000,49984.000000
19210.000000,7559.000000,11087.000000,49927.000000
19160.000000,7510.000000,11100.000000,49902.000000
19125.000000,7454.000000,11050.000000,49859.000000
19195.000000,7392.000000,10988.000000,49955.000000
19149.000000,7487.000000,11036.000000,49886.000000
19184.000000,7482.000000,10936.000000,49875.000000
19239.000000,7555.000000,11137.000000,49881.000000
19192.000000,7437.000000,11068.000000,49821.000000
19141.000000,7421.000000,11022.000000,49824.000000
19187.000000,7389.000000,10986.000000,49880.000000
19066.000000,7385.000000,10890.000000,49856.000000
19102.000000,7391.000000,10897.000000,49864.000000
19246.000000,7286.000000,10925.000000,49883.000000
19064.000000,7433.000000,10924.000000,49882.000000
19135.000000,7407.000000,10960.000000,49737.000000
19140.000000,7394.000000,10845.000000,49710.000000
19154.000000,7390.000000,10919.000000,49807.000000
18969.000000,7418.000000,10908.000000,49815.000000
19189.000000,7408.000000,10790.000000,49793.000000
19251.000000,7554.000000,10791.000000,49831.000000
19176.000000,7346.000000,10908.000000,49845.000000
19049.000000,7313.000000,10921.000000,49746.000000
19158.000000,7463.000000,10823.000000,49814.000000
18988.000000,7402.000000,10775.000000,49858.000000
19000.000000,7380.000000,10836.000000,49811.000000
19083.000000,7301.000000,10842.000000,49829.000000
18983.000000,7384.000000,10853.000000,49798.000000
19087.000000,7352.000000,10858.000000,49807.000000
19037.000000,7347.000000,10922.000000,49834.000000
19038.000000,7465.000000,10733.000000,49780.000000
19056.000000,7460.000000,10801.000000,49823.000000
18994.000000,7325.000000,10841.000000,49854.000000
18947.000000,7482.000000,10598.000000,49863.000000
18913.000000,7290.000000,10913.000000,49819.000000
19056.000000,7358.000000,10850.000000,49746.000000
19001.000000,7221.000000,10840.000000,49912.000000
18951.000000,7403.000000,10731.000000,49855.000000
19051.000000,7364.000000,10722.000000,49747.000000
19052.000000,7354.000000,10802.000000,49799.000000
19043.000000,7358.000000,10785.000000,49801.000000
19061.000000,7362.000000,10840.000000,49818.000000
19064.000000,7343.000000,10785.000000,49774.000000
19063.000000,7302.000000,10823.000000,49713.000000
19018.000000,7324.000000,10744.000000,49776.000000
19036.000000,7334.000000,10674.000000,49725.000000
19075.000000,7266.000000,10647.000000,49644.000000
18979.000000,7339.000000,10748.000000,49780.000000
19191.000000,7330.000000,10804.000000,49812.000000
18736.000000,7406.000000,10745.000000,49924.000000
18929.000000,7274.000000,10721.000000,49740.000000
18960.000000,7294.000000,10711.000000,49634.000000
18981.000000,7237.000000,10716.000000,49747.000000
18956.000000,7220.000000,10732.000000,49687.000000
18810.000000,7232.000000,10761.000000,49757.000000
19014.000000,7254.000000,10714.000000,49719.000000
18962.000000,7270.000000,10768.000000,49884.000000
18948.000000,7241.000000,10671.000000,49608.000000
18966.000000,7344.000000,10625.000000,49864.000000
18927.000000,7388.000000,10562.000000,49762.000000
18904.000000,7264.000000,10717.000000,49781.000000
18716.000000,7239.000000,10753.000000,49752.000000
19029.000000,7284.000000,10863.000000,49811.000000
18996.000000,7342.000000,10900.000000,49798.000000
18900.000000,7330.000000,10793.000000,49807.000000
18919.000000,7308.000000,10818.000000,49786.000000
19002.000000,7258.000000,10753.000000,49748.000000
19194.000000,7363.000000,10846.000000,49763.000000
18901.000000,7374.000000,10749.000000,49753.000000
18800.000000,7211.000000,10790.000000,49725.000000
19009.000000,7313.000000,10963.000000,49793.000000
18884.000000,7314.000000,10859.000000,49682.000000
18885.000000,7338.000000,10984.000000,49785.000000
19027.000000,7224.000000,10922.000000,49789.000000
18940.000000,7356.000000,10913.000000,49827.000000
18955.000000,7551.000000,10898.000000,49816.000000
19049.000000,7406.000000,10924.000000,49793.000000
18973.000000,7354.000000,10903.000000,49790.000000
19054.000000,7453.000000,10923.000000,49846.000000
19177.000000,7387.000000,10881.000000,49828.000000
19114.000000,7396.000000,10988.000000,49869.000000
19167.000000,7387.000000,10920.000000,49916.000000
19149.000000,7426.000000,10969.000000,49869.000000
19236.000000,7625.000000,11207.000000,49967.000000
19181.000000,7575.000000,11008.000000,50083.000000
19234.000000,7444.000000,11139.000000,49906.000000
19273.000000,7550.000000,11158.000000,50053.000000
19279.000000,7507.000000,11185.000000,49963.000000
19317.000000,7688.000000,11151.000000,50066.000000
19245.000000,7539.000000,11289.000000,50098.000000
19459.000000,7702.000000,11371.000000,50119.000000
19501.000000,7667.000000,11291.000000,50097.000000
19480.000000,7738.000000,11416.000000,50131.000000
19474.000000,7717.000000,11529.000000,50251.000000
19489.000000,7842.000000,11566.000000,50274.000000
19709.000000,7884.000000,11612.000000,50231.000000
19605.000000,7849.000000,11703.000000,50303.000000
19739.000000,7888.000000,11726.000000,50356.000000
19653.000000,7879.000000,11802.000000,50210.000000
19810.000000,7980.000000,11826.000000,50359.000000
19820.000000,7870.000000,11794.000000,50324.000000
19867.000000,7943.000000,11865.000000,50471.000000
19827.000000,8062.000000,11844.000000,50425.000000
19902.000000,7979.000000,11857.000000,50349.000000
19692.000000,7929.000000,11608.000000,50361.000000
19806.000000,8074.000000,11768.000000,50452.000000
19806.000000,8015.000000,11824.000000,50244.000000
19803.000000,8040.000000,11771.000000,50316.000000
19748.000000,7919.000000,11804.000000,50234.000000
19822.000000,8080.000000,11729.000000,50298.000000
19782.000000,8062.000000,11825.000000,50336.000000
19788.000000,7916.000000,11718.000000,50264.000000
19676.000000,7829.000000,11614.000000,50330.000000
19702.000000,8132.000000,11777.000000,50280.000000
19854.000000,7954.000000,11598.000000,50190.000000
19765.000000,7926.000000,11741.000000,50285.000000
19616.000000,7856.000000,11687.000000,50233.000000
19729.000000,7956.000000,11698.000000,50300.000000
19636.000000,7925.000000,11582.000000,50286.000000
19674.000000,7860.000000,11588.000000,50401.000000
19572.000000,7891.000000,11611.000000,50190.000000
19696.000000,7944.000000,11652.000000,50246.000000
19734.000000,7792.000000,11560.000000,50220.000000
19520.000000,7805.000000,11589.000000,50280.000000
19516.000000,7811.000000,11574.000000,50171.000000
19610.000000,7727.000000,11482.000000,50230.000000
19648.000000,7781.000000,11557.000000,50212.000000
19640.000000,7759.000000,11597.000000,50219.000000
19461.000000,7810.000000,11525.000000,50214.000000
19677.000000,7765.000000,11505.000000,50171.000000
19519.000000,7807.000000,11571.000000,50204.000000
19492.000000,7715.000000,11537.000000,50244.000000
19462.000000,7894.000000,11422.000000,50146.000000
19453.000000,7917.000000,11542.000000,50143.000000
19487.000000,7576.000000,11503.000000,50158.000000
19479.000000,7734.000000,11439.000000,50100.000000
19517.000000,7630.000000,11431.000000,50113.000000
19436.000000,7705.000000,11234.000000,50068.000000
19487.000000,7765.000000,11409.000000,50083.000000
19330.000000,7556.000000,11404.000000,50059.000000
19459.000000,7724.000000,11315.000000,50032.000000
19468.000000,7722.000000,11347.000000,50074.000000
19361.000000,7670.000000,11311.000000,50166.000000
19385.000000,7667.000000,11335.000000,50090.000000
19420.000000,7714.000000,11337.000000,50100.000000
19415.000000,7542.000000,11302.000000,49920.000000
19491.000000,7674.000000,11278.000000,50061.000000
19307.000000,7744.000000,11279.000000,49975.000000
19314.000000,7648.000000,11231.000000,50033.000000
19441.000000,7586.000000,11236.000000,50060.000000
19383.000000,7563.000000,11056.000000,50029.000000
19342.000000,7465.000000,11193.000000,50162.000000
19367.000000,7643.000000,11185.000000,49945.000000
19243.000000,7576.000000,11161.000000,50033.000000
19315.000000,7534.000000,11244.000000,50075.000000
19257.000000,7506.000000,11177.000000,50057.000000
19284.000000,7570.000000,11119.000000,49979.000000
19324.000000,7536.000000,11177.000000,49975.000000
19312.000000,7587.000000,11176.000000,50041.000000
19281.000000,7565.000000,11261.000000,49917.000000
19345.000000,7598.000000,11095.000000,50040.000000
19215.000000,7536.000000,11230.000000,50031.000000
19225.000000,7438.000000,11199.000000,50013.000000
19355.000000,7416.000000,11261.000000,50009.000000
19307.000000,7528.000000,11116.000000,49999.000000
19175.000000,7584.000000,11247.000000,49937.000000
19257.000000,7292.000000,10880.000000,50086.000000
19125.000000,7534.000000,11052.000000,49914.000000
19181.000000,7489.000000,10928.000000,49788.000000
19123.000000,7461.000000,11040.000000,49925.000000
19069.000000,7476.000000,11056.000000,49898.000000
19126.000000,7497.000000,11065.000000,49921.000000
19216.000000,7439.000000,11057.000000,49915.000000
19173.000000,7482.000000,11037.000000,49916.000000
19113.000000,7358.000000,11053.000000,49921.000000
19288.000000,7481.000000,11139.000000,49900.000000
19232.000000,7499.000000,11055.000000,49727.000000
19188.000000,7467.000000,11151.000000,49968.000000
19160.000000,7436.000000,11060.000000,50008.000000
19213.000000,7435.000000,11022.000000,49826.000000
19228.000000,7424.000000,11364.000000,49952.000000
19176.000000,7473.000000,11065.000000,49958.000000
18961.000000,7447.000000,11015.000000,49922.000000
19183.000000,7480.000000,11035.000000,49889.000000
19175.000000,7525.000000,11046.000000,49914.000000
19133.000000,7603.000000,11127.000000,49983.000000
19169.000000,7490.000000,11032.000000,49844.000000
19150.000000,7389.000000,11061.000000,49875.000000
19133.000000,7440.000000,10989.000000,49979.000000
19280.000000,7287.000000,10959.000000,49908.000000
19063.000000,7549.000000,11001.000000,49899.000000
19089.000000,7456.000000,10997.000000,49773.000000
19123.000000,7438.000000,11071.000000,49933.000000
19027.000000,7454.000000,10974.000000,49946.000000
19057.000000,7295.000000,10917.000000,49882.000000
19087.000000,7465.000000,10942.000000,49849.000000
19056.000000,7367.000000,11000.000000,49859.000000
19044.000000,7466.000000,10936.000000,49850.000000
18987.000000,7441.000000,10842.000000,49849.000000
19020.000000,7257.000000,10967.000000,49909.000000
19085.000000,7368.000000,10931.000000,49845.000000
18969.000000,7416.000000,10918.000000,49778.000000
19131.000000,7449.000000,11151.000000,49990.000000
19145.000000,7372.000000,10891.000000,49889.000000
19069.000000,7399.000000,10957.000000,49858.000000
19023.000000,7411.000000,11005.000000,49922.000000
18943.000000,7332.000000,11032.000000,49893.000000
19143.000000,7461.000000,10982.000000,49917.000000
19068.000000,7375.000000,10999.000000,49870.000000
19110.000000,7434.000000,10960.000000,49882.000000
19107.000000,7335.000000,10968.000000,49940.000000
19252.000000,7420.000000,10957.000000,49898.000000
19101.000000,7529.000000,10967.000000,49953.000000
18905.000000,7366.000000,11042.000000,49869.000000
18978.000000,7266.000000,11033.000000,49890.000000
19216.000000,7521.000000,11044.000000,49849.000000
19133.000000,7484.000000,10995.000000,49957.000000
19084.000000,7549.000000,10964.000000,49721.000000
19161.000000,7468.000000,11098.000000,49911.000000
19206.000000,7408.000000,10960.000000,49935.000000
19249.000000,7503.000000,11123.000000,49861.000000
19094.000000,7462.000000,11090.000000,49932.000000
19179.000000,7457.000000,11128.000000,49922.000000
19200.000000,7540.000000,11066.000000,49961.000000
19195.000000,7566.000000,11182.000000,49986.000000
19066.000000,7605.000000,11207.000000,49913.000000
19305.000000,7521.000000,11169.000000,49936.000000
19434.000000,7472.000000,11175.000000,50006.000000
19164.000000,7487.000000,11337.000000,50073.000000
19170.000000,7570.000000,11209.000000,50071.000000
19435.000000,7583.000000,11317.000000,50064.000000
19354.000000,7623.000000,11244.000000,50243.000000
19361.000000,7752.000000,11346.000000,50120.000000
19256.000000,7679.000000,11439.000000,50143.000000
19512.000000,7725.000000,11471.000000,50101.000000
19500.000000,7684.000000,11410.000000,50184.000000
19498.000000,7770.000000,11560.000000,50238.000000
19379.000000,7667.000000,11587.000000,50318.000000
19625.000000,7853.000000,11696.000000,50346.000000
19765.000000,7907.000000,11771.000000,50355.000000
19710.000000,7844.000000,11759.000000,50289.000000
19719.000000,7845.000000,11846.000000,50390.000000
19916.000000,8177.000000,11963.000000,50408.000000
19891.000000,8041.000000,12009.000000,50459.000000
19973.000000,8164.000000,12040.000000,50532.000000
19918.000000,8133.000000,12045.000000,50380.000000
20037.000000,8254.000000,12050.000000,50531.000000
20056.000000,8232.000000,12088.000000,50543.000000
20079.000000,8310.000000,12191.000000,50429.000000
20033.000000,8285.000000,12161.000000,50548.000000
20097.000000,8286.000000,12137.000000,50480.000000
20040.000000,8234.000000,11965.000000,50578.000000
20020.000000,8252.000000,12231.000000,50622.000000
19967.000000,8296.000000,12205.000000,50574.000000
20155.000000,8216.000000,12265.000000,50477.000000
19981.000000,8218.000000,12171.000000,50497.000000
20008.000000,8126.000000,12080.000000,50532.000000
19966.000000,8209.000000,12028.000000,50500.000000
20027.000000,8236.000000,12050.000000,50447.000000
20045.000000,8286.000000,12075.000000,50490.000000
19944.000000,8135.000000,11994.000000,50541.000000
19981.000000,8172.000000,12069.000000,50476.000000
20023.000000,8173.000000,12058.000000,50489.000000
19900.000000,8152.000000,12016.000000,50426.000000
19896.000000,8188.000000,11904.000000,50543.000000
19950.000000,8099.000000,11981.000000,50483.000000
20005.000000,8139.000000,11927.000000,50431.000000
19933.000000,8104.000000,11980.000000,50448.000000
19845.000000,8052.000000,11860.000000,50367.000000
19866.000000,8068.000000,11925.000000,50391.000000
20052.000000,8106.000000,11921.000000,50382.000000
19889.000000,8064.000000,11994.000000,50410.000000
19790.000000,8059.000000,12066.000000,50461.000000
19903.000000,8007.000000,11872.000000,50452.000000
19862.000000,8057.000000,11916.000000,50340.000000
19771.000000,8090.000000,11794.000000,50391.000000
19721.000000,7906.000000,11770.000000,50370.000000
19676.000000,8205.000000,11637.000000,50535.000000
19908.000000,7989.000000,11853.000000,50298.000000
19802.000000,8091.000000,11827.000000,50306.000000
19704.000000,7996.000000,11766.000000,50312.000000
19867.000000,7999.000000,11811.000000,50411.000000
19808.000000,7921.000000,11803.000000,50258.000000
19882.000000,7940.000000,11752.000000,50303.000000
19670.000000,7839.000000,11772.000000,50276.000000
19824.000000,7879.000000,11682.000000,50324.000000
19737.000000,7906.000000,11729.000000,50321.000000
19757.000000,7829.000000,11673.000000,50280.000000
19565.000000,7890.000000,11626.000000,50268.000000
19766.000000,7951.000000,11563.000000,50258.000000
19742.000000,7893.000000,11670.000000,50195.000000
19630.000000,7830.000000,11664.000000,50253.000000
19586.000000,7836.000000,11694.000000,50153.000000
19635.000000,7875.000000,11649.000000,50198.000000
19628.000000,7869.000000,11508.000000,50222.000000
19522.000000,7840.000000,11550.000000,50353.000000
19383.000000,7781.000000,11642.000000,50298.000000
19641.000000,7785.000000,11612.000000,50168.000000
19593.000000,7829.000000,11598.000000,50174.000000
19462.000000,7800.000000,11542.000000,50257.000000
19550.000000,7844.000000,11498.000000,50257.000000
19597.000000,7771.000000,11477.000000,50196.000000
19568.000000,7824.000000,11510.000000,50195.000000
19325.000000,7698.000000,11618.000000,50079.000000
19527.000000,7774.000000,11455.000000,50168.000000
19571.000000,7806.000000,11363.000000,50103.000000
19494.000000,7818.000000,11485.000000,50150.000000
19419.000000,7655.000000,11487.000000,50117.000000
19507.000000,7738.000000,11397.000000,50139.000000
19499.000000,7781.000000,11497.000000,50070.000000
19598.000000,7810.000000,11459.000000,50147.000000
19366.000000,7613.000000,11349.000000,50160.000000
19460.000000,7678.000000,11407.000000,50163.000000
19393.000000,7696.000000,11341.000000,50115.000000
19384.000000,7653.000000,11293.000000,50079.000000
19474.000000,7881.000000,11325.000000,50055.000000
19622.000000,7614.000000,11304.000000,50337.000000
19461.000000,7700.000000,11426.000000,50157.000000
19367.000000,7616.000000,11376.000000,50085.000000
19415.000000,7526.000000,11112.000000,50039.000000
19433.000000,7616.000000,11422.000000,50040.000000
19502.000000,7667.000000,11344.000000,50152.000000
19323.000000,7669.000000,11356.000000,50203.000000
19251.000000,7643.000000,11191.000000,50119.000000
19507.000000,7628.000000,11310.000000,50112.000000
19359.000000,7657.000000,11320.000000,50102.000000
19315.000000,7592.000000,11354.000000,50071.000000
19337.000000,7543.000000,11209.000000,50090.000000
19392.000000,7730.000000,11371.000000,50073.000000
19376.000000,7489.000000,11343.000000,50086.000000
19321.000000,7662.000000,11254.000000,50080.000000
19305.000000,7633.000000,11310.000000,50038.000000
19345.000000,7713.000000,11246.000000,50100.000000
19385.000000,7636.000000,11297.000000,50012.000000
19375.000000,7637.000000,11291.000000,50266.000000
19264.000000,7643.000000,11187.000000,49920.000000
19275.000000,7675.000000,11267.000000,50087.000000
19348.000000,7710.000000,11319.000000,50052.000000
19242.000000,7573.000000,11238.000000,49984.000000
19408.000000,7618.000000,11334.000000,50004.000000
19406.000000,7586.000000,11414.000000,50069.000000
19359.000000,7567.000000,11195.000000,49974.000000
19161.000000,7449.000000,11236.000000,50067.000000
19286.000000,7609.000000,11197.000000,50007.000000
19244.000000,7567.000000,11220.000000,50034.000000
19356.000000,7562.000000,11167.000000,50011.000000
19189.000000,7439.000000,11250.000000,49962.000000
19198.000000,7569.000000,11215.000000,49987.000000
19150.000000,7604.000000,11176.000000,49856.000000
19456.000000,7428.000000,11158.000000,50009.000000
19179.000000,7520.000000,11245.000000,50040.000000
19138.000000,7564.000000,11188.000000,49950.000000
19234.000000,7469.000000,10994.000000,50065.000000
19156.000000,7550.000000,11057.000000,50002.000000
19065.000000,7474.000000,10983.000000,49956.000000
19172.000000,7556.000000,11091.000000,49960.000000
19278.000000,7459.000000,11091.000000,50025.000000
19168.000000,7549.000000,11068.000000,49982.000000
19331.000000,7288.000000,11045.000000,49980.000000
19293.000000,7484.000000,11115.000000,50007.000000
19274.000000,7345.000000,11097.000000,50039.000000
19223.000000,7535.000000,11062.000000,49988.000000
19227.000000,7605.000000,11158.000000,49918.000000
19194.000000,7468.000000,11123.000000,50127.000000
19058.000000,7553.000000,11166.000000,50065.000000
19277.000000,7530.000000,11130.000000,49998.000000
19179.000000,7542.000000,11172.000000,50021.000000
19261.000000,7477.000000,11178.000000,50067.000000
19237.000000,7578.000000,11186.000000,50067.000000
19178.000000,7495.000000,11095.000000,50056.000000
19345.000000,7493.000000,11192.000000,49959.000000
19296.000000,7445.000000,11142.000000,49960.000000
19255.000000,7612.000000,11201.000000,50020.000000
19192.000000,7523.000000,11167.000000,50022.000000
19285.000000,7393.000000,11233.000000,50070.000000
19323.000000,7581.000000,11176.000000,50116.000000
19387.000000,7578.000000,11241.000000,50080.000000
19344.000000,7657.000000,11223.000000,50082.000000
19411.000000,7566.000000,11254.000000,50183.000000
19468.000000,7563.000000,11352.000000,50077.000000
19386.000000,7655.000000,11295.000000,50137.000000
19338.000000,7660.000000,11393.000000,50106.000000
19448.000000,7634.000000,11437.000000,50127.000000
19549.000000,7760.000000,11440.000000,50203.000000
19554.000000,7578.000000,11538.000000,50173.000000
19221.000000,7878.000000,11367.000000,50174.000000
19581.000000,7846.000000,11625.000000,50285.000000
19666.000000,7826.000000,11705.000000,50405.000000
19681.000000,7883.000000,11719.000000,50333.000000
19756.000000,7870.000000,11873.000000,50388.000000
19601.000000,7996.000000,11810.000000,50349.000000
19906.000000,8062.000000,11959.000000,50460.000000
19771.000000,8072.000000,12011.000000,50517.000000
19897.000000,8070.000000,11967.000000,50460.000000
19984.000000,8130.000000,12156.000000,50518.000000
20029.000000,8153.000000,12075.000000,50508.000000
20004.000000,8253.000000,12198.000000,50516.000000
20125.000000,8409.000000,11971.000000,50656.000000
20001.000000,8241.000000,12179.000000,50557.000000
20021.000000,8278.000000,12080.000000,50719.000000
20055.000000,8189.000000,12140.000000,50534.000000
19996.000000,8351.000000,12091.000000,50647.000000
20236.000000,8245.000000,12109.000000,50491.000000
20067.000000,8220.000000,12139.000000,50507.000000
20092.000000,8245.000000,12092.000000,50364.000000
19841.000000,7992.000000,12212.000000,50561.000000
20131.000000,8180.000000,12071.000000,50469.000000
20036.000000,8080.000000,12203.000000,50576.000000
19938.000000,7995.000000,12203.000000,50434.000000
19962.000000,8135.000000,12063.000000,50478.000000
19927.000000,8278.000000,12046.000000,50537.000000
19901.000000,8098.000000,12019.000000,50544.000000
19912.000000,8125.000000,11922.000000,50310.000000
19919.000000,8096.000000,12076.000000,50428.000000
19980.000000,8174.000000,12011.000000,50474.000000
19975.000000,8032.000000,11932.000000,50590.000000
19885.000000,8143.000000,11934.000000,50419.000000
19936.000000,8079.000000,11905.000000,50443.000000
19984.000000,8099.000000,11958.000000,50365.000000
19908.000000,8062.000000,11953.000000,50498.000000
19797.000000,7912.000000,11872.000000,50442.000000
19831.000000,8139.000000,11859.000000,50453.000000
19825.000000,7984.000000,11764.000000,50412.000000
19811.000000,8083.000000,11856.000000,50398.000000
19960.000000,8047.000000,11878.000000,50453.000000
19770.000000,7980.000000,11963.000000,50485.000000
19945.000000,8032.000000,11821.000000,50387.000000
19832.000000,7971.000000,11861.000000,50357.000000
19749.000000,7732.000000,11863.000000,50341.000000
19781.000000,7990.000000,11862.000000,50359.000000
19867.000000,7978.000000,11774.000000,50474.000000
19832.000000,8020.000000,11772.000000,50361.000000
19696.000000,7841.000000,11757.000000,50359.000000
19745.000000,7954.000000,11693.000000,50385.000000
19754.000000,7951.000000,11707.000000,50385.000000
19649.000000,8012.000000,11609.000000,50477.000000
19679.000000,7906.000000,11716.000000,50259.000000
19845.000000,7958.000000,11693.000000,50256.000000
19651.000000,7791.000000,11683.000000,50235.000000
19723.000000,7967.000000,11710.000000,50241.000000
19562.000000,7862.000000,11749.000000,50180.000000
19671.000000,7763.000000,11678.000000,50186.000000
19571.000000,7890.000000,11622.000000,50317.000000
19632.000000,7827.000000,11711.000000,50158.000000
19400.000000,7834.000000,11545.000000,50218.000000
19528.000000,7835.000000,11543.000000,50220.000000
19545.000000,7787.000000,11643.000000,50358.000000
19597.000000,7846.000000,11549.000000,50307.000000
19444.000000,7893.000000,11512.000000,50273.000000
19604.000000,7825.000000,11514.000000,50214.000000
19535.000000,7741.000000,11530.000000,50210.000000
19485.000000,7725.000000,11456.000000,50227.000000
19542.000000,7733.000000,11491.000000,50235.000000
19576.000000,7816.000000,11514.000000,50219.000000
19311.000000,7674.000000,11459.000000,50205.000000
19471.000000,7723.000000,11515.000000,50199.000000
19447.000000,7783.000000,11432.000000,50066.000000
19426.000000,7739.000000,11387.000000,50158.000000
19511.000000,7880.000000,11457.000000,50079.000000
19282.000000,7688.000000,11264.000000,50182.000000
19326.000000,7627.000000,11431.000000,50153.000000
19477.000000,7820.000000,11405.000000,50036.000000
19400.000000,7667.000000,11410.000000,49977.000000
19227.000000,7605.000000,11208.000000,50152.000000
19448.000000,7684.000000,11402.000000,50099.000000
19365.000000,7719.000000,11271.000000,50138.000000
19365.000000,7697.000000,11392.000000,50119.000000
19287.000000,7686.000000,11371.000000,50124.000000
19409.000000,7664.000000,11332.000000,50166.000000
19452.000000,7728.000000,11410.000000,50023.000000
19419.000000,7732.000000,11280.000000,50076.000000
19603.000000,7689.000000,11176.000000,50143.000000
19591.000000,7712.000000,11145.000000,50063.000000
19487.000000,7713.000000,11328.000000,50094.000000
19413.000000,7733.000000,11368.000000,50053.000000
19342.000000,7592.000000,11338.000000,50248.000000
19398.000000,7687.000000,11249.000000,50250.000000
19455.000000,7744.000000,11322.000000,50125.000000
19284.000000,7622.000000,11273.000000,50268.000000
19345.000000,7558.000000,11315.000000,50124.000000
19387.000000,7648.000000,11166.000000,50094.000000
19423.000000,7621.000000,11240.000000,50038.000000
19304.000000,7632.000000,11321.000000,50150.000000
19341.000000,7499.000000,11352.000000,50078.000000
19287.000000,7638.000000,11285.000000,50181.000000
19494.000000,7671.000000,11288.000000,50010.000000
19377.000000,7705.000000,11338.000000,50062.000000
19238.000000,7576.000000,11220.000000,50084.000000
19197.000000,7570.000000,11230.000000,50102.000000
19338.000000,7623.000000,11271.000000,50228.000000
19299.000000,7581.000000,11332.000000,50060.000000
19307.000000,7472.000000,11207.000000,50085.000000
19304.000000,7567.000000,11191.000000,50015.000000
19297.000000,7584.000000,11195.000000,50062.000000
19190.000000,7586.000000,11164.000000,50020.000000
19152.000000,7493.000000,11103.000000,49954.000000
19302.000000,7515.000000,11152.000000,50023.000000
19163.000000,7554.000000,11212.000000,49993.000000
19150.000000,7653.000000,11243.000000,50019.000000
19210.000000,7497.000000,11243.000000,50014.000000
19249.000000,7580.000000,11184.000000,50000.000000
19183.000000,7640.000000,11103.000000,50049.000000
19059.000000,7505.000000,11003.000000,50126.000000
19098.000000,7427.000000,11149.000000,49933.000000
19169.000000,7429.000000,11079.000000,50003.000000
19197.000000,7512.000000,11133.000000,49927.000000
19190.000000,7491.000000,11209.000000,49983.000000
19228.000000,7484.000000,11082.000000,50047.000000
19082.000000,7513.000000,11188.000000,49930.000000
19275.000000,7477.000000,11219.000000,49988.000000
19085.000000,7610.000000,11222.000000,49922.000000
19013.000000,7615.000000,11106.000000,50100.000000
19214.000000,7598.000000,10975.000000,49858.000000
19074.000000,7552.000000,11146.000000,50053.000000
19241.000000,7671.000000,11093.000000,50018.000000
19298.000000,7598.000000,11260.000000,49994.000000
19183.000000,7351.000000,11057.000000,50194.000000
19205.000000,7629.000000,11315.000000,50055.000000
19162.000000,7527.000000,11163.000000,50083.000000
19392.000000,7537.000000,11219.000000,49915.000000
19296.000000,7631.000000,11205.000000,50091.000000
19287.000000,7602.000000,11165.000000,50085.000000
19241.000000,7530.000000,11277.000000,50046.000000
19438.000000,7570.000000,11216.000000,50073.000000
19301.000000,7571.000000,11150.000000,50152.000000
19370.000000,7617.000000,11219.000000,50105.000000
19292.000000,7575.000000,11266.000000,50096.000000
19432.000000,7581.000000,11503.000000,50194.000000
19383.000000,7593.000000,11275.000000,50065.000000
19254.000000,7502.000000,11383.000000,50026.000000
19308.000000,7616.000000,11361.000000,50138.000000
19444.000000,7654.000000,11474.000000,50218.000000
19446.000000,7675.000000,11474.000000,50279.000000
19403.000000,7635.000000,11529.000000,50209.000000
19566.000000,7742.000000,11604.000000,50287.000000
19556.000000,7816.000000,11616.000000,50319.000000
19642.000000,7874.000000,11828.000000,50353.000000
19570.000000,7816.000000,11820.000000,50150.000000
19751.000000,7936.000000,11782.000000,50369.000000
19872.000000,7996.000000,11925.000000,50375.000000
19756.000000,8064.000000,11950.000000,50410.000000
19835.000000,8123.000000,11927.000000,50470.000000
19959.000000,8142.000000,12013.000000,50623.000000
20161.000000,8151.000000,12119.000000,50488.000000
20054.000000,8270.000000,12197.000000,50585.000000
19997.000000,8145.000000,12235.000000,50533.000000
20248.000000,8269.000000,12160.000000,50713.000000
20109.000000,8472.000000,12272.000000,50753.000000
20122.000000,8267.000000,12137.000000,50523.000000
19978.000000,8254.000000,12381.000000,50524.000000
20150.000000,8158.000000,12164.000000,50524.000000
20059.000000,8359.000000,12228.000000,50593.000000
20063.000000,8231.000000,12148.000000,50567.000000
20065.000000,8192.000000,12162.000000,50583.000000
20125.000000,8193.000000,12144.000000,50572.000000
20007.000000,8247.000000,12165.000000,50517.000000
19937.000000,8297.000000,12178.000000,50426.000000
19842.000000,8198.000000,12063.000000,50473.000000
19953.000000,8212.000000,12074.000000,50570.000000
19980.000000,8253.000000,12110.000000,50428.000000
19972.000000,8243.000000,11996.000000,50428.000000
19921.000000,8060.000000,12002.000000,50503.000000
19928.000000,8166.000000,11953.000000,50622.000000
20033.000000,8194.000000,12004.000000,50474.000000
19988.000000,8194.000000,11983.000000,50386.000000
19955.000000,8061.000000,11998.000000,50441.000000
19920.000000,8043.000000,11981.000000,50550.000000
19820.000000,8029.000000,11912.000000,50428.000000
19862.000000,8088.000000,12017.000000,50514.000000
19875.000000,8042.000000,11917.000000,50371.000000
19906.000000,8117.000000,11877.000000,50628.000000
19878.000000,8000.000000,11870.000000,50386.000000
19743.000000,8030.000000,11917.000000,50366.000000
19658.000000,8108.000000,11948.000000,50306.000000
19878.000000,8072.000000,11864.000000,50431.000000
19778.000000,8064.000000,11815.000000,50426.000000
19810.000000,7992.000000,11785.000000,50477.000000
19707.000000,7926.000000,11762.000000,50460.000000
19830.000000,8010.000000,11787.000000,50398.000000
19713.000000,7947.000000,11807.000000,50313.000000
19669.000000,7969.000000,11664.000000,50392.000000
19709.000000,7867.000000,11767.000000,50298.000000
19681.000000,7956.000000,11731.000000,50373.000000
19646.000000,7834.000000,11907.000000,50330.000000
19693.000000,7814.000000,11850.000000,50452.000000
19739.000000,7942.000000,11683.000000,50268.000000
19894.000000,7874.000000,11510.000000,50395.000000
19631.000000,7943.000000,11581.000000,50352.000000
19527.000000,7814.000000,11717.000000,50295.000000
19637.000000,7844.000000,11627.000000,50237.000000
19712.000000,7927.000000,11548.000000,50231.000000
19602.000000,7891.000000,11636.000000,50256.000000
19612.000000,7835.000000,11587.000000,50271.000000
19626.000000,7849.000000,11594.000000,50253.000000
19641.000000,7848.000000,11633.000000,50266.000000
19615.000000,7746.000000,11545.000000,50231.000000
19423.000000,7717.000000,11731.000000,50227.000000
19543.000000,7789.000000,11546.000000,50182.000000
19476.000000,7756.000000,11584.000000,50152.000000
19589.000000,7486.000000,11492.000000,50041.000000
19392.000000,7812.000000,11478.000000,50240.000000
19414.000000,7742.000000,11553.000000,50145.000000
19498.000000,7710.000000,11347.000000,50115.000000
19565.000000,7867.000000,11350.000000,50037.000000
19395.000000,7565.000000,11546.000000,50086.000000
19436.000000,7747.000000,11538.000000,50252.000000
19438.000000,7701.000000,11450.000000,50127.000000
19475.000000,7777.000000,11377.000000,50028.000000
19377.000000,7830.000000,11394.000000,50170.000000
19397.000000,7732.000000,11365.000000,50170.000000
19479.000000,7910.000000,11295.000000,49976.000000
19395.000000,7651.000000,11282.000000,50298.000000
19263.000000,7722.000000,11347.000000,50085.000000
19402.000000,7569.000000,11308.000000,50088.000000
19339.000000,7624.000000,11332.000000,50133.000000
19305.000000,7734.000000,11399.000000,50123.000000
19362.000000,7569.000000,11262.000000,50104.000000
19374.000000,7634.000000,11310.000000,50086.000000
19400.000000,7601.000000,11293.000000,50072.000000
19369.000000,7569.000000,11278.000000,50065.000000
19329.000000,7492.000000,11290.000000,50036.000000
19454.000000,7631.000000,11259.000000,50090.000000
19262.000000,7664.000000,11184.000000,50001.000000
19338.000000,7646.000000,11248.000000,50004.000000
19259.000000,7538.000000,11239.000000,50056.000000
19336.000000,7600.000000,11262.000000,50126.000000
19314.000000,7623.000000,11279.000000,50090.000000
19246.000000,7569.000000,11216.000000,50130.000000
19341.000000,7638.000000,11305.000000,50137.000000
19313.000000,7557.000000,11178.000000,50240.000000
19366.000000,7641.000000,11363.000000,50017.000000
19383.000000,7538.000000,11281.000000,50055.000000
19329.000000,7609.000000,11198.000000,50115.000000
19355.000000,7623.000000,11307.000000,50104.000000
19401.000000,7614.000000,11265.000000,50078.000000
19222.000000,7636.000000,11291.000000,50082.000000
19321.000000,7592.000000,11267.000000,50034.000000
19189.000000,7359.000000,11255.000000,50045.000000
19255.000000,7573.000000,11350.000000,50019.000000
19254.000000,7535.000000,11263.000000,50091.000000
19304.000000,7563.000000,11191.000000,50060.000000
19148.000000,7459.000000,11180.000000,50050.000000
19269.000000,7624.000000,11272.000000,50045.000000
19167.000000,7467.000000,11071.000000,50029.000000
19291.000000,7583.000000,11108.000000,50035.000000
19232.000000,7480.000000,11113.000000,49959.000000
19212.000000,7514.000000,11136.000000,50040.000000
19156.000000,7468.000000,11142.000000,49888.000000
19219.000000,7423.000000,11033.000000,50173.000000
19168.000000,7636.000000,11097.000000,50007.000000
19130.000000,7423.000000,11054.000000,50053.000000
19079.000000,7455.000000,11068.000000,49941.000000
19195.000000,7550.000000,11121.000000,49919.000000
19239.000000,7617.000000,11128.000000,50026.000000
19016.000000,7456.000000,11085.000000,49965.000000
19218.000000,7511.000000,11128.000000,49984.000000
19163.000000,7470.000000,11296.000000,49990.000000
19118.000000,7425.000000,11143.000000,49978.000000
19325.000000,7469.000000,11061.000000,50256.000000
19128.000000,7384.000000,11112.000000,50038.000000
19215.000000,7471.000000,11122.000000,49961.000000
19052.000000,7630.000000,11245.000000,50071.000000
19114.000000,7452.000000,11152.000000,50116.000000
19102.000000,7485.000000,11284.000000,49999.000000
19182.000000,7414.000000,11128.000000,49953.000000
19195.000000,7550.000000,11094.000000,50063.000000
19187.000000,7494.000000,11086.000000,49987.000000
19140.000000,7471.000000,11123.000000,49979.000000
19246.000000,7537.000000,11254.000000,49992.000000
19150.000000,7557.000000,11094.000000,50091.000000
19122.000000,7539.000000,11085.000000,49983.000000
19298.000000,7453.000000,11188.000000,50016.000000
19281.000000,7473.000000,11182.000000,50082.000000
19257.000000,7549.000000,11215.000000,50056.000000
19199.000000,7642.000000,11094.000000,49844.000000
19259.000000,7588.000000,11297.000000,50031.000000
19357.000000,7580.000000,11226.000000,49995.000000
19309.000000,7655.000000,11318.000000,50063.000000
19161.000000,7634.000000,11184.000000,50163.000000
19390.000000,7655.000000,11342.000000,50161.000000
19507.000000,7552.000000,11310.000000,50129.000000
19284.000000,7697.000000,11406.000000,50153.000000
19341.000000,7679.000000,11465.000000,50190.000000
19498.000000,7737.000000,11458.000000,50218.000000
19592.000000,7787.000000,11613.000000,50149.000000
19461.000000,7810.000000,11504.000000,50203.000000
19401.000000,7796.000000,11637.000000,50237.000000
19626.000000,7925.000000,11696.000000,50438.000000
19618.000000,7984.000000,11697.000000,50289.000000
19743.000000,7948.000000,11767.000000,50384.000000
19661.000000,7916.000000,11857.000000,50282.000000
19832.000000,7963.000000,12029.000000,50439.000000
19921.000000,8132.000000,12175.000000,50504.000000
19914.000000,8145.000000,11888.000000,50448.000000
19871.000000,8066.000000,12058.000000,50468.000000
20110.000000,8201.000000,11914.000000,50536.000000
19998.000000,8135.000000,12113.000000,50547.000000
19930.000000,8316.000000,12226.000000,50576.000000
19927.000000,8163.000000,12077.000000,50592.000000
19996.000000,8116.000000,12032.000000,50522.000000
20032.000000,8319.000000,12062.000000,50470.000000
19890.000000,8102.000000,12119.000000,50493.000000
19894.000000,8133.000000,12052.000000,50543.000000
19952.000000,8126.000000,12045.000000,50485.000000
20008.000000,8090.000000,12113.000000,50540.000000
19886.000000,8142.000000,12000.000000,50449.000000
20011.000000,8085.000000,11987.000000,50474.000000
20039.000000,8203.000000,12039.000000,50524.000000
19949.000000,8134.000000,12080.000000,50484.000000
19825.000000,8078.000000,11966.000000,50459.000000
19906.000000,8163.000000,12096.000000,50447.000000
19887.000000,8004.000000,11953.000000,50455.000000
19824.000000,8085.000000,11946.000000,50501.000000
19800.000000,8083.000000,11681.000000,50550.000000
19854.000000,8068.000000,11957.000000,50452.000000
19798.000000,8056.000000,11891.000000,50442.000000
19767.000000,8016.000000,11989.000000,50452.000000
19692.000000,8040.000000,11900.000000,50408.000000
19804.000000,7982.000000,11823.000000,50396.000000
19780.000000,7899.000000,11835.000000,50477.000000
19714.000000,8000.000000,11828.000000,50382.000000
19673.000000,7965.000000,11758.000000,50374.000000
19671.000000,8009.000000,11799.000000,50410.000000
19819.000000,7952.000000,11689.000000,50370.000000
19814.000000,7969.000000,11711.000000,50318.000000
19617.000000,7964.000000,11611.000000,50370.000000
19689.000000,7835.000000,11681.000000,50371.000000
19714.000000,7928.000000,11710.000000,50362.000000
19623.000000,7926.000000,11712.000000,50397.000000
19659.000000,7950.000000,11644.000000,50305.000000
19676.000000,7899.000000,11774.000000,50302.000000
19674.000000,7900.000000,11680.000000,50257.000000
19692.000000,7938.000000,11549.000000,50393.000000
19593.000000,7817.000000,11683.000000,50367.000000
19649.000000,7928.000000,11659.000000,50386.000000
19620.000000,7829.000000,11652.000000,50258.000000
19619.000000,7834.000000,11641.000000,50359.000000
19540.000000,7869.000000,11647.000000,50323.000000
19554.000000,7816.000000,11783.000000,50320.000000
19591.000000,7822.000000,11562.000000,50295.000000
19468.000000,7871.000000,11643.000000,50245.000000
19593.000000,7744.000000,11568.000000,50300.000000
19573.000000,7648.000000,11727.000000,50190.000000
19611.000000,7833.000000,11538.000000,50276.000000
19434.000000,7812.000000,11462.000000,50265.000000
19458.000000,7678.000000,11659.000000,50262.000000
19468.000000,7750.000000,11432.000000,50211.000000
19415.000000,7700.000000,11498.000000,50173.000000
19470.000000,7778.000000,11473.000000,50268.000000
19281.000000,7622.000000,11544.000000,50201.000000
19467.000000,7580.000000,11482.000000,50160.000000
19447.000000,7767.000000,11475.000000,50040.000000
19304.000000,7690.000000,11395.000000,50157.000000
19419.000000,7679.000000,11368.000000,50172.000000
19358.000000,7678.000000,11431.000000,50235.000000
19401.000000,7677.000000,11461.000000,50109.000000
19284.000000,7657.000000,11424.000000,50137.000000
19286.000000,7663.000000,11399.000000,50081.000000
19241.000000,7679.000000,11366.000000,50277.000000
19336.000000,7660.000000,11271.000000,50084.000000
19211.000000,7637.000000,11375.000000,50086.000000
19331.000000,7658.000000,11324.000000,50138.000000
19362.000000,7654.000000,11303.000000,50152.000000
19341.000000,7592.000000,11326.000000,50085.000000
19285.000000,7428.000000,11307.000000,49987.000000
19289.000000,7655.000000,11206.000000,50168.000000
19319.000000,7595.000000,11302.000000,50175.000000
19324.000000,7578.000000,11250.000000,50045.000000
19018.000000,7480.000000,11167.000000,50044.000000
19370.000000,7558.000000,11248.000000,50055.000000
19256.000000,7531.000000,11276.000000,50231.000000
19196.000000,7548.000000,11244.000000,50059.000000
19161.000000,7814.000000,11288.000000,50043.000000
19320.000000,7456.000000,11263.000000,50127.000000
19321.000000,7595.000000,11217.000000,50088.000000
19308.000000,7554.000000,11267.000000,50065.000000
19170.000000,7547.000000,11250.000000,50046.000000
19293.000000,7573.000000,11278.000000,50098.000000
19224.000000,7559.000000,11236.000000,50120.000000
19072.000000,7683.000000,11211.000000,50065.000000
19250.000000,7623.000000,11205.000000,50057.000000
19263.000000,7558.000000,11301.000000,50032.000000
19152.000000,7533.000000,11276.000000,50090.000000
19173.000000,7562.000000,11144.000000,50065.000000
19266.000000,7538.000000,11201.000000,49962.000000
19203.000000,7575.000000,11202.000000,50126.000000
19112.000000,7730.000000,11199.000000,50083.000000
19120.000000,7537.000000,11200.000000,50063.000000
19214.000000,7571.000000,11172.000000,50140.000000
19208.000000,7548.000000,11182.000000,50144.000000
19194.000000,7428.000000,11213.000000,50010.000000
19117.000000,7444.000000,11223.000000,49971.000000
19150.000000,7494.000000,11207.000000,50064.000000
19240.000000,7479.000000,11024.000000,49984.000000
19068.000000,7649.000000,11102.000000,49845.000000
19114.000000,7540.000000,11239.000000,49983.000000
19139.000000,7489.000000,11204.000000,50081.000000
19176.000000,7507.000000,11230.000000,50031.000000
19183.000000,7459.000000,11178.000000,50027.000000
19044.000000,7473.000000,11244.000000,49932.000000
19117.000000,7506.000000,11137.000000,50008.000000
19090.000000,7474.000000,11159.000000,49963.000000
19079.000000,7458.000000,11057.000000,49953.000000
18956.000000,7411.000000,11107.000000,50012.000000
19029.000000,7415.000000,11145.000000,50026.000000
19085.000000,7517.000000,10981.000000,49979.000000
19020.000000,7430.000000,11085.000000,50011.000000
18900.000000,7424.000000,11036.000000,50057.000000
19066.000000,7492.000000,11124.000000,50049.000000
19084.000000,7414.000000,11062.000000,49934.000000
19080.000000,7453.000000,11106.000000,49992.000000
18898.000000,7392.000000,11011.000000,49981.000000
18947.000000,7525.000000,10894.000000,49829.000000
19159.000000,7491.000000,11109.000000,50047.000000
18977.000000,7480.000000,11042.000000,50063.000000
18968.000000,7442.000000,11076.000000,49990.000000
18947.000000,7439.000000,11133.000000,50081.000000
19059.000000,7630.000000,11278.000000,50095.000000
19244.000000,7484.000000,11157.000000,50018.000000
19162.000000,7598.000000,11193.000000,49960.000000
19115.000000,7408.000000,11145.000000,49922.000000
19226.000000,7446.000000,11197.000000,50054.000000
18964.000000,7474.000000,11111.000000,50099.000000
18870.000000,7566.000000,11150.000000,50018.000000
19157.000000,7513.000000,11074.000000,50083.000000
19108.000000,7521.000000,11309.000000,50056.000000
19049.000000,7444.000000,11136.000000,49975.000000
19130.000000,7609.000000,11195.000000,50073.000000
19300.000000,7502.000000,11266.000000,50025.000000
19165.000000,7494.000000,11186.000000,50056.000000
19192.000000,7326.000000,11238.000000,50160.000000
19195.000000,7540.000000,11199.000000,50049.000000
19231.000000,7465.000000,11243.000000,50259.000000
19247.000000,7599.000000,11394.000000,50090.000000
19208.000000,7586.000000,11311.000000,50156.000000
19353.000000,7555.000000,11261.000000,50113.000000
19440.000000,7702.000000,11469.000000,50145.000000
19370.000000,7696.000000,11432.000000,50224.000000
19334.000000,7657.000000,11544.000000,50190.000000
19598.000000,7714.000000,11595.000000,50291.000000
19466.000000,7694.000000,11773.000000,50356.000000
19570.000000,7859.000000,11717.000000,50340.000000
19496.000000,7893.000000,11632.000000,50284.000000
19658.000000,7964.000000,11754.000000,50511.000000
19757.000000,7935.000000,11873.000000,50457.000000
19767.000000,7977.000000,11839.000000,50488.000000
19724.000000,8127.000000,12036.000000,50483.000000
19856.000000,8099.000000,12115.000000,50633.000000
19861.000000,8041.000000,12104.000000,50512.000000
19941.000000,8119.000000,12042.000000,50533.000000
19872.000000,8042.000000,12079.000000,50500.000000
19876.000000,8104.000000,12127.000000,50595.000000
19894.000000,8221.000000,12191.000000,50436.000000
19945.000000,8089.000000,12136.000000,50462.000000
19842.000000,8018.000000,12130.000000,50450.000000
19812.000000,8151.000000,12008.000000,50537.000000
19729.000000,8135.000000,12002.000000,50669.000000
19931.000000,8181.000000,11952.000000,50534.000000
19801.000000,8093.000000,11980.000000,50567.000000
19828.000000,8201.000000,12075.000000,50581.000000
19756.000000,8103.000000,11980.000000,50583.000000
19837.000000,8150.000000,12006.000000,50481.000000
19752.000000,8089.000000,11853.000000,50426.000000
19767.000000,8055.000000,11998.000000,50479.000000
19879.000000,8020.000000,12021.000000,50548.000000
19769.000000,8000.000000,12059.000000,50496.000000
19601.000000,7905.000000,12051.000000,50496.000000
19677.000000,8022.000000,11953.000000,50440.000000
19662.000000,8048.000000,11879.000000,50430.000000
19497.000000,8080.000000,11936.000000,50434.000000
19747.000000,7980.000000,11902.000000,50482.000000
19681.000000,7974.000000,11853.000000,50446.000000
19692.000000,7939.000000,11993.000000,50422.000000
19643.000000,7991.000000,11776.000000,50424.000000
19655.000000,7974.000000,11848.000000,50453.000000
19815.000000,7896.000000,11797.000000,50391.000000
19713.000000,7875.000000,11678.000000,50469.000000
19583.000000,7894.000000,11766.000000,50314.000000
19657.000000,7929.000000,11743.000000,50353.000000
19666.000000,7904.000000,11571.000000,50474.000000
19597.000000,7864.000000,11594.000000,50336.000000
19555.000000,7851.000000,11708.000000,50317.000000
19499.000000,7931.000000,11743.000000,50191.000000
19736.000000,7848.000000,11629.000000,50303.000000
19554.000000,7842.000000,11608.000000,50296.000000
19520.000000,7818.000000,11731.000000,50302.000000
19459.000000,7718.000000,11629.000000,50394.000000
19517.000000,7791.000000,11539.000000,50302.000000
19573.000000,7890.000000,11545.000000,50282.000000
19231.000000,7763.000000,11619.000000,50303.000000
19553.000000,7784.000000,11585.000000,50321.000000
19536.000000,7806.000000,11530.000000,50186.000000
19484.000000,7776.000000,11574.000000,50289.000000
19388.000000,7709.000000,11603.000000,50184.000000
19441.000000,7720.000000,11480.000000,50288.000000
19551.000000,7781.000000,11545.000000,50094.000000
19397.000000,7709.000000,11410.000000,50163.000000
19332.000000,7711.000000,11461.000000,50231.000000
19370.000000,7675.000000,11360.000000,50146.000000
19425.000000,7718.000000,11655.000000,50345.000000
19292.000000,7742.000000,11511.000000,50103.000000
19311.000000,7643.000000,11437.000000,50218.000000
19377.000000,7728.000000,11456.000000,50243.000000
19343.000000,7668.000000,11372.000000,50178.000000
19268.000000,7671.000000,11324.000000,50253.000000
19367.000000,7616.000000,11245.000000,50079.000000
19349.000000,7665.000000,11317.000000,50107.000000
19271.000000,7655.000000,11466.000000,50305.000000
19232.000000,7603.000000,11339.000000,50128.000000
19229.000000,7642.000000,11272.000000,50149.000000
19379.000000,7558.000000,11293.000000,50176.000000
19304.000000,7573.000000,11353.000000,50177.000000
19254.000000,7605.000000,11410.000000,50158.000000
19246.000000,7644.000000,11265.000000,50186.000000
19212.000000,7488.000000,11364.000000,50143.000000
19302.000000,7575.000000,11345.000000,50131.000000
19108.000000,7552.000000,11260.000000,50089.000000
19266.000000,7395.000000,11327.000000,50082.000000
19138.000000,7456.000000,11170.000000,49979.000000
19247.000000,7593.000000,11242.000000,50123.000000
19212.000000,7549.000000,11093.000000,50082.000000
19172.000000,7615.000000,11352.000000,50146.000000
19160.000000,7567.000000,11166.000000,50058.000000
19125.000000,7578.000000,11214.000000,50138.000000
19006.000000,7557.000000,11251.000000,50044.000000
19103.000000,7543.000000,11308.000000,50106.000000
19193.000000,7560.000000,11040.000000,49984.000000
19094.000000,7509.000000,11102.000000,50061.000000
19113.000000,7539.000000,11179.000000,50035.000000
19132.000000,7485.000000,11259.000000,50108.000000
19219.000000,7434.000000,11134.000000,50041.000000
19268.000000,7707.000000,10992.000000,50141.000000
19030.000000,7336.000000,11131.000000,50117.000000
19177.000000,7493.000000,11262.000000,50036.000000
19114.000000,7494.000000,11219.000000,50145.000000
19186.000000,7528.000000,11239.000000,50026.000000
19089.000000,7531.000000,11070.000000,50072.000000
19159.000000,7443.000000,11156.000000,50026.000000
19142.000000,7422.000000,11163.000000,50095.000000
19098.000000,7454.000000,11170.000000,50055.000000
18961.000000,7491.000000,11191.000000,49985.000000
19112.000000,7386.000000,11221.000000,50018.000000
18990.000000,7453.000000,11155.000000,49902.000000
19100.000000,7433.000000,11165.000000,50002.000000
19173.000000,7554.000000,11256.000000,50083.000000
18970.000000,7473.000000,11175.000000,50095.000000
18975.000000,7410.000000,11195.000000,50051.000000
18893.000000,7430.000000,11115.000000,49941.000000
18959.000000,7482.000000,11024.000000,49993.000000
19004.000000,7481.000000,11059.000000,50007.000000
18988.000000,7473.000000,11118.000000,50015.000000
18876.000000,7341.000000,11070.000000,50014.000000
18891.000000,7422.000000,10996.000000,49918.000000
18914.000000,7400.000000,11044.000000,49900.000000
18953.000000,7487.000000,11009.000000,50113.000000
19047.000000,7356.000000,10942.000000,49969.000000
18909.000000,7383.000000,11018.000000,49943.000000
19054.000000,7213.000000,10850.000000,49986.000000
18933.000000,7462.000000,11046.000000,49986.000000
18956.000000,7319.000000,11023.000000,49984.000000
18963.000000,7359.000000,11057.000000,49913.000000
18880.000000,7448.000000,11031.000000,49877.000000
18886.000000,7381.000000,11046.000000,50018.000000
18719.000000,7355.000000,10990.000000,49987.000000
18991.000000,7389.000000,11076.000000,49986.000000
18987.000000,7379.000000,11032.000000,50122.000000
18913.000000,7448.000000,11059.000000,50024.000000
18862.000000,7340.000000,11026.000000,49961.000000
19079.000000,7460.000000,11107.000000,50191.000000
18997.000000,7380.000000,11070.000000,50086.000000
18931.000000,7326.000000,11306.000000,49837.000000
18972.000000,7486.000000,11133.000000,50088.000000
18896.000000,7486.000000,11118.000000,50004.000000
18929.000000,7468.000000,11178.000000,50044.000000
18939.000000,7547.000000,11091.000000,50027.000000
18947.000000,7490.000000,11183.000000,50113.000000
18908.000000,7489.000000,11141.000000,49924.000000
18914.000000,7373.000000,11282.000000,50066.000000
19102.000000,7578.000000,11215.000000,50098.000000
19034.000000,7438.000000,11194.000000,50079.000000
18978.000000,7542.000000,11276.000000,50037.000000
19108.000000,7535.000000,11350.000000,50059.000000
19170.000000,7478.000000,11235.000000,50135.000000
19000.000000,7677.000000,11184.000000,50110.000000
19061.000000,7481.000000,11451.000000,50233.000000
19384.000000,7518.000000,11443.000000,50268.000000
19204.000000,7550.000000,11354.000000,50229.000000
19148.000000,7643.000000,11596.000000,50202.000000
19265.000000,7650.000000,11469.000000,50332.000000
19241.000000,7646.000000,11531.000000,50327.000000
19339.000000,7701.000000,11525.000000,50289.000000
19483.000000,7797.000000,11646.000000,50313.000000
19463.000000,7871.000000,11685.000000,50388.000000
19494.000000,7837.000000,11699.000000,50482.000000
19497.000000,7783.000000,11750.000000,50367.000000
19581.000000,7989.000000,11925.000000,50610.000000
19655.000000,7901.000000,11796.000000,50644.000000
19670.000000,8015.000000,11943.000000,50528.000000
19677.000000,8089.000000,12021.000000,50507.000000
19688.000000,7934.000000,12137.000000,50569.000000
19817.000000,8040.000000,12273.000000,50393.000000
19773.000000,8108.000000,12045.000000,50559.000000
19831.000000,7903.000000,12089.000000,50502.000000
19756.000000,8076.000000,12109.000000,50548.000000
19798.000000,8074.000000,12061.000000,50473.000000
19734.000000,8145.000000,12143.000000,50583.000000
19664.000000,8104.000000,12214.000000,50601.000000
19804.000000,8159.000000,12069.000000,50517.000000
19767.000000,8117.000000,12152.000000,50466.000000
19757.000000,8088.000000,12010.000000,50481.000000
19739.000000,8126.000000,12044.000000,50542.000000
19705.000000,8167.000000,12052.000000,50497.000000
19832.000000,8090.000000,12033.000000,50597.000000
19769.000000,8122.000000,12002.000000,50507.000000
19589.000000,8003.000000,12125.000000,50732.000000
19822.000000,8059.000000,11972.000000,50522.000000
19728.000000,8011.000000,11930.000000,50468.000000
19776.000000,7953.000000,11932.000000,50577.000000
19535.000000,8039.000000,12023.000000,50583.000000
19778.000000,8086.000000,11788.000000,50505.000000
19722.000000,7928.000000,11982.000000,50539.000000
19711.000000,7981.000000,11969.000000,50470.000000
19550.000000,7900.000000,12010.000000,50516.000000
19713.000000,8072.000000,11848.000000,50527.000000
19665.000000,7968.000000,11924.000000,50480.000000
19902.000000,7827.000000,12005.000000,50394.000000
19565.000000,7994.000000,11827.000000,50496.000000
19694.000000,8004.000000,11982.000000,50538.000000
19714.000000,8044.000000,11859.000000,50504.000000
19543.000000,7995.000000,11816.000000,50443.000000
19493.000000,7942.000000,11901.000000,50294.000000
19488.000000,8021.000000,11890.000000,50440.000000
19674.000000,8034.000000,11808.000000,50478.000000
19518.000000,7916.000000,11864.000000,50453.000000
19624.000000,7912.000000,11989.000000,50484.000000
19516.000000,7891.000000,11868.000000,50490.000000
19548.000000,7965.000000,11774.000000,50490.000000
19564.000000,7905.000000,11753.000000,50434.000000
19596.000000,7916.000000,11841.000000,50374.000000
19524.000000,7886.000000,11801.000000,50460.000000
19558.000000,7926.000000,11743.000000,50443.000000
19414.000000,7770.000000,11656.000000,50458.000000
19484.000000,7851.000000,11770.000000,50376.000000
19462.000000,7800.000000,11669.000000,50309.000000
19443.000000,7807.000000,11722.000000,50364.000000
19339.000000,7835.000000,11681.000000,50174.000000
19363.000000,7844.000000,11654.000000,50354.000000
19362.000000,7742.000000,11771.000000,50206.000000
19488.000000,7873.000000,11700.000000,50366.000000
19260.000000,7859.000000,11471.000000,50352.000000
19486.000000,7829.000000,11648.000000,50337.000000
19398.000000,7921.000000,11706.000000,50268.000000
19380.000000,7783.000000,11600.000000,50295.000000
19209.000000,7648.000000,11647.000000,50309.000000
19459.000000,7915.000000,11644.000000,50312.000000
19341.000000,7673.000000,11570.000000,50329.000000
19268.000000,7835.000000,11616.000000,50228.000000
19212.000000,7745.000000,11477.000000,50211.000000
19336.000000,7761.000000,11368.000000,50331.000000
19318.000000,7731.000000,11455.000000,50181.000000
19247.000000,7672.000000,11507.000000,50323.000000
19330.000000,7585.000000,11398.000000,50180.000000
19386.000000,7609.000000,11282.000000,50309.000000
19282.000000,7643.000000,11457.000000,50262.000000
19365.000000,7663.000000,11388.000000,50352.000000
19236.000000,7608.000000,11295.000000,50302.000000
19378.000000,7632.000000,11398.000000,50300.000000
19320.000000,7588.000000,11410.000000,50184.000000
19278.000000,7682.000000,11383.000000,50182.000000
19076.000000,7564.000000,11520.000000,50254.000000
19168.000000,7609.000000,11352.000000,50212.000000
19256.000000,7601.000000,11528.000000,50092.000000
18997.000000,7601.000000,11344.000000,50221.000000
19183.000000,7583.000000,11365.000000,50170.000000
19219.000000,7574.000000,11379.000000,50206.000000
19205.000000,7629.000000,11449.000000,50168.000000
19152.000000,7625.000000,11390.000000,50286.000000
19002.000000,7546.000000,11403.000000,50137.000000
19107.000000,7640.000000,11385.000000,50257.000000
19144.000000,7649.000000,11347.000000,50190.000000
19116.000000,7535.000000,11282.000000,50142.000000
19157.000000,7547.000000,11357.000000,50069.000000
19140.000000,7602.000000,11403.000000,50280.000000
19132.000000,7567.000000,11360.000000,50149.000000
19081.000000,7625.000000,11251.000000,50002.000000
19219.000000,7566.000000,11335.000000,50159.000000
19124.000000,7534.000000,11331.000000,50170.000000
19157.000000,7604.000000,11361.000000,50227.000000
18981.000000,7570.000000,11168.000000,50072.000000
19076.000000,7532.000000,11475.000000,50139.000000
19060.000000,7633.000000,11348.000000,50181.000000
19111.000000,7603.000000,11301.000000,50229.000000
19117.000000,7548.000000,11309.000000,50020.000000
19176.000000,7574.000000,11303.000000,50172.000000
19076.000000,7630.000000,11331.000000,50192.000000
19098.000000,7408.000000,11244.000000,50183.000000
19021.000000,7570.000000,11249.000000,50017.000000
19112.000000,7529.000000,11214.000000,50113.000000
19035.000000,7406.000000,11241.000000,50078.000000
19035.000000,7511.000000,11252.000000,50068.000000
18954.000000,7449.000000,11183.000000,50059.000000
18991.000000,7466.000000,11230.000000,50118.000000
18962.000000,7327.000000,11190.000000,50170.000000
19041.000000,7377.000000,11284.000000,50113.000000
18955.000000,7411.000000,11234.000000,50090.000000
18942.000000,7330.000000,11130.000000,50077.000000
19029.000000,7500.000000,11221.000000,50057.000000
18995.000000,7476.000000,11226.000000,50115.000000
18890.000000,7509.000000,10934.000000,50097.000000
19113.000000,7452.000000,11277.000000,50116.000000
18984.000000,7570.000000,11307.000000,50178.000000
18951.000000,7264.000000,11239.000000,50070.000000
18952.000000,7453.000000,11226.000000,50129.000000
18960.000000,7472.000000,11359.000000,50112.000000
19109.000000,7531.000000,11345.000000,50119.000000
18967.000000,7460.000000,11179.000000,50058.000000
19088.000000,7554.000000,11160.000000,50134.000000
19069.000000,7566.000000,11225.000000,50163.000000
19143.000000,7575.000000,11189.000000,50183.000000
19163.000000,7647.000000,11219.000000,50229.000000
19107.000000,7528.000000,11252.000000,50163.000000
19132.000000,7631.000000,11368.000000,50176.000000
19129.000000,7644.000000,11406.000000,50130.000000
19145.000000,7415.000000,11351.000000,50110.000000
19171.000000,7612.000000,11386.000000,50184.000000
19090.000000,7563.000000,11401.000000,50174.000000
19111.000000,7515.000000,11316.000000,50242.000000
19128.000000,7558.000000,11429.000000,50209.000000
19234.000000,7663.000000,11433.000000,50227.000000
19169.000000,7659.000000,11590.000000,50385.000000
19287.000000,7732.000000,11472.000000,50277.000000
19197.000000,7512.000000,11577.000000,50358.000000
19155.000000,7570.000000,11509.000000,50411.000000
19289.000000,7724.000000,11632.000000,50403.000000
19399.000000,7720.000000,11589.000000,50411.000000
19348.000000,7746.000000,11546.000000,50419.000000
19343.000000,7765.000000,11715.000000,50441.000000
19412.000000,7793.000000,11705.000000,50428.000000
19423.000000,7782.000000,11868.000000,50479.000000
19543.000000,7799.000000,11813.000000,50476.000000
19558.000000,7945.000000,11919.000000,50589.000000
19605.000000,7912.000000,12019.000000,50483.000000
19563.000000,7999.000000,12035.000000,50519.000000
19555.000000,8012.000000,11976.000000,50606.000000
19723.000000,8082.000000,12221.000000,50616.000000
19889.000000,8095.000000,12215.000000,50614.000000
19647.000000,8178.000000,12106.000000,50593.000000
19747.000000,8236.000000,12291.000000,50702.000000
19973.000000,8232.000000,12332.000000,50791.000000
19939.000000,8257.000000,12253.000000,50712.000000
19971.000000,8165.000000,12345.000000,50662.000000
19844.000000,8250.000000,12392.000000,50783.000000
20075.000000,8352.000000,12275.000000,50771.000000
19948.000000,8231.000000,12326.000000,50887.000000
19912.000000,8234.000000,12415.000000,50749.000000
19910.000000,8252.000000,12423.000000,50727.000000
19782.000000,8319.000000,12376.000000,50809.000000
19916.000000,8148.000000,12349.000000,50755.000000
19914.000000,8170.000000,12367.000000,50660.000000
19931.000000,8211.000000,12236.000000,50812.000000
20019.000000,8284.000000,12326.000000,50678.000000
19855.000000,8156.000000,12276.000000,50724.000000
19757.000000,8204.000000,12270.000000,50691.000000
19781.000000,8188.000000,12154.000000,50603.000000
19897.000000,8188.000000,12260.000000,50679.000000
19801.000000,8201.000000,12358.000000,50711.000000
19735.000000,8150.000000,12227.000000,50749.000000
19897.000000,8148.000000,12250.000000,50640.000000
19725.000000,8186.000000,12036.000000,50643.000000
19859.000000,8136.000000,12227.000000,50636.000000
19588.000000,7989.000000,12173.000000,50763.000000
19802.000000,8133.000000,12127.000000,50625.000000
19658.000000,8094.000000,12154.000000,50588.000000
19768.000000,8098.000000,12199.000000,50610.000000
19585.000000,8077.000000,12128.000000,50518.000000
19795.000000,8041.000000,12150.000000,50694.000000
19611.000000,8021.000000,12217.000000,50413.000000
19657.000000,8087.000000,11977.000000,50650.000000
19378.000000,8202.000000,11991.000000,50502.000000
19752.000000,8146.000000,12089.000000,50588.000000
19620.000000,8040.000000,11949.000000,50512.000000
19557.000000,8086.000000,12126.000000,50603.000000
19665.000000,7891.000000,12037.000000,50385.000000
19553.000000,8091.000000,11962.000000,50531.000000
19480.000000,8005.000000,12035.000000,50578.000000
19375.000000,7974.000000,11980.000000,50561.000000
19672.000000,7979.000000,12063.000000,50462.000000
19654.000000,8010.000000,11957.000000,50545.000000
19513.000000,7915.000000,11980.000000,50411.000000
19457.000000,7861.000000,11857.000000,50551.000000
19509.000000,7910.000000,11724.000000,50503.000000
19629.000000,8016.000000,11986.000000,50475.000000
19521.000000,7982.000000,11962.000000,50491.000000
19462.000000,7881.000000,11801.000000,50479.000000
19354.000000,7950.000000,11869.000000,50339.000000
19445.000000,7917.000000,11793.000000,50467.000000
19425.000000,7859.000000,11837.000000,50440.000000
19524.000000,7787.000000,11809.000000,50449.000000
19332.000000,7852.000000,11792.000000,50430.000000
19408.000000,7846.000000,11808.000000,50442.000000
19273.000000,7824.000000,11761.000000,50500.000000
19253.000000,7835.000000,11549.000000,50301.000000
19398.000000,7877.000000,11749.000000,50362.000000
19330.000000,7853.000000,11783.000000,50357.000000
19292.000000,7743.000000,11764.000000,50488.000000
19290.000000,7753.000000,11702.000000,50336.000000
19317.000000,7743.000000,11615.000000,50381.000000
19217.000000,7683.000000,11805.000000,50416.000000
19332.000000,7771.000000,11668.000000,50381.000000
19244.000000,7888.000000,11636.000000,50323.000000
19363.000000,7767.000000,11687.000000,50401.000000
19164.000000,7774.000000,11700.000000,50373.000000
19239.000000,7695.000000,11606.000000,50383.000000
19162.000000,7715.000000,11597.000000,50249.000000
19276.000000,7779.000000,11557.000000,50322.000000
19241.000000,7666.000000,11710.000000,50278.000000
19005.000000,7733.000000,11466.000000,50354.000000
19197.000000,7676.000000,11394.000000,50236.000000
19283.000000,7600.000000,11513.000000,50298.000000
19137.000000,7674.000000,11633.000000,50303.000000
19124.000000,7629.000000,11610.000000,50337.000000
19073.000000,7669.000000,11610.000000,50320.000000
19029.000000,7653.000000,11577.000000,50094.000000
19178.000000,7603.000000,11462.000000,50300.000000
19193.000000,7694.000000,11501.000000,50323.000000
19064.000000,7575.000000,11449.000000,50242.000000
18968.000000,7562.000000,11593.000000,50298.000000
19209.000000,7700.000000,11527.000000,50389.000000
19075.000000,7705.000000,11515.000000,50294.000000
19172.000000,7637.000000,11511.000000,50227.000000
19107.000000,7603.000000,11469.000000,50312.000000
19123.000000,7770.000000,11495.000000,50090.000000
19078.000000,7692.000000,11491.000000,50242.000000
18936.000000,7663.000000,11471.000000,50173.000000
19112.000000,7709.000000,11544.000000,50250.000000
19162.000000,7576.000000,11450.000000,50282.000000
19097.000000,7603.000000,11383.000000,50263.000000
18876.000000,7646.000000,11495.000000,50288.000000
19127.000000,7580.000000,11591.000000,50222.000000
19068.000000,7588.000000,11480.000000,50244.000000
18749.000000,7785.000000,11378.000000,50508.000000
19115.000000,7580.000000,11462.000000,50283.000000
19125.000000,7568.000000,11403.000000,50232.000000
19068.000000,7625.000000,11387.000000,50249.000000
19038.000000,7531.000000,11375.000000,50376.000000
19101.000000,7515.000000,11415.000000,50358.000000
19145.000000,7586.000000,11402.000000,50204.000000
19023.000000,7603.000000,11413.000000,50180.000000
18976.000000,7491.000000,11455.000000,50241.000000
18967.000000,7545.000000,11417.000000,50219.000000
19048.000000,7629.000000,11303.000000,50272.000000
19081.000000,7583.000000,11378.000000,50263.000000
18809.000000,7574.000000,11398.000000,50145.000000
18862.000000,7633.000000,11424.000000,50319.000000
18962.000000,7522.000000,11425.000000,50258.000000
19008.000000,7540.000000,11347.000000,50197.000000
18906.000000,7543.000000,11389.000000,50199.000000
18915.000000,7569.000000,11410.000000,50304.000000
19004.000000,7601.000000,11391.000000,50334.000000
19175.000000,7605.000000,11354.000000,50173.000000
18921.000000,7507.000000,11367.000000,50333.000000
19031.000000,7618.000000,11459.000000,50242.000000
19021.000000,7592.000000,11489.000000,50253.000000
19016.000000,7578.000000,11484.000000,50305.000000
18986.000000,7487.000000,11389.000000,50306.000000
19170.000000,7658.000000,11591.000000,50236.000000
19143.000000,7587.000000,11365.000000,50223.000000
19021.000000,7651.000000,11441.000000,50274.000000
19037.000000,7444.000000,11494.000000,50328.000000
19047.000000,7667.000000,11514.000000,50297.000000
19242.000000,7598.000000,11489.000000,50260.000000
18992.000000,7636.000000,11454.000000,50344.000000
19134.000000,7581.000000,11541.000000,50371.000000
19127.000000,7621.000000,11622.000000,50313.000000
19181.000000,7644.000000,11596.000000,50321.000000
19100.000000,7654.000000,11597.000000,50500.000000
19142.000000,7728.000000,11462.000000,50377.000000
19262.000000,7633.000000,11596.000000,50334.000000
19166.000000,7665.000000,11758.000000,50324.000000
19382.000000,7856.000000,11536.000000,50492.000000
19172.000000,7700.000000,11753.000000,50377.000000
19272.000000,7723.000000,11719.000000,50447.000000
19386.000000,7745.000000,11763.000000,50455.000000
19326.000000,7626.000000,11781.000000,50457.000000
19237.000000,7857.000000,11747.000000,50528.000000
19301.000000,7869.000000,11885.000000,50520.000000
19411.000000,7873.000000,11877.000000,50585.000000
19430.000000,7918.000000,11876.000000,50467.000000
19406.000000,7897.000000,11961.000000,50617.000000
19593.000000,7938.000000,12033.000000,50495.000000
19560.000000,8010.000000,12143.000000,50556.000000
19571.000000,8167.000000,11916.000000,50790.000000
19478.000000,8145.000000,12188.000000,50761.000000
19750.000000,8181.000000,12318.000000,50745.000000
19797.000000,8272.000000,12382.000000,50793.000000
19944.000000,8237.000000,12300.000000,50714.000000
19960.000000,8254.000000,12382.000000,50847.000000
20007.000000,8422.000000,12681.000000,50773.000000
20083.000000,8477.000000,12593.000000,50916.000000
19936.000000,8289.000000,12631.000000,50846.000000
20038.000000,8380.000000,12690.000000,50975.000000
19988.000000,8393.000000,12752.000000,50928.000000
20063.000000,8408.000000,12631.000000,50941.000000
19947.000000,8407.000000,12679.000000,50877.000000
20168.000000,8309.000000,12842.000000,50890.000000
20042.000000,8470.000000,12669.000000,50939.000000
20002.000000,8408.000000,12646.000000,50966.000000
19833.000000,8410.000000,12664.000000,50922.000000
20016.000000,8456.000000,12679.000000,50984.000000
19944.000000,8491.000000,12755.000000,50925.000000
19981.000000,8229.000000,12698.000000,50962.000000
20003.000000,8325.000000,12578.000000,50807.000000
19991.000000,8515.000000,12493.000000,50931.000000
20057.000000,8383.000000,12675.000000,50856.000000
20149.000000,8290.000000,12507.000000,50853.000000
19932.000000,8178.000000,12597.000000,50946.000000
19979.000000,8324.000000,12614.000000,50796.000000
19976.000000,8374.000000,12541.000000,50835.000000
19798.000000,8275.000000,12606.000000,50881.000000
19826.000000,8373.000000,12436.000000,51005.000000
19839.000000,8327.000000,12541.000000,50789.000000
19775.000000,8383.000000,12544.000000,50815.000000
19812.000000,8225.000000,12525.000000,50817.000000
19750.000000,8269.000000,12480.000000,50898.000000
19787.000000,8369.000000,12436.000000,50919.000000
19985.000000,8326.000000,12473.000000,50745.000000
19804.000000,8366.000000,12450.000000,50836.000000
19777.000000,8206.000000,12446.000000,50843.000000
19844.000000,8343.000000,12487.000000,50796.000000
19828.000000,8243.000000,12453.000000,50815.000000
19687.000000,8085.000000,12408.000000,50794.000000
19787.000000,8268.000000,12439.000000,50796.000000
19764.000000,8184.000000,12466.000000,50768.000000
19680.000000,8203.000000,12374.000000,50760.000000
19595.000000,8104.000000,12410.000000,50720.000000
19636.000000,8133.000000,12398.000000,50752.000000
19727.000000,8217.000000,12337.000000,50689.000000
19810.000000,8134.000000,12323.000000,50755.000000
19625.000000,8219.000000,12439.000000,50553.000000
19807.000000,8173.000000,12331.000000,50694.000000
19617.000000,8194.000000,12372.000000,50647.000000
19690.000000,8210.000000,12441.000000,50691.000000
19657.000000,8097.000000,12352.000000,50850.000000
19615.000000,8139.000000,12324.000000,50792.000000
19661.000000,8093.000000,12250.000000,50648.000000
19697.000000,8038.000000,12262.000000,50638.000000
19546.000000,8079.000000,12192.000000,50660.000000
19563.000000,8068.000000,12172.000000,50657.000000
19556.000000,8105.000000,12122.000000,50592.000000
19513.000000,7922.000000,12151.000000,50594.000000
19476.000000,7830.000000,12013.000000,50540.000000
19443.000000,8047.000000,12098.000000,50641.000000
19560.000000,8083.000000,12192.000000,50562.000000
19523.000000,8004.000000,12054.000000,50618.000000
19493.000000,7822.000000,12072.000000,50561.000000
19517.000000,8034.000000,12000.000000,50650.000000
19511.000000,8026.000000,12054.000000,50653.000000
19457.000000,7905.000000,11983.000000,50605.000000
19418.000000,7883.000000,12014.000000,50596.000000
19477.000000,8020.000000,12010.000000,50630.000000
19505.000000,7887.000000,11930.000000,50511.000000
19504.000000,7961.000000,12037.000000,50558.000000
19418.000000,7882.000000,12081.000000,50610.000000
19436.000000,7975.000000,11954.000000,50530.000000
19414.000000,7888.000000,11957.000000,50404.000000
19297.000000,7762.000000,11972.000000,50484.000000
19346.000000,7914.000000,12005.000000,50478.000000
19344.000000,7778.000000,11974.000000,50294.000000
19393.000000,7850.000000,11845.000000,50337.000000
19347.000000,7823.000000,11957.000000,50529.000000
19317.000000,7860.000000,11983.000000,50573.000000
19197.000000,7986.000000,11840.000000,50360.000000
19396.000000,7929.000000,11889.000000,50555.000000
19305.000000,7874.000000,11899.000000,50612.000000
19273.000000,7862.000000,11940.000000,50560.000000
19420.000000,7921.000000,11885.000000,50473.000000
19229.000000,7894.000000,11931.000000,50498.000000
19175.000000,7796.000000,11877.000000,50559.000000
19320.000000,7879.000000,11734.000000,50538.000000
19284.000000,7860.000000,11851.000000,50404.000000
19270.000000,8054.000000,11996.000000,50357.000000
19333.000000,7967.000000,11774.000000,50673.000000
19365.000000,7879.000000,11872.000000,50603.000000
19399.000000,7764.000000,11795.000000,50421.000000
19260.000000,7838.000000,11743.000000,50503.000000
19206.000000,7718.000000,11873.000000,50597.000000
19339.000000,7951.000000,11828.000000,50469.000000
19318.000000,7843.000000,11845.000000,50510.000000
19254.000000,7749.000000,11786.000000,50607.000000
19206.000000,7720.000000,11847.000000,50651.000000
19279.000000,7722.000000,11827.000000,50569.000000
19292.000000,7802.000000,11942.000000,50484.000000
19316.000000,7859.000000,11914.000000,50488.000000
19115.000000,7799.000000,11844.000000,50444.000000
19316.000000,7932.000000,11923.000000,50440.000000
19289.000000,7843.000000,11847.000000,50503.000000
19059.000000,7809.000000,11667.000000,50403.000000
19176.000000,7812.000000,11786.000000,50482.000000
19239.000000,7869.000000,11698.000000,50397.000000
19309.000000,7820.000000,11773.000000,50513.000000
19161.000000,7815.000000,11839.000000,50478.000000
19186.000000,7747.000000,11872.000000,50422.000000
19125.000000,7707.000000,11728.000000,50442.000000
19290.000000,7821.000000,11782.000000,50579.000000
19197.000000,7763.000000,11832.000000,50464.000000
19215.000000,7778.000000,11830.000000,50385.000000
19241.000000,7742.000000,11695.000000,50483.000000
19186.000000,7721.000000,11666.000000,50464.000000
19015.000000,7747.000000,11788.000000,50381.000000
19288.000000,7836.000000,11869.000000,50338.000000
19214.000000,7773.000000,11613.000000,50434.000000
19125.000000,7749.000000,11833.000000,50408.000000
19092.000000,7864.000000,11827.000000,50403.000000
19171.000000,7798.000000,11803.000000,50478.000000
19214.000000,7696.000000,11726.000000,50374.000000
19267.000000,7787.000000,11802.000000,50459.000000
19218.000000,7705.000000,11800.000000,50443.000000
19185.000000,7743.000000,11812.000000,50493.000000
19225.000000,7776.000000,11753.000000,50399.000000
19287.000000,7813.000000,11831.000000,50375.000000
19175.000000,7720.000000,11830.000000,50439.000000
19320.000000,7754.000000,11867.000000,50508.000000
19260.000000,7649.000000,11866.000000,50512.000000
19310.000000,7855.000000,11836.000000,50507.000000
19086.000000,7770.000000,11820.000000,50437.000000
19381.000000,7824.000000,11823.000000,50634.000000
19298.000000,7824.000000,11734.000000,50471.000000
19263.000000,7831.000000,11999.000000,50520.000000
19168.000000,7815.000000,11962.000000,50542.000000
19278.000000,7750.000000,11938.000000,50750.000000
19239.000000,7820.000000,12027.000000,50515.000000
19282.000000,7788.000000,12016.000000,50496.000000
19268.000000,7830.000000,12046.000000,50530.000000
19350.000000,7905.000000,11949.000000,50590.000000
19381.000000,7961.000000,12125.000000,50597.000000
19445.000000,8016.000000,12022.000000,50707.000000
19281.000000,7919.000000,12107.000000,50645.000000
19423.000000,8013.000000,12226.000000,50622.000000
19497.000000,7944.000000,12093.000000,50684.000000
19389.000000,8167.000000,12081.000000,50620.000000
19488.000000,8054.000000,12269.000000,50745.000000
19677.000000,8006.000000,12291.000000,50738.000000
19712.000000,8099.000000,12355.000000,50724.000000
19649.000000,8233.000000,12471.000000,50820.000000
19763.000000,8117.000000,12446.000000,50821.000000
19819.000000,8326.000000,12608.000000,50848.000000
19882.000000,8318.000000,12505.000000,51111.000000
19865.000000,8310.000000,12581.000000,50901.000000
20023.000000,8316.000000,12715.000000,51166.000000
20053.000000,8411.000000,12689.000000,50929.000000
20076.000000,8521.000000,12801.000000,50947.000000
20062.000000,8443.000000,12909.000000,51111.000000
20148.000000,8523.000000,12899.000000,50959.000000
20205.000000,8552.000000,12863.000000,51117.000000
20134.000000,8561.000000,12873.000000,51078.000000
20016.000000,8519.000000,12969.000000,50918.000000
20232.000000,8568.000000,12878.000000,51061.000000
20001.000000,8472.000000,12813.000000,51112.000000
20212.000000,8575.000000,12839.000000,51065.000000
20119.000000,8524.000000,12844.000000,51090.000000
20280.000000,8527.000000,12870.000000,51005.000000
20305.000000,8452.000000,12966.000000,51062.000000
20236.000000,8519.000000,12836.000000,51100.000000
19989.000000,8438.000000,12829.000000,51017.000000
20164.000000,8553.000000,12916.000000,51003.000000
20252.000000,8522.000000,12914.000000,51090.000000
20122.000000,8496.000000,12928.000000,51059.000000
19961.000000,8406.000000,12809.000000,50946.000000
20106.000000,8536.000000,12874.000000,50794.000000
20136.000000,8537.000000,12827.000000,51015.000000
20081.000000,8494.000000,12649.000000,51067.000000
19912.000000,8524.000000,12797.000000,51068.000000
20035.000000,8505.000000,12914.000000,50924.000000
20096.000000,8474.000000,12747.000000,50992.000000
20011.000000,8491.000000,12688.000000,50952.000000
20008.000000,8375.000000,12784.000000,50969.000000
20037.000000,8393.000000,12774.000000,51002.000000
20028.000000,8336.000000,12770.000000,51046.000000
19890.000000,8438.000000,12773.000000,50989.000000
19956.000000,8441.000000,12647.000000,50914.000000
20023.000000,8388.000000,12769.000000,50928.000000
19925.000000,8410.000000,12682.000000,51006.000000
19949.000000,8354.000000,12653.000000,50888.000000
19874.000000,8387.000000,12527.000000,50876.000000
20040.000000,8332.000000,12804.000000,51088.000000
19987.000000,8475.000000,12683.000000,50987.000000
19878.000000,8291.000000,12745.000000,50955.000000
19941.000000,8336.000000,12517.000000,50874.000000
19894.000000,8335.000000,12548.000000,51014.000000
19870.000000,8386.000000,12669.000000,50893.000000
19743.000000,8239.000000,12576.000000,50898.000000
19794.000000,8323.000000,12685.000000,50914.000000
19848.000000,8398.000000,12485.000000,50797.000000
19894.000000,8335.000000,12568.000000,50976.000000
19762.000000,8280.000000,12585.000000,50897.000000
19804.000000,8311.000000,12516.000000,50830.000000
19994.000000,8284.000000,12486.000000,50816.000000
19746.000000,8331.000000,12475.000000,50776.000000
19763.000000,8257.000000,12361.000000,50794.000000
19825.000000,8353.000000,12463.000000,50943.000000
19754.000000,8426.000000,12703.000000,50784.000000
19744.000000,8348.000000,12514.000000,50824.000000
19731.000000,8173.000000,12405.000000,50852.000000
19764.000000,8215.000000,12440.000000,50838.000000
19731.000000,8145.000000,12421.000000,50714.000000
19718.000000,8197.000000,12311.000000,50767.000000
19722.000000,8147.000000,12360.000000,50869.000000
19649.000000,8143.000000,12467.000000,50804.000000
19671.000000,8143.000000,12463.000000,50758.000000
19758.000000,8156.000000,12303.000000,50843.000000
19743.000000,8145.000000,12371.000000,50582.000000
19771.000000,8253.000000,12339.000000,50724.000000
19712.000000,8110.000000,12460.000000,50829.000000
19461.000000,8017.000000,12324.000000,50789.000000
19551.000000,7970.000000,12272.000000,50695.000000
19615.000000,8178.000000,12278.000000,50736.000000
19585.000000,8144.000000,12275.000000,50811.000000
19584.000000,8063.000000,12323.000000,50643.000000
19612.000000,8051.000000,12238.000000,50674.000000
19688.000000,8265.000000,12291.000000,50715.000000
19613.000000,8102.000000,12331.000000,50694.000000
19606.000000,8025.000000,12277.000000,50758.000000
19335.000000,8114.000000,12147.000000,50666.000000
19667.000000,7940.000000,12314.000000,50595.000000
19475.000000,8086.000000,12222.000000,50782.000000
19388.000000,8097.000000,12189.000000,50669.000000
19529.000000,8119.000000,12164.000000,50693.000000
19389.000000,8122.000000,12313.000000,50672.000000
19463.000000,8069.000000,12276.000000,50627.000000
19533.000000,8114.000000,12156.000000,50734.000000
19506.000000,8117.000000,12291.000000,50644.000000
19458.000000,8079.000000,12230.000000,50681.000000
19494.000000,8054.000000,12135.000000,50659.000000
19403.000000,8063.000000,12092.000000,50645.000000
19495.000000,8041.000000,12278.000000,50660.000000
19395.000000,8113.000000,12151.000000,50698.000000
19484.000000,8181.000000,12212.000000,50760.000000
19493.000000,8105.000000,12196.000000,50653.000000
19478.000000,8083.000000,12131.000000,50685.000000
19464.000000,8097.000000,12240.000000,50649.000000
19484.000000,8013.000000,12160.000000,50674.000000
19499.000000,8007.000000,12082.000000,50690.000000
19511.000000,8065.000000,12097.000000,50671.000000
19491.000000,8128.000000,12129.000000,50715.000000
19482.000000,8104.000000,12064.000000,50648.000000
19372.000000,7884.000000,12191.000000,50598.000000
19490.000000,8000.000000,12086.000000,50682.000000
19493.000000,8143.000000,12141.000000,50524.000000
19439.000000,8012.000000,12125.000000,50647.000000
19397.000000,7998.000000,11986.000000,50774.000000
19432.000000,7800.000000,12095.000000,50706.000000
19269.000000,7969.000000,12044.000000,50579.000000
19478.000000,7928.000000,11919.000000,50621.000000
19265.000000,7850.000000,11909.000000,50625.000000
19323.000000,7947.000000,12016.000000,50640.000000
19287.000000,7969.000000,12004.000000,50640.000000
19303.000000,7847.000000,12083.000000,50576.000000
19246.000000,7916.000000,11921.000000,50516.000000
19348.000000,7928.000000,12005.000000,50480.000000
19217.000000,7798.000000,12015.000000,50680.000000
19293.000000,7873.000000,11975.000000,50480.000000
19176.000000,7849.000000,11945.000000,50612.000000
19545.000000,7777.000000,11788.000000,50555.000000
19171.000000,7913.000000,11956.000000,50582.000000
19298.000000,7837.000000,11968.000000,50460.000000
19226.000000,7811.000000,12034.000000,50470.000000
19444.000000,7815.000000,11993.000000,50532.000000
19277.000000,7952.000000,11985.000000,50424.000000
19255.000000,7875.000000,12033.000000,50557.000000
19292.000000,7846.000000,11948.000000,50536.000000
19429.000000,7900.000000,11998.000000,50593.000000
19294.000000,7946.000000,12049.000000,50504.000000
19240.000000,7901.000000,12047.000000,50507.000000
19269.000000,8014.000000,11979.000000,50432.000000
19259.000000,7837.000000,12039.000000,50599.000000
19309.000000,7939.000000,11919.000000,50651.000000
19390.000000,7944.000000,12038.000000,50635.000000
19390.000000,7956.000000,12065.000000,50662.000000
19243.000000,7906.000000,12096.000000,50603.000000
19388.000000,7981.000000,12149.000000,50684.000000
19226.000000,7972.000000,12113.000000,50604.000000
19453.000000,8004.000000,12058.000000,50647.000000
19491.000000,8043.000000,12128.000000,50792.000000
19418.000000,7977.000000,12186.000000,50643.000000
19480.000000,8060.000000,12135.000000,50538.000000
19529.000000,8002.000000,12217.000000,50690.000000
19585.000000,8194.000000,12153.000000,50642.000000
19502.000000,8073.000000,12308.000000,50636.000000
19420.000000,8065.000000,12219.000000,50718.000000
19604.000000,8117.000000,12387.000000,50846.000000
19618.000000,8151.000000,12376.000000,50800.000000
19694.000000,8205.000000,12397.000000,50801.000000
19552.000000,8098.000000,12448.000000,50865.000000
19867.000000,8349.000000,12481.000000,50859.000000
19821.000000,8236.000000,12404.000000,50877.000000
19926.000000,8259.000000,12672.000000,50889.000000
19804.000000,8272.000000,12689.000000,50976.000000
19808.000000,8442.000000,12856.000000,50989.000000
20023.000000,8267.000000,12934.000000,51049.000000
19928.000000,8618.000000,12985.000000,50936.000000
20020.000000,8483.000000,12963.000000,51155.000000
20222.000000,8668.000000,13001.000000,51122.000000
20125.000000,8582.000000,13048.000000,51187.000000
20120.000000,8618.000000,13052.000000,51105.000000
20207.000000,8619.000000,13168.000000,51097.000000
20292.000000,8627.000000,13024.000000,51184.000000
20200.000000,8579.000000,13003.000000,51083.000000
20161.000000,8613.000000,13032.000000,51064.000000
20096.000000,8642.000000,13070.000000,51215.000000
20258.000000,8702.000000,13095.000000,51142.000000
20303.000000,8698.000000,13071.000000,51106.000000
20308.000000,8452.000000,12916.000000,51019.000000
20088.000000,8639.000000,12927.000000,51059.000000
20186.000000,8644.000000,13036.000000,51156.000000
20168.000000,8521.000000,12980.000000,51091.000000
20182.000000,8525.000000,12978.000000,51106.000000
20158.000000,8595.000000,12967.000000,51141.000000
20132.000000,8574.000000,12883.000000,51132.000000
20110.000000,8593.000000,12953.000000,51110.000000
20089.000000,8501.000000,12883.000000,51116.000000
20088.000000,8551.000000,13001.000000,51137.000000
20072.000000,8747.000000,13035.000000,51022.000000
20097.000000,8524.000000,12894.000000,51085.000000
20172.000000,8548.000000,12893.000000,51088.000000
20228.000000,8793.000000,13110.000000,51155.000000
19937.000000,8564.000000,12933.000000,51054.000000
20110.000000,8525.000000,12947.000000,51090.000000
19975.000000,8415.000000,12868.000000,51083.000000
20046.000000,8544.000000,12812.000000,51004.000000
20063.000000,8495.000000,12860.000000,50961.000000
19978.000000,8518.000000,12860.000000,51139.000000
19969.000000,8477.000000,12851.000000,50992.000000
20138.000000,8463.000000,12843.000000,51035.000000
20119.000000,8472.000000,12928.000000,51054.000000
20014.000000,8371.000000,12669.000000,51120.000000
20007.000000,8422.000000,12775.000000,50983.000000
19998.000000,8470.000000,12629.000000,51043.000000
19839.000000,8566.000000,12651.000000,50869.000000
19946.000000,8402.000000,12850.000000,50893.000000
19984.000000,8346.000000,12695.000000,50980.000000
19972.000000,8458.000000,12766.000000,50993.000000
19921.000000,8417.000000,12693.000000,50834.000000
19873.000000,8414.000000,12712.000000,51037.000000
19882.000000,8298.000000,12774.000000,50905.000000
19841.000000,8446.000000,12673.000000,50917.000000
19996.000000,8437.000000,12620.000000,50905.000000
19823.000000,8434.000000,12718.000000,50961.000000
19957.000000,8229.000000,12647.000000,51003.000000
19910.000000,8342.000000,12666.000000,50936.000000
19863.000000,8412.000000,12619.000000,50968.000000
19795.000000,8263.000000,12759.000000,50992.000000
19769.000000,8232.000000,12531.000000,50812.000000
19746.000000,8319.000000,12505.000000,50907.000000
19868.000000,8198.000000,12661.000000,50763.000000
19745.000000,8243.000000,12740.000000,50829.000000
19774.000000,8304.000000,12560.000000,50912.000000
19577.000000,8206.000000,12442.000000,50748.000000
19663.000000,8281.000000,12543.000000,50780.000000
19622.000000,8124.000000,12459.000000,50817.000000
19626.000000,8184.000000,12463.000000,50826.000000
19740.000000,8241.000000,12539.000000,50810.000000
19695.000000,8241.000000,12506.000000,50824.000000
19494.000000,8121.000000,12490.000000,50850.000000
19602.000000,8205.000000,12419.000000,50951.000000
19653.000000,8233.000000,12686.000000,50822.000000
19673.000000,8108.000000,12356.000000,50803.000000
19378.000000,8117.000000,12506.000000,50836.000000
19577.000000,8113.000000,12324.000000,50838.000000
19712.000000,8351.000000,12469.000000,50805.000000
19646.000000,8084.000000,12401.000000,50837.000000
19449.000000,8213.000000,12372.000000,50699.000000
19561.000000,8075.000000,12337.000000,50788.000000
19602.000000,8065.000000,12320.000000,50792.000000
19526.000000,8104.000000,12351.000000,50863.000000
19369.000000,8129.000000,12475.000000,50744.000000
19524.000000,8104.000000,12317.000000,50745.000000
19419.000000,8036.000000,12353.000000,50761.000000
19496.000000,8128.000000,12333.000000,50843.000000
19392.000000,8124.000000,12308.000000,50720.000000
19466.000000,8227.000000,12194.000000,50734.000000
19599.000000,8232.000000,12413.000000,50675.000000
19504.000000,8074.000000,12249.000000,50896.000000
19523.000000,8115.000000,12228.000000,50691.000000
19559.000000,8216.000000,12269.000000,50853.000000
19574.000000,8140.000000,12349.000000,50713.000000
19285.000000,8035.000000,12237.000000,50797.000000
19578.000000,8029.000000,12208.000000,50681.000000
19555.000000,8062.000000,12476.000000,50734.000000
19591.000000,8150.000000,12134.000000,50740.000000
19507.000000,8127.000000,12336.000000,50711.000000
19501.000000,8046.000000,12271.000000,50695.000000
19481.000000,8066.000000,12287.000000,50740.000000
19425.000000,8090.000000,12206.000000,50624.000000
19385.000000,7983.000000,12270.000000,50815.000000
19458.000000,7962.000000,12414.000000,50810.000000
19499.000000,7976.000000,12118.000000,50720.000000
19465.000000,8151.000000,12099.000000,50738.000000
19379.000000,8049.000000,12155.000000,50644.000000
19355.000000,8017.000000,12183.000000,50723.000000
19429.000000,7923.000000,12031.000000,50787.000000
19439.000000,8000.000000,12152.000000,50691.000000
19331.000000,7919.000000,12129.000000,50597.000000
19351.000000,7998.000000,12052.000000,50630.000000
19409.000000,7981.000000,12062.000000,50673.000000
19436.000000,7990.000000,12192.000000,50656.000000
19288.000000,7926.000000,12235.000000,50556.000000
19392.000000,8023.000000,12103.000000,50634.000000
19291.000000,7902.000000,12176.000000,50643.000000
19375.000000,8037.000000,12164.000000,50709.000000
19245.000000,7791.000000,12125.000000,50644.000000
19493.000000,7965.000000,12085.000000,50650.000000
19360.000000,7927.000000,12119.000000,50840.000000
19363.000000,7914.000000,12347.000000,50663.000000
19299.000000,7931.000000,12081.000000,50615.000000
19314.000000,7905.000000,12216.000000,50569.000000
19342.000000,8024.000000,12124.000000,50584.000000
19420.000000,7927.000000,12122.000000,50671.000000
19318.000000,7928.000000,12202.000000,50667.000000
19510.000000,7916.000000,12096.000000,50590.000000
19475.000000,8011.000000,12112.000000,50696.000000
19346.000000,7927.000000,12138.000000,50684.000000
19270.000000,7763.000000,12102.000000,50688.000000
19415.000000,8133.000000,12192.000000,50769.000000
19386.000000,7897.000000,12123.000000,50576.000000
19441.000000,7975.000000,12190.000000,50725.000000
19355.000000,7983.000000,12187.000000,50548.000000
19435.000000,7992.000000,12286.000000,50709.000000
19495.000000,8120.000000,12129.000000,50673.000000
19413.000000,8052.000000,12223.000000,50813.000000
19377.000000,8017.000000,12145.000000,50744.000000
19484.000000,8095.000000,12256.000000,50615.000000
19318.000000,8078.000000,12254.000000,50750.000000
19295.000000,7966.000000,12188.000000,50745.000000
19386.000000,8027.000000,12291.000000,50765.000000
19595.000000,8047.000000,12285.000000,50820.000000
19592.000000,8138.000000,12440.000000,50750.000000
19451.000000,7971.000000,12426.000000,50772.000000
19623.000000,8093.000000,12437.000000,50870.000000
19525.000000,7962.000000,12362.000000,50971.000000
19624.000000,8155.000000,12364.000000,50733.000000
19682.000000,8167.000000,12430.000000,50790.000000
19694.000000,8131.000000,12473.000000,50824.000000
19771.000000,8319.000000,12526.000000,50952.000000
19721.000000,8300.000000,12608.000000,50899.000000
19657.000000,8222.000000,12614.000000,50998.000000
19971.000000,8316.000000,12777.000000,50998.000000
20095.000000,8405.000000,12879.000000,51125.000000
20167.000000,8485.000000,12957.000000,51130.000000
20106.000000,8600.000000,12927.000000,51189.000000
20208.000000,8495.000000,12962.000000,51197.000000
20272.000000,8712.000000,13318.000000,51253.000000
20240.000000,8901.000000,13156.000000,51390.000000
20296.000000,8672.000000,13156.000000,51187.000000
20367.000000,8743.000000,13230.000000,51305.000000
20372.000000,8886.000000,13370.000000,51286.000000
20515.000000,8729.000000,13360.000000,51353.000000
20278.000000,8745.000000,13359.000000,51274.000000
20451.000000,8667.000000,13238.000000,51368.000000
20296.000000,8674.000000,13400.000000,51305.000000
20377.000000,8739.000000,13293.000000,51341.000000
20289.000000,8715.000000,13346.000000,51396.000000
20435.000000,8665.000000,13261.000000,51252.000000
20422.000000,8663.000000,13309.000000,51268.000000
20348.000000,8693.000000,13264.000000,51329.000000
20302.000000,8629.000000,13017.000000,51209.000000
20286.000000,8847.000000,13222.000000,51286.000000
20371.000000,8714.000000,13271.000000,51277.000000
20342.000000,8773.000000,13041.000000,51311.000000
20170.000000,8579.000000,13243.000000,51206.000000
20288.000000,8640.000000,13154.000000,51301.000000
20223.000000,8754.000000,13208.000000,51241.000000
20191.000000,8661.000000,13138.000000,51235.000000
20199.000000,8700.000000,13118.000000,51220.000000
20201.000000,8690.000000,13207.000000,51219.000000
20276.000000,8618.000000,13027.000000,51173.000000
20134.000000,8712.000000,13012.000000,51275.000000
20212.000000,8545.000000,13071.000000,51227.000000
20243.000000,8719.000000,13115.000000,51259.000000
20227.000000,8530.000000,13057.000000,51196.000000
20174.000000,8583.000000,13003.000000,51139.000000
20156.000000,8733.000000,13058.000000,51283.000000
20253.000000,8511.000000,12957.000000,51173.000000
20093.000000,8527.000000,13045.000000,51115.000000
20114.000000,8680.000000,12997.000000,51228.000000
20107.000000,8558.000000,12957.000000,50873.000000
20068.000000,8639.000000,12985.000000,51151.000000
20136.000000,8540.000000,13010.000000,51205.000000
19978.000000,8554.000000,13063.000000,51201.000000
20082.000000,8539.000000,12976.000000,51148.000000
20245.000000,8462.000000,12957.000000,51111.000000
19982.000000,8571.000000,12932.000000,51091.000000
19969.000000,8443.000000,12774.000000,51173.000000
20132.000000,8429.000000,12901.000000,51069.000000
20083.000000,8641.000000,12858.000000,50988.000000
19984.000000,8483.000000,12801.000000,50996.000000
19982.000000,8402.000000,13015.000000,50950.000000
19967.000000,8482.000000,12766.000000,50887.000000
19932.000000,8496.000000,12842.000000,51039.000000
19911.000000,8532.000000,12770.000000,50982.000000
19781.000000,8402.000000,12681.000000,51021.000000
19956.000000,8361.000000,12756.000000,51023.000000
19971.000000,8457.000000,12543.000000,51008.000000
19965.000000,8413.000000,12626.000000,51099.000000
19824.000000,8330.000000,12643.000000,51023.000000
19834.000000,8423.000000,12754.000000,50975.000000
19797.000000,8325.000000,12669.000000,50989.000000
19727.000000,8270.000000,12521.000000,50823.000000
19895.000000,8293.000000,12653.000000,50978.000000
19799.000000,8234.000000,12547.000000,50911.000000
19830.000000,8369.000000,12616.000000,51060.000000
19861.000000,8319.000000,12556.000000,50860.000000
19804.000000,8263.000000,12589.000000,50976.000000
19869.000000,8322.000000,12602.000000,50957.000000
19823.000000,8311.000000,12462.000000,50886.000000
19675.000000,8257.000000,12565.000000,50934.000000
19751.000000,8117.000000,12470.000000,50873.000000
19750.000000,8284.000000,12538.000000,50823.000000
19656.000000,8129.000000,12520.000000,50844.000000
19655.000000,8154.000000,12459.000000,50916.000000
19555.000000,8341.000000,12488.000000,50904.000000
19662.000000,8223.000000,12565.000000,50899.000000
19697.000000,8264.000000,12496.000000,50866.000000
19628.000000,8260.000000,12467.000000,50813.000000
19661.000000,8232.000000,12362.000000,50824.000000
19774.000000,8277.000000,12416.000000,50897.000000
19718.000000,8165.000000,12408.000000,50893.000000
19648.000000,8137.000000,12598.000000,50735.000000
19591.000000,8186.000000,12408.000000,50836.000000
19749.000000,8087.000000,12426.000000,50760.000000
19675.000000,8218.000000,12460.000000,50831.000000
19586.000000,8085.000000,12577.000000,50596.000000
19694.000000,8253.000000,12464.000000,50856.000000
19712.000000,7968.000000,12290.000000,50899.000000
19583.000000,8123.000000,12451.000000,50849.000000
19602.000000,8196.000000,12397.000000,50860.000000
19776.000000,8198.000000,12506.000000,50777.000000
19655.000000,8219.000000,12343.000000,50871.000000
19628.000000,8212.000000,12268.000000,50792.000000
19700.000000,8109.000000,12368.000000,50883.000000
19640.000000,8238.000000,12482.000000,50857.000000
19561.000000,8237.000000,12374.000000,50905.000000
19567.000000,8167.000000,12405.000000,50885.000000
19549.000000,8179.000000,12452.000000,50864.000000
19611.000000,8134.000000,12476.000000,50721.000000
19630.000000,8174.000000,12432.000000,50838.000000
19683.000000,8127.000000,12307.000000,50838.000000
19615.000000,8003.000000,12215.000000,50702.000000
19568.000000,8079.000000,12358.000000,50833.000000
19589.000000,8087.000000,12294.000000,50762.000000
19494.000000,7972.000000,12313.000000,50878.000000
19610.000000,8148.000000,12396.000000,50915.000000
19626.000000,8140.000000,12326.000000,50831.000000
19432.000000,8053.000000,12332.000000,50712.000000
19354.000000,8099.000000,12292.000000,50729.000000
19521.000000,7904.000000,12317.000000,50714.000000
19410.000000,8004.000000,12280.000000,50781.000000
19460.000000,8007.000000,12298.000000,50704.000000
19387.000000,8038.000000,12168.000000,50657.000000
19357.000000,8053.000000,12134.000000,50726.000000
19361.000000,7957.000000,12133.000000,50726.000000
19540.000000,8062.000000,12242.000000,50771.000000
19527.000000,8030.000000,12290.000000,50768.000000
19583.000000,8057.000000,12118.000000,50739.000000
19485.000000,7950.000000,12298.000000,50864.000000
19496.000000,8032.000000,12277.000000,50699.000000
19477.000000,7963.000000,12305.000000,50653.000000
19546.000000,8037.000000,12267.000000,50734.000000
19414.000000,8029.000000,12280.000000,50717.000000
19484.000000,8134.000000,12215.000000,50757.000000
19396.000000,7996.000000,12238.000000,50728.000000
19620.000000,8143.000000,12258.000000,50780.000000
19608.000000,7924.000000,12360.000000,50783.000000
19583.000000,8143.000000,12279.000000,50867.000000
19510.000000,8000.000000,12258.000000,50825.000000
19463.000000,8042.000000,12221.000000,50784.000000
19444.000000,8089.000000,12402.000000,50838.000000
19549.000000,8207.000000,12380.000000,50916.000000
19491.000000,8009.000000,12331.000000,50840.000000
19569.000000,8154.000000,12295.000000,50940.000000
19625.000000,8165.000000,12392.000000,50856.000000
19555.000000,8110.000000,12398.000000,50818.000000
19706.000000,8135.000000,12219.000000,50941.000000
19637.000000,8206.000000,12420.000000,50901.000000
19609.000000,8195.000000,12311.000000,50909.000000
19592.000000,8059.000000,12462.000000,50908.000000
19619.000000,8165.000000,12415.000000,50902.000000
19567.000000,8184.000000,12507.000000,50863.000000
19794.000000,8146.000000,12556.000000,50956.000000
19697.000000,8121.000000,12462.000000,50890.000000
19696.000000,8037.000000,12517.000000,50950.000000
19810.000000,8217.000000,12612.000000,51100.000000
19825.000000,8465.000000,12577.000000,50949.000000
19716.000000,8347.000000,12677.000000,51014.000000
19853.000000,8343.000000,12678.000000,51050.000000
19977.000000,8215.000000,12665.000000,51171.000000
19995.000000,8513.000000,12783.000000,51112.000000
19950.000000,8375.000000,12730.000000,51139.000000
20189.000000,8530.000000,12909.000000,51272.000000
20183.000000,8552.000000,13019.000000,51219.000000
20369.000000,8744.000000,13171.000000,51181.000000
20411.000000,8684.000000,13201.000000,51348.000000
20439.000000,8745.000000,13241.000000,51398.000000
20443.000000,8842.000000,13476.000000,51337.000000
20498.000000,8886.000000,13337.000000,51392.000000
20484.000000,8839.000000,13287.000000,51446.000000
20536.000000,8830.000000,13416.000000,51413.000000
20460.000000,8926.000000,13553.000000,51432.000000
20413.000000,8820.000000,13422.000000,51234.000000
20564.000000,8823.000000,13560.000000,51375.000000
20559.000000,8898.000000,13548.000000,51363.000000
20516.000000,8971.000000,13339.000000,51449.000000
20465.000000,8912.000000,13488.000000,51436.000000
20464.000000,8860.000000,13405.000000,51368.000000
20437.000000,8852.000000,13482.000000,51438.000000
20480.000000,8945.000000,13476.000000,51445.000000
20444.000000,8844.000000,13569.000000,51365.000000
20450.000000,8799.000000,13575.000000,51336.000000
20347.000000,8764.000000,13414.000000,51383.000000
20434.000000,8855.000000,13441.000000,51438.000000
20483.000000,8823.000000,13379.000000,51325.000000
20221.000000,8670.000000,13258.000000,51398.000000
20357.000000,8879.000000,13402.000000,51372.000000
20479.000000,8815.000000,13377.000000,51438.000000
20313.000000,8827.000000,13539.000000,51412.000000
20303.000000,8852.000000,13295.000000,51364.000000
20431.000000,8809.000000,13283.000000,51299.000000
20408.000000,8745.000000,13317.000000,51320.000000
20348.000000,8776.000000,13370.000000,51366.000000
20298.000000,8717.000000,13373.000000,51296.000000
20410.000000,8924.000000,13306.000000,51252.000000
20358.000000,8674.000000,13258.000000,51334.000000
20381.000000,8669.000000,13407.000000,51292.000000
20142.000000,8629.000000,13316.000000,51324.000000
20433.000000,8625.000000,13050.000000,51275.000000
20358.000000,8735.000000,13214.000000,51300.000000
20256.000000,8632.000000,13260.000000,51317.000000
20189.000000,8813.000000,13153.000000,51259.000000
20412.000000,8684.000000,13308.000000,51272.000000
20310.000000,8714.000000,13089.000000,51083.000000
20169.000000,8649.000000,13101.000000,51257.000000
20195.000000,8604.000000,13123.000000,51227.000000
20298.000000,8684.000000,13105.000000,51265.000000
20219.000000,8658.000000,12988.000000,51010.000000
20184.000000,8556.000000,13130.000000,51239.000000
20203.000000,8646.000000,13024.000000,51105.000000
20246.000000,8575.000000,13093.000000,51248.000000
20110.000000,8642.000000,13116.000000,51284.000000
20181.000000,8580.000000,13052.000000,51217.000000
20127.000000,8631.000000,13079.000000,51248.000000
20066.000000,8548.000000,13092.000000,51127.000000
20148.000000,8550.000000,12992.000000,51207.000000
19984.000000,8514.000000,12977.000000,50994.000000
20236.000000,8538.000000,12972.000000,51138.000000
20072.000000,8501.000000,12870.000000,51162.000000
20141.000000,8635.000000,12955.000000,51113.000000
19838.000000,8507.000000,12900.000000,51149.000000
20148.000000,8525.000000,12958.000000,51246.000000
20030.000000,8406.000000,12786.000000,51197.000000
20045.000000,8454.000000,12805.000000,51214.000000
19842.000000,8489.000000,12939.000000,51063.000000
20063.000000,8515.000000,12855.000000,51067.000000
19937.000000,8457.000000,12719.000000,51208.000000
19967.000000,8346.000000,12816.000000,51048.000000
19853.000000,8367.000000,12983.000000,51112.000000
19980.000000,8340.000000,12804.000000,51161.000000
19863.000000,8460.000000,12845.000000,51018.000000
19872.000000,8364.000000,12802.000000,51037.000000
19695.000000,8332.000000,12706.000000,51045.000000
19782.000000,8346.000000,12741.000000,51000.000000
19968.000000,8301.000000,12585.000000,51176.000000
19933.000000,8321.000000,12643.000000,51073.000000
19797.000000,8328.000000,12723.000000,51128.000000
19772.000000,8374.000000,12764.000000,50962.000000
19861.000000,8389.000000,12618.000000,50919.000000
19807.000000,8320.000000,12658.000000,51061.000000
19654.000000,8247.000000,12787.000000,50953.000000
19867.000000,8350.000000,12627.000000,51023.000000
19783.000000,8298.000000,12666.000000,50954.000000
19753.000000,8263.000000,12680.000000,51084.000000
19734.000000,8323.000000,12716.000000,51057.000000
19819.000000,8349.000000,12674.000000,50968.000000
19881.000000,8312.000000,12463.000000,50953.000000
19817.000000,8453.000000,12452.000000,51156.000000
19802.000000,8410.000000,12664.000000,51042.000000
19851.000000,8381.000000,12688.000000,50909.000000
19849.000000,8361.000000,12587.000000,50975.000000
19751.000000,8266.000000,12604.000000,50876.000000
19763.000000,8329.000000,12689.000000,50961.000000
19677.000000,8240.000000,12490.000000,50954.000000
19865.000000,8353.000000,12581.000000,50949.000000
19687.000000,8298.000000,12673.000000,50951.000000
19755.000000,8271.000000,12616.000000,50962.000000
19739.000000,8229.000000,12645.000000,50922.000000
19784.000000,8328.000000,12571.000000,50956.000000
19709.000000,8288.000000,12461.000000,50906.000000
19719.000000,8349.000000,12630.000000,51055.000000
19753.000000,8211.000000,12520.000000,50970.000000
19727.000000,8315.000000,12563.000000,50924.000000
19626.000000,8244.000000,12751.000000,50920.000000
19666.000000,8350.000000,12550.000000,50920.000000
19692.000000,8251.000000,12564.000000,50874.000000
19665.000000,8146.000000,12506.000000,50966.000000
19507.000000,8245.000000,12566.000000,50932.000000
19635.000000,8154.000000,12537.000000,50901.000000
19714.000000,8168.000000,12489.000000,50752.000000
19762.000000,8126.000000,12449.000000,50912.000000
19671.000000,8234.000000,12492.000000,50960.000000
19670.000000,8088.000000,12425.000000,50939.000000
19713.000000,8207.000000,12306.000000,50810.000000
19615.000000,8094.000000,12432.000000,50933.000000
19628.000000,8089.000000,12466.000000,50869.000000
19584.000000,8119.000000,12417.000000,50802.000000
19645.000000,8334.000000,12385.000000,50829.000000
19591.000000,8083.000000,12415.000000,50796.000000
19611.000000,8141.000000,12425.000000,50897.000000
19516.000000,8135.000000,12367.000000,50880.000000
19713.000000,8112.000000,12439.000000,50937.000000
19611.000000,8205.000000,12343.000000,50902.000000
19461.000000,7978.000000,12502.000000,50728.000000
19639.000000,8177.000000,12383.000000,50814.000000
19594.000000,8181.000000,12392.000000,50865.000000
19508.000000,8288.000000,12322.000000,50716.000000
19576.000000,8085.000000,12404.000000,50814.000000
19584.000000,8256.000000,12501.000000,50911.000000
19671.000000,8202.000000,12512.000000,50808.000000
19595.000000,8190.000000,12369.000000,50805.000000
19655.000000,8041.000000,12432.000000,50834.000000
19769.000000,8129.000000,12538.000000,50858.000000
19610.000000,8240.000000,12527.000000,50880.000000
19468.000000,8027.000000,12419.000000,50768.000000
19663.000000,8209.000000,12425.000000,50887.000000
19643.000000,8187.000000,12502.000000,50883.000000
19688.000000,8178.000000,12517.000000,50895.000000
19512.000000,8167.000000,12515.000000,50893.000000
19544.000000,8240.000000,12643.000000,50929.000000
19798.000000,8301.000000,12590.000000,50985.000000
19654.000000,8202.000000,12574.000000,51006.000000
19760.000000,8290.000000,12511.000000,50815.000000
19861.000000,8288.000000,12497.000000,50867.000000
19937.000000,8379.000000,12582.000000,50954.000000
19753.000000,8277.000000,12736.000000,51101.000000
19693.000000,8262.000000,12662.000000,51013.000000
19849.000000,8381.000000,12703.000000,50933.000000
19927.000000,8410.000000,12919.000000,51203.000000
19901.000000,8369.000000,12810.000000,51090.000000
19955.000000,8529.000000,13085.000000,51137.000000
20150.000000,8602.000000,13145.000000,51166.000000
20127.000000,8833.000000,13179.000000,51214.000000
20295.000000,8666.000000,13128.000000,51340.000000
20360.000000,8706.000000,13263.000000,51291.000000
20457.000000,8800.000000,13225.000000,51355.000000
20304.000000,8846.000000,13590.000000,51453.000000
20436.000000,8808.000000,13581.000000,51575.000000
20562.000000,8770.000000,13416.000000,51391.000000
20511.000000,8918.000000,13701.000000,51464.000000
20586.000000,8918.000000,13604.000000,51516.000000
20642.000000,8898.000000,13552.000000,51490.000000
20576.000000,8926.000000,13569.000000,51323.000000
20555.000000,8813.000000,13599.000000,51504.000000
20646.000000,9001.000000,13473.000000,51471.000000
20600.000000,8907.000000,13619.000000,51460.000000
20517.000000,8930.000000,13552.000000,51445.000000
20645.000000,8996.000000,13514.000000,51494.000000
20481.000000,8876.000000,13509.000000,51589.000000
20546.000000,8889.000000,13569.000000,51553.000000
20517.000000,9013.000000,13565.000000,51396.000000
20646.000000,8736.000000,13336.000000,51644.000000
20566.000000,9023.000000,13499.000000,51464.000000
20425.000000,8821.000000,13397.000000,51328.000000
20471.000000,8880.000000,13443.000000,51380.000000
20451.000000,8837.000000,13465.000000,51350.000000
20533.000000,8891.000000,13506.000000,51392.000000
20468.000000,8874.000000,13294.000000,51308.000000
20505.000000,8878.000000,13420.000000,51321.000000
20414.000000,8846.000000,13449.000000,51394.000000
20514.000000,8838.000000,13409.000000,51405.000000
20338.000000,8789.000000,13394.000000,51269.000000
20244.000000,8761.000000,13378.000000,51403.000000
20228.000000,8715.000000,13316.000000,51259.000000
20383.000000,8846.000000,13401.000000,51389.000000
20229.000000,8754.000000,13339.000000,51296.000000
20562.000000,8764.000000,13351.000000,51312.000000
20381.000000,8740.000000,13337.000000,51347.000000
20326.000000,8780.000000,13327.000000,51377.000000
20244.000000,8658.000000,13276.000000,51239.000000
20392.000000,8717.000000,13188.000000,51350.000000
20339.000000,8715.000000,13361.000000,51282.000000
20329.000000,8776.000000,13340.000000,51241.000000
20101.000000,8700.000000,13273.000000,51496.000000
20332.000000,8902.000000,13055.000000,51307.000000
20206.000000,8762.000000,13113.000000,51296.000000
20183.000000,8613.000000,13206.000000,51261.000000
20203.000000,8699.000000,13071.000000,51270.000000
20224.000000,8685.000000,13193.000000,51212.000000
20301.000000,8699.000000,13184.000000,51258.000000
20214.000000,8628.000000,13108.000000,51218.000000
20183.000000,8596.000000,12954.000000,51232.000000
20087.000000,8687.000000,13048.000000,51289.000000
20190.000000,8659.000000,13114.000000,51341.000000
20086.000000,8564.000000,13018.000000,51139.000000
20109.000000,8504.000000,13113.000000,51126.000000
20136.000000,8694.000000,13057.000000,51197.000000
20111.000000,8630.000000,12742.000000,51149.000000
20036.000000,8537.000000,12963.000000,51282.000000
20016.000000,8447.000000,12884.000000,51090.000000
20051.000000,8625.000000,12913.000000,51046.000000
19992.000000,8445.000000,12906.000000,51098.000000
20003.000000,8443.000000,12969.000000,51149.000000
20010.000000,8403.000000,12893.000000,51062.000000
20011.000000,8509.000000,12859.000000,51077.000000
19913.000000,8481.000000,12945.000000,51066.000000
19830.000000,8516.000000,12774.000000,51117.000000
19841.000000,8380.000000,12800.000000,51113.000000
19818.000000,8404.000000,12981.000000,51077.000000
19932.000000,8395.000000,12799.000000,51020.000000
19732.000000,8430.000000,12797.000000,51067.000000
19870.000000,8378.000000,12777.000000,51030.000000
19766.000000,8383.000000,12725.000000,50982.000000
19878.000000,8429.000000,12767.000000,51053.000000
19702.000000,8356.000000,12973.000000,51063.000000
19885.000000,8328.000000,12805.000000,51002.000000
19936.000000,8304.000000,12601.000000,50928.000000
19824.000000,8355.000000,12780.000000,51080.000000
19838.000000,8320.000000,12691.000000,51046.000000
19858.000000,8187.000000,12712.000000,51049.000000
19750.000000,8355.000000,12575.000000,51036.000000
19715.000000,8382.000000,12548.000000,50907.000000
19618.000000,8267.000000,12697.000000,50986.000000
19604.000000,8313.000000,12672.000000,50951.000000
19758.000000,8268.000000,12567.000000,51038.000000
19717.000000,8260.000000,12551.000000,51030.000000
19729.000000,8180.000000,12675.000000,50909.000000
19674.000000,8137.000000,12795.000000,51039.000000
19799.000000,8262.000000,12597.000000,50996.000000
19600.000000,8299.000000,12690.000000,50957.000000
19525.000000,8365.000000,12488.000000,50971.000000
19680.000000,8266.000000,12755.000000,50985.000000
19708.000000,8346.000000,12570.000000,51045.000000
19729.000000,8310.000000,12500.000000,51007.000000
19709.000000,8213.000000,12552.000000,50921.000000
19777.000000,8182.000000,12595.000000,51080.000000
19692.000000,8266.000000,12570.000000,50942.000000
19744.000000,8282.000000,12580.000000,50886.000000
19800.000000,8182.000000,12758.000000,50874.000000
19645.000000,8261.000000,12481.000000,50996.000000
19665.000000,8244.000000,12583.000000,50948.000000
19717.000000,8139.000000,12479.000000,51058.000000
19703.000000,8131.000000,12324.000000,51057.000000
19608.000000,8230.000000,12404.000000,51103.000000
19711.000000,8217.000000,12552.000000,50984.000000
19680.000000,8190.000000,12548.000000,50963.000000
19739.000000,8155.000000,12584.000000,51018.000000
19669.000000,8238.000000,12433.000000,50850.000000
19687.000000,8264.000000,12522.000000,50872.000000
19463.000000,8204.000000,12552.000000,50938.000000
19619.000000,8133.000000,12461.000000,50908.000000
19655.000000,8174.000000,12525.000000,50901.000000
19652.000000,8186.000000,12407.000000,50937.000000
19550.000000,8023.000000,12387.000000,50983.000000
19624.000000,8104.000000,12423.000000,50825.000000
19560.000000,8183.000000,12381.000000,50846.000000
19688.000000,8203.000000,12503.000000,50926.000000
19451.000000,8116.000000,12380.000000,50853.000000
19526.000000,8165.000000,12390.000000,50834.000000
19502.000000,8034.000000,12325.000000,50946.000000
19539.000000,8074.000000,12297.000000,50787.000000
19428.000000,8174.000000,12491.000000,50706.000000
19545.000000,8159.000000,12449.000000,50896.000000
19481.000000,8114.000000,12344.000000,50980.000000
19677.000000,8124.000000,12367.000000,50900.000000
19505.000000,8150.000000,12454.000000,50891.000000
19538.000000,8116.000000,12436.000000,50882.000000
19477.000000,8119.000000,12354.000000,50823.000000
19467.000000,7981.000000,12269.000000,50818.000000
19561.000000,8103.000000,12429.000000,50789.000000
19563.000000,8111.000000,12453.000000,50794.000000
19580.000000,8196.000000,12394.000000,50976.000000
19407.000000,8087.000000,12407.000000,50997.000000
19430.000000,8123.000000,12474.000000,50827.000000
19678.000000,8177.000000,12397.000000,51057.000000
19595.000000,8147.000000,12408.000000,50931.000000
19609.000000,8234.000000,12326.000000,50852.000000
19623.000000,8135.000000,12464.000000,50930.000000
19500.000000,8235.000000,12508.000000,50881.000000
19655.000000,8199.000000,12445.000000,50841.000000
19653.000000,8196.000000,12537.000000,50988.000000
19565.000000,8296.000000,12522.000000,50977.000000
19670.000000,8219.000000,12538.000000,51042.000000
19696.000000,8215.000000,12614.000000,50917.000000
19635.000000,8140.000000,12634.000000,50991.000000
19724.000000,8333.000000,12865.000000,50911.000000
19810.000000,8325.000000,12517.000000,51052.000000
19803.000000,8181.000000,12778.000000,50973.000000
19650.000000,8305.000000,12786.000000,51099.000000
19759.000000,8215.000000,12544.000000,51024.000000
19778.000000,8338.000000,12728.000000,51002.000000
19878.000000,8431.000000,12847.000000,51115.000000
19744.000000,8333.000000,12911.000000,51141.000000
20001.000000,8430.000000,12956.000000,51140.000000
20064.000000,8697.000000,13240.000000,51129.000000
20065.000000,8505.000000,13055.000000,51229.000000
20117.000000,8637.000000,13074.000000,51383.000000
20403.000000,8687.000000,13408.000000,51329.000000
20211.000000,8822.000000,13401.000000,51449.000000
20369.000000,8885.000000,13476.000000,51472.000000
20414.000000,8842.000000,13567.000000,51438.000000
20501.000000,8845.000000,13584.000000,51580.000000
20690.000000,9088.000000,13661.000000,51526.000000
20603.000000,8986.000000,13584.000000,51484.000000
20600.000000,8945.000000,13556.000000,51549.000000
20619.000000,9140.000000,13668.000000,51560.000000
20637.000000,9130.000000,13674.000000,51554.000000
20706.000000,9190.000000,13694.000000,51441.000000
20542.000000,8969.000000,13602.000000,51604.000000
20617.000000,8954.000000,13645.000000,51476.000000
20648.000000,8968.000000,13582.000000,51549.000000
20793.000000,9169.000000,13748.000000,51609.000000
20567.000000,8959.000000,13475.000000,51535.000000
20546.000000,9014.000000,13630.000000,51499.000000
20511.000000,8906.000000,13624.000000,51536.000000
20467.000000,9013.000000,13542.000000,51501.000000
20547.000000,8932.000000,13523.000000,51559.000000
20554.000000,8895.000000,13527.000000,51531.000000
20533.000000,8949.000000,13581.000000,51469.000000
20469.000000,8916.000000,13526.000000,51614.000000
20509.000000,8865.000000,13451.000000,51493.000000
20387.000000,8912.000000,13562.000000,51535.000000
20506.000000,8820.000000,13486.000000,51432.000000
20492.000000,8779.000000,13397.000000,51304.000000
20322.000000,8879.000000,13431.000000,51349.000000
20452.000000,8840.000000,13424.000000,51434.000000
20354.000000,8916.000000,13424.000000,51466.000000
20245.000000,8884.000000,13433.000000,51210.000000
20367.000000,8780.000000,13414.000000,51461.000000
20420.000000,8982.000000,13566.000000,51421.000000
20359.000000,8811.000000,13396.000000,51329.000000
20355.000000,8786.000000,13382.000000,51363.000000
20316.000000,8789.000000,13355.000000,51360.000000
20469.000000,8789.000000,13419.000000,51316.000000
20276.000000,8788.000000,13395.000000,51318.000000
20232.000000,8660.000000,13318.000000,51292.000000
20359.000000,8782.000000,13307.000000,51379.000000
20334.000000,8737.000000,13421.000000,51407.000000
20223.000000,8702.000000,13247.000000,51386.000000
20090.000000,8713.000000,13255.000000,51374.000000
20314.000000,8748.000000,13142.000000,51469.000000
20248.000000,8670.000000,13151.000000,51326.000000
20248.000000,8509.000000,13232.000000,51273.000000
20114.000000,8683.000000,13233.000000,51405.000000
20189.000000,8597.000000,13168.000000,51239.000000
20235.000000,8621.000000,13155.000000,51305.000000
20328.000000,8583.000000,13155.000000,51232.000000
20021.000000,8659.000000,13029.000000,51245.000000
20082.000000,8578.000000,13115.000000,51349.000000
20140.000000,8595.000000,13202.000000,51173.000000
20020.000000,8677.000000,13150.000000,51257.000000
20044.000000,8509.000000,13031.000000,51246.000000
20076.000000,8597.000000,13105.000000,51260.000000
20254.000000,8566.000000,13064.000000,51204.000000
20049.000000,8534.000000,12919.000000,51207.000000
20081.000000,8417.000000,12951.000000,51186.000000
20094.000000,8727.000000,12881.000000,51200.000000
20004.000000,8513.000000,13102.000000,51113.000000
19997.000000,8484.000000,12921.000000,51150.000000
19988.000000,8474.000000,12966.000000,51162.000000
19966.000000,8529.000000,12981.000000,51175.000000
20016.000000,8493.000000,12883.000000,51214.000000
19875.000000,8533.000000,13032.000000,51095.000000
19933.000000,8557.000000,12721.000000,51067.000000
19976.000000,8425.000000,13017.000000,51195.000000
19990.000000,8534.000000,12875.000000,51129.000000
19853.000000,8424.000000,12862.000000,51148.000000
19871.000000,8333.000000,12775.000000,51101.000000
19887.000000,8356.000000,12854.000000,51088.000000
19849.000000,8426.000000,12724.000000,51175.000000
19789.000000,8391.000000,12723.000000,51015.000000
19848.000000,8371.000000,12709.000000,51182.000000
19769.000000,8319.000000,12823.000000,51113.000000
19878.000000,8437.000000,12615.000000,50908.000000
19758.000000,8351.000000,12734.000000,51003.000000
19847.000000,8377.000000,12706.000000,51075.000000
19787.000000,8315.000000,12778.000000,51270.000000
19742.000000,8345.000000,12737.000000,51085.000000
19827.000000,8415.000000,12692.000000,50988.000000
19768.000000,8443.000000,12693.000000,51001.000000
19739.000000,8325.000000,12779.000000,50952.000000
19676.000000,8475.000000,12640.000000,51076.000000
19642.000000,8145.000000,12627.000000,51161.000000
19719.000000,8266.000000,12571.000000,51016.000000
19735.000000,8238.000000,12668.000000,51060.000000
19798.000000,8248.000000,12678.000000,50998.000000
19468.000000,8097.000000,12813.000000,50864.000000
19647.000000,8243.000000,12450.000000,50938.000000
19742.000000,8269.000000,12605.000000,51000.000000
19606.000000,8340.000000,12637.000000,50992.000000
19839.000000,8194.000000,12529.000000,50935.000000
19706.000000,8254.000000,12641.000000,50954.000000
19556.000000,8336.000000,12655.000000,51029.000000
19663.000000,8209.000000,12584.000000,50974.000000
19557.000000,8267.000000,12586.000000,50921.000000
19709.000000,8351.000000,12588.000000,50999.000000
19691.000000,8308.000000,12537.000000,51037.000000
19642.000000,8267.000000,12825.000000,51138.000000
19661.000000,8304.000000,12607.000000,50940.000000
19825.000000,8235.000000,12473.000000,50795.000000
19644.000000,8241.000000,12610.000000,50929.000000
19655.000000,8289.000000,12565.000000,50979.000000
19638.000000,8186.000000,12607.000000,50937.000000
19628.000000,8038.000000,12425.000000,51082.000000
19681.000000,8225.000000,12553.000000,51049.000000
19561.000000,8225.000000,12510.000000,50926.000000
19597.000000,8196.000000,12421.000000,50899.000000
19470.000000,8200.000000,12521.000000,50963.000000
19563.000000,8170.000000,12452.000000,50995.000000
19467.000000,8089.000000,12512.000000,50943.000000
19636.000000,8151.000000,12353.000000,50899.000000
19608.000000,8093.000000,12390.000000,50882.000000
19635.000000,8176.000000,12375.000000,50974.000000
19481.000000,8111.000000,12395.000000,50877.000000
19556.000000,8100.000000,12457.000000,50769.000000
19523.000000,8174.000000,12492.000000,51048.000000
19505.000000,8093.000000,12412.000000,50915.000000
19402.000000,8092.000000,12484.000000,50809.000000
19616.000000,8092.000000,12396.000000,50947.000000
19524.000000,8123.000000,12505.000000,50868.000000
19644.000000,8040.000000,12427.000000,50923.000000
19538.000000,8118.000000,12405.000000,50864.000000
19489.000000,8011.000000,12407.000000,50806.000000
19511.000000,8225.000000,12425.000000,50855.000000
19472.000000,8117.000000,12428.000000,50892.000000
19546.000000,8118.000000,12339.000000,50897.000000
19499.000000,8138.000000,12392.000000,50966.000000
19613.000000,8107.000000,12468.000000,50868.000000
19435.000000,8209.000000,12356.000000,50886.000000
19418.000000,8029.000000,12446.000000,50844.000000
19483.000000,8219.000000,12451.000000,51143.000000
19571.000000,8197.000000,12443.000000,50968.000000
19609.000000,8145.000000,12488.000000,50909.000000
19420.000000,8057.000000,12397.000000,50911.000000
19387.000000,8104.000000,12487.000000,50881.000000
19553.000000,8197.000000,12499.000000,50852.000000
19531.000000,8110.000000,12479.000000,50861.000000
19566.000000,8152.000000,12537.000000,50967.000000
19709.000000,8129.000000,12458.000000,50946.000000
19538.000000,8256.000000,12544.000000,51011.000000
19436.000000,8179.000000,12542.000000,50962.000000
19524.000000,8248.000000,12518.000000,50898.000000
19606.000000,8200.000000,12581.000000,50945.000000
19589.000000,8239.000000,12674.000000,50982.000000
19660.000000,8292.000000,12737.000000,51177.000000
19633.000000,8169.000000,12725.000000,51065.000000
19671.000000,8245.000000,12735.000000,51069.000000
19705.000000,8235.000000,12785.000000,51078.000000
19691.000000,8274.000000,12757.000000,51022.000000
19748.000000,8352.000000,12737.000000,51078.000000
19843.000000,8329.000000,12699.000000,51138.000000
19798.000000,8395.000000,13038.000000,51217.000000
19917.000000,8398.000000,12975.000000,51162.000000
19942.000000,8476.000000,12994.000000,51211.000000
20105.000000,8556.000000,13018.000000,51303.000000
20147.000000,8681.000000,13248.000000,51286.000000
20140.000000,8740.000000,13170.000000,51366.000000
20306.000000,8747.000000,13362.000000,51371.000000
20464.000000,8812.000000,13355.000000,51352.000000
20405.000000,8840.000000,13471.000000,51537.000000
20159.000000,8838.000000,13431.000000,51457.000000
20457.000000,9099.000000,13474.000000,51630.000000
20599.000000,8996.000000,13701.000000,51568.000000
20487.000000,9101.000000,13656.000000,51559.000000
20539.000000,8880.000000,13565.000000,51542.000000
20538.000000,9143.000000,13746.000000,51603.000000
20749.000000,9043.000000,13713.000000,51623.000000
20511.000000,9071.000000,13749.000000,51619.000000
20523.000000,9012.000000,13799.000000,51698.000000
20618.000000,8961.000000,13608.000000,51570.000000
20663.000000,9077.000000,13698.000000,51656.000000
20551.000000,8930.000000,13733.000000,51608.000000
20532.000000,8992.000000,13730.000000,51488.000000
20621.000000,8907.000000,13579.000000,51569.000000
20606.000000,8926.000000,13820.000000,51702.000000
20441.000000,8881.000000,13601.000000,51573.000000
20593.000000,8788.000000,13594.000000,51523.000000
20605.000000,8995.000000,13577.000000,51542.000000
20514.000000,8977.000000,13639.000000,51770.000000
20446.000000,8964.000000,13628.000000,51523.000000
20625.000000,8897.000000,13575.000000,51497.000000
20499.000000,8992.000000,13573.000000,51555.000000
20343.000000,8985.000000,13563.000000,51561.000000
20491.000000,8935.000000,13676.000000,51487.000000
20420.000000,8862.000000,13648.000000,51491.000000
20429.000000,8768.000000,13455.000000,51456.000000
20351.000000,8881.000000,13523.000000,51531.000000
20348.000000,8858.000000,13634.000000,51531.000000
20373.000000,8879.000000,13481.000000,51504.000000
20379.000000,8974.000000,13577.000000,51487.000000
20349.000000,8883.000000,13472.000000,51492.000000
20270.000000,8753.000000,13434.000000,51406.000000
20336.000000,8870.000000,13495.000000,51399.000000
20404.000000,8728.000000,13397.000000,51539.000000
20373.000000,8775.000000,13358.000000,51307.000000
20312.000000,8790.000000,13378.000000,51405.000000
20236.000000,8841.000000,13515.000000,51393.000000
20234.000000,8698.000000,13373.000000,51551.000000
20414.000000,8739.000000,13376.000000,51518.000000
20431.000000,8596.000000,13574.000000,51346.000000
20300.000000,8833.000000,13429.000000,51545.000000
20303.000000,8739.000000,13297.000000,51402.000000
20146.000000,8815.000000,13290.000000,51413.000000
20252.000000,8734.000000,13497.000000,51372.000000
20198.000000,8763.000000,13230.000000,51418.000000
20283.000000,8737.000000,13346.000000,51333.000000
20215.000000,8791.000000,13244.000000,51302.000000
20155.000000,8651.000000,13186.000000,51500.000000
20162.000000,8661.000000,13214.000000,51280.000000
20066.000000,8701.000000,13338.000000,51348.000000
20113.000000,8571.000000,13209.000000,51527.000000
20107.000000,8589.000000,13111.000000,51215.000000
20155.000000,8543.000000,13156.000000,51309.000000
20093.000000,8804.000000,13131.000000,51410.000000
19925.000000,8531.000000,13180.000000,51347.000000
19992.000000,8580.000000,13088.000000,51248.000000
20144.000000,8603.000000,13075.000000,51181.000000
20096.000000,8575.000000,13154.000000,51360.000000
20006.000000,8518.000000,13114.000000,51220.000000
19993.000000,8555.000000,13040.000000,51229.000000
20078.000000,8693.000000,13068.000000,51240.000000
19894.000000,8476.000000,13029.000000,51236.000000
19969.000000,8494.000000,13066.000000,51243.000000
19808.000000,8510.000000,12972.000000,51150.000000
19965.000000,8572.000000,12826.000000,51215.000000
19841.000000,8573.000000,13032.000000,51177.000000
19760.000000,8591.000000,13012.000000,51067.000000
19871.000000,8444.000000,12907.000000,51128.000000
19851.000000,8437.000000,12945.000000,51117.000000
19955.000000,8487.000000,12845.000000,51130.000000
19827.000000,8425.000000,12851.000000,51226.000000
19798.000000,8444.000000,12831.000000,51148.000000
19920.000000,8385.000000,12932.000000,51191.000000
19883.000000,8407.000000,12784.000000,51100.000000
19779.000000,8307.000000,12825.000000,51149.000000
19800.000000,8397.000000,12815.000000,51112.000000
19844.000000,8308.000000,12863.000000,51150.000000
19783.000000,8413.000000,12755.000000,51208.000000
19774.000000,8311.000000,12947.000000,51119.000000
19764.000000,8360.000000,12773.000000,51140.000000
19784.000000,8319.000000,12786.000000,51094.000000
19789.000000,8316.000000,12718.000000,51012.000000
19721.000000,8222.000000,12805.000000,51032.000000
19678.000000,8322.000000,12746.000000,51079.000000
19779.000000,8203.000000,12716.000000,50964.000000
19733.000000,8531.000000,12744.000000,51021.000000
19561.000000,8227.000000,12665.000000,51178.000000
19700.000000,8370.000000,12724.000000,51080.000000
19779.000000,8346.000000,12751.000000,50983.000000
19649.000000,8377.000000,12703.000000,51044.000000
19522.000000,8240.000000,12914.000000,51125.000000
19884.000000,8299.000000,12668.000000,51177.000000
19599.000000,8368.000000,12711.000000,51067.000000
19675.000000,8351.000000,12732.000000,51084.000000
19713.000000,8254.000000,12735.000000,51052.000000
19691.000000,8203.000000,12866.000000,51141.000000
19779.000000,8431.000000,12674.000000,51029.000000
19707.000000,8271.000000,12689.000000,51064.000000
19647.000000,8226.000000,12619.000000,51037.000000
19597.000000,8241.000000,12686.000000,50904.000000
19745.000000,8232.000000,12636.000000,51010.000000
19498.000000,8318.000000,12662.000000,51068.000000
19584.000000,8188.000000,12598.000000,51066.000000
19618.000000,8186.000000,12514.000000,51064.000000
19733.000000,8245.000000,12640.000000,51036.000000
19587.000000,8263.000000,12650.000000,50885.000000
19561.000000,8209.000000,12593.000000,51067.000000
19784.000000,8192.000000,12596.000000,51052.000000
19617.000000,8105.000000,12460.000000,50987.000000
19581.000000,8256.000000,12540.000000,50990.000000
19490.000000,8272.000000,12601.000000,51025.000000
19552.000000,8299.000000,12570.000000,50867.000000
19563.000000,8209.000000,12588.000000,51002.000000
19570.000000,8182.000000,12554.000000,50993.000000
19582.000000,8186.000000,12609.000000,50984.000000
19631.000000,8190.000000,12531.000000,51081.000000
19547.000000,8142.000000,12555.000000,51017.000000
19393.000000,7923.000000,12465.000000,50870.000000
19473.000000,8175.000000,12491.000000,50978.000000
19576.000000,8115.000000,12417.000000,50950.000000
19462.000000,8162.000000,12488.000000,51005.000000
19655.000000,8264.000000,12527.000000,50879.000000
19495.000000,8165.000000,12528.000000,50936.000000
19604.000000,8173.000000,12465.000000,50789.000000
19586.000000,8054.000000,12509.000000,51017.000000
19261.000000,8032.000000,12463.000000,50990.000000
19531.000000,8163.000000,12526.000000,51021.000000
19526.000000,8096.000000,12541.000000,50946.000000
19635.000000,8092.000000,12517.000000,50987.000000
19440.000000,8188.000000,12551.000000,50990.000000
19559.000000,8140.000000,12542.000000,51004.000000
19550.000000,8129.000000,12549.000000,51060.000000
19505.000000,8163.000000,12781.000000,51056.000000
19501.000000,8145.000000,12546.000000,50981.000000
19674.000000,8265.000000,12521.000000,50966.000000
19619.000000,8318.000000,12464.000000,51060.000000
19541.000000,8148.000000,12609.000000,51090.000000
19555.000000,8220.000000,12699.000000,50881.000000
19686.000000,8312.000000,12619.000000,51076.000000
19619.000000,8348.000000,12658.000000,51093.000000
19637.000000,8198.000000,12623.000000,51173.000000
19558.000000,8198.000000,12710.000000,50982.000000
19713.000000,8263.000000,12714.000000,51100.000000
19534.000000,8328.000000,12699.000000,51138.000000
19606.000000,8313.000000,12730.000000,51186.000000
19753.000000,8204.000000,12615.000000,51225.000000
19704.000000,8271.000000,12788.000000,51123.000000
19877.000000,8434.000000,12876.000000,51204.000000
19687.000000,8393.000000,12849.000000,51143.000000
19705.000000,8388.000000,12867.000000,51157.000000
19771.000000,8317.000000,12919.000000,51239.000000
19871.000000,8428.000000,12973.000000,51315.000000
19710.000000,8618.000000,13028.000000,51277.000000
19957.000000,8456.000000,13137.000000,51337.000000
20027.000000,8608.000000,13216.000000,51240.000000
20057.000000,8612.000000,13268.000000,51368.000000
20074.000000,8725.000000,13356.000000,51446.000000
20227.000000,8641.000000,13382.000000,51414.000000
20241.000000,8807.000000,13455.000000,51620.000000
20325.000000,8894.000000,13671.000000,51620.000000
20205.000000,9103.000000,13701.000000,51674.000000
20451.000000,9043.000000,13766.000000,51700.000000
20621.000000,9031.000000,13813.000000,51597.000000
20544.000000,9074.000000,13768.000000,51611.000000
20544.000000,9055.000000,13691.000000,51648.000000
20506.000000,9072.000000,13972.000000,51589.000000
20652.000000,9082.000000,13775.000000,51676.000000
20444.000000,9092.000000,13866.000000,51658.000000
20482.000000,9052.000000,13838.000000,51682.000000
20601.000000,9112.000000,13900.000000,51683.000000
20593.000000,9018.000000,13676.000000,51819.000000
20542.000000,9044.000000,13888.000000,51508.000000
20561.000000,8970.000000,13741.000000,51650.000000
20517.000000,8966.000000,13913.000000,51700.000000
20535.000000,9046.000000,13720.000000,51652.000000
20503.000000,9111.000000,13830.000000,51576.000000
20353.000000,9041.000000,13737.000000,51641.000000
20530.000000,9070.000000,13863.000000,51592.000000
20459.000000,9048.000000,13634.000000,51586.000000
20503.000000,9020.000000,13736.000000,51554.000000
20199.000000,8984.000000,13643.000000,51616.000000
20593.000000,9036.000000,13667.000000,51561.000000
20519.000000,9021.000000,13640.000000,51589.000000
20469.000000,8803.000000,13590.000000,51610.000000
20382.000000,8967.000000,13698.000000,51514.000000
20369.000000,8900.000000,13609.000000,51720.000000
20455.000000,8974.000000,13605.000000,51591.000000
20355.000000,8862.000000,13693.000000,51487.000000
20288.000000,8914.000000,13725.000000,51625.000000
20357.000000,8899.000000,13576.000000,51602.000000
20413.000000,8938.000000,13569.000000,51492.000000
20256.000000,8738.000000,13584.000000,51639.000000
20234.000000,8764.000000,13479.000000,51511.000000
20365.000000,8854.000000,13592.000000,51643.000000
20332.000000,8872.000000,13559.000000,51549.000000
20189.000000,8894.000000,13471.000000,51556.000000
20429.000000,8631.000000,13436.000000,51416.000000
20375.000000,8846.000000,13521.000000,51529.000000
20251.000000,8819.000000,13560.000000,51524.000000
20030.000000,8841.000000,13415.000000,51483.000000
20257.000000,8760.000000,13529.000000,51533.000000
20211.000000,8817.000000,13461.000000,51485.000000
20244.000000,8787.000000,13443.000000,51455.000000
20222.000000,8780.000000,13443.000000,51471.000000
20259.000000,8760.000000,13361.000000,51504.000000
20214.000000,8746.000000,13394.000000,51403.000000
20154.000000,8692.000000,13422.000000,51364.000000
20096.000000,8706.000000,13378.000000,51417.000000
20098.000000,8701.000000,13376.000000,51480.000000
19879.000000,8694.000000,13345.000000,51265.000000
20142.000000,8612.000000,13462.000000,51392.000000
20010.000000,8647.000000,13295.000000,51310.000000
20105.000000,8653.000000,13194.000000,51383.000000
20136.000000,8630.000000,13267.000000,51574.000000
20070.000000,8697.000000,13303.000000,51412.000000
20018.000000,8578.000000,13272.000000,51368.000000
20054.000000,8622.000000,13301.000000,51436.000000
20008.000000,8571.000000,13323.000000,51390.000000
19975.000000,8655.000000,13175.000000,51330.000000
19871.000000,8537.000000,13180.000000,51287.000000
19923.000000,8583.000000,13245.000000,51356.000000
19859.000000,8625.000000,13179.000000,51189.000000
19922.000000,8683.000000,13120.000000,51317.000000
19826.000000,8509.000000,13118.000000,51317.000000
19963.000000,8533.000000,12985.000000,51309.000000
19895.000000,8435.000000,13078.000000,51352.000000
19844.000000,8461.000000,13113.000000,51435.000000
19838.000000,8492.000000,12981.000000,51256.000000
20032.000000,8454.000000,13074.000000,51237.000000
19934.000000,8520.000000,13008.000000,51238.000000
19853.000000,8462.000000,12947.000000,51327.000000
19823.000000,8589.000000,12959.000000,51172.000000
19847.000000,8468.000000,13022.000000,51241.000000
19782.000000,8396.000000,12917.000000,51248.000000
19982.000000,8404.000000,12924.000000,51201.000000
19553.000000,8643.000000,13024.000000,51246.000000
19851.000000,8532.000000,12965.000000,51248.000000
19771.000000,8351.000000,12876.000000,51160.000000
19710.000000,8362.000000,12868.000000,51126.000000
19747.000000,8349.000000,12892.000000,51052.000000
19729.000000,8461.000000,12821.000000,51192.000000
19911.000000,8415.000000,12889.000000,51259.000000
19655.000000,8386.000000,12960.000000,51122.000000
19675.000000,8406.000000,12903.000000,51252.000000
19709.000000,8388.000000,12875.000000,51191.000000
19644.000000,8430.000000,12874.000000,51217.000000
19809.000000,8234.000000,12918.000000,51128.000000
19721.000000,8308.000000,12859.000000,51155.000000
19889.000000,8402.000000,12637.000000,50987.000000
19691.000000,8585.000000,13013.000000,51090.000000
19772.000000,8372.000000,12654.000000,51031.000000
19766.000000,8352.000000,12843.000000,51143.000000
19713.000000,8446.000000,12773.000000,51159.000000
19684.000000,8500.000000,13106.000000,51196.000000
19683.000000,8375.000000,12733.000000,51075.000000
19709.000000,8408.000000,12831.000000,51082.000000
19669.000000,8341.000000,12853.000000,51228.000000
19722.000000,8391.000000,12876.000000,51192.000000
19669.000000,8379.000000,12841.000000,51048.000000
19769.000000,8434.000000,12812.000000,51095.000000
19725.000000,8391.000000,12878.000000,51232.000000
19642.000000,8389.000000,12955.000000,51234.000000
19507.000000,8306.000000,12665.000000,51110.000000
19651.000000,8228.000000,12869.000000,51210.000000
19572.000000,8389.000000,12833.000000,51118.000000
19642.000000,8301.000000,12825.000000,51146.000000
19537.000000,8261.000000,12722.000000,51202.000000
19637.000000,8319.000000,12871.000000,51217.000000
19637.000000,8323.000000,12768.000000,51144.000000
19598.000000,8266.000000,12744.000000,51061.000000
19569.000000,8278.000000,12780.000000,51161.000000
19654.000000,8362.000000,12755.000000,51020.000000
19572.000000,8271.000000,12830.000000,51123.000000
19477.000000,8211.000000,12544.000000,51052.000000
19427.000000,8183.000000,12680.000000,51131.000000
19589.000000,8342.000000,12620.000000,51097.000000
19493.000000,8200.000000,12693.000000,51068.000000
19518.000000,8186.000000,12553.000000,51120.000000
19510.000000,8192.000000,12695.000000,51083.000000
19518.000000,8523.000000,12695.000000,51114.000000
19567.000000,8207.000000,12783.000000,51064.000000
19526.000000,8161.000000,12878.000000,51018.000000
19585.000000,8178.000000,12667.000000,51118.000000
19529.000000,8300.000000,12654.000000,51078.000000
19518.000000,8272.000000,12740.000000,50968.000000
19522.000000,8224.000000,12741.000000,51036.000000
19523.000000,8267.000000,12681.000000,51119.000000
19497.000000,8196.000000,12571.000000,51047.000000
19606.000000,8173.000000,12755.000000,51110.000000
19464.000000,8271.000000,12717.000000,51035.000000
19562.000000,8234.000000,12769.000000,51172.000000
19600.000000,8263.000000,12727.000000,51047.000000
19742.000000,8306.000000,12666.000000,51083.000000
19526.000000,8216.000000,12651.000000,51049.000000
19717.000000,8274.000000,12714.000000,51076.000000
19609.000000,8321.000000,12805.000000,51127.000000
19633.000000,8207.000000,12835.000000,51145.000000
19740.000000,8166.000000,12605.000000,51080.000000
19679.000000,8266.000000,12876.000000,51146.000000
19643.000000,8344.000000,12906.000000,51098.000000
19570.000000,8269.000000,12856.000000,51170.000000
19634.000000,8246.000000,12773.000000,51184.000000
19635.000000,8293.000000,12811.000000,51123.000000
19680.000000,8218.000000,12882.000000,51192.000000
19756.000000,8262.000000,12982.000000,51202.000000
19664.000000,8309.000000,13051.000000,51254.000000
19835.000000,8400.000000,12863.000000,51140.000000
19767.000000,8383.000000,13224.000000,51303.000000
19931.000000,8417.000000,13089.000000,51148.000000
19893.000000,8455.000000,13061.000000,51329.000000
19890.000000,8766.000000,13080.000000,51270.000000
19947.000000,8575.000000,13225.000000,51459.000000
20170.000000,8592.000000,13350.000000,51479.000000
20006.000000,8722.000000,13361.000000,51500.000000
20192.000000,8791.000000,13504.000000,51509.000000
20124.000000,8768.000000,13616.000000,51631.000000
20237.000000,8852.000000,13607.000000,51701.000000
20362.000000,8929.000000,13744.000000,51621.000000
20471.000000,8956.000000,13684.000000,51656.000000
20446.000000,8971.000000,13761.000000,51665.000000
20434.000000,9058.000000,13847.000000,51739.000000
20483.000000,9041.000000,13703.000000,51758.000000
20455.000000,9087.000000,13864.000000,51700.000000
20436.000000,9048.000000,13964.000000,51666.000000
20399.000000,9026.000000,13954.000000,51754.000000
20566.000000,9032.000000,13987.000000,51748.000000
20541.000000,8865.000000,13842.000000,51717.000000
20523.000000,9050.000000,13872.000000,51741.000000
20432.000000,8977.000000,13827.000000,51738.000000
20515.000000,9008.000000,13842.000000,51626.000000
20519.000000,8960.000000,13853.000000,51626.000000
20548.000000,8962.000000,13768.000000,51701.000000
20412.000000,8892.000000,13838.000000,51732.000000
20422.000000,8983.000000,13771.000000,51809.000000
20478.000000,8967.000000,13801.000000,51601.000000
20443.000000,8981.000000,13798.000000,51607.000000
20301.000000,8840.000000,13925.000000,51547.000000
20450.000000,8989.000000,13689.000000,51629.000000
20291.000000,8920.000000,13681.000000,51752.000000
20424.000000,8979.000000,13777.000000,51542.000000
20402.000000,8828.000000,13799.000000,51673.000000
20390.000000,8997.000000,13537.000000,51706.000000
20356.000000,9011.000000,13683.000000,51609.000000
20350.000000,8918.000000,13738.000000,51571.000000
20412.000000,9055.000000,13549.000000,51588.000000
20332.000000,8926.000000,13653.000000,51548.000000
20376.000000,8910.000000,13731.000000,51619.000000
20308.000000,8888.000000,13645.000000,51681.000000
20211.000000,8791.000000,13653.000000,51572.000000
20310.000000,8966.000000,13595.000000,51472.000000
20328.000000,8794.000000,13655.000000,51458.000000
20370.000000,8872.000000,13598.000000,51558.000000
20274.000000,8867.000000,13501.000000,51551.000000
20220.000000,9051.000000,13577.000000,51554.000000
20160.000000,8815.000000,13569.000000,51588.000000
20135.000000,8791.000000,13552.000000,51568.000000
20203.000000,8762.000000,13549.000000,51564.000000
20189.000000,8831.000000,13517.000000,51558.000000
20230.000000,8797.000000,13534.000000,51595.000000
20032.000000,8848.000000,13492.000000,51567.000000
20121.000000,8751.000000,13439.000000,51562.000000
20185.000000,8766.000000,13460.000000,51525.000000
20097.000000,8691.000000,13389.000000,51515.000000
20113.000000,8776.000000,13544.000000,51562.000000
20025.000000,8831.000000,13281.000000,51549.000000
20085.000000,8767.000000,13499.000000,51385.000000
20077.000000,8832.000000,13363.000000,51607.000000
19902.000000,8694.000000,13400.000000,51500.000000
20122.000000,8701.000000,13381.000000,51459.000000
20099.000000,8730.000000,13448.000000,51470.000000
20106.000000,8650.000000,13402.000000,51462.000000
20004.000000,8620.000000,13363.000000,51413.000000
20096.000000,8693.000000,13355.000000,51481.000000
20072.000000,8658.000000,13241.000000,51435.000000
20026.000000,8627.000000,13408.000000,51503.000000
19959.000000,8529.000000,13130.000000,51259.000000
20053.000000,8589.000000,13215.000000,51559.000000
19946.000000,8664.000000,13436.000000,51394.000000
19960.000000,8611.000000,13320.000000,51483.000000
19957.000000,8492.000000,13208.000000,51410.000000
19998.000000,8634.000000,13305.000000,51439.000000
20042.000000,8613.000000,13285.000000,51370.000000
19848.000000,8667.000000,13378.000000,51343.000000
19824.000000,8610.000000,13223.000000,51335.000000
19899.000000,8478.000000,13201.000000,51415.000000
20015.000000,8550.000000,13106.000000,51350.000000
19832.000000,8542.000000,13153.000000,51399.000000
19880.000000,8509.000000,13325.000000,51182.000000
19820.000000,8547.000000,13147.000000,51239.000000
19867.000000,8575.000000,13243.000000,51415.000000
19815.000000,8554.000000,13156.000000,51430.000000
19726.000000,8201.000000,13319.000000,51460.000000
19752.000000,8579.000000,13106.000000,51290.000000
19848.000000,8543.000000,13147.000000,51429.000000
19794.000000,8362.000000,13139.000000,51240.000000
19747.000000,8456.000000,13233.000000,51368.000000
19832.000000,8516.000000,13218.000000,51225.000000
19740.000000,8544.000000,13102.000000,51338.000000
19808.000000,8398.000000,13075.000000,51182.000000
19713.000000,8482.000000,13116.000000,51265.000000
19957.000000,8503.000000,13196.000000,51333.000000
19803.000000,8557.000000,13098.000000,51288.000000
19722.000000,8473.000000,13187.000000,51344.000000
19809.000000,8475.000000,13107.000000,51378.000000
19942.000000,8567.000000,12951.000000,51282.000000
19773.000000,8531.000000,13102.000000,51251.000000
19693.000000,8406.000000,13051.000000,51371.000000
19750.000000,8439.000000,13094.000000,51251.000000
19733.000000,8670.000000,13247.000000,51272.000000
19851.000000,8493.000000,13118.000000,51292.000000
19757.000000,8548.000000,13036.000000,51297.000000
19717.000000,8486.000000,12981.000000,51214.000000
19781.000000,8483.000000,13173.000000,51266.000000
19791.000000,8535.000000,13071.000000,51281.000000
19701.000000,8415.000000,13010.000000,51205.000000
19874.000000,8521.000000,13082.000000,51330.000000
19819.000000,8564.000000,12948.000000,51197.000000
19922.000000,8355.000000,13068.000000,51318.000000
19613.000000,8402.000000,13045.000000,51327.000000
19742.000000,8434.000000,13060.000000,51228.000000
19741.000000,8519.000000,12986.000000,51259.000000
19709.000000,8477.000000,12980.000000,51244.000000
19638.000000,8386.000000,12906.000000,51288.000000
19631.000000,8533.000000,13053.000000,51282.000000
19656.000000,8338.000000,13016.000000,51016.000000
19696.000000,8380.000000,13054.000000,51208.000000
19569.000000,8286.000000,12827.000000,51241.000000
19540.000000,8372.000000,12948.000000,51304.000000
19664.000000,8409.000000,12909.000000,51224.000000
19482.000000,8417.000000,12851.000000,51240.000000
19655.000000,8256.000000,12905.000000,51226.000000
19612.000000,8344.000000,12915.000000,51219.000000
19673.000000,8358.000000,12900.000000,51161.000000
19575.000000,8330.000000,12874.000000,51297.000000
19563.000000,8233.000000,12840.000000,51269.000000
19620.000000,8338.000000,13078.000000,51118.000000
19634.000000,8400.000000,12922.000000,51204.000000
19584.000000,8230.000000,12999.000000,51264.000000
19645.000000,8342.000000,12874.000000,51309.000000
19533.000000,8309.000000,12928.000000,51249.000000
19614.000000,8306.000000,12948.000000,51248.000000
19587.000000,8366.000000,12875.000000,51194.000000
19621.000000,8336.000000,12972.000000,51192.000000
19578.000000,8331.000000,13001.000000,51202.000000
19597.000000,8450.000000,12923.000000,51237.000000
19509.000000,8434.000000,12956.000000,51180.000000
19627.000000,8371.000000,12969.000000,51264.000000
19538.000000,8324.000000,13098.000000,51096.000000
19607.000000,8427.000000,12930.000000,51345.000000
19589.000000,8370.000000,13065.000000,51344.000000
19651.000000,8374.000000,12980.000000,51394.000000
19604.000000,8523.000000,13142.000000,51305.000000
19671.000000,8310.000000,13033.000000,51282.000000
19562.000000,8374.000000,12932.000000,51395.000000
19853.000000,8516.000000,13092.000000,51300.000000
19758.000000,8457.000000,13155.000000,51343.000000
19761.000000,8428.000000,13111.000000,51366.000000
19715.000000,8471.000000,13130.000000,51271.000000
19836.000000,8481.000000,13137.000000,51482.000000
19832.000000,8632.000000,13229.000000,51353.000000
19838.000000,8588.000000,13365.000000,51366.000000
19845.000000,8528.000000,13274.000000,51372.000000
20000.000000,8621.000000,13340.000000,51430.000000
19986.000000,8770.000000,13457.000000,51481.000000
20021.000000,8724.000000,13522.000000,51485.000000
20026.000000,8732.000000,13442.000000,51744.000000
20242.000000,8933.000000,13387.000000,51590.000000
20330.000000,9013.000000,13698.000000,51631.000000
20347.000000,8976.000000,13876.000000,51739.000000
20306.000000,8943.000000,13939.000000,51651.000000
20501.000000,9050.000000,13890.000000,51778.000000
20673.000000,9145.000000,13924.000000,51676.000000
20493.000000,9154.000000,14034.000000,51882.000000
20632.000000,9169.000000,14075.000000,51859.000000
20636.000000,9050.000000,14123.000000,51914.000000
20678.000000,9251.000000,14179.000000,51835.000000
20668.000000,9191.000000,14179.000000,51765.000000
20665.000000,9164.000000,14145.000000,52064.000000
20742.000000,9151.000000,14121.000000,51876.000000
20734.000000,9313.000000,14192.000000,51835.000000
20580.000000,9178.000000,14190.000000,51883.000000
20648.000000,9173.000000,13996.000000,51811.000000
20753.000000,9212.000000,14075.000000,51887.000000
20748.000000,9198.000000,14071.000000,51761.000000
20652.000000,9144.000000,14046.000000,51844.000000
20812.000000,9195.000000,14095.000000,51874.000000
20620.000000,9132.000000,14102.000000,51858.000000
20629.000000,9193.000000,14104.000000,51911.000000
20485.000000,9089.000000,14197.000000,51773.000000
20572.000000,9127.000000,13971.000000,51820.000000
20612.000000,9114.000000,14035.000000,51972.000000
20536.000000,9159.000000,14099.000000,51816.000000
20608.000000,8872.000000,14212.000000,51863.000000
20654.000000,9041.000000,14097.000000,51782.000000
20551.000000,8919.000000,13923.000000,51819.000000
20414.000000,9039.000000,14082.000000,51817.000000
20375.000000,9206.000000,13848.000000,51695.000000
20514.000000,9085.000000,14004.000000,51835.000000
20530.000000,9035.000000,13967.000000,51833.000000
20445.000000,9178.000000,13900.000000,51730.000000
20375.000000,9101.000000,13841.000000,51660.000000
20352.000000,9046.000000,13858.000000,51678.000000
20418.000000,8959.000000,13929.000000,51783.000000
20337.000000,8883.000000,14006.000000,51779.000000
20392.000000,9061.000000,13928.000000,51736.000000
20410.000000,8945.000000,13891.000000,51796.000000
20442.000000,8996.000000,13878.000000,51771.000000
20328.000000,8947.000000,13821.000000,51775.000000
20184.000000,9014.000000,13855.000000,51639.000000
20378.000000,8986.000000,13788.000000,51654.000000
20281.000000,8863.000000,13818.000000,51794.000000
20211.000000,8948.000000,13703.000000,51680.000000
20292.000000,8978.000000,13775.000000,51740.000000
20313.000000,8881.000000,13746.000000,51698.000000
20304.000000,8916.000000,13696.000000,51679.000000
20191.000000,8955.000000,13708.000000,51683.000000
20242.000000,8840.000000,13798.000000,51588.000000
20268.000000,8889.000000,13737.000000,51814.000000
20299.000000,8727.000000,13693.000000,51522.000000
20219.000000,8850.000000,13564.000000,51645.000000
20183.000000,8789.000000,13706.000000,51622.000000
20168.000000,8870.000000,13690.000000,51574.000000
20076.000000,8864.000000,13662.000000,51652.000000
20034.000000,8901.000000,13663.000000,51520.000000
20013.000000,8741.000000,13578.000000,51661.000000
20139.000000,8815.000000,13642.000000,51728.000000
20117.000000,8766.000000,13428.000000,51529.000000
19985.000000,8635.000000,13471.000000,51695.000000
20072.000000,8707.000000,13449.000000,51567.000000
20064.000000,8757.000000,13420.000000,51614.000000
20126.000000,8774.000000,13478.000000,51613.000000
20289.000000,8844.000000,13472.000000,51665.000000
20076.000000,8675.000000,13508.000000,51508.000000
19990.000000,8722.000000,13495.000000,51518.000000
20017.000000,8670.000000,13348.000000,51483.000000
19976.000000,8595.000000,13473.000000,51464.000000
20016.000000,8643.000000,13359.000000,51434.000000
20022.000000,8689.000000,13415.000000,51480.000000
19933.000000,8743.000000,13303.000000,51516.000000
19990.000000,8628.000000,13320.000000,51514.000000
19934.000000,8690.000000,13300.000000,51473.000000
20099.000000,8738.000000,13326.000000,51410.000000
19870.000000,8448.000000,13289.000000,51400.000000
19796.000000,8598.000000,13271.000000,51566.000000
19997.000000,8666.000000,13247.000000,51493.000000
19971.000000,8562.000000,13338.000000,51434.000000
19872.000000,8574.000000,13241.000000,51345.000000
19894.000000,8556.000000,13258.000000,51407.000000
19972.000000,8576.000000,13327.000000,51379.000000
19949.000000,8624.000000,13201.000000,51456.000000
19878.000000,8594.000000,13262.000000,51565.000000
19856.000000,8573.000000,13316.000000,51529.000000
19902.000000,8579.000000,13269.000000,51476.000000
19834.000000,8412.000000,13236.000000,51406.000000
19898.000000,8421.000000,13291.000000,51503.000000
19858.000000,8541.000000,13225.000000,51332.000000
19886.000000,8539.000000,13375.000000,51357.000000
19923.000000,8617.000000,13169.000000,51407.000000
19819.000000,8549.000000,13240.000000,51408.000000
19723.000000,8505.000000,13337.000000,51425.000000
19824.000000,8563.000000,13219.000000,51448.000000
19872.000000,8569.000000,13192.000000,51390.000000
19804.000000,8451.000000,13072.000000,51399.000000
19804.000000,8516.000000,13439.000000,51537.000000
19897.000000,8607.000000,13165.000000,51397.000000
19847.000000,8651.000000,13195.000000,51492.000000
19848.000000,8468.000000,13146.000000,51347.000000
20004.000000,8529.000000,13193.000000,51454.000000
19894.000000,8653.000000,13184.000000,51565.000000
19834.000000,8564.000000,13267.000000,51581.000000
19747.000000,8542.000000,13156.000000,51424.000000
19830.000000,8533.000000,13137.000000,51391.000000
19687.000000,8517.000000,13197.000000,51410.000000
19844.000000,8500.000000,13152.000000,51431.000000
19968.000000,8349.000000,13094.000000,51421.000000
19815.000000,8525.000000,13200.000000,51317.000000
19857.000000,8499.000000,13166.000000,51366.000000
19760.000000,8647.000000,13177.000000,51316.000000
19609.000000,8593.000000,13061.000000,51301.000000
19799.000000,8468.000000,13081.000000,51339.000000
19808.000000,8489.000000,13149.000000,51142.000000
19697.000000,8399.000000,13063.000000,51358.000000
19661.000000,8483.000000,13075.000000,51244.000000
19789.000000,8521.000000,13051.000000,51382.000000
19783.000000,8461.000000,12974.000000,51329.000000
19674.000000,8436.000000,13093.000000,51307.000000
19623.000000,8475.000000,12983.000000,51405.000000
19729.000000,8433.000000,13047.000000,51310.000000
19674.000000,8459.000000,13058.000000,51451.000000
19660.000000,8513.000000,13088.000000,51433.000000
19668.000000,8538.000000,13165.000000,51300.000000
19676.000000,8470.000000,13118.000000,51359.000000
19741.000000,8406.000000,13053.000000,51503.000000
19833.000000,8442.000000,13064.000000,51104.000000
19751.000000,8425.000000,13153.000000,51432.000000
19856.000000,8482.000000,13140.000000,51372.000000
19797.000000,8409.000000,13070.000000,51298.000000
19751.000000,8546.000000,13133.000000,51445.000000
19727.000000,8401.000000,13089.000000,51301.000000
19940.000000,8408.000000,13049.000000,51359.000000
19827.000000,8473.000000,13118.000000,51412.000000
19804.000000,8478.000000,13161.000000,51344.000000
19856.000000,8410.000000,13171.000000,51377.000000
19901.000000,8555.000000,13150.000000,51324.000000
19763.000000,8508.000000,13183.000000,51434.000000
19847.000000,8406.000000,13331.000000,51383.000000
19839.000000,8597.000000,13402.000000,51366.000000
19799.000000,8586.000000,13264.000000,51454.000000
19808.000000,8487.000000,13235.000000,51464.000000
19837.000000,8521.000000,13267.000000,51384.000000
19796.000000,8445.000000,13227.000000,51492.000000
19934.000000,8671.000000,13327.000000,51420.000000
19916.000000,8618.000000,13341.000000,51573.000000
19831.000000,8601.000000,13427.000000,51543.000000
19953.000000,8586.000000,13358.000000,51524.000000
20026.000000,8778.000000,13467.000000,51453.000000
19994.000000,8748.000000,13441.000000,51528.000000
20018.000000,8647.000000,13529.000000,51520.000000
20181.000000,8677.000000,13686.000000,51614.000000
20061.000000,8825.000000,13683.000000,51597.000000
20362.000000,8816.000000,13822.000000,51760.000000
20406.000000,8845.000000,13804.000000,51710.000000
20383.000000,8958.000000,13886.000000,51757.000000
20552.000000,9080.000000,14124.000000,51861.000000
20496.000000,9055.000000,13931.000000,52039.000000
20562.000000,9056.000000,14260.000000,51894.000000
20672.000000,9199.000000,14178.000000,51986.000000
20670.000000,9224.000000,14288.000000,52150.000000
20702.000000,9281.000000,14326.000000,52033.000000
20709.000000,9292.000000,14383.000000,51968.000000
20805.000000,9367.000000,14324.000000,51937.000000
20823.000000,9337.000000,14412.000000,52072.000000
20759.000000,9137.000000,14400.000000,51854.000000
20791.000000,9346.000000,14379.000000,51951.000000
20855.000000,9448.000000,14444.000000,51988.000000
20693.000000,9228.000000,14414.000000,51976.000000
20805.000000,9486.000000,14254.000000,51924.000000
20773.000000,9257.000000,14432.000000,52212.000000
20812.000000,9400.000000,14443.000000,52038.000000
20798.000000,9412.000000,14326.000000,52055.000000
20788.000000,9377.000000,14337.000000,51993.000000
20844.000000,9351.000000,14297.000000,51972.000000
20813.000000,9340.000000,14349.000000,51996.000000
20754.000000,9216.000000,14247.000000,51841.000000
20663.000000,9123.000000,14114.000000,52068.000000
20676.000000,9198.000000,14300.000000,52086.000000
20672.000000,9285.000000,14224.000000,51978.000000
20853.000000,9283.000000,14161.000000,52037.000000
20663.000000,9348.000000,14450.000000,52028.000000
20714.000000,9192.000000,14081.000000,51864.000000
20767.000000,9358.000000,14396.000000,51984.000000
20699.000000,9138.000000,14217.000000,51900.000000
20562.000000,9093.000000,14367.000000,51918.000000
20618.000000,9216.000000,14266.000000,52026.000000
20668.000000,9222.000000,14118.000000,51895.000000
20619.000000,9165.000000,14186.000000,52000.000000
20486.000000,9100.000000,14171.000000,51883.000000
20682.000000,9164.000000,14110.000000,51959.000000
20646.000000,9152.000000,14249.000000,52022.000000
20561.000000,9167.000000,14067.000000,51881.000000
20485.000000,9057.000000,14115.000000,51973.000000
20670.000000,9192.000000,14059.000000,51811.000000
20613.000000,9127.000000,14136.000000,51836.000000
20542.000000,9193.000000,13977.000000,51825.000000
20406.000000,9194.000000,14064.000000,52039.000000
20409.000000,9066.000000,14020.000000,51864.000000
20564.000000,9149.000000,13989.000000,51860.000000
20382.000000,9221.000000,13980.000000,51890.000000
20460.000000,8846.000000,13914.000000,51772.000000
20464.000000,9127.000000,13949.000000,51846.000000
20438.000000,9136.000000,13942.000000,51871.000000
20507.000000,9136.000000,14016.000000,51796.000000
20297.000000,8957.000000,13913.000000,51786.000000
20200.000000,9009.000000,13901.000000,51819.000000
20312.000000,9032.000000,13809.000000,51766.000000
20421.000000,8988.000000,13814.000000,51756.000000
20286.000000,8829.000000,13912.000000,51777.000000
20401.000000,9036.000000,13926.000000,51731.000000
20361.000000,9003.000000,13757.000000,51761.000000
20315.000000,8885.000000,13866.000000,51735.000000
20213.000000,8986.000000,13796.000000,51792.000000
20360.000000,8910.000000,13891.000000,51620.000000
20257.000000,9000.000000,13815.000000,51780.000000
20259.000000,8834.000000,13749.000000,51704.000000
20234.000000,8838.000000,13786.000000,51768.000000
20321.000000,8866.000000,13789.000000,51668.000000
20301.000000,8860.000000,13683.000000,51635.000000
20097.000000,8765.000000,13768.000000,51687.000000
20294.000000,8779.000000,13714.000000,51656.000000
20245.000000,8833.000000,13640.000000,51637.000000
20204.000000,8785.000000,13620.000000,51655.000000
20122.000000,8847.000000,13650.000000,51744.000000
20261.000000,8851.000000,13794.000000,51655.000000
20180.000000,8885.000000,13650.000000,51711.000000
20236.000000,8898.000000,13683.000000,51628.000000
20262.000000,8703.000000,13575.000000,51587.000000
20166.000000,8846.000000,13685.000000,51667.000000
20089.000000,8867.000000,13759.000000,51720.000000
20233.000000,8680.000000,13540.000000,51701.000000
20172.000000,8730.000000,13550.000000,51589.000000
20132.000000,8791.000000,13562.000000,51591.000000
20192.000000,8662.000000,13634.000000,51696.000000
20104.000000,8725.000000,13534.000000,51637.000000
20071.000000,8801.000000,13524.000000,51481.000000
20118.000000,8938.000000,13541.000000,51607.000000
20235.000000,8735.000000,13594.000000,51616.000000
20127.000000,8805.000000,13588.000000,51705.000000
20189.000000,8883.000000,13440.000000,51638.000000
20090.000000,8782.000000,13625.000000,51628.000000
20133.000000,8822.000000,13562.000000,51666.000000
20057.000000,8717.000000,13479.000000,51681.000000
19970.000000,8784.000000,13613.000000,51590.000000
20066.000000,8778.000000,13582.000000,51564.000000
20080.000000,8813.000000,13521.000000,51685.000000
19996.000000,8784.000000,13596.000000,51585.000000
19934.000000,8703.000000,13578.000000,51567.000000
20116.000000,8728.000000,13487.000000,51605.000000
20096.000000,8674.000000,13424.000000,51551.000000
20044.000000,8727.000000,13519.000000,51501.000000
20076.000000,8697.000000,13548.000000,51595.000000
20305.000000,8539.000000,13495.000000,51513.000000
20142.000000,8672.000000,13506.000000,51528.000000
20032.000000,8774.000000,13475.000000,51598.000000
19937.000000,8771.000000,13324.000000,51511.000000
20016.000000,8817.000000,13612.000000,51519.000000
20022.000000,8724.000000,13515.000000,51569.000000
20125.000000,8693.000000,13439.000000,51634.000000
19915.000000,8618.000000,13376.000000,51493.000000
20008.000000,8689.000000,13381.000000,51559.000000
19977.000000,8645.000000,13406.000000,51534.000000
19805.000000,8608.000000,13290.000000,51537.000000
19922.000000,8641.000000,13515.000000,51310.000000
19977.000000,8726.000000,13316.000000,51534.000000
20096.000000,8595.000000,13245.000000,51533.000000
19966.000000,8571.000000,13289.000000,51512.000000
19928.000000,8411.000000,13429.000000,51479.000000
19929.000000,8571.000000,13348.000000,51663.000000
19972.000000,8690.000000,13361.000000,51498.000000
20028.000000,8509.000000,13230.000000,51491.000000
20014.000000,8675.000000,13255.000000,51527.000000
19883.000000,8612.000000,13415.000000,51596.000000
19931.000000,8624.000000,13339.000000,51448.000000
19795.000000,8605.000000,13311.000000,51491.000000
20015.000000,8617.000000,13296.000000,51481.000000
19927.000000,8631.000000,13208.000000,51725.000000
20007.000000,8640.000000,13327.000000,51533.000000
20097.000000,8549.000000,13254.000000,51640.000000
19985.000000,8648.000000,13296.000000,51528.000000
20011.000000,8632.000000,13359.000000,51523.000000
19823.000000,8690.000000,13438.000000,51597.000000
19818.000000,8558.000000,13362.000000,51590.000000
20072.000000,8537.000000,13421.000000,51729.000000
19969.000000,8618.000000,13432.000000,51588.000000
20001.000000,8646.000000,13312.000000,51607.000000
19913.000000,8619.000000,13324.000000,51590.000000
19928.000000,8688.000000,13521.000000,51553.000000
19997.000000,8699.000000,13464.000000,51646.000000
20013.000000,8774.000000,13223.000000,51524.000000
19948.000000,8664.000000,13449.000000,51598.000000
20026.000000,8752.000000,13492.000000,51636.000000
20089.000000,8698.000000,13491.000000,51607.000000
20090.000000,8763.000000,13491.000000,51710.000000
20145.000000,8802.000000,13491.000000,51759.000000
20177.000000,8807.000000,13440.000000,51663.000000
20220.000000,8804.000000,13591.000000,51735.000000
20113.000000,8808.000000,13616.000000,51670.000000
20172.000000,8850.000000,13624.000000,51868.000000
20215.000000,8824.000000,13703.000000,51740.000000
20336.000000,8893.000000,13770.000000,51810.000000
20302.000000,8949.000000,13802.000000,51781.000000
20395.000000,8998.000000,13938.000000,51798.000000
20552.000000,8996.000000,14003.000000,51832.000000
20529.000000,9085.000000,14135.000000,51884.000000
20647.000000,9048.000000,14128.000000,52007.000000
20671.000000,9223.000000,14238.000000,52001.000000
20671.000000,9329.000000,14070.000000,52067.000000
20848.000000,9290.000000,14396.000000,52012.000000
20737.000000,9335.000000,14344.000000,52162.000000
20914.000000,9389.000000,14635.000000,52150.000000
21004.000000,9384.000000,14437.000000,52251.000000
21005.000000,9517.000000,14566.000000,52163.000000
20880.000000,9418.000000,14652.000000,52110.000000
21093.000000,9562.000000,14585.000000,52105.000000
21039.000000,9565.000000,14636.000000,52155.000000
21106.000000,9538.000000,14609.000000,52243.000000
21021.000000,9496.000000,14594.000000,52149.000000
21045.000000,9564.000000,14482.000000,52236.000000
21257.000000,9534.000000,14596.000000,52235.000000
20920.000000,9376.000000,14678.000000,52302.000000
21000.000000,9502.000000,14622.000000,52046.000000
21070.000000,9515.000000,14698.000000,52113.000000
21024.000000,9544.000000,14523.000000,52172.000000
20878.000000,9419.000000,14610.000000,52236.000000
20866.000000,9459.000000,14522.000000,52145.000000
21061.000000,9522.000000,14622.000000,52194.000000
21066.000000,9584.000000,14580.000000,52195.000000
21223.000000,9421.000000,14512.000000,52160.000000
20932.000000,9514.000000,14571.000000,52086.000000
20905.000000,9486.000000,14598.000000,52077.000000
20908.000000,9458.000000,14445.000000,52266.000000
20836.000000,9435.000000,14569.000000,52142.000000
21022.000000,9436.000000,14563.000000,52046.000000
20972.000000,9343.000000,14444.000000,52156.000000
20908.000000,9367.000000,14463.000000,52108.000000
20874.000000,9357.000000,14446.000000,52134.000000
20832.000000,9347.000000,14450.000000,52020.000000
20928.000000,9309.000000,14439.000000,52113.000000
20932.000000,9421.000000,14454.000000,52087.000000
20835.000000,9306.000000,14397.000000,51969.000000
20777.000000,9376.000000,14436.000000,52085.000000
20782.000000,9348.000000,14418.000000,52092.000000
20767.000000,9321.000000,14339.000000,52065.000000
20771.000000,9243.000000,14445.000000,52028.000000
20722.000000,9245.000000,14310.000000,52075.000000
20893.000000,9418.000000,14263.000000,51993.000000
20853.000000,9278.000000,14277.000000,52086.000000
20730.000000,9174.000000,14317.000000,52044.000000
20788.000000,9289.000000,14336.000000,51904.000000
20729.000000,9258.000000,14354.000000,52066.000000
20819.000000,9288.000000,14205.000000,51918.000000
20664.000000,9149.000000,14091.000000,51956.000000
20707.000000,9226.000000,14227.000000,51979.000000
20831.000000,8988.000000,14087.000000,51940.000000
20721.000000,9238.000000,14270.000000,51998.000000
20639.000000,9233.000000,14141.000000,51975.000000
20820.000000,9235.000000,14117.000000,51961.000000
20734.000000,9203.000000,14203.000000,51952.000000
20728.000000,9132.000000,14049.000000,51925.000000
20586.000000,8968.000000,14094.000000,51926.000000
20719.000000,9234.000000,13940.000000,51982.000000
20645.000000,9219.000000,14013.000000,51899.000000
20602.000000,9171.000000,14045.000000,51870.000000
20604.000000,9070.000000,13961.000000,51900.000000
20634.000000,9116.000000,14101.000000,51850.000000
20600.000000,9176.000000,14034.000000,51933.000000
20547.000000,9150.000000,14033.000000,51847.000000
20561.000000,8951.000000,13989.000000,51923.000000
20527.000000,9102.000000,14031.000000,51842.000000
20536.000000,9178.000000,14061.000000,51884.000000
20498.000000,8984.000000,13962.000000,51879.000000
20562.000000,8957.000000,13933.000000,51847.000000
20535.000000,8931.000000,13913.000000,51835.000000
20470.000000,9144.000000,13963.000000,51809.000000
20391.000000,9113.000000,14017.000000,51909.000000
20250.000000,8958.000000,13874.000000,51863.000000
20430.000000,9082.000000,13853.000000,51869.000000
20427.000000,8980.000000,13946.000000,51828.000000
20448.000000,8940.000000,13878.000000,51685.000000
20472.000000,9011.000000,13909.000000,51772.000000
20396.000000,8988.000000,13860.000000,51936.000000
20244.000000,9078.000000,13959.000000,51737.000000
20366.000000,8836.000000,13869.000000,51706.000000
20403.000000,8915.000000,14045.000000,51948.000000
20396.000000,8995.000000,13896.000000,51769.000000
20398.000000,9051.000000,13823.000000,51805.000000
20361.000000,9099.000000,13805.000000,51745.000000
20337.000000,8985.000000,13863.000000,51825.000000
20432.000000,8959.000000,13867.000000,51804.000000
20480.000000,9073.000000,13968.000000,51827.000000
20408.000000,8915.000000,13809.000000,51886.000000
20376.000000,8945.000000,13794.000000,51678.000000
20560.000000,8806.000000,13906.000000,51778.000000
20384.000000,8968.000000,13857.000000,51857.000000
20196.000000,9094.000000,13740.000000,51806.000000
20346.000000,8942.000000,13862.000000,51787.000000
20320.000000,8963.000000,13743.000000,51839.000000
20371.000000,9015.000000,13864.000000,51865.000000
20273.000000,8943.000000,13893.000000,51762.000000
20503.000000,9092.000000,13770.000000,51789.000000
20368.000000,8887.000000,13822.000000,51910.000000
20340.000000,8904.000000,13791.000000,51763.000000
20228.000000,8861.000000,13786.000000,51723.000000
20330.000000,8948.000000,13918.000000,51861.000000
20264.000000,8857.000000,13664.000000,51749.000000
20302.000000,8880.000000,13631.000000,51795.000000
20204.000000,8887.000000,13682.000000,51733.000000
20254.000000,8911.000000,13713.000000,51450.000000
20201.000000,8830.000000,13730.000000,51717.000000
20281.000000,8850.000000,13660.000000,51786.000000
20288.000000,8759.000000,13656.000000,51689.000000
20294.000000,8952.000000,13620.000000,51659.000000
20156.000000,8822.000000,13566.000000,51761.000000
20079.000000,8846.000000,13479.000000,51720.000000
20181.000000,8742.000000,13635.000000,51738.000000
20209.000000,8689.000000,13570.000000,51658.000000
20214.000000,8784.000000,13612.000000,51727.000000
20131.000000,8806.000000,13541.000000,51645.000000
20142.000000,8664.000000,13533.000000,51553.000000
20183.000000,8718.000000,13521.000000,51710.000000
20069.000000,8879.000000,13723.000000,51615.000000
20223.000000,8776.000000,13548.000000,51700.000000
20143.000000,8670.000000,13529.000000,51584.000000
20159.000000,8756.000000,13497.000000,51599.000000
20154.000000,8773.000000,13630.000000,51711.000000
20145.000000,8618.000000,13613.000000,51666.000000
20181.000000,8791.000000,13583.000000,51584.000000
20225.000000,8850.000000,13591.000000,51681.000000
20257.000000,8864.000000,13669.000000,51690.000000
20133.000000,8810.000000,13599.000000,51640.000000
20273.000000,8801.000000,13587.000000,51728.000000
20169.000000,8745.000000,13475.000000,51634.000000
20227.000000,8795.000000,13566.000000,51683.000000
20309.000000,8484.000000,13520.000000,51851.000000
20280.000000,8821.000000,13609.000000,51673.000000
20203.000000,8772.000000,13618.000000,51724.000000
20210.000000,8833.000000,13665.000000,51752.000000
20247.000000,8620.000000,13874.000000,51763.000000
20313.000000,8907.000000,13672.000000,51703.000000
20323.000000,8722.000000,13579.000000,51541.000000
20340.000000,8776.000000,13784.000000,51708.000000
20227.000000,8940.000000,13960.000000,51697.000000
20388.000000,8764.000000,13705.000000,51818.000000
20397.000000,8932.000000,13798.000000,51821.000000
20495.000000,8944.000000,13635.000000,51871.000000
20418.000000,8937.000000,13829.000000,51852.000000
20516.000000,9182.000000,13891.000000,52018.000000
20593.000000,9072.000000,13993.000000,52023.000000
20482.000000,9034.000000,13883.000000,51985.000000
20620.000000,9132.000000,14245.000000,52022.000000
20822.000000,9282.000000,14308.000000,52005.000000
20910.000000,9265.000000,14289.000000,52145.000000
20989.000000,9369.000000,14432.000000,52198.000000
20840.000000,9331.000000,14467.000000,52096.000000
21030.000000,9406.000000,14548.000000,52160.000000
21165.000000,9476.000000,14648.000000,52221.000000
20997.000000,9601.000000,14630.000000,52212.000000
21126.000000,9576.000000,14651.000000,52423.000000
21133.000000,9556.000000,14755.000000,52226.000000
21304.000000,9546.000000,14739.000000,52151.000000
21195.000000,9602.000000,14658.000000,52369.000000
21132.000000,9595.000000,14734.000000,52230.000000
21228.000000,9521.000000,14693.000000,52255.000000
21173.000000,9577.000000,14716.000000,52221.000000
21117.000000,9568.000000,14531.000000,52302.000000
21104.000000,9553.000000,14675.000000,52233.000000
21166.000000,9513.000000,14652.000000,52296.000000
21147.000000,9551.000000,14617.000000,52290.000000
21120.000000,9544.000000,14680.000000,52322.000000
21141.000000,9630.000000,14735.000000,52170.000000
21163.000000,9565.000000,14614.000000,52199.000000
21210.000000,9448.000000,14502.000000,52249.000000
21036.000000,9521.000000,14584.000000,52270.000000
21185.000000,9525.000000,14602.000000,52274.000000
21080.000000,9495.000000,14568.000000,52269.000000
21040.000000,9548.000000,14581.000000,52219.000000
21078.000000,9360.000000,14516.000000,52225.000000
21065.000000,9381.000000,14511.000000,52265.000000
21120.000000,9422.000000,14519.000000,52162.000000
21290.000000,9448.000000,14459.000000,52179.000000
20988.000000,9438.000000,14468.000000,52199.000000
21222.000000,9438.000000,14470.000000,52188.000000
21069.000000,9308.000000,14457.000000,52327.000000
21077.000000,9397.000000,14497.000000,52186.000000
20853.000000,9443.000000,14355.000000,52305.000000
21046.000000,9390.000000,14319.000000,52120.000000
20990.000000,9419.000000,14442.000000,52116.000000
20987.000000,9411.000000,14503.000000,52131.000000
20877.000000,9320.000000,14512.000000,52145.000000
21043.000000,9335.000000,14448.000000,52132.000000
20943.000000,9316.000000,14338.000000,52220.000000
20877.000000,9293.000000,14374.000000,52143.000000
20981.000000,9290.000000,14459.000000,52060.000000
21008.000000,9351.000000,14367.000000,52105.000000
20929.000000,9434.000000,14322.000000,52103.000000
20914.000000,9564.000000,14107.000000,52231.000000
20794.000000,9404.000000,14315.000000,52202.000000
20972.000000,9474.000000,14512.000000,52211.000000
20929.000000,9250.000000,14369.000000,52101.000000
20861.000000,9258.000000,14296.000000,51980.000000
20795.000000,9224.000000,14293.000000,52107.000000
20738.000000,9215.000000,14280.000000,51996.000000
20932.000000,9204.000000,14279.000000,52129.000000
20796.000000,9179.000000,14196.000000,52035.000000
20765.000000,9199.000000,14173.000000,52059.000000
20738.000000,9263.000000,14220.000000,52038.000000
20781.000000,9219.000000,14194.000000,52022.000000
20773.000000,9119.000000,14132.000000,52041.000000
20594.000000,9302.000000,14017.000000,51953.000000
20635.000000,9146.000000,14093.000000,52056.000000
20680.000000,9059.000000,14125.000000,52010.000000
20697.000000,9174.000000,14166.000000,51976.000000
20633.000000,8998.000000,14011.000000,51985.000000
20715.000000,9106.000000,14101.000000,51990.000000
20622.000000,9096.000000,14112.000000,51945.000000
20633.000000,9060.000000,13930.000000,51847.000000
20651.000000,9140.000000,14079.000000,52012.000000
20697.000000,9141.000000,14108.000000,51910.000000
20663.000000,9103.000000,13984.000000,51994.000000
20678.000000,9031.000000,14057.000000,51742.000000
20671.000000,9089.000000,13970.000000,51914.000000
20605.000000,9091.000000,14070.000000,52110.000000
20519.000000,9083.000000,14005.000000,51931.000000
20634.000000,9104.000000,13904.000000,51972.000000
20681.000000,9117.000000,14054.000000,51952.000000
20553.000000,8979.000000,13880.000000,51939.000000
20541.000000,8939.000000,13807.000000,51981.000000
20427.000000,9011.000000,13878.000000,51817.000000
20536.000000,9017.000000,13899.000000,51927.000000
20547.000000,9072.000000,13982.000000,51996.000000
20418.000000,9000.000000,14042.000000,51871.000000
20575.000000,8986.000000,13881.000000,51866.000000
20574.000000,9043.000000,13954.000000,51906.000000
20607.000000,9078.000000,13882.000000,51937.000000
20727.000000,9142.000000,14056.000000,52000.000000
20398.000000,8959.000000,13988.000000,51756.000000
20589.000000,8977.000000,13976.000000,52017.000000
20559.000000,8984.000000,13961.000000,51761.000000
20505.000000,8915.000000,13954.000000,51881.000000
20520.000000,9101.000000,13882.000000,51927.000000
20483.000000,8964.000000,13907.000000,51922.000000
20511.000000,9071.000000,13924.000000,51830.000000
20457.000000,9005.000000,13907.000000,51887.000000
20472.000000,9026.000000,13855.000000,51878.000000
20533.000000,8989.000000,13867.000000,51893.000000
20468.000000,9144.000000,13895.000000,52063.000000
20486.000000,9001.000000,13790.000000,51816.000000
20493.000000,8864.000000,13726.000000,52030.000000
20518.000000,9036.000000,13751.000000,51828.000000
20433.000000,8977.000000,13810.000000,51820.000000
20531.000000,8925.000000,13863.000000,51897.000000
20465.000000,8794.000000,13738.000000,51734.000000
20472.000000,8984.000000,13911.000000,51809.000000
20373.000000,8878.000000,13787.000000,51890.000000
20333.000000,8967.000000,13769.000000,51797.000000
20392.000000,8869.000000,13656.000000,51820.000000
20480.000000,8853.000000,13701.000000,51725.000000
20311.000000,8886.000000,13706.000000,51868.000000
20163.000000,8882.000000,13656.000000,51760.000000
20332.000000,8792.000000,13591.000000,51806.000000
20352.000000,8893.000000,13664.000000,51849.000000
20356.000000,8850.000000,13650.000000,51752.000000
20251.000000,8809.000000,13526.000000,51744.000000
20236.000000,8799.000000,13675.000000,51688.000000
20404.000000,8741.000000,13757.000000,51703.000000
20302.000000,8969.000000,13625.000000,51750.000000
20243.000000,8856.000000,13582.000000,51688.000000
20339.000000,8904.000000,13619.000000,51709.000000
20363.000000,8800.000000,13644.000000,51767.000000
20238.000000,8845.000000,13653.000000,51801.000000
20225.000000,8815.000000,13572.000000,51741.000000
20393.000000,8832.000000,13611.000000,51885.000000
20383.000000,8904.000000,13560.000000,51699.000000
20229.000000,8803.000000,13713.000000,51840.000000
20487.000000,8807.000000,13660.000000,51820.000000
20438.000000,8853.000000,13610.000000,51792.000000
20353.000000,8915.000000,13735.000000,51727.000000
20308.000000,8853.000000,13645.000000,51815.000000
20299.000000,8764.000000,13738.000000,51686.000000
20454.000000,8792.000000,13593.000000,51732.000000
20306.000000,8865.000000,13723.000000,51733.000000
20429.000000,8890.000000,13640.000000,51774.000000
20368.000000,8889.000000,13609.000000,51683.000000
20407.000000,8840.000000,13703.000000,51825.000000
20378.000000,8896.000000,13670.000000,51790.000000
20508.000000,8890.000000,13727.000000,51839.000000
20479.000000,8891.000000,13714.000000,51885.000000
20501.000000,8908.000000,13812.000000,51897.000000
20557.000000,8805.000000,13968.000000,51888.000000
20675.000000,9044.000000,13961.000000,51690.000000
20725.000000,9059.000000,13985.000000,51907.000000
20722.000000,9088.000000,14120.000000,52056.000000
20821.000000,9163.000000,14034.000000,52048.000000
20741.000000,9270.000000,14039.000000,52134.000000
20849.000000,9188.000000,14233.000000,52120.000000
21088.000000,9350.000000,14263.000000,52096.000000
21028.000000,9363.000000,14522.000000,52344.000000
21089.000000,9314.000000,14551.000000,52315.000000
21067.000000,9450.000000,14516.000000,52189.000000
21070.000000,9475.000000,14513.000000,52157.000000
21181.000000,9443.000000,14582.000000,52278.000000
21161.000000,9559.000000,14621.000000,52360.000000
21249.000000,9485.000000,14681.000000,52259.000000
21313.000000,9594.000000,14702.000000,52363.000000
21340.000000,9648.000000,14622.000000,52181.000000
21296.000000,9700.000000,14756.000000,52372.000000
21376.000000,9736.000000,14687.000000,52295.000000
21227.000000,9578.000000,14481.000000,52485.000000
21280.000000,9616.000000,14642.000000,52243.000000
21172.000000,9558.000000,14518.000000,52446.000000
21405.000000,9601.000000,14605.000000,52325.000000
21292.000000,9476.000000,14635.000000,52291.000000
21321.000000,9635.000000,14626.000000,52293.000000
21008.000000,9448.000000,14649.000000,52310.000000
21035.000000,9525.000000,14581.000000,52309.000000
21316.000000,9495.000000,14705.000000,52324.000000
21246.000000,9551.000000,14604.000000,52187.000000
21254.000000,9403.000000,14631.000000,52297.000000
21231.000000,9594.000000,14522.000000,52279.000000
21248.000000,9593.000000,14561.000000,52245.000000
21241.000000,9460.000000,14575.000000,52198.000000
21002.000000,9462.000000,14552.000000,52253.000000
21256.000000,9364.000000,14641.000000,52326.000000
21166.000000,9518.000000,14620.000000,52214.000000
21215.000000,9469.000000,14545.000000,52238.000000
21206.000000,9484.000000,14463.000000,52211.000000
21252.000000,9330.000000,14392.000000,52421.000000
21145.000000,9397.000000,14419.000000,52278.000000
20887.000000,9355.000000,14432.000000,52208.000000
21092.000000,9347.000000,14460.000000,52223.000000
21087.000000,9529.000000,14428.000000,52209.000000
21072.000000,9361.000000,14338.000000,52193.000000
21047.000000,9285.000000,14252.000000,52199.000000
21084.000000,9309.000000,14460.000000,52241.000000
20976.000000,9303.000000,14302.000000,52037.000000
21088.000000,9360.000000,14311.000000,52353.000000
20901.000000,9349.000000,14421.000000,52183.000000
21028.000000,9313.000000,14329.000000,52194.000000
20942.000000,9247.000000,14334.000000,52133.000000
21045.000000,9303.000000,14370.000000,52134.000000
20971.000000,9175.000000,14385.000000,52128.000000
20904.000000,9333.000000,14285.000000,52097.000000
20993.000000,9318.000000,14266.000000,52152.000000
21000.000000,9339.000000,14315.000000,52118.000000
20981.000000,9191.000000,14327.000000,52134.000000
21050.000000,9352.000000,14256.000000,52131.000000
20971.000000,9289.000000,14210.000000,52273.000000
20914.000000,9267.000000,14160.000000,52038.000000
20873.000000,9405.000000,14267.000000,52054.000000
20903.000000,9235.000000,14172.000000,52129.000000
20907.000000,9266.000000,14056.000000,52035.000000
20840.000000,9285.000000,14191.000000,51939.000000
20712.000000,9220.000000,14143.000000,52114.000000
20854.000000,9103.000000,14158.000000,52049.000000
20894.000000,9265.000000,14133.000000,52067.000000
20713.000000,9190.000000,14091.000000,52062.000000
20745.000000,9078.000000,14094.000000,52138.000000
20754.000000,9328.000000,14179.000000,52012.000000
20830.000000,9064.000000,14079.000000,51996.000000
20654.000000,9196.000000,14069.000000,51994.000000
20751.000000,9139.000000,14216.000000,52053.000000
20801.000000,9183.000000,13923.000000,52019.000000
20763.000000,9174.000000,13974.000000,51891.000000
20755.000000,9088.000000,14048.000000,51985.000000
20644.000000,8982.000000,14109.000000,52068.000000
20711.000000,9197.000000,14031.000000,52013.000000
20805.000000,9047.000000,14014.000000,52029.000000
20686.000000,9186.000000,14073.000000,51997.000000
20625.000000,9179.000000,13977.000000,51989.000000
20637.000000,9109.000000,14027.000000,51961.000000
20533.000000,9061.000000,13931.000000,52033.000000
20606.000000,9116.000000,14055.000000,51912.000000
20663.000000,9141.000000,13985.000000,51921.000000
20769.000000,9083.000000,14081.000000,51968.000000
20600.000000,9101.000000,14004.000000,51985.000000
20681.000000,9048.000000,13916.000000,52013.000000
20533.000000,8937.000000,14003.000000,51959.000000
20526.000000,9243.000000,13998.000000,51926.000000
20663.000000,9071.000000,13934.000000,51905.000000
20566.000000,8990.000000,14013.000000,51926.000000
20678.000000,9050.000000,13922.000000,51825.000000
20588.000000,9175.000000,13904.000000,51953.000000
20673.000000,9062.000000,13927.000000,51935.000000
20653.000000,9077.000000,13930.000000,52049.000000
20752.000000,9109.000000,13884.000000,51929.000000
20591.000000,9023.000000,13941.000000,51947.000000
20774.000000,9102.000000,13856.000000,51988.000000
20602.000000,9100.000000,13866.000000,52074.000000
20658.000000,9099.000000,13911.000000,51938.000000
20566.000000,9051.000000,13888.000000,51855.000000
20506.000000,9201.000000,13983.000000,51733.000000
20605.000000,8907.000000,13807.000000,51901.000000
20592.000000,8902.000000,13841.000000,51913.000000
20497.000000,8960.000000,13908.000000,52049.000000
20434.000000,8921.000000,13892.000000,51891.000000
20404.000000,8951.000000,13838.000000,51941.000000
20613.000000,9012.000000,13854.000000,51806.000000
20384.000000,8920.000000,13830.000000,51880.000000
20323.000000,9007.000000,13843.000000,51948.000000
20434.000000,8940.000000,13813.000000,51733.000000
20434.000000,8948.000000,13777.000000,51769.000000
20441.000000,8954.000000,13721.000000,51842.000000
20442.000000,8906.000000,13683.000000,51744.000000
20257.000000,8846.000000,13623.000000,51799.000000
20675.000000,9004.000000,13841.000000,51849.000000
20401.000000,8837.000000,13689.000000,51955.000000
20451.000000,8913.000000,13648.000000,51771.000000
20393.000000,8766.000000,13603.000000,51773.000000
20471.000000,8847.000000,13699.000000,51816.000000
20447.000000,9007.000000,13729.000000,51790.000000
20362.000000,8946.000000,13617.000000,51847.000000
20386.000000,8883.000000,13622.000000,51731.000000
20425.000000,8885.000000,13704.000000,51835.000000
20463.000000,8978.000000,13758.000000,51811.000000
20356.000000,8643.000000,13702.000000,51919.000000
20597.000000,8848.000000,13729.000000,51782.000000
20572.000000,8978.000000,13816.000000,51837.000000
20431.000000,8891.000000,13704.000000,51839.000000
20390.000000,8945.000000,13723.000000,51849.000000
20433.000000,8869.000000,13746.000000,51823.000000
20476.000000,8977.000000,13654.000000,51807.000000
20447.000000,8936.000000,13778.000000,51905.000000
20481.000000,8857.000000,13773.000000,51885.000000
20453.000000,8891.000000,13695.000000,51763.000000
20462.000000,8810.000000,13756.000000,51820.000000
20403.000000,8917.000000,13745.000000,51888.000000
20384.000000,8972.000000,13705.000000,51869.000000
20513.000000,8949.000000,13758.000000,51853.000000
20538.000000,8885.000000,14055.000000,51786.000000
20726.000000,8853.000000,13872.000000,51961.000000
20531.000000,8972.000000,13762.000000,52023.000000
20669.000000,9022.000000,13914.000000,51912.000000
20651.000000,9073.000000,13982.000000,51969.000000
20668.000000,9079.000000,13954.000000,51991.000000
20720.000000,9022.000000,14104.000000,51948.000000
20876.000000,9153.000000,14118.000000,51993.000000
20737.000000,9245.000000,14185.000000,52012.000000
20921.000000,9206.000000,14264.000000,52124.000000
20917.000000,9358.000000,14304.000000,52142.000000
21041.000000,9249.000000,14224.000000,52141.000000
21106.000000,9505.000000,14281.000000,52239.000000
21136.000000,9440.000000,14529.000000,52413.000000
21146.000000,9469.000000,14523.000000,52163.000000
21286.000000,9496.000000,14641.000000,52312.000000
21238.000000,9651.000000,14688.000000,52305.000000
21336.000000,9581.000000,14776.000000,52299.000000
21417.000000,9682.000000,14762.000000,52198.000000
21455.000000,9623.000000,14727.000000,52396.000000
21394.000000,9671.000000,14770.000000,52413.000000
21322.000000,9694.000000,14837.000000,52351.000000
21361.000000,9664.000000,14759.000000,52419.000000
21517.000000,9702.000000,14875.000000,52368.000000
21542.000000,9640.000000,14801.000000,52400.000000
21306.000000,9489.000000,14927.000000,52257.000000
21318.000000,9561.000000,14936.000000,52393.000000
21451.000000,9626.000000,14745.000000,52392.000000
21362.000000,9617.000000,14864.000000,52287.000000
21361.000000,9566.000000,14731.000000,52417.000000
21287.000000,9650.000000,14719.000000,52273.000000
21309.000000,9561.000000,14736.000000,52335.000000
21469.000000,9601.000000,14636.000000,52294.000000
21341.000000,9625.000000,14581.000000,52236.000000
21263.000000,9584.000000,14628.000000,52523.000000
21287.000000,9558.000000,14672.000000,52316.000000
21302.000000,9528.000000,14644.000000,52236.000000
21228.000000,9532.000000,14599.000000,52331.000000
21285.000000,9533.000000,14645.000000,52401.000000
21339.000000,9602.000000,14635.000000,52259.000000
21254.000000,9610.000000,14583.000000,52269.000000
21152.000000,9497.000000,14496.000000,52532.000000
21196.000000,9542.000000,14543.000000,52276.000000
21354.000000,9528.000000,14484.000000,52163.000000
21241.000000,9548.000000,14429.000000,52221.000000
21157.000000,9516.000000,14570.000000,52383.000000
21253.000000,9448.000000,14457.000000,52265.000000
21281.000000,9363.000000,14478.000000,52206.000000
21251.000000,9449.000000,14510.000000,52233.000000
21055.000000,9324.000000,14534.000000,52155.000000
21164.000000,9295.000000,14486.000000,52223.000000
21166.000000,9462.000000,14455.000000,52133.000000
20953.000000,9338.000000,14406.000000,52181.000000
21095.000000,9421.000000,14394.000000,52179.000000
21111.000000,9396.000000,14426.000000,52154.000000
21030.000000,9457.000000,14396.000000,52190.000000
21072.000000,9317.000000,14418.000000,52276.000000
20933.000000,9330.000000,14420.000000,52139.000000
21057.000000,9372.000000,14374.000000,52159.000000
21051.000000,9390.000000,14183.000000,52200.000000
20852.000000,9472.000000,14125.000000,52257.000000
20963.000000,9333.000000,14276.000000,52127.000000
21021.000000,9391.000000,14330.000000,52168.000000
21031.000000,9416.000000,14121.000000,52123.000000
20902.000000,9194.000000,14228.000000,52091.000000
20889.000000,9303.000000,14290.000000,52105.000000
20928.000000,9312.000000,14156.000000,52068.000000
20736.000000,9254.000000,14270.000000,52080.000000
20873.000000,9170.000000,14226.000000,52102.000000
20852.000000,9260.000000,14098.000000,52020.000000
20839.000000,9168.000000,14110.000000,52141.000000
20762.000000,9225.000000,14141.000000,52017.000000
20808.000000,9197.000000,14129.000000,51974.000000
20891.000000,9187.000000,14185.000000,51993.000000
20770.000000,9203.000000,14210.000000,52090.000000
20838.000000,9156.000000,14068.000000,52082.000000
20561.000000,9103.000000,13910.000000,52138.000000
20707.000000,9133.000000,14051.000000,52024.000000
20766.000000,9102.000000,14099.000000,52129.000000
20786.000000,9155.000000,13955.000000,51962.000000
20653.000000,9152.000000,13939.000000,52005.000000
20646.000000,9194.000000,13960.000000,52015.000000
20790.000000,9098.000000,13954.000000,52065.000000
20701.000000,9152.000000,13916.000000,51986.000000
20638.000000,8990.000000,14000.000000,51894.000000
20749.000000,9077.000000,14002.000000,51891.000000
20711.000000,8985.000000,13994.000000,52061.000000
20720.000000,9053.000000,13939.000000,52007.000000
20724.000000,9063.000000,13909.000000,51954.000000
20802.000000,9140.000000,13952.000000,51982.000000
20639.000000,9081.000000,13917.000000,52031.000000
20611.000000,8999.000000,13895.000000,51985.000000
20670.000000,8989.000000,13946.000000,51959.000000
20684.000000,9005.000000,13808.000000,51894.000000
20489.000000,8993.000000,13935.000000,51899.000000
20683.000000,8989.000000,13909.000000,51963.000000
20498.000000,9078.000000,13867.000000,51933.000000
20665.000000,9034.000000,13953.000000,52044.000000
20630.000000,8927.000000,13824.000000,51957.000000
20586.000000,9059.000000,13834.000000,51909.000000
20592.000000,9051.000000,13794.000000,51888.000000
20553.000000,8992.000000,14001.000000,51886.000000
20600.000000,8880.000000,13844.000000,51923.000000
20687.000000,9045.000000,13809.000000,51857.000000
20578.000000,8976.000000,13850.000000,51980.000000
20555.000000,8986.000000,13821.000000,51875.000000
20544.000000,8927.000000,13731.000000,51764.000000
20542.000000,8990.000000,13697.000000,51850.000000
20584.000000,8928.000000,13741.000000,51947.000000
20594.000000,8987.000000,13751.000000,51918.000000
20498.000000,8979.000000,13905.000000,51935.000000
20567.000000,8948.000000,13736.000000,51943.000000
20540.000000,8895.000000,13765.000000,51882.000000
20644.000000,8982.000000,13779.000000,51860.000000
20560.000000,8856.000000,13691.000000,51801.000000
20554.000000,8896.000000,13850.000000,51862.000000
20569.000000,8719.000000,13764.000000,51918.000000
20662.000000,8922.000000,13687.000000,51856.000000
20495.000000,8952.000000,13712.000000,51703.000000
20347.000000,8676.000000,13621.000000,51656.000000
20488.000000,8851.000000,13749.000000,51710.000000
20582.000000,8961.000000,13649.000000,51746.000000
20384.000000,8890.000000,13641.000000,51818.000000
20448.000000,8792.000000,13654.000000,51889.000000
20425.000000,9008.000000,13628.000000,51818.000000
20453.000000,8860.000000,13544.000000,51837.000000
20506.000000,8753.000000,13556.000000,51871.000000
20390.000000,8868.000000,13600.000000,51657.000000
20403.000000,8838.000000,13560.000000,51851.000000
20493.000000,8964.000000,13642.000000,51898.000000
20458.000000,8865.000000,13589.000000,51891.000000
20419.000000,8701.000000,13621.000000,51780.000000
20372.000000,8824.000000,13674.000000,51903.000000
20445.000000,8734.000000,13636.000000,51891.000000
20499.000000,8828.000000,13645.000000,51886.000000
20512.000000,8851.000000,13522.000000,51720.000000
20632.000000,8876.000000,13602.000000,51764.000000
20475.000000,8846.000000,13645.000000,51769.000000
20451.000000,8748.000000,13627.000000,51790.000000
20441.000000,8832.000000,13608.000000,51679.000000
20524.000000,8866.000000,13557.000000,51977.000000
20589.000000,8883.000000,13665.000000,51952.000000
20329.000000,8892.000000,13686.000000,51886.000000
20480.000000,8866.000000,13657.000000,51820.000000
20612.000000,8926.000000,13686.000000,51894.000000
20630.000000,8888.000000,13770.000000,51895.000000
20492.000000,8896.000000,13632.000000,51862.000000
20552.000000,8940.000000,13709.000000,51728.000000
20580.000000,8913.000000,13787.000000,51896.000000
20703.000000,8962.000000,13789.000000,51874.000000
20593.000000,8868.000000,13837.000000,51904.000000
20731.000000,9144.000000,13594.000000,52121.000000
20668.000000,9115.000000,13912.000000,51841.000000
20677.000000,8948.000000,13826.000000,52004.000000
20639.000000,9060.000000,13908.000000,51975.000000
20754.000000,9069.000000,13892.000000,52016.000000
20738.000000,9111.000000,13992.000000,51979.000000
20885.000000,9214.000000,14123.000000,52154.000000
21002.000000,9227.000000,14173.000000,52122.000000
20938.000000,9311.000000,14219.000000,52176.000000
21016.000000,9427.000000,14301.000000,52090.000000
21136.000000,9448.000000,14447.000000,52325.000000
21126.000000,9399.000000,14471.000000,52262.000000
21162.000000,9446.000000,14594.000000,52317.000000
21360.000000,9443.000000,14807.000000,52498.000000
21278.000000,9563.000000,14722.000000,52420.000000
21301.000000,9621.000000,14786.000000,52343.000000
21370.000000,9608.000000,14789.000000,52409.000000
21465.000000,9674.000000,14737.000000,52429.000000
21560.000000,9663.000000,14799.000000,52414.000000
21326.000000,9663.000000,14865.000000,52442.000000
21438.000000,9664.000000,14861.000000,52499.000000
21516.000000,9610.000000,14798.000000,52322.000000
21451.000000,9696.000000,14823.000000,52321.000000
21337.000000,9725.000000,14869.000000,52353.000000
21405.000000,9738.000000,14958.000000,52414.000000
21381.000000,9568.000000,14840.000000,52410.000000
21343.000000,9452.000000,14882.000000,52452.000000
21329.000000,9612.000000,14761.000000,52456.000000
21395.000000,9634.000000,14846.000000,52456.000000
21372.000000,9563.000000,14781.000000,52398.000000
21272.000000,9669.000000,14862.000000,52555.000000
21272.000000,9691.000000,14790.000000,52463.000000
21370.000000,9679.000000,14704.000000,52382.000000
21331.000000,9620.000000,14715.000000,52405.000000
21224.000000,9546.000000,14700.000000,52370.000000
21181.000000,9553.000000,14684.000000,52549.000000
21298.000000,9586.000000,14604.000000,52505.000000
21242.000000,9514.000000,14637.000000,52253.000000
21253.000000,9554.000000,14676.000000,52267.000000
21274.000000,9488.000000,14511.000000,52220.000000
21307.000000,9495.000000,14573.000000,52318.000000
21046.000000,9531.000000,14560.000000,52289.000000
21183.000000,9574.000000,14562.000000,52358.000000
21174.000000,9492.000000,14538.000000,52183.000000
21304.000000,9567.000000,14701.000000,52253.000000
21149.000000,9545.000000,14576.000000,52166.000000
21214.000000,9438.000000,14528.000000,52290.000000
21144.000000,9409.000000,14526.000000,52267.000000
21108.000000,9477.000000,14484.000000,52244.000000
21111.000000,9509.000000,14517.000000,52223.000000
21262.000000,9415.000000,14500.000000,52310.000000
21064.000000,9394.000000,14443.000000,52257.000000
20910.000000,9265.000000,14496.000000,52272.000000
21133.000000,9384.000000,14420.000000,52206.000000
21049.000000,9441.000000,14358.000000,52222.000000
21185.000000,9335.000000,14369.000000,52251.000000
20964.000000,9397.000000,14350.000000,52343.000000
21138.000000,9381.000000,14431.000000,52211.000000
20982.000000,9344.000000,14358.000000,52157.000000
21073.000000,9430.000000,14458.000000,52278.000000
21079.000000,9304.000000,14386.000000,52196.000000
21101.000000,9352.000000,14311.000000,52243.000000
21133.000000,9200.000000,14301.000000,52171.000000
20932.000000,9354.000000,14263.000000,52188.000000
20982.000000,9278.000000,14239.000000,52167.000000
20902.000000,9322.000000,14351.000000,52131.000000
21004.000000,9253.000000,14279.000000,52080.000000
20877.000000,9302.000000,14274.000000,52188.000000
21016.000000,9238.000000,14358.000000,51966.000000
20916.000000,9239.000000,14195.000000,52132.000000
20935.000000,9246.000000,14416.000000,52025.000000
20831.000000,9128.000000,14399.000000,52138.000000
21004.000000,9227.000000,14121.000000,52113.000000
20870.000000,9170.000000,14144.000000,52116.000000
20769.000000,9156.000000,14121.000000,52059.000000
20862.000000,9179.000000,14094.000000,52095.000000
20768.000000,9205.000000,14026.000000,52115.000000
20813.000000,9164.000000,13975.000000,52147.000000
20757.000000,9095.000000,14153.000000,51999.000000
20861.000000,9156.000000,14087.000000,52049.000000
20834.000000,9142.000000,14009.000000,52055.000000
20696.000000,9081.000000,14250.000000,52206.000000
20862.000000,9026.000000,14044.000000,52005.000000
20797.000000,9003.000000,13908.000000,52052.000000
20703.000000,9042.000000,13931.000000,52024.000000
20860.000000,9235.000000,14144.000000,52049.000000
20693.000000,9023.000000,13942.000000,52011.000000
20836.000000,9122.000000,13929.000000,51942.000000
20584.000000,8948.000000,13993.000000,52157.000000
20571.000000,9056.000000,13870.000000,51921.000000
20750.000000,8972.000000,14096.000000,52033.000000
20603.000000,8987.000000,13881.000000,51991.000000
20613.000000,9088.000000,13947.000000,51975.000000
20831.000000,8948.000000,13848.000000,51985.000000
20693.000000,8868.000000,13791.000000,51909.000000
20667.000000,9108.000000,13951.000000,51968.000000
20681.000000,9026.000000,13863.000000,51978.000000
20632.000000,8816.000000,13839.000000,51964.000000
20570.000000,9050.000000,13817.000000,51995.000000
20681.000000,9051.000000,13955.000000,51926.000000
20658.000000,9025.000000,13809.000000,52037.000000
20669.000000,8960.000000,13811.000000,51940.000000
20681.000000,8968.000000,13828.000000,52002.000000
20676.000000,9054.000000,13932.000000,51929.000000
20621.000000,9002.000000,13841.000000,52031.000000
20604.000000,8899.000000,13800.000000,51915.000000
20769.000000,8965.000000,13790.000000,51950.000000
20812.000000,9019.000000,13902.000000,51943.000000
20654.000000,8972.000000,13711.000000,52106.000000
20661.000000,8913.000000,13815.000000,51850.000000
20672.000000,8979.000000,13721.000000,51965.000000
20554.000000,9015.000000,13846.000000,51930.000000
20632.000000,9011.000000,13849.000000,51981.000000
20484.000000,8996.000000,13832.000000,51873.000000
20541.000000,9025.000000,13812.000000,51984.000000
20729.000000,9010.000000,13915.000000,51910.000000
20549.000000,8953.000000,13871.000000,51913.000000
20578.000000,8889.000000,13839.000000,51915.000000
20646.000000,8957.000000,13718.000000,51875.000000
20564.000000,8963.000000,13684.000000,51950.000000
20511.000000,8899.000000,13746.000000,51793.000000
20559.000000,8898.000000,13690.000000,51938.000000
20570.000000,9021.000000,13749.000000,51919.000000
20598.000000,8929.000000,13758.000000,51951.000000
20413.000000,8922.000000,13670.000000,51773.000000
20629.000000,8882.000000,13652.000000,51882.000000
20478.000000,8932.000000,13700.000000,51886.000000
20514.000000,8973.000000,13761.000000,51886.000000
20447.000000,8883.000000,13690.000000,51891.000000
20583.000000,8893.000000,13656.000000,51864.000000
20625.000000,8958.000000,13765.000000,51868.000000
20572.000000,8964.000000,13739.000000,51896.000000
20543.000000,8899.000000,13809.000000,51991.000000
20686.000000,8967.000000,13584.000000,52096.000000
20389.000000,8806.000000,13707.000000,51942.000000
20608.000000,8968.000000,13793.000000,51888.000000
20420.000000,8912.000000,13766.000000,52039.000000
20609.000000,8944.000000,13782.000000,51903.000000
20633.000000,8934.000000,13736.000000,52055.000000
20741.000000,8970.000000,13770.000000,51992.000000
20597.000000,9049.000000,13892.000000,51972.000000
20689.000000,9037.000000,13820.000000,52029.000000
20711.000000,8924.000000,13794.000000,51991.000000
20731.000000,8834.000000,13818.000000,52019.000000
20687.000000,8974.000000,13846.000000,51809.000000
20764.000000,8987.000000,13954.000000,52062.000000
20905.000000,9050.000000,13908.000000,52044.000000
20691.000000,8973.000000,13847.000000,51989.000000
20737.000000,8994.000000,13944.000000,51987.000000
20838.000000,8988.000000,13995.000000,51962.000000
20788.000000,8980.000000,14007.000000,51993.000000
20834.000000,9004.000000,13903.000000,52010.000000
20662.000000,9050.000000,13967.000000,52063.000000
20747.000000,9081.000000,13952.000000,51867.000000
20878.000000,9181.000000,14123.000000,52079.000000
20838.000000,9112.000000,14127.000000,52046.000000
20852.000000,9209.000000,14245.000000,52200.000000
20935.000000,9073.000000,14216.000000,52118.000000
21032.000000,9139.000000,14154.000000,52296.000000
21069.000000,9271.000000,14221.000000,52230.000000
21179.000000,9264.000000,14470.000000,52241.000000
21240.000000,9422.000000,14457.000000,52289.000000
21225.000000,9421.000000,14489.000000,52384.000000
21290.000000,9513.000000,14623.000000,52332.000000
21407.000000,9544.000000,14668.000000,52443.000000
21484.000000,9680.000000,14785.000000,52424.000000
21517.000000,9660.000000,14904.000000,52520.000000
21547.000000,9701.000000,14922.000000,52558.000000
21601.000000,9662.000000,14904.000000,52495.000000
21588.000000,9778.000000,14887.000000,52530.000000
21607.000000,9721.000000,15011.000000,52596.000000
21625.000000,9730.000000,14847.000000,52407.000000
21760.000000,9828.000000,14993.000000,52587.000000
21682.000000,9804.000000,15087.000000,52618.000000
21666.000000,9748.000000,15021.000000,52493.000000
21575.000000,9692.000000,15152.000000,52484.000000
21727.000000,9785.000000,14968.000000,52518.000000
21645.000000,9723.000000,14969.000000,52491.000000
21688.000000,9798.000000,14911.000000,52666.000000
21645.000000,9818.000000,14926.000000,52457.000000
21731.000000,9797.000000,14950.000000,52540.000000
21811.000000,9817.000000,14897.000000,52512.000000
21506.000000,9938.000000,14777.000000,52614.000000
21643.000000,9657.000000,14947.000000,52437.000000
21753.000000,9768.000000,14896.000000,52499.000000
21589.000000,9779.000000,14973.000000,52512.000000
21604.000000,9687.000000,14943.000000,52547.000000
21620.000000,9585.000000,14831.000000,52494.000000
21621.000000,9710.000000,14886.000000,52493.000000
21599.000000,9671.000000,14948.000000,52553.000000
21554.000000,9680.000000,14987.000000,52640.000000
21534.000000,9785.000000,15005.000000,52514.000000
21603.000000,9710.000000,14803.000000,52542.000000
21526.000000,9712.000000,14881.000000,52468.000000
21562.000000,9707.000000,14827.000000,52497.000000
21483.000000,9494.000000,14693.000000,52568.000000
21595.000000,9706.000000,14836.000000,52460.000000
21459.000000,9581.000000,14658.000000,52333.000000
21483.000000,9701.000000,14777.000000,52589.000000
21497.000000,9631.000000,14887.000000,52479.000000
21456.000000,9669.000000,14843.000000,52423.000000
21494.000000,9718.000000,14751.000000,52454.000000
21430.000000,9546.000000,14785.000000,52405.000000
21444.000000,9583.000000,15051.000000,52582.000000
21385.000000,9642.000000,14775.000000,52499.000000
21570.000000,9611.000000,14798.000000,52450.000000
21437.000000,9697.000000,14790.000000,52455.000000
21404.000000,9596.000000,14654.000000,52450.000000
21341.000000,9727.000000,14645.000000,52609.000000
21387.000000,9646.000000,14596.000000,52350.000000
21279.000000,9515.000000,14593.000000,52430.000000
21403.000000,9464.000000,14491.000000,52272.000000
21432.000000,9596.000000,14517.000000,52333.000000
21409.000000,9517.000000,14556.000000,52401.000000
21138.000000,9602.000000,14456.000000,52504.000000
21410.000000,9365.000000,14505.000000,52312.000000
21310.000000,9616.000000,14559.000000,52479.000000
21295.000000,9501.000000,14554.000000,52363.000000
21315.000000,9544.000000,14550.000000,52262.000000
21374.000000,9469.000000,14518.000000,52322.000000
21253.000000,9456.000000,14495.000000,52405.000000
21340.000000,9511.000000,14605.000000,52352.000000
21212.000000,9382.000000,14469.000000,52347.000000
21348.000000,9366.000000,14428.000000,52275.000000
21296.000000,9433.000000,14510.000000,52419.000000
21229.000000,9393.000000,14372.000000,52343.000000
21137.000000,9419.000000,14380.000000,52418.000000
21319.000000,9424.000000,14491.000000,52177.000000
21083.000000,9497.000000,14435.000000,52301.000000
21170.000000,9290.000000,14379.000000,52144.000000
21157.000000,9369.000000,14383.000000,52236.000000
21178.000000,9395.000000,14315.000000,52166.000000
20983.000000,9323.000000,14502.000000,52304.000000
21123.000000,9432.000000,14345.000000,52321.000000
21018.000000,9388.000000,14216.000000,52192.000000
21199.000000,9389.000000,14355.000000,52214.000000
21283.000000,9360.000000,14370.000000,52275.000000
21153.000000,9430.000000,14257.000000,52258.000000
21101.000000,9156.000000,14249.000000,52284.000000
21064.000000,9335.000000,14338.000000,52250.000000
21191.000000,9298.000000,14292.000000,52243.000000
21006.000000,9278.000000,14316.000000,52184.000000
21110.000000,9359.000000,14300.000000,52228.000000
21016.000000,9299.000000,14271.000000,52211.000000
21075.000000,9294.000000,14181.000000,52218.000000
21139.000000,9220.000000,14246.000000,52219.000000
21074.000000,9277.000000,14244.000000,52215.000000
21111.000000,9324.000000,14336.000000,52197.000000
21096.000000,9263.000000,14334.000000,52230.000000
21072.000000,9210.000000,14291.000000,52221.000000
21178.000000,9308.000000,14191.000000,52209.000000
21221.000000,9328.000000,14197.000000,52207.000000
21075.000000,9151.000000,14381.000000,52294.000000
20963.000000,9229.000000,14126.000000,52258.000000
21061.000000,9257.000000,14027.000000,52170.000000
21180.000000,9324.000000,14167.000000,52342.000000
21100.000000,9279.000000,14258.000000,52132.000000
20857.000000,9135.000000,14336.000000,52135.000000
21082.000000,9236.000000,14202.000000,52149.000000
21041.000000,9253.000000,14191.000000,52134.000000
20983.000000,9236.000000,14217.000000,52194.000000
20998.000000,9138.000000,14075.000000,52171.000000
21010.000000,9222.000000,14158.000000,52207.000000
21014.000000,9158.000000,14079.000000,52311.000000
21105.000000,9214.000000,14155.000000,52162.000000
20853.000000,9186.000000,13957.000000,52060.000000
20963.000000,9187.000000,14171.000000,52193.000000
20880.000000,9185.000000,14057.000000,52203.000000
20932.000000,9154.000000,14046.000000,52130.000000
20833.000000,9101.000000,14041.000000,52076.000000
20936.000000,9342.000000,13932.000000,52105.000000
20867.000000,9127.000000,13939.000000,52078.000000
20740.000000,9160.000000,14035.000000,52114.000000
20677.000000,8959.000000,14101.000000,52070.000000
20941.000000,9121.000000,14017.000000,52128.000000
20938.000000,9114.000000,13989.000000,52110.000000
20898.000000,9247.000000,14134.000000,52058.000000
20786.000000,9026.000000,14051.000000,52066.000000
20890.000000,9135.000000,13947.000000,52118.000000
20984.000000,9084.000000,14027.000000,52048.000000
20703.000000,9082.000000,13976.000000,52082.000000
20800.000000,9104.000000,14010.000000,52113.000000
20901.000000,9108.000000,14035.000000,52169.000000
20977.000000,9165.000000,14227.000000,51984.000000
20927.000000,9100.000000,13997.000000,52165.000000
20865.000000,9108.000000,14026.000000,52127.000000
20929.000000,9164.000000,14124.000000,52009.000000
20955.000000,9088.000000,14032.000000,52090.000000
20966.000000,9121.000000,14095.000000,52119.000000
21140.000000,9188.000000,13885.000000,52171.000000
21006.000000,9036.000000,14045.000000,52029.000000
20955.000000,9158.000000,14042.000000,52138.000000
20928.000000,9041.000000,14032.000000,52157.000000
20932.000000,9110.000000,14096.000000,52047.000000
20908.000000,9205.000000,14007.000000,52270.000000
21080.000000,9232.000000,14115.000000,52137.000000
20927.000000,9238.000000,14142.000000,52049.000000
20990.000000,9215.000000,14124.000000,52200.000000
20932.000000,9192.000000,14049.000000,52198.000000
21051.000000,9243.000000,14189.000000,52196.000000
21056.000000,9165.000000,14241.000000,52333.000000
21101.000000,9331.000000,14183.000000,52224.000000
21151.000000,9234.000000,14254.000000,52235.000000
21175.000000,9323.000000,14270.000000,52263.000000
21100.000000,9387.000000,14341.000000,52368.000000
21274.000000,9440.000000,14395.000000,52331.000000
21327.000000,9376.000000,14317.000000,52367.000000
21372.000000,9488.000000,14519.000000,52404.000000
21352.000000,9439.000000,14544.000000,52392.000000
21500.000000,9387.000000,14453.000000,52265.000000
21527.000000,9564.000000,14839.000000,52463.000000
21545.000000,9654.000000,14756.000000,52614.000000
21531.000000,9704.000000,14908.000000,52533.000000
21754.000000,9842.000000,15157.000000,52519.000000
21864.000000,9758.000000,15025.000000,52680.000000
21790.000000,9881.000000,15129.000000,52702.000000
21817.000000,9871.000000,15094.000000,52731.000000
21947.000000,10005.000000,15155.000000,52671.000000
21959.000000,9888.000000,15068.000000,53002.000000
21932.000000,9846.000000,15145.000000,52826.000000
21965.000000,9850.000000,15291.000000,52682.000000
22001.000000,9935.000000,15290.000000,52724.000000
21987.000000,10015.000000,15033.000000,52813.000000
21986.000000,10027.000000,15118.000000,52746.000000
22068.000000,9933.000000,15185.000000,52608.000000
22028.000000,10047.000000,15197.000000,52705.000000
21803.000000,9984.000000,15204.000000,52680.000000
21967.000000,9922.000000,15098.000000,52756.000000
21859.000000,9834.000000,15193.000000,52709.000000
21817.000000,9960.000000,15089.000000,52643.000000
21951.000000,9852.000000,15076.000000,52709.000000
21881.000000,9824.000000,15045.000000,52700.000000
22002.000000,9965.000000,15142.000000,52702.000000
21932.000000,9828.000000,15099.000000,52573.000000
21943.000000,10051.000000,15070.000000,52658.000000
21816.000000,9740.000000,14874.000000,52573.000000
21981.000000,9870.000000,14970.000000,52643.000000
21818.000000,9862.000000,15004.000000,52614.000000
21892.000000,9848.000000,14970.000000,52673.000000
21836.000000,9797.000000,14914.000000,52515.000000
21909.000000,9801.000000,15081.000000,52613.000000
21913.000000,9861.000000,15048.000000,52592.000000
21795.000000,9858.000000,15002.000000,52677.000000
21803.000000,9649.000000,14759.000000,52537.000000
21865.000000,9785.000000,14970.000000,52583.000000
21885.000000,9745.000000,14934.000000,52700.000000
21738.000000,9811.000000,14993.000000,52631.000000
21677.000000,9834.000000,15012.000000,52718.000000
21917.000000,9773.000000,14975.000000,52613.000000
21873.000000,9747.000000,14967.000000,52805.000000
21810.000000,9770.000000,14875.000000,52701.000000
21712.000000,9815.000000,14895.000000,52567.000000
21770.000000,9820.000000,14884.000000,52618.000000
21815.000000,9730.000000,14912.000000,52499.000000
21709.000000,9755.000000,14873.000000,52628.000000
21737.000000,9700.000000,14869.000000,52583.000000
21686.000000,9703.000000,14875.000000,52568.000000
21837.000000,9653.000000,14915.000000,52545.000000
21720.000000,9679.000000,14828.000000,52721.000000
21662.000000,9554.000000,14727.000000,52479.000000
21730.000000,9785.000000,14820.000000,52496.000000
21779.000000,9604.000000,14893.000000,52555.000000
21680.000000,9688.000000,14802.000000,52653.000000
21483.000000,9577.000000,14948.000000,52529.000000
21750.000000,9722.000000,14837.000000,52549.000000
21623.000000,9676.000000,14807.000000,52537.000000
21529.000000,9638.000000,14809.000000,52553.000000
21605.000000,9597.000000,14781.000000,52357.000000
21706.000000,9676.000000,14689.000000,52624.000000
21820.000000,9672.000000,14725.000000,52524.000000
21544.000000,9609.000000,14699.000000,52521.000000
21549.000000,9565.000000,14806.000000,52464.000000
21618.000000,9552.000000,14721.000000,52453.000000
21548.000000,9712.000000,14745.000000,52534.000000
21542.000000,9571.000000,14654.000000,52547.000000
21678.000000,9673.000000,14651.000000,52451.000000
21610.000000,9642.000000,14695.000000,52458.000000
21617.000000,9636.000000,14653.000000,52480.000000
21458.000000,9681.000000,14516.000000,52442.000000
21503.000000,9622.000000,14653.000000,52253.000000
21440.000000,9777.000000,14688.000000,52575.000000
21490.000000,9539.000000,14652.000000,52454.000000
21343.000000,9506.000000,14540.000000,52367.000000
21420.000000,9555.000000,14555.000000,52422.000000
21459.000000,9532.000000,14780.000000,52269.000000
21463.000000,9512.000000,14638.000000,52392.000000
21459.000000,9565.000000,14425.000000,52554.000000
21441.000000,9574.000000,14583.000000,52451.000000
21348.000000,9477.000000,14670.000000,52474.000000
21505.000000,9516.000000,14603.000000,52423.000000
21519.000000,9464.000000,14393.000000,52502.000000
21477.000000,9566.000000,14509.000000,52270.000000
21380.000000,9462.000000,14523.000000,52341.000000
21402.000000,9426.000000,14546.000000,52432.000000
21387.000000,9487.000000,14523.000000,52206.000000
21502.000000,9420.000000,14584.000000,52393.000000
21547.000000,9409.000000,14471.000000,52381.000000
21460.000000,9480.000000,14580.000000,52234.000000
21344.000000,9425.000000,14446.000000,52474.000000
21373.000000,9527.000000,14504.000000,52309.000000
21467.000000,9435.000000,14510.000000,52400.000000
21358.000000,9446.000000,14544.000000,52450.000000
21304.000000,9442.000000,14511.000000,52347.000000
21471.000000,9339.000000,14461.000000,52376.000000
21368.000000,9487.000000,14480.000000,52390.000000
21385.000000,9508.000000,14521.000000,52381.000000
21281.000000,9602.000000,14654.000000,52384.000000
21338.000000,9435.000000,14504.000000,52419.000000
21324.000000,9389.000000,14500.000000,52359.000000
21361.000000,9482.000000,14520.000000,52346.000000
21271.000000,9401.000000,14486.000000,52217.000000
21326.000000,9427.000000,14466.000000,52422.000000
21192.000000,9425.000000,14498.000000,52398.000000
21194.000000,9324.000000,14405.000000,52329.000000
21330.000000,9495.000000,14457.000000,52329.000000
21275.000000,9374.000000,14437.000000,52318.000000
21264.000000,9293.000000,14426.000000,52356.000000
21236.000000,9309.000000,14300.000000,52324.000000
21159.000000,9407.000000,14303.000000,52311.000000
21203.000000,9407.000000,14348.000000,52258.000000
21143.000000,9288.000000,14207.000000,52354.000000
21082.000000,9319.000000,14233.000000,52239.000000
21193.000000,9273.000000,14234.000000,52212.000000
21138.000000,9374.000000,14187.000000,52308.000000
21130.000000,9292.000000,14279.000000,52386.000000
21046.000000,9285.000000,14255.000000,52196.000000
21123.000000,9307.000000,14251.000000,52273.000000
21150.000000,9301.000000,14173.000000,52213.000000
21199.000000,9294.000000,14277.000000,52300.000000
21097.000000,9325.000000,14264.000000,52293.000000
21140.000000,9254.000000,14250.000000,52285.000000
21083.000000,9355.000000,14172.000000,52239.000000
21117.000000,9382.000000,14303.000000,52226.000000
21158.000000,9444.000000,14266.000000,52013.000000
21153.000000,9400.000000,14316.000000,52315.000000
21154.000000,9223.000000,14211.000000,52215.000000
21075.000000,9094.000000,14366.000000,52406.000000
21123.000000,9181.000000,14259.000000,52281.000000
21102.000000,9373.000000,14320.000000,52125.000000
21172.000000,9215.000000,14136.000000,52258.000000
21085.000000,9238.000000,14200.000000,52252.000000
21177.000000,9323.000000,14365.000000,52406.000000
21215.000000,9311.000000,14316.000000,52336.000000
21228.000000,9292.000000,14312.000000,52293.000000
21217.000000,9256.000000,14204.000000,52240.000000
21159.000000,9343.000000,14291.000000,52319.000000
21229.000000,9346.000000,14348.000000,52313.000000
21342.000000,9231.000000,14416.000000,52354.000000
21227.000000,9347.000000,14293.000000,52301.000000
21194.000000,9205.000000,14396.000000,52305.000000
21310.000000,9394.000000,14462.000000,52246.000000
21456.000000,9445.000000,14551.000000,52388.000000
21313.000000,9373.000000,14623.000000,52394.000000
21515.000000,9463.000000,14751.000000,52341.000000
21595.000000,9749.000000,14707.000000,52548.000000
21694.000000,9655.000000,14776.000000,52505.000000
21822.000000,9698.000000,14866.000000,52577.000000
21831.000000,9674.000000,14973.000000,52598.000000
21801.000000,9803.000000,14947.000000,52617.000000
21872.000000,9922.000000,15133.000000,52609.000000
21985.000000,9899.000000,15006.000000,52775.000000
21936.000000,10089.000000,15254.000000,52684.000000
21958.000000,10016.000000,15378.000000,52854.000000
22051.000000,9963.000000,15305.000000,52788.000000
21904.000000,10006.000000,15284.000000,52796.000000
22163.000000,10034.000000,15416.000000,52830.000000
22357.000000,10057.000000,15354.000000,52864.000000
22262.000000,10087.000000,15341.000000,52823.000000
21995.000000,10079.000000,15364.000000,52793.000000
22074.000000,10051.000000,15339.000000,52763.000000
22130.000000,9988.000000,15443.000000,52831.000000
22157.000000,10166.000000,15319.000000,52807.000000
22044.000000,10050.000000,15339.000000,52797.000000
22116.000000,10068.000000,15240.000000,52782.000000
22101.000000,10008.000000,15223.000000,52772.000000
22167.000000,9971.000000,15285.000000,52830.000000
22040.000000,9999.000000,15314.000000,52843.000000
22081.000000,10064.000000,15240.000000,52754.000000
22129.000000,10040.000000,15242.000000,52791.000000
22121.000000,9974.000000,15178.000000,52693.000000
22049.000000,9915.000000,15291.000000,52825.000000
22002.000000,10045.000000,15322.000000,52855.000000
22133.000000,10004.000000,15281.000000,52666.000000
22050.000000,10026.000000,15340.000000,52715.000000
21941.000000,9967.000000,15234.000000,52781.000000
22066.000000,9852.000000,15299.000000,52792.000000
22024.000000,9957.000000,15192.000000,52782.000000
21965.000000,9944.000000,15109.000000,52783.000000
21978.000000,9940.000000,15169.000000,52675.000000
22161.000000,9883.000000,15058.000000,52845.000000
21965.000000,9913.000000,15280.000000,52680.000000
21994.000000,9960.000000,15127.000000,52611.000000
22013.000000,9881.000000,15163.000000,52737.000000
22033.000000,9856.000000,15236.000000,52694.000000
22044.000000,9957.000000,15145.000000,52739.000000
21976.000000,9843.000000,15087.000000,52562.000000
21863.000000,9908.000000,15062.000000,52676.000000
21884.000000,9895.000000,15117.000000,52666.000000
21962.000000,9944.000000,15054.000000,52725.000000
21887.000000,9791.000000,14995.000000,52602.000000
21855.000000,9900.000000,15187.000000,52612.000000
21984.000000,9865.000000,15041.000000,52662.000000
21906.000000,9793.000000,15013.000000,52657.000000
21765.000000,9862.000000,14944.000000,52736.000000
21829.000000,9811.000000,14984.000000,52575.000000
21737.000000,9842.000000,14982.000000,52623.000000
21844.000000,9859.000000,15002.000000,52625.000000
21789.000000,9825.000000,14874.000000,52640.000000
21748.000000,9831.000000,14983.000000,52562.000000
21821.000000,9791.000000,15016.000000,52444.000000
21836.000000,9811.000000,14925.000000,52641.000000
21770.000000,9763.000000,14906.000000,52465.000000
21774.000000,9815.000000,14903.000000,52549.000000
21813.000000,9779.000000,14884.000000,52536.000000
21753.000000,9804.000000,14915.000000,52629.000000
21680.000000,9759.000000,14790.000000,52508.000000
21802.000000,9733.000000,14799.000000,52567.000000
21643.000000,9768.000000,14884.000000,52492.000000
21740.000000,9882.000000,14810.000000,52543.000000
21728.000000,9705.000000,14715.000000,52541.000000
21688.000000,9636.000000,14747.000000,52518.000000
21794.000000,9699.000000,14810.000000,52541.000000
21661.000000,9679.000000,14651.000000,52544.000000
21653.000000,9593.000000,14685.000000,52472.000000
21601.000000,9575.000000,14736.000000,52539.000000
21653.000000,9674.000000,14746.000000,52559.000000
21570.000000,9594.000000,14668.000000,52471.000000
21614.000000,9704.000000,14635.000000,52470.000000
21666.000000,9586.000000,14547.000000,52632.000000
21515.000000,9597.000000,14668.000000,52507.000000
21431.000000,9564.000000,14716.000000,52570.000000
21576.000000,9543.000000,14580.000000,52456.000000
21611.000000,9680.000000,14647.000000,52412.000000
21575.000000,9601.000000,14650.000000,52612.000000
21623.000000,9749.000000,14658.000000,52561.000000
21437.000000,9585.000000,14575.000000,52434.000000
21520.000000,9562.000000,14685.000000,52409.000000
21553.000000,9551.000000,14598.000000,52480.000000
21497.000000,9546.000000,14612.000000,52472.000000
21488.000000,9505.000000,14516.000000,52380.000000
21588.000000,9578.000000,14657.000000,52369.000000
21515.000000,9566.000000,14553.000000,52451.000000
21371.000000,9445.000000,14690.000000,52285.000000
21505.000000,9462.000000,14476.000000,52412.000000
21481.000000,9515.000000,14527.000000,52422.000000
21529.000000,9532.000000,14587.000000,52374.000000
21284.000000,9559.000000,14473.000000,52343.000000
21477.000000,9472.000000,14303.000000,52432.000000
21455.000000,9414.000000,14596.000000,52439.000000
21528.000000,9540.000000,14484.000000,52503.000000
21348.000000,9459.000000,14586.000000,52255.000000
21492.000000,9442.000000,14531.000000,52350.000000
21484.000000,9524.000000,14471.000000,52450.000000
21314.000000,9571.000000,14412.000000,52473.000000
21321.000000,9304.000000,14544.000000,52366.000000
21338.000000,9576.000000,14557.000000,52301.000000
21363.000000,9417.000000,14227.000000,52363.000000
21432.000000,9511.000000,14294.000000,52375.000000
21281.000000,9412.000000,14399.000000,52402.000000
21354.000000,9453.000000,14384.000000,52349.000000
21502.000000,9296.000000,14307.000000,52397.000000
21400.000000,9504.000000,14345.000000,52366.000000
21178.000000,9289.000000,14360.000000,52392.000000
21295.000000,9349.000000,14214.000000,52251.000000
21281.000000,9323.000000,14221.000000,52294.000000
21189.000000,9315.000000,14294.000000,52238.000000
21251.000000,9215.000000,14262.000000,52235.000000
21312.000000,9324.000000,14284.000000,52300.000000
21308.000000,9304.000000,14096.000000,52321.000000
21213.000000,9390.000000,14287.000000,52330.000000
21288.000000,9242.000000,14167.000000,52245.000000
21308.000000,9241.000000,14253.000000,52297.000000
21120.000000,9237.000000,14257.000000,52222.000000
21161.000000,9263.000000,14165.000000,52299.000000
21252.000000,9280.000000,14246.000000,52231.000000
21148.000000,9288.000000,14090.000000,52202.000000
21236.000000,9322.000000,14247.000000,52270.000000
21162.000000,9268.000000,14231.000000,52299.000000
21117.000000,9306.000000,14196.000000,52310.000000
21236.000000,9269.000000,14257.000000,52404.000000
21159.000000,9261.000000,14195.000000,52215.000000
21138.000000,9253.000000,14319.000000,52132.000000
21071.000000,9229.000000,14121.000000,52243.000000
21184.000000,9272.000000,14186.000000,52278.000000
21238.000000,9343.000000,14159.000000,52270.000000
21208.000000,9289.000000,14238.000000,52310.000000
21250.000000,9263.000000,14275.000000,52253.000000
21226.000000,9291.000000,14265.000000,52126.000000
21210.000000,9316.000000,14217.000000,52173.000000
21150.000000,9208.000000,14137.000000,52222.000000
21298.000000,9401.000000,14122.000000,52327.000000
21139.000000,9303.000000,14203.000000,52282.000000
21228.000000,9422.000000,14252.000000,52342.000000
21182.000000,9172.000000,14124.000000,52231.000000
21231.000000,9327.000000,14290.000000,52299.000000
21316.000000,9422.000000,14241.000000,52280.000000
21281.000000,9341.000000,14415.000000,52341.000000
21343.000000,9362.000000,14113.000000,52371.000000
21265.000000,9407.000000,14431.000000,52331.000000
21531.000000,9397.000000,14290.000000,52426.000000
21448.000000,9462.000000,14481.000000,52421.000000
21428.000000,9393.000000,14403.000000,52388.000000
21583.000000,9505.000000,14587.000000,52559.000000
21675.000000,9604.000000,14596.000000,52458.000000
21736.000000,9572.000000,14678.000000,52564.000000
21751.000000,9650.000000,14859.000000,52483.000000
21769.000000,9735.000000,14904.000000,52594.000000
21818.000000,9751.000000,14947.000000,52650.000000
21978.000000,9809.000000,14924.000000,52676.000000
21990.000000,9791.000000,14965.000000,52672.000000
22107.000000,9840.000000,15117.000000,52723.000000
22122.000000,9823.000000,15164.000000,52761.000000
21919.000000,10023.000000,15325.000000,52900.000000
22090.000000,9962.000000,15277.000000,52824.000000
22175.000000,9987.000000,15207.000000,52818.000000
22169.000000,10096.000000,15289.000000,52784.000000
22103.000000,10149.000000,15209.000000,52817.000000
21971.000000,10114.000000,15230.000000,52739.000000
22041.000000,9944.000000,15122.000000,52895.000000
22256.000000,10100.000000,15155.000000,52787.000000
22232.000000,10017.000000,15229.000000,52800.000000
22117.000000,9946.000000,15219.000000,52835.000000
22147.000000,10036.000000,15253.000000,52839.000000
22139.000000,10115.000000,15201.000000,52835.000000
22070.000000,9989.000000,15188.000000,52810.000000
22103.000000,9988.000000,15226.000000,52806.000000
22119.000000,9951.000000,15200.000000,52785.000000
22244.000000,9945.000000,15213.000000,52782.000000
22145.000000,9948.000000,15150.000000,52776.000000
22100.000000,9923.000000,15087.000000,52766.000000
22152.000000,9941.000000,15130.000000,52763.000000
22145.000000,9939.000000,15122.000000,52885.000000
22039.000000,9894.000000,15150.000000,52696.000000
22127.000000,9949.000000,15087.000000,52741.000000
21992.000000,9910.000000,15094.000000,52748.000000
22081.000000,9867.000000,15161.000000,52713.000000
21930.000000,9975.000000,15044.000000,52899.000000
22046.000000,9956.000000,15093.000000,52746.000000
21994.000000,9906.000000,14921.000000,52911.000000
22024.000000,9941.000000,15042.000000,52631.000000
21920.000000,9807.000000,15052.000000,52678.000000
22040.000000,9865.000000,14989.000000,52770.000000
22052.000000,9976.000000,15050.000000,52712.000000
22126.000000,9851.000000,15079.000000,52604.000000
21902.000000,9951.000000,14975.000000,52775.000000
21959.000000,9766.000000,14888.000000,52662.000000
22057.000000,9849.000000,14923.000000,52646.000000
22032.000000,9821.000000,14936.000000,52673.000000
21943.000000,9707.000000,14888.000000,52717.000000
21851.000000,9911.000000,14958.000000,52565.000000
21965.000000,9892.000000,14849.000000,52634.000000
21832.000000,9804.000000,14981.000000,52607.000000
21768.000000,9792.000000,14826.000000,52654.000000
21967.000000,9755.000000,14856.000000,52537.000000
21878.000000,9968.000000,14903.000000,52634.000000
21787.000000,9641.000000,14814.000000,52652.000000
21781.000000,9683.000000,14837.000000,52514.000000
21809.000000,9774.000000,14908.000000,52649.000000
21764.000000,9691.000000,14762.000000,52494.000000
21738.000000,9744.000000,14785.000000,52588.000000
21746.000000,9771.000000,14780.000000,52537.000000
21828.000000,9675.000000,14746.000000,52550.000000
21760.000000,9532.000000,14741.000000,52625.000000
21709.000000,9650.000000,14759.000000,52683.000000
21690.000000,9640.000000,14743.000000,52526.000000
21714.000000,9704.000000,14720.000000,52557.000000
21672.000000,9795.000000,14818.000000,52561.000000
21726.000000,9497.000000,14535.000000,52594.000000
21702.000000,9619.000000,14641.000000,52534.000000
21718.000000,9685.000000,14783.000000,52459.000000
21629.000000,9614.000000,14690.000000,52527.000000
21614.000000,9624.000000,14767.000000,52539.000000
21586.000000,9574.000000,14572.000000,52512.000000
21645.000000,9622.000000,14627.000000,52558.000000
21653.000000,9597.000000,14518.000000,52428.000000
21507.000000,9522.000000,14561.000000,52430.000000
21591.000000,9585.000000,14613.000000,52520.000000
21624.000000,9406.000000,14426.000000,52445.000000
21727.000000,9539.000000,14510.000000,52476.000000
21509.000000,9508.000000,14513.000000,52562.000000
21705.000000,9548.000000,14504.000000,52613.000000
21489.000000,9535.000000,14414.000000,52337.000000
21489.000000,9500.000000,14431.000000,52584.000000
21486.000000,9478.000000,14471.000000,52467.000000
21639.000000,9485.000000,14490.000000,52490.000000
21545.000000,9548.000000,14523.000000,52393.000000
21457.000000,9509.000000,14388.000000,52478.000000
21496.000000,9494.000000,14497.000000,52375.000000
21546.000000,9435.000000,14438.000000,52468.000000
21440.000000,9467.000000,14585.000000,52582.000000
21421.000000,9532.000000,14449.000000,52359.000000
21470.000000,9461.000000,14475.000000,52323.000000
21527.000000,9532.000000,14526.000000,52428.000000
21509.000000,9544.000000,14494.000000,52415.000000
21317.000000,9373.000000,14432.000000,52427.000000
21358.000000,9398.000000,14435.000000,52413.000000
21461.000000,9477.000000,14395.000000,52439.000000
21470.000000,9479.000000,14510.000000,52441.000000
21295.000000,9301.000000,14429.000000,52468.000000
21407.000000,9443.000000,14341.000000,52399.000000
21499.000000,9464.000000,14395.000000,52412.000000
21424.000000,9391.000000,14311.000000,52395.000000
21456.000000,9460.000000,14418.000000,52327.000000
21453.000000,9420.000000,14356.000000,52368.000000
21418.000000,9453.000000,14363.000000,52381.000000
21366.000000,9433.000000,14408.000000,52349.000000
21501.000000,9263.000000,14285.000000,52518.000000
21359.000000,9397.000000,14294.000000,52289.000000
21318.000000,9299.000000,14310.000000,52323.000000
21402.000000,9361.000000,14273.000000,52372.000000
21252.000000,9311.000000,14224.000000,52313.000000
21273.000000,9444.000000,14262.000000,52320.000000
21226.000000,9393.000000,14225.000000,52413.000000
21302.000000,9326.000000,14217.000000,52337.000000
21238.000000,9204.000000,14239.000000,52435.000000
21296.000000,9345.000000,14203.000000,52333.000000
21213.000000,9287.000000,13980.000000,52177.000000
21291.000000,9363.000000,14163.000000,52343.000000
21073.000000,9201.000000,14173.000000,52163.000000
21241.000000,9254.000000,14176.000000,52204.000000
21210.000000,9279.000000,14137.000000,52218.000000
21220.000000,9248.000000,14132.000000,52283.000000
21076.000000,9273.000000,14076.000000,52151.000000
21250.000000,9238.000000,14202.000000,52170.000000
21192.000000,9343.000000,14015.000000,52193.000000
21070.000000,9197.000000,14055.000000,52241.000000
21119.000000,9088.000000,14213.000000,52203.000000
21044.000000,9313.000000,14154.000000,52256.000000
21181.000000,9243.000000,14027.000000,52202.000000
21169.000000,9224.000000,14044.000000,52169.000000
21201.000000,9228.000000,13980.000000,52115.000000
21165.000000,9297.000000,14115.000000,52235.000000
21271.000000,9324.000000,14264.000000,52209.000000
21148.000000,9177.000000,14064.000000,52259.000000
21340.000000,9137.000000,14071.000000,52217.000000
21212.000000,9294.000000,14162.000000,52353.000000
21187.000000,9261.000000,14093.000000,52193.000000
21142.000000,9165.000000,14210.000000,52228.000000
21099.000000,9246.000000,14159.000000,52213.000000
21172.000000,9226.000000,14128.000000,52224.000000
21221.000000,9342.000000,14046.000000,52167.000000
21136.000000,9211.000000,14072.000000,52207.000000
21179.000000,9254.000000,14130.000000,52411.000000
21248.000000,9252.000000,14193.000000,52116.000000
21271.000000,9256.000000,14103.000000,52215.000000
21251.000000,9300.000000,14210.000000,52372.000000
21170.000000,9260.000000,14143.000000,52234.000000
21329.000000,9248.000000,14207.000000,52303.000000
21332.000000,9334.000000,14166.000000,52327.000000
21325.000000,9357.000000,14308.000000,52266.000000
21261.000000,9414.000000,14263.000000,52183.000000
21390.000000,9371.000000,14520.000000,52344.000000
21447.000000,9349.000000,14446.000000,52395.000000
21631.000000,9398.000000,14326.000000,52419.000000
21580.000000,9509.000000,14540.000000,52454.000000
21662.000000,9556.000000,14583.000000,52477.000000
21721.000000,9620.000000,14646.000000,52546.000000
21706.000000,9671.000000,14694.000000,52667.000000
21845.000000,9706.000000,14810.000000,52650.000000
21852.000000,9819.000000,14877.000000,52611.000000
22000.000000,9813.000000,14875.000000,52691.000000
21957.000000,9813.000000,15128.000000,52771.000000
21964.000000,9918.000000,15033.000000,52684.000000
22097.000000,9956.000000,15140.000000,52910.000000
22135.000000,10019.000000,15024.000000,52661.000000
22094.000000,9851.000000,15029.000000,52681.000000
22135.000000,10025.000000,15055.000000,52801.000000
22136.000000,10087.000000,15125.000000,52665.000000
22131.000000,10021.000000,15227.000000,52813.000000
22140.000000,9920.000000,15128.000000,52746.000000
22100.000000,9887.000000,15163.000000,52924.000000
22141.000000,10011.000000,15106.000000,52763.000000
22097.000000,10028.000000,15122.000000,52795.000000
22075.000000,9932.000000,15102.000000,52700.000000
21961.000000,9841.000000,15195.000000,52705.000000
22107.000000,9943.000000,15030.000000,52809.000000
22075.000000,9876.000000,14906.000000,52771.000000
22027.000000,9773.000000,15264.000000,52589.000000
22072.000000,9986.000000,14962.000000,52695.000000
22059.000000,9844.000000,15045.000000,52723.000000
21977.000000,9884.000000,14933.000000,52728.000000
21951.000000,9810.000000,14931.000000,52866.000000
22009.000000,9904.000000,14995.000000,52676.000000
22142.000000,9870.000000,15107.000000,52708.000000
21989.000000,9813.000000,15034.000000,52664.000000
21951.000000,9741.000000,15071.000000,52711.000000
21953.000000,9895.000000,14933.000000,52681.000000
22057.000000,9759.000000,14840.000000,52883.000000
21908.000000,9730.000000,14931.000000,52731.000000
21935.000000,9747.000000,14956.000000,52595.000000
22003.000000,9825.000000,14864.000000,52641.000000
22069.000000,9857.000000,14954.000000,52625.000000
21808.000000,9696.000000,14821.000000,52638.000000
21926.000000,9721.000000,14787.000000,52631.000000
21912.000000,9808.000000,14850.000000,52636.000000
21914.000000,9744.000000,14779.000000,52668.000000
21844.000000,9699.000000,14708.000000,52645.000000
21806.000000,9661.000000,14752.000000,52572.000000
21903.000000,9708.000000,14641.000000,52598.000000
21826.000000,9673.000000,14763.000000,52610.000000
21977.000000,9729.000000,14824.000000,52669.000000
21813.000000,9667.000000,14740.000000,52530.000000
21773.000000,9685.000000,14620.000000,52616.000000
21854.000000,9681.000000,14711.000000,52649.000000
21607.000000,9562.000000,14675.000000,52529.000000
21895.000000,9761.000000,14652.000000,52583.000000
21818.000000,9550.000000,14745.000000,52588.000000
21803.000000,9633.000000,14655.000000,52678.000000
21684.000000,9575.000000,14615.000000,52603.000000
21770.000000,9503.000000,14590.000000,52500.000000
21788.000000,9550.000000,14562.000000,52589.000000
21703.000000,9516.000000,14664.000000,52422.000000
21714.000000,9517.000000,14583.000000,52355.000000
21645.000000,9667.000000,14480.000000,52556.000000
21659.000000,9571.000000,14552.000000,52508.000000
21784.000000,9574.000000,14491.000000,52516.000000
21503.000000,9545.000000,14523.000000,52504.000000
21662.000000,9576.000000,14488.000000,52553.000000
21658.000000,9491.000000,14444.000000,52411.000000
21633.000000,9394.000000,14426.000000,52415.000000
21487.000000,9453.000000,14374.000000,52413.000000
21584.000000,9458.000000,14454.000000,52502.000000
21606.000000,9477.000000,14424.000000,52441.000000
21509.000000,9489.000000,14366.000000,52505.000000
21561.000000,9426.000000,14365.000000,52290.000000
21441.000000,9622.000000,14271.000000,52366.000000
21575.000000,9424.000000,14484.000000,52515.000000
21258.000000,9380.000000,14338.000000,52371.000000
21439.000000,9355.000000,14465.000000,52404.000000
21495.000000,9422.000000,14323.000000,52419.000000
21466.000000,9450.000000,14290.000000,52332.000000
21394.000000,9398.000000,14228.000000,52435.000000
21411.000000,9352.000000,14337.000000,52320.000000
21463.000000,9325.000000,14287.000000,52356.000000
21440.000000,9426.000000,14339.000000,52408.000000
21392.000000,9314.000000,14277.000000,52345.000000
21498.000000,9420.000000,14295.000000,52317.000000
21410.000000,9330.000000,14191.000000,52343.000000
21399.000000,9467.000000,14267.000000,52307.000000
21326.000000,9352.000000,14331.000000,52372.000000
21401.000000,9333.000000,14235.000000,52347.000000
21517.000000,9287.000000,14236.000000,52442.000000
21406.000000,9375.000000,14155.000000,52364.000000
21283.000000,9176.000000,14258.000000,52341.000000
21453.000000,9345.000000,14238.000000,52326.000000
21434.000000,9416.000000,14166.000000,52440.000000
21403.000000,9421.000000,14205.000000,52260.000000
21309.000000,9376.000000,14136.000000,52302.000000
21314.000000,9398.000000,14166.000000,52343.000000
21251.000000,9326.000000,14165.000000,52097.000000
21344.000000,9330.000000,14236.000000,52230.000000
21249.000000,9253.000000,14152.000000,52227.000000
21245.000000,9424.000000,14182.000000,52181.000000
21347.000000,9291.000000,14223.000000,52266.000000
21336.000000,9341.000000,14207.000000,52218.000000
21214.000000,9065.000000,14186.000000,52261.000000
21178.000000,9417.000000,14110.000000,52262.000000
21326.000000,9324.000000,14131.000000,52306.000000
21275.000000,9300.000000,14140.000000,52296.000000
21110.000000,9188.000000,14071.000000,52292.000000
21268.000000,9270.000000,14038.000000,52212.000000
21263.000000,9242.000000,14077.000000,52280.000000
21270.000000,9192.000000,14110.000000,52383.000000
21156.000000,9249.000000,14090.000000,52166.000000
21217.000000,9266.000000,14010.000000,52178.000000
21256.000000,9239.000000,14024.000000,52254.000000
21196.000000,9160.000000,13989.000000,52271.000000
21049.000000,9184.000000,13967.000000,52231.000000
21175.000000,9214.000000,13982.000000,52234.000000
21161.000000,9136.000000,13937.000000,52243.000000
21129.000000,9114.000000,13984.000000,52120.000000
21104.000000,9256.000000,13844.000000,52094.000000
21260.000000,9193.000000,13999.000000,52248.000000
21131.000000,9054.000000,13829.000000,52207.000000
21067.000000,9169.000000,13850.000000,52109.000000
21212.000000,9148.000000,13895.000000,52163.000000
21201.000000,9155.000000,13859.000000,52224.000000
21128.000000,9101.000000,13927.000000,52146.000000
21065.000000,9200.000000,13787.000000,52132.000000
21071.000000,9132.000000,13893.000000,52226.000000
21035.000000,9103.000000,13994.000000,52182.000000
21136.000000,9156.000000,13909.000000,52221.000000
21089.000000,9167.000000,14001.000000,52145.000000
21160.000000,9099.000000,13833.000000,52166.000000
21026.000000,9138.000000,13992.000000,52160.000000
21126.000000,9147.000000,13930.000000,52211.000000
21027.000000,9215.000000,13956.000000,52075.000000
21157.000000,9052.000000,13941.000000,52256.000000
21066.000000,8963.000000,13969.000000,52384.000000
21101.000000,9104.000000,13845.000000,52314.000000
21046.000000,9099.000000,13886.000000,52139.000000
21163.000000,9086.000000,14031.000000,52205.000000
21110.000000,9054.000000,13955.000000,52228.000000
21146.000000,9113.000000,13923.000000,52197.000000
21066.000000,9099.000000,13934.000000,52213.000000
21156.000000,9128.000000,13941.000000,52209.000000
21206.000000,9158.000000,13937.000000,52122.000000
21130.000000,9073.000000,14003.000000,52175.000000
21013.000000,9081.000000,13932.000000,52261.000000
21200.000000,9188.000000,13963.000000,52234.000000
21269.000000,9146.000000,13991.000000,52266.000000
21108.000000,9165.000000,14204.000000,52132.000000
21315.000000,9334.000000,14092.000000,52275.000000
21273.000000,9199.000000,14103.000000,52248.000000
21425.000000,9261.000000,14094.000000,52330.000000
21280.000000,9287.000000,14252.000000,52405.000000
21506.000000,9310.000000,14249.000000,52374.000000
21495.000000,9387.000000,14395.000000,52453.000000
21583.000000,9500.000000,14361.000000,52421.000000
21508.000000,9494.000000,14458.000000,52457.000000
21633.000000,9546.000000,14569.000000,52512.000000
21668.000000,9679.000000,14588.000000,52563.000000
21801.000000,9560.000000,14801.000000,52521.000000
21704.000000,9710.000000,14719.000000,52674.000000
21903.000000,9726.000000,14795.000000,52640.000000
22005.000000,9837.000000,14856.000000,52627.000000
21959.000000,9963.000000,14852.000000,52701.000000
21874.000000,9705.000000,14963.000000,52783.000000
22012.000000,9806.000000,14926.000000,52709.000000
22117.000000,9796.000000,14963.000000,52547.000000
22051.000000,9812.000000,14914.000000,52718.000000
22006.000000,9820.000000,14933.000000,52705.000000
22116.000000,9853.000000,14971.000000,52669.000000
22099.000000,9930.000000,14882.000000,52702.000000
22124.000000,9845.000000,14914.000000,52729.000000
22055.000000,9738.000000,14857.000000,52765.000000
22030.000000,9957.000000,14982.000000,52741.000000
22095.000000,9905.000000,14890.000000,52722.000000
21960.000000,9899.000000,15054.000000,52696.000000
21990.000000,9770.000000,14937.000000,52684.000000
22024.000000,9791.000000,14892.000000,52693.000000
21919.000000,9830.000000,14929.000000,52611.000000
21955.000000,9810.000000,14964.000000,52577.000000
21989.000000,9751.000000,14730.000000,52606.000000
21932.000000,9779.000000,14867.000000,52718.000000
21974.000000,9825.000000,14778.000000,52582.000000
22027.000000,9801.000000,14802.000000,52652.000000
21938.000000,9728.000000,14780.000000,52676.000000
21878.000000,9806.000000,14841.000000,52632.000000
22094.000000,9773.000000,14807.000000,52637.000000
21969.000000,9704.000000,14780.000000,52609.000000
21884.000000,9653.000000,14711.000000,52766.000000
21884.000000,9712.000000,14787.000000,52658.000000
21874.000000,9680.000000,14743.000000,52550.000000
21797.000000,9606.000000,14651.000000,52640.000000
21861.000000,9790.000000,14691.000000,52630.000000
21822.000000,9602.000000,14755.000000,52518.000000
21856.000000,9779.000000,14638.000000,52427.000000
21788.000000,9575.000000,14660.000000,52559.000000
21734.000000,9698.000000,14715.000000,52648.000000
21830.000000,9519.000000,14643.000000,52589.000000
21988.000000,9576.000000,14640.000000,52487.000000
21677.000000,9577.000000,14474.000000,52537.000000
21739.000000,9585.000000,14611.000000,52515.000000
21798.000000,9586.000000,14523.000000,52482.000000
21689.000000,9549.000000,14531.000000,52487.000000
21692.000000,9643.000000,14475.000000,52525.000000
21690.000000,9525.000000,14581.000000,52551.000000
21822.000000,9596.000000,14658.000000,52449.000000
21748.000000,9565.000000,14563.000000,52534.000000
21590.000000,9310.000000,14343.000000,52517.000000
21654.000000,9574.000000,14433.000000,52480.000000
21761.000000,9476.000000,14466.000000,52457.000000
21797.000000,9519.000000,14381.000000,52547.000000
21584.000000,9375.000000,14304.000000,52380.000000
21671.000000,9572.000000,14392.000000,52472.000000
21635.000000,9408.000000,14422.000000,52477.000000
21663.000000,9466.000000,14431.000000,52401.000000
21522.000000,9494.000000,14353.000000,52449.000000
21653.000000,9452.000000,14364.000000,52448.000000
21578.000000,9367.000000,14329.000000,52553.000000
21598.000000,9380.000000,14402.000000,52436.000000
21498.000000,9394.000000,14185.000000,52337.000000
21513.000000,9506.000000,14468.000000,52321.000000
21512.000000,9414.000000,14351.000000,52398.000000
21547.000000,9405.000000,14415.000000,52255.000000
21540.000000,9442.000000,14383.000000,52319.000000
21505.000000,9450.000000,14325.000000,52449.000000
21444.000000,9482.000000,14244.000000,52375.000000
21411.000000,9344.000000,14284.000000,52311.000000
21458.000000,9327.000000,14217.000000,52351.000000
21539.000000,9334.000000,14320.000000,52292.000000
21506.000000,9452.000000,14185.000000,52361.000000
21407.000000,9399.000000,14148.000000,52363.000000
21389.000000,9306.000000,14211.000000,52353.000000
21497.000000,9435.000000,14278.000000,52366.000000
21405.000000,9413.000000,14271.000000,52357.000000
21459.000000,9432.000000,14164.000000,52406.000000
21359.000000,9372.000000,14210.000000,52296.000000
21359.000000,9468.000000,14101.000000,52586.000000
21427.000000,9309.000000,14149.000000,52331.000000
21353.000000,9302.000000,14197.000000,52353.000000
21449.000000,9359.000000,14115.000000,52334.000000
21571.000000,9322.000000,14233.000000,52344.000000
21366.000000,9284.000000,14244.000000,52324.000000
21368.000000,9260.000000,14205.000000,52365.000000
21418.000000,9405.000000,14366.000000,52396.000000
21406.000000,9273.000000,14156.000000,52356.000000
21436.000000,9363.000000,14106.000000,52340.000000
21276.000000,9404.000000,14018.000000,52245.000000
21397.000000,9233.000000,14246.000000,52246.000000
21377.000000,9281.000000,14084.000000,52361.000000
21416.000000,9303.000000,14355.000000,52367.000000
21422.000000,9240.000000,14204.000000,52210.000000
21348.000000,9345.000000,14140.000000,52355.000000
21569.000000,9328.000000,14053.000000,52330.000000
21320.000000,9214.000000,14182.000000,52252.000000
21265.000000,9357.000000,14044.000000,52392.000000
21414.000000,9297.000000,14078.000000,52305.000000
21438.000000,9228.000000,14132.000000,52301.000000
21476.000000,9318.000000,14151.000000,52319.000000
21260.000000,9227.000000,14304.000000,52196.000000
21323.000000,9352.000000,14159.000000,52245.000000
21277.000000,9359.000000,14208.000000,52279.000000
21306.000000,9223.000000,14044.000000,52353.000000
21419.000000,9177.000000,14040.000000,52236.000000
21372.000000,9244.000000,14104.000000,52298.000000
21303.000000,9203.000000,14097.000000,52336.000000
21420.000000,9190.000000,13934.000000,52429.000000
21402.000000,9241.000000,14023.000000,52289.000000
21280.000000,9252.000000,14080.000000,52290.000000
21348.000000,9152.000000,13980.000000,52320.000000
21170.000000,9069.000000,14027.000000,52225.000000
21190.000000,9199.000000,14051.000000,52356.000000
21164.000000,9159.000000,13946.000000,52272.000000
21338.000000,9233.000000,13976.000000,52291.000000
21275.000000,9166.000000,13864.000000,52214.000000
21151.000000,9171.000000,13850.000000,52278.000000
21350.000000,9253.000000,14033.000000,52238.000000
21267.000000,9116.000000,13957.000000,52239.000000
21217.000000,9192.000000,13981.000000,52185.000000
21281.000000,9103.000000,13959.000000,52467.000000
21332.000000,9164.000000,13996.000000,52278.000000
21142.000000,9153.000000,14176.000000,52249.000000
21221.000000,9205.000000,13966.000000,52221.000000
21252.000000,9215.000000,14026.000000,52218.000000
21297.000000,9191.000000,14019.000000,52281.000000
21269.000000,9305.000000,13958.000000,52343.000000
21247.000000,9206.000000,14013.000000,52033.000000
21227.000000,9115.000000,13997.000000,52265.000000
21295.000000,9145.000000,13919.000000,52148.000000
21314.000000,9212.000000,14079.000000,52246.000000
21210.000000,9181.000000,13923.000000,52280.000000
21342.000000,9162.000000,13982.000000,52370.000000
21376.000000,9067.000000,14163.000000,52290.000000
21359.000000,9256.000000,14034.000000,52366.000000
21169.000000,9170.000000,14101.000000,52423.000000
21378.000000,9220.000000,14037.000000,52347.000000
21438.000000,9331.000000,14130.000000,52320.000000
21476.000000,9260.000000,14133.000000,52327.000000
21359.000000,9280.000000,14180.000000,52396.000000
21486.000000,9310.000000,14203.000000,52269.000000
21536.000000,9364.000000,14230.000000,52473.000000
21537.000000,9502.000000,14341.000000,52458.000000
21548.000000,9410.000000,14350.000000,52499.000000
21670.000000,9556.000000,14434.000000,52624.000000
21805.000000,9459.000000,14474.000000,52401.000000
21748.000000,9529.000000,14540.000000,52564.000000
21729.000000,9559.000000,14665.000000,52662.000000
21905.000000,9706.000000,14624.000000,52706.000000
22093.000000,9720.000000,14744.000000,52497.000000
22087.000000,9687.000000,14759.000000,52663.000000
22058.000000,9696.000000,14780.000000,52705.000000
22136.000000,9853.000000,14915.000000,52676.000000
22223.000000,9764.000000,14890.000000,52970.000000
22174.000000,9901.000000,15053.000000,52765.000000
22324.000000,9863.000000,14913.000000,52781.000000
22259.000000,9958.000000,15079.000000,52785.000000
22206.000000,9895.000000,15093.000000,52597.000000
22242.000000,9899.000000,14928.000000,52629.000000
22176.000000,9855.000000,14886.000000,52744.000000
22188.000000,9846.000000,15027.000000,52789.000000
22161.000000,10038.000000,14984.000000,52826.000000
22119.000000,9840.000000,14878.000000,52693.000000
22044.000000,9814.000000,14927.000000,52702.000000
22291.000000,9880.000000,14985.000000,52859.000000
22238.000000,9789.000000,14956.000000,52831.000000
22108.000000,9835.000000,14939.000000,52714.000000
22139.000000,9891.000000,14951.000000,52693.000000
22077.000000,9847.000000,14890.000000,52657.000000
22097.000000,9788.000000,14824.000000,52726.000000
22030.000000,9849.000000,14788.000000,52711.000000
22074.000000,9673.000000,14793.000000,52635.000000
22083.000000,9806.000000,14847.000000,52729.000000
22040.000000,9838.000000,14715.000000,52665.000000
22034.000000,9761.000000,14834.000000,52746.000000
22068.000000,9723.000000,14785.000000,52641.000000
22168.000000,9866.000000,14850.000000,52821.000000
22062.000000,9831.000000,14812.000000,52713.000000
21768.000000,9623.000000,14748.000000,52670.000000
21944.000000,9612.000000,14759.000000,52730.000000
21979.000000,9762.000000,14766.000000,52663.000000
21932.000000,9688.000000,14721.000000,52653.000000
21950.000000,9733.000000,14724.000000,52573.000000
22011.000000,9728.000000,14600.000000,52700.000000
22011.000000,9673.000000,14849.000000,52564.000000
21997.000000,9697.000000,14707.000000,52730.000000
21872.000000,9642.000000,14600.000000,52586.000000
21968.000000,9602.000000,14677.000000,52743.000000
21998.000000,9720.000000,14638.000000,52518.000000
21901.000000,9709.000000,14490.000000,52565.000000
21888.000000,9461.000000,14563.000000,52603.000000
21955.000000,9606.000000,14507.000000,52666.000000
21744.000000,9729.000000,14301.000000,52671.000000
21858.000000,9589.000000,14535.000000,52567.000000
21760.000000,9603.000000,14533.000000,52606.000000
21968.000000,9558.000000,14464.000000,52573.000000
21763.000000,9537.000000,14550.000000,52525.000000
21896.000000,9416.000000,14476.000000,52542.000000
21695.000000,9602.000000,14411.000000,52518.000000
21842.000000,9594.000000,14463.000000,52541.000000
21830.000000,9597.000000,14407.000000,52532.000000
21796.000000,9486.000000,14431.000000,52593.000000
21753.000000,9438.000000,14360.000000,52478.000000
21728.000000,9510.000000,14360.000000,52530.000000
21752.000000,9529.000000,14502.000000,52490.000000
21790.000000,9458.000000,14422.000000,52446.000000
21730.000000,9470.000000,14315.000000,52482.000000
21766.000000,9493.000000,14459.000000,52510.000000
21776.000000,9492.000000,14236.000000,52452.000000
21597.000000,9375.000000,14223.000000,52546.000000
21693.000000,9357.000000,14295.000000,52426.000000
21611.000000,9424.000000,14226.000000,52345.000000
21657.000000,9413.000000,14378.000000,52566.000000
21616.000000,9391.000000,14406.000000,52432.000000
21623.000000,9340.000000,14301.000000,52452.000000
21696.000000,9377.000000,14386.000000,52289.000000
21586.000000,9435.000000,14282.000000,52508.000000
21589.000000,9322.000000,14179.000000,52467.000000
21483.000000,9367.000000,14165.000000,52465.000000
21564.000000,9377.000000,14168.000000,52360.000000
21533.000000,9377.000000,14202.000000,52378.000000
21576.000000,9337.000000,14021.000000,52193.000000
21545.000000,9346.000000,14193.000000,52400.000000
21487.000000,9436.000000,14220.000000,52481.000000
21527.000000,9300.000000,14213.000000,52434.000000
21540.000000,9323.000000,14119.000000,52487.000000
21544.000000,9329.000000,14147.000000,52394.000000
21485.000000,9333.000000,14235.000000,52259.000000
21410.000000,9246.000000,14149.000000,52296.000000
21366.000000,9188.000000,14033.000000,52210.000000
21491.000000,9281.000000,14150.000000,52179.000000
21446.000000,9307.000000,14121.000000,52418.000000
21379.000000,9355.000000,14109.000000,52566.000000
21527.000000,9354.000000,14116.000000,52316.000000
21610.000000,9299.000000,14210.000000,52316.000000
21481.000000,9250.000000,14089.000000,52365.000000
21435.000000,9353.000000,14171.000000,52367.000000
21412.000000,9267.000000,14012.000000,52527.000000
21648.000000,9361.000000,14040.000000,52390.000000
21434.000000,9320.000000,14084.000000,52373.000000
21400.000000,9146.000000,14129.000000,52305.000000
21357.000000,9251.000000,14011.000000,52301.000000
21434.000000,9219.000000,14069.000000,52318.000000
21371.000000,9222.000000,13980.000000,52354.000000
21347.000000,9217.000000,13977.000000,52254.000000
21366.000000,9185.000000,14024.000000,52296.000000
21373.000000,9290.000000,13980.000000,52314.000000
21262.000000,9117.000000,13914.000000,52376.000000
21388.000000,9234.000000,14018.000000,52392.000000
21473.000000,9340.000000,13929.000000,52220.000000
21327.000000,9311.000000,14016.000000,52296.000000
21440.000000,9171.000000,14035.000000,52138.000000
21225.000000,9283.000000,14008.000000,52209.000000
21420.000000,9225.000000,13981.000000,52334.000000
21318.000000,9163.000000,14108.000000,52278.000000
21382.000000,9155.000000,13974.000000,52254.000000
21264.000000,9286.000000,14106.000000,52160.000000
21293.000000,9187.000000,13885.000000,52317.000000
21345.000000,9048.000000,13811.000000,52252.000000
21331.000000,9191.000000,13852.000000,52226.000000
21194.000000,9133.000000,13827.000000,52089.000000
21323.000000,9168.000000,13890.000000,52212.000000
21297.000000,9105.000000,13857.000000,52211.000000
21199.000000,9149.000000,13858.000000,52181.000000
21294.000000,9068.000000,13857.000000,52206.000000
21301.000000,9163.000000,13851.000000,52230.000000
21226.000000,9118.000000,13828.000000,52232.000000
21203.000000,9110.000000,13787.000000,52229.000000
21280.000000,9023.000000,13823.000000,52293.000000
21258.000000,9200.000000,13863.000000,52213.000000
21191.000000,9050.000000,13776.000000,52313.000000
21215.000000,9118.000000,13856.000000,52144.000000
21231.000000,9081.000000,13914.000000,52204.000000
21382.000000,9154.000000,13799.000000,52131.000000
21272.000000,9150.000000,13821.000000,52295.000000
21222.000000,9139.000000,13747.000000,52236.000000
21288.000000,9064.000000,13815.000000,52207.000000
21271.000000,9120.000000,13808.000000,52290.000000
21256.000000,9185.000000,13947.000000,52349.000000
21240.000000,9105.000000,13879.000000,52227.000000
21286.000000,9067.000000,13776.000000,52204.000000
21362.000000,9205.000000,13889.000000,52158.000000
21319.000000,9156.000000,13890.000000,52365.000000
21254.000000,9125.000000,13824.000000,52225.000000
21367.000000,9107.000000,13959.000000,52323.000000
21381.000000,9116.000000,13983.000000,52412.000000
21488.000000,9255.000000,13911.000000,52395.000000
21364.000000,9195.000000,14056.000000,52365.000000
21355.000000,9150.000000,14051.000000,52497.000000
21476.000000,9426.000000,14118.000000,52413.000000
21469.000000,9174.000000,14110.000000,52318.000000
21493.000000,9265.000000,14070.000000,52374.000000
21498.000000,9160.000000,14159.000000,52359.000000
21566.000000,9342.000000,14296.000000,52527.000000
21593.000000,9292.000000,14220.000000,52330.000000
21619.000000,9319.000000,14207.000000,52483.000000
21642.000000,9456.000000,14513.000000,52664.000000
21770.000000,9691.000000,14593.000000,52646.000000
21876.000000,9591.000000,14494.000000,52559.000000
21752.000000,9642.000000,14614.000000,52546.000000
21956.000000,9635.000000,14625.000000,52674.000000
22050.000000,9709.000000,14686.000000,52708.000000
22012.000000,9699.000000,14775.000000,52718.000000
22011.000000,9639.000000,14569.000000,52749.000000
22189.000000,9771.000000,14721.000000,52800.000000
22141.000000,9796.000000,14673.000000,52739.000000
22090.000000,9852.000000,14842.000000,52726.000000
22114.000000,9835.000000,14820.000000,52716.000000
22198.000000,9783.000000,14800.000000,52737.000000
22181.000000,9919.000000,14945.000000,52618.000000
22143.000000,9812.000000,14768.000000,52667.000000
21954.000000,9886.000000,14747.000000,52644.000000
22113.000000,9766.000000,14914.000000,52802.000000
22158.000000,9807.000000,14624.000000,52848.000000
22109.000000,9822.000000,14821.000000,52748.000000
22055.000000,9783.000000,14791.000000,52658.000000
22065.000000,9871.000000,14704.000000,52658.000000
22191.000000,9683.000000,14937.000000,52590.000000
22033.000000,9995.000000,14700.000000,52619.000000
22086.000000,9803.000000,14841.000000,52704.000000
22019.000000,9665.000000,14720.000000,52669.000000
22074.000000,9758.000000,14644.000000,52749.000000
22121.000000,9734.000000,14524.000000,52707.000000
21927.000000,9626.000000,14690.000000,52592.000000
22042.000000,9700.000000,14743.000000,52754.000000
22006.000000,9712.000000,14752.000000,52675.000000
21942.000000,9719.000000,14626.000000,52638.000000
21970.000000,9711.000000,14639.000000,52714.000000
21991.000000,9631.000000,14623.000000,52664.000000
21935.000000,9614.000000,14646.000000,52692.000000
21728.000000,9653.000000,14581.000000,52618.000000
21908.000000,9663.000000,14696.000000,52614.000000
21934.000000,9644.000000,14530.000000,52674.000000
21945.000000,9665.000000,14618.000000,52630.000000
21926.000000,9519.000000,14544.000000,52615.000000
21845.000000,9825.000000,14283.000000,52471.000000
21996.000000,9597.000000,14474.000000,52644.000000
21922.000000,9560.000000,14492.000000,52375.000000
21855.000000,9598.000000,14609.000000,52570.000000
21852.000000,9542.000000,14406.000000,52571.000000
21840.000000,9611.000000,14533.000000,52614.000000
21902.000000,9558.000000,14459.000000,52588.000000
21755.000000,9552.000000,14429.000000,52613.000000
21785.000000,9593.000000,14513.000000,52540.000000
21820.000000,9518.000000,14436.000000,52551.000000
21800.000000,9524.000000,14425.000000,52509.000000
21768.000000,9540.000000,14384.000000,52565.000000
21763.000000,9581.000000,14362.000000,52514.000000
21894.000000,9599.000000,14286.000000,52625.000000
21751.000000,9481.000000,14331.000000,52491.000000
21808.000000,9549.000000,14394.000000,52508.000000
21656.000000,9461.000000,14271.000000,52421.000000
21684.000000,9299.000000,14281.000000,52600.000000
21702.000000,9478.000000,14453.000000,52452.000000
21583.000000,9533.000000,14340.000000,52476.000000
21730.000000,9477.000000,14321.000000,52504.000000
21582.000000,9356.000000,14182.000000,52457.000000
21626.000000,9472.000000,14239.000000,52451.000000
21453.000000,9341.000000,14204.000000,52475.000000
21552.000000,9314.000000,14278.000000,52489.000000
21581.000000,9255.000000,14194.000000,52408.000000
21556.000000,9330.000000,14165.000000,52400.000000
21558.000000,9356.000000,14211.000000,52415.000000
21458.000000,9327.000000,14234.000000,52454.000000
21581.000000,9440.000000,14127.000000,52459.000000
21531.000000,9322.000000,14209.000000,52474.000000
21405.000000,9200.000000,14169.000000,52498.000000
21473.000000,9351.000000,14189.000000,52419.000000
21596.000000,9329.000000,14248.000000,52308.000000
21364.000000,9340.000000,14127.000000,52373.000000
21445.000000,9304.000000,14120.000000,52419.000000
21481.000000,9297.000000,14123.000000,52413.000000
21453.000000,9383.000000,14091.000000,52325.000000
21342.000000,9278.000000,13932.000000,52276.000000
21532.000000,9163.000000,14082.000000,52258.000000
21306.000000,9233.000000,14165.000000,52415.000000
21378.000000,9276.000000,14086.000000,52354.000000
21420.000000,9357.000000,14003.000000,52418.000000
21373.000000,9300.000000,14090.000000,52278.000000
21260.000000,9176.000000,14016.000000,52325.000000
21425.000000,9294.000000,14040.000000,52352.000000
21460.000000,9137.000000,13981.000000,52432.000000
21410.000000,9235.000000,13987.000000,52311.000000
21329.000000,9165.000000,13933.000000,52356.000000
21354.000000,9243.000000,13965.000000,52386.000000
21486.000000,9259.000000,13942.000000,52189.000000
21312.000000,9237.000000,13972.000000,52280.000000
21359.000000,9150.000000,13813.000000,52137.000000
21437.000000,9195.000000,13979.000000,52391.000000
21312.000000,9232.000000,14046.000000,52288.000000
21458.000000,9233.000000,14009.000000,52364.000000
21326.000000,9270.000000,13855.000000,52276.000000
21357.000000,9120.000000,14024.000000,52282.000000
21322.000000,9138.000000,13992.000000,52317.000000
21274.000000,9206.000000,13924.000000,52256.000000
21326.000000,9168.000000,13930.000000,52356.000000
21333.000000,9213.000000,13967.000000,52344.000000
21256.000000,9056.000000,13815.000000,52228.000000
21352.000000,9266.000000,13851.000000,52336.000000
21301.000000,9236.000000,13882.000000,52285.000000
21119.000000,9178.000000,13888.000000,52194.000000
21166.000000,9112.000000,13894.000000,52206.000000
21188.000000,9159.000000,13749.000000,52211.000000
21204.000000,9155.000000,13700.000000,52308.000000
21184.000000,9044.000000,13804.000000,52204.000000
21245.000000,8960.000000,13823.000000,52285.000000
21273.000000,9162.000000,13887.000000,52231.000000
21192.000000,9058.000000,13771.000000,52152.000000
21229.000000,8981.000000,13741.000000,52253.000000
21170.000000,9044.000000,13804.000000,52146.000000
21265.000000,8975.000000,13811.000000,52215.000000
21240.000000,9165.000000,13738.000000,52200.000000
21167.000000,9072.000000,13720.000000,52317.000000
21118.000000,8956.000000,13618.000000,52191.000000
21156.000000,8989.000000,13649.000000,52197.000000
21189.000000,9163.000000,13857.000000,52260.000000
21052.000000,9123.000000,13724.000000,52213.000000
21087.000000,9012.000000,13898.000000,52116.000000
21227.000000,9071.000000,13729.000000,52193.000000
21179.000000,9092.000000,13721.000000,52183.000000
21105.000000,9034.000000,13804.000000,52249.000000
21228.000000,8996.000000,13735.000000,52173.000000
21047.000000,9036.000000,13726.000000,52168.000000
21322.000000,9043.000000,13917.000000,52177.000000
21111.000000,9079.000000,13842.000000,52251.000000
21180.000000,8955.000000,13844.000000,52262.000000
21234.000000,9175.000000,13885.000000,52361.000000
21241.000000,9097.000000,13878.000000,52249.000000
21242.000000,8979.000000,13776.000000,52201.000000
21267.000000,9085.000000,13774.000000,52310.000000
21255.000000,9268.000000,13912.000000,52194.000000
21197.000000,9368.000000,14005.000000,52274.000000
21285.000000,9033.000000,13634.000000,52096.000000
21276.000000,9153.000000,13786.000000,52236.000000
21238.000000,9107.000000,13919.000000,52424.000000
21402.000000,9195.000000,13895.000000,52344.000000
21206.000000,9121.000000,14027.000000,52281.000000
21354.000000,9212.000000,13902.000000,52265.000000
21337.000000,9153.000000,13984.000000,52370.000000
21457.000000,9197.000000,14034.000000,52268.000000
21325.000000,9231.000000,14028.000000,52393.000000
21469.000000,9275.000000,14156.000000,52393.000000
21490.000000,9231.000000,14086.000000,52390.000000
21681.000000,9369.000000,14129.000000,52422.000000
21539.000000,9341.000000,14224.000000,52430.000000
21597.000000,9391.000000,14259.000000,52468.000000
21557.000000,9495.000000,14325.000000,52498.000000
21760.000000,9504.000000,14562.000000,52528.000000
21813.000000,9554.000000,14440.000000,52579.000000
21846.000000,9506.000000,14692.000000,52530.000000
21981.000000,9638.000000,14679.000000,52626.000000
22003.000000,9722.000000,14599.000000,52786.000000
22101.000000,9724.000000,14838.000000,52758.000000
22152.000000,9842.000000,14667.000000,52633.000000
22092.000000,9737.000000,14743.000000,52765.000000
22067.000000,9753.000000,14896.000000,52573.000000
22066.000000,9803.000000,14797.000000,52859.000000
22180.000000,9800.000000,14792.000000,52811.000000
22197.000000,9895.000000,14724.000000,52730.000000
22136.000000,9675.000000,14974.000000,52636.000000
22169.000000,9799.000000,14877.000000,52681.000000
22214.000000,9842.000000,14824.000000,52882.000000
22278.000000,9737.000000,14860.000000,52485.000000
22050.000000,9809.000000,14806.000000,52729.000000
22093.000000,9768.000000,14759.000000,52697.000000
22020.000000,9703.000000,14706.000000,52783.000000
22213.000000,9679.000000,14714.000000,52741.000000
22175.000000,9719.000000,14614.000000,52622.000000
22015.000000,9777.000000,14726.000000,52785.000000
22092.000000,9734.000000,14758.000000,52851.000000
22079.000000,9796.000000,14698.000000,52724.000000
22040.000000,9710.000000,14612.000000,52680.000000
22049.000000,9877.000000,14711.000000,52739.000000
22064.000000,9617.000000,14591.000000,52714.000000
22001.000000,9718.000000,14627.000000,52689.000000
21812.000000,9744.000000,14483.000000,52482.000000
21972.000000,9682.000000,14608.000000,52712.000000
22071.000000,9771.000000,14674.000000,52537.000000
21885.000000,9589.000000,14568.000000,52607.000000
21909.000000,9560.000000,14638.000000,52653.000000
21891.000000,9725.000000,14589.000000,52704.000000
21879.000000,9639.000000,14638.000000,52630.000000
21874.000000,9611.000000,14528.000000,52596.000000
21921.000000,9530.000000,14501.000000,52538.000000
22034.000000,9638.000000,14464.000000,52563.000000
21832.000000,9561.000000,14753.000000,52659.000000
21854.000000,9557.000000,14415.000000,52667.000000
21693.000000,9544.000000,14392.000000,52637.000000
21793.000000,9695.000000,14484.000000,52582.000000
21783.000000,9522.000000,14407.000000,52648.000000
21794.000000,9384.000000,14360.000000,52545.000000
21712.000000,9489.000000,14353.000000,52537.000000
21800.000000,9556.000000,14401.000000,52540.000000
21642.000000,9382.000000,14332.000000,52553.000000
21753.000000,9450.000000,14298.000000,52631.000000
21711.000000,9453.000000,14292.000000,52567.000000
21634.000000,9445.000000,14299.000000,52522.000000
21685.000000,9448.000000,14284.000000,52523.000000
21647.000000,9412.000000,14330.000000,52541.000000
21636.000000,9407.000000,14233.000000,52515.000000
21624.000000,9545.000000,14335.000000,52310.000000
21570.000000,9462.000000,14321.000000,52438.000000
21580.000000,9366.000000,14222.000000,52452.000000
21494.000000,9389.000000,14136.000000,52437.000000
21721.000000,9480.000000,14096.000000,52459.000000
21540.000000,9333.000000,14138.000000,52467.000000
21531.000000,9290.000000,14150.000000,52347.000000
21502.000000,9339.000000,14173.000000,52525.000000
21518.000000,9451.000000,14184.000000,52534.000000
21452.000000,9346.000000,14157.000000,52413.000000
21288.000000,9340.000000,14085.000000,52157.000000
21462.000000,9391.000000,14110.000000,52380.000000
21373.000000,9428.000000,14013.000000,52301.000000
21463.000000,9226.000000,14058.000000,52384.000000
21290.000000,9256.000000,13989.000000,52364.000000
21404.000000,9322.000000,14103.000000,52305.000000
21442.000000,9292.000000,13938.000000,52172.000000
21462.000000,9149.000000,14077.000000,52259.000000
21419.000000,9099.000000,13997.000000,52350.000000
21444.000000,9242.000000,14008.000000,52355.000000
21377.000000,9224.000000,13866.000000,52292.000000
21422.000000,9267.000000,13889.000000,52382.000000
21286.000000,9186.000000,13892.000000,52199.000000
21443.000000,9208.000000,13881.000000,52321.000000
21448.000000,9239.000000,13899.000000,52391.000000
21285.000000,9135.000000,13901.000000,52348.000000
21270.000000,9137.000000,13872.000000,52269.000000
21400.000000,9222.000000,13858.000000,52223.000000
21346.000000,9126.000000,13884.000000,52350.000000
21337.000000,9245.000000,13880.000000,52346.000000
21326.000000,8994.000000,13902.000000,52135.000000
21317.000000,9113.000000,13900.000000,52372.000000
21316.000000,9061.000000,13873.000000,52288.000000
21346.000000,9040.000000,13786.000000,52251.000000
21222.000000,9136.000000,13824.000000,52308.000000
21372.000000,9181.000000,13899.000000,52288.000000
21425.000000,9141.000000,13812.000000,52305.000000
21231.000000,9116.000000,13913.000000,52303.000000
21275.000000,9141.000000,13796.000000,52243.000000
21371.000000,9200.000000,13776.000000,52245.000000
21337.000000,9201.000000,13859.000000,52219.000000
21248.000000,9133.000000,13857.000000,52243.000000
21179.000000,9078.000000,13850.000000,52242.000000
21197.000000,8987.000000,13974.000000,52329.000000
21245.000000,9128.000000,13821.000000,52252.000000
21170.000000,9113.000000,13768.000000,52242.000000
21121.000000,9094.000000,13803.000000,52241.000000
21319.000000,9142.000000,13825.000000,52118.000000
21326.000000,9130.000000,13840.000000,52238.000000
21132.000000,9108.000000,13750.000000,52204.000000
21249.000000,9071.000000,13765.000000,52161.000000
21181.000000,9036.000000,13742.000000,52305.000000
21171.000000,9018.000000,13719.000000,52255.000000
21146.000000,9066.000000,13782.000000,52136.000000
21202.000000,9110.000000,13772.000000,52253.000000
21210.000000,8983.000000,13731.000000,52244.000000
21363.000000,8981.000000,13672.000000,52198.000000
20961.000000,9019.000000,13735.000000,52226.000000
21118.000000,9091.000000,13690.000000,52172.000000
21204.000000,9046.000000,13656.000000,52238.000000
21133.000000,8933.000000,13674.000000,52145.000000
21120.000000,9032.000000,13564.000000,52186.000000
21065.000000,9014.000000,13672.000000,52151.000000
21157.000000,8948.000000,13617.000000,52190.000000
21139.000000,8984.000000,13680.000000,52118.000000
21122.000000,9023.000000,13736.000000,52229.000000
21105.000000,9030.000000,13726.000000,52235.000000
21282.000000,9028.000000,13703.000000,52245.000000
21240.000000,8973.000000,13854.000000,52207.000000
21204.000000,9104.000000,13687.000000,52207.000000
21280.000000,9112.000000,13657.000000,52213.000000
21260.000000,9015.000000,13753.000000,52181.000000
21226.000000,9117.000000,13706.000000,52235.000000
21137.000000,8953.000000,13661.000000,52195.000000
21192.000000,8980.000000,13725.000000,52236.000000
21263.000000,9074.000000,13780.000000,52324.000000
21363.000000,9076.000000,13833.000000,52444.000000
21292.000000,9028.000000,13792.000000,52281.000000
21311.000000,9108.000000,13872.000000,52259.000000
21303.000000,9205.000000,14007.000000,52260.000000
21277.000000,9003.000000,13923.000000,52273.000000
21328.000000,9131.000000,13983.000000,52268.000000
21429.000000,9142.000000,13914.000000,52453.000000
21383.000000,9195.000000,13971.000000,52288.000000
21293.000000,9039.000000,14102.000000,52388.000000
21370.000000,9171.000000,13956.000000,52319.000000
21350.000000,9115.000000,13972.000000,52298.000000
21442.000000,9269.000000,13993.000000,52392.000000
21336.000000,9096.000000,13932.000000,52378.000000
21483.000000,9255.000000,14144.000000,52428.000000
21668.000000,9158.000000,14051.000000,52472.000000
21523.000000,9266.000000,14124.000000,52461.000000
21515.000000,9247.000000,14212.000000,52412.000000
21543.000000,9404.000000,14153.000000,52500.000000
21597.000000,9395.000000,14454.000000,52335.000000
21682.000000,9409.000000,14230.000000,52533.000000
21661.000000,9379.000000,14236.000000,52451.000000
21786.000000,9501.000000,14390.000000,52574.000000
21759.000000,9637.000000,14382.000000,52668.000000
21812.000000,9507.000000,14541.000000,52603.000000
21927.000000,9493.000000,14286.000000,52581.000000
22020.000000,9570.000000,14462.000000,52752.000000
21938.000000,9581.000000,14690.000000,52747.000000
22089.000000,9648.000000,14772.000000,52834.000000
22181.000000,9618.000000,14635.000000,52726.000000
22128.000000,9709.000000,14956.000000,52909.000000
22299.000000,9823.000000,14845.000000,52862.000000
22347.000000,9836.000000,14931.000000,52867.000000
22259.000000,9853.000000,14893.000000,52788.000000
22386.000000,9893.000000,14863.000000,52955.000000
22412.000000,9895.000000,15006.000000,52905.000000
22376.000000,9897.000000,14932.000000,52937.000000
22238.000000,9922.000000,15021.000000,52645.000000
22308.000000,9824.000000,15045.000000,52963.000000
22450.000000,9889.000000,14890.000000,53050.000000
22318.000000,9869.000000,15012.000000,52897.000000
22442.000000,9935.000000,15050.000000,52914.000000
22380.000000,9908.000000,14980.000000,52858.000000
22275.000000,9753.000000,15091.000000,53088.000000
22317.000000,9851.000000,14953.000000,52851.000000
22304.000000,9815.000000,14908.000000,52905.000000
22351.000000,9786.000000,14943.000000,52773.000000
22302.000000,9758.000000,15009.000000,52918.000000
22309.000000,9846.000000,14863.000000,52900.000000
22455.000000,9805.000000,14879.000000,52831.000000
22270.000000,9784.000000,14969.000000,52890.000000
22258.000000,9812.000000,14936.000000,52800.000000
22206.000000,9886.000000,14886.000000,52873.000000
22247.000000,9794.000000,14826.000000,52787.000000
22309.000000,9902.000000,14816.000000,52824.000000
22289.000000,9808.000000,14890.000000,52939.000000
22172.000000,9702.000000,14756.000000,52910.000000
22202.000000,9832.000000,14892.000000,52817.000000
22285.000000,9766.000000,14783.000000,52825.000000
22258.000000,9728.000000,14765.000000,52757.000000
22245.000000,9774.000000,15047.000000,52738.000000
22137.000000,9808.000000,14855.000000,52808.000000
22101.000000,9795.000000,14747.000000,53013.000000
22176.000000,9876.000000,14682.000000,52858.000000
22164.000000,9646.000000,14695.000000,52798.000000
22185.000000,9840.000000,14769.000000,52793.000000
22124.000000,9816.000000,14832.000000,52796.000000
22304.000000,9777.000000,14833.000000,52846.000000
22130.000000,9855.000000,14771.000000,52728.000000
22237.000000,9684.000000,14747.000000,52744.000000
22233.000000,9757.000000,14663.000000,52901.000000
22218.000000,9761.000000,14727.000000,52812.000000
22173.000000,9716.000000,14853.000000,52813.000000
22143.000000,9781.000000,14728.000000,52917.000000
22179.000000,9765.000000,14757.000000,52966.000000
22164.000000,9721.000000,14749.000000,52840.000000
22090.000000,9780.000000,14751.000000,52758.000000
22130.000000,9689.000000,14760.000000,52825.000000
22132.000000,9685.000000,14620.000000,52875.000000
21977.000000,9710.000000,14767.000000,52740.000000
22121.000000,9650.000000,14651.000000,52779.000000
22041.000000,9631.000000,14635.000000,52781.000000
21925.000000,9659.000000,14596.000000,52926.000000
22027.000000,9609.000000,14647.000000,52755.000000
22103.000000,9634.000000,14720.000000,52689.000000
22233.000000,9694.000000,14649.000000,52724.000000
21973.000000,9719.000000,14679.000000,52510.000000
21913.000000,9573.000000,14662.000000,52851.000000
21896.000000,9647.000000,14602.000000,52771.000000
22067.000000,9646.000000,14668.000000,52729.000000
22056.000000,9638.000000,14596.000000,52711.000000
22121.000000,9531.000000,14635.000000,52675.000000
21989.000000,9695.000000,14585.000000,52569.000000
22021.000000,9465.000000,14765.000000,52859.000000
22003.000000,9654.000000,14667.000000,52691.000000
21945.000000,9550.000000,14576.000000,52774.000000
21952.000000,9599.000000,14555.000000,52650.000000
21882.000000,9576.000000,14505.000000,52735.000000
21914.000000,9604.000000,14578.000000,52670.000000
21693.000000,9587.000000,14617.000000,52681.000000
21857.000000,9628.000000,14544.000000,52682.000000
21835.000000,9544.000000,14586.000000,52613.000000
21885.000000,9547.000000,14553.000000,52665.000000
21774.000000,9530.000000,14585.000000,52602.000000
21847.000000,9427.000000,14458.000000,52522.000000
21884.000000,9611.000000,14541.000000,52568.000000
22010.000000,9594.000000,14438.000000,52691.000000
21714.000000,9477.000000,14448.000000,52682.000000
21786.000000,9510.000000,14488.000000,52651.000000
21890.000000,9552.000000,14477.000000,52662.000000
21803.000000,9561.000000,14432.000000,52654.000000
21785.000000,9483.000000,14361.000000,52511.000000
21875.000000,9526.000000,14402.000000,52624.000000
21778.000000,9655.000000,14389.000000,52625.000000
21768.000000,9560.000000,14464.000000,52726.000000
21780.000000,9484.000000,14463.000000,52592.000000
21787.000000,9529.000000,14467.000000,52655.000000
21790.000000,9533.000000,14417.000000,52628.000000
21588.000000,9495.000000,14492.000000,52653.000000
21537.000000,9420.000000,14517.000000,52504.000000
21693.000000,9525.000000,14595.000000,52614.000000
21809.000000,9472.000000,14419.000000,52606.000000
21654.000000,9443.000000,14491.000000,52647.000000
21704.000000,9454.000000,14440.000000,52549.000000
21702.000000,9582.000000,14434.000000,52601.000000
21763.000000,9532.000000,14426.000000,52569.000000
21714.000000,9604.000000,14349.000000,52591.000000
21747.000000,9344.000000,14306.000000,52573.000000
21658.000000,9438.000000,14435.000000,52547.000000
21757.000000,9458.000000,14381.000000,52489.000000
21637.000000,9433.000000,14448.000000,52556.000000
21665.000000,9517.000000,14239.000000,52646.000000
21707.000000,9468.000000,14350.000000,52538.000000
21668.000000,9374.000000,14279.000000,52758.000000
21643.000000,9356.000000,14372.000000,52472.000000
21647.000000,9440.000000,14226.000000,52532.000000
21531.000000,9380.000000,14214.000000,52457.000000
21693.000000,9410.000000,14262.000000,52543.000000
21591.000000,9214.000000,14394.000000,52491.000000
21556.000000,9361.000000,14245.000000,52418.000000
21730.000000,9209.000000,14370.000000,52482.000000
21596.000000,9373.000000,14223.000000,52474.000000
21485.000000,9332.000000,14294.000000,52463.000000
21492.000000,9308.000000,14184.000000,52495.000000
21661.000000,9205.000000,14346.000000,52253.000000
21664.000000,9347.000000,14225.000000,52521.000000
21525.000000,9246.000000,14329.000000,52316.000000
21574.000000,9384.000000,14204.000000,52437.000000
21569.000000,9284.000000,14261.000000,52520.000000
21546.000000,9370.000000,14266.000000,52406.000000
21558.000000,9331.000000,14210.000000,52470.000000
21572.000000,9334.000000,14237.000000,52448.000000
21395.000000,9352.000000,14309.000000,52458.000000
21605.000000,9321.000000,14218.000000,52625.000000
21568.000000,9230.000000,14445.000000,52439.000000
21590.000000,9270.000000,14295.000000,52431.000000
21641.000000,9394.000000,14171.000000,52580.000000
21584.000000,9437.000000,14170.000000,52489.000000
21546.000000,9277.000000,14252.000000,52455.000000
21536.000000,9337.000000,14226.000000,52589.000000
21634.000000,9189.000000,14231.000000,52481.000000
21540.000000,9325.000000,14128.000000,52673.000000
21620.000000,9378.000000,14230.000000,52536.000000
21567.000000,9391.000000,14309.000000,52673.000000
21750.000000,9320.000000,14416.000000,52488.000000
21696.000000,9518.000000,14467.000000,52622.000000
21827.000000,9485.000000,14383.000000,52571.000000
21772.000000,9557.000000,14442.000000,52669.000000
21611.000000,9366.000000,14374.000000,52744.000000
21874.000000,9569.000000,14539.000000,52706.000000
21986.000000,9639.000000,14612.000000,52669.000000
21987.000000,9554.000000,14598.000000,52533.000000
22013.000000,9615.000000,14705.000000,52746.000000
22105.000000,9650.000000,14804.000000,52807.000000
22196.000000,9767.000000,14882.000000,52846.000000
22237.000000,9733.000000,15031.000000,52990.000000
22366.000000,9877.000000,15017.000000,52886.000000
22402.000000,9949.000000,15100.000000,52928.000000
22454.000000,9965.000000,15097.000000,53060.000000
22479.000000,9867.000000,15225.000000,53013.000000
22474.000000,10033.000000,15230.000000,53037.000000
22763.000000,10047.000000,15370.000000,52949.000000
22508.000000,10164.000000,15290.000000,53087.000000
22420.000000,10040.000000,15164.000000,52995.000000
22587.000000,10116.000000,15322.000000,53104.000000
22504.000000,10097.000000,15272.000000,53067.000000
22629.000000,10116.000000,15550.000000,53061.000000
22604.000000,10114.000000,15398.000000,53031.000000
22597.000000,10164.000000,15288.000000,53009.000000
22531.000000,10091.000000,15258.000000,53032.000000
22593.000000,10130.000000,15287.000000,53006.000000
22654.000000,10093.000000,15259.000000,53094.000000
22602.000000,10003.000000,15310.000000,53200.000000
22527.000000,10043.000000,15382.000000,53033.000000
22567.000000,10193.000000,15192.000000,53003.000000
22373.000000,10023.000000,15225.000000,53090.000000
22495.000000,10081.000000,15235.000000,53068.000000
22540.000000,9941.000000,15202.000000,53128.000000
22734.000000,9950.000000,15122.000000,52896.000000
22490.000000,9927.000000,15207.000000,53165.000000
22612.000000,10095.000000,15224.000000,53171.000000
22667.000000,9984.000000,15172.000000,53019.000000
22365.000000,9907.000000,15013.000000,52935.000000
22464.000000,9762.000000,15206.000000,53095.000000
22424.000000,10010.000000,15233.000000,52947.000000
22447.000000,10035.000000,15176.000000,53060.000000
22499.000000,10033.000000,15113.000000,52816.000000
22459.000000,9984.000000,15110.000000,53056.000000
22497.000000,9967.000000,15161.000000,52969.000000
22452.000000,9954.000000,15094.000000,52978.000000
22309.000000,10078.000000,15026.000000,53015.000000
22315.000000,9960.000000,15080.000000,52974.000000
22393.000000,9877.000000,15046.000000,52921.000000
22434.000000,9979.000000,14993.000000,52938.000000
22365.000000,9899.000000,14977.000000,52979.000000
22312.000000,10007.000000,15014.000000,52972.000000
22430.000000,9947.000000,15081.000000,52828.000000
22251.000000,9928.000000,15002.000000,52890.000000
22394.000000,9834.000000,15130.000000,52880.000000
22294.000000,9840.000000,14973.000000,52834.000000
22334.000000,10046.000000,15038.000000,52807.000000
22421.000000,9866.000000,14940.000000,52945.000000
22194.000000,9958.000000,14955.000000,52853.000000
22185.000000,9703.000000,14999.000000,52884.000000
22244.000000,9803.000000,14941.000000,52952.000000
22239.000000,9861.000000,14903.000000,52828.000000
22269.000000,9802.000000,14766.000000,52770.000000
22270.000000,9806.000000,14963.000000,52867.000000
22222.000000,9820.000000,14792.000000,52803.000000
22254.000000,9849.000000,14828.000000,52962.000000
22080.000000,9743.000000,14793.000000,52973.000000
22124.000000,9842.000000,14925.000000,52832.000000
22105.000000,9849.000000,14762.000000,52755.000000
22060.000000,9724.000000,14883.000000,52790.000000
21987.000000,9688.000000,14693.000000,52773.000000
22079.000000,9818.000000,14676.000000,52765.000000
22041.000000,9820.000000,14730.000000,52810.000000
22138.000000,9640.000000,14876.000000,52730.000000
22077.000000,9754.000000,14696.000000,52749.000000
22107.000000,9800.000000,14733.000000,52621.000000
21978.000000,9658.000000,14780.000000,52784.000000
22080.000000,9752.000000,14668.000000,52662.000000
21941.000000,9642.000000,14602.000000,52747.000000
22116.000000,9582.000000,14580.000000,52773.000000
21997.000000,9673.000000,14717.000000,52747.000000
22144.000000,9703.000000,14577.000000,52868.000000
22005.000000,9633.000000,14579.000000,52687.000000
21988.000000,9598.000000,14617.000000,52733.000000
21969.000000,9620.000000,14611.000000,52714.000000
21885.000000,9556.000000,14550.000000,52629.000000
21989.000000,9512.000000,14627.000000,52674.000000
21968.000000,9616.000000,14531.000000,52705.000000
22025.000000,9494.000000,14624.000000,52586.000000
21919.000000,9642.000000,14518.000000,52733.000000
21851.000000,9492.000000,14565.000000,52680.000000
21740.000000,9578.000000,14554.000000,52653.000000
21920.000000,9570.000000,14409.000000,52725.000000
21759.000000,9576.000000,14461.000000,52656.000000
21843.000000,9564.000000,14452.000000,52649.000000
21928.000000,9598.000000,14414.000000,52740.000000
21865.000000,9541.000000,14444.000000,52727.000000
21778.000000,9513.000000,14434.000000,52614.000000
21876.000000,9536.000000,14422.000000,52640.000000
21866.000000,9441.000000,14616.000000,52584.000000
21857.000000,9577.000000,14427.000000,52639.000000
21768.000000,9378.000000,14478.000000,52598.000000
21975.000000,9438.000000,14479.000000,52645.000000
21794.000000,9478.000000,14415.000000,52711.000000
21893.000000,9362.000000,14355.000000,52708.000000
21794.000000,9554.000000,14665.000000,52791.000000
21772.000000,9497.000000,14424.000000,52672.000000
21767.000000,9436.000000,14528.000000,52626.000000
21801.000000,9503.000000,14418.000000,52590.000000
21647.000000,9393.000000,14475.000000,52539.000000
21772.000000,9497.000000,14447.000000,52622.000000
21576.000000,9422.000000,14331.000000,52653.000000
21735.000000,9502.000000,14420.000000,52553.000000
21674.000000,9453.000000,14386.000000,52585.000000
21716.000000,9421.000000,14500.000000,52514.000000
21704.000000,9464.000000,14379.000000,52450.000000
21773.000000,9449.000000,14254.000000,52611.000000
21688.000000,9384.000000,14346.000000,52511.000000
21791.000000,9434.000000,14190.000000,52614.000000
21810.000000,9525.000000,14334.000000,52495.000000
21656.000000,9331.000000,14210.000000,52555.000000
21591.000000,9327.000000,14222.000000,52480.000000
21743.000000,9356.000000,14197.000000,52457.000000
21665.000000,9425.000000,14141.000000,52432.000000
21598.000000,9250.000000,14119.000000,52567.000000
21574.000000,9348.000000,14143.000000,52553.000000
21636.000000,9384.000000,14218.000000,52573.000000
21697.000000,9347.000000,14187.000000,52484.000000
21565.000000,9236.000000,14244.000000,52528.000000
21627.000000,9228.000000,14302.000000,52549.000000
21568.000000,9386.000000,14266.000000,52498.000000
21649.000000,9306.000000,14224.000000,52544.000000
21434.000000,9281.000000,14244.000000,52439.000000
21544.000000,9339.000000,14170.000000,52503.000000
21655.000000,9317.000000,14142.000000,52513.000000
21546.000000,9393.000000,14207.000000,52556.000000
21511.000000,9377.000000,14215.000000,52462.000000
21646.000000,9310.000000,14182.000000,52502.000000
21734.000000,9371.000000,14149.000000,52484.000000
21583.000000,9354.000000,14189.000000,52526.000000
21429.000000,9205.000000,14210.000000,52462.000000
21574.000000,9447.000000,14223.000000,52547.000000
21850.000000,9474.000000,14132.000000,52730.000000
21716.000000,9452.000000,14179.000000,52503.000000
21523.000000,9395.000000,14334.000000,52616.000000
21667.000000,9373.000000,14290.000000,52530.000000
21634.000000,9344.000000,14281.000000,52554.000000
21507.000000,9366.000000,14259.000000,52679.000000
21791.000000,9325.000000,14174.000000,52565.000000
21768.000000,9207.000000,14408.000000,52528.000000
21719.000000,9493.000000,14388.000000,52582.000000
21829.000000,9366.000000,14380.000000,52623.000000
21714.000000,9435.000000,14332.000000,52652.000000
21772.000000,9427.000000,14363.000000,52532.000000
21792.000000,9488.000000,14400.000000,52584.000000
21765.000000,9423.000000,14316.000000,52634.000000
21748.000000,9419.000000,14514.000000,52653.000000
21920.000000,9499.000000,14591.000000,52670.000000
21948.000000,9538.000000,14600.000000,52745.000000
22037.000000,9718.000000,14590.000000,52770.000000
22001.000000,9662.000000,14658.000000,52965.000000
22132.000000,9832.000000,14790.000000,52790.000000
22227.000000,9851.000000,14953.000000,52889.000000
22158.000000,9791.000000,15003.000000,52899.000000
22295.000000,9894.000000,15092.000000,52914.000000
22555.000000,10008.000000,15078.000000,52983.000000
22429.000000,10065.000000,15083.000000,53104.000000
22509.000000,10033.000000,15178.000000,53046.000000
22458.000000,9974.000000,15205.000000,53085.000000
22523.000000,10099.000000,15213.000000,53015.000000
22511.000000,10020.000000,15243.000000,53111.000000
22501.000000,10076.000000,15251.000000,53126.000000
22596.000000,10087.000000,15249.000000,53151.000000
22640.000000,10089.000000,15337.000000,53203.000000
22567.000000,10154.000000,15369.000000,53016.000000
22516.000000,10003.000000,15254.000000,53054.000000
22539.000000,9974.000000,15312.000000,53055.000000
22589.000000,9955.000000,15274.000000,52998.000000
22605.000000,10183.000000,15244.000000,52995.000000
22504.000000,10065.000000,15131.000000,52991.000000
22561.000000,10069.000000,15220.000000,52975.000000
22472.000000,10037.000000,15127.000000,52882.000000
22467.000000,10031.000000,15169.000000,53064.000000
22445.000000,9997.000000,15192.000000,52955.000000
22416.000000,9989.000000,15161.000000,52967.000000
22487.000000,9956.000000,15172.000000,52959.000000
22373.000000,9978.000000,14906.000000,53030.000000
22518.000000,9994.000000,15071.000000,52969.000000
22376.000000,10046.000000,15093.000000,52931.000000
22422.000000,9890.000000,15016.000000,52839.000000
22457.000000,9882.000000,14893.000000,52947.000000
22275.000000,9880.000000,15004.000000,53133.000000
22350.000000,9943.000000,15007.000000,52981.000000
22333.000000,9931.000000,14961.000000,52889.000000
22370.000000,9883.000000,15093.000000,52856.000000
22275.000000,9734.000000,14952.000000,52887.000000
22387.000000,9900.000000,14933.000000,52945.000000
22153.000000,9975.000000,14953.000000,52924.000000
22277.000000,9821.000000,14808.000000,52820.000000
22391.000000,9761.000000,14992.000000,52873.000000
22279.000000,9854.000000,14850.000000,52844.000000
22344.000000,9727.000000,14858.000000,52788.000000
22217.000000,9745.000000,14858.000000,52873.000000
22214.000000,9753.000000,14635.000000,52825.000000
22253.000000,9906.000000,14744.000000,52850.000000
22188.000000,9800.000000,14646.000000,52826.000000
22165.000000,9769.000000,14778.000000,52901.000000
22212.000000,9702.000000,14821.000000,52826.000000
22223.000000,9781.000000,14778.000000,52812.000000
22132.000000,9764.000000,14832.000000,52932.000000
22147.000000,9672.000000,14670.000000,52877.000000
22077.000000,9752.000000,14689.000000,52737.000000
22072.000000,9664.000000,14687.000000,52810.000000
22128.000000,9671.000000,14620.000000,52811.000000
22173.000000,9659.000000,14553.000000,52653.000000
21995.000000,9689.000000,14618.000000,52762.000000
22192.000000,9684.000000,14575.000000,52748.000000
22037.000000,9656.000000,14588.000000,52588.000000
21991.000000,9531.000000,14477.000000,52862.000000
22047.000000,9636.000000,14483.000000,52656.000000
22077.000000,9581.000000,14494.000000,52762.000000
22117.000000,9642.000000,14545.000000,52766.000000
21986.000000,9570.000000,14556.000000,52651.000000
22129.000000,9621.000000,14459.000000,52764.000000
22028.000000,9712.000000,14532.000000,52563.000000
21882.000000,9716.000000,14358.000000,52749.000000
21990.000000,9565.000000,14435.000000,52678.000000
22160.000000,9618.000000,14546.000000,52780.000000
21953.000000,9526.000000,14433.000000,52724.000000
21906.000000,9502.000000,14360.000000,52717.000000
21934.000000,9483.000000,14334.000000,52674.000000
21849.000000,9512.000000,14407.000000,52649.000000
21917.000000,9496.000000,14362.000000,52740.000000
21955.000000,9501.000000,14220.000000,52705.000000
21963.000000,9541.000000,14509.000000,52571.000000
21872.000000,9552.000000,14463.000000,52708.000000
22003.000000,9516.000000,14455.000000,52730.000000
21894.000000,9375.000000,14262.000000,52692.000000
21736.000000,9457.000000,14373.000000,52643.000000
21825.000000,9449.000000,14375.000000,52647.000000
21928.000000,9463.000000,14318.000000,52678.000000
21801.000000,9457.000000,14327.000000,52671.000000
21784.000000,9399.000000,14335.000000,52686.000000
21857.000000,9456.000000,14365.000000,52783.000000
21776.000000,9517.000000,14338.000000,52669.000000
21853.000000,9353.000000,14347.000000,52558.000000
21761.000000,9409.000000,14286.000000,52777.000000
21812.000000,9430.000000,14334.000000,52646.000000
21787.000000,9454.000000,14501.000000,52653.000000
21851.000000,9481.000000,14272.000000,52638.000000
21817.000000,9348.000000,14240.000000,52536.000000
21838.000000,9505.000000,14323.000000,52562.000000
21806.000000,9499.000000,14357.000000,52612.000000
21798.000000,9414.000000,14250.000000,52557.000000
21825.000000,9404.000000,14248.000000,52654.000000
21784.000000,9520.000000,14213.000000,52637.000000
21801.000000,9406.000000,14346.000000,52630.000000
21775.000000,9524.000000,14182.000000,52633.000000
21649.000000,9433.000000,14320.000000,52564.000000
21788.000000,9321.000000,14245.000000,52687.000000
21763.000000,9465.000000,14344.000000,52483.000000
21643.000000,9149.000000,14335.000000,52310.000000
21834.000000,9374.000000,14278.000000,52589.000000
21898.000000,9378.000000,14360.000000,52577.000000
21748.000000,9419.000000,14235.000000,52498.000000
21703.000000,9240.000000,14182.000000,52501.000000
21746.000000,9391.000000,14226.000000,52546.000000
21688.000000,9391.000000,14198.000000,52643.000000
21731.000000,9387.000000,14188.000000,52558.000000
21633.000000,9401.000000,14293.000000,52522.000000
21704.000000,9332.000000,14182.000000,52600.000000
21784.000000,9290.000000,14140.000000,52664.000000
21688.000000,9225.000000,14125.000000,52514.000000
21524.000000,9336.000000,14147.000000,52522.000000
21425.000000,9162.000000,14076.000000,52372.000000
21622.000000,9355.000000,14160.000000,52541.000000
21528.000000,9180.000000,14064.000000,52480.000000
21584.000000,9206.000000,14090.000000,52626.000000
21706.000000,9150.000000,14014.000000,52401.000000
21693.000000,9245.000000,14085.000000,52459.000000
21592.000000,9294.000000,14122.000000,52458.000000
21611.000000,9186.000000,14068.000000,52561.000000
21546.000000,9320.000000,14041.000000,52462.000000
21613.000000,9318.000000,14047.000000,52416.000000
21618.000000,9237.000000,14083.000000,52487.000000
21528.000000,9227.000000,14045.000000,52335.000000
21569.000000,9263.000000,14058.000000,52434.000000
21658.000000,9330.000000,13978.000000,52543.000000
21544.000000,9204.000000,14097.000000,52531.000000
21563.000000,9317.000000,14077.000000,52391.000000
21640.000000,9226.000000,14021.000000,52416.000000
21626.000000,9317.000000,14096.000000,52548.000000
21609.000000,9210.000000,14038.000000,52485.000000
21618.000000,9207.000000,14145.000000,52429.000000
21556.000000,9327.000000,14259.000000,52476.000000
21628.000000,9305.000000,14090.000000,52501.000000
21677.000000,9247.000000,14134.000000,52561.000000
21604.000000,9305.000000,14198.000000,52472.000000
21697.000000,9275.000000,14213.000000,52467.000000
21695.000000,9313.000000,14189.000000,52556.000000
21758.000000,9217.000000,14155.000000,52378.000000
21687.000000,9330.000000,14224.000000,52414.000000
21751.000000,9342.000000,14224.000000,52553.000000
21774.000000,9451.000000,14221.000000,52604.000000
21555.000000,9278.000000,14197.000000,52696.000000
21774.000000,9393.000000,14314.000000,52632.000000
21749.000000,9427.000000,14223.000000,52610.000000
21814.000000,9406.000000,14296.000000,52588.000000
21728.000000,9466.000000,14342.000000,52624.000000
21914.000000,9389.000000,14369.000000,52680.000000
21969.000000,9464.000000,14472.000000,52698.000000
21930.000000,9456.000000,14445.000000,52648.000000
21878.000000,9459.000000,14459.000000,52723.000000
22152.000000,9438.000000,14330.000000,52873.000000
22085.000000,9738.000000,14604.000000,52755.000000
22199.000000,9751.000000,14682.000000,52888.000000
22329.000000,9771.000000,14886.000000,52941.000000
22353.000000,9843.000000,14947.000000,53003.000000
22309.000000,9842.000000,15082.000000,53163.000000
22542.000000,9979.000000,15043.000000,53101.000000
22513.000000,9986.000000,15145.000000,53216.000000
22546.000000,9948.000000,15152.000000,53143.000000
22515.000000,10006.000000,15393.000000,53107.000000
22686.000000,10014.000000,15281.000000,53131.000000
22664.000000,10019.000000,15225.000000,53097.000000
22601.000000,10056.000000,15264.000000,53178.000000
22657.000000,10106.000000,15253.000000,53062.000000
22745.000000,10096.000000,15288.000000,53141.000000
22649.000000,10134.000000,15274.000000,53089.000000
22571.000000,10073.000000,15328.000000,52998.000000
22673.000000,10042.000000,15228.000000,53099.000000
22664.000000,10129.000000,15212.000000,53110.000000
22627.000000,10058.000000,15311.000000,53119.000000
22716.000000,9952.000000,15202.000000,53070.000000
22619.000000,10079.000000,15403.000000,52947.000000
22596.000000,10028.000000,15161.000000,53029.000000
22455.000000,10117.000000,15325.000000,53085.000000
22480.000000,9921.000000,15268.000000,53071.000000
22620.000000,10054.000000,15128.000000,52964.000000
22584.000000,10042.000000,15114.000000,53044.000000
22608.000000,10014.000000,15060.000000,53114.000000
22577.000000,9845.000000,15098.000000,52877.000000
22492.000000,9982.000000,15205.000000,52971.000000
22543.000000,10055.000000,15154.000000,52981.000000
22446.000000,10019.000000,15059.000000,53009.000000
22407.000000,9940.000000,15009.000000,52977.000000
22490.000000,9942.000000,15060.000000,53051.000000
22434.000000,10048.000000,15045.000000,52980.000000
22374.000000,10007.000000,15096.000000,52965.000000
22450.000000,9972.000000,14979.000000,53027.000000
22457.000000,9930.000000,15055.000000,52962.000000
22419.000000,9944.000000,14975.000000,53080.000000
22414.000000,9878.000000,14956.000000,52987.000000
22221.000000,10005.000000,15075.000000,52956.000000
22299.000000,9913.000000,15029.000000,52965.000000
22375.000000,9831.000000,14947.000000,52898.000000
22319.000000,9873.000000,14808.000000,52892.000000
22276.000000,10014.000000,14952.000000,52971.000000
22290.000000,9848.000000,14929.000000,52941.000000
22396.000000,9819.000000,14817.000000,52901.000000
22291.000000,9995.000000,14832.000000,52909.000000
22157.000000,9774.000000,14879.000000,52963.000000
22316.000000,9850.000000,14787.000000,52874.000000
22225.000000,9822.000000,14967.000000,52951.000000
22321.000000,9875.000000,14791.000000,52849.000000
22146.000000,9758.000000,14847.000000,52880.000000
22182.000000,9675.000000,14674.000000,52913.000000
22263.000000,9775.000000,14827.000000,52881.000000
22331.000000,9847.000000,14837.000000,52867.000000
22076.000000,9702.000000,14723.000000,52909.000000
22247.000000,9773.000000,14722.000000,52888.000000
22096.000000,9776.000000,14654.000000,52793.000000
22136.000000,9676.000000,14664.000000,52843.000000
22154.000000,9654.000000,14744.000000,52778.000000
22091.000000,9741.000000,14667.000000,52749.000000
22167.000000,9698.000000,14657.000000,52897.000000
21986.000000,9624.000000,14645.000000,52799.000000
21991.000000,9545.000000,14686.000000,52798.000000
22243.000000,9560.000000,14635.000000,52750.000000
21915.000000,9500.000000,14605.000000,52743.000000
22006.000000,9736.000000,14624.000000,52773.000000
22083.000000,9586.000000,14535.000000,52673.000000
22038.000000,9564.000000,14510.000000,52736.000000
21940.000000,9636.000000,14468.000000,52721.000000
21917.000000,9522.000000,14623.000000,52630.000000
21968.000000,9590.000000,14474.000000,52723.000000
21870.000000,9736.000000,14729.000000,52701.000000
21998.000000,9573.000000,14430.000000,52743.000000
21937.000000,9605.000000,14400.000000,52530.000000
21848.000000,9495.000000,14444.000000,52634.000000
21852.000000,9393.000000,14434.000000,52605.000000
21838.000000,9438.000000,14331.000000,52713.000000
21843.000000,9439.000000,14434.000000,52640.000000
21864.000000,9512.000000,14449.000000,52714.000000
21956.000000,9434.000000,14423.000000,52566.000000
21758.000000,9536.000000,14286.000000,52685.000000
21744.000000,9444.000000,14303.000000,52732.000000
21836.000000,9473.000000,14455.000000,52503.000000
21838.000000,9449.000000,14331.000000,52624.000000
21649.000000,9625.000000,14318.000000,52750.000000
21792.000000,9423.000000,14350.000000,52663.000000
21852.000000,9429.000000,14341.000000,52582.000000
21733.000000,9419.000000,14413.000000,52571.000000
21749.000000,9573.000000,14308.000000,52420.000000
21790.000000,9447.000000,14286.000000,52598.000000
21859.000000,9369.000000,14336.000000,52628.000000
21755.000000,9471.000000,14306.000000,52640.000000
21756.000000,9428.000000,14329.000000,52666.000000
21765.000000,9463.000000,14151.000000,52550.000000
21914.000000,9383.000000,14145.000000,52527.000000
21925.000000,9594.000000,14224.000000,52562.000000
21650.000000,9420.000000,14222.000000,52596.000000
21618.000000,9441.000000,14329.000000,52574.000000
21820.000000,9424.000000,14260.000000,52579.000000
21759.000000,9388.000000,14214.000000,52628.000000
21621.000000,9526.000000,14062.000000,52556.000000
21741.000000,9241.000000,14149.000000,52551.000000
21745.000000,9403.000000,14154.000000,52765.000000
21712.000000,9388.000000,14252.000000,52533.000000
21581.000000,9332.000000,14164.000000,52540.000000
21721.000000,9380.000000,14308.000000,52548.000000
21810.000000,9429.000000,14186.000000,52517.000000
21725.000000,9453.000000,14142.000000,52603.000000
21710.000000,9283.000000,14141.000000,52456.000000
21705.000000,9339.000000,14087.000000,52485.000000
21581.000000,9337.000000,14188.000000,52585.000000
21628.000000,9243.000000,14097.000000,52422.000000
21587.000000,9247.000000,14055.000000,52429.000000
21600.000000,9265.000000,14093.000000,52461.000000
21570.000000,9295.000000,14014.000000,52508.000000
21579.000000,9284.000000,14073.000000,52507.000000
21505.000000,9312.000000,14001.000000,52433.000000
21542.000000,9169.000000,14162.000000,52478.000000
21593.000000,9242.000000,14026.000000,52565.000000
21522.000000,9241.000000,14017.000000,52455.000000
21472.000000,9135.000000,14042.000000,52512.000000
21477.000000,9262.000000,14116.000000,52519.000000
21596.000000,9265.000000,14161.000000,52489.000000
21544.000000,9207.000000,14123.000000,52416.000000
21500.000000,9208.000000,14045.000000,52478.000000
21546.000000,9277.000000,14003.000000,52565.000000
21437.000000,9235.000000,14050.000000,52598.000000
21667.000000,9264.000000,14117.000000,52496.000000
21577.000000,9235.000000,14196.000000,52589.000000
21654.000000,9296.000000,14055.000000,52540.000000
21587.000000,9262.000000,14093.000000,52539.000000
21610.000000,9301.000000,14091.000000,52602.000000
21676.000000,9264.000000,14216.000000,52498.000000
21646.000000,9282.000000,14090.000000,52475.000000
21617.000000,9253.000000,14112.000000,52603.000000
21645.000000,9194.000000,13995.000000,52600.000000
21665.000000,9308.000000,14111.000000,52527.000000
21714.000000,9350.000000,14162.000000,52563.000000
21747.000000,9287.000000,14085.000000,52552.000000
21697.000000,9358.000000,13965.000000,52658.000000
21732.000000,9320.000000,14167.000000,52575.000000
21791.000000,9338.000000,14154.000000,52632.000000
21853.000000,9473.000000,14216.000000,52602.000000
21790.000000,9524.000000,14265.000000,52677.000000
21808.000000,9416.000000,14225.000000,52599.000000
21739.000000,9415.000000,14163.000000,52608.000000
21815.000000,9471.000000,14331.000000,52646.000000
21891.000000,9444.000000,14288.000000,52652.000000
21863.000000,9495.000000,14325.000000,52623.000000
21888.000000,9507.000000,14368.000000,52744.000000
21964.000000,9540.000000,14461.000000,52743.000000
22039.000000,9630.000000,14561.000000,52840.000000
22123.000000,9644.000000,14520.000000,52760.000000
22150.000000,9609.000000,14617.000000,52778.000000
22171.000000,9689.000000,14649.000000,52889.000000
22120.000000,9593.000000,14792.000000,52774.000000
22417.000000,9700.000000,14805.000000,52942.000000
22405.000000,9900.000000,14864.000000,53056.000000
22409.000000,9938.000000,14962.000000,53021.000000
22388.000000,9841.000000,14891.000000,53221.000000
22492.000000,9889.000000,14927.000000,52993.000000
22507.000000,10081.000000,15056.000000,53050.000000
22547.000000,9954.000000,15057.000000,53015.000000
22549.000000,9879.000000,15219.000000,53020.000000
22617.000000,10014.000000,15020.000000,53011.000000
22593.000000,10002.000000,14977.000000,53103.000000
22526.000000,9929.000000,15117.000000,53147.000000
22427.000000,9924.000000,15113.000000,53112.000000
22547.000000,9959.000000,14987.000000,53060.000000
22593.000000,9951.000000,14958.000000,53166.000000
22523.000000,9878.000000,14897.000000,52966.000000
22532.000000,9850.000000,15084.000000,53007.000000
22514.000000,9881.000000,15125.000000,52964.000000
22537.000000,9900.000000,14923.000000,52894.000000
22453.000000,9872.000000,14921.000000,52980.000000
22424.000000,9814.000000,14983.000000,52999.000000
22478.000000,9955.000000,14874.000000,52975.000000
22420.000000,9983.000000,14898.000000,52966.000000
22426.000000,9845.000000,14904.000000,52867.000000
22436.000000,9832.000000,14785.000000,52985.000000
22432.000000,9802.000000,14851.000000,52954.000000
22408.000000,9801.000000,14845.000000,53003.000000
22288.000000,9971.000000,14819.000000,52938.000000
22411.000000,9795.000000,14811.000000,53000.000000
22366.000000,9904.000000,14838.000000,52945.000000
22380.000000,9755.000000,14742.000000,52892.000000
22360.000000,9749.000000,14784.000000,52992.000000
22344.000000,9747.000000,14804.000000,52935.000000
22339.000000,9796.000000,14666.000000,52931.000000
22329.000000,9696.000000,14654.000000,53023.000000
22234.000000,9858.000000,14687.000000,52990.000000
22222.000000,9690.000000,14692.000000,52838.000000
22206.000000,9714.000000,14715.000000,52884.000000
22373.000000,9706.000000,14683.000000,52890.000000
22197.000000,9679.000000,14647.000000,52845.000000
22226.000000,9629.000000,14625.000000,52886.000000
22336.000000,9617.000000,14621.000000,52846.000000
22236.000000,9706.000000,14638.000000,52845.000000
22155.000000,9599.000000,14585.000000,52636.000000
22268.000000,9635.000000,14543.000000,52812.000000
22091.000000,9636.000000,14521.000000,52862.000000
22296.000000,9638.000000,14549.000000,52873.000000
22029.000000,9617.000000,14668.000000,52831.000000
22165.000000,9560.000000,14502.000000,52757.000000
22202.000000,9555.000000,14595.000000,52864.000000
22136.000000,9586.000000,14533.000000,52812.000000
22093.000000,9536.000000,14477.000000,52866.000000
22106.000000,9590.000000,14471.000000,52756.000000
22166.000000,9590.000000,14375.000000,52835.000000
22090.000000,9714.000000,14353.000000,52691.000000
21982.000000,9585.000000,14339.000000,52779.000000
22089.000000,9485.000000,14397.000000,52814.000000
22077.000000,9563.000000,14368.000000,52721.000000
21985.000000,9542.000000,14408.000000,52800.000000
22013.000000,9473.000000,14275.000000,52875.000000
22120.000000,9519.000000,14413.000000,52805.000000
22161.000000,9498.000000,14335.000000,52618.000000
22060.000000,9455.000000,14348.000000,52734.000000
22007.000000,9516.000000,14367.000000,52729.000000
22028.000000,9470.000000,14375.000000,52750.000000
22030.000000,9540.000000,14407.000000,52625.000000
21985.000000,9381.000000,14284.000000,52691.000000
22161.000000,9491.000000,14440.000000,52712.000000
22061.000000,9539.000000,14398.000000,52645.000000
21977.000000,9377.000000,14247.000000,52650.000000
21967.000000,9404.000000,14358.000000,52766.000000
21993.000000,9445.000000,14322.000000,52624.000000
22046.000000,9530.000000,14342.000000,52839.000000
22043.000000,9466.000000,14276.000000,52771.000000
22029.000000,9426.000000,14318.000000,52601.000000
21988.000000,9548.000000,14292.000000,52614.000000
22065.000000,9492.000000,14285.000000,52713.000000
21939.000000,9440.000000,14288.000000,52700.000000
21761.000000,9371.000000,14220.000000,52638.000000
21937.000000,9429.000000,14303.000000,52722.000000
21987.000000,9451.000000,14194.000000,52573.000000
22033.000000,9511.000000,14249.000000,52703.000000
21924.000000,9478.000000,14300.000000,52697.000000
21931.000000,9514.000000,14319.000000,52676.000000
21934.000000,9460.000000,14219.000000,52649.000000
21946.000000,9376.000000,14294.000000,52697.000000
21818.000000,9267.000000,14195.000000,52644.000000
21886.000000,9449.000000,14347.000000,52590.000000
21788.000000,9454.000000,14237.000000,52644.000000
21888.000000,9570.000000,14307.000000,52594.000000
21740.000000,9387.000000,14092.000000,52636.000000
21903.000000,9410.000000,14384.000000,52598.000000
21875.000000,9502.000000,14280.000000,52613.000000
21843.000000,9383.000000,14308.000000,52563.000000
21833.000000,9315.000000,14269.000000,52550.000000
21912.000000,9388.000000,14288.000000,52644.000000
21854.000000,9402.000000,14203.000000,52503.000000
21851.000000,9336.000000,14191.000000,52710.000000
21843.000000,9392.000000,14180.000000,52703.000000
21781.000000,9469.000000,14215.000000,52646.000000
21996.000000,9450.000000,14151.000000,52517.000000
21785.000000,9294.000000,14254.000000,52582.000000
21741.000000,9450.000000,14229.000000,52570.000000
21798.000000,9416.000000,14212.000000,52539.000000
21906.000000,9442.000000,14235.000000,52611.000000
21718.000000,9310.000000,14150.000000,52589.000000
21710.000000,9266.000000,14182.000000,52648.000000
21783.000000,9309.000000,14088.000000,52543.000000
21757.000000,9313.000000,14135.000000,52556.000000
21914.000000,9431.000000,14154.000000,52553.000000
21764.000000,9371.000000,14199.000000,52613.000000
21706.000000,9228.000000,14028.000000,52683.000000
21758.000000,9335.000000,14051.000000,52567.000000
21744.000000,9282.000000,14068.000000,52739.000000
21763.000000,9281.000000,14110.000000,52605.000000
21864.000000,9261.000000,14046.000000,52608.000000
21779.000000,9313.000000,14047.000000,52644.000000
21712.000000,9216.000000,14126.000000,52571.000000
21786.000000,9282.000000,14122.000000,52559.000000
21833.000000,9286.000000,14136.000000,52543.000000
21763.000000,9325.000000,14166.000000,52718.000000
21789.000000,9366.000000,14209.000000,52527.000000
21929.000000,9418.000000,14136.000000,52630.000000
21865.000000,9360.000000,14208.000000,52646.000000
21966.000000,9148.000000,14231.000000,52720.000000
21789.000000,9344.000000,14171.000000,52686.000000
21770.000000,9426.000000,14234.000000,52689.000000
21950.000000,9415.000000,14205.000000,52586.000000
21825.000000,9372.000000,14270.000000,52627.000000
21709.000000,9338.000000,14135.000000,52608.000000
21835.000000,9426.000000,14246.000000,52569.000000
21834.000000,9497.000000,14277.000000,52748.000000
21810.000000,9361.000000,14328.000000,52662.000000
21805.000000,9409.000000,14331.000000,52610.000000
21868.000000,9506.000000,14413.000000,52638.000000
21767.000000,9525.000000,14268.000000,52750.000000
21936.000000,9372.000000,14249.000000,52749.000000
21963.000000,9582.000000,14306.000000,52777.000000
21930.000000,9508.000000,14438.000000,52767.000000
21971.000000,9454.000000,14422.000000,52659.000000
22006.000000,9428.000000,14414.000000,52799.000000
21921.000000,9460.000000,14429.000000,52806.000000
22085.000000,9514.000000,14584.000000,52884.000000
22141.000000,9601.000000,14583.000000,52864.000000
22083.000000,9613.000000,14622.000000,52874.000000
22072.000000,9625.000000,14605.000000,52759.000000
22148.000000,9704.000000,14710.000000,52900.000000
22221.000000,9795.000000,14714.000000,52919.000000
22266.000000,9693.000000,14804.000000,53096.000000
22327.000000,9714.000000,14819.000000,52986.000000
22501.000000,9840.000000,14929.000000,53077.000000
22499.000000,9919.000000,14997.000000,53031.000000
22506.000000,9856.000000,15083.000000,53113.000000
22414.000000,9964.000000,15125.000000,53086.000000
22682.000000,10099.000000,15097.000000,53153.000000
22615.000000,10151.000000,15225.000000,53037.000000
22627.000000,10011.000000,15155.000000,53043.000000
22615.000000,10111.000000,15144.000000,53141.000000
22667.000000,10043.000000,15235.000000,53052.000000
22652.000000,10048.000000,15254.000000,53176.000000
22680.000000,10189.000000,15070.000000,53266.000000
22658.000000,9994.000000,15132.000000,53156.000000
22634.000000,10145.000000,15255.000000,53089.000000
22599.000000,10046.000000,15210.000000,53141.000000
22536.000000,9992.000000,15176.000000,53180.000000
22612.000000,9967.000000,15192.000000,53213.000000
22719.000000,9984.000000,15356.000000,53117.000000
22638.000000,10131.000000,15305.000000,53067.000000
22624.000000,9990.000000,15066.000000,53263.000000
22680.000000,9964.000000,15104.000000,53316.000000
22539.000000,10002.000000,15169.000000,53117.000000
22577.000000,9960.000000,15106.000000,53109.000000
22460.000000,9921.000000,15031.000000,53101.000000
22670.000000,9953.000000,15065.000000,53208.000000
22495.000000,9994.000000,15072.000000,53096.000000
22497.000000,9890.000000,15038.000000,53142.000000
22526.000000,10013.000000,15076.000000,52934.000000
22405.000000,9888.000000,15076.000000,53091.000000
22526.000000,9905.000000,15038.000000,53088.000000
22568.000000,9972.000000,15013.000000,53009.000000
22317.000000,9931.000000,15054.000000,53031.000000
22460.000000,9910.000000,14958.000000,52961.000000
22374.000000,9968.000000,15073.000000,52943.000000
22512.000000,9853.000000,14841.000000,53065.000000
22353.000000,9769.000000,14983.000000,53031.000000
22490.000000,9706.000000,15061.000000,53050.000000
22314.000000,9783.000000,14862.000000,52948.000000
22372.000000,9815.000000,14960.000000,52989.000000
22270.000000,9768.000000,14908.000000,52978.000000
22326.000000,9836.000000,14847.000000,53054.000000
22438.000000,9891.000000,14906.000000,53092.000000
22256.000000,9804.000000,14893.000000,52898.000000
22112.000000,9683.000000,14827.000000,53025.000000
22263.000000,9713.000000,14866.000000,53067.000000
22422.000000,9823.000000,14785.000000,53018.000000
22273.000000,9714.000000,14770.000000,52945.000000
22252.000000,9840.000000,14723.000000,52827.000000
22451.000000,9829.000000,14818.000000,52894.000000
22235.000000,9818.000000,14806.000000,52901.000000
22216.000000,9719.000000,14690.000000,52879.000000
22154.000000,9737.000000,14678.000000,52766.000000
22291.000000,9737.000000,14693.000000,52999.000000
22180.000000,9718.000000,14680.000000,52929.000000
22111.000000,9539.000000,14707.000000,52922.000000
22278.000000,9718.000000,14674.000000,52806.000000
22113.000000,9703.000000,14615.000000,52815.000000
22104.000000,9729.000000,14652.000000,52847.000000
22072.000000,9682.000000,14642.000000,52825.000000
22115.000000,9741.000000,14681.000000,52869.000000
22117.000000,9697.000000,14606.000000,52812.000000
22106.000000,9628.000000,14578.000000,52858.000000
21852.000000,9630.000000,14623.000000,52819.000000
21907.000000,9646.000000,14643.000000,52748.000000
22025.000000,9538.000000,14604.000000,52836.000000
22059.000000,9590.000000,14577.000000,52691.000000
21954.000000,9487.000000,14588.000000,52748.000000
22088.000000,9534.000000,14508.000000,52622.000000
22029.000000,9537.000000,14482.000000,52728.000000
22112.000000,9527.000000,14425.000000,52796.000000
21894.000000,9620.000000,14315.000000,52735.000000
22050.000000,9507.000000,14530.000000,52751.000000
22029.000000,9606.000000,14558.000000,52854.000000
22044.000000,9633.000000,14434.000000,52825.000000
21890.000000,9581.000000,14493.000000,52783.000000
22017.000000,9422.000000,14366.000000,52847.000000
21938.000000,9505.000000,14448.000000,52733.000000
21964.000000,9521.000000,14356.000000,52612.000000
21911.000000,9489.000000,14381.000000,52818.000000
22026.000000,9482.000000,14392.000000,52734.000000
21899.000000,9562.000000,14275.000000,52723.000000
21894.000000,9454.000000,14419.000000,52651.000000
21921.000000,9479.000000,14388.000000,52794.000000
21947.000000,9472.000000,14378.000000,52770.000000
21893.000000,9489.000000,14418.000000,52753.000000
21833.000000,9397.000000,14366.000000,52734.000000
21922.000000,9437.000000,14316.000000,52648.000000
21837.000000,9447.000000,14389.000000,52766.000000
21920.000000,9466.000000,14353.000000,52737.000000
21971.000000,9469.000000,14561.000000,52864.000000
21946.000000,9474.000000,14307.000000,52820.000000
21921.000000,9533.000000,14327.000000,52680.000000
21960.000000,9471.000000,14465.000000,52745.000000
21778.000000,9408.000000,14412.000000,52679.000000
21954.000000,9448.000000,14403.000000,52723.000000
21963.000000,9538.000000,14418.000000,52711.000000
21869.000000,9462.000000,14312.000000,52747.000000
21935.000000,9420.000000,14543.000000,52902.000000
21782.000000,9544.000000,14338.000000,52654.000000
21903.000000,9471.000000,14409.000000,52837.000000
21650.000000,9604.000000,14295.000000,52724.000000
21821.000000,9348.000000,14350.000000,52786.000000
21785.000000,9308.000000,14328.000000,52726.000000
21920.000000,9442.000000,14220.000000,52715.000000
21777.000000,9436.000000,14292.000000,52732.000000
21736.000000,9414.000000,14310.000000,52724.000000
21803.000000,9341.000000,14326.000000,52670.000000
21795.000000,9401.000000,14267.000000,52603.000000
21828.000000,9414.000000,14293.000000,52682.000000
21697.000000,9372.000000,14183.000000,52658.000000
21739.000000,9309.000000,14188.000000,52721.000000
21877.000000,9394.000000,14215.000000,52692.000000
21782.000000,9354.000000,14171.000000,52599.000000
21694.000000,9292.000000,14149.000000,52692.000000
21864.000000,9388.000000,14108.000000,52767.000000
21798.000000,9359.000000,14145.000000,52633.000000
21706.000000,9335.000000,14221.000000,52669.000000
21773.000000,9299.000000,14211.000000,52623.000000
21718.000000,9195.000000,14262.000000,52672.000000
21925.000000,9331.000000,14274.000000,52544.000000
21634.000000,9350.000000,14282.000000,52721.000000
21711.000000,9395.000000,14233.000000,52616.000000
21793.000000,9408.000000,14187.000000,52582.000000
21797.000000,9396.000000,14201.000000,52666.000000
21679.000000,9360.000000,14284.000000,52459.000000
21768.000000,9273.000000,14304.000000,52784.000000
21798.000000,9474.000000,14267.000000,52632.000000
21868.000000,9327.000000,14324.000000,52670.000000
21742.000000,9494.000000,14340.000000,52748.000000
21773.000000,9396.000000,14314.000000,52637.000000
21871.000000,9422.000000,14295.000000,52661.000000
21878.000000,9439.000000,14366.000000,52738.000000
21780.000000,9403.000000,14307.000000,52818.000000
21784.000000,9457.000000,14287.000000,52729.000000
21834.000000,9437.000000,14356.000000,52715.000000
21963.000000,9472.000000,14361.000000,52767.000000
21913.000000,9380.000000,14384.000000,52791.000000
21959.000000,9467.000000,14336.000000,52792.000000
21959.000000,9494.000000,14573.000000,52891.000000
22122.000000,9526.000000,14398.000000,52765.000000
21990.000000,9424.000000,14422.000000,52717.000000
22007.000000,9527.000000,14434.000000,52790.000000
22066.000000,9338.000000,14553.000000,52869.000000
22107.000000,9585.000000,14500.000000,52839.000000
22008.000000,9287.000000,14723.000000,52902.000000
22112.000000,9585.000000,14573.000000,52890.000000
22170.000000,9720.000000,14641.000000,52898.000000
22165.000000,9687.000000,14655.000000,52936.000000
22190.000000,9592.000000,14643.000000,52999.000000
22187.000000,9748.000000,14825.000000,53009.000000
22272.000000,9840.000000,14692.000000,53136.000000
22512.000000,9922.000000,14976.000000,53066.000000
22650.000000,10058.000000,15155.000000,53139.000000
22603.000000,10126.000000,15169.000000,53128.000000
22634.000000,9906.000000,15329.000000,53180.000000
22712.000000,10059.000000,15193.000000,53230.000000
22521.000000,10098.000000,15261.000000,53241.000000
22682.000000,10122.000000,15235.000000,53183.000000
22820.000000,10138.000000,15285.000000,53300.000000
22741.000000,10033.000000,15274.000000,53168.000000
22646.000000,10075.000000,15139.000000,53214.000000
22729.000000,10008.000000,15237.000000,53256.000000
22712.000000,10051.000000,15281.000000,53245.000000
22698.000000,10060.000000,15289.000000,53154.000000
22708.000000,9912.000000,15271.000000,53302.000000
22736.000000,9998.000000,15140.000000,53173.000000
22647.000000,10096.000000,15292.000000,53155.000000
22541.000000,10061.000000,15159.000000,53155.000000
22636.000000,9881.000000,15198.000000,53099.000000
22617.000000,10091.000000,15121.000000,53174.000000
22639.000000,10005.000000,15164.000000,53178.000000
22524.000000,9945.000000,15173.000000,53278.000000
22519.000000,9947.000000,15080.000000,53325.000000
22573.000000,9869.000000,14998.000000,52950.000000
22621.000000,9941.000000,15101.000000,53136.000000
22463.000000,9873.000000,15118.000000,53094.000000
22536.000000,9837.000000,14944.000000,53113.000000
22451.000000,10042.000000,15145.000000,53157.000000
22572.000000,9830.000000,15049.000000,53145.000000
22502.000000,9912.000000,14966.000000,53028.000000
22506.000000,9805.000000,14948.000000,53078.000000
22578.000000,9761.000000,15081.000000,53222.000000
22434.000000,9994.000000,14825.000000,53085.000000
22434.000000,9793.000000,14833.000000,52983.000000
22462.000000,9952.000000,14947.000000,53043.000000
22329.000000,9898.000000,14808.000000,53003.000000
22326.000000,9719.000000,15004.000000,53179.000000
22386.000000,9757.000000,14872.000000,53069.000000
22430.000000,9744.000000,14866.000000,53055.000000
22312.000000,9876.000000,14911.000000,52908.000000
22319.000000,9748.000000,14892.000000,53090.000000
22311.000000,9854.000000,14806.000000,53294.000000
22455.000000,9696.000000,14839.000000,53050.000000
22339.000000,9774.000000,14851.000000,53057.000000
22292.000000,9710.000000,14855.000000,53008.000000
22377.000000,9701.000000,14790.000000,52966.000000
22286.000000,9724.000000,14799.000000,52919.000000
22232.000000,9762.000000,14702.000000,53101.000000
22205.000000,9871.000000,14608.000000,52987.000000
22274.000000,9701.000000,14649.000000,52831.000000
22247.000000,9669.000000,14711.000000,52986.000000
22271.000000,9688.000000,14768.000000,52992.000000
22023.000000,9825.000000,14642.000000,52983.000000
22189.000000,9663.000000,14608.000000,52787.000000
22311.000000,9655.000000,14684.000000,52890.000000
22032.000000,9711.000000,14707.000000,52890.000000
22152.000000,9617.000000,14693.000000,52881.000000
22104.000000,9678.000000,14580.000000,52845.000000
22117.000000,9613.000000,14573.000000,52834.000000
22136.000000,9725.000000,14641.000000,52874.000000
22058.000000,9581.000000,14564.000000,52921.000000
22158.000000,9575.000000,14482.000000,52729.000000
22134.000000,9700.000000,14665.000000,52875.000000
22037.000000,9590.000000,14526.000000,52864.000000
22057.000000,9472.000000,14503.000000,52741.000000
22062.000000,9599.000000,14516.000000,52916.000000
22036.000000,9542.000000,14603.000000,52784.000000
21910.000000,9629.000000,14529.000000,52870.000000
22026.000000,9662.000000,14603.000000,52773.000000
22021.000000,9511.000000,14442.000000,52855.000000
22019.000000,9572.000000,14551.000000,52804.000000
22147.000000,9557.000000,14427.000000,52806.000000
21882.000000,9439.000000,14471.000000,52737.000000
22015.000000,9507.000000,14524.000000,52816.000000
22027.000000,9468.000000,14309.000000,52831.000000
21948.000000,9504.000000,14380.000000,52809.000000
22069.000000,9584.000000,14405.000000,52820.000000
21986.000000,9499.000000,14308.000000,52751.000000
22111.000000,9566.000000,14304.000000,52800.000000
21874.000000,9460.000000,14412.000000,52868.000000
21921.000000,9512.000000,14270.000000,52686.000000
21990.000000,9505.000000,14402.000000,52618.000000
22013.000000,9587.000000,14374.000000,52814.000000
21881.000000,9512.000000,14377.000000,52827.000000
21903.000000,9424.000000,14274.000000,52778.000000
22005.000000,9439.000000,14411.000000,52826.000000
21969.000000,9497.000000,14391.000000,52839.000000
21955.000000,9360.000000,14250.000000,52643.000000
21896.000000,9455.000000,14341.000000,52665.000000
21921.000000,9525.000000,14417.000000,52733.000000
21948.000000,9584.000000,14380.000000,52731.000000
21721.000000,9449.000000,14477.000000,52720.000000
21903.000000,9509.000000,14251.000000,52653.000000
22084.000000,9488.000000,14345.000000,52772.000000
21868.000000,9410.000000,14308.000000,52701.000000
21840.000000,9395.000000,14268.000000,52667.000000
22044.000000,9404.000000,14309.000000,52674.000000
21891.000000,9388.000000,14368.000000,52705.000000
21956.000000,9330.000000,14252.000000,52610.000000
21830.000000,9488.000000,14308.000000,52782.000000
21876.000000,9507.000000,14356.000000,52747.000000
21929.000000,9505.000000,14327.000000,52702.000000
21870.000000,9516.000000,14263.000000,52742.000000
21849.000000,9379.000000,14202.000000,52568.000000
21789.000000,9496.000000,14281.000000,52620.000000
21958.000000,9473.000000,14307.000000,52639.000000
21834.000000,9416.000000,14181.000000,52725.000000
21765.000000,9428.000000,14240.000000,52629.000000
21847.000000,9403.000000,14166.000000,52766.000000
21816.000000,9365.000000,14333.000000,52600.000000
21772.000000,9453.000000,14300.000000,52668.000000
21772.000000,9302.000000,14214.000000,52636.000000
21880.000000,9336.000000,14261.000000,52876.000000
21795.000000,9492.000000,14205.000000,52586.000000
21788.000000,9405.000000,14184.000000,52748.000000
21873.000000,9271.000000,14151.000000,52790.000000
21773.000000,9417.000000,14177.000000,52817.000000
21815.000000,9409.000000,14161.000000,52790.000000
21819.000000,9318.000000,14214.000000,52749.000000
21795.000000,9354.000000,14331.000000,52714.000000
21772.000000,9379.000000,14318.000000,52831.000000
21859.000000,9371.000000,14351.000000,52764.000000
21820.000000,9410.000000,14238.000000,52827.000000
21845.000000,9416.000000,14263.000000,52716.000000
21917.000000,9433.000000,14341.000000,52755.000000
21837.000000,9435.000000,14271.000000,52803.000000
21865.000000,9391.000000,14280.000000,52810.000000
21875.000000,9390.000000,14225.000000,52666.000000
21925.000000,9426.000000,14286.000000,52862.000000
21874.000000,9423.000000,14433.000000,52748.000000
21871.000000,9478.000000,14416.000000,52826.000000
21935.000000,9414.000000,14370.000000,52738.000000
21999.000000,9487.000000,14420.000000,52844.000000
21919.000000,9444.000000,14351.000000,52857.000000
21773.000000,9623.000000,14411.000000,52859.000000
22133.000000,9394.000000,14328.000000,52855.000000
22082.000000,9520.000000,14499.000000,52874.000000
22095.000000,9512.000000,14455.000000,52799.000000
22005.000000,9513.000000,14455.000000,52869.000000
22112.000000,9592.000000,14475.000000,52878.000000
22050.000000,9403.000000,14717.000000,52785.000000
22162.000000,9601.000000,14557.000000,52996.000000
22068.000000,9658.000000,14634.000000,52986.000000
22194.000000,9697.000000,14679.000000,52884.000000
22241.000000,9648.000000,14618.000000,52972.000000
22236.000000,9655.000000,14680.000000,52930.000000
22245.000000,9665.000000,14725.000000,52880.000000
22309.000000,9738.000000,14798.000000,53046.000000
22417.000000,9762.000000,14840.000000,53030.000000
22225.000000,9823.000000,14882.000000,53138.000000
22361.000000,9817.000000,15029.000000,53029.000000
22474.000000,9920.000000,15020.000000,53134.000000
22512.000000,9977.000000,15158.000000,53166.000000
22517.000000,10089.000000,15291.000000,53329.000000
22656.000000,10000.000000,15173.000000,53157.000000
22697.000000,9991.000000,15194.000000,53235.000000
22720.000000,10020.000000,15300.000000,53315.000000
22640.000000,10101.000000,15350.000000,53291.000000
22692.000000,10118.000000,15214.000000,53253.000000
22813.000000,10156.000000,15456.000000,53300.000000
22788.000000,10083.000000,15220.000000,53345.000000
22771.000000,10166.000000,15315.000000,53436.000000
22643.000000,10123.000000,15380.000000,53296.000000
22803.000000,10069.000000,15310.000000,53340.000000
22758.000000,10096.000000,15237.000000,53337.000000
22722.000000,10039.000000,15304.000000,53266.000000
22566.000000,9886.000000,15177.000000,53402.000000
22668.000000,10078.000000,15250.000000,53186.000000
22788.000000,10007.000000,15381.000000,53240.000000
22682.000000,10024.000000,15278.000000,53304.000000
22718.000000,9874.000000,15238.000000,53186.000000
22694.000000,10120.000000,15203.000000,53265.000000
22652.000000,10047.000000,15377.000000,53241.000000
22620.000000,10029.000000,15221.000000,53142.000000
22693.000000,9951.000000,15135.000000,53171.000000
22673.000000,9948.000000,15112.000000,53148.000000
22646.000000,9870.000000,15215.000000,53141.000000
22609.000000,9973.000000,15205.000000,53178.000000
22557.000000,9963.000000,15054.000000,53146.000000
22811.000000,9875.000000,15168.000000,53270.000000
22599.000000,9952.000000,15090.000000,53188.000000
22542.000000,9933.000000,14983.000000,53215.000000
22600.000000,9899.000000,15008.000000,53232.000000
22716.000000,10087.000000,15081.000000,52907.000000
22586.000000,9968.000000,15090.000000,53189.000000
22512.000000,9884.000000,14952.000000,53090.000000
22550.000000,9881.000000,14957.000000,52985.000000
22550.000000,9912.000000,14997.000000,53152.000000
22538.000000,9941.000000,14965.000000,53172.000000
22333.000000,9748.000000,14978.000000,53072.000000
22475.000000,9898.000000,15010.000000,53148.000000
22527.000000,9955.000000,14973.000000,53169.000000
22290.000000,9781.000000,14853.000000,53237.000000
22440.000000,9884.000000,14940.000000,53153.000000
22525.000000,10011.000000,14928.000000,53078.000000
22551.000000,9875.000000,14815.000000,53135.000000
22419.000000,9778.000000,14874.000000,53164.000000
22387.000000,9744.000000,14948.000000,53099.000000
22336.000000,9793.000000,14888.000000,53090.000000
22442.000000,9754.000000,14779.000000,53048.000000
22412.000000,9838.000000,14793.000000,52940.000000
22391.000000,9669.000000,14821.000000,53042.000000
22483.000000,9781.000000,14824.000000,53038.000000
22404.000000,9783.000000,14743.000000,52957.000000
22303.000000,9939.000000,14727.000000,53091.000000
22447.000000,9827.000000,14554.000000,52952.000000
22407.000000,9777.000000,14752.000000,52985.000000
22359.000000,9833.000000,14715.000000,52954.000000
22300.000000,9614.000000,14676.000000,53093.000000
22386.000000,9762.000000,14773.000000,52929.000000
22394.000000,9745.000000,14572.000000,52965.000000
22247.000000,9718.000000,14715.000000,52975.000000
22247.000000,9622.000000,14712.000000,52975.000000
22311.000000,9673.000000,14748.000000,52900.000000
22234.000000,9718.000000,14632.000000,53006.000000
22227.000000,9546.000000,14698.000000,52937.000000
22143.000000,9567.000000,14680.000000,53148.000000
22252.000000,9735.000000,14587.000000,52950.000000
22295.000000,9649.000000,14765.000000,52918.000000
22299.000000,9629.000000,14637.000000,53010.000000
22076.000000,9558.000000,14603.000000,53045.000000
22297.000000,9677.000000,14727.000000,52957.000000
22238.000000,9641.000000,14619.000000,53007.000000
22194.000000,9749.000000,14733.000000,52998.000000
22053.000000,9624.000000,14679.000000,53041.000000
22227.000000,9604.000000,14704.000000,53043.000000
22250.000000,9507.000000,14445.000000,53099.000000
22275.000000,9619.000000,14586.000000,53081.000000
22269.000000,9629.000000,14686.000000,52879.000000
22344.000000,9691.000000,14625.000000,52864.000000
22140.000000,9550.000000,14623.000000,52958.000000
22133.000000,9612.000000,14564.000000,52896.000000
22155.000000,9532.000000,14543.000000,52982.000000
22107.000000,9632.000000,14613.000000,53016.000000
22159.000000,9662.000000,14576.000000,52881.000000
22196.000000,9690.000000,14663.000000,52874.000000
22181.000000,9569.000000,14612.000000,52993.000000
22228.000000,9581.000000,14621.000000,53041.000000
22219.000000,9663.000000,14643.000000,52943.000000
22298.000000,9570.000000,14648.000000,52965.000000
22073.000000,9643.000000,14567.000000,52930.000000
22327.000000,9584.000000,14657.000000,52962.000000
22170.000000,9640.000000,14622.000000,53012.000000
22092.000000,9454.000000,14622.000000,53080.000000
22212.000000,9640.000000,14580.000000,52944.000000
22221.000000,9608.000000,14615.000000,52854.000000
22177.000000,9643.000000,14637.000000,52949.000000
22091.000000,9465.000000,14659.000000,52887.000000
22188.000000,9597.000000,14555.000000,52885.000000
22057.000000,9611.000000,14713.000000,52924.000000
22080.000000,9559.000000,14521.000000,53087.000000
22128.000000,9582.000000,14576.000000,52863.000000
22158.000000,9541.000000,14520.000000,52898.000000
22055.000000,9542.000000,14437.000000,52861.000000
22041.000000,9537.000000,14446.000000,53040.000000
22131.000000,9553.000000,14460.000000,52926.000000
21977.000000,9498.000000,14701.000000,52931.000000
22142.000000,9578.000000,14582.000000,52841.000000
22012.000000,9548.000000,14474.000000,52861.000000
21980.000000,9556.000000,14504.000000,52895.000000
22075.000000,9589.000000,14478.000000,52887.000000
22151.000000,9486.000000,14564.000000,52922.000000
22120.000000,9578.000000,14557.000000,52848.000000
22080.000000,9532.000000,14504.000000,52905.000000
22120.000000,9523.000000,14389.000000,52857.000000
22069.000000,9524.000000,14452.000000,52986.000000
22130.000000,9546.000000,14512.000000,52892.000000
22131.000000,9512.000000,14461.000000,52878.000000
22064.000000,9514.000000,14532.000000,52889.000000
22178.000000,9502.000000,14555.000000,52860.000000
22171.000000,9632.000000,14547.000000,52902.000000
22268.000000,9528.000000,14569.000000,52911.000000
22109.000000,9582.000000,14558.000000,52888.000000
21971.000000,9608.000000,14461.000000,52951.000000
22179.000000,9570.000000,14522.000000,52972.000000
22088.000000,9599.000000,14512.000000,52958.000000
22268.000000,9630.000000,14596.000000,53061.000000
22235.000000,9539.000000,14511.000000,52895.000000
22253.000000,9644.000000,14545.000000,53121.000000
22103.000000,9582.000000,14655.000000,52950.000000
22268.000000,9538.000000,14763.000000,53056.000000
22300.000000,9688.000000,14570.000000,52919.000000
22235.000000,9698.000000,14684.000000,53108.000000
22259.000000,9604.000000,14592.000000,53016.000000
22218.000000,9722.000000,14703.000000,52975.000000
22255.000000,9763.000000,14736.000000,53006.000000
22305.000000,9853.000000,14773.000000,53074.000000
22374.000000,9716.000000,14701.000000,52892.000000
22315.000000,9766.000000,14759.000000,53090.000000
22283.000000,9771.000000,14925.000000,53052.000000
22420.000000,9712.000000,14762.000000,52833.000000
22293.000000,9723.000000,14824.000000,53129.000000
22430.000000,9782.000000,14980.000000,53139.000000
22470.000000,9841.000000,15039.000000,53140.000000
22441.000000,9889.000000,14992.000000,53133.000000
22455.000000,9885.000000,14998.000000,53139.000000
22545.000000,9800.000000,14989.000000,53266.000000
22664.000000,10115.000000,15082.000000,53270.000000
22655.000000,9996.000000,15073.000000,53242.000000
22750.000000,9988.000000,15199.000000,53261.000000
22792.000000,10065.000000,15399.000000,53389.000000
22853.000000,10131.000000,15320.000000,53387.000000
22869.000000,10090.000000,15539.000000,53357.000000
22900.000000,10162.000000,15494.000000,53381.000000
22986.000000,10237.000000,15628.000000,53518.000000
23044.000000,10265.000000,15756.000000,53447.000000
22845.000000,10164.000000,15863.000000,53298.000000
23167.000000,10321.000000,15749.000000,53439.000000
23235.000000,10413.000000,15609.000000,53511.000000
23215.000000,10291.000000,15686.000000,53600.000000
23072.000000,10381.000000,15816.000000,53501.000000
23107.000000,10280.000000,15730.000000,53579.000000
23218.000000,10323.000000,15724.000000,53552.000000
23170.000000,10375.000000,15670.000000,53551.000000
23124.000000,10314.000000,15732.000000,53479.000000
23089.000000,10252.000000,15707.000000,53479.000000
23157.000000,10304.000000,15696.000000,53704.000000
23153.000000,10385.000000,15675.000000,53516.000000
23060.000000,10304.000000,15688.000000,53648.000000
23312.000000,10299.000000,15532.000000,53584.000000
23108.000000,10276.000000,15615.000000,53482.000000
23046.000000,10285.000000,15679.000000,53516.000000
22974.000000,10290.000000,15701.000000,53470.000000
23086.000000,10330.000000,15555.000000,53437.000000
22979.000000,10241.000000,15524.000000,53454.000000
22926.000000,10252.000000,15607.000000,53445.000000
22977.000000,10183.000000,15494.000000,53488.000000
22914.000000,10190.000000,15572.000000,53370.000000
22936.000000,10312.000000,15584.000000,53380.000000
22940.000000,10120.000000,15468.000000,53370.000000
22848.000000,10150.000000,15468.000000,53320.000000
23009.000000,10399.000000,15433.000000,53457.000000
22944.000000,10288.000000,15460.000000,53370.000000
22858.000000,10182.000000,15497.000000,53408.000000
22902.000000,10219.000000,15520.000000,53370.000000
23080.000000,10350.000000,15466.000000,53530.000000
22924.000000,10247.000000,15450.000000,53355.000000
22912.000000,10128.000000,15427.000000,53420.000000
22900.000000,10107.000000,15391.000000,53420.000000
22948.000000,10139.000000,15418.000000,53430.000000
22828.000000,10202.000000,15350.000000,53311.000000
22825.000000,10110.000000,15535.000000,53309.000000
22946.000000,10191.000000,15327.000000,53426.000000
22879.000000,10163.000000,15388.000000,53414.000000
22837.000000,10145.000000,15352.000000,53398.000000
22868.000000,10057.000000,15385.000000,53364.000000
22833.000000,10227.000000,15357.000000,53256.000000
22933.000000,10272.000000,15125.000000,53311.000000
22835.000000,10062.000000,15285.000000,53314.000000
22735.000000,10042.000000,15259.000000,53394.000000
22802.000000,10106.000000,15343.000000,53311.000000
22746.000000,9936.000000,15334.000000,53353.000000
22641.000000,10087.000000,15235.000000,53337.000000
22624.000000,10005.000000,15158.000000,53380.000000
22716.000000,9973.000000,15205.000000,53288.000000
22781.000000,10030.000000,15287.000000,53255.000000
22671.000000,9942.000000,15152.000000,53346.000000
22595.000000,9939.000000,15153.000000,53204.000000
22610.000000,9943.000000,15120.000000,53203.000000
22669.000000,9980.000000,15201.000000,53269.000000
22625.000000,9939.000000,15179.000000,53296.000000
22602.000000,9767.000000,15265.000000,53286.000000
22712.000000,9950.000000,15076.000000,53267.000000
22675.000000,9783.000000,15175.000000,53318.000000
22677.000000,9952.000000,15041.000000,53095.000000
22588.000000,9897.000000,15246.000000,53339.000000
22592.000000,9922.000000,15164.000000,53201.000000
22552.000000,9838.000000,15006.000000,53196.000000
22604.000000,9839.000000,15104.000000,53125.000000
22556.000000,9824.000000,15068.000000,53163.000000
22735.000000,9833.000000,15043.000000,53177.000000
22623.000000,9934.000000,15033.000000,53204.000000
22577.000000,9838.000000,15071.000000,53063.000000
22535.000000,9828.000000,15085.000000,53085.000000
22595.000000,9874.000000,15005.000000,53229.000000
22630.000000,9994.000000,14988.000000,53205.000000
22504.000000,9867.000000,14971.000000,53169.000000
22393.000000,9845.000000,14845.000000,53140.000000
22510.000000,9836.000000,14951.000000,53118.000000
22464.000000,9894.000000,15141.000000,53189.000000
22296.000000,9837.000000,14949.000000,53165.000000
22443.000000,9868.000000,14934.000000,53158.000000
22581.000000,9888.000000,14997.000000,53083.000000
22535.000000,9806.000000,14916.000000,53243.000000
22435.000000,9842.000000,14894.000000,53159.000000
22444.000000,9846.000000,14989.000000,53180.000000
22513.000000,9854.000000,14950.000000,53148.000000
22532.000000,9955.000000,14884.000000,53116.000000
22439.000000,9806.000000,14905.000000,53102.000000
22538.000000,9805.000000,14995.000000,53135.000000
22624.000000,9816.000000,14977.000000,53111.000000
22581.000000,9866.000000,14922.000000,53164.000000
22507.000000,9948.000000,14985.000000,53158.000000
22516.000000,9869.000000,14955.000000,53157.000000
22522.000000,9835.000000,14827.000000,53224.000000
22516.000000,9841.000000,15034.000000,53148.000000
22639.000000,9794.000000,14932.000000,53131.000000
22581.000000,9867.000000,14968.000000,53054.000000
22504.000000,9937.000000,14846.000000,53214.000000
22477.000000,9800.000000,14897.000000,53118.000000
22436.000000,9819.000000,14965.000000,53187.000000
22498.000000,9830.000000,14958.000000,53114.000000
22516.000000,9833.000000,14855.000000,53122.000000
22372.000000,9751.000000,14943.000000,52971.000000
22328.000000,9707.000000,14857.000000,53283.000000
22512.000000,9784.000000,14808.000000,53039.000000
22500.000000,9767.000000,14856.000000,53133.000000
22461.000000,9788.000000,14984.000000,53088.000000
22324.000000,9717.000000,14816.000000,53070.000000
22431.000000,9755.000000,14746.000000,53102.000000
22397.000000,9789.000000,14861.000000,53170.000000
22300.000000,9744.000000,14734.000000,53284.000000
22432.000000,9900.000000,14927.000000,53118.000000
22348.000000,9807.000000,14701.000000,53108.000000
22444.000000,9749.000000,14882.000000,53154.000000
22420.000000,9730.000000,14876.000000,53147.000000
22346.000000,9708.000000,14845.000000,53182.000000
22458.000000,9751.000000,14926.000000,53254.000000
22350.000000,9737.000000,14820.000000,53082.000000
22448.000000,9737.000000,14795.000000,53100.000000
22430.000000,9777.000000,14862.000000,53078.000000
22488.000000,9727.000000,14930.000000,53111.000000
22533.000000,9825.000000,14871.000000,53130.000000
22428.000000,9781.000000,14972.000000,53208.000000
22536.000000,9749.000000,14859.000000,53231.000000
22479.000000,9812.000000,14911.000000,53126.000000
22549.000000,9790.000000,14837.000000,53021.000000
22390.000000,9531.000000,14875.000000,53222.000000
22579.000000,9881.000000,14836.000000,53248.000000
22496.000000,9831.000000,14916.000000,53183.000000
22579.000000,9889.000000,14942.000000,53264.000000
22463.000000,9897.000000,14907.000000,53191.000000
22590.000000,9833.000000,15031.000000,53232.000000
22521.000000,9729.000000,15078.000000,53172.000000
22715.000000,9900.000000,15055.000000,53231.000000
22595.000000,9832.000000,14984.000000,53273.000000
22660.000000,9933.000000,15119.000000,53301.000000
22786.000000,9930.000000,15129.000000,53276.000000
22738.000000,9902.000000,15145.000000,53303.000000
22596.000000,9858.000000,15043.000000,53334.000000
22669.000000,9999.000000,15147.000000,53303.000000
22774.000000,9909.000000,15222.000000,53344.000000
22901.000000,9974.000000,15221.000000,53375.000000
22833.000000,10057.000000,15336.000000,53149.000000
22829.000000,10230.000000,15260.000000,53421.000000
22946.000000,10238.000000,15359.000000,53465.000000
23051.000000,10029.000000,15384.000000,53498.000000
22919.000000,10174.000000,15500.000000,53463.000000
22922.000000,10224.000000,15572.000000,53535.000000
23324.000000,10384.000000,15514.000000,53500.000000
23051.000000,10323.000000,15621.000000,53615.000000
23218.000000,10339.000000,15689.000000,53573.000000
23258.000000,10351.000000,15752.000000,53626.000000
23368.000000,10460.000000,15847.000000,53669.000000
23303.000000,10481.000000,15935.000000,53757.000000
23355.000000,10476.000000,15765.000000,53596.000000
23335.000000,10501.000000,15900.000000,53676.000000
23359.000000,10535.000000,15884.000000,53743.000000
23463.000000,10438.000000,15925.000000,53722.000000
23428.000000,10473.000000,15993.000000,53754.000000
23592.000000,10506.000000,15914.000000,53715.000000
23373.000000,10539.000000,15932.000000,53700.000000
23381.000000,10274.000000,16059.000000,53604.000000
23345.000000,10471.000000,15968.000000,53682.000000
23523.000000,10561.000000,15919.000000,53675.000000
23300.000000,10446.000000,16007.000000,53602.000000
23425.000000,10360.000000,16030.000000,53682.000000
23299.000000,10479.000000,15968.000000,53705.000000
23282.000000,10388.000000,15857.000000,53670.000000
23359.000000,10512.000000,15923.000000,53703.000000
23312.000000,10306.000000,15829.000000,53611.000000
23324.000000,10450.000000,15797.000000,53607.000000
23223.000000,10354.000000,15853.000000,53605.000000
23304.000000,10402.000000,15813.000000,53644.000000
23197.000000,10416.000000,15820.000000,53707.000000
23218.000000,10489.000000,15839.000000,53635.000000
23418.000000,10418.000000,15797.000000,53632.000000
23244.000000,10391.000000,15748.000000,53648.000000
23183.000000,10365.000000,15588.000000,53474.000000
23251.000000,10373.000000,15776.000000,53588.000000
23261.000000,10376.000000,15736.000000,53566.000000
23360.000000,10178.000000,15770.000000,53453.000000
23129.000000,10339.000000,15730.000000,53566.000000
23175.000000,10436.000000,15810.000000,53632.000000
23182.000000,10318.000000,15698.000000,53514.000000
23193.000000,10451.000000,15603.000000,53473.000000
23168.000000,10293.000000,15663.000000,53572.000000
23219.000000,10241.000000,15615.000000,53566.000000
23282.000000,10443.000000,15548.000000,53569.000000
23137.000000,10303.000000,15705.000000,53505.000000
23159.000000,10248.000000,15710.000000,53465.000000
23171.000000,10276.000000,15647.000000,53544.000000
23078.000000,10287.000000,15555.000000,53534.000000
23105.000000,10297.000000,15484.000000,53473.000000
23148.000000,10238.000000,15573.000000,53453.000000
23088.000000,10230.000000,15556.000000,53596.000000
23102.000000,10247.000000,15491.000000,53608.000000
23106.000000,10246.000000,15537.000000,53708.000000
23003.000000,10112.000000,15478.000000,53415.000000
23083.000000,10237.000000,15499.000000,53560.000000
23076.000000,10256.000000,15676.000000,53418.000000
22877.000000,10159.000000,15373.000000,53563.000000
23040.000000,10157.000000,15466.000000,53491.000000
23050.000000,10166.000000,15421.000000,53385.000000
23061.000000,10272.000000,15455.000000,53416.000000
22976.000000,10119.000000,15426.000000,53515.000000
23077.000000,10115.000000,15568.000000,53405.000000
23025.000000,10224.000000,15487.000000,53357.000000
23073.000000,10201.000000,15459.000000,53477.000000
22952.000000,10148.000000,15428.000000,53396.000000
23010.000000,10146.000000,15460.000000,53446.000000
23086.000000,10279.000000,15429.000000,53418.000000
22966.000000,10161.000000,15421.000000,53473.000000
22795.000000,10230.000000,15387.000000,53372.000000
22864.000000,10038.000000,15417.000000,53452.000000
22974.000000,10100.000000,15413.000000,53512.000000
22949.000000,10105.000000,15409.000000,53358.000000
22886.000000,10005.000000,15411.000000,53522.000000
22922.000000,9971.000000,15326.000000,53409.000000
22890.000000,10046.000000,15343.000000,53346.000000
22962.000000,10114.000000,15304.000000,53376.000000
22940.000000,10001.000000,15354.000000,53350.000000
22980.000000,10024.000000,15259.000000,53456.000000
22936.000000,10092.000000,15308.000000,53435.000000
22893.000000,10166.000000,15352.000000,53304.000000
22913.000000,10158.000000,15292.000000,53565.000000
23027.000000,10136.000000,15283.000000,53395.000000
22796.000000,10133.000000,15277.000000,53467.000000
22860.000000,10005.000000,15329.000000,53466.000000
22895.000000,10018.000000,15375.000000,53341.000000
22945.000000,10186.000000,15350.000000,53363.000000
22867.000000,10110.000000,15306.000000,53415.000000
22881.000000,10024.000000,15217.000000,53392.000000
22819.000000,10051.000000,15341.000000,53329.000000
22925.000000,10096.000000,15288.000000,53400.000000
22960.000000,10136.000000,15304.000000,53445.000000
22790.000000,10085.000000,15406.000000,53372.000000
22997.000000,10107.000000,15490.000000,53503.000000
22895.000000,10099.000000,15327.000000,53326.000000
22903.000000,10080.000000,15363.000000,53494.000000
22918.000000,10083.000000,15313.000000,53402.000000
22892.000000,10001.000000,15297.000000,53327.000000
22931.000000,10066.000000,15284.000000,53408.000000
22853.000000,10105.000000,15277.000000,53464.000000
22818.000000,10066.000000,15348.000000,53420.000000
22848.000000,10158.000000,15499.000000,53220.000000
22867.000000,10120.000000,15235.000000,53362.000000
22894.000000,10069.000000,15306.000000,53373.000000
22920.000000,10270.000000,15497.000000,53396.000000
22820.000000,9948.000000,15342.000000,53440.000000
23017.000000,9971.000000,15134.000000,53538.000000
22819.000000,10015.000000,15212.000000,53379.000000
22933.000000,10058.000000,15137.000000,53346.000000
22825.000000,9980.000000,15250.000000,53423.000000
22878.000000,9995.000000,15192.000000,53460.000000
22856.000000,10046.000000,15185.000000,53347.000000
22757.000000,9907.000000,15190.000000,53273.000000
22813.000000,10054.000000,15207.000000,53344.000000
22810.000000,10034.000000,15123.000000,53496.000000
22952.000000,10047.000000,15194.000000,53334.000000
22808.000000,9920.000000,15153.000000,53284.000000
22805.000000,10006.000000,15303.000000,53373.000000
22806.000000,10035.000000,15084.000000,53311.000000
22966.000000,10114.000000,15460.000000,53252.000000
22807.000000,9943.000000,15232.000000,53303.000000
22971.000000,9994.000000,15242.000000,53398.000000
22866.000000,10082.000000,15262.000000,53212.000000
22776.000000,10163.000000,15238.000000,53313.000000
22921.000000,10078.000000,15200.000000,53307.000000
22942.000000,9926.000000,15256.000000,53391.000000
22941.000000,10079.000000,15315.000000,53360.000000
22815.000000,10185.000000,15359.000000,53340.000000
22828.000000,10084.000000,15290.000000,53375.000000
22955.000000,10163.000000,15346.000000,53346.000000
22833.000000,10041.000000,15316.000000,53371.000000
22874.000000,10048.000000,15322.000000,53430.000000
22734.000000,10191.000000,15368.000000,53519.000000
22936.000000,10127.000000,15354.000000,53445.000000
22968.000000,10126.000000,15428.000000,53368.000000
22913.000000,10022.000000,15434.000000,53456.000000
22894.000000,10053.000000,15395.000000,53342.000000
23023.000000,10111.000000,15371.000000,53462.000000
23093.000000,10136.000000,15409.000000,53546.000000
22951.000000,10187.000000,15560.000000,53474.000000
22986.000000,10188.000000,15518.000000,53446.000000
23019.000000,10233.000000,15617.000000,53472.000000
23128.000000,10224.000000,15721.000000,53428.000000
23087.000000,10089.000000,15402.000000,53591.000000
23210.000000,10280.000000,15691.000000,53540.000000
23109.000000,10396.000000,15721.000000,53736.000000
23215.000000,10288.000000,15854.000000,53772.000000
23333.000000,10472.000000,15835.000000,53521.000000
23393.000000,10344.000000,15979.000000,53742.000000
23427.000000,10620.000000,15968.000000,53705.000000
23545.000000,10579.000000,16067.000000,53765.000000
23494.000000,10545.000000,16086.000000,53741.000000
23616.000000,10632.000000,16122.000000,53822.000000
23713.000000,10624.000000,16259.000000,53914.000000
23725.000000,10695.000000,16290.000000,53893.000000
23545.000000,10668.000000,16386.000000,53849.000000
23800.000000,10819.000000,16261.000000,53870.000000
23734.000000,10664.000000,16305.000000,53826.000000
23752.000000,10799.000000,16465.000000,54022.000000
23551.000000,10767.000000,16328.000000,53887.000000
23720.000000,10808.000000,16404.000000,53921.000000
23896.000000,10754.000000,16289.000000,53895.000000
23781.000000,10910.000000,16412.000000,53900.000000
23665.000000,10673.000000,16186.000000,53894.000000
23779.000000,10778.000000,16367.000000,53877.000000
23738.000000,10818.000000,16312.000000,53829.000000
23756.000000,10797.000000,16282.000000,53876.000000
23707.000000,10729.000000,16330.000000,53944.000000
23614.000000,10832.000000,16391.000000,53876.000000
23748.000000,10771.000000,16358.000000,53950.000000
23735.000000,10940.000000,16289.000000,53898.000000
23637.000000,10725.000000,16389.000000,53899.000000
23762.000000,10769.000000,16288.000000,53870.000000
23638.000000,10721.000000,16379.000000,53922.000000
23525.000000,10641.000000,16285.000000,54012.000000
23571.000000,10866.000000,16196.000000,53868.000000
23687.000000,10743.000000,16242.000000,53984.000000
23733.000000,10649.000000,16236.000000,53780.000000
23679.000000,10818.000000,16144.000000,53930.000000
23485.000000,10777.000000,16175.000000,53842.000000
23706.000000,10784.000000,16237.000000,53808.000000
23576.000000,10753.000000,16138.000000,53877.000000
23617.000000,10754.000000,16301.000000,53821.000000
23590.000000,10522.000000,16197.000000,53769.000000
23610.000000,10606.000000,16238.000000,53770.000000
23618.000000,10666.000000,16270.000000,53735.000000
23559.000000,10624.000000,16181.000000,53929.000000
23626.000000,10817.000000,16216.000000,53873.000000
23786.000000,10643.000000,16184.000000,53765.000000
23605.000000,10612.000000,16185.000000,53731.000000
23533.000000,10564.000000,16077.000000,53735.000000
23625.000000,10602.000000,16162.000000,53771.000000
23674.000000,10736.000000,16235.000000,53634.000000
23750.000000,10694.000000,16160.000000,53726.000000
23474.000000,10581.000000,16047.000000,53840.000000
23540.000000,10561.000000,16033.000000,53765.000000
23472.000000,10614.000000,16052.000000,53690.000000
23547.000000,10606.000000,16073.000000,53762.000000
23494.000000,10572.000000,16188.000000,53581.000000
23484.000000,10686.000000,16091.000000,53785.000000
23594.000000,10701.000000,16059.000000,53678.000000
23600.000000,10643.000000,16117.000000,53657.000000
23439.000000,10600.000000,15957.000000,53686.000000
23512.000000,10573.000000,16008.000000,53723.000000
23481.000000,10535.000000,16209.000000,53730.000000
23390.000000,10518.000000,16067.000000,53610.000000
23387.000000,10528.000000,15913.000000,53748.000000
23473.000000,10534.000000,15951.000000,53706.000000
23425.000000,10628.000000,15974.000000,53699.000000
23434.000000,10760.000000,15916.000000,53592.000000
23368.000000,10515.000000,15993.000000,53573.000000
23349.000000,10547.000000,15791.000000,53694.000000
23325.000000,10484.000000,15979.000000,53678.000000
23400.000000,10347.000000,15946.000000,53576.000000
23368.000000,10471.000000,15897.000000,53629.000000
23447.000000,10546.000000,15970.000000,53608.000000
23399.000000,10528.000000,15970.000000,53397.000000
23391.000000,10389.000000,16079.000000,53601.000000
23251.000000,10429.000000,15997.000000,53632.000000
23360.000000,10552.000000,15901.000000,53582.000000
23326.000000,10534.000000,15781.000000,53723.000000
23241.000000,10430.000000,15919.000000,53560.000000
23296.000000,10627.000000,15862.000000,53445.000000
23374.000000,10440.000000,15839.000000,53497.000000
23348.000000,10522.000000,15735.000000,53461.000000
23219.000000,10455.000000,15888.000000,53562.000000
23319.000000,10442.000000,15806.000000,53520.000000
23328.000000,10464.000000,15969.000000,53574.000000
23270.000000,10511.000000,15915.000000,53557.000000
23270.000000,10383.000000,15935.000000,53524.000000
23323.000000,10470.000000,15805.000000,53468.000000
23341.000000,10308.000000,15877.000000,53568.000000
23324.000000,10441.000000,15884.000000,53584.000000
22995.000000,10261.000000,15772.000000,53492.000000
23206.000000,10470.000000,15842.000000,53459.000000
23284.000000,10472.000000,15926.000000,53676.000000
23280.000000,10323.000000,15814.000000,53667.000000
23158.000000,10511.000000,15787.000000,53540.000000
23276.000000,10369.000000,15927.000000,53700.000000
23200.000000,10513.000000,15804.000000,53504.000000
23327.000000,10399.000000,15768.000000,53504.000000
23186.000000,10421.000000,15767.000000,53567.000000
23306.000000,10445.000000,15800.000000,53621.000000
23201.000000,10337.000000,15836.000000,53581.000000
23237.000000,10437.000000,15928.000000,53521.000000
23325.000000,10331.000000,15987.000000,53580.000000
23295.000000,10462.000000,15649.000000,53537.000000
23211.000000,10345.000000,15749.000000,53534.000000
23212.000000,10381.000000,15762.000000,53526.000000
23051.000000,10518.000000,15726.000000,53606.000000
23105.000000,10566.000000,15798.000000,53493.000000
23182.000000,10271.000000,15833.000000,53445.000000
23180.000000,10462.000000,15870.000000,53426.000000
23201.000000,10223.000000,15720.000000,53392.000000
23100.000000,10364.000000,15762.000000,53393.000000
23155.000000,10336.000000,15816.000000,53433.000000
23097.000000,10229.000000,15619.000000,53314.000000
23042.000000,10220.000000,15510.000000,53475.000000
23112.000000,10314.000000,15660.000000,53386.000000
23191.000000,10316.000000,15752.000000,53419.000000
23039.000000,10368.000000,15690.000000,53469.000000
23012.000000,10395.000000,15520.000000,53477.000000
23115.000000,10278.000000,15559.000000,53368.000000
23166.000000,10285.000000,15622.000000,53464.000000
22957.000000,10319.000000,15669.000000,53388.000000
22984.000000,10270.000000,15697.000000,53444.000000
22998.000000,10294.000000,15560.000000,53491.000000
23134.000000,10298.000000,15677.000000,53437.000000
22919.000000,10300.000000,15568.000000,53370.000000
23011.000000,10355.000000,15629.000000,53374.000000
23002.000000,10437.000000,15765.000000,53377.000000
23007.000000,10240.000000,15615.000000,53406.000000
22904.000000,10191.000000,15730.000000,53398.000000
23034.000000,10276.000000,15635.000000,53409.000000
23067.000000,10268.000000,15653.000000,53413.000000
23169.000000,10416.000000,15627.000000,53529.000000
23017.000000,10273.000000,15714.000000,53387.000000
23134.000000,10452.000000,15836.000000,53520.000000
23107.000000,10335.000000,15784.000000,53584.000000
23184.000000,10327.000000,15841.000000,53403.000000
23047.000000,10416.000000,15800.000000,53480.000000
23267.000000,10345.000000,15828.000000,53502.000000
23231.000000,10395.000000,15722.000000,53421.000000
23448.000000,10394.000000,15883.000000,53497.000000
23145.000000,10381.000000,15925.000000,53668.000000
23274.000000,10411.000000,16006.000000,53607.000000
23406.000000,10468.000000,15986.000000,53613.000000
23257.000000,10541.000000,16057.000000,53630.000000
23277.000000,10525.000000,15914.000000,53795.000000
23398.000000,10612.000000,16302.000000,53656.000000
23458.000000,10745.000000,16255.000000,53679.000000
23511.000000,10762.000000,16216.000000,53670.000000
23672.000000,10639.000000,16298.000000,53763.000000
23622.000000,10853.000000,16390.000000,53802.000000
23686.000000,11007.000000,16472.000000,53863.000000
23787.000000,10850.000000,16489.000000,53846.000000
23747.000000,10758.000000,16689.000000,53892.000000
23761.000000,10901.000000,16741.000000,53855.000000
23921.000000,11058.000000,16818.000000,53908.000000
23920.000000,10995.000000,16734.000000,54024.000000
23943.000000,10926.000000,16781.000000,53866.000000
23989.000000,11166.000000,16772.000000,53783.000000
24090.000000,11099.000000,16805.000000,54007.000000
23831.000000,11036.000000,16833.000000,54039.000000
23998.000000,11181.000000,16822.000000,54098.000000
24074.000000,11215.000000,16775.000000,53989.000000
24040.000000,11163.000000,16897.000000,53992.000000
23919.000000,11246.000000,16926.000000,53981.000000
24028.000000,11146.000000,16812.000000,54036.000000
24181.000000,11200.000000,17006.000000,54006.000000
24032.000000,11121.000000,16950.000000,54022.000000
23876.000000,11091.000000,16894.000000,53895.000000
24040.000000,11122.000000,16842.000000,53962.000000
24015.000000,11096.000000,16891.000000,53923.000000
23923.000000,11061.000000,16860.000000,54054.000000
24139.000000,11293.000000,16787.000000,53944.000000
24139.000000,11175.000000,16830.000000,53949.000000
24163.000000,11120.000000,16776.000000,54029.000000
23960.000000,11035.000000,16795.000000,53990.000000
23956.000000,11003.000000,16766.000000,53968.000000
24028.000000,11119.000000,16755.000000,54035.000000
23994.000000,11147.000000,16833.000000,53961.000000
23892.000000,11069.000000,16795.000000,53919.000000
23944.000000,11025.000000,16779.000000,53961.000000
24060.000000,11150.000000,16820.000000,53908.000000
24069.000000,11004.000000,16857.000000,53884.000000
23988.000000,11011.000000,16796.000000,53857.000000
23830.000000,10865.000000,16871.000000,53930.000000
24012.000000,11019.000000,16797.000000,53934.000000
24085.000000,11199.000000,16813.000000,53815.000000
23988.000000,11087.000000,16805.000000,53869.000000
23945.000000,11114.000000,16861.000000,54031.000000
23947.000000,11214.000000,16639.000000,53755.000000
24036.000000,11113.000000,16770.000000,53825.000000
24024.000000,11095.000000,16692.000000,53881.000000
23865.000000,10981.000000,16803.000000,53872.000000
23962.000000,11010.000000,16800.000000,53915.000000
23886.000000,10998.000000,16760.000000,53912.000000
23927.000000,11199.000000,16730.000000,53876.000000
23809.000000,11056.000000,16821.000000,53831.000000
24051.000000,10999.000000,16934.000000,53897.000000
23948.000000,11014.000000,16749.000000,53966.000000
23867.000000,10973.000000,16815.000000,53872.000000
23981.000000,11068.000000,16828.000000,53786.000000
23975.000000,11070.000000,16698.000000,53903.000000
23900.000000,10963.000000,16737.000000,53819.000000
23767.000000,10987.000000,16749.000000,53883.000000
23916.000000,10954.000000,16709.000000,53880.000000
23725.000000,10999.000000,16714.000000,53768.000000
23820.000000,11072.000000,16651.000000,53845.000000
23688.000000,11041.000000,16627.000000,53961.000000
23868.000000,11092.000000,16717.000000,53836.000000
23811.000000,10936.000000,16813.000000,53726.000000
23814.000000,11003.000000,16702.000000,53838.000000
23830.000000,11015.000000,16676.000000,53804.000000
23878.000000,11101.000000,16758.000000,53842.000000
23926.000000,11049.000000,16711.000000,53806.000000
23792.000000,11042.000000,16727.000000,53844.000000
23786.000000,11210.000000,16711.000000,53764.000000
23940.000000,11061.000000,16601.000000,53849.000000
23784.000000,10975.000000,16656.000000,53855.000000
23771.000000,10971.000000,16689.000000,53897.000000
23739.000000,10973.000000,16745.000000,53713.000000
23760.000000,10919.000000,16605.000000,53916.000000
23757.000000,10975.000000,16781.000000,53786.000000
23793.000000,10944.000000,16695.000000,53826.000000
23713.000000,10916.000000,16690.000000,53855.000000
23772.000000,11085.000000,16677.000000,53854.000000
23841.000000,11076.000000,16657.000000,53784.000000
23799.000000,11044.000000,16665.000000,53905.000000
23765.000000,10987.000000,16678.000000,53809.000000
23854.000000,11003.000000,16597.000000,53738.000000
23853.000000,10990.000000,16688.000000,53800.000000
23741.000000,11033.000000,16726.000000,53903.000000
23782.000000,11038.000000,16643.000000,53824.000000
23738.000000,11060.000000,16658.000000,53857.000000
23997.000000,11073.000000,16836.000000,53950.000000
23777.000000,10879.000000,16768.000000,53828.000000
23885.000000,11106.000000,16652.000000,53844.000000
23898.000000,11052.000000,16708.000000,53814.000000
23675.000000,11143.000000,16794.000000,53824.000000
23761.000000,10981.000000,16721.000000,53869.000000
23858.000000,11112.000000,16781.000000,53997.000000
23933.000000,11148.000000,16799.000000,53938.000000
23844.000000,11051.000000,16813.000000,53899.000000
23891.000000,11069.000000,16772.000000,53925.000000
24022.000000,11021.000000,16732.000000,53957.000000
24035.000000,11073.000000,16808.000000,53767.000000
23910.000000,11019.000000,16804.000000,53908.000000
23982.000000,11166.000000,16866.000000,53917.000000
23850.000000,11106.000000,16776.000000,54095.000000
23869.000000,11154.000000,16773.000000,53905.000000
23884.000000,11127.000000,16789.000000,53950.000000
23877.000000,10993.000000,16743.000000,53874.000000
23900.000000,11015.000000,16921.000000,53906.000000
23908.000000,10902.000000,16551.000000,53807.000000
23973.000000,11153.000000,16932.000000,53817.000000
23754.000000,10957.000000,16851.000000,53939.000000
23886.000000,11096.000000,16783.000000,53953.000000
23970.000000,11211.000000,16875.000000,53861.000000
23970.000000,11189.000000,16843.000000,54046.000000
23941.000000,11096.000000,16851.000000,54226.000000
24017.000000,11242.000000,16892.000000,54115.000000
23941.000000,11003.000000,16869.000000,54144.000000
23837.000000,11170.000000,16804.000000,53993.000000
23854.000000,11132.000000,16814.000000,53962.000000
23955.000000,11160.000000,16884.000000,53926.000000
23997.000000,11189.000000,16850.000000,54060.000000
23817.000000,11131.000000,16732.000000,53813.000000
23810.000000,11276.000000,16849.000000,54268.000000
23948.000000,11101.000000,16873.000000,54045.000000
23973.000000,11273.000000,17033.000000,53977.000000
23982.000000,11159.000000,16920.000000,54042.000000
24072.000000,11141.000000,16949.000000,54062.000000
24096.000000,11183.000000,17009.000000,53967.000000
24109.000000,11258.000000,17023.000000,54033.000000
23757.000000,11459.000000,16939.000000,54039.000000
23994.000000,11141.000000,16891.000000,54132.000000
24059.000000,11219.000000,16918.000000,54042.000000
23967.000000,11248.000000,16974.000000,54132.000000
23896.000000,11261.000000,16979.000000,54191.000000
24095.000000,11202.000000,16970.000000,53997.000000
24089.000000,11536.000000,16884.000000,54159.000000
23982.000000,11251.000000,17032.000000,54105.000000
23944.000000,11253.000000,16965.000000,54182.000000
24118.000000,11361.000000,16988.000000,54100.000000
24030.000000,11142.000000,17029.000000,54110.000000
24083.000000,11217.000000,17015.000000,54172.000000
23904.000000,10999.000000,17017.000000,54095.000000
24099.000000,11260.000000,16788.000000,54126.000000
23958.000000,11286.000000,16880.000000,54146.000000
24058.000000,11246.000000,16942.000000,54067.000000
23834.000000,11059.000000,16861.000000,54122.000000
23987.000000,11252.000000,16880.000000,54090.000000
24015.000000,11188.000000,16751.000000,54113.000000
23980.000000,11115.000000,16861.000000,54103.000000
23920.000000,10879.000000,16736.000000,54014.000000
24040.000000,11043.000000,16728.000000,54102.000000
23806.000000,11087.000000,16633.000000,54054.000000
23996.000000,10983.000000,16547.000000,54034.000000
23847.000000,10951.000000,16573.000000,54005.000000
24043.000000,10840.000000,16753.000000,53957.000000
23838.000000,10957.000000,16668.000000,53962.000000
23789.000000,10745.000000,16593.000000,54015.000000
23655.000000,10853.000000,16589.000000,54115.000000
23753.000000,10813.000000,16520.000000,54077.000000
23877.000000,10889.000000,16503.000000,53869.000000
23788.000000,10858.000000,16565.000000,53924.000000
23894.000000,10817.000000,16505.000000,53984.000000
23848.000000,10815.000000,16504.000000,54046.000000
23809.000000,10846.000000,16526.000000,53973.000000
23729.000000,10948.000000,16530.000000,53948.000000
23786.000000,10775.000000,16584.000000,53919.000000
23857.000000,10898.000000,16539.000000,53989.000000
23819.000000,10902.000000,16571.000000,54032.000000
23816.000000,11008.000000,16669.000000,54051.000000
23846.000000,11004.000000,16544.000000,53935.000000
23840.000000,10842.000000,16585.000000,53931.000000
23832.000000,10846.000000,16628.000000,54086.000000
23867.000000,10854.000000,16502.000000,54107.000000
23851.000000,10870.000000,16541.000000,53936.000000
23825.000000,10920.000000,16493.000000,53967.000000
23781.000000,10933.000000,16576.000000,53965.000000
23773.000000,10819.000000,16461.000000,53916.000000
23694.000000,10878.000000,16361.000000,53851.000000
23828.000000,10856.000000,16400.000000,53911.000000
23763.000000,10857.000000,16348.000000,53979.000000
23679.000000,10787.000000,16488.000000,54001.000000
23729.000000,10798.000000,16220.000000,53892.000000
23706.000000,10806.000000,16287.000000,53835.000000
23688.000000,10694.000000,16295.000000,53842.000000
23677.000000,10656.000000,16201.000000,53814.000000
23618.000000,10739.000000,16145.000000,53813.000000
23693.000000,10712.000000,16214.000000,53709.000000
23550.000000,10666.000000,16102.000000,53815.000000
23585.000000,10601.000000,15841.000000,53795.000000
23520.000000,10653.000000,16135.000000,53770.000000
23673.000000,10656.000000,15938.000000,53736.000000
23516.000000,10692.000000,16026.000000,53712.000000
23328.000000,10688.000000,15929.000000,53687.000000
23481.000000,10532.000000,16031.000000,53755.000000
23462.000000,10541.000000,16083.000000,53667.000000
23488.000000,10542.000000,16062.000000,53850.000000
23383.000000,10324.000000,15874.000000,53703.000000
23432.000000,10461.000000,15894.000000,53691.000000
23424.000000,10358.000000,15927.000000,53792.000000
23548.000000,10347.000000,15874.000000,53538.000000
23374.000000,10335.000000,15662.000000,53634.000000
23114.000000,10502.000000,15862.000000,53558.000000
23340.000000,10357.000000,15774.000000,53695.000000
23340.000000,10473.000000,15568.000000,53634.000000
23239.000000,10340.000000,15895.000000,53580.000000
23327.000000,10339.000000,15749.000000,53575.000000
23282.000000,10474.000000,15765.000000,53593.000000
23232.000000,10380.000000,15720.000000,53596.000000
23298.000000,10328.000000,15669.000000,53608.000000
23265.000000,10321.000000,15627.000000,53520.000000
23140.000000,10316.000000,15592.000000,53510.000000
23158.000000,10361.000000,15550.000000,53636.000000
23257.000000,10329.000000,15624.000000,53699.000000
23220.000000,10254.000000,15642.000000,53472.000000
23086.000000,10436.000000,15539.000000,53491.000000
23047.000000,10366.000000,15641.000000,53556.000000
23144.000000,10269.000000,15419.000000,53512.000000
23190.000000,10320.000000,15463.000000,53342.000000
23094.000000,10334.000000,15552.000000,53500.000000
23241.000000,10313.000000,15438.000000,53420.000000
23165.000000,10309.000000,15427.000000,53406.000000
23097.000000,10169.000000,15463.000000,53439.000000
23186.000000,10405.000000,15411.000000,53432.000000
23045.000000,10200.000000,15429.000000,53339.000000
23087.000000,10425.000000,15474.000000,53413.000000
23035.000000,10174.000000,15416.000000,53422.000000
23081.000000,10222.000000,15422.000000,53594.000000
23037.000000,10209.000000,15296.000000,53387.000000
23034.000000,10128.000000,15421.000000,53495.000000
23047.000000,10210.000000,15366.000000,53239.000000
23079.000000,10129.000000,15348.000000,53421.000000
22955.000000,10066.000000,15343.000000,53388.000000
23063.000000,10115.000000,15413.000000,53433.000000
23056.000000,10174.000000,15269.000000,53381.000000
23050.000000,10146.000000,15373.000000,53453.000000
22897.000000,10165.000000,15253.000000,53444.000000
22991.000000,10129.000000,15370.000000,53401.000000
23057.000000,10330.000000,15290.000000,53481.000000
23003.000000,10193.000000,15269.000000,53362.000000
22891.000000,10085.000000,15093.000000,53419.000000
23013.000000,10188.000000,15195.000000,53421.000000
23104.000000,10110.000000,15213.000000,53411.000000
23080.000000,10193.000000,15085.000000,53302.000000
22950.000000,10031.000000,15166.000000,53414.000000
23079.000000,10150.000000,15233.000000,53372.000000
22911.000000,10041.000000,15300.000000,53353.000000
22877.000000,10205.000000,15252.000000,53313.000000
22943.000000,9981.000000,15170.000000,53398.000000
22952.000000,10188.000000,15226.000000,53418.000000
23010.000000,10154.000000,15283.000000,53391.000000
22957.000000,10065.000000,15249.000000,53434.000000
22940.000000,10131.000000,15233.000000,53318.000000
22950.000000,10135.000000,15251.000000,53281.000000
22994.000000,10006.000000,15156.000000,53328.000000
22826.000000,9988.000000,15156.000000,53385.000000
22763.000000,9945.000000,15215.000000,53226.000000
22947.000000,10090.000000,15216.000000,53300.000000
22913.000000,10099.000000,15248.000000,53438.000000
22934.000000,9979.000000,15283.000000,53350.000000
22893.000000,10211.000000,15277.000000,53266.000000
22948.000000,10037.000000,15209.000000,53423.000000
23067.000000,10019.000000,15235.000000,53392.000000
22961.000000,10075.000000,15201.000000,53273.000000
22916.000000,10034.000000,15187.000000,53413.000000
22971.000000,10187.000000,15216.000000,53353.000000
23035.000000,10118.000000,15173.000000,53420.000000
22912.000000,10223.000000,15089.000000,53473.000000
22963.000000,10084.000000,15241.000000,53292.000000
22958.000000,10195.000000,15161.000000,53257.000000
22984.000000,10050.000000,15226.000000,53302.000000
22930.000000,10086.000000,15226.000000,53347.000000
22938.000000,9943.000000,15288.000000,53275.000000
22932.000000,10184.000000,15235.000000,53340.000000
22912.000000,10115.000000,15236.000000,53398.000000
22825.000000,10050.000000,15172.000000,53341.000000
22933.000000,10134.000000,15109.000000,53321.000000
22850.000000,10010.000000,15132.000000,53338.000000
22987.000000,9997.000000,15130.000000,53332.000000
22763.000000,9994.000000,15160.000000,53309.000000
22900.000000,9900.000000,15255.000000,53347.000000
23006.000000,9970.000000,15205.000000,53486.000000
22849.000000,10029.000000,15139.000000,53368.000000
22867.000000,10018.000000,15102.000000,53405.000000
22964.000000,9983.000000,15113.000000,53271.000000
22886.000000,10147.000000,15030.000000,53245.000000
22802.000000,9971.000000,15044.000000,53224.000000
22829.000000,10030.000000,15114.000000,53327.000000
22850.000000,10015.000000,15059.000000,53411.000000
22928.000000,9953.000000,15140.000000,53357.000000
22658.000000,9959.000000,15155.000000,53344.000000
22863.000000,10002.000000,15141.000000,53427.000000
22947.000000,10038.000000,15161.000000,53478.000000
22946.000000,10017.000000,15204.000000,53453.000000
22812.000000,10049.000000,15263.000000,53272.000000
22870.000000,10088.000000,15247.000000,53462.000000
22922.000000,10146.000000,15242.000000,53415.000000
23047.000000,10051.000000,15236.000000,53404.000000
22864.000000,9938.000000,15328.000000,53410.000000
22992.000000,10046.000000,15265.000000,53444.000000
23126.000000,10057.000000,15502.000000,53425.000000
23064.000000,10024.000000,15241.000000,53380.000000
22903.000000,10081.000000,15325.000000,53411.000000
23076.000000,10163.000000,15321.000000,53446.000000
23183.000000,10088.000000,15301.000000,53404.000000
23101.000000,10251.000000,15390.000000,53389.000000
23009.000000,10144.000000,15294.000000,53445.000000
23121.000000,10200.000000,15416.000000,53274.000000
23138.000000,10249.000000,15367.000000,53516.000000
23081.000000,10195.000000,15456.000000,53502.000000
23077.000000,10283.000000,15372.000000,53427.000000
23116.000000,10164.000000,15597.000000,53496.000000
23145.000000,10284.000000,15654.000000,53509.000000
23150.000000,10341.000000,15601.000000,53451.000000
23316.000000,10244.000000,15618.000000,53502.000000
23323.000000,10297.000000,15636.000000,53542.000000
23254.000000,10326.000000,15592.000000,53536.000000
23146.000000,10375.000000,15721.000000,53641.000000
23323.000000,10234.000000,15513.000000,53627.000000
23438.000000,10358.000000,15829.000000,53661.000000
23482.000000,10512.000000,15882.000000,53665.000000
23515.000000,10551.000000,16006.000000,53780.000000
23511.000000,10547.000000,15990.000000,53723.000000
23611.000000,10682.000000,16099.000000,53873.000000
23571.000000,10746.000000,16255.000000,53862.000000
23784.000000,10771.000000,16191.000000,53923.000000
23705.000000,10838.000000,16240.000000,53893.000000
23824.000000,10809.000000,16259.000000,53978.000000
23908.000000,10784.000000,16356.000000,53989.000000
23799.000000,10885.000000,16358.000000,53896.000000
23848.000000,10743.000000,16282.000000,53875.000000
23915.000000,10841.000000,16386.000000,53883.000000
23917.000000,10837.000000,16314.000000,53895.000000
23839.000000,10818.000000,16383.000000,53915.000000
23693.000000,10724.000000,16328.000000,53919.000000
23882.000000,10807.000000,16252.000000,53970.000000
23860.000000,10822.000000,16363.000000,53935.000000
23992.000000,10790.000000,16180.000000,53830.000000
23821.000000,10719.000000,16249.000000,53877.000000
23768.000000,10854.000000,16282.000000,53948.000000
23847.000000,10740.000000,16298.000000,53921.000000
23761.000000,10755.000000,16338.000000,53896.000000
23754.000000,10713.000000,16396.000000,53714.000000
23718.000000,10784.000000,16240.000000,53824.000000
23844.000000,10725.000000,16245.000000,53917.000000
23713.000000,10710.000000,16180.000000,53876.000000
23722.000000,10695.000000,16197.000000,53871.000000
23830.000000,10736.000000,16136.000000,53891.000000
23782.000000,10759.000000,16213.000000,53925.000000
23533.000000,10727.000000,16259.000000,53791.000000
23760.000000,10681.000000,16195.000000,53926.000000
23655.000000,10755.000000,16130.000000,53744.000000
23767.000000,10712.000000,16110.000000,53850.000000
23670.000000,10558.000000,16194.000000,53879.000000
23731.000000,10658.000000,16191.000000,53865.000000
23648.000000,10676.000000,16096.000000,54086.000000
23759.000000,10678.000000,16077.000000,53886.000000
23660.000000,10633.000000,16064.000000,54039.000000
23726.000000,10764.000000,15948.000000,53805.000000
23687.000000,10570.000000,16088.000000,53679.000000
23583.000000,10689.000000,16054.000000,54017.000000
23640.000000,10556.000000,16090.000000,53764.000000
23754.000000,10560.000000,16094.000000,53804.000000
23625.000000,10555.000000,16026.000000,53842.000000
23608.000000,10651.000000,15964.000000,53741.000000
23511.000000,10613.000000,16021.000000,53720.000000
23633.000000,10621.000000,15990.000000,53697.000000
23588.000000,10612.000000,15853.000000,53802.000000
23544.000000,10591.000000,16148.000000,53713.000000
23491.000000,10581.000000,15823.000000,53790.000000
23523.000000,10637.000000,15955.000000,53664.000000
23428.000000,10446.000000,15986.000000,53707.000000
23487.000000,10566.000000,15953.000000,53712.000000
23515.000000,10621.000000,16078.000000,53753.000000
23517.000000,10521.000000,15900.000000,53907.000000
23425.000000,10524.000000,15850.000000,53704.000000
23368.000000,10458.000000,15792.000000,53691.000000
23585.000000,10481.000000,15893.000000,53664.000000
23478.000000,10554.000000,15892.000000,53681.000000
23435.000000,10478.000000,15831.000000,53760.000000
23403.000000,10338.000000,15735.000000,53771.000000
23366.000000,10410.000000,15803.000000,53788.000000
23519.000000,10468.000000,15814.000000,53747.000000
23453.000000,10432.000000,15896.000000,53741.000000
23237.000000,10485.000000,15710.000000,53671.000000
23280.000000,10370.000000,15753.000000,53658.000000
23381.000000,10569.000000,15813.000000,53718.000000
23415.000000,10354.000000,15735.000000,53660.000000
23292.000000,10391.000000,15756.000000,53625.000000
23357.000000,10407.000000,15723.000000,53560.000000
23305.000000,10493.000000,15640.000000,53548.000000
23342.000000,10357.000000,15748.000000,53579.000000
23279.000000,10366.000000,15647.000000,53622.000000
23485.000000,10316.000000,15662.000000,53568.000000
23394.000000,10193.000000,15700.000000,53707.000000
23214.000000,10447.000000,15617.000000,53615.000000
23143.000000,10465.000000,15496.000000,53471.000000
23316.000000,10333.000000,15594.000000,53586.000000
23235.000000,10295.000000,15540.000000,53561.000000
23154.000000,10376.000000,15557.000000,53456.000000
23172.000000,10338.000000,15531.000000,53533.000000
23247.000000,10291.000000,15582.000000,53519.000000
23307.000000,10390.000000,15534.000000,53587.000000
23344.000000,10349.000000,15536.000000,53536.000000
23044.000000,10275.000000,15464.000000,53533.000000
23359.000000,10363.000000,15517.000000,53496.000000
23102.000000,10373.000000,15609.000000,53566.000000
23171.000000,10304.000000,15544.000000,53566.000000
23135.000000,10307.000000,15529.000000,53473.000000
23218.000000,10230.000000,15549.000000,53476.000000
23216.000000,10293.000000,15567.000000,53544.000000
23142.000000,10258.000000,15637.000000,53463.000000
23208.000000,10432.000000,15628.000000,53508.000000
23172.000000,10241.000000,15505.000000,53520.000000
23392.000000,10178.000000,15513.000000,53386.000000
23033.000000,10255.000000,15418.000000,53489.000000
23061.000000,10241.000000,15521.000000,53566.000000
23068.000000,10251.000000,15504.000000,53499.000000
23214.000000,10189.000000,15470.000000,53430.000000
23064.000000,10377.000000,15652.000000,53666.000000
23209.000000,10043.000000,15340.000000,53574.000000
23204.000000,10211.000000,15482.000000,53592.000000
23096.000000,10266.000000,15533.000000,53506.000000
23080.000000,10107.000000,15382.000000,53457.000000
23127.000000,10193.000000,15495.000000,53531.000000
23058.000000,10066.000000,15381.000000,53674.000000
23208.000000,10264.000000,15487.000000,53496.000000
23003.000000,10230.000000,15396.000000,53458.000000
23138.000000,10130.000000,15478.000000,53534.000000
23068.000000,10280.000000,15445.000000,53420.000000
23089.000000,10222.000000,15428.000000,53596.000000
23030.000000,10257.000000,15349.000000,53437.000000
23074.000000,10132.000000,15379.000000,53473.000000
23094.000000,10033.000000,15137.000000,53470.000000
23118.000000,10136.000000,15341.000000,53514.000000
23197.000000,10205.000000,15419.000000,53555.000000
23035.000000,10093.000000,15392.000000,53477.000000
23101.000000,10101.000000,15303.000000,53363.000000
23086.000000,10143.000000,15221.000000,53230.000000
22943.000000,10105.000000,15231.000000,53513.000000
23209.000000,10147.000000,15367.000000,53388.000000
23126.000000,10168.000000,15367.000000,53414.000000
23103.000000,10138.000000,15257.000000,53408.000000
23128.000000,10065.000000,15366.000000,53473.000000
23085.000000,10147.000000,15393.000000,53523.000000
22994.000000,10109.000000,15320.000000,53414.000000
23169.000000,10116.000000,15418.000000,53419.000000
23005.000000,10102.000000,15263.000000,53405.000000
23068.000000,10143.000000,15232.000000,53394.000000
23078.000000,10166.000000,15360.000000,53575.000000
23106.000000,10096.000000,15273.000000,53523.000000
23131.000000,9976.000000,15378.000000,53418.000000
23102.000000,10120.000000,15306.000000,53411.000000
23051.000000,10267.000000,15439.000000,53461.000000
23090.000000,10208.000000,15474.000000,53431.000000
23177.000000,10122.000000,15444.000000,53415.000000
23247.000000,10273.000000,15304.000000,53542.000000
23154.000000,10168.000000,15476.000000,53532.000000
23081.000000,10207.000000,15459.000000,53526.000000
23137.000000,10197.000000,15471.000000,53496.000000
23264.000000,10150.000000,15425.000000,53518.000000
23213.000000,10226.000000,15549.000000,53579.000000
23199.000000,10150.000000,15525.000000,53719.000000
23289.000000,10368.000000,15499.000000,53594.000000
23326.000000,10396.000000,15458.000000,53574.000000
23312.000000,10228.000000,15580.000000,53522.000000
23165.000000,10308.000000,15548.000000,53531.000000
23322.000000,10237.000000,15473.000000,53609.000000
23251.000000,10320.000000,15513.000000,53593.000000
23348.000000,10351.000000,15741.000000,53617.000000
23354.000000,10362.000000,15640.000000,53622.000000
23261.000000,10457.000000,15674.000000,53716.000000
23509.000000,10482.000000,15747.000000,53716.000000
23442.000000,10461.000000,15840.000000,53742.000000
23542.000000,10561.000000,15878.000000,53561.000000
23548.000000,10571.000000,15947.000000,53870.000000
23720.000000,10605.000000,16254.000000,53974.000000
23733.000000,10577.000000,16012.000000,53878.000000
23625.000000,10622.000000,16151.000000,53927.000000
23741.000000,10756.000000,16215.000000,53961.000000
23894.000000,10766.000000,16305.000000,53961.000000
23878.000000,10813.000000,16352.000000,53886.000000
23792.000000,10760.000000,16241.000000,54103.000000
24011.000000,10888.000000,16340.000000,54008.000000
24037.000000,10957.000000,16399.000000,53980.000000
23991.000000,10845.000000,16516.000000,54044.000000
23946.000000,10953.000000,16415.000000,53966.000000
23998.000000,11078.000000,16292.000000,54047.000000
24019.000000,10931.000000,16481.000000,54064.000000
24057.000000,10939.000000,16459.000000,54090.000000
24003.000000,10909.000000,16458.000000,54072.000000
24065.000000,10941.000000,16464.000000,53794.000000
24094.000000,10838.000000,16396.000000,54033.000000
24001.000000,10995.000000,16426.000000,53967.000000
23987.000000,10825.000000,16366.000000,53972.000000
23944.000000,10878.000000,16458.000000,54047.000000
24162.000000,10882.000000,16318.000000,53997.000000
23962.000000,10819.000000,16379.000000,53985.000000
23982.000000,10797.000000,16321.000000,53986.000000
23966.000000,10883.000000,16298.000000,53968.000000
23883.000000,10789.000000,16282.000000,53760.000000
24071.000000,10906.000000,16257.000000,54039.000000
23887.000000,10755.000000,16235.000000,53937.000000
23874.000000,10842.000000,16333.000000,53966.000000
23864.000000,10835.000000,16352.000000,54007.000000
24136.000000,10660.000000,16302.000000,53949.000000
23860.000000,10703.000000,16213.000000,53966.000000
23968.000000,10727.000000,16295.000000,53917.000000
23934.000000,10778.000000,16276.000000,53817.000000
23764.000000,10689.000000,16273.000000,53932.000000
23843.000000,10863.000000,16162.000000,53736.000000
23864.000000,10944.000000,16218.000000,53911.000000
23927.000000,10746.000000,16242.000000,53937.000000
23882.000000,10632.000000,16189.000000,53772.000000
23822.000000,10754.000000,16173.000000,53898.000000
23909.000000,10681.000000,16256.000000,53904.000000
23828.000000,10682.000000,16114.000000,53862.000000
23728.000000,10698.000000,16260.000000,54066.000000
23854.000000,10632.000000,16124.000000,53870.000000
23742.000000,10732.000000,15989.000000,53847.000000
23784.000000,10607.000000,16140.000000,53926.000000
23654.000000,10574.000000,16144.000000,53855.000000
23723.000000,10660.000000,16041.000000,53917.000000
23752.000000,10775.000000,16184.000000,53927.000000
23792.000000,10624.000000,16159.000000,53881.000000
23665.000000,10600.000000,16094.000000,53754.000000
23841.000000,10580.000000,16027.000000,53775.000000
23687.000000,10651.000000,15976.000000,53856.000000
23666.000000,10646.000000,15996.000000,53727.000000
23631.000000,10636.000000,15997.000000,53851.000000
23646.000000,10697.000000,16037.000000,53908.000000
23721.000000,10547.000000,16063.000000,53868.000000
23591.000000,10493.000000,15942.000000,53792.000000
23574.000000,10577.000000,15914.000000,53745.000000
23691.000000,10570.000000,15920.000000,53708.000000
23696.000000,10553.000000,15872.000000,53828.000000
23541.000000,10570.000000,16076.000000,53731.000000
23574.000000,10524.000000,15835.000000,53849.000000
23725.000000,10577.000000,15856.000000,53707.000000
23538.000000,10572.000000,15897.000000,53743.000000
23524.000000,10472.000000,15811.000000,53697.000000
23430.000000,10537.000000,15847.000000,53577.000000
23542.000000,10473.000000,15921.000000,53836.000000
23560.000000,10540.000000,15899.000000,53686.000000
23720.000000,10550.000000,15776.000000,53824.000000
23408.000000,10568.000000,15736.000000,53645.000000
23489.000000,10430.000000,15892.000000,53801.000000
23578.000000,10510.000000,15794.000000,53734.000000
23342.000000,10551.000000,15681.000000,53747.000000
23412.000000,10490.000000,15824.000000,53641.000000
23454.000000,10381.000000,15606.000000,53595.000000
23433.000000,10425.000000,15738.000000,53664.000000
23426.000000,10468.000000,15558.000000,53666.000000
23380.000000,10381.000000,15735.000000,53692.000000
23625.000000,10386.000000,15609.000000,53627.000000
23475.000000,10577.000000,15754.000000,53515.000000
23391.000000,10356.000000,15540.000000,53667.000000
23321.000000,10331.000000,15813.000000,53615.000000
23271.000000,10417.000000,15611.000000,53743.000000
23323.000000,10413.000000,15750.000000,53633.000000
23346.000000,10339.000000,15670.000000,53566.000000
23422.000000,10292.000000,15651.000000,53627.000000
23354.000000,10457.000000,15711.000000,53651.000000
23244.000000,10312.000000,15639.000000,53772.000000
23366.000000,10247.000000,15717.000000,53603.000000
23508.000000,10473.000000,15699.000000,53759.000000
23567.000000,10386.000000,15555.000000,53662.000000
23456.000000,10311.000000,15692.000000,53680.000000
23483.000000,10429.000000,15466.000000,53776.000000
23326.000000,10347.000000,15635.000000,53681.000000
23391.000000,10362.000000,15679.000000,53739.000000
23287.000000,10299.000000,15667.000000,53608.000000
23482.000000,10235.000000,15602.000000,53653.000000
23419.000000,10285.000000,15766.000000,53652.000000
23380.000000,10427.000000,15646.000000,53636.000000
23410.000000,10207.000000,15640.000000,53843.000000
23359.000000,10276.000000,15742.000000,53732.000000
23451.000000,10312.000000,15803.000000,53607.000000
23434.000000,10299.000000,15557.000000,53686.000000
23481.000000,10298.000000,15464.000000,53615.000000
23314.000000,10316.000000,15668.000000,53623.000000
23270.000000,10185.000000,15687.000000,53587.000000
23374.000000,10458.000000,15611.000000,53572.000000
23274.000000,10481.000000,15662.000000,53594.000000
23302.000000,10309.000000,15592.000000,53628.000000
23359.000000,10402.000000,15582.000000,53540.000000
23319.000000,10333.000000,15566.000000,53620.000000
23230.000000,10260.000000,15560.000000,53553.000000
23323.000000,10245.000000,15531.000000,53715.000000
23217.000000,10251.000000,15567.000000,53587.000000
23296.000000,10258.000000,15509.000000,53680.000000
23250.000000,10270.000000,15570.000000,53594.000000
23259.000000,10280.000000,15511.000000,53578.000000
23390.000000,10331.000000,15549.000000,53520.000000
23397.000000,10296.000000,15569.000000,53594.000000
23349.000000,10202.000000,15463.000000,53540.000000
23316.000000,10329.000000,15507.000000,53505.000000
23287.000000,10365.000000,15431.000000,53593.000000
23249.000000,10408.000000,15447.000000,53520.000000
23222.000000,10295.000000,15415.000000,53557.000000
23337.000000,10334.000000,15468.000000,53424.000000
23238.000000,10269.000000,15460.000000,53586.000000
23296.000000,10380.000000,15594.000000,53526.000000
23247.000000,10221.000000,15535.000000,53477.000000
23335.000000,10321.000000,15553.000000,53522.000000
23333.000000,10403.000000,15558.000000,53623.000000
23219.000000,10251.000000,15465.000000,53559.000000
23071.000000,10290.000000,15482.000000,53635.000000
23326.000000,10343.000000,15572.000000,53569.000000
23364.000000,10337.000000,15543.000000,53611.000000
23449.000000,10347.000000,15620.000000,53658.000000
23178.000000,10262.000000,15599.000000,53653.000000
23385.000000,10327.000000,15534.000000,53614.000000
23302.000000,10280.000000,15543.000000,53594.000000
23383.000000,10306.000000,15709.000000,53501.000000
23327.000000,10212.000000,15592.000000,53735.000000
23415.000000,10401.000000,15676.000000,53669.000000
23493.000000,10397.000000,15594.000000,53667.000000
23375.000000,10438.000000,15568.000000,53675.000000
23378.000000,10303.000000,15647.000000,53640.000000
23433.000000,10404.000000,15690.000000,53614.000000
23524.000000,10509.000000,15763.000000,53751.000000
23447.000000,10377.000000,15676.000000,53730.000000
23596.000000,10422.000000,15771.000000,53698.000000
23612.000000,10500.000000,15677.000000,53893.000000
23603.000000,10594.000000,15789.000000,53769.000000
23597.000000,10434.000000,16038.000000,53759.000000
23741.000000,10633.000000,16047.000000,53640.000000
23839.000000,10520.000000,16012.000000,53980.000000
23799.000000,10691.000000,16023.000000,53928.000000
23781.000000,10659.000000,16125.000000,53908.000000
23897.000000,10670.000000,16263.000000,53919.000000
24127.000000,10778.000000,16185.000000,53949.000000
23999.000000,10850.000000,16360.000000,54057.000000
24029.000000,10911.000000,16340.000000,54078.000000
24035.000000,10945.000000,16442.000000,53967.000000
24152.000000,11026.000000,16504.000000,54031.000000
24198.000000,11088.000000,16496.000000,54099.000000
24111.000000,10970.000000,16522.000000,54242.000000
24225.000000,10976.000000,16444.000000,54109.000000
23965.000000,11026.000000,16522.000000,54035.000000
24166.000000,10996.000000,16582.000000,54242.000000
24164.000000,10971.000000,16601.000000,54061.000000
24125.000000,10953.000000,16633.000000,54134.000000
24304.000000,10992.000000,16560.000000,54245.000000
24121.000000,11001.000000,16555.000000,54106.000000
24170.000000,10911.000000,16479.000000,54073.000000
24076.000000,11021.000000,16526.000000,54064.000000
24266.000000,10988.000000,16503.000000,54166.000000
24089.000000,10879.000000,16545.000000,54104.000000
24155.000000,10899.000000,16543.000000,54023.000000
24146.000000,10911.000000,16479.000000,54196.000000
24144.000000,11105.000000,16363.000000,54057.000000
24092.000000,10893.000000,16347.000000,53968.000000
24051.000000,10898.000000,16397.000000,54059.000000
24140.000000,10913.000000,16442.000000,54065.000000
24234.000000,10879.000000,16370.000000,54187.000000
24067.000000,10983.000000,16436.000000,54128.000000
24166.000000,10826.000000,16407.000000,54085.000000
24129.000000,10911.000000,16343.000000,54043.000000
24063.000000,10948.000000,16414.000000,54012.000000
24037.000000,10886.000000,16375.000000,54042.000000
24069.000000,10865.000000,16398.000000,53914.000000
24085.000000,10901.000000,16388.000000,54051.000000
24036.000000,10983.000000,16388.000000,54151.000000
24010.000000,10798.000000,16349.000000,54045.000000
24039.000000,10755.000000,16274.000000,53969.000000
24078.000000,10878.000000,16443.000000,53918.000000
24020.000000,10844.000000,16363.000000,54052.000000
23806.000000,10940.000000,16113.000000,53952.000000
24011.000000,10830.000000,16211.000000,54066.000000
24094.000000,10930.000000,16103.000000,53911.000000
24039.000000,10811.000000,16239.000000,54023.000000
24038.000000,10654.000000,16291.000000,54070.000000
24055.000000,10724.000000,16206.000000,53981.000000
23943.000000,10653.000000,16319.000000,53889.000000
23896.000000,10851.000000,16184.000000,53960.000000
23985.000000,10658.000000,16271.000000,54062.000000
24015.000000,10689.000000,16140.000000,54024.000000
23959.000000,10705.000000,16138.000000,53934.000000
23864.000000,10659.000000,16211.000000,53803.000000
23844.000000,10701.000000,16164.000000,53849.000000
24051.000000,10768.000000,16169.000000,53928.000000
23958.000000,10730.000000,16103.000000,53925.000000
23842.000000,10661.000000,16116.000000,53949.000000
23663.000000,10629.000000,16007.000000,53795.000000
23806.000000,10733.000000,16106.000000,53932.000000
23947.000000,10622.000000,16095.000000,53918.000000
23835.000000,10649.000000,16092.000000,53951.000000
23738.000000,10680.000000,16086.000000,53794.000000
23956.000000,10713.000000,16152.000000,53873.000000
23879.000000,10659.000000,15999.000000,53903.000000
23919.000000,10699.000000,16057.000000,53843.000000
23744.000000,10575.000000,15965.000000,53842.000000
23789.000000,10708.000000,16037.000000,53957.000000
23820.000000,10679.000000,15940.000000,53769.000000
23945.000000,10692.000000,15983.000000,53793.000000
23731.000000,10623.000000,15937.000000,53903.000000
23814.000000,10606.000000,15963.000000,53828.000000
23742.000000,10531.000000,15978.000000,53655.000000
23693.000000,10557.000000,16103.000000,53945.000000
23801.000000,10509.000000,15892.000000,53800.000000
23736.000000,10532.000000,15902.000000,53861.000000
23706.000000,10500.000000,16004.000000,53871.000000
23562.000000,10528.000000,15711.000000,53732.000000
23693.000000,10495.000000,15930.000000,53703.000000
23704.000000,10553.000000,15963.000000,53824.000000
23615.000000,10531.000000,15913.000000,53861.000000
23745.000000,10564.000000,15947.000000,53854.000000
23657.000000,10419.000000,15867.000000,53880.000000
23673.000000,10539.000000,15848.000000,53716.000000
23718.000000,10499.000000,15818.000000,53773.000000
23747.000000,10419.000000,15717.000000,53696.000000
23693.000000,10482.000000,15816.000000,53729.000000
23689.000000,10584.000000,15871.000000,53830.000000
23640.000000,10578.000000,15880.000000,53753.000000
23503.000000,10544.000000,15800.000000,53748.000000
23647.000000,10558.000000,15863.000000,53768.000000
23639.000000,10584.000000,15829.000000,53808.000000
23597.000000,10547.000000,15898.000000,53762.000000
23882.000000,10478.000000,15732.000000,53730.000000
23587.000000,10565.000000,15743.000000,53680.000000
23557.000000,10491.000000,15887.000000,53883.000000
23592.000000,10465.000000,15855.000000,53720.000000
23609.000000,10477.000000,15832.000000,53687.000000
23552.000000,10587.000000,15856.000000,53671.000000
23582.000000,10422.000000,15647.000000,53744.000000
23548.000000,10482.000000,15844.000000,53801.000000
23658.000000,10548.000000,15837.000000,53632.000000
23587.000000,10553.000000,15828.000000,53801.000000
23685.000000,10564.000000,15819.000000,53798.000000
23580.000000,10475.000000,15886.000000,53794.000000
23558.000000,10478.000000,15711.000000,53797.000000
23683.000000,10553.000000,15856.000000,53706.000000
23703.000000,10535.000000,15801.000000,53852.000000
23511.000000,10533.000000,15825.000000,53778.000000
23566.000000,10386.000000,15821.000000,53789.000000
23687.000000,10454.000000,15822.000000,53766.000000
23694.000000,10429.000000,15770.000000,53690.000000
23543.000000,10484.000000,15830.000000,53604.000000
23587.000000,10471.000000,15787.000000,53716.000000
23649.000000,10456.000000,15745.000000,53767.000000
23643.000000,10431.000000,15785.000000,53745.000000
23542.000000,10448.000000,15793.000000,53715.000000
23633.000000,10399.000000,15866.000000,53728.000000
23583.000000,10326.000000,15898.000000,53726.000000
23580.000000,10403.000000,15832.000000,53710.000000
23404.000000,10473.000000,15692.000000,53798.000000
23696.000000,10402.000000,15666.000000,53677.000000
23653.000000,10402.000000,15638.000000,53720.000000
23612.000000,10381.000000,15733.000000,53704.000000
23608.000000,10378.000000,15836.000000,53735.000000
23530.000000,10449.000000,15710.000000,53659.000000
23560.000000,10401.000000,15739.000000,53800.000000
23564.000000,10420.000000,15760.000000,53721.000000
23477.000000,10349.000000,15768.000000,53728.000000
23621.000000,10353.000000,15698.000000,53793.000000
23542.000000,10344.000000,15638.000000,53607.000000
23713.000000,10440.000000,15748.000000,53793.000000
23655.000000,10412.000000,15676.000000,53763.000000
23587.000000,10394.000000,15799.000000,53840.000000
23632.000000,10471.000000,15766.000000,53784.000000
23552.000000,10462.000000,15842.000000,53712.000000
23529.000000,10419.000000,15924.000000,53788.000000
23794.000000,10504.000000,15840.000000,53809.000000
23729.000000,10636.000000,15800.000000,53857.000000
23777.000000,10477.000000,15818.000000,53728.000000
23693.000000,10449.000000,15814.000000,53767.000000
23751.000000,10436.000000,15872.000000,54030.000000
23566.000000,10494.000000,15897.000000,53826.000000
23708.000000,10669.000000,15943.000000,53825.000000
23684.000000,10591.000000,15845.000000,53725.000000
23673.000000,10602.000000,15794.000000,53926.000000
23761.000000,10553.000000,15965.000000,53896.000000
23610.000000,10380.000000,15904.000000,53767.000000
23700.000000,10507.000000,15982.000000,53874.000000
23782.000000,10805.000000,16013.000000,53921.000000
23752.000000,10641.000000,15996.000000,53847.000000
23706.000000,10588.000000,16072.000000,53891.000000
23801.000000,10581.000000,15956.000000,53971.000000
23940.000000,10739.000000,16206.000000,53895.000000
23930.000000,10661.000000,16218.000000,53913.000000
23891.000000,10520.000000,16182.000000,53918.000000
24099.000000,10734.000000,16245.000000,53727.000000
24024.000000,10739.000000,16334.000000,54016.000000
24062.000000,10767.000000,16373.000000,54014.000000
24108.000000,10878.000000,16364.000000,54084.000000
24154.000000,10830.000000,16600.000000,54034.000000
24282.000000,10995.000000,16494.000000,54197.000000
24336.000000,10958.000000,16665.000000,54224.000000
24292.000000,11137.000000,16714.000000,54117.000000
24531.000000,11133.000000,16764.000000,54267.000000
24481.000000,11150.000000,16783.000000,54294.000000
24547.000000,11166.000000,16838.000000,54269.000000
24402.000000,11182.000000,16645.000000,54300.000000
24599.000000,11210.000000,16955.000000,54262.000000
24643.000000,11044.000000,16949.000000,54349.000000
24580.000000,11339.000000,16992.000000,54417.000000
24509.000000,11220.000000,17063.000000,54461.000000
24725.000000,11229.000000,17010.000000,54423.000000
24668.000000,11351.000000,16995.000000,54350.000000
24632.000000,11237.000000,16944.000000,54404.000000
24453.000000,11161.000000,16830.000000,54290.000000
24585.000000,11291.000000,16903.000000,54417.000000
24442.000000,11282.000000,16941.000000,54358.000000
24559.000000,11193.000000,17020.000000,54397.000000
24455.000000,11237.000000,16869.000000,54342.000000
24625.000000,11224.000000,16845.000000,54308.000000
24575.000000,11235.000000,16942.000000,54365.000000
24490.000000,11129.000000,16906.000000,54389.000000
24490.000000,11291.000000,16906.000000,54425.000000
24480.000000,11350.000000,16876.000000,54405.000000
24474.000000,11180.000000,16873.000000,54321.000000
24486.000000,11118.000000,16900.000000,54372.000000
24408.000000,11184.000000,16870.000000,54353.000000
24612.000000,11110.000000,16909.000000,54271.000000
24628.000000,11143.000000,16787.000000,54301.000000
24544.000000,11119.000000,16856.000000,54289.000000
24489.000000,11074.000000,16720.000000,54209.000000
24571.000000,11013.000000,16740.000000,54259.000000
24416.000000,11110.000000,16729.000000,54392.000000
24544.000000,11173.000000,16776.000000,54250.000000
24490.000000,11030.000000,16590.000000,54337.000000
24474.000000,11037.000000,16770.000000,54180.000000
24407.000000,11100.000000,16653.000000,54221.000000
24347.000000,11073.000000,16790.000000,54190.000000
24407.000000,11168.000000,16854.000000,54353.000000
24339.000000,11106.000000,16671.000000,54261.000000
24340.000000,11131.000000,16720.000000,54244.000000
24268.000000,11068.000000,16663.000000,54191.000000
24376.000000,11057.000000,16701.000000,54191.000000
24440.000000,11054.000000,16644.000000,54098.000000
24374.000000,11048.000000,16707.000000,54254.000000
24349.000000,10943.000000,16575.000000,54120.000000
24336.000000,10970.000000,16690.000000,54161.000000
24284.000000,11212.000000,16591.000000,54101.000000
24235.000000,11019.000000,16611.000000,54195.000000
24316.000000,10935.000000,16614.000000,54167.000000
24383.000000,10906.000000,16635.000000,54159.000000
24292.000000,10964.000000,16541.000000,54117.000000
24326.000000,10997.000000,16613.000000,54149.000000
24322.000000,10893.000000,16504.000000,54229.000000
24311.000000,11057.000000,16530.000000,54222.000000
24284.000000,10940.000000,16519.000000,54120.000000
24238.000000,11020.000000,16543.000000,54234.000000
24316.000000,10952.000000,16570.000000,54113.000000
24197.000000,10877.000000,16492.000000,54075.000000
24323.000000,10926.000000,16373.000000,53947.000000
24171.000000,10784.000000,16460.000000,54218.000000
24175.000000,10846.000000,16458.000000,54195.000000
24171.000000,10942.000000,16453.000000,54113.000000
24143.000000,10824.000000,16318.000000,54047.000000
24063.000000,10877.000000,16586.000000,54211.000000
24079.000000,10845.000000,16466.000000,54003.000000
24289.000000,10868.000000,16420.000000,54088.000000
24288.000000,10836.000000,16326.000000,54158.000000
24154.000000,10869.000000,16336.000000,54115.000000
24167.000000,10869.000000,16386.000000,54154.000000
24319.000000,10784.000000,16348.000000,54100.000000
24185.000000,10980.000000,16401.000000,54062.000000
24074.000000,10736.000000,16414.000000,54165.000000
24095.000000,10877.000000,16403.000000,53966.000000
24121.000000,10828.000000,16181.000000,54043.000000
24159.000000,10850.000000,16304.000000,54082.000000
24053.000000,10789.000000,16353.000000,54139.000000
24015.000000,10782.000000,16283.000000,54066.000000
24088.000000,10793.000000,16232.000000,54017.000000
24139.000000,10743.000000,16266.000000,54022.000000
24075.000000,10707.000000,16436.000000,54033.000000
24089.000000,10823.000000,16255.000000,54028.000000
24157.000000,10813.000000,16298.000000,54120.000000
24163.000000,10794.000000,16146.000000,54073.000000
24011.000000,10798.000000,16318.000000,53957.000000
24016.000000,10764.000000,16262.000000,54037.000000
24038.000000,10768.000000,16188.000000,54027.000000
24051.000000,10765.000000,16324.000000,53987.000000
24001.000000,10721.000000,16242.000000,53874.000000
24098.000000,10784.000000,16191.000000,54034.000000
24031.000000,10796.000000,16243.000000,54015.000000
24085.000000,10626.000000,16229.000000,54000.000000
24054.000000,10674.000000,16301.000000,53786.000000
24025.000000,10768.000000,16232.000000,54019.000000
24037.000000,10774.000000,16304.000000,54051.000000
23917.000000,10704.000000,16262.000000,54113.000000
24112.000000,10707.000000,16333.000000,54006.000000
24050.000000,10773.000000,16234.000000,54041.000000
24080.000000,10672.000000,16324.000000,53962.000000
24077.000000,10788.000000,16200.000000,54009.000000
24021.000000,10681.000000,16205.000000,54053.000000
24060.000000,10846.000000,16227.000000,54016.000000
24022.000000,10813.000000,16264.000000,54031.000000
24076.000000,10605.000000,16157.000000,53977.000000
23986.000000,10637.000000,16232.000000,54081.000000
24054.000000,10675.000000,16243.000000,54110.000000
24157.000000,10734.000000,16165.000000,53996.000000
24113.000000,10697.000000,16237.000000,53965.000000
23978.000000,10616.000000,16109.000000,53959.000000
24011.000000,10748.000000,16369.000000,53914.000000
23917.000000,10728.000000,16142.000000,54051.000000
23915.000000,10841.000000,16259.000000,53926.000000
23993.000000,10726.000000,16218.000000,53991.000000
24119.000000,10691.000000,16192.000000,54036.000000
23949.000000,10693.000000,16312.000000,53995.000000
23920.000000,10574.000000,16071.000000,54104.000000
23961.000000,10692.000000,16173.000000,53981.000000
23988.000000,10729.000000,16170.000000,54026.000000
23983.000000,10680.000000,16144.000000,53977.000000
23921.000000,10624.000000,16182.000000,54022.000000
23956.000000,10707.000000,16132.000000,53796.000000
24106.000000,10698.000000,16188.000000,53931.000000
24018.000000,10636.000000,16210.000000,53882.000000
23929.000000,10599.000000,16087.000000,53943.000000
23982.000000,10590.000000,16157.000000,54018.000000
23933.000000,10744.000000,16134.000000,54066.000000
23993.000000,10685.000000,16087.000000,54047.000000
23945.000000,10706.000000,16074.000000,53992.000000
24119.000000,10875.000000,16147.000000,54001.000000
23981.000000,10778.000000,16225.000000,53958.000000
23925.000000,10724.000000,16157.000000,53961.000000
23962.000000,10549.000000,16210.000000,53966.000000
23856.000000,10728.000000,16194.000000,53836.000000
23967.000000,10761.000000,16209.000000,54028.000000
23952.000000,10719.000000,16148.000000,53899.000000
23871.000000,10657.000000,16346.000000,53970.000000
24007.000000,10666.000000,16112.000000,53971.000000
24085.000000,10732.000000,16275.000000,54056.000000
24013.000000,10777.000000,16274.000000,53958.000000
23980.000000,10723.000000,16149.000000,54049.000000
24132.000000,10733.000000,16236.000000,54039.000000
24122.000000,10730.000000,16305.000000,54069.000000
24014.000000,10777.000000,16216.000000,54131.000000
23981.000000,10776.000000,16279.000000,54083.000000
24080.000000,10745.000000,16392.000000,54062.000000
24144.000000,10783.000000,16457.000000,54092.000000
24043.000000,10940.000000,16299.000000,54079.000000
24150.000000,10874.000000,16465.000000,54079.000000
24154.000000,10934.000000,16616.000000,54051.000000
24312.000000,10910.000000,16613.000000,54272.000000
24236.000000,10943.000000,16694.000000,54230.000000
24262.000000,11048.000000,16823.000000,54300.000000
24478.000000,11038.000000,16685.000000,54414.000000
24530.000000,11222.000000,16903.000000,54382.000000
24600.000000,11159.000000,17000.000000,54340.000000
24411.000000,11203.000000,17050.000000,54448.000000
24720.000000,11370.000000,17206.000000,54408.000000
24809.000000,11406.000000,17255.000000,54473.000000
24749.000000,11463.000000,17327.000000,54493.000000
24932.000000,11475.000000,17323.000000,54512.000000
24903.000000,11629.000000,17308.000000,54679.000000
24926.000000,11582.000000,17415.000000,54590.000000
24905.000000,11580.000000,17482.000000,54587.000000
25035.000000,11555.000000,17625.000000,54462.000000
25171.000000,11692.000000,17555.000000,54672.000000
25121.000000,11606.000000,17573.000000,54628.000000
25002.000000,11672.000000,17621.000000,54569.000000
25030.000000,11664.000000,17629.000000,54667.000000
25097.000000,11520.000000,17586.000000,54557.000000
25090.000000,11642.000000,17567.000000,54631.000000
24943.000000,11641.000000,17624.000000,54566.000000
25103.000000,11700.000000,17548.000000,54629.000000
25056.000000,11635.000000,17541.000000,54552.000000
25002.000000,11541.000000,17530.000000,54625.000000
24897.000000,11518.000000,17622.000000,54634.000000
24982.000000,11737.000000,17530.000000,54637.000000
25072.000000,11732.000000,17409.000000,54534.000000
24878.000000,11757.000000,17510.000000,54812.000000
24815.000000,11535.000000,17480.000000,54632.000000
25199.000000,11668.000000,17493.000000,54649.000000
25021.000000,11636.000000,17571.000000,54538.000000
24935.000000,11656.000000,17573.000000,54650.000000
24743.000000,11561.000000,17529.000000,54413.000000
25008.000000,11641.000000,17570.000000,54593.000000
24889.000000,11703.000000,17548.000000,54503.000000
24990.000000,11591.000000,17570.000000,54613.000000
24874.000000,11707.000000,17487.000000,54581.000000
25051.000000,11634.000000,17519.000000,54493.000000
24968.000000,11571.000000,17490.000000,54543.000000
24859.000000,11585.000000,17469.000000,54492.000000
24794.000000,11540.000000,17738.000000,54577.000000
25176.000000,11548.000000,17488.000000,54525.000000
24987.000000,11594.000000,17621.000000,54528.000000
24832.000000,11665.000000,17515.000000,54487.000000
24945.000000,11503.000000,17660.000000,54476.000000
25061.000000,11763.000000,17587.000000,54621.000000
24881.000000,11546.000000,17483.000000,54530.000000
24773.000000,11502.000000,17437.000000,54491.000000
24831.000000,11452.000000,17389.000000,54492.000000
24937.000000,11579.000000,17563.000000,54453.000000
24846.000000,11651.000000,17442.000000,54510.000000
24813.000000,11536.000000,17430.000000,54382.000000
24903.000000,11554.000000,17470.000000,54567.000000
24978.000000,11455.000000,17307.000000,54463.000000
24839.000000,11566.000000,17490.000000,54498.000000
24795.000000,11632.000000,17252.000000,54477.000000
24838.000000,11498.000000,17518.000000,54420.000000
24842.000000,11468.000000,17508.000000,54489.000000
24906.000000,11537.000000,17441.000000,54503.000000
24828.000000,11608.000000,17606.000000,54554.000000
24774.000000,11593.000000,17504.000000,54533.000000
24764.000000,11516.000000,17443.000000,54587.000000
24784.000000,11532.000000,17520.000000,54573.000000
24805.000000,11644.000000,17507.000000,54554.000000
24909.000000,11485.000000,17462.000000,54597.000000
24946.000000,11491.000000,17574.000000,54473.000000
24904.000000,11542.000000,17472.000000,54440.000000
24743.000000,11607.000000,17514.000000,54491.000000
24957.000000,11626.000000,17536.000000,54533.000000
24926.000000,11578.000000,17546.000000,54529.000000
24893.000000,11539.000000,17612.000000,54404.000000
24823.000000,11600.000000,17620.000000,54518.000000
24946.000000,11509.000000,17610.000000,54558.000000
24906.000000,11577.000000,17582.000000,54567.000000
24932.000000,11576.000000,17544.000000,54536.000000
24812.000000,11603.000000,17538.000000,54511.000000
25032.000000,11584.000000,17580.000000,54474.000000
24845.000000,11699.000000,17476.000000,54611.000000
24919.000000,11669.000000,17478.000000,54436.000000
24953.000000,11623.000000,17559.000000,54559.000000
24810.000000,11620.000000,17601.000000,54549.000000
24952.000000,11707.000000,17583.000000,54554.000000
24789.000000,11584.000000,17568.000000,54542.000000
24890.000000,11624.000000,17590.000000,54560.000000
24889.000000,11692.000000,17516.000000,54589.000000
25090.000000,11598.000000,17541.000000,54559.000000
24887.000000,11638.000000,17597.000000,54393.000000
24853.000000,11653.000000,17619.000000,54532.000000
24972.000000,11672.000000,17604.000000,54575.000000
24899.000000,11690.000000,17581.000000,54541.000000
24884.000000,11604.000000,17800.000000,54427.000000
24946.000000,11647.000000,17593.000000,54633.000000
25024.000000,11502.000000,17631.000000,54574.000000
25001.000000,11688.000000,17611.000000,54596.000000
24885.000000,11603.000000,17554.000000,54612.000000
25022.000000,11662.000000,17601.000000,54589.000000
25002.000000,11647.000000,17555.000000,54556.000000
25042.000000,11685.000000,17574.000000,54602.000000
24926.000000,11682.000000,17703.000000,54631.000000
24914.000000,11760.000000,17590.000000,54607.000000
25112.000000,11840.000000,17652.000000,54628.000000
24935.000000,11725.000000,17631.000000,54604.000000
24956.000000,11649.000000,17583.000000,54717.000000
25056.000000,11731.000000,17668.000000,54620.000000
24926.000000,11840.000000,17558.000000,54686.000000
24865.000000,11800.000000,17661.000000,54567.000000
24863.000000,11742.000000,17797.000000,54651.000000
24895.000000,11865.000000,17727.000000,54636.000000
25024.000000,11742.000000,17776.000000,54608.000000
24983.000000,11786.000000,17712.000000,54648.000000
24729.000000,11718.000000,17669.000000,54726.000000
24996.000000,11754.000000,17800.000000,54568.000000
25056.000000,11829.000000,17767.000000,54582.000000
24944.000000,11798.000000,17755.000000,54654.000000
24918.000000,11786.000000,17725.000000,54601.000000
25045.000000,11821.000000,17651.000000,54555.000000
25015.000000,11814.000000,17708.000000,54681.000000
24953.000000,11846.000000,17820.000000,54746.000000
24850.000000,11801.000000,17750.000000,54710.000000
24951.000000,11760.000000,17795.000000,54682.000000
25068.000000,11832.000000,17848.000000,54717.000000
24901.000000,11836.000000,17738.000000,54698.000000
24800.000000,11789.000000,17611.000000,54576.000000
24849.000000,11872.000000,17860.000000,54580.000000
24935.000000,11782.000000,17772.000000,54631.000000
24869.000000,11784.000000,17683.000000,54569.000000
24747.000000,11681.000000,17715.000000,54644.000000
25033.000000,11816.000000,17666.000000,54604.000000
25105.000000,11853.000000,17590.000000,54535.000000
24715.000000,11672.000000,17765.000000,54653.000000
24806.000000,11591.000000,17705.000000,54674.000000
24785.000000,11707.000000,17531.000000,54679.000000
24833.000000,11713.000000,17641.000000,54560.000000
24764.000000,11720.000000,17704.000000,54600.000000
24879.000000,11747.000000,17663.000000,54572.000000
24846.000000,11780.000000,17737.000000,54651.000000
24756.000000,11720.000000,17656.000000,54583.000000
24789.000000,11619.000000,17501.000000,54858.000000
24724.000000,11689.000000,17569.000000,54636.000000
24772.000000,11655.000000,17594.000000,54626.000000
24862.000000,11727.000000,17644.000000,54607.000000
24821.000000,11825.000000,17605.000000,54790.000000
24795.000000,11795.000000,17645.000000,54535.000000
24811.000000,11828.000000,17645.000000,54634.000000
24699.000000,11860.000000,17536.000000,54588.000000
24654.000000,11720.000000,17644.000000,54644.000000
24755.000000,11743.000000,17650.000000,54597.000000
24779.000000,11696.000000,17541.000000,54639.000000
24703.000000,11684.000000,17566.000000,54581.000000
24621.000000,11711.000000,17678.000000,54525.000000
24632.000000,11755.000000,17457.000000,54624.000000
24723.000000,11779.000000,17633.000000,54547.000000
24564.000000,11766.000000,17479.000000,54575.000000
24620.000000,11716.000000,17494.000000,54503.000000
24585.000000,11762.000000,17604.000000,54487.000000
24557.000000,11818.000000,17533.000000,54485.000000
24498.000000,11699.000000,17465.000000,54441.000000
24513.000000,11699.000000,17579.000000,54462.000000
24502.000000,11925.000000,17593.000000,54637.000000
24567.000000,11842.000000,17735.000000,54419.000000
24497.000000,11861.000000,17604.000000,54600.000000
24517.000000,11852.000000,17585.000000,54336.000000
24619.000000,11993.000000,17682.000000,54503.000000
24647.000000,11987.000000,17684.000000,54696.000000
24646.000000,12000.000000,17760.000000,54534.000000
24741.000000,12062.000000,17796.000000,54522.000000
24825.000000,12057.000000,17899.000000,54542.000000
24928.000000,12192.000000,17886.000000,54692.000000
24781.000000,12171.000000,17925.000000,54599.000000
24874.000000,12253.000000,18077.000000,54703.000000
24882.000000,12253.000000,17943.000000,54644.000000
24958.000000,12288.000000,18001.000000,54754.000000
24876.000000,12240.000000,18145.000000,54624.000000
24905.000000,12217.000000,18037.000000,54663.000000
24919.000000,12391.000000,18029.000000,54639.000000
24879.000000,12202.000000,18014.000000,54646.000000
24834.000000,12222.000000,17909.000000,54643.000000
24925.000000,12248.000000,17989.000000,54642.000000
24887.000000,12103.000000,17976.000000,54653.000000
24862.000000,12355.000000,17896.000000,54541.000000
24682.000000,12230.000000,17884.000000,54667.000000
24867.000000,12244.000000,17940.000000,54614.000000
24762.000000,12198.000000,17891.000000,54673.000000
24888.000000,12129.000000,17852.000000,54652.000000
24822.000000,12120.000000,17774.000000,54591.000000
24807.000000,12243.000000,17837.000000,54569.000000
24786.000000,12190.000000,17784.000000,54548.000000
24853.000000,12264.000000,17716.000000,54474.000000
24769.000000,12163.000000,17809.000000,54515.000000
24820.000000,12319.000000,17736.000000,54482.000000
24755.000000,12140.000000,17714.000000,54465.000000
24657.000000,12062.000000,17587.000000,54376.000000
24637.000000,12125.000000,17569.000000,54501.000000
24662.000000,12034.000000,17628.000000,54386.000000
24584.000000,12067.000000,17673.000000,54489.000000
24553.000000,12109.000000,17630.000000,54487.000000
24479.000000,12110.000000,17588.000000,54455.000000
24720.000000,12113.000000,17603.000000,54460.000000
24669.000000,12111.000000,17623.000000,54434.000000
24523.000000,12046.000000,17430.000000,54447.000000
24535.000000,11950.000000,17373.000000,54412.000000
24615.000000,12066.000000,17471.000000,54387.000000
24556.000000,12013.000000,17534.000000,54431.000000
24521.000000,11903.000000,17317.000000,54449.000000
24582.000000,11984.000000,17715.000000,54415.000000
24587.000000,11940.000000,17487.000000,54547.000000
24519.000000,12024.000000,17518.000000,54445.000000
24449.000000,12078.000000,17533.000000,54388.000000
24509.000000,11945.000000,17475.000000,54403.000000
24539.000000,12012.000000,17422.000000,54471.000000
24518.000000,11993.000000,17390.000000,54304.000000
24464.000000,11919.000000,17395.000000,54324.000000
24499.000000,11939.000000,17293.000000,54237.000000
24507.000000,11964.000000,17389.000000,54272.000000
24450.000000,11956.000000,17373.000000,54332.000000
24353.000000,11828.000000,17285.000000,54144.000000
24495.000000,11874.000000,17301.000000,54248.000000
24471.000000,12015.000000,17318.000000,54286.000000
24458.000000,11917.000000,17314.000000,54330.000000
24348.000000,11866.000000,17359.000000,54429.000000
24311.000000,11840.000000,17207.000000,54309.000000
24387.000000,11929.000000,17316.000000,54252.000000
24249.000000,11890.000000,17310.000000,54164.000000
24273.000000,11742.000000,17213.000000,54217.000000
24363.000000,11769.000000,17109.000000,54226.000000
24209.000000,11867.000000,17197.000000,54359.000000
24309.000000,11898.000000,17247.000000,54249.000000
24218.000000,11841.000000,17186.000000,54169.000000
24410.000000,11804.000000,17133.000000,54195.000000
24397.000000,11640.000000,17274.000000,54072.000000
24481.000000,11845.000000,17088.000000,54343.000000
24222.000000,11806.000000,17103.000000,54275.000000
24263.000000,11868.000000,17152.000000,54269.000000
24298.000000,11779.000000,17110.000000,54222.000000
24281.000000,11691.000000,17157.000000,54226.000000
24103.000000,11698.000000,17101.000000,54214.000000
24224.000000,11683.000000,17032.000000,54217.000000
24319.000000,11810.000000,17097.000000,54194.000000
24211.000000,11792.000000,17095.000000,54263.000000
24118.000000,11585.000000,16890.000000,54216.000000
24240.000000,11808.000000,16976.000000,54177.000000
24158.000000,11891.000000,17003.000000,54090.000000
24222.000000,11666.000000,16861.000000,54424.000000
24422.000000,11644.000000,16792.000000,54239.000000
24267.000000,11792.000000,17008.000000,54093.000000
24231.000000,11775.000000,16992.000000,54222.000000
24318.000000,11587.000000,16947.000000,54255.000000
24308.000000,11630.000000,16878.000000,54134.000000
24226.000000,11731.000000,17010.000000,54127.000000
24189.000000,11717.000000,16969.000000,54174.000000
24218.000000,11723.000000,17028.000000,54086.000000
24190.000000,11522.000000,17026.000000,54321.000000
24164.000000,11537.000000,16899.000000,54331.000000
24194.000000,11665.000000,17035.000000,54247.000000
24148.000000,11711.000000,17019.000000,54173.000000
24227.000000,11678.000000,16790.000000,53986.000000
24387.000000,11878.000000,16945.000000,54066.000000
24469.000000,11661.000000,16975.000000,54140.000000
24060.000000,11569.000000,16980.000000,54279.000000
24271.000000,11719.000000,16884.000000,54152.000000
24235.000000,11743.000000,16915.000000,54126.000000
24180.000000,11760.000000,17001.000000,54140.000000
24194.000000,11656.000000,16828.000000,54132.000000
24237.000000,11664.000000,16909.000000,54039.000000
24180.000000,11762.000000,16874.000000,54121.000000
24096.000000,11765.000000,17016.000000,54036.000000
24081.000000,11805.000000,16900.000000,54044.000000
24135.000000,11656.000000,16943.000000,54110.000000
24175.000000,11589.000000,16990.000000,54245.000000
24135.000000,11621.000000,16888.000000,54028.000000
23897.000000,11493.000000,16892.000000,54062.000000
24141.000000,11625.000000,16909.000000,54071.000000
24195.000000,11785.000000,16969.000000,53968.000000
24274.000000,11713.000000,16879.000000,54061.000000
24177.000000,11604.000000,16934.000000,54042.000000
24089.000000,11602.000000,16823.000000,54140.000000
24102.000000,11677.000000,16866.000000,54077.000000
24114.000000,11570.000000,16885.000000,54093.000000
24127.000000,11559.000000,16835.000000,53968.000000
24180.000000,11567.000000,17016.000000,54196.000000
24110.000000,11643.000000,16804.000000,54077.000000
24092.000000,11625.000000,16712.000000,53943.000000
23996.000000,11557.000000,16797.000000,54130.000000
24098.000000,11641.000000,16818.000000,54159.000000
24100.000000,11650.000000,16769.000000,54102.000000
24052.000000,11551.000000,16818.000000,54124.000000
24025.000000,11672.000000,16743.000000,53948.000000
24153.000000,11624.000000,16813.000000,54072.000000
24076.000000,11652.000000,16765.000000,54077.000000
24113.000000,11569.000000,16822.000000,54046.000000
24131.000000,11645.000000,16884.000000,54075.000000
24125.000000,11727.000000,16887.000000,54046.000000
24075.000000,11640.000000,16837.000000,54090.000000
23998.000000,11726.000000,16804.000000,54105.000000
24267.000000,11640.000000,16886.000000,54236.000000
24226.000000,11832.000000,16826.000000,54022.000000
24189.000000,11626.000000,16883.000000,54201.000000
23962.000000,11551.000000,16841.000000,54180.000000
24204.000000,11717.000000,16942.000000,54120.000000
24285.000000,11540.000000,16918.000000,54209.000000
24187.000000,11748.000000,16959.000000,54187.000000
24436.000000,11663.000000,16910.000000,54190.000000
24349.000000,11610.000000,16720.000000,54293.000000
24317.000000,11621.000000,16950.000000,54154.000000
24286.000000,11773.000000,17069.000000,54191.000000
24234.000000,11836.000000,16996.000000,54149.000000
24283.000000,11720.000000,17004.000000,54209.000000
24285.000000,11808.000000,17184.000000,54242.000000
24399.000000,11977.000000,17070.000000,54433.000000
24417.000000,11799.000000,17092.000000,54230.000000
24386.000000,11839.000000,17265.000000,54303.000000
24436.000000,11850.000000,17172.000000,54190.000000
24457.000000,11913.000000,17185.000000,54302.000000
24349.000000,11752.000000,17295.000000,54300.000000
24526.000000,11862.000000,17248.000000,54393.000000
24545.000000,12055.000000,17294.000000,54365.000000
24398.000000,11892.000000,17223.000000,54516.000000
24407.000000,11885.000000,17371.000000,54345.000000
24652.000000,11967.000000,17380.000000,54421.000000
24662.000000,12125.000000,17393.000000,54426.000000
24689.000000,12025.000000,17472.000000,54406.000000
24711.000000,12184.000000,17383.000000,54360.000000
24942.000000,12106.000000,17650.000000,54581.000000
24865.000000,12299.000000,17766.000000,54524.000000
24869.000000,12136.000000,17721.000000,54591.000000
24953.000000,12225.000000,17711.000000,54604.000000
25247.000000,12285.000000,17817.000000,54632.000000
25000.000000,12263.000000,17914.000000,54540.000000
25021.000000,12357.000000,17925.000000,54598.000000
25036.000000,12281.000000,17890.000000,54634.000000
24899.000000,12262.000000,17794.000000,54904.000000
25049.000000,12389.000000,17932.000000,54696.000000
24946.000000,12263.000000,17887.000000,54610.000000
25063.000000,12316.000000,17899.000000,54781.000000
25233.000000,12275.000000,17819.000000,54622.000000
24930.000000,12393.000000,17917.000000,54646.000000
25159.000000,12283.000000,17786.000000,54469.000000
25330.000000,12364.000000,17819.000000,54655.000000
25120.000000,12385.000000,17851.000000,54727.000000
25074.000000,12279.000000,17837.000000,54628.000000
24945.000000,12453.000000,17902.000000,54598.000000
25001.000000,12294.000000,17892.000000,54611.000000
25087.000000,12335.000000,17727.000000,54510.000000
25028.000000,12384.000000,17709.000000,54579.000000
24828.000000,12232.000000,17829.000000,54594.000000
25013.000000,12277.000000,17762.000000,54627.000000
25006.000000,12340.000000,17735.000000,54569.000000
24912.000000,12383.000000,17818.000000,54483.000000
24792.000000,12242.000000,17678.000000,54647.000000
24967.000000,12405.000000,17664.000000,54687.000000
24967.000000,12226.000000,17567.000000,54702.000000
24951.000000,12232.000000,17736.000000,54566.000000
24778.000000,12232.000000,17673.000000,54565.000000
24833.000000,12194.000000,17623.000000,54566.000000
24822.000000,12265.000000,17671.000000,54499.000000
24876.000000,12242.000000,17681.000000,54611.000000
24911.000000,12192.000000,17678.000000,54655.000000
25019.000000,12203.000000,17608.000000,54602.000000
24892.000000,12146.000000,17551.000000,54450.000000
24806.000000,12126.000000,17586.000000,54490.000000
24836.000000,12131.000000,17795.000000,54654.000000
24890.000000,12185.000000,17556.000000,54761.000000
24857.000000,12184.000000,17530.000000,54373.000000
24835.000000,12156.000000,17546.000000,54523.000000
24818.000000,12112.000000,17484.000000,54516.000000
24931.000000,12135.000000,17548.000000,54565.000000
24830.000000,12184.000000,17589.000000,54603.000000
24770.000000,12031.000000,17500.000000,54494.000000
24768.000000,12174.000000,17490.000000,54557.000000
24865.000000,12060.000000,17537.000000,54454.000000
24852.000000,12140.000000,17516.000000,54436.000000
24813.000000,12102.000000,17461.000000,54355.000000
24793.000000,12079.000000,17448.000000,54437.000000
24801.000000,12103.000000,17617.000000,54588.000000
24749.000000,12099.000000,17508.000000,54438.000000
24756.000000,12180.000000,17428.000000,54424.000000
24723.000000,12068.000000,17472.000000,54539.000000
24693.000000,12073.000000,17411.000000,54480.000000
24778.000000,12050.000000,17493.000000,54443.000000
24645.000000,11955.000000,17301.000000,54466.000000
24633.000000,12052.000000,17458.000000,54461.000000
24765.000000,12132.000000,17485.000000,54531.000000
24599.000000,12117.000000,17554.000000,54331.000000
24639.000000,11983.000000,17324.000000,54427.000000
24751.000000,12054.000000,17322.000000,54439.000000
24730.000000,12183.000000,17478.000000,54349.000000
24645.000000,12058.000000,17327.000000,54397.000000
24692.000000,11932.000000,17316.000000,54361.000000
24814.000000,12061.000000,17303.000000,54389.000000
24715.000000,12051.000000,17401.000000,54387.000000
24684.000000,11950.000000,17413.000000,54307.000000
24641.000000,11977.000000,17252.000000,54364.000000
24681.000000,12055.000000,17285.000000,54312.000000
24773.000000,11946.000000,17230.000000,54380.000000
24791.000000,12061.000000,17313.000000,54369.000000
24610.000000,11972.000000,17361.000000,54398.000000
24718.000000,11992.000000,17301.000000,54448.000000
24656.000000,11989.000000,17407.000000,54361.000000
24611.000000,11960.000000,17411.000000,54519.000000
24556.000000,11944.000000,17304.000000,54463.000000
24691.000000,12062.000000,17286.000000,54477.000000
24634.000000,12037.000000,17350.000000,54316.000000
24804.000000,12010.000000,17311.000000,54341.000000
24618.000000,11924.000000,17397.000000,54390.000000
24638.000000,12028.000000,17244.000000,54398.000000
24622.000000,12016.000000,17333.000000,54369.000000
24656.000000,11951.000000,17248.000000,54369.000000
24705.000000,12046.000000,17317.000000,54419.000000
24623.000000,11874.000000,17318.000000,54484.000000
24643.000000,11993.000000,17282.000000,54388.000000
24636.000000,12092.000000,17287.000000,54380.000000
24578.000000,11945.000000,17128.000000,54593.000000
24706.000000,11949.000000,17155.000000,54385.000000
24686.000000,12030.000000,17342.000000,54342.000000
24655.000000,11919.000000,17378.000000,54349.000000
24634.000000,11995.000000,17312.000000,54330.000000
24658.000000,12039.000000,17318.000000,54366.000000
24701.000000,11888.000000,17280.000000,54411.000000
24567.000000,11916.000000,17302.000000,54404.000000
24694.000000,11924.000000,17220.000000,54387.000000
24723.000000,12027.000000,17280.000000,54370.000000
24606.000000,12012.000000,17311.000000,54358.000000
24509.000000,11896.000000,17278.000000,54247.000000
24775.000000,11961.000000,17213.000000,54438.000000
24540.000000,12072.000000,17202.000000,54564.000000
24407.000000,11966.000000,17319.000000,54193.000000
24515.000000,11986.000000,17181.000000,54335.000000
24683.000000,11988.000000,17240.000000,54392.000000
24695.000000,11993.000000,17199.000000,54345.000000
24687.000000,12042.000000,17143.000000,54426.000000
24784.000000,11866.000000,17383.000000,54219.000000
24716.000000,12033.000000,17377.000000,54562.000000
24627.000000,11879.000000,17321.000000,54410.000000
24572.000000,11839.000000,17311.000000,54298.000000
24620.000000,11933.000000,17202.000000,54357.000000
24644.000000,11989.000000,17312.000000,54314.000000
24670.000000,11988.000000,17327.000000,54369.000000
24621.000000,11909.000000,17123.000000,54206.000000
24618.000000,11935.000000,17271.000000,54393.000000
24665.000000,12129.000000,17245.000000,54341.000000
24597.000000,12010.000000,17282.000000,54359.000000
24744.000000,12044.000000,17256.000000,54278.000000
24665.000000,11943.000000,17299.000000,54360.000000
24666.000000,12170.000000,17304.000000,54369.000000
24588.000000,11977.000000,17358.000000,54365.000000
24645.000000,11886.000000,17375.000000,54350.000000
24624.000000,12062.000000,17340.000000,54319.000000
24719.000000,12049.000000,17412.000000,54406.000000
24665.000000,12048.000000,17407.000000,54500.000000
24587.000000,11963.000000,17366.000000,54385.000000
24804.000000,11885.000000,17285.000000,54406.000000
24699.000000,12012.000000,17377.000000,54480.000000
24886.000000,12058.000000,17451.000000,54429.000000
24800.000000,12069.000000,17455.000000,54518.000000
24788.000000,12059.000000,17504.000000,54481.000000
24749.000000,12043.000000,17417.000000,54519.000000
24853.000000,12130.000000,17458.000000,54524.000000
24741.000000,12057.000000,17436.000000,54547.000000
24829.000000,12127.000000,17473.000000,54554.000000
24928.000000,12053.000000,17542.000000,54651.000000
24800.000000,12171.000000,17553.000000,54526.000000
24837.000000,12018.000000,17475.000000,54488.000000
24981.000000,12064.000000,17645.000000,54476.000000
24943.000000,12301.000000,17572.000000,54571.000000
24914.000000,12033.000000,17725.000000,54613.000000
24831.000000,12154.000000,17699.000000,54608.000000
25018.000000,12281.000000,17884.000000,54703.000000
25162.000000,12267.000000,17829.000000,54677.000000
24973.000000,12283.000000,17820.000000,54751.000000
25014.000000,12307.000000,17875.000000,54636.000000
25041.000000,12354.000000,17889.000000,54738.000000
25044.000000,12355.000000,17883.000000,54757.000000
25231.000000,12263.000000,18016.000000,54729.000000
25351.000000,12381.000000,17964.000000,54788.000000
25445.000000,12418.000000,18109.000000,54932.000000
25399.000000,12513.000000,18343.000000,54849.000000
25363.000000,12517.000000,18260.000000,54863.000000
25457.000000,12490.000000,18259.000000,54964.000000
25450.000000,12596.000000,18321.000000,55020.000000
25566.000000,12722.000000,18304.000000,55010.000000
25370.000000,12644.000000,18367.000000,55064.000000
25561.000000,12577.000000,18282.000000,54914.000000
25743.000000,12653.000000,18318.000000,54958.000000
25685.000000,12634.000000,18393.000000,55013.000000
25355.000000,12656.000000,18348.000000,55024.000000
25590.000000,12585.000000,18393.000000,54912.000000
25581.000000,12790.000000,18329.000000,54898.000000
25572.000000,12645.000000,18381.000000,54775.000000
25542.000000,12712.000000,18262.000000,54896.000000
25544.000000,12681.000000,18340.000000,54794.000000
25525.000000,12672.000000,18220.000000,54963.000000
25551.000000,12657.000000,18353.000000,54973.000000
25714.000000,12703.000000,18290.000000,54837.000000
25549.000000,12694.000000,18312.000000,54957.000000
25507.000000,12743.000000,18308.000000,54932.000000
25546.000000,12654.000000,18337.000000,54906.000000
25504.000000,12664.000000,18346.000000,54931.000000
25502.000000,12660.000000,18255.000000,55003.000000
25471.000000,12525.000000,18235.000000,55064.000000
25490.000000,12835.000000,18091.000000,54913.000000
25503.000000,12507.000000,18482.000000,54912.000000
25497.000000,12623.000000,18294.000000,55025.000000
25453.000000,12565.000000,18286.000000,54949.000000
25465.000000,12546.000000,18221.000000,54985.000000
25316.000000,12559.000000,18342.000000,54902.000000
25334.000000,12474.000000,18150.000000,54879.000000
25434.000000,12567.000000,18229.000000,54944.000000
25483.000000,12530.000000,18117.000000,54904.000000
25447.000000,12490.000000,18175.000000,54819.000000
25509.000000,12563.000000,18190.000000,54964.000000
25645.000000,12609.000000,18166.000000,54803.000000
25396.000000,12522.000000,18289.000000,54865.000000
25436.000000,12665.000000,18173.000000,54845.000000
25544.000000,12559.000000,18129.000000,54859.000000
25443.000000,12554.000000,18274.000000,54768.000000
25285.000000,12595.000000,18146.000000,54882.000000
25382.000000,12551.000000,18125.000000,54808.000000
25393.000000,12520.000000,18122.000000,54845.000000
25408.000000,12520.000000,18126.000000,54814.000000
25327.000000,12486.000000,18127.000000,54789.000000
25293.000000,12544.000000,18139.000000,54734.000000
25344.000000,12486.000000,18054.000000,54808.000000
25359.000000,12535.000000,18246.000000,54786.000000
25233.000000,12389.000000,18084.000000,54812.000000
25245.000000,12430.000000,18072.000000,54811.000000
25432.000000,12254.000000,18024.000000,54865.000000
25350.000000,12427.000000,18133.000000,54745.000000
25178.000000,12433.000000,18104.000000,54799.000000
25273.000000,12409.000000,17993.000000,54832.000000
25184.000000,12533.000000,17963.000000,54737.000000
25263.000000,12489.000000,17973.000000,54812.000000
25156.000000,12363.000000,18078.000000,54739.000000
25168.000000,12401.000000,17972.000000,54795.000000
25123.000000,12401.000000,18053.000000,54803.000000
25223.000000,12360.000000,18058.000000,54775.000000
25124.000000,12371.000000,17892.000000,54776.000000
25333.000000,12350.000000,17950.000000,54813.000000
25212.000000,12389.000000,17961.000000,54765.000000
25228.000000,12359.000000,17921.000000,54862.000000
25121.000000,12333.000000,17880.000000,54848.000000
25229.000000,12445.000000,17904.000000,54681.000000
25246.000000,12326.000000,17869.000000,54854.000000
25151.000000,12360.000000,17890.000000,54633.000000
25073.000000,12273.000000,17918.000000,54720.000000
25330.000000,12406.000000,17962.000000,54791.000000
25196.000000,12333.000000,17951.000000,54737.000000
25085.000000,12334.000000,17895.000000,54684.000000
25146.000000,12328.000000,17862.000000,54676.000000
25122.000000,12443.000000,18011.000000,54656.000000
25147.000000,12363.000000,17856.000000,54760.000000
25147.000000,12345.000000,17952.000000,54736.000000
24974.000000,12206.000000,18168.000000,54648.000000
25107.000000,12357.000000,18060.000000,54756.000000
25071.000000,12389.000000,17897.000000,54680.000000
25176.000000,12332.000000,17868.000000,54695.000000
25081.000000,12299.000000,18025.000000,54666.000000
25231.000000,12329.000000,17916.000000,54723.000000
25120.000000,12425.000000,17921.000000,54665.000000
25055.000000,12393.000000,18053.000000,54755.000000
25092.000000,12242.000000,17921.000000,54683.000000
25162.000000,12472.000000,17911.000000,54835.000000
25148.000000,12379.000000,17871.000000,54773.000000
25169.000000,12289.000000,17860.000000,54718.000000
25008.000000,12297.000000,17920.000000,54756.000000
25111.000000,12439.000000,17907.000000,54721.000000
25189.000000,12303.000000,17910.000000,54723.000000
25020.000000,12320.000000,17884.000000,54728.000000
25202.000000,12455.000000,17869.000000,54680.000000
25118.000000,12206.000000,17739.000000,54513.000000
25167.000000,12287.000000,17762.000000,54738.000000
25209.000000,12226.000000,17852.000000,54714.000000
25100.000000,12323.000000,17844.000000,54658.000000
25195.000000,12297.000000,17866.000000,54628.000000
25123.000000,12250.000000,17837.000000,54720.000000
25068.000000,12245.000000,17761.000000,54534.000000
25144.000000,12273.000000,17771.000000,54734.000000
25212.000000,12205.000000,17646.000000,54876.000000
25129.000000,12314.000000,17734.000000,54795.000000
24975.000000,12206.000000,17772.000000,54681.000000
25048.000000,12305.000000,17792.000000,54640.000000
25016.000000,12312.000000,17748.000000,54771.000000
24911.000000,12254.000000,17792.000000,54615.000000
24926.000000,12284.000000,17764.000000,54689.000000
24996.000000,12289.000000,17687.000000,54745.000000
25035.000000,12291.000000,17779.000000,54626.000000
25072.000000,12334.000000,17787.000000,54714.000000
24911.000000,11952.000000,17813.000000,54743.000000
24960.000000,12222.000000,17722.000000,54669.000000
25104.000000,12280.000000,17747.000000,54575.000000
25120.000000,12328.000000,17814.000000,54691.000000
24983.000000,12122.000000,17814.000000,54595.000000
25096.000000,12265.000000,17804.000000,54616.000000
25159.000000,12262.000000,17843.000000,54652.000000
25178.000000,12125.000000,18005.000000,54689.000000
25212.000000,12199.000000,17751.000000,54682.000000
25087.000000,12262.000000,17783.000000,54683.000000
25071.000000,12381.000000,17871.000000,54645.000000
25068.000000,12263.000000,17784.000000,54686.000000
25120.000000,12265.000000,17802.000000,54690.000000
25107.000000,12254.000000,17829.000000,54736.000000
25188.000000,12335.000000,17857.000000,54807.000000
25021.000000,12265.000000,17856.000000,54673.000000
25171.000000,12402.000000,17978.000000,54724.000000
25185.000000,12343.000000,17867.000000,54752.000000
25119.000000,12417.000000,17925.000000,54738.000000
25101.000000,12338.000000,17885.000000,54750.000000
25115.000000,12278.000000,17985.000000,54748.000000
25124.000000,12371.000000,17924.000000,54756.000000
25260.000000,12265.000000,18000.000000,54628.000000
25172.000000,12392.000000,18101.000000,54724.000000
25163.000000,12410.000000,17941.000000,54710.000000
25223.000000,12414.000000,17982.000000,54701.000000
25236.000000,12433.000000,18047.000000,54799.000000
25186.000000,12385.000000,18114.000000,54725.000000
25224.000000,12394.000000,18039.000000,54837.000000
25324.000000,12491.000000,18121.000000,54823.000000
25317.000000,12538.000000,18123.000000,54821.000000
25148.000000,12551.000000,18135.000000,54882.000000
25402.000000,12570.000000,18157.000000,54896.000000
25446.000000,12704.000000,18392.000000,54948.000000
25458.000000,12679.000000,18339.000000,54976.000000
25488.000000,12630.000000,18480.000000,54924.000000
25553.000000,12675.000000,18442.000000,55009.000000
25713.000000,12740.000000,18708.000000,55005.000000
25836.000000,12815.000000,18668.000000,55089.000000
25677.000000,12854.000000,18623.000000,55134.000000
25897.000000,12981.000000,18779.000000,55071.000000
25975.000000,12964.000000,18772.000000,55203.000000
25892.000000,12969.000000,18898.000000,55199.000000
25915.000000,13025.000000,18926.000000,55212.000000
25938.000000,12887.000000,18927.000000,55199.000000
25976.000000,12988.000000,18888.000000,55218.000000
25851.000000,13114.000000,18878.000000,55285.000000
26061.000000,13035.000000,18849.000000,55207.000000
26037.000000,13083.000000,18874.000000,55270.000000
25944.000000,13010.000000,18934.000000,55328.000000
26024.000000,12993.000000,18940.000000,55277.000000
26040.000000,12973.000000,18866.000000,55158.000000
26015.000000,13007.000000,18906.000000,55175.000000
25963.000000,13039.000000,19040.000000,55072.000000
25836.000000,13003.000000,18841.000000,55135.000000
25826.000000,12971.000000,18852.000000,55157.000000
26013.000000,12994.000000,18905.000000,55184.000000
25969.000000,13027.000000,18831.000000,55280.000000
25906.000000,13035.000000,18868.000000,55200.000000
25929.000000,13012.000000,18847.000000,55303.000000
25979.000000,12989.000000,18839.000000,55065.000000
26034.000000,13021.000000,18787.000000,55151.000000
25823.000000,13001.000000,18712.000000,55249.000000
25884.000000,12965.000000,18877.000000,55226.000000
25943.000000,12959.000000,18841.000000,55098.000000
25880.000000,12995.000000,18783.000000,55205.000000
25821.000000,12926.000000,18963.000000,54973.000000
25889.000000,12933.000000,18745.000000,55088.000000
25899.000000,12891.000000,18784.000000,55112.000000
25834.000000,12968.000000,18757.000000,55177.000000
25856.000000,12905.000000,18782.000000,55157.000000
25766.000000,12882.000000,18630.000000,55169.000000
25855.000000,12870.000000,18615.000000,55062.000000
25822.000000,12956.000000,18632.000000,55127.000000
25750.000000,12875.000000,18707.000000,55174.000000
25846.000000,12859.000000,18638.000000,55209.000000
25909.000000,12875.000000,18659.000000,55154.000000
25801.000000,12836.000000,18619.000000,54976.000000
25678.000000,12831.000000,18597.000000,55048.000000
25741.000000,12833.000000,18686.000000,55084.000000
25828.000000,12897.000000,18632.000000,55032.000000
25588.000000,12944.000000,18611.000000,55013.000000
25600.000000,12807.000000,18600.000000,55072.000000
25715.000000,12781.000000,18514.000000,55091.000000
25721.000000,12793.000000,18561.000000,55020.000000
25713.000000,12807.000000,18521.000000,55071.000000
25593.000000,12674.000000,18481.000000,55055.000000
25682.000000,12694.000000,18616.000000,55009.000000
25638.000000,12877.000000,18564.000000,54979.000000
25674.000000,12749.000000,18415.000000,55038.000000
25708.000000,12790.000000,18346.000000,55028.000000
25627.000000,12770.000000,18528.000000,55019.000000
25711.000000,12854.000000,18536.000000,55023.000000
25624.000000,12805.000000,18466.000000,54960.000000
25658.000000,12694.000000,18401.000000,54984.000000
25616.000000,12568.000000,18389.000000,55014.000000
25533.000000,12779.000000,18449.000000,55005.000000
25544.000000,12749.000000,18348.000000,54867.000000
25602.000000,12691.000000,18368.000000,55013.000000
25594.000000,12664.000000,18373.000000,54944.000000
25560.000000,12746.000000,18373.000000,55000.000000
25458.000000,12717.000000,18358.000000,54965.000000
25506.000000,12619.000000,18416.000000,54983.000000
25534.000000,12659.000000,18277.000000,54946.000000
25496.000000,12666.000000,18267.000000,54923.000000
25553.000000,12743.000000,18331.000000,54964.000000
25543.000000,12653.000000,18299.000000,54916.000000
25576.000000,12702.000000,18214.000000,54926.000000
25349.000000,12634.000000,18189.000000,54965.000000
25517.000000,12762.000000,18279.000000,54883.000000
25544.000000,12644.000000,18346.000000,54970.000000
25550.000000,12672.000000,18371.000000,54835.000000
25496.000000,12643.000000,18223.000000,54903.000000
25330.000000,12655.000000,18084.000000,55079.000000
25500.000000,12544.000000,18271.000000,54947.000000
25409.000000,12668.000000,18310.000000,54914.000000
25378.000000,12622.000000,18125.000000,54880.000000
25356.000000,12559.000000,18256.000000,55091.000000
25470.000000,12575.000000,18239.000000,54886.000000
25336.000000,12626.000000,18253.000000,54934.000000
25457.000000,12629.000000,18134.000000,54848.000000
25391.000000,12582.000000,18307.000000,54897.000000
25288.000000,12600.000000,18243.000000,54900.000000
25475.000000,12576.000000,18085.000000,54872.000000
25379.000000,12634.000000,18154.000000,54822.000000
25414.000000,12564.000000,18237.000000,54836.000000
25528.000000,12526.000000,18245.000000,54958.000000
25572.000000,12634.000000,18149.000000,54815.000000
25428.000000,12532.000000,18177.000000,54852.000000
25464.000000,12641.000000,18196.000000,54864.000000
25505.000000,12639.000000,18228.000000,54983.000000
25461.000000,12680.000000,18205.000000,54871.000000
25428.000000,12677.000000,18186.000000,54883.000000
25588.000000,12583.000000,18156.000000,54821.000000
25583.000000,12758.000000,18315.000000,54916.000000
25462.000000,12641.000000,18157.000000,54863.000000
25342.000000,12548.000000,18159.000000,54902.000000
25509.000000,12538.000000,18155.000000,54925.000000
25390.000000,12593.000000,18103.000000,54838.000000
25455.000000,12583.000000,18110.000000,54946.000000
25399.000000,12559.000000,18176.000000,54731.000000
25343.000000,12557.000000,18139.000000,54883.000000
25453.000000,12634.000000,18114.000000,54788.000000
25410.000000,12489.000000,18182.000000,54834.000000
25349.000000,12523.000000,18152.000000,54827.000000
25417.000000,12492.000000,18037.000000,54834.000000
25414.000000,12560.000000,18181.000000,54846.000000
25409.000000,12557.000000,18084.000000,54713.000000
25383.000000,12649.000000,17965.000000,54876.000000
25410.000000,12558.000000,18144.000000,54849.000000
25473.000000,12639.000000,18065.000000,54862.000000
25335.000000,12603.000000,18113.000000,54846.000000
25387.000000,12549.000000,18223.000000,54855.000000
25343.000000,12531.000000,18081.000000,54885.000000
25425.000000,12545.000000,18214.000000,54838.000000
25308.000000,12657.000000,18063.000000,54886.000000
25440.000000,12464.000000,18090.000000,54945.000000
25473.000000,12521.000000,18090.000000,54830.000000
25453.000000,12509.000000,18125.000000,54909.000000
25483.000000,12635.000000,18223.000000,54948.000000
25511.000000,12586.000000,18145.000000,54838.000000
25389.000000,12564.000000,18152.000000,54803.000000
25547.000000,12588.000000,18158.000000,54863.000000
25417.000000,12688.000000,18109.000000,54849.000000
25437.000000,12612.000000,18148.000000,54876.000000
25443.000000,12508.000000,18258.000000,54910.000000
25499.000000,12661.000000,18171.000000,54866.000000
25496.000000,12585.000000,18120.000000,54817.000000
25474.000000,12627.000000,18181.000000,54825.000000
25463.000000,12580.000000,18154.000000,54883.000000
25535.000000,12633.000000,18211.000000,54886.000000
25437.000000,12568.000000,18138.000000,54814.000000
25579.000000,12792.000000,18223.000000,54888.000000
25577.000000,12658.000000,18246.000000,55038.000000
25586.000000,12707.000000,18294.000000,54879.000000
25490.000000,12701.000000,18241.000000,55017.000000
25559.000000,12680.000000,18319.000000,54962.000000
25626.000000,12733.000000,18326.000000,54977.000000
25619.000000,12736.000000,18399.000000,54939.000000
25611.000000,12754.000000,18505.000000,55092.000000
25667.000000,12727.000000,18566.000000,54878.000000
25644.000000,12782.000000,18502.000000,55082.000000
25809.000000,12868.000000,18552.000000,55045.000000
25624.000000,12825.000000,18718.000000,54983.000000
25935.000000,12928.000000,18519.000000,55109.000000
25915.000000,13254.000000,18745.000000,55174.000000
26060.000000,13033.000000,18906.000000,55193.000000
26233.000000,13108.000000,18930.000000,55283.000000
26058.000000,13107.000000,18991.000000,55378.000000
26118.000000,13221.000000,19077.000000,55352.000000
26234.000000,13239.000000,19110.000000,55360.000000
26207.000000,13145.000000,19046.000000,55316.000000
26489.000000,13326.000000,19170.000000,55455.000000
26381.000000,13197.000000,19214.000000,55508.000000
26340.000000,13385.000000,19281.000000,55464.000000
26254.000000,13340.000000,19256.000000,55466.000000
26331.000000,13411.000000,19303.000000,55431.000000
26410.000000,13408.000000,19256.000000,55384.000000
26394.000000,13207.000000,19261.000000,55568.000000
26350.000000,13230.000000,19147.000000,55398.000000
26428.000000,13380.000000,19231.000000,55409.000000
26337.000000,13319.000000,19244.000000,55489.000000
26332.000000,13322.000000,19131.000000,55407.000000
26253.000000,13249.000000,19194.000000,55419.000000
26276.000000,13446.000000,19269.000000,55342.000000
26299.000000,13428.000000,19214.000000,55395.000000
26368.000000,13299.000000,19184.000000,55417.000000
26203.000000,13127.000000,19196.000000,55377.000000
26301.000000,13265.000000,19132.000000,55432.000000
26361.000000,13145.000000,19140.000000,55208.000000
26284.000000,13224.000000,19112.000000,55408.000000
26192.000000,13139.000000,19374.000000,55225.000000
26275.000000,13258.000000,19045.000000,55360.000000
26338.000000,13286.000000,19046.000000,55339.000000
26350.000000,13177.000000,19140.000000,55350.000000
26135.000000,13205.000000,19058.000000,55265.000000
26218.000000,13174.000000,19101.000000,55274.000000
26155.000000,13154.000000,19131.000000,55259.000000
26163.000000,13222.000000,19012.000000,55286.000000
26283.000000,13179.000000,19054.000000,55380.000000
26178.000000,13123.000000,18901.000000,55341.000000
26171.000000,13172.000000,19000.000000,55326.000000
26147.000000,13037.000000,19002.000000,55222.000000
26153.000000,13102.000000,18970.000000,55272.000000
26194.000000,13206.000000,18964.000000,55295.000000
26161.000000,13166.000000,18978.000000,55214.000000
26039.000000,13106.000000,18915.000000,55399.000000
26109.000000,13075.000000,18909.000000,55275.000000
26157.000000,13149.000000,18957.000000,55342.000000
26117.000000,13160.000000,18992.000000,55393.000000
25992.000000,13123.000000,18984.000000,55234.000000
25991.000000,13140.000000,18857.000000,55269.000000
26131.000000,13245.000000,18800.000000,55243.000000
25999.000000,13238.000000,18931.000000,55302.000000
25915.000000,13084.000000,18836.000000,55200.000000
26058.000000,12950.000000,18727.000000,55158.000000
26060.000000,13058.000000,18762.000000,55211.000000
26063.000000,13117.000000,18877.000000,55208.000000
26061.000000,13115.000000,18842.000000,55250.000000
26052.000000,13301.000000,18853.000000,55241.000000
26016.000000,13130.000000,18948.000000,55230.000000
26056.000000,13094.000000,18893.000000,55254.000000
25935.000000,12949.000000,18773.000000,55244.000000
25964.000000,13005.000000,18827.000000,55184.000000
26036.000000,12963.000000,18754.000000,55132.000000
25920.000000,12974.000000,18761.000000,55129.000000
26010.000000,12966.000000,18706.000000,55308.000000
26014.000000,12982.000000,18785.000000,55016.000000
25894.000000,12835.000000,18787.000000,55093.000000
25764.000000,12994.000000,18690.000000,55203.000000
25943.000000,12872.000000,18678.000000,55081.000000
25853.000000,12995.000000,18684.000000,55166.000000
25922.000000,12967.000000,18740.000000,55095.000000
25814.000000,12946.000000,18728.000000,55155.000000
25865.000000,12912.000000,18629.000000,55124.000000
25793.000000,12977.000000,18736.000000,55174.000000
26086.000000,12951.000000,18547.000000,55087.000000
25827.000000,12772.000000,18645.000000,55244.000000
25886.000000,12869.000000,18745.000000,55099.000000
25877.000000,12933.000000,18671.000000,55089.000000
25884.000000,12927.000000,18487.000000,55115.000000
25801.000000,12817.000000,18838.000000,54994.000000
25734.000000,12960.000000,18655.000000,55156.000000
25963.000000,12874.000000,18519.000000,55147.000000
25875.000000,12948.000000,18609.000000,55027.000000
25643.000000,12843.000000,18603.000000,55175.000000
25831.000000,12889.000000,18590.000000,55100.000000
25878.000000,12991.000000,18641.000000,55063.000000
25814.000000,12892.000000,18620.000000,55150.000000
25744.000000,12902.000000,18568.000000,55042.000000
25832.000000,12930.000000,18623.000000,55113.000000
25878.000000,12975.000000,18581.000000,54900.000000
25918.000000,12995.000000,18601.000000,55135.000000
25824.000000,12870.000000,18508.000000,55065.000000
25865.000000,12784.000000,18656.000000,55210.000000
25865.000000,13013.000000,18538.000000,55085.000000
25837.000000,12901.000000,18590.000000,55130.000000
25765.000000,12927.000000,18592.000000,55141.000000
25846.000000,12953.000000,18577.000000,55082.000000
25866.000000,12954.000000,18606.000000,55174.000000
25857.000000,13069.000000,18605.000000,55138.000000
25923.000000,12898.000000,18592.000000,55102.000000
25879.000000,12837.000000,18564.000000,55088.000000
25805.000000,12844.000000,18650.000000,55132.000000
25679.000000,12913.000000,18516.000000,55129.000000
25729.000000,12848.000000,18425.000000,55195.000000
25833.000000,12886.000000,18492.000000,55065.000000
25676.000000,12801.000000,18441.000000,55041.000000
25718.000000,12711.000000,18411.000000,55057.000000
25653.000000,12754.000000,18491.000000,55045.000000
25805.000000,12780.000000,18514.000000,55118.000000
25702.000000,12849.000000,18513.000000,55048.000000
25742.000000,12631.000000,18443.000000,54983.000000
25596.000000,12769.000000,18477.000000,55036.000000
25820.000000,12834.000000,18432.000000,54995.000000
25667.000000,12836.000000,18392.000000,54975.000000
25648.000000,12787.000000,18431.000000,54971.000000
25759.000000,12790.000000,18373.000000,54835.000000
25696.000000,12799.000000,18402.000000,55120.000000
25569.000000,12778.000000,18472.000000,55006.000000
25632.000000,12649.000000,18313.000000,55067.000000
25655.000000,12730.000000,18357.000000,54893.000000
25801.000000,12793.000000,18342.000000,55013.000000
25706.000000,12794.000000,18417.000000,54934.000000
25596.000000,12736.000000,18349.000000,54884.000000
25613.000000,12818.000000,18459.000000,54866.000000
25706.000000,12801.000000,18185.000000,54936.000000
25637.000000,12820.000000,18372.000000,55012.000000
25600.000000,12651.000000,18213.000000,54983.000000
25599.000000,12796.000000,18361.000000,54959.000000
25704.000000,12818.000000,18465.000000,54886.000000
25661.000000,12795.000000,18341.000000,54988.000000
25640.000000,12749.000000,18320.000000,54853.000000
25728.000000,12815.000000,18355.000000,54961.000000
25651.000000,12852.000000,18414.000000,55005.000000
25439.000000,12796.000000,18444.000000,54959.000000
25557.000000,12728.000000,18356.000000,55009.000000
25674.000000,12771.000000,18442.000000,54969.000000
25646.000000,12818.000000,18436.000000,54960.000000
25651.000000,12877.000000,18602.000000,54794.000000
25631.000000,12762.000000,18424.000000,54903.000000
25936.000000,12834.000000,18454.000000,54967.000000
25814.000000,12882.000000,18540.000000,55019.000000
25738.000000,12932.000000,18589.000000,54988.000000
25755.000000,12721.000000,18576.000000,55099.000000
25740.000000,12868.000000,18545.000000,55083.000000
25743.000000,12889.000000,18524.000000,55102.000000
25820.000000,12872.000000,18737.000000,55110.000000
25811.000000,12861.000000,18577.000000,55140.000000
25854.000000,12923.000000,18723.000000,55174.000000
25970.000000,13004.000000,18785.000000,55237.000000
25932.000000,12993.000000,18785.000000,55140.000000
25961.000000,13106.000000,18768.000000,55151.000000
26045.000000,13189.000000,18846.000000,55193.000000
26114.000000,13113.000000,18925.000000,55306.000000
26164.000000,13300.000000,19005.000000,55348.000000
26220.000000,12955.000000,18944.000000,55360.000000
26333.000000,13349.000000,18970.000000,55408.000000
26302.000000,13267.000000,19186.000000,55415.000000
26256.000000,13236.000000,19195.000000,55388.000000
26242.000000,13430.000000,19349.000000,55387.000000
26390.000000,13544.000000,19315.000000,55456.000000
26424.000000,13404.000000,19379.000000,55678.000000
26520.000000,13475.000000,19361.000000,55568.000000
26499.000000,13412.000000,19409.000000,55470.000000
26549.000000,13421.000000,19408.000000,55553.000000
26525.000000,13542.000000,19335.000000,55556.000000
26476.000000,13401.000000,19388.000000,55591.000000
26556.000000,13483.000000,19469.000000,55540.000000
26705.000000,13250.000000,19600.000000,55753.000000
26485.000000,13506.000000,19417.000000,55539.000000
26431.000000,13420.000000,19359.000000,55520.000000
26487.000000,13438.000000,19457.000000,55618.000000
26537.000000,13524.000000,19397.000000,55518.000000
26405.000000,13418.000000,19306.000000,55545.000000
26488.000000,13380.000000,19347.000000,55569.000000
26608.000000,13441.000000,19397.000000,55590.000000
26599.000000,13353.000000,19341.000000,55392.000000
26687.000000,13432.000000,19394.000000,55390.000000
26408.000000,13418.000000,19208.000000,55530.000000
26505.000000,13414.000000,19391.000000,55517.000000
26418.000000,13393.000000,19389.000000,55497.000000
26624.000000,13592.000000,19444.000000,55686.000000
26403.000000,13348.000000,19244.000000,55456.000000
26457.000000,13398.000000,19279.000000,55516.000000
26523.000000,13499.000000,19351.000000,55482.000000
26433.000000,13263.000000,19376.000000,55629.000000
26422.000000,13402.000000,19269.000000,55318.000000
26494.000000,13339.000000,19306.000000,55448.000000
26485.000000,13373.000000,19320.000000,55512.000000
26466.000000,13395.000000,19296.000000,55472.000000
26442.000000,13373.000000,19205.000000,55444.000000
26490.000000,13347.000000,19210.000000,55424.000000
26463.000000,13354.000000,19283.000000,55360.000000
26276.000000,13347.000000,19249.000000,55477.000000
26495.000000,13417.000000,19121.000000,55421.000000
26518.000000,13370.000000,19168.000000,55579.000000
26400.000000,13358.000000,19262.000000,55369.000000
26349.000000,13351.000000,19115.000000,55449.000000
26354.000000,13322.000000,19273.000000,55323.000000
26353.000000,13381.000000,19345.000000,55303.000000
26344.000000,13344.000000,19089.000000,55383.000000
26364.000000,13368.000000,19142.000000,55466.000000
26389.000000,13358.000000,19168.000000,55399.000000
26285.000000,13410.000000,19169.000000,55326.000000
26374.000000,13393.000000,19069.000000,55357.000000
26156.000000,13458.000000,19025.000000,55382.000000
26281.000000,13287.000000,19097.000000,55426.000000
26087.000000,13420.000000,19117.000000,55282.000000
26246.000000,13329.000000,19041.000000,55326.000000
26308.000000,13199.000000,18942.000000,55356.000000
26452.000000,13338.000000,18899.000000,55352.000000
26272.000000,13344.000000,19136.000000,55338.000000
26183.000000,13369.000000,19100.000000,55195.000000
26384.000000,13251.000000,18867.000000,55303.000000
26365.000000,13267.000000,18997.000000,55240.000000
26185.000000,13229.000000,19049.000000,55332.000000
26253.000000,13320.000000,19016.000000,55382.000000
26194.000000,13226.000000,18910.000000,55305.000000
26265.000000,13206.000000,19010.000000,55254.000000
26148.000000,13239.000000,18995.000000,55321.000000
26115.000000,13186.000000,19007.000000,55331.000000
26283.000000,13097.000000,18929.000000,55309.000000
26324.000000,13221.000000,18891.000000,55259.000000
26080.000000,13135.000000,18959.000000,55258.000000
26115.000000,13068.000000,18871.000000,55272.000000
26224.000000,13204.000000,18972.000000,55330.000000
26090.000000,13167.000000,18865.000000,55187.000000
26140.000000,13141.000000,18799.000000,55324.000000
26379.000000,13170.000000,18748.000000,55267.000000
26115.000000,13138.000000,18877.000000,55190.000000
26099.000000,13147.000000,18865.000000,55263.000000
26123.000000,13059.000000,18821.000000,55241.000000
26168.000000,13185.000000,18956.000000,55422.000000
26085.000000,13153.000000,18885.000000,55188.000000
26152.000000,13121.000000,18877.000000,55272.000000
26135.000000,13227.000000,18863.000000,55180.000000
25949.000000,13040.000000,18995.000000,55397.000000
26073.000000,13223.000000,18815.000000,55273.000000
26178.000000,13040.000000,18869.000000,55183.000000
26095.000000,13094.000000,18839.000000,55292.000000
26067.000000,13047.000000,18756.000000,55110.000000
26082.000000,13167.000000,18879.000000,55205.000000
26168.000000,13133.000000,18880.000000,55178.000000
26103.000000,13126.000000,18793.000000,55254.000000
26050.000000,13046.000000,18743.000000,55190.000000
26088.000000,13159.000000,18844.000000,55270.000000
26169.000000,13148.000000,18823.000000,55228.000000
26198.000000,13162.000000,18784.000000,55298.000000
25945.000000,13031.000000,18786.000000,55192.000000
25994.000000,13233.000000,18820.000000,55314.000000
26048.000000,13205.000000,18860.000000,55221.000000
26098.000000,13253.000000,18861.000000,55226.000000
25959.000000,13075.000000,18785.000000,55232.000000
26221.000000,13083.000000,18799.000000,55209.000000
26120.000000,13173.000000,18766.000000,55034.000000
26072.000000,13145.000000,18755.000000,55236.000000
25995.000000,13077.000000,18733.000000,55237.000000
26074.000000,13058.000000,18728.000000,55183.000000
26175.000000,12970.000000,18833.000000,55148.000000
25912.000000,13015.000000,18772.000000,55319.000000
26033.000000,12997.000000,18592.000000,55015.000000
26070.000000,13100.000000,18632.000000,55214.000000
26202.000000,12926.000000,18583.000000,55193.000000
26009.000000,13082.000000,18680.000000,55217.000000
26018.000000,13027.000000,18754.000000,55181.000000
26026.000000,13065.000000,18652.000000,55163.000000
26211.000000,13033.000000,18767.000000,55207.000000
25977.000000,13079.000000,18704.000000,55174.000000
26003.000000,13040.000000,18603.000000,55071.000000
25943.000000,13044.000000,18701.000000,55272.000000
26022.000000,12883.000000,18795.000000,55180.000000
25980.000000,12922.000000,18617.000000,55191.000000
25907.000000,13107.000000,18695.000000,55252.000000
26052.000000,13120.000000,18798.000000,55310.000000
26120.000000,13071.000000,18862.000000,55078.000000
25975.000000,12977.000000,18747.000000,55143.000000
26060.000000,13097.000000,18740.000000,55186.000000
26114.000000,13087.000000,18769.000000,55214.000000
26103.000000,13097.000000,18657.000000,55158.000000
25965.000000,13003.000000,18663.000000,55116.000000
26055.000000,13086.000000,18804.000000,55220.000000
26087.000000,13057.000000,18668.000000,55186.000000
26117.000000,13151.000000,18738.000000,55191.000000
25930.000000,13099.000000,18672.000000,55325.000000
26059.000000,13078.000000,18748.000000,55184.000000
26099.000000,13142.000000,18893.000000,55084.000000
26106.000000,13127.000000,18790.000000,55218.000000
26155.000000,13078.000000,18887.000000,55209.000000
26080.000000,13110.000000,18780.000000,55173.000000
26189.000000,13090.000000,18876.000000,55223.000000
26155.000000,13095.000000,18770.000000,55291.000000
26182.000000,13054.000000,18807.000000,55219.000000
26258.000000,13105.000000,18789.000000,55314.000000
26324.000000,13226.000000,18946.000000,55485.000000
26215.000000,13359.000000,18902.000000,55416.000000
26209.000000,13227.000000,19095.000000,55395.000000
26375.000000,13253.000000,19066.000000,55451.000000
26434.000000,13263.000000,19143.000000,55427.000000
26544.000000,13366.000000,18968.000000,55479.000000
26494.000000,13389.000000,19354.000000,55521.000000
26557.000000,13506.000000,19309.000000,55576.000000
26588.000000,13516.000000,19384.000000,55624.000000
26762.000000,13489.000000,19501.000000,55528.000000
26619.000000,13539.000000,19475.000000,55616.000000
26783.000000,13683.000000,19468.000000,55666.000000
26791.000000,13668.000000,19540.000000,55628.000000
26769.000000,13715.000000,19737.000000,55650.000000
26823.000000,13631.000000,19660.000000,55680.000000
26856.000000,13674.000000,19662.000000,55743.000000
26911.000000,13643.000000,19669.000000,55690.000000
26933.000000,13759.000000,19744.000000,55755.000000
26753.000000,13472.000000,19610.000000,55673.000000
26834.000000,13688.000000,19686.000000,55704.000000
26841.000000,13882.000000,19646.000000,55541.000000
26747.000000,13632.000000,19636.000000,55644.000000
26693.000000,13719.000000,19704.000000,55679.000000
26992.000000,13673.000000,19575.000000,55694.000000
26845.000000,13703.000000,19492.000000,55690.000000
26810.000000,13602.000000,19596.000000,55668.000000
26851.000000,13655.000000,19638.000000,55634.000000
26782.000000,13638.000000,19545.000000,55609.000000
26830.000000,13771.000000,19596.000000,55632.000000
26716.000000,13653.000000,19568.000000,55595.000000
26787.000000,13646.000000,19504.000000,55502.000000
26768.000000,13481.000000,19493.000000,55622.000000
26796.000000,13679.000000,19559.000000,55650.000000
26736.000000,13598.000000,19470.000000,55638.000000
26884.000000,13613.000000,19545.000000,55637.000000
26836.000000,13631.000000,19545.000000,55432.000000
26919.000000,13587.000000,19559.000000,55627.000000
26675.000000,13680.000000,19548.000000,55547.000000
26857.000000,13676.000000,19537.000000,55586.000000
26680.000000,13603.000000,19473.000000,55626.000000
26634.000000,13571.000000,19501.000000,55578.000000
26644.000000,13514.000000,19415.000000,55617.000000
26792.000000,13580.000000,19507.000000,55568.000000
26711.000000,13608.000000,19427.000000,55563.000000
26752.000000,13707.000000,19521.000000,55622.000000
26676.000000,13465.000000,19416.000000,55545.000000
26756.000000,13709.000000,19443.000000,55603.000000
26702.000000,13574.000000,19516.000000,55630.000000
26690.000000,13617.000000,19450.000000,55555.000000
26736.000000,13439.000000,19405.000000,55577.000000
26680.000000,13584.000000,19412.000000,55589.000000
26691.000000,13580.000000,19413.000000,55540.000000
26592.000000,13635.000000,19324.000000,55483.000000
26631.000000,13491.000000,19183.000000,55693.000000
26620.000000,13545.000000,19396.000000,55561.000000
26655.000000,13517.000000,19338.000000,55532.000000
26583.000000,13494.000000,19366.000000,55587.000000
26673.000000,13348.000000,19181.000000,55504.000000
26607.000000,13501.000000,19285.000000,55589.000000
26537.000000,13482.000000,19224.000000,55516.000000
26532.000000,13516.000000,19365.000000,55510.000000
26706.000000,13548.000000,19200.000000,55680.000000
26658.000000,13499.000000,19261.000000,55484.000000
26560.000000,13601.000000,19283.000000,55613.000000
26557.000000,13382.000000,19231.000000,55454.000000
26511.000000,13474.000000,19224.000000,55535.000000
26667.000000,13526.000000,19200.000000,55424.000000
26603.000000,13540.000000,19191.000000,55380.000000
26491.000000,13343.000000,19257.000000,55548.000000
26521.000000,13374.000000,19174.000000,55510.000000
26543.000000,13389.000000,19197.000000,55567.000000
26550.000000,13455.000000,19213.000000,55436.000000
26438.000000,13358.000000,19156.000000,55446.000000
26492.000000,13389.000000,19207.000000,55434.000000
26503.000000,13469.000000,19184.000000,55602.000000
26505.000000,13414.000000,19208.000000,55480.000000
26410.000000,13507.000000,19100.000000,55408.000000
26446.000000,13410.000000,19111.000000,55470.000000
26483.000000,13494.000000,19176.000000,55364.000000
26464.000000,13385.000000,19203.000000,55423.000000
26267.000000,13396.000000,19185.000000,55341.000000
26494.000000,13421.000000,19318.000000,55621.000000
26499.000000,13404.000000,19101.000000,55492.000000
26512.000000,13316.000000,18987.000000,55370.000000
26522.000000,13335.000000,19097.000000,55296.000000
26561.000000,13325.000000,19154.000000,55497.000000
26411.000000,13325.000000,19102.000000,55458.000000
26474.000000,13392.000000,19107.000000,55487.000000
26514.000000,13422.000000,19158.000000,55482.000000
26459.000000,13402.000000,19149.000000,55412.000000
26431.000000,13332.000000,19153.000000,55392.000000
26510.000000,13301.000000,19090.000000,55336.000000
26424.000000,13264.000000,19119.000000,55482.000000
26598.000000,13361.000000,19115.000000,55405.000000
26473.000000,13336.000000,19111.000000,55329.000000
26312.000000,13364.000000,19103.000000,55429.000000
26529.000000,13412.000000,19064.000000,55444.000000
26437.000000,13280.000000,19056.000000,55324.000000
26500.000000,13406.000000,19096.000000,55494.000000
26445.000000,13305.000000,19137.000000,55330.000000
26421.000000,13384.000000,19122.000000,55405.000000
26356.000000,13354.000000,19080.000000,55291.000000
26468.000000,13377.000000,19048.000000,55355.000000
26405.000000,13183.000000,19111.000000,55441.000000
26393.000000,13308.000000,19007.000000,55418.000000
26464.000000,13321.000000,19112.000000,55356.000000
26399.000000,13493.000000,19039.000000,55272.000000
26362.000000,13233.000000,19048.000000,55354.000000
26340.000000,13237.000000,18986.000000,55420.000000
26479.000000,13351.000000,19031.000000,55303.000000
26398.000000,13351.000000,19023.000000,55401.000000
26187.000000,13305.000000,19025.000000,55372.000000
26434.000000,13426.000000,19054.000000,55401.000000
26402.000000,13278.000000,19063.000000,55420.000000
26354.000000,13313.000000,18995.000000,55401.000000
26396.000000,13255.000000,18970.000000,55265.000000
26466.000000,13364.000000,18974.000000,55386.000000
26611.000000,13387.000000,18979.000000,55470.000000
26305.000000,13375.000000,19015.000000,55285.000000
26385.000000,13251.000000,19186.000000,55465.000000
26336.000000,13408.000000,19042.000000,55307.000000
26438.000000,13325.000000,19027.000000,55373.000000
26347.000000,13336.000000,19023.000000,55278.000000
26382.000000,13133.000000,18917.000000,55330.000000
26456.000000,13258.000000,18942.000000,55381.000000
26292.000000,13258.000000,18920.000000,55336.000000
26416.000000,13304.000000,18998.000000,55252.000000
26250.000000,13195.000000,18932.000000,55280.000000
26363.000000,13276.000000,18957.000000,55268.000000
26307.000000,13284.000000,19007.000000,55343.000000
26337.000000,13178.000000,18888.000000,55318.000000
26162.000000,13365.000000,19070.000000,55446.000000
26340.000000,13100.000000,19017.000000,55538.000000
26379.000000,13241.000000,18982.000000,55343.000000
26237.000000,13299.000000,18977.000000,55328.000000
26324.000000,13245.000000,19151.000000,55240.000000
26346.000000,13324.000000,18984.000000,55504.000000
26370.000000,13283.000000,19029.000000,55317.000000
26357.000000,13301.000000,19047.000000,55373.000000
26324.000000,13317.000000,18968.000000,55259.000000
26452.000000,13272.000000,19068.000000,55425.000000
26260.000000,13210.000000,19046.000000,55438.000000
26349.000000,13262.000000,19145.000000,55369.000000
26396.000000,13364.000000,19041.000000,55332.000000
26398.000000,13323.000000,19120.000000,55517.000000
26516.000000,13540.000000,19119.000000,55443.000000
26380.000000,13427.000000,19162.000000,55486.000000
26458.000000,13479.000000,19077.000000,55527.000000
26635.000000,13334.000000,19189.000000,55443.000000
26581.000000,13496.000000,19267.000000,55452.000000
26459.000000,13475.000000,19320.000000,55593.000000
26549.000000,13496.000000,19321.000000,55467.000000
26661.000000,13528.000000,19296.000000,55575.000000
26698.000000,13605.000000,19412.000000,55582.000000
26656.000000,13650.000000,19435.000000,55680.000000
26858.000000,13602.000000,19558.000000,55634.000000
26948.000000,13695.000000,19713.000000,55722.000000
26762.000000,13765.000000,19677.000000,55767.000000
27175.000000,13784.000000,19904.000000,55699.000000
26980.000000,13821.000000,19831.000000,55730.000000
27096.000000,13870.000000,19856.000000,55911.000000
27118.000000,13900.000000,20069.000000,55948.000000
27034.000000,13819.000000,19937.000000,55866.000000
27251.000000,13998.000000,19909.000000,55830.000000
27173.000000,13965.000000,19937.000000,55812.000000
27177.000000,13866.000000,19923.000000,55877.000000
27164.000000,13909.000000,19952.000000,55836.000000
27279.000000,13986.000000,20083.000000,55851.000000
27189.000000,13961.000000,19937.000000,55942.000000
27228.000000,13739.000000,19852.000000,55741.000000
27129.000000,13804.000000,20042.000000,55910.000000
27208.000000,13920.000000,20176.000000,55863.000000
27168.000000,13958.000000,19960.000000,55857.000000
26930.000000,13883.000000,19847.000000,55878.000000
27101.000000,13885.000000,19892.000000,55950.000000
27113.000000,14071.000000,19921.000000,55786.000000
27114.000000,13803.000000,19877.000000,55813.000000
27142.000000,13964.000000,19914.000000,55837.000000
27019.000000,13933.000000,19936.000000,55825.000000
27155.000000,14016.000000,19836.000000,55824.000000
27173.000000,13867.000000,19913.000000,55859.000000
27208.000000,14023.000000,19917.000000,55831.000000
27108.000000,13882.000000,19768.000000,55813.000000
27201.000000,13899.000000,19932.000000,55948.000000
27257.000000,13870.000000,19863.000000,55903.000000
27118.000000,13909.000000,19862.000000,55793.000000
27240.000000,13866.000000,19778.000000,55842.000000
27278.000000,13970.000000,19942.000000,55827.000000
27131.000000,13934.000000,19806.000000,55735.000000
27001.000000,13780.000000,19800.000000,55813.000000
27117.000000,13747.000000,19783.000000,55910.000000
27121.000000,13957.000000,19794.000000,55979.000000
27126.000000,13831.000000,19793.000000,55771.000000
27115.000000,13691.000000,19825.000000,55598.000000
27181.000000,13765.000000,19740.000000,55763.000000
27098.000000,13868.000000,19589.000000,55768.000000
26895.000000,13833.000000,19767.000000,55736.000000
27010.000000,13737.000000,19664.000000,55752.000000
27098.000000,13760.000000,19918.000000,55711.000000
27042.000000,13740.000000,19676.000000,55680.000000
26980.000000,13674.000000,19667.000000,55666.000000
26875.000000,13720.000000,19659.000000,55579.000000
26986.000000,13644.000000,19662.000000,55662.000000
27041.000000,13727.000000,19660.000000,55678.000000
27018.000000,13623.000000,19654.000000,55738.000000
26885.000000,13693.000000,19503.000000,55692.000000
26899.000000,13669.000000,19653.000000,55574.000000
26878.000000,13731.000000,19603.000000,55550.000000
26883.000000,13607.000000,19571.000000,55698.000000
26827.000000,13574.000000,19602.000000,55624.000000
26917.000000,13692.000000,19666.000000,55605.000000
26934.000000,13675.000000,19396.000000,55656.000000
26976.000000,13581.000000,19480.000000,55705.000000
26711.000000,13655.000000,19476.000000,55559.000000
26817.000000,13563.000000,19514.000000,55674.000000
26836.000000,13600.000000,19526.000000,55628.000000
26714.000000,13371.000000,19395.000000,55520.000000
26636.000000,13452.000000,19396.000000,55588.000000
26782.000000,13443.000000,19376.000000,55561.000000
26743.000000,13588.000000,19390.000000,55547.000000
26737.000000,13586.000000,19490.000000,55525.000000
26526.000000,13471.000000,19421.000000,55576.000000
26647.000000,13579.000000,19297.000000,55553.000000
26634.000000,13527.000000,19445.000000,55437.000000
26546.000000,13427.000000,19382.000000,55433.000000
26614.000000,13391.000000,19442.000000,55538.000000
26659.000000,13489.000000,19530.000000,55529.000000
26632.000000,13494.000000,19340.000000,55443.000000
26601.000000,13400.000000,19270.000000,55538.000000
26591.000000,13310.000000,19256.000000,55465.000000
26541.000000,13376.000000,19318.000000,55535.000000
26436.000000,13424.000000,19294.000000,55448.000000
26662.000000,13402.000000,19311.000000,55386.000000
26532.000000,13459.000000,19209.000000,55489.000000
26551.000000,13232.000000,19275.000000,55480.000000
26535.000000,13391.000000,19298.000000,55497.000000
26488.000000,13440.000000,19234.000000,55572.000000
26526.000000,13406.000000,19262.000000,55443.000000
26688.000000,13397.000000,19196.000000,55389.000000
26460.000000,13256.000000,19202.000000,55453.000000
26378.000000,13339.000000,19276.000000,55465.000000
26492.000000,13390.000000,19281.000000,55414.000000
26588.000000,13321.000000,19164.000000,55461.000000
26374.000000,13364.000000,19165.000000,55416.000000
26317.000000,13283.000000,19200.000000,55432.000000
26420.000000,13286.000000,19153.000000,55482.000000
26463.000000,13333.000000,19205.000000,55626.000000
26282.000000,13303.000000,19130.000000,55447.000000
26592.000000,13255.000000,19224.000000,55550.000000
26508.000000,13300.000000,19177.000000,55478.000000
26461.000000,13427.000000,19179.000000,55599.000000
26433.000000,13288.000000,19182.000000,55581.000000
26394.000000,13316.000000,19138.000000,55433.000000
26389.000000,13348.000000,19185.000000,55468.000000
26488.000000,13279.000000,19223.000000,55470.000000
26291.000000,13319.000000,19157.000000,55441.000000
26377.000000,13163.000000,19061.000000,55294.000000
26465.000000,13335.000000,19152.000000,55328.000000
26446.000000,13341.000000,19192.000000,55326.000000
26392.000000,13331.000000,18966.000000,55556.000000
26370.000000,13248.000000,19157.000000,55345.000000
26387.000000,13397.000000,19181.000000,55436.000000
26349.000000,13279.000000,19072.000000,55443.000000
26286.000000,13197.000000,19167.000000,55318.000000
26331.000000,13191.000000,19096.000000,55300.000000
26459.000000,13376.000000,19060.000000,55369.000000
26338.000000,13226.000000,19101.000000,55420.000000
26438.000000,13229.000000,19069.000000,55361.000000
26347.000000,13351.000000,19085.000000,55498.000000
26238.000000,13226.000000,19046.000000,55329.000000
26354.000000,13257.000000,19032.000000,55474.000000
26232.000000,13309.000000,19039.000000,55386.000000
26376.000000,13218.000000,19075.000000,55334.000000
26375.000000,13176.000000,19049.000000,55410.000000
26374.000000,13223.000000,18994.000000,55331.000000
26237.000000,13218.000000,19273.000000,55364.000000
26462.000000,13395.000000,18992.000000,55326.000000
26403.000000,13196.000000,19041.000000,55360.000000
26244.000000,13231.000000,19072.000000,55391.000000
26282.000000,13207.000000,18979.000000,55366.000000
26368.000000,13273.000000,19107.000000,55397.000000
26195.000000,13237.000000,19037.000000,55395.000000
26359.000000,13464.000000,19021.000000,55326.000000
26241.000000,13148.000000,19286.000000,55417.000000
26353.000000,13425.000000,19256.000000,55356.000000
26390.000000,13277.000000,19110.000000,55386.000000
26297.000000,13293.000000,19197.000000,55544.000000
26481.000000,13166.000000,19145.000000,55355.000000
26442.000000,13454.000000,19015.000000,55475.000000
26509.000000,13386.000000,19046.000000,55502.000000
26373.000000,13335.000000,19145.000000,55449.000000
26463.000000,13413.000000,19183.000000,55438.000000
26482.000000,13413.000000,19249.000000,55570.000000
26444.000000,13416.000000,19248.000000,55438.000000
26516.000000,13308.000000,19197.000000,55435.000000
26355.000000,13369.000000,19247.000000,55462.000000
26621.000000,13415.000000,19270.000000,55581.000000
26538.000000,13392.000000,19448.000000,55604.000000
26542.000000,13580.000000,19408.000000,55544.000000
26656.000000,13424.000000,19315.000000,55467.000000
26678.000000,13619.000000,19315.000000,55587.000000
26689.000000,13773.000000,19340.000000,55578.000000
26656.000000,13514.000000,19400.000000,55560.000000
26742.000000,13481.000000,19330.000000,55627.000000
26847.000000,13544.000000,19486.000000,55530.000000
26615.000000,13513.000000,19506.000000,55638.000000
26768.000000,13647.000000,19516.000000,55652.000000
26904.000000,13763.000000,19668.000000,55618.000000
26938.000000,13699.000000,19661.000000,55834.000000
27022.000000,13843.000000,19673.000000,55813.000000
26847.000000,13781.000000,19849.000000,55702.000000
27076.000000,13798.000000,19829.000000,55777.000000
26960.000000,13846.000000,19884.000000,56015.000000
27255.000000,13932.000000,19963.000000,55870.000000
27164.000000,13895.000000,20078.000000,55865.000000
27284.000000,13962.000000,20003.000000,55873.000000
27391.000000,13902.000000,20061.000000,55903.000000
27215.000000,14003.000000,20111.000000,55874.000000
27248.000000,14087.000000,20034.000000,56002.000000
27364.000000,14149.000000,20116.000000,55916.000000
27388.000000,14244.000000,20156.000000,55956.000000
27220.000000,14146.000000,20101.000000,55915.000000
27220.000000,14054.000000,20132.000000,55868.000000
27337.000000,13982.000000,20145.000000,55863.000000
27346.000000,14116.000000,20114.000000,55902.000000
27359.000000,14109.000000,20105.000000,55921.000000
27415.000000,13958.000000,20037.000000,55966.000000
27350.000000,14136.000000,19919.000000,55935.000000
27216.000000,14025.000000,20099.000000,55966.000000
27222.000000,14076.000000,19998.000000,55985.000000
27276.000000,13963.000000,20056.000000,55964.000000
27317.000000,14177.000000,20279.000000,55986.000000
27356.000000,13974.000000,20086.000000,55861.000000
27261.000000,13887.000000,20062.000000,55987.000000
27149.000000,14022.000000,19933.000000,55935.000000
27323.000000,14102.000000,20131.000000,55889.000000
27306.000000,13955.000000,20006.000000,56010.000000
27252.000000,13999.000000,20033.000000,55989.000000
27276.000000,13886.000000,19978.000000,55912.000000
27338.000000,13926.000000,19933.000000,55917.000000
27239.000000,13986.000000,19957.000000,55918.000000
27196.000000,13961.000000,19985.000000,55995.000000
27245.000000,14010.000000,20012.000000,55795.000000
27459.000000,13854.000000,19969.000000,55894.000000
27240.000000,13853.000000,20023.000000,55871.000000
27117.000000,13969.000000,19992.000000,56000.000000
27215.000000,13770.000000,19947.000000,55928.000000
27103.000000,13869.000000,19950.000000,55849.000000
27227.000000,13887.000000,19960.000000,55865.000000
27142.000000,13824.000000,19994.000000,55937.000000
27178.000000,13858.000000,19941.000000,55916.000000
27130.000000,13930.000000,19874.000000,55740.000000
27176.000000,13916.000000,19853.000000,55925.000000
27180.000000,13861.000000,19676.000000,56018.000000
27244.000000,13867.000000,19884.000000,55832.000000
27180.000000,13872.000000,19859.000000,55803.000000
27085.000000,13887.000000,19860.000000,55820.000000
27065.000000,13856.000000,19728.000000,55917.000000
27117.000000,13871.000000,19740.000000,55695.000000
27163.000000,13844.000000,19818.000000,55908.000000
27162.000000,13805.000000,19862.000000,55809.000000
27082.000000,13900.000000,19823.000000,55763.000000
27083.000000,13815.000000,19854.000000,55852.000000
27111.000000,13805.000000,19755.000000,55862.000000
27173.000000,13770.000000,19819.000000,55754.000000
26987.000000,13700.000000,19785.000000,55729.000000
27141.000000,13908.000000,19739.000000,55703.000000
27050.000000,13737.000000,19798.000000,55669.000000
27017.000000,13814.000000,19868.000000,55812.000000
26941.000000,13740.000000,19789.000000,55788.000000
27053.000000,13808.000000,19773.000000,55729.000000
27126.000000,13748.000000,19853.000000,55767.000000
26988.000000,13846.000000,19847.000000,55723.000000
26987.000000,13647.000000,19767.000000,55700.000000
27096.000000,13829.000000,19669.000000,55696.000000
26901.000000,13824.000000,19732.000000,55768.000000
27084.000000,13818.000000,19896.000000,55686.000000
26935.000000,13732.000000,19743.000000,55850.000000
26954.000000,13786.000000,19882.000000,55646.000000
27050.000000,13707.000000,19782.000000,55714.000000
26926.000000,13713.000000,19820.000000,55755.000000
26992.000000,13720.000000,19814.000000,55574.000000
27005.000000,13726.000000,19797.000000,55753.000000
27023.000000,13757.000000,19779.000000,55735.000000
26854.000000,13541.000000,19729.000000,55701.000000
26986.000000,13711.000000,19768.000000,55748.000000
26858.000000,13793.000000,19813.000000,55703.000000
26975.000000,13707.000000,19742.000000,55761.000000
26857.000000,13593.000000,19798.000000,55734.000000
26845.000000,13726.000000,19606.000000,55864.000000
27012.000000,13766.000000,19662.000000,55631.000000
27014.000000,13705.000000,19711.000000,55769.000000
26913.000000,13711.000000,19697.000000,55742.000000
26998.000000,13725.000000,19757.000000,55703.000000
27049.000000,13877.000000,19846.000000,55840.000000
27028.000000,13712.000000,19704.000000,55665.000000
26651.000000,13721.000000,19679.000000,55707.000000
27074.000000,13662.000000,19585.000000,55724.000000
26993.000000,13803.000000,19844.000000,55911.000000
27116.000000,13732.000000,19706.000000,55720.000000
27010.000000,13657.000000,19683.000000,55783.000000
27023.000000,13671.000000,19843.000000,55737.000000
26927.000000,13789.000000,19755.000000,55724.000000
27164.000000,13736.000000,19767.000000,55628.000000
26789.000000,13606.000000,19750.000000,55653.000000
26903.000000,13789.000000,19762.000000,55622.000000
26901.000000,13724.000000,19857.000000,55741.000000
26972.000000,13774.000000,19755.000000,55623.000000
26890.000000,13664.000000,19777.000000,55695.000000
27065.000000,13735.000000,19792.000000,55711.000000
26828.000000,13803.000000,19815.000000,55662.000000
26906.000000,13666.000000,19685.000000,55853.000000
26815.000000,13667.000000,19769.000000,55628.000000
26954.000000,13697.000000,19734.000000,55730.000000
26868.000000,13757.000000,19711.000000,55681.000000
26789.000000,13738.000000,19920.000000,55501.000000
26752.000000,13622.000000,19769.000000,55759.000000
26842.000000,13681.000000,19672.000000,55761.000000
26824.000000,13762.000000,19777.000000,55702.000000
26781.000000,13806.000000,19770.000000,55831.000000
27005.000000,13664.000000,19646.000000,55551.000000
26921.000000,13638.000000,19670.000000,55701.000000
26845.000000,13633.000000,19741.000000,55655.000000
26747.000000,13615.000000,19609.000000,55685.000000
26888.000000,13635.000000,19657.000000,55624.000000
26934.000000,13567.000000,19612.000000,55709.000000
26811.000000,13602.000000,19771.000000,55728.000000
26741.000000,13634.000000,19662.000000,55606.000000
26858.000000,13682.000000,19715.000000,55736.000000
26815.000000,13727.000000,19643.000000,55666.000000
26803.000000,13725.000000,19718.000000,55657.000000
26818.000000,13722.000000,19581.000000,55728.000000
26863.000000,13753.000000,19712.000000,55615.000000
26933.000000,13675.000000,19686.000000,55768.000000
26958.000000,13680.000000,19702.000000,55642.000000
27013.000000,13646.000000,19665.000000,55636.000000
26919.000000,13753.000000,19646.000000,55595.000000
26811.000000,13750.000000,19828.000000,55646.000000
26832.000000,13722.000000,19699.000000,55712.000000
26669.000000,13660.000000,19603.000000,55623.000000
26876.000000,13771.000000,19763.000000,55668.000000
26850.000000,13680.000000,19841.000000,55652.000000
26910.000000,13807.000000,19723.000000,55670.000000
26781.000000,13632.000000,19648.000000,55598.000000
26960.000000,13830.000000,19754.000000,55690.000000
26861.000000,13814.000000,19827.000000,55741.000000
26870.000000,13783.000000,19798.000000,55703.000000
26852.000000,13675.000000,19832.000000,55746.000000
26820.000000,13773.000000,19853.000000,55672.000000
26784.000000,13882.000000,19805.000000,55700.000000
26982.000000,13745.000000,19756.000000,55796.000000
26975.000000,13722.000000,19953.000000,55721.000000
27006.000000,13852.000000,19858.000000,55782.000000
27165.000000,13842.000000,19998.000000,55735.000000
26986.000000,13983.000000,20079.000000,55999.000000
27213.000000,13922.000000,20100.000000,55907.000000
27090.000000,13891.000000,20156.000000,55886.000000
27288.000000,14109.000000,20247.000000,55904.000000
27195.000000,14131.000000,20193.000000,55855.000000
27211.000000,14067.000000,20354.000000,55961.000000
27326.000000,14231.000000,20473.000000,55958.000000
27496.000000,14250.000000,20454.000000,56094.000000
27561.000000,14292.000000,20527.000000,56067.000000
27555.000000,14388.000000,20639.000000,56153.000000
27497.000000,14361.000000,20664.000000,56135.000000
27611.000000,14432.000000,20695.000000,56166.000000
27575.000000,14463.000000,20673.000000,56191.000000
27706.000000,14409.000000,20843.000000,56201.000000
27791.000000,14494.000000,20768.000000,56189.000000
27733.000000,14491.000000,20754.000000,56187.000000
27552.000000,14398.000000,20663.000000,56158.000000
27744.000000,14541.000000,20812.000000,56178.000000
27824.000000,14592.000000,20817.000000,56176.000000
27737.000000,14522.000000,20788.000000,56169.000000
27691.000000,14474.000000,20687.000000,56207.000000
27710.000000,14557.000000,20651.000000,56132.000000
27665.000000,14544.000000,20827.000000,56131.000000
27686.000000,14605.000000,20865.000000,56252.000000
27713.000000,14455.000000,20723.000000,56083.000000
27661.000000,14623.000000,20647.000000,56125.000000
27608.000000,14493.000000,20810.000000,56255.000000
27760.000000,14461.000000,20869.000000,56218.000000
27705.000000,14520.000000,20739.000000,56083.000000
27568.000000,14457.000000,20891.000000,56001.000000
27695.000000,14517.000000,20841.000000,56173.000000
27655.000000,14429.000000,20783.000000,56291.000000
27706.000000,14659.000000,20780.000000,56084.000000
27667.000000,14445.000000,20796.000000,56107.000000
27661.000000,14495.000000,20674.000000,56134.000000
27578.000000,14400.000000,20791.000000,56170.000000
27658.000000,14386.000000,20790.000000,56259.000000
27715.000000,14619.000000,20880.000000,56025.000000
27725.000000,14582.000000,20710.000000,56141.000000
27598.000000,14505.000000,20750.000000,56100.000000
27569.000000,14446.000000,20680.000000,56119.000000
27581.000000,14496.000000,20779.000000,56063.000000
27673.000000,14588.000000,20851.000000,56092.000000
27514.000000,14487.000000,20757.000000,56191.000000
27603.000000,14639.000000,20705.000000,56034.000000
27680.000000,14472.000000,20803.000000,56136.000000
27597.000000,14548.000000,20768.000000,56112.000000
27658.000000,14498.000000,20720.000000,56165.000000
27613.000000,14513.000000,20793.000000,56102.000000
27568.000000,14629.000000,20761.000000,56042.000000
27688.000000,14555.000000,20767.000000,56134.000000
27630.000000,14521.000000,20790.000000,56186.000000
27670.000000,14604.000000,20746.000000,56077.000000
27692.000000,14539.000000,20754.000000,56222.000000
27556.000000,14542.000000,20774.000000,56111.000000
27553.000000,14742.000000,20758.000000,56066.000000
27760.000000,14549.000000,20779.000000,56120.000000
27693.000000,14454.000000,20789.000000,56082.000000
27643.000000,14583.000000,20821.000000,56169.000000
27549.000000,14577.000000,20804.000000,56183.000000
27605.000000,14528.000000,20685.000000,56186.000000
27603.000000,14497.000000,20659.000000,56331.000000
27620.000000,14518.000000,20789.000000,56366.000000
27588.000000,14449.000000,20891.000000,56211.000000
27567.000000,14566.000000,20807.000000,56230.000000
27651.000000,14614.000000,20770.000000,56107.000000
27611.000000,14599.000000,20720.000000,56205.000000
27565.000000,14604.000000,20826.000000,56194.000000
27658.000000,14518.000000,20825.000000,56256.000000
27583.000000,14607.000000,20827.000000,56061.000000
27721.000000,14636.000000,20891.000000,56188.000000
27605.000000,14540.000000,20892.000000,56186.000000
27772.000000,14615.000000,20838.000000,56168.000000
27854.000000,14582.000000,20812.000000,56254.000000
27735.000000,14807.000000,20888.000000,56238.000000
27658.000000,14696.000000,20776.000000,56154.000000
27822.000000,14676.000000,20856.000000,56290.000000
27714.000000,14659.000000,20857.000000,56168.000000
27646.000000,14719.000000,20865.000000,56160.000000
27631.000000,14526.000000,20806.000000,56100.000000
27877.000000,14704.000000,20972.000000,56292.000000
27792.000000,14656.000000,20874.000000,56168.000000
27590.000000,14582.000000,20805.000000,56182.000000
27606.000000,14661.000000,20819.000000,56197.000000
27728.000000,14605.000000,20902.000000,56259.000000
27620.000000,14735.000000,20868.000000,56082.000000
27586.000000,14732.000000,20895.000000,56231.000000
27857.000000,14592.000000,20948.000000,56160.000000
27720.000000,14640.000000,20918.000000,56287.000000
27653.000000,14692.000000,20897.000000,56260.000000
27784.000000,14705.000000,20792.000000,56184.000000
27625.000000,14640.000000,20807.000000,56303.000000
27624.000000,14783.000000,20799.000000,56167.000000
27680.000000,14675.000000,20795.000000,56231.000000
27641.000000,14630.000000,20937.000000,56148.000000
27663.000000,14609.000000,20802.000000,56238.000000
27960.000000,14665.000000,20819.000000,56232.000000
27740.000000,14611.000000,20818.000000,56240.000000
27547.000000,14548.000000,20826.000000,56124.000000
27738.000000,14656.000000,20783.000000,56133.000000
27627.000000,14608.000000,20831.000000,56049.000000
27581.000000,14930.000000,20741.000000,56098.000000
27674.000000,14650.000000,20749.000000,56163.000000
27750.000000,14756.000000,20659.000000,56225.000000
27662.000000,14538.000000,20825.000000,56282.000000
27716.000000,14725.000000,20770.000000,56190.000000
27499.000000,14647.000000,20627.000000,56187.000000
27714.000000,14654.000000,20829.000000,56191.000000
27641.000000,14585.000000,20777.000000,56220.000000
27619.000000,14773.000000,20790.000000,56104.000000
27520.000000,14509.000000,20741.000000,56089.000000
27606.000000,14655.000000,20853.000000,56144.000000
27603.000000,14613.000000,20652.000000,56168.000000
27612.000000,14500.000000,20675.000000,56284.000000
27570.000000,14601.000000,20696.000000,56205.000000
27528.000000,14477.000000,20777.000000,56211.000000
27598.000000,14624.000000,20660.000000,56183.000000
27603.000000,14450.000000,20663.000000,56041.000000
27601.000000,14539.000000,20796.000000,56100.000000
27709.000000,14663.000000,20657.000000,56127.000000
27475.000000,14558.000000,20668.000000,56165.000000
27482.000000,14480.000000,20517.000000,56084.000000
27469.000000,14432.000000,20583.000000,56094.000000
27447.000000,14560.000000,20569.000000,56145.000000
27505.000000,14499.000000,20565.000000,56121.000000
27397.000000,14489.000000,20570.000000,56210.000000
27560.000000,14487.000000,20559.000000,56175.000000
27432.000000,14536.000000,20524.000000,55967.000000
27487.000000,14489.000000,20513.000000,56175.000000
27404.000000,14532.000000,20575.000000,55959.000000
27293.000000,14466.000000,20539.000000,55985.000000
27439.000000,14513.000000,20635.000000,56078.000000
27446.000000,14493.000000,20470.000000,55984.000000
27368.000000,14480.000000,20596.000000,56060.000000
27439.000000,14458.000000,20572.000000,56160.000000
27550.000000,14501.000000,20586.000000,56075.000000
27475.000000,14474.000000,20477.000000,56156.000000
27433.000000,14380.000000,20485.000000,56125.000000
27531.000000,14538.000000,20520.000000,56098.000000
27548.000000,14456.000000,20475.000000,56117.000000
27521.000000,14560.000000,20548.000000,56126.000000
27437.000000,14497.000000,20518.000000,56086.000000
27412.000000,14542.000000,20468.000000,56111.000000
27468.000000,14508.000000,20527.000000,56125.000000
27575.000000,14593.000000,20674.000000,56024.000000
27347.000000,14526.000000,20543.000000,56100.000000
27578.000000,14576.000000,20583.000000,56171.000000
27580.000000,14653.000000,20607.000000,56186.000000
27641.000000,14617.000000,20718.000000,56142.000000
27495.000000,14408.000000,20682.000000,56208.000000
27623.000000,14553.000000,20676.000000,56109.000000
27558.000000,14582.000000,20776.000000,56231.000000
27561.000000,14647.000000,20605.000000,56176.000000
27593.000000,14626.000000,20817.000000,56304.000000
27684.000000,14813.000000,20936.000000,56303.000000
27637.000000,14840.000000,20955.000000,56264.000000
27685.000000,14719.000000,20811.000000,56262.000000
27705.000000,14800.000000,21037.000000,56294.000000
27938.000000,14997.000000,21065.000000,56251.000000
28044.000000,15046.000000,21165.000000,56493.000000
27972.000000,14977.000000,21268.000000,56577.000000
28049.000000,15181.000000,21222.000000,56540.000000
28195.000000,15186.000000,21378.000000,56573.000000
28291.000000,15178.000000,21516.000000,56595.000000
28357.000000,15230.000000,21467.000000,56520.000000
28341.000000,15177.000000,21665.000000,56567.000000
28318.000000,15252.000000,21424.000000,56647.000000
28346.000000,15269.000000,21606.000000,56479.000000
28353.000000,15143.000000,21589.000000,56606.000000
28193.000000,15370.000000,21826.000000,56636.000000
28489.000000,15217.000000,21575.000000,56600.000000
28476.000000,15286.000000,21582.000000,56610.000000
28333.000000,15040.000000,21612.000000,56582.000000
28337.000000,15171.000000,21640.000000,56511.000000
28395.000000,15157.000000,21517.000000,56576.000000
28346.000000,15297.000000,21599.000000,56647.000000
28315.000000,15196.000000,21540.000000,56538.000000
28423.000000,15238.000000,21582.000000,56561.000000
28327.000000,15244.000000,21658.000000,56477.000000
28438.000000,15281.000000,21560.000000,56608.000000
28304.000000,15251.000000,21510.000000,56581.000000
28412.000000,15365.000000,21587.000000,56588.000000
28229.000000,15112.000000,21499.000000,56819.000000
28375.000000,15282.000000,21565.000000,56730.000000
28348.000000,15208.000000,21564.000000,56568.000000
28445.000000,15260.000000,21575.000000,56657.000000
28287.000000,15266.000000,21506.000000,56559.000000
28336.000000,15349.000000,21507.000000,56590.000000
28367.000000,15321.000000,21557.000000,56582.000000
28301.000000,15207.000000,21568.000000,56621.000000
28449.000000,15230.000000,21563.000000,56606.000000
28320.000000,15193.000000,21562.000000,56633.000000
28170.000000,15128.000000,21516.000000,56628.000000
28351.000000,15367.000000,21397.000000,56417.000000
28436.000000,15177.000000,21642.000000,56558.000000
28348.000000,15410.000000,21582.000000,56599.000000
28303.000000,15107.000000,21555.000000,56486.000000
28393.000000,15225.000000,21471.000000,56580.000000
28280.000000,15243.000000,21444.000000,56552.000000
28309.000000,15212.000000,21498.000000,56611.000000
28276.000000,15257.000000,21431.000000,56494.000000
28327.000000,15282.000000,21563.000000,56512.000000
28304.000000,15262.000000,21418.000000,56605.000000
28243.000000,15308.000000,21471.000000,56582.000000
28316.000000,15194.000000,21441.000000,56596.000000
28287.000000,15015.000000,21552.000000,56501.000000
28352.000000,15035.000000,21407.000000,56608.000000
28194.000000,15098.000000,21517.000000,56604.000000
28280.000000,15261.000000,21521.000000,56612.000000
28205.000000,15201.000000,21459.000000,56533.000000
28209.000000,15147.000000,21486.000000,56549.000000
28070.000000,15193.000000,21557.000000,56531.000000
28296.000000,15160.000000,21472.000000,56587.000000
28264.000000,15106.000000,21363.000000,56624.000000
28297.000000,15188.000000,21499.000000,56679.000000
28130.000000,15140.000000,21363.000000,56408.000000
28233.000000,15200.000000,21402.000000,56496.000000
28357.000000,15199.000000,21422.000000,56523.000000
28397.000000,15193.000000,21366.000000,56611.000000
28125.000000,15076.000000,21344.000000,56564.000000
28253.000000,15136.000000,21474.000000,56475.000000
28255.000000,15226.000000,21362.000000,56442.000000
28265.000000,15003.000000,21428.000000,56513.000000
28138.000000,15106.000000,21390.000000,56485.000000
28234.000000,15129.000000,21352.000000,56560.000000
28086.000000,15177.000000,21363.000000,56518.000000
28169.000000,15081.000000,21508.000000,56611.000000
28084.000000,15139.000000,21208.000000,56537.000000
28167.000000,15034.000000,21288.000000,56473.000000
28185.000000,15101.000000,21447.000000,56626.000000
28210.000000,15103.000000,21433.000000,56547.000000
28046.000000,14922.000000,21503.000000,56310.000000
28080.000000,15091.000000,21441.000000,56592.000000
28115.000000,15063.000000,21310.000000,56415.000000
28042.000000,15062.000000,21225.000000,56510.000000
28077.000000,15017.000000,21321.000000,56523.000000
28071.000000,15059.000000,21244.000000,56538.000000
28113.000000,15053.000000,21223.000000,56429.000000
27874.000000,15048.000000,21237.000000,56434.000000
28016.000000,15007.000000,21147.000000,56465.000000
28145.000000,15081.000000,21127.000000,56491.000000
28122.000000,15059.000000,21295.000000,56485.000000
28002.000000,14998.000000,21117.000000,56420.000000
28071.000000,15037.000000,21224.000000,56432.000000
28089.000000,14841.000000,21434.000000,56497.000000
28235.000000,14959.000000,21221.000000,56317.000000
27934.000000,14948.000000,21150.000000,56491.000000
28114.000000,15080.000000,21240.000000,56440.000000
27961.000000,14996.000000,21204.000000,56576.000000
28096.000000,15020.000000,21182.000000,56507.000000
28092.000000,15011.000000,21201.000000,56484.000000
28111.000000,15103.000000,21313.000000,56460.000000
28171.000000,15038.000000,21188.000000,56452.000000
28124.000000,15080.000000,21302.000000,56444.000000
28018.000000,15025.000000,21127.000000,56334.000000
28055.000000,15033.000000,21224.000000,56451.000000
28169.000000,15070.000000,21213.000000,56398.000000
27987.000000,14958.000000,21187.000000,56466.000000
28030.000000,14847.000000,21171.000000,56365.000000
28042.000000,15076.000000,21193.000000,56409.000000
28110.000000,15108.000000,21174.000000,56496.000000
28017.000000,15072.000000,21153.000000,56464.000000
27977.000000,14945.000000,21208.000000,56377.000000
28146.000000,15062.000000,21187.000000,56317.000000
27910.000000,15039.000000,21130.000000,56510.000000
27889.000000,14970.000000,21075.000000,56258.000000
27982.000000,14972.000000,21047.000000,56490.000000
28038.000000,15070.000000,21245.000000,56303.000000
27961.000000,15092.000000,21193.000000,56418.000000
27823.000000,15023.000000,21143.000000,56394.000000
28037.000000,15143.000000,21033.000000,56228.000000
27787.000000,14976.000000,21137.000000,56435.000000
27912.000000,14957.000000,21165.000000,56382.000000
27833.000000,14937.000000,21099.000000,56451.000000
27842.000000,14873.000000,21033.000000,56334.000000
28009.000000,14952.000000,21157.000000,56344.000000
27942.000000,14954.000000,21055.000000,56343.000000
27932.000000,14914.000000,21068.000000,56352.000000
27768.000000,14853.000000,20861.000000,56233.000000
27902.000000,14922.000000,20938.000000,56331.000000
27914.000000,14983.000000,21037.000000,56410.000000
27768.000000,14886.000000,20977.000000,56439.000000
27787.000000,14978.000000,20959.000000,56303.000000
27885.000000,15077.000000,21054.000000,56291.000000
27918.000000,14909.000000,20929.000000,56312.000000
27807.000000,14980.000000,21022.000000,56365.000000
27894.000000,14860.000000,20964.000000,56320.000000
27912.000000,14873.000000,20826.000000,56411.000000
27899.000000,14970.000000,20901.000000,56365.000000
27736.000000,14881.000000,20934.000000,56366.000000
27689.000000,14941.000000,20908.000000,56362.000000
27998.000000,14950.000000,20933.000000,56305.000000
27901.000000,14975.000000,20992.000000,56339.000000
27845.000000,15011.000000,21022.000000,56326.000000
27794.000000,14956.000000,21067.000000,56275.000000
27972.000000,14963.000000,21038.000000,56220.000000
27862.000000,14953.000000,21005.000000,56365.000000
27893.000000,14967.000000,21007.000000,56352.000000
27960.000000,14919.000000,21011.000000,56363.000000
27971.000000,15040.000000,21039.000000,56321.000000
27999.000000,15079.000000,20954.000000,56433.000000
27810.000000,14877.000000,20926.000000,56394.000000
27967.000000,15045.000000,21113.000000,56384.000000
27848.000000,15113.000000,21250.000000,56380.000000
28050.000000,15097.000000,21207.000000,56425.000000
28047.000000,15028.000000,21147.000000,56367.000000
28098.000000,15014.000000,21333.000000,56434.000000
28171.000000,15183.000000,21150.000000,56511.000000
28292.000000,15276.000000,21304.000000,56527.000000
28194.000000,15159.000000,21480.000000,56557.000000
28272.000000,15294.000000,21538.000000,56590.000000
28345.000000,15311.000000,21524.000000,56603.000000
28420.000000,15347.000000,21659.000000,56634.000000
28495.000000,15375.000000,21789.000000,56731.000000
28533.000000,15514.000000,21745.000000,56806.000000
28633.000000,15588.000000,21849.000000,56749.000000
28702.000000,15563.000000,21833.000000,56771.000000
28752.000000,15663.000000,21920.000000,56746.000000
28719.000000,15695.000000,21922.000000,56855.000000
28860.000000,15623.000000,22005.000000,56853.000000
28853.000000,15739.000000,21995.000000,56818.000000
28682.000000,15623.000000,21943.000000,56889.000000
28806.000000,15729.000000,22054.000000,56845.000000
28778.000000,15723.000000,22045.000000,56989.000000
28864.000000,15800.000000,22130.000000,56672.000000
28862.000000,15722.000000,22035.000000,56792.000000
29047.000000,15759.000000,22070.000000,56790.000000
28742.000000,15825.000000,22065.000000,56882.000000
28805.000000,15818.000000,22036.000000,56945.000000
28779.000000,15690.000000,22022.000000,56916.000000
28709.000000,15781.000000,22044.000000,56943.000000
28877.000000,15749.000000,22088.000000,56810.000000
28850.000000,15773.000000,21931.000000,57016.000000
28760.000000,15738.000000,22034.000000,56911.000000
28795.000000,15762.000000,22105.000000,56950.000000
28848.000000,15788.000000,22015.000000,56884.000000
28740.000000,15812.000000,22007.000000,56879.000000
28866.000000,15756.000000,22076.000000,56817.000000
28944.000000,15858.000000,21975.000000,57083.000000
29001.000000,15761.000000,22086.000000,56915.000000
28692.000000,15758.000000,22075.000000,56889.000000
28891.000000,15754.000000,21903.000000,56964.000000
28872.000000,15793.000000,22082.000000,56736.000000
28925.000000,15715.000000,21941.000000,56799.000000
28825.000000,15680.000000,22027.000000,56878.000000
28726.000000,15624.000000,21855.000000,56696.000000
28892.000000,15888.000000,22040.000000,56913.000000
29013.000000,15858.000000,22045.000000,56941.000000
28815.000000,15741.000000,22016.000000,56880.000000
28893.000000,15887.000000,22067.000000,56893.000000
28904.000000,15843.000000,22124.000000,56925.000000
28779.000000,15866.000000,22067.000000,56974.000000
28774.000000,15881.000000,22044.000000,56849.000000
28905.000000,15741.000000,22009.000000,56873.000000
28789.000000,15906.000000,22026.000000,56936.000000
28802.000000,15874.000000,22043.000000,56969.000000
28841.000000,15782.000000,22245.000000,56796.000000
28819.000000,15816.000000,22016.000000,56893.000000
28991.000000,15714.000000,22138.000000,56964.000000
28732.000000,15734.000000,22081.000000,56879.000000
28780.000000,15724.000000,22055.000000,56862.000000
28849.000000,15794.000000,21998.000000,56908.000000
28763.000000,15907.000000,21987.000000,56826.000000
28831.000000,15785.000000,21943.000000,56944.000000
28809.000000,15773.000000,22028.000000,56864.000000
28926.000000,15667.000000,22068.000000,56935.000000
28958.000000,15791.000000,22050.000000,56836.000000
28770.000000,15782.000000,22164.000000,56727.000000
28782.000000,15817.000000,22148.000000,56773.000000
28774.000000,15626.000000,22031.000000,56909.000000
28846.000000,15795.000000,22145.000000,56935.000000
28570.000000,15742.000000,21988.000000,56783.000000
28820.000000,15773.000000,21969.000000,56854.000000
28864.000000,15814.000000,22075.000000,56815.000000
28803.000000,15811.000000,21995.000000,56902.000000
28806.000000,15729.000000,21893.000000,56992.000000
28786.000000,15833.000000,22095.000000,56797.000000
28674.000000,15735.000000,21988.000000,56882.000000
28873.000000,15792.000000,22039.000000,56831.000000
28707.000000,15716.000000,22000.000000,56846.000000
28766.000000,15791.000000,22102.000000,56894.000000
28829.000000,15925.000000,21793.000000,56917.000000
28872.000000,15923.000000,22004.000000,56827.000000
28685.000000,15748.000000,21996.000000,56883.000000
28884.000000,15771.000000,22041.000000,56930.000000
28866.000000,15896.000000,21959.000000,56874.000000
28616.000000,15844.000000,22035.000000,56843.000000
28705.000000,15770.000000,21842.000000,56843.000000
28849.000000,15944.000000,21880.000000,56833.000000
28806.000000,15852.000000,21826.000000,56926.000000
28868.000000,15849.000000,21952.000000,57046.000000
28611.000000,15802.000000,22011.000000,56812.000000
28785.000000,15798.000000,21926.000000,56869.000000
28800.000000,15674.000000,22047.000000,56903.000000
28762.000000,15886.000000,21879.000000,56926.000000
28675.000000,15843.000000,22054.000000,56815.000000
28802.000000,15798.000000,21908.000000,56788.000000
28653.000000,15888.000000,22066.000000,57003.000000
28737.000000,15789.000000,21998.000000,56854.000000
28717.000000,15825.000000,21994.000000,56884.000000
28831.000000,15739.000000,22180.000000,56938.000000
28751.000000,15913.000000,22106.000000,56884.000000
28704.000000,15709.000000,21960.000000,56879.000000
28789.000000,15810.000000,22072.000000,56910.000000
28742.000000,15839.000000,21987.000000,56993.000000
28873.000000,15884.000000,22072.000000,56888.000000
28723.000000,15886.000000,22056.000000,56894.000000
28850.000000,15839.000000,21985.000000,56820.000000
28858.000000,15844.000000,22070.000000,56958.000000
28774.000000,15832.000000,22036.000000,56915.000000
28774.000000,15774.000000,22067.000000,56940.000000
28799.000000,15865.000000,22164.000000,56890.000000
28861.000000,15966.000000,21970.000000,56925.000000
28848.000000,15935.000000,22162.000000,57005.000000
28643.000000,15890.000000,22076.000000,56947.000000
28860.000000,15954.000000,22135.000000,56933.000000
28797.000000,15993.000000,21915.000000,57029.000000
28693.000000,15889.000000,22012.000000,56882.000000
28774.000000,15840.000000,22005.000000,56874.000000
28837.000000,15944.000000,22011.000000,56895.000000
28865.000000,15888.000000,22028.000000,56903.000000
28850.000000,15884.000000,21973.000000,56831.000000
28810.000000,15797.000000,22052.000000,56936.000000
28739.000000,15879.000000,21969.000000,56929.000000
28697.000000,15919.000000,21930.000000,56967.000000
28644.000000,15899.000000,21942.000000,56850.000000
28621.000000,15930.000000,21955.000000,56878.000000
28749.000000,15922.000000,21941.000000,56856.000000
28708.000000,15895.000000,22064.000000,56880.000000
28698.000000,15921.000000,21905.000000,56983.000000
28593.000000,15892.000000,22038.000000,56849.000000
28698.000000,15959.000000,22045.000000,56843.000000
28671.000000,15880.000000,21927.000000,56951.000000
28562.000000,15893.000000,21918.000000,56896.000000
28647.000000,15904.000000,21953.000000,56854.000000
28724.000000,15909.000000,21964.000000,56934.000000
28667.000000,15931.000000,22036.000000,56939.000000
28844.000000,15977.000000,21980.000000,56880.000000
28702.000000,15974.000000,21951.000000,56897.000000
28804.000000,15894.000000,22156.000000,56937.000000
28781.000000,15995.000000,22033.000000,56944.000000
28776.000000,16063.000000,21895.000000,56941.000000
28776.000000,15966.000000,22050.000000,57015.000000
28865.000000,16148.000000,22082.000000,57021.000000
28641.000000,16040.000000,22113.000000,56953.000000
28770.000000,15995.000000,22069.000000,56958.000000
28751.000000,15985.000000,22055.000000,57044.000000
28941.000000,16066.000000,22138.000000,56995.000000
28898.000000,16109.000000,22142.000000,56973.000000
28884.000000,16061.000000,22154.000000,56983.000000
28888.000000,16264.000000,22050.000000,57219.000000
28925.000000,16209.000000,22031.000000,57080.000000
29004.000000,16212.000000,22290.000000,57103.000000
28805.000000,16073.000000,22210.000000,57089.000000
28898.000000,16064.000000,22252.000000,57099.000000
29033.000000,16165.000000,22303.000000,57069.000000
29132.000000,16191.000000,22266.000000,57143.000000
28930.000000,16237.000000,22458.000000,57225.000000
29138.000000,16262.000000,22408.000000,57163.000000
29229.000000,16462.000000,22449.000000,57260.000000
29415.000000,16306.000000,22623.000000,57244.000000
29279.000000,16354.000000,22566.000000,57234.000000
29313.000000,16552.000000,22623.000000,57221.000000
29457.000000,16449.000000,22679.000000,57348.000000
29632.000000,16628.000000,22779.000000,57428.000000
29596.000000,16462.000000,22910.000000,57451.000000
29634.000000,16675.000000,22980.000000,57429.000000
29483.000000,16729.000000,23091.000000,57577.000000
29602.000000,16721.000000,22988.000000,57597.000000
29695.000000,16709.000000,23051.000000,57452.000000
29800.000000,16808.000000,23113.000000,57603.000000
29892.000000,16817.000000,23204.000000,57592.000000
29763.000000,16818.000000,23109.000000,57763.000000
29764.000000,16748.000000,23230.000000,57584.000000
30019.000000,16835.000000,23252.000000,57572.000000
29883.000000,16845.000000,23255.000000,57615.000000
29840.000000,16894.000000,23177.000000,57600.000000
29737.000000,16742.000000,23380.000000,57556.000000
29840.000000,16797.000000,23235.000000,57589.000000
29941.000000,16826.000000,23239.000000,57551.000000
29832.000000,16847.000000,23161.000000,57603.000000
29798.000000,16758.000000,23228.000000,57617.000000
29967.000000,16856.000000,23079.000000,57625.000000
29775.000000,16827.000000,23292.000000,57560.000000
29886.000000,16821.000000,23178.000000,57647.000000
29849.000000,16754.000000,23128.000000,57746.000000
29922.000000,16884.000000,23163.000000,57552.000000
29920.000000,16857.000000,23213.000000,57517.000000
29721.000000,16822.000000,23071.000000,57497.000000
29852.000000,16767.000000,23115.000000,57421.000000
29858.000000,16730.000000,23191.000000,57588.000000
29780.000000,16857.000000,23165.000000,57667.000000
29893.000000,16863.000000,23171.000000,57509.000000
29823.000000,16869.000000,23242.000000,57582.000000
29711.000000,16844.000000,23153.000000,57523.000000
29773.000000,16740.000000,23146.000000,57541.000000
29565.000000,16704.000000,23151.000000,57547.000000
29750.000000,16807.000000,23143.000000,57562.000000
29651.000000,16811.000000,23110.000000,57449.000000
29809.000000,16908.000000,23221.000000,57517.000000
29764.000000,16743.000000,23119.000000,57541.000000
29754.000000,16708.000000,23068.000000,57573.000000
29739.000000,16756.000000,23105.000000,57502.000000
29699.000000,16948.000000,23040.000000,57483.000000
29769.000000,16707.000000,22972.000000,57503.000000
29934.000000,16761.000000,23103.000000,57431.000000
29727.000000,16742.000000,23165.000000,57698.000000
29690.000000,16793.000000,23165.000000,57404.000000
29613.000000,16709.000000,23015.000000,57527.000000
29765.000000,16756.000000,23053.000000,57371.000000
29706.000000,16721.000000,22983.000000,57440.000000
29609.000000,16699.000000,23074.000000,57567.000000
29610.000000,16671.000000,23013.000000,57520.000000
29744.000000,16738.000000,22934.000000,57552.000000
29644.000000,16905.000000,22858.000000,57476.000000
29475.000000,16775.000000,23006.000000,57506.000000
29606.000000,16672.000000,22963.000000,57504.000000
29791.000000,16655.000000,22909.000000,57452.000000
29671.000000,16718.000000,23069.000000,57488.000000
29538.000000,16663.000000,22916.000000,57396.000000
29668.000000,16712.000000,22914.000000,57471.000000
29895.000000,16659.000000,22947.000000,57471.000000
29517.000000,16723.000000,22942.000000,57488.000000
29556.000000,16668.000000,22903.000000,57434.000000
29601.000000,16713.000000,22853.000000,57436.000000
29671.000000,16687.000000,22906.000000,57489.000000
29627.000000,16676.000000,22851.000000,57431.000000
29514.000000,16782.000000,22835.000000,57355.000000
29594.000000,16616.000000,22828.000000,57430.000000
29652.000000,16621.000000,22741.000000,57682.000000
29539.000000,16694.000000,22799.000000,57426.000000
29518.000000,16536.000000,22834.000000,57395.000000
29601.000000,16555.000000,22895.000000,57461.000000
29617.000000,16779.000000,22821.000000,57347.000000
29626.000000,16629.000000,22818.000000,57411.000000
29589.000000,16615.000000,22755.000000,57436.000000
29664.000000,16508.000000,22847.000000,57405.000000
29615.000000,16617.000000,22726.000000,57301.000000
29641.000000,16570.000000,22795.000000,57436.000000
29597.000000,16477.000000,22715.000000,57377.000000
29648.000000,16596.000000,22812.000000,57326.000000
29500.000000,16638.000000,22694.000000,57469.000000
