660nm,730nm,850nm,940nm
8188.000000,14695.000000,5068.000000,42299.000000
8199.000000,14687.000000,5076.000000,42325.000000
8240.000000,14727.000000,5105.000000,42355.000000
8291.000000,14739.000000,5137.000000,42351.000000
8254.000000,14727.000000,5141.000000,42353.000000
8275.000000,14751.000000,5148.000000,42347.000000
8285.000000,14719.000000,5111.000000,42313.000000
8269.000000,14741.000000,5139.000000,42349.000000
8261.000000,14719.000000,5099.000000,42323.000000
8263.000000,14713.000000,5105.000000,42332.000000
8233.000000,14707.000000,5124.000000,42351.000000
8232.000000,14705.000000,5103.000000,42340.000000
8240.000000,14683.000000,5088.000000,42319.000000
8225.000000,14681.000000,5090.000000,42348.000000
8174.000000,14655.000000,5062.000000,42327.000000
8220.000000,14688.000000,5072.000000,42295.000000
8209.000000,14651.000000,5054.000000,42288.000000
8180.000000,14647.000000,5040.000000,42289.000000
8163.000000,14636.000000,5048.000000,42288.000000
8123.000000,14608.000000,5009.000000,42271.000000
8144.000000,14623.000000,4981.000000,42279.000000
8090.000000,14620.000000,5006.000000,42255.000000
8126.000000,14603.000000,4970.000000,42264.000000
8094.000000,14592.000000,4977.000000,42259.000000
8097.000000,14589.000000,4981.000000,42226.000000
8065.000000,14550.000000,4944.000000,42228.000000
8035.000000,14591.000000,4952.000000,42251.000000
8043.000000,14547.000000,4930.000000,42199.000000
8067.000000,14531.000000,4919.000000,42203.000000
8024.000000,14535.000000,4911.000000,42226.000000
8012.000000,14512.000000,4884.000000,42191.000000
8001.000000,14523.000000,4878.000000,42199.000000
8005.000000,14491.000000,4858.000000,42216.000000
7989.000000,14514.000000,4866.000000,42220.000000
7992.000000,14495.000000,4850.000000,42192.000000
8000.000000,14477.000000,4857.000000,42184.000000
7959.000000,14468.000000,4830.000000,42191.000000
7940.000000,14468.000000,4839.000000,42199.000000
7972.000000,14462.000000,4831.000000,42157.000000
7906.000000,14440.000000,4807.000000,42151.000000
7932.000000,14441.000000,4822.000000,42169.000000
7902.000000,14404.000000,4798.000000,42175.000000
7879.000000,14418.000000,4781.000000,42116.000000
7850.000000,14405.000000,4754.000000,42139.000000
7857.000000,14409.000000,4745.000000,42140.000000
7833.000000,14382.000000,4757.000000,42122.000000
7858.000000,14399.000000,4740.000000,42122.000000
7820.000000,14363.000000,4728.000000,42116.000000
7796.000000,14378.000000,4692.000000,42117.000000
7809.000000,14370.000000,4720.000000,42099.000000
7793.000000,14340.000000,4707.000000,42105.000000
7771.000000,14357.000000,4681.000000,42081.000000
7782.000000,14349.000000,4655.000000,42081.000000
7764.000000,14336.000000,4653.000000,42080.000000
7726.000000,14295.000000,4639.000000,42071.000000
7744.000000,14299.000000,4657.000000,42077.000000
7700.000000,14263.000000,4630.000000,42070.000000
7684.000000,14301.000000,4625.000000,42063.000000
7699.000000,14307.000000,4624.000000,42054.000000
7715.000000,14291.000000,4610.000000,42061.000000
7679.000000,14261.000000,4634.000000,42046.000000
7672.000000,14257.000000,4613.000000,42036.000000
7685.000000,14244.000000,4586.000000,42056.000000
7690.000000,14259.000000,4607.000000,42047.000000
7668.000000,14261.000000,4593.000000,42075.000000
7649.000000,14228.000000,4564.000000,42047.000000
7629.000000,14220.000000,4579.000000,42023.000000
7669.000000,14247.000000,4571.000000,42048.000000
7655.000000,14225.000000,4586.000000,42036.000000
7643.000000,14223.000000,4566.000000,42069.000000
7644.000000,14237.000000,4596.000000,42027.000000
7628.000000,14231.000000,4553.000000,42040.000000
7650.000000,14250.000000,4561.000000,42051.000000
7643.000000,14208.000000,4566.000000,42041.000000
7655.000000,14220.000000,4554.000000,42069.000000
7618.000000,14187.000000,4548.000000,42006.000000
7635.000000,14223.000000,4569.000000,42000.000000
7595.000000,14220.000000,4518.000000,42022.000000
7596.000000,14219.000000,4526.000000,42027.000000
7553.000000,14195.000000,4547.000000,42020.000000
7577.000000,14163.000000,4490.000000,41981.000000
7543.000000,14169.000000,4533.000000,42027.000000
7584.000000,14163.000000,4500.000000,41979.000000
7556.000000,14171.000000,4504.000000,42011.000000
7549.000000,14135.000000,4447.000000,41972.000000
7532.000000,14127.000000,4491.000000,41969.000000
7549.000000,14151.000000,4479.000000,41994.000000
7530.000000,14139.000000,4458.000000,41960.000000
7523.000000,14131.000000,4453.000000,41986.000000
7527.000000,14105.000000,4433.000000,41981.000000
7528.000000,14107.000000,4460.000000,41969.000000
7532.000000,14148.000000,4484.000000,41975.000000
7551.000000,14131.000000,4472.000000,41953.000000
7532.000000,14135.000000,4457.000000,41968.000000
7543.000000,14159.000000,4485.000000,41985.000000
7537.000000,14159.000000,4510.000000,41976.000000
7528.000000,14111.000000,4469.000000,41981.000000
7530.000000,14141.000000,4512.000000,41977.000000
7557.000000,14163.000000,4470.000000,41977.000000
7553.000000,14190.000000,4500.000000,41993.000000
7599.000000,14195.000000,4530.000000,42002.000000
7609.000000,14221.000000,4519.000000,42007.000000
7613.000000,14173.000000,4583.000000,42038.000000
7634.000000,14241.000000,4561.000000,42055.000000
7644.000000,14251.000000,4615.000000,42065.000000
7691.000000,14229.000000,4608.000000,42056.000000
7708.000000,14235.000000,4643.000000,42058.000000
7728.000000,14300.000000,4676.000000,42093.000000
7760.000000,14320.000000,4714.000000,42124.000000
7782.000000,14291.000000,4726.000000,42095.000000
7804.000000,14380.000000,4748.000000,42147.000000
7844.000000,14392.000000,4772.000000,42137.000000
7893.000000,14416.000000,4822.000000,42170.000000
7945.000000,14471.000000,4820.000000,42186.000000
7984.000000,14472.000000,4875.000000,42209.000000
8012.000000,14506.000000,4929.000000,42210.000000
8037.000000,14553.000000,4927.000000,42241.000000
8097.000000,14563.000000,4949.000000,42269.000000
8132.000000,14596.000000,5029.000000,42280.000000
8178.000000,14612.000000,5040.000000,42270.000000
8218.000000,14661.000000,5081.000000,42339.000000
8246.000000,14660.000000,5087.000000,42332.000000
8301.000000,14689.000000,5116.000000,42368.000000
8276.000000,14713.000000,5147.000000,42344.000000
8306.000000,14768.000000,5161.000000,42373.000000
8345.000000,14740.000000,5151.000000,42359.000000
8355.000000,14755.000000,5177.000000,42383.000000
8361.000000,14736.000000,5191.000000,42383.000000
8372.000000,14740.000000,5184.000000,42371.000000
8330.000000,14724.000000,5161.000000,42405.000000
8349.000000,14755.000000,5192.000000,42383.000000
8363.000000,14756.000000,5178.000000,42393.000000
8280.000000,14740.000000,5156.000000,42370.000000
8312.000000,14731.000000,5195.000000,42364.000000
8323.000000,14712.000000,5157.000000,42367.000000
8302.000000,14732.000000,5116.000000,42344.000000
8292.000000,14679.000000,5125.000000,42363.000000
8292.000000,14715.000000,5112.000000,42360.000000
8273.000000,14672.000000,5103.000000,42331.000000
8263.000000,14689.000000,5103.000000,42308.000000
8247.000000,14661.000000,5115.000000,42319.000000
8255.000000,14647.000000,5069.000000,42316.000000
8218.000000,14645.000000,5067.000000,42316.000000
8231.000000,14635.000000,5071.000000,42331.000000
8189.000000,14627.000000,5082.000000,42312.000000
8196.000000,14645.000000,5059.000000,42307.000000
8142.000000,14625.000000,5012.000000,42312.000000
8186.000000,14633.000000,5033.000000,42312.000000
8153.000000,14596.000000,5013.000000,42309.000000
8155.000000,14587.000000,4988.000000,42279.000000
8147.000000,14587.000000,5017.000000,42280.000000
8100.000000,14571.000000,4977.000000,42281.000000
8088.000000,14541.000000,4978.000000,42271.000000
8127.000000,14528.000000,4975.000000,42255.000000
8087.000000,14557.000000,4933.000000,42269.000000
8077.000000,14527.000000,4955.000000,42248.000000
8063.000000,14543.000000,4959.000000,42288.000000
8060.000000,14502.000000,4908.000000,42213.000000
8040.000000,14526.000000,4888.000000,42227.000000
8006.000000,14519.000000,4892.000000,42224.000000
7982.000000,14464.000000,4879.000000,42211.000000
7987.000000,14461.000000,4869.000000,42215.000000
7996.000000,14481.000000,4884.000000,42200.000000
7968.000000,14445.000000,4857.000000,42204.000000
7968.000000,14426.000000,4843.000000,42184.000000
7940.000000,14434.000000,4840.000000,42179.000000
7930.000000,14424.000000,4808.000000,42178.000000
7909.000000,14416.000000,4809.000000,42169.000000
7910.000000,14398.000000,4790.000000,42146.000000
7887.000000,14398.000000,4787.000000,42128.000000
7857.000000,14380.000000,4770.000000,42159.000000
7840.000000,14383.000000,4779.000000,42136.000000
7837.000000,14364.000000,4745.000000,42117.000000
7804.000000,14344.000000,4748.000000,42132.000000
7808.000000,14332.000000,4732.000000,42112.000000
7789.000000,14327.000000,4731.000000,42129.000000
7783.000000,14317.000000,4695.000000,42103.000000
7785.000000,14292.000000,4686.000000,42128.000000
7748.000000,14311.000000,4669.000000,42115.000000
7767.000000,14288.000000,4679.000000,42105.000000
7744.000000,14305.000000,4663.000000,42086.000000
7753.000000,14280.000000,4666.000000,42109.000000
7719.000000,14272.000000,4669.000000,42068.000000
7717.000000,14292.000000,4674.000000,42087.000000
7699.000000,14257.000000,4615.000000,42060.000000
7732.000000,14247.000000,4646.000000,42080.000000
7679.000000,14231.000000,4621.000000,42030.000000
7681.000000,14259.000000,4620.000000,42071.000000
7667.000000,14237.000000,4632.000000,42036.000000
7732.000000,14253.000000,4629.000000,42066.000000
7660.000000,14239.000000,4614.000000,42055.000000
7664.000000,14231.000000,4621.000000,42036.000000
7670.000000,14255.000000,4639.000000,42026.000000
7651.000000,14216.000000,4600.000000,42066.000000
7635.000000,14216.000000,4591.000000,42059.000000
7641.000000,14211.000000,4575.000000,42025.000000
7601.000000,14193.000000,4576.000000,42029.000000
7595.000000,14187.000000,4583.000000,42026.000000
7601.000000,14215.000000,4552.000000,42031.000000
7635.000000,14196.000000,4571.000000,42050.000000
7592.000000,14213.000000,4528.000000,42011.000000
7608.000000,14148.000000,4544.000000,42028.000000
7579.000000,14152.000000,4531.000000,42035.000000
7551.000000,14178.000000,4506.000000,41994.000000
7543.000000,14144.000000,4507.000000,42003.000000
7564.000000,14149.000000,4533.000000,41995.000000
7518.000000,14116.000000,4498.000000,41965.000000
7508.000000,14111.000000,4494.000000,41959.000000
7515.000000,14132.000000,4474.000000,41949.000000
7506.000000,14095.000000,4470.000000,41992.000000
7497.000000,14087.000000,4466.000000,41943.000000
7496.000000,14099.000000,4453.000000,41955.000000
7492.000000,14092.000000,4442.000000,41968.000000
7472.000000,14101.000000,4453.000000,41955.000000
7508.000000,14332.000000,4453.000000,41952.000000
7486.000000,14096.000000,4489.000000,41962.000000
7510.000000,14103.000000,4480.000000,41965.000000
7520.000000,14087.000000,4456.000000,41966.000000
7501.000000,14113.000000,4490.000000,41964.000000
7543.000000,14133.000000,4454.000000,41955.000000
7554.000000,14117.000000,4503.000000,41963.000000
7540.000000,14121.000000,4486.000000,41986.000000
7557.000000,14147.000000,4484.000000,41985.000000
7549.000000,14128.000000,4485.000000,42006.000000
7557.000000,14168.000000,4508.000000,42005.000000
7560.000000,14169.000000,4529.000000,41995.000000
7597.000000,14183.000000,4572.000000,42012.000000
7632.000000,14193.000000,4584.000000,42027.000000
7658.000000,14239.000000,4595.000000,42034.000000
7692.000000,14200.000000,4585.000000,42031.000000
7706.000000,14263.000000,4648.000000,42077.000000
7745.000000,14291.000000,4685.000000,42073.000000
7745.000000,14292.000000,4672.000000,42081.000000
7820.000000,14311.000000,4729.000000,42109.000000
7834.000000,14360.000000,4737.000000,42166.000000
7886.000000,14381.000000,4796.000000,42139.000000
7922.000000,14393.000000,4807.000000,42181.000000
7940.000000,14425.000000,4839.000000,42203.000000
7995.000000,14438.000000,4882.000000,42190.000000
8042.000000,14521.000000,4925.000000,42235.000000
8079.000000,14526.000000,4928.000000,42244.000000
8102.000000,14534.000000,4969.000000,42271.000000
8159.000000,14592.000000,5009.000000,42281.000000
8183.000000,14637.000000,5054.000000,42299.000000
8250.000000,14632.000000,5060.000000,42324.000000
8279.000000,14659.000000,5093.000000,42336.000000
8310.000000,14661.000000,5119.000000,42347.000000
8308.000000,14693.000000,5131.000000,42364.000000
8296.000000,14713.000000,5110.000000,42375.000000
8304.000000,14711.000000,5148.000000,42377.000000
8311.000000,14723.000000,5118.000000,42346.000000
8344.000000,14751.000000,5146.000000,42375.000000
8308.000000,14727.000000,5130.000000,42393.000000
8320.000000,14704.000000,5148.000000,42341.000000
8315.000000,14691.000000,5130.000000,42364.000000
8295.000000,14697.000000,5094.000000,42351.000000
8300.000000,14704.000000,5105.000000,42321.000000
8298.000000,14659.000000,5095.000000,42297.000000
8248.000000,14697.000000,5110.000000,42331.000000
8256.000000,14633.000000,5070.000000,42363.000000
8240.000000,14643.000000,5083.000000,42327.000000
8229.000000,14632.000000,5044.000000,42304.000000
8232.000000,14633.000000,5015.000000,42313.000000
8216.000000,14617.000000,5053.000000,42272.000000
8191.000000,14627.000000,5018.000000,42291.000000
8200.000000,14619.000000,5022.000000,42300.000000
8182.000000,14617.000000,5000.000000,42288.000000
8205.000000,14615.000000,4981.000000,42268.000000
8159.000000,14518.000000,4957.000000,42285.000000
8116.000000,14559.000000,4959.000000,42245.000000
8147.000000,14555.000000,4943.000000,42256.000000
8112.000000,14566.000000,4935.000000,42249.000000
8091.000000,14532.000000,4936.000000,42228.000000
8097.000000,14550.000000,4917.000000,42225.000000
8086.000000,14523.000000,4888.000000,42199.000000
8068.000000,14490.000000,4892.000000,42228.000000
8059.000000,14501.000000,4881.000000,42222.000000
8043.000000,14474.000000,4875.000000,42240.000000
8015.000000,14497.000000,4882.000000,42208.000000
8034.000000,14489.000000,4823.000000,42192.000000
8019.000000,14466.000000,4838.000000,42206.000000
7993.000000,14441.000000,4826.000000,42177.000000
8012.000000,14461.000000,4820.000000,42202.000000
7975.000000,14420.000000,4795.000000,42170.000000
7947.000000,14415.000000,4790.000000,42181.000000
7942.000000,14410.000000,4798.000000,42159.000000
7929.000000,14403.000000,4762.000000,42143.000000
7949.000000,14395.000000,4730.000000,42139.000000
7921.000000,14370.000000,4735.000000,42154.000000
7866.000000,14385.000000,4739.000000,42133.000000
7890.000000,14350.000000,4724.000000,42106.000000
7909.000000,14362.000000,4741.000000,42116.000000
7834.000000,14335.000000,4640.000000,42104.000000
7832.000000,14324.000000,4658.000000,42086.000000
7808.000000,14303.000000,4667.000000,42111.000000
7815.000000,14327.000000,4635.000000,42080.000000
7785.000000,14287.000000,4649.000000,42094.000000
7776.000000,14256.000000,4638.000000,42052.000000
7733.000000,14269.000000,4608.000000,42073.000000
7758.000000,14272.000000,4607.000000,42063.000000
7744.000000,14267.000000,4591.000000,42049.000000
7746.000000,14260.000000,4592.000000,42056.000000
7728.000000,14216.000000,4581.000000,42021.000000
7702.000000,14225.000000,4569.000000,42038.000000
7708.000000,14237.000000,4584.000000,42036.000000
7681.000000,14228.000000,4545.000000,42021.000000
7713.000000,14229.000000,4570.000000,42035.000000
7676.000000,14188.000000,4553.000000,42039.000000
7644.000000,14188.000000,4520.000000,42023.000000
7628.000000,14193.000000,4529.000000,42020.000000
7661.000000,14191.000000,4543.000000,42036.000000
7623.000000,14177.000000,4502.000000,42013.000000
7643.000000,14176.000000,4534.000000,41997.000000
7636.000000,14207.000000,4515.000000,42003.000000
7636.000000,14145.000000,4492.000000,41987.000000
7629.000000,14181.000000,4515.000000,42029.000000
7615.000000,14148.000000,4504.000000,41990.000000
7595.000000,14172.000000,4506.000000,42000.000000
7622.000000,14167.000000,4506.000000,42009.000000
7627.000000,14147.000000,4498.000000,41991.000000
7622.000000,14143.000000,4446.000000,41948.000000
7590.000000,14133.000000,4518.000000,41994.000000
7578.000000,14144.000000,4479.000000,42012.000000
7584.000000,14135.000000,4473.000000,41975.000000
7579.000000,14139.000000,4461.000000,41959.000000
7584.000000,14133.000000,4468.000000,41963.000000
7559.000000,14128.000000,4438.000000,41951.000000
7551.000000,14107.000000,4432.000000,41971.000000
7538.000000,14115.000000,4389.000000,41930.000000
7568.000000,14104.000000,4412.000000,41922.000000
7514.000000,14080.000000,4382.000000,41939.000000
7490.000000,14074.000000,4410.000000,41919.000000
7490.000000,14331.000000,4403.000000,41921.000000
7514.000000,14068.000000,4374.000000,41914.000000
7483.000000,14069.000000,4361.000000,41926.000000
7477.000000,14070.000000,4397.000000,41930.000000
7478.000000,14069.000000,4371.000000,41911.000000
7478.000000,14059.000000,4365.000000,41919.000000
7436.000000,14055.000000,4325.000000,41887.000000
7499.000000,14066.000000,4367.000000,41896.000000
7498.000000,14307.000000,4346.000000,41909.000000
7501.000000,14089.000000,4412.000000,41925.000000
7513.000000,14068.000000,4396.000000,41917.000000
7523.000000,14084.000000,4415.000000,41929.000000
7553.000000,14111.000000,4426.000000,41931.000000
7521.000000,14096.000000,4400.000000,41915.000000
7561.000000,14123.000000,4433.000000,41955.000000
7592.000000,14149.000000,4438.000000,41965.000000
7577.000000,14121.000000,4433.000000,41963.000000
7580.000000,14167.000000,4465.000000,41976.000000
7611.000000,14135.000000,4507.000000,41990.000000
7609.000000,14175.000000,4489.000000,41964.000000
7623.000000,14168.000000,4544.000000,42027.000000
7634.000000,14204.000000,4515.000000,42007.000000
7684.000000,14212.000000,4572.000000,42030.000000
7747.000000,14231.000000,4584.000000,42009.000000
7739.000000,14244.000000,4602.000000,42058.000000
7769.000000,14284.000000,4633.000000,42094.000000
7821.000000,14279.000000,4688.000000,42084.000000
7851.000000,14346.000000,4708.000000,42106.000000
7874.000000,14351.000000,4727.000000,42129.000000
7944.000000,14375.000000,4707.000000,42153.000000
7976.000000,14421.000000,4773.000000,42156.000000
8055.000000,14477.000000,4854.000000,42196.000000
8063.000000,14489.000000,4875.000000,42182.000000
8106.000000,14532.000000,4911.000000,42235.000000
8139.000000,14556.000000,4943.000000,42252.000000
8189.000000,14556.000000,4956.000000,42249.000000
8216.000000,14603.000000,5058.000000,42299.000000
8295.000000,14657.000000,5026.000000,42299.000000
8304.000000,14660.000000,5094.000000,42311.000000
8317.000000,14688.000000,5105.000000,42357.000000
8384.000000,14708.000000,5161.000000,42359.000000
8419.000000,14739.000000,5130.000000,42353.000000
8413.000000,14752.000000,5175.000000,42369.000000
8418.000000,14779.000000,5195.000000,42401.000000
8432.000000,14773.000000,5199.000000,42400.000000
8428.000000,14768.000000,5186.000000,42383.000000
8433.000000,14775.000000,5204.000000,42416.000000
8451.000000,14764.000000,5210.000000,42400.000000
8452.000000,14765.000000,5187.000000,42397.000000
8439.000000,14756.000000,5156.000000,42375.000000
8420.000000,14751.000000,5204.000000,42403.000000
8428.000000,14764.000000,5171.000000,42388.000000
8407.000000,14735.000000,5159.000000,42380.000000
8437.000000,14715.000000,5159.000000,42351.000000
8350.000000,14743.000000,5173.000000,42370.000000
8367.000000,14701.000000,5099.000000,42335.000000
8357.000000,14723.000000,5101.000000,42348.000000
8340.000000,14706.000000,5117.000000,42322.000000
8323.000000,14715.000000,5096.000000,42339.000000
8321.000000,14685.000000,5095.000000,42315.000000
8283.000000,14687.000000,5058.000000,42312.000000
8282.000000,14671.000000,5067.000000,42296.000000
8304.000000,14693.000000,5059.000000,42303.000000
8278.000000,14655.000000,5051.000000,42305.000000
8285.000000,14627.000000,5020.000000,42287.000000
8265.000000,14641.000000,5003.000000,42292.000000
8208.000000,14623.000000,4975.000000,42290.000000
8196.000000,14603.000000,5010.000000,42272.000000
8217.000000,14608.000000,4985.000000,42281.000000
8185.000000,14608.000000,4993.000000,42259.000000
8187.000000,14567.000000,4936.000000,42243.000000
8193.000000,14580.000000,4980.000000,42259.000000
8161.000000,14541.000000,4926.000000,42225.000000
8153.000000,14519.000000,4903.000000,42239.000000
8140.000000,14533.000000,4912.000000,42253.000000
8114.000000,14495.000000,4914.000000,42213.000000
8107.000000,14541.000000,4871.000000,42230.000000
8087.000000,14537.000000,4907.000000,42215.000000
8078.000000,14507.000000,4863.000000,42205.000000
8083.000000,14485.000000,4874.000000,42199.000000
8054.000000,14485.000000,4829.000000,42228.000000
8061.000000,14464.000000,4832.000000,42209.000000
8003.000000,14455.000000,4839.000000,42172.000000
8010.000000,14436.000000,4803.000000,42187.000000
8013.000000,14450.000000,4792.000000,42187.000000
7987.000000,14419.000000,4828.000000,42184.000000
7976.000000,14408.000000,4777.000000,42147.000000
7970.000000,14380.000000,4774.000000,42128.000000
7962.000000,14392.000000,4753.000000,42141.000000
7929.000000,14375.000000,4740.000000,42156.000000
7919.000000,14374.000000,4730.000000,42092.000000
7921.000000,14387.000000,4700.000000,42114.000000
7869.000000,14359.000000,4699.000000,42136.000000
7857.000000,14331.000000,4681.000000,42081.000000
7858.000000,14363.000000,4674.000000,42085.000000
7828.000000,14303.000000,4686.000000,42102.000000
7830.000000,14336.000000,4679.000000,42099.000000
7798.000000,14304.000000,4652.000000,42090.000000
7844.000000,14307.000000,4654.000000,42088.000000
7812.000000,14287.000000,4655.000000,42083.000000
7819.000000,14263.000000,4644.000000,42067.000000
7782.000000,14237.000000,4643.000000,42057.000000
7794.000000,14261.000000,4627.000000,42054.000000
7772.000000,14267.000000,4620.000000,42062.000000
7734.000000,14305.000000,4606.000000,42056.000000
7751.000000,14259.000000,4616.000000,42077.000000
7726.000000,14259.000000,4594.000000,42046.000000
7753.000000,14275.000000,4607.000000,42039.000000
7736.000000,14244.000000,4576.000000,42044.000000
7713.000000,14249.000000,4577.000000,42038.000000
7732.000000,14231.000000,4572.000000,42051.000000
7741.000000,14257.000000,4577.000000,42075.000000
7693.000000,14229.000000,4557.000000,42052.000000
7725.000000,14220.000000,4555.000000,42027.000000
7698.000000,14216.000000,4568.000000,42026.000000
7688.000000,14205.000000,4528.000000,42018.000000
7688.000000,14191.000000,4537.000000,42032.000000
7671.000000,14219.000000,4557.000000,42016.000000
7643.000000,14195.000000,4506.000000,42004.000000
7674.000000,14181.000000,4531.000000,42019.000000
7649.000000,14171.000000,4505.000000,42018.000000
7644.000000,14188.000000,4511.000000,41981.000000
7647.000000,14152.000000,4503.000000,42008.000000
7632.000000,14175.000000,4501.000000,41973.000000
7616.000000,14140.000000,4487.000000,41995.000000
7621.000000,14149.000000,4510.000000,41999.000000
7624.000000,14152.000000,4473.000000,41981.000000
7633.000000,14147.000000,4487.000000,41992.000000
7562.000000,14115.000000,4488.000000,41960.000000
7600.000000,14120.000000,4455.000000,41971.000000
7547.000000,14139.000000,4470.000000,41955.000000
7587.000000,14147.000000,4452.000000,41988.000000
7612.000000,14116.000000,4493.000000,41980.000000
7599.000000,14131.000000,4468.000000,41975.000000
7626.000000,14152.000000,4493.000000,41979.000000
7615.000000,14140.000000,4474.000000,41966.000000
7610.000000,14109.000000,4507.000000,41975.000000
7648.000000,14176.000000,4519.000000,42015.000000
7618.000000,14155.000000,4513.000000,41987.000000
7627.000000,14163.000000,4516.000000,42006.000000
7695.000000,14185.000000,4556.000000,42007.000000
7692.000000,14209.000000,4564.000000,42020.000000
7709.000000,14211.000000,4571.000000,42027.000000
7747.000000,14185.000000,4583.000000,42048.000000
7717.000000,14269.000000,4617.000000,42046.000000
7757.000000,14256.000000,4612.000000,42093.000000
7783.000000,14268.000000,4611.000000,42062.000000
7858.000000,14311.000000,4677.000000,42080.000000
7822.000000,14291.000000,4651.000000,42094.000000
7867.000000,14328.000000,4675.000000,42103.000000
7889.000000,14343.000000,4705.000000,42129.000000
7890.000000,14368.000000,4749.000000,42131.000000
7944.000000,14406.000000,4782.000000,42163.000000
7981.000000,14420.000000,4811.000000,42172.000000
8024.000000,14446.000000,4812.000000,42191.000000
8064.000000,14467.000000,4854.000000,42189.000000
8109.000000,14501.000000,4919.000000,42209.000000
8159.000000,14525.000000,4933.000000,42263.000000
8206.000000,14599.000000,4987.000000,42281.000000
8251.000000,14609.000000,5038.000000,42295.000000
8286.000000,14647.000000,5081.000000,42331.000000
8318.000000,14684.000000,5070.000000,42359.000000
8386.000000,14712.000000,5124.000000,42380.000000
8399.000000,14743.000000,5161.000000,42399.000000
8435.000000,14764.000000,5179.000000,42378.000000
8495.000000,14809.000000,5183.000000,42399.000000
8516.000000,14816.000000,5269.000000,42448.000000
8530.000000,14838.000000,5279.000000,42444.000000
8624.000000,14828.000000,5271.000000,42451.000000
8573.000000,14844.000000,5289.000000,42463.000000
8547.000000,14881.000000,5324.000000,42472.000000
8582.000000,15131.000000,5289.000000,42476.000000
8572.000000,14862.000000,5275.000000,42452.000000
8571.000000,14875.000000,5318.000000,42443.000000
8605.000000,14858.000000,5293.000000,42473.000000
8567.000000,14843.000000,5297.000000,42455.000000
8584.000000,14832.000000,5267.000000,42435.000000
8532.000000,14852.000000,5286.000000,42453.000000
8510.000000,14821.000000,5252.000000,42434.000000
8518.000000,14831.000000,5246.000000,42439.000000
8514.000000,14827.000000,5236.000000,42459.000000
8513.000000,14812.000000,5244.000000,42415.000000
8482.000000,14789.000000,5195.000000,42413.000000
8505.000000,14773.000000,5239.000000,42400.000000
8439.000000,14781.000000,5194.000000,42404.000000
8469.000000,14768.000000,5176.000000,42377.000000
8479.000000,14783.000000,5184.000000,42395.000000
8428.000000,14737.000000,5109.000000,42357.000000
8451.000000,14743.000000,5146.000000,42379.000000
8443.000000,14776.000000,5120.000000,42371.000000
8393.000000,14732.000000,5128.000000,42355.000000
8395.000000,14713.000000,5116.000000,42351.000000
8382.000000,14721.000000,5122.000000,42363.000000
8342.000000,14715.000000,5098.000000,42319.000000
8355.000000,14695.000000,5112.000000,42340.000000
8348.000000,14676.000000,5089.000000,42367.000000
8321.000000,14661.000000,5072.000000,42341.000000
8326.000000,14659.000000,5047.000000,42292.000000
8311.000000,14656.000000,5061.000000,42293.000000
8310.000000,14641.000000,5064.000000,42303.000000
8296.000000,14627.000000,5041.000000,42293.000000
8286.000000,14633.000000,5043.000000,42308.000000
8253.000000,14604.000000,5000.000000,42312.000000
8230.000000,14586.000000,5007.000000,42296.000000
8221.000000,14578.000000,5005.000000,42299.000000
8208.000000,14593.000000,4942.000000,42293.000000
8202.000000,14593.000000,4956.000000,42281.000000
8201.000000,14561.000000,4958.000000,42257.000000
8171.000000,14515.000000,4955.000000,42243.000000
8162.000000,14548.000000,4929.000000,42222.000000
8140.000000,14541.000000,4902.000000,42240.000000
8126.000000,14550.000000,4914.000000,42237.000000
8108.000000,14499.000000,4896.000000,42205.000000
8088.000000,14513.000000,4887.000000,42214.000000
8074.000000,14479.000000,4870.000000,42220.000000
8100.000000,14479.000000,4828.000000,42209.000000
8047.000000,14472.000000,4845.000000,42198.000000
8057.000000,14471.000000,4820.000000,42186.000000
8048.000000,14440.000000,4827.000000,42166.000000
8050.000000,14438.000000,4805.000000,42171.000000
8043.000000,14439.000000,4805.000000,42201.000000
8027.000000,14434.000000,4787.000000,42144.000000
8012.000000,14420.000000,4801.000000,42171.000000
7970.000000,14418.000000,4791.000000,42168.000000
7972.000000,14395.000000,4763.000000,42152.000000
7991.000000,14410.000000,4776.000000,42156.000000
7996.000000,14412.000000,4752.000000,42128.000000
7965.000000,14369.000000,4743.000000,42149.000000
7936.000000,14400.000000,4756.000000,42145.000000
7959.000000,14372.000000,4726.000000,42138.000000
7960.000000,14365.000000,4730.000000,42142.000000
7949.000000,14383.000000,4739.000000,42193.000000
7938.000000,14351.000000,4716.000000,42114.000000
7922.000000,14352.000000,4747.000000,42138.000000
7986.000000,14355.000000,4741.000000,42141.000000
7947.000000,14360.000000,4738.000000,42128.000000
7969.000000,14344.000000,4737.000000,42123.000000
7964.000000,14341.000000,4757.000000,42131.000000
7911.000000,14340.000000,4687.000000,42116.000000
7899.000000,14354.000000,4742.000000,42119.000000
7926.000000,14376.000000,4709.000000,42128.000000
7927.000000,14347.000000,4708.000000,42135.000000
7909.000000,14338.000000,4712.000000,42097.000000
7917.000000,14333.000000,4712.000000,42111.000000
7879.000000,14325.000000,4640.000000,42101.000000
7902.000000,14315.000000,4673.000000,42112.000000
7865.000000,14327.000000,4691.000000,42117.000000
7866.000000,14331.000000,4681.000000,42091.000000
7830.000000,14282.000000,4659.000000,42100.000000
7853.000000,14291.000000,4665.000000,42085.000000
7837.000000,14283.000000,4681.000000,42100.000000
7824.000000,14247.000000,4633.000000,42073.000000
8079.000000,14274.000000,4645.000000,42094.000000
7832.000000,14291.000000,4642.000000,42107.000000
7816.000000,14283.000000,4638.000000,42059.000000
7815.000000,14303.000000,4642.000000,42093.000000
7849.000000,14312.000000,4637.000000,42066.000000
7850.000000,14249.000000,4651.000000,42059.000000
7864.000000,14325.000000,4661.000000,42101.000000
7848.000000,14291.000000,4641.000000,42076.000000
7860.000000,14295.000000,4639.000000,42083.000000
7897.000000,14339.000000,4665.000000,42094.000000
7883.000000,14285.000000,4675.000000,42073.000000
7929.000000,14319.000000,4698.000000,42107.000000
7923.000000,14335.000000,4675.000000,42117.000000
7949.000000,14367.000000,4711.000000,42121.000000
7951.000000,14345.000000,4739.000000,42134.000000
7961.000000,14382.000000,4739.000000,42128.000000
7985.000000,14353.000000,4732.000000,42172.000000
7991.000000,14405.000000,4765.000000,42166.000000
7986.000000,14389.000000,4776.000000,42176.000000
8035.000000,14437.000000,4803.000000,42136.000000
8031.000000,14435.000000,4795.000000,42219.000000
8082.000000,14432.000000,4808.000000,42195.000000
8100.000000,14476.000000,4875.000000,42188.000000
8139.000000,14474.000000,4888.000000,42211.000000
8162.000000,14522.000000,4916.000000,42240.000000
8185.000000,14553.000000,4930.000000,42237.000000
8253.000000,14593.000000,4991.000000,42296.000000
8292.000000,14605.000000,5026.000000,42305.000000
8330.000000,14655.000000,5047.000000,42319.000000
8361.000000,14695.000000,5087.000000,42349.000000
8385.000000,14728.000000,5139.000000,42367.000000
8436.000000,14733.000000,5165.000000,42417.000000
8500.000000,14772.000000,5205.000000,42421.000000
8542.000000,14809.000000,5259.000000,42441.000000
8567.000000,14839.000000,5299.000000,42428.000000
8660.000000,15143.000000,5337.000000,42486.000000
8672.000000,14876.000000,5348.000000,42492.000000
8701.000000,14925.000000,5424.000000,42509.000000
8741.000000,14935.000000,5401.000000,42564.000000
8756.000000,14964.000000,5441.000000,42547.000000
8826.000000,14992.000000,5468.000000,42547.000000
8818.000000,15011.000000,5475.000000,42564.000000
8824.000000,15013.000000,5498.000000,42582.000000
8836.000000,15020.000000,5489.000000,42564.000000
8851.000000,15044.000000,5498.000000,42596.000000
8851.000000,15026.000000,5494.000000,42570.000000
8846.000000,15015.000000,5490.000000,42600.000000
8831.000000,15030.000000,5485.000000,42560.000000
8809.000000,15016.000000,5468.000000,42550.000000
8807.000000,15012.000000,5467.000000,42579.000000
8811.000000,15009.000000,5467.000000,42567.000000
8778.000000,15003.000000,5457.000000,42552.000000
8788.000000,14991.000000,5462.000000,42559.000000
8785.000000,14995.000000,5443.000000,42550.000000
8757.000000,14979.000000,5395.000000,42553.000000
8747.000000,14935.000000,5410.000000,42520.000000
8747.000000,14958.000000,5434.000000,42551.000000
8710.000000,14923.000000,5384.000000,42504.000000
8759.000000,14938.000000,5423.000000,42523.000000
8690.000000,14933.000000,5381.000000,42505.000000
8704.000000,14920.000000,5370.000000,42503.000000
8679.000000,14914.000000,5366.000000,42496.000000
8683.000000,14923.000000,5371.000000,42497.000000
8670.000000,14874.000000,5357.000000,42495.000000
8655.000000,14936.000000,5327.000000,42510.000000
8682.000000,14890.000000,5330.000000,42487.000000
8665.000000,14901.000000,5351.000000,42491.000000
8625.000000,14861.000000,5326.000000,42448.000000
8608.000000,14859.000000,5323.000000,42498.000000
8581.000000,14872.000000,5290.000000,42464.000000
8609.000000,14855.000000,5296.000000,42493.000000
8588.000000,14843.000000,5277.000000,42434.000000
8579.000000,14841.000000,5265.000000,42448.000000
8550.000000,14779.000000,5239.000000,42433.000000
8545.000000,14848.000000,5277.000000,42427.000000
8551.000000,14776.000000,5240.000000,42396.000000
8521.000000,14795.000000,5250.000000,42439.000000
8525.000000,14771.000000,5201.000000,42435.000000
8518.000000,14805.000000,5208.000000,42396.000000
8480.000000,14771.000000,5211.000000,42389.000000
8490.000000,14761.000000,5196.000000,42415.000000
8463.000000,14743.000000,5148.000000,42371.000000
8479.000000,14735.000000,5200.000000,42391.000000
8480.000000,14716.000000,5192.000000,42362.000000
8423.000000,14747.000000,5135.000000,42375.000000
8417.000000,14716.000000,5122.000000,42341.000000
8383.000000,14721.000000,5132.000000,42358.000000
8388.000000,14667.000000,5105.000000,42331.000000
8399.000000,14697.000000,5107.000000,42373.000000
8378.000000,14651.000000,5058.000000,42351.000000
8376.000000,14672.000000,5087.000000,42329.000000
8380.000000,14649.000000,5089.000000,42367.000000
8339.000000,14627.000000,5056.000000,42309.000000
8323.000000,14627.000000,5040.000000,42303.000000
8331.000000,14618.000000,5055.000000,42321.000000
8293.000000,14611.000000,5036.000000,42304.000000
8293.000000,14608.000000,5028.000000,42303.000000
8316.000000,14605.000000,5043.000000,42306.000000
8306.000000,14591.000000,5000.000000,42288.000000
8266.000000,14588.000000,5027.000000,42298.000000
8304.000000,14599.000000,4980.000000,42297.000000
8236.000000,14567.000000,4994.000000,42316.000000
8285.000000,14597.000000,4967.000000,42260.000000
8270.000000,14585.000000,5012.000000,42275.000000
8242.000000,14597.000000,4995.000000,42303.000000
8240.000000,14566.000000,4994.000000,42275.000000
8253.000000,14586.000000,4978.000000,42269.000000
8201.000000,14569.000000,4975.000000,42273.000000
8266.000000,14568.000000,4972.000000,42301.000000
8220.000000,14558.000000,4937.000000,42287.000000
8222.000000,14575.000000,4987.000000,42265.000000
8216.000000,14578.000000,4981.000000,42284.000000
8233.000000,14572.000000,4954.000000,42271.000000
8204.000000,14569.000000,4961.000000,42275.000000
8224.000000,14544.000000,4988.000000,42268.000000
8187.000000,14523.000000,4930.000000,42277.000000
8192.000000,14527.000000,4959.000000,42236.000000
8193.000000,14568.000000,4932.000000,42267.000000
8177.000000,14502.000000,4906.000000,42225.000000
8177.000000,14506.000000,4927.000000,42235.000000
8138.000000,14542.000000,4908.000000,42255.000000
8178.000000,14529.000000,4923.000000,42243.000000
8111.000000,14471.000000,4909.000000,42226.000000
8125.000000,14485.000000,4876.000000,42212.000000
8114.000000,14487.000000,4867.000000,42237.000000
8100.000000,14454.000000,4834.000000,42202.000000
8086.000000,14442.000000,4827.000000,42195.000000
8055.000000,14471.000000,4844.000000,42200.000000
8100.000000,14448.000000,4839.000000,42222.000000
8071.000000,14421.000000,4824.000000,42225.000000
8052.000000,14452.000000,4838.000000,42193.000000
8100.000000,14454.000000,4875.000000,42192.000000
8091.000000,14436.000000,4819.000000,42201.000000
8076.000000,14430.000000,4863.000000,42210.000000
8105.000000,14429.000000,4856.000000,42197.000000
8125.000000,14451.000000,4832.000000,42187.000000
8100.000000,14479.000000,4863.000000,42200.000000
8144.000000,14475.000000,4870.000000,42240.000000
8143.000000,14479.000000,4880.000000,42227.000000
8155.000000,14474.000000,4883.000000,42213.000000
8129.000000,14513.000000,4910.000000,42215.000000
8152.000000,14524.000000,4897.000000,42224.000000
8175.000000,14520.000000,4913.000000,42229.000000
8233.000000,14554.000000,4928.000000,42271.000000
8235.000000,14553.000000,4979.000000,42260.000000
8220.000000,14559.000000,4979.000000,42259.000000
8283.000000,14603.000000,5016.000000,42279.000000
8307.000000,14628.000000,5043.000000,42299.000000
8345.000000,14616.000000,5064.000000,42317.000000
8362.000000,14667.000000,5109.000000,42335.000000
8392.000000,14719.000000,5126.000000,42347.000000
8435.000000,14683.000000,5146.000000,42387.000000
8464.000000,14747.000000,5200.000000,42399.000000
8536.000000,14767.000000,5213.000000,42411.000000
8560.000000,14803.000000,5275.000000,42428.000000
8591.000000,14860.000000,5309.000000,42460.000000
8637.000000,14881.000000,5309.000000,42469.000000
8667.000000,14913.000000,5357.000000,42471.000000
8708.000000,14912.000000,5400.000000,42505.000000
8741.000000,14960.000000,5473.000000,42532.000000
8788.000000,14998.000000,5495.000000,42560.000000
8805.000000,15268.000000,5504.000000,42585.000000
8864.000000,15029.000000,5518.000000,42617.000000
8850.000000,15056.000000,5544.000000,42615.000000
8894.000000,15063.000000,5575.000000,42587.000000
8924.000000,15071.000000,5559.000000,42596.000000
8908.000000,15097.000000,5600.000000,42623.000000
8936.000000,15087.000000,5599.000000,42623.000000
8959.000000,15093.000000,5582.000000,42609.000000
8957.000000,15094.000000,5566.000000,42626.000000
8919.000000,15095.000000,5606.000000,42635.000000
8897.000000,15057.000000,5590.000000,42626.000000
8921.000000,15088.000000,5548.000000,42607.000000
8874.000000,15075.000000,5564.000000,42614.000000
8890.000000,15068.000000,5566.000000,42600.000000
8893.000000,15074.000000,5581.000000,42610.000000
8864.000000,15069.000000,5568.000000,42578.000000
8899.000000,15056.000000,5521.000000,42599.000000
8853.000000,15016.000000,5521.000000,42599.000000
8887.000000,15058.000000,5539.000000,42614.000000
8824.000000,15026.000000,5511.000000,42587.000000
8792.000000,15279.000000,5506.000000,42553.000000
8829.000000,14999.000000,5500.000000,42566.000000
8797.000000,15245.000000,5484.000000,42564.000000
8768.000000,14982.000000,5477.000000,42563.000000
8763.000000,14947.000000,5468.000000,42574.000000
8789.000000,14998.000000,5477.000000,42564.000000
8750.000000,14975.000000,5470.000000,42546.000000
8766.000000,14926.000000,5450.000000,42560.000000
8752.000000,14967.000000,5454.000000,42557.000000
8733.000000,14980.000000,5410.000000,42523.000000
8743.000000,14970.000000,5390.000000,42523.000000
8706.000000,14917.000000,5422.000000,42502.000000
8665.000000,14911.000000,5382.000000,42508.000000
8661.000000,14941.000000,5385.000000,42506.000000
8679.000000,14900.000000,5394.000000,42539.000000
8676.000000,14912.000000,5371.000000,42471.000000
8654.000000,14892.000000,5363.000000,42476.000000
8689.000000,14906.000000,5355.000000,42483.000000
8612.000000,14887.000000,5330.000000,42498.000000
8649.000000,15131.000000,5332.000000,42476.000000
8647.000000,14877.000000,5336.000000,42476.000000
8622.000000,14860.000000,5317.000000,42471.000000
8601.000000,14856.000000,5327.000000,42471.000000
8555.000000,14824.000000,5321.000000,42434.000000
8579.000000,14835.000000,5286.000000,42453.000000
8553.000000,14789.000000,5289.000000,42436.000000
8573.000000,14819.000000,5313.000000,42463.000000
8528.000000,14791.000000,5248.000000,42432.000000
8518.000000,14783.000000,5248.000000,42431.000000
8521.000000,14799.000000,5248.000000,42440.000000
8474.000000,14765.000000,5193.000000,42425.000000
8487.000000,14743.000000,5208.000000,42419.000000
8463.000000,14757.000000,5225.000000,42371.000000
8467.000000,14720.000000,5219.000000,42386.000000
8431.000000,14740.000000,5203.000000,42383.000000
8434.000000,14755.000000,5184.000000,42399.000000
8413.000000,14713.000000,5171.000000,42371.000000
8420.000000,14704.000000,5134.000000,42356.000000
8393.000000,14727.000000,5177.000000,42376.000000
8362.000000,14683.000000,5119.000000,42351.000000
8359.000000,14647.000000,5119.000000,42308.000000
8347.000000,14657.000000,5110.000000,42319.000000
8360.000000,14664.000000,5123.000000,42328.000000
8339.000000,14647.000000,5068.000000,42336.000000
8350.000000,14695.000000,5098.000000,42335.000000
8327.000000,14643.000000,5100.000000,42335.000000
8341.000000,14659.000000,5089.000000,42332.000000
8303.000000,14653.000000,5072.000000,42317.000000
8298.000000,14633.000000,5078.000000,42299.000000
8301.000000,14640.000000,5081.000000,42291.000000
8310.000000,14620.000000,5083.000000,42300.000000
8291.000000,14609.000000,5072.000000,42315.000000
8295.000000,14627.000000,5051.000000,42338.000000
8279.000000,14643.000000,5059.000000,42325.000000
8283.000000,14597.000000,5070.000000,42314.000000
8292.000000,14612.000000,5049.000000,42311.000000
8269.000000,14577.000000,5049.000000,42321.000000
8258.000000,14582.000000,5039.000000,42255.000000
8285.000000,14592.000000,5030.000000,42315.000000
8271.000000,14575.000000,5018.000000,42267.000000
8246.000000,14563.000000,5013.000000,42281.000000
8225.000000,14565.000000,4989.000000,42256.000000
8195.000000,14556.000000,4978.000000,42268.000000
8210.000000,14573.000000,4983.000000,42283.000000
8210.000000,14543.000000,4964.000000,42244.000000
8157.000000,14529.000000,4987.000000,42271.000000
8180.000000,14536.000000,4941.000000,42256.000000
8166.000000,14564.000000,4945.000000,42245.000000
8124.000000,14500.000000,4909.000000,42214.000000
8139.000000,14517.000000,4906.000000,42245.000000
8152.000000,14489.000000,4928.000000,42240.000000
8128.000000,14447.000000,4862.000000,42219.000000
8128.000000,14475.000000,4912.000000,42214.000000
8095.000000,14456.000000,4897.000000,42227.000000
8108.000000,14445.000000,4892.000000,42200.000000
8107.000000,14491.000000,4907.000000,42233.000000
8098.000000,14475.000000,4898.000000,42214.000000
8108.000000,14453.000000,4903.000000,42176.000000
8135.000000,14484.000000,4877.000000,42247.000000
8091.000000,14471.000000,4896.000000,42187.000000
8134.000000,14476.000000,4913.000000,42232.000000
8136.000000,14510.000000,4914.000000,42260.000000
8128.000000,14506.000000,4911.000000,42209.000000
8131.000000,14501.000000,4893.000000,42237.000000
8166.000000,14484.000000,4930.000000,42251.000000
8179.000000,14548.000000,4923.000000,42225.000000
8182.000000,14536.000000,4959.000000,42250.000000
8191.000000,14553.000000,4956.000000,42280.000000
8188.000000,14543.000000,4995.000000,42264.000000
8232.000000,14568.000000,4984.000000,42267.000000
8247.000000,14570.000000,5023.000000,42283.000000
8290.000000,14623.000000,5030.000000,42297.000000
8314.000000,14620.000000,5105.000000,42315.000000
8336.000000,14629.000000,5083.000000,42312.000000
8372.000000,14711.000000,5121.000000,42344.000000
8368.000000,14683.000000,5157.000000,42367.000000
8443.000000,14747.000000,5203.000000,42381.000000
8437.000000,14769.000000,5219.000000,42435.000000
8515.000000,14780.000000,5240.000000,42434.000000
8569.000000,14797.000000,5298.000000,42431.000000
8605.000000,14858.000000,5331.000000,42482.000000
8687.000000,14909.000000,5378.000000,42500.000000
8715.000000,14900.000000,5385.000000,42481.000000
8727.000000,14951.000000,5419.000000,42566.000000
8774.000000,14982.000000,5490.000000,42550.000000
8804.000000,14998.000000,5496.000000,42568.000000
8863.000000,15033.000000,5524.000000,42598.000000
8847.000000,15030.000000,5585.000000,42594.000000
8894.000000,15080.000000,5598.000000,42635.000000
8907.000000,15055.000000,5573.000000,42604.000000
8925.000000,15100.000000,5630.000000,42617.000000
8969.000000,15093.000000,5621.000000,42658.000000
8924.000000,15103.000000,5588.000000,42637.000000
8921.000000,15089.000000,5613.000000,42639.000000
8965.000000,15131.000000,5605.000000,42655.000000
8962.000000,15127.000000,5603.000000,42624.000000
8954.000000,15094.000000,5624.000000,42624.000000
8935.000000,15104.000000,5583.000000,42659.000000
8892.000000,15076.000000,5571.000000,42607.000000
8903.000000,15084.000000,5555.000000,42593.000000
8914.000000,15311.000000,5563.000000,42600.000000
8884.000000,15067.000000,5568.000000,42610.000000
8845.000000,15048.000000,5556.000000,42581.000000
8867.000000,15047.000000,5516.000000,42591.000000
8829.000000,15026.000000,5513.000000,42600.000000
8832.000000,15008.000000,5506.000000,42583.000000
8815.000000,15012.000000,5490.000000,42570.000000
8833.000000,14992.000000,5473.000000,42536.000000
8810.000000,14994.000000,5469.000000,42565.000000
8764.000000,14977.000000,5458.000000,42552.000000
8787.000000,14990.000000,5464.000000,42540.000000
8769.000000,14990.000000,5440.000000,42529.000000
8723.000000,14944.000000,5447.000000,42545.000000
9003.000000,14944.000000,5447.000000,42530.000000
8750.000000,14956.000000,5390.000000,42495.000000
8763.000000,14924.000000,5434.000000,42512.000000
8742.000000,14923.000000,5416.000000,42520.000000
8718.000000,14952.000000,5384.000000,42513.000000
8726.000000,14921.000000,5372.000000,42510.000000
8718.000000,14917.000000,5356.000000,42506.000000
8699.000000,14908.000000,5364.000000,42484.000000
8669.000000,14880.000000,5335.000000,42476.000000
8665.000000,14919.000000,5327.000000,42479.000000
8631.000000,14889.000000,5366.000000,42484.000000
8646.000000,14881.000000,5311.000000,42456.000000
8615.000000,14844.000000,5296.000000,42459.000000
8613.000000,14829.000000,5291.000000,42463.000000
8627.000000,14820.000000,5244.000000,42431.000000
8587.000000,14825.000000,5224.000000,42440.000000
8584.000000,14840.000000,5254.000000,42425.000000
8560.000000,14780.000000,5223.000000,42427.000000
8552.000000,14793.000000,5217.000000,42425.000000
8545.000000,14787.000000,5211.000000,42423.000000
8529.000000,14795.000000,5191.000000,42388.000000
8521.000000,14755.000000,5201.000000,42412.000000
8490.000000,14767.000000,5166.000000,42351.000000
8494.000000,14779.000000,5170.000000,42375.000000
8477.000000,14708.000000,5149.000000,42385.000000
8462.000000,14703.000000,5130.000000,42405.000000
8454.000000,14700.000000,5136.000000,42385.000000
8426.000000,14735.000000,5112.000000,42359.000000
8397.000000,14685.000000,5106.000000,42363.000000
8421.000000,14691.000000,5117.000000,42349.000000
8393.000000,14685.000000,5079.000000,42367.000000
8357.000000,14657.000000,5047.000000,42312.000000
8376.000000,14663.000000,5075.000000,42329.000000
8339.000000,14627.000000,5043.000000,42311.000000
8334.000000,14657.000000,5046.000000,42309.000000
8331.000000,14620.000000,5017.000000,42314.000000
8331.000000,14625.000000,5033.000000,42313.000000
8292.000000,14603.000000,4993.000000,42281.000000
8327.000000,14599.000000,4983.000000,42307.000000
8300.000000,14607.000000,5005.000000,42297.000000
8274.000000,14616.000000,4988.000000,42264.000000
8277.000000,14595.000000,4978.000000,42282.000000
8288.000000,14582.000000,4951.000000,42275.000000
8280.000000,14569.000000,4962.000000,42260.000000
8272.000000,14580.000000,4969.000000,42264.000000
8247.000000,14555.000000,4958.000000,42264.000000
8254.000000,14546.000000,4941.000000,42271.000000
8256.000000,14543.000000,4969.000000,42280.000000
8257.000000,14577.000000,4939.000000,42259.000000
8267.000000,14583.000000,4982.000000,42257.000000
8236.000000,14553.000000,4944.000000,42244.000000
8260.000000,14548.000000,4963.000000,42279.000000
8192.000000,14581.000000,4929.000000,42271.000000
8228.000000,14536.000000,4940.000000,42265.000000
8206.000000,14492.000000,4935.000000,42255.000000
8221.000000,14517.000000,4926.000000,42255.000000
8207.000000,14523.000000,4902.000000,42251.000000
8188.000000,14539.000000,4911.000000,42221.000000
8197.000000,14497.000000,4902.000000,42228.000000
8191.000000,14516.000000,4888.000000,42226.000000
8155.000000,14493.000000,4872.000000,42207.000000
8164.000000,14498.000000,4877.000000,42206.000000
8139.000000,14453.000000,4879.000000,42202.000000
8140.000000,14492.000000,4860.000000,42221.000000
8096.000000,14457.000000,4839.000000,42163.000000
8120.000000,14444.000000,4826.000000,42178.000000
8111.000000,14445.000000,4847.000000,42181.000000
8100.000000,14442.000000,4798.000000,42176.000000
8086.000000,14420.000000,4818.000000,42170.000000
8100.000000,14447.000000,4823.000000,42156.000000
8086.000000,14443.000000,4818.000000,42172.000000
8107.000000,14442.000000,4789.000000,42173.000000
8111.000000,14459.000000,4843.000000,42185.000000
8107.000000,14454.000000,4816.000000,42192.000000
8113.000000,14483.000000,4847.000000,42202.000000
8130.000000,14455.000000,4858.000000,42207.000000
8162.000000,14459.000000,4836.000000,42181.000000
8158.000000,14476.000000,4853.000000,42221.000000
8155.000000,14463.000000,4857.000000,42178.000000
8176.000000,14478.000000,4885.000000,42207.000000
8223.000000,14497.000000,4893.000000,42206.000000
8204.000000,14515.000000,4886.000000,42228.000000
8222.000000,14504.000000,4908.000000,42208.000000
8235.000000,14544.000000,4915.000000,42257.000000
8266.000000,14560.000000,4938.000000,42259.000000
8259.000000,14549.000000,4961.000000,42251.000000
8304.000000,14595.000000,4992.000000,42311.000000
8289.000000,14591.000000,4995.000000,42277.000000
8326.000000,14619.000000,5012.000000,42287.000000
8337.000000,14637.000000,5064.000000,42323.000000
8396.000000,14665.000000,5049.000000,42317.000000
8470.000000,14715.000000,5116.000000,42365.000000
8479.000000,14706.000000,5131.000000,42391.000000
8541.000000,14759.000000,5179.000000,42391.000000
8555.000000,14772.000000,5210.000000,42413.000000
8595.000000,14783.000000,5228.000000,42453.000000
8672.000000,14861.000000,5301.000000,42443.000000
8692.000000,14866.000000,5332.000000,42492.000000
8736.000000,14907.000000,5365.000000,42525.000000
8768.000000,14931.000000,5439.000000,42533.000000
8823.000000,14986.000000,5442.000000,42530.000000
8827.000000,14989.000000,5491.000000,42556.000000
8889.000000,15037.000000,5493.000000,42564.000000
8918.000000,15066.000000,5557.000000,42592.000000
8961.000000,15096.000000,5585.000000,42615.000000
8998.000000,15101.000000,5608.000000,42631.000000
9005.000000,15119.000000,5594.000000,42622.000000
9044.000000,15132.000000,5595.000000,42643.000000
9017.000000,15131.000000,5627.000000,42653.000000
9024.000000,15097.000000,5613.000000,42644.000000
9010.000000,15127.000000,5635.000000,42638.000000
9014.000000,15149.000000,5623.000000,42666.000000
9032.000000,15127.000000,5601.000000,42658.000000
9018.000000,15159.000000,5613.000000,42665.000000
8989.000000,15123.000000,5592.000000,42638.000000
9018.000000,15098.000000,5586.000000,42643.000000
9000.000000,15071.000000,5593.000000,42630.000000
8983.000000,15100.000000,5572.000000,42627.000000
8982.000000,15127.000000,5578.000000,42632.000000
8940.000000,15069.000000,5560.000000,42595.000000
8956.000000,15071.000000,5555.000000,42608.000000
8916.000000,15077.000000,5511.000000,42597.000000
8929.000000,15054.000000,5515.000000,42611.000000
8933.000000,15067.000000,5532.000000,42585.000000
8917.000000,15058.000000,5518.000000,42562.000000
8918.000000,15000.000000,5469.000000,42586.000000
8869.000000,15027.000000,5493.000000,42568.000000
8908.000000,15041.000000,5498.000000,42571.000000
8917.000000,15031.000000,5472.000000,42562.000000
8862.000000,15030.000000,5455.000000,42565.000000
8889.000000,15013.000000,5451.000000,42545.000000
8867.000000,14983.000000,5441.000000,42561.000000
8842.000000,14990.000000,5454.000000,42542.000000
8810.000000,14985.000000,5421.000000,42533.000000
8810.000000,15231.000000,5425.000000,42548.000000
8794.000000,14946.000000,5417.000000,42564.000000
8778.000000,14942.000000,5411.000000,42538.000000
8749.000000,14950.000000,5390.000000,42502.000000
8757.000000,14943.000000,5412.000000,42499.000000
8748.000000,14907.000000,5377.000000,42529.000000
8787.000000,15160.000000,5336.000000,42504.000000
8748.000000,14877.000000,5343.000000,42465.000000
8723.000000,14912.000000,5308.000000,42468.000000
8701.000000,14916.000000,5319.000000,42485.000000
8728.000000,14872.000000,5303.000000,42491.000000
8703.000000,14857.000000,5300.000000,42492.000000
8644.000000,14823.000000,5312.000000,42432.000000
8678.000000,14861.000000,5289.000000,42464.000000
8654.000000,14812.000000,5255.000000,42445.000000
8626.000000,14840.000000,5265.000000,42425.000000
8627.000000,14815.000000,5236.000000,42452.000000
8642.000000,14817.000000,5222.000000,42431.000000
8592.000000,14803.000000,5203.000000,42398.000000
8595.000000,14795.000000,5208.000000,42412.000000
8576.000000,14817.000000,5221.000000,42441.000000
8559.000000,14767.000000,5175.000000,42359.000000
8558.000000,14783.000000,5169.000000,42389.000000
8507.000000,14748.000000,5159.000000,42390.000000
8517.000000,14759.000000,5155.000000,42381.000000
8516.000000,14695.000000,5162.000000,42384.000000
8499.000000,14704.000000,5125.000000,42359.000000
8506.000000,14705.000000,5144.000000,42367.000000
8461.000000,14679.000000,5123.000000,42360.000000
8481.000000,14699.000000,5092.000000,42359.000000
8444.000000,14697.000000,5091.000000,42335.000000
8467.000000,14700.000000,5090.000000,42351.000000
8457.000000,14651.000000,5100.000000,42330.000000
8442.000000,14707.000000,5049.000000,42340.000000
8426.000000,14641.000000,5089.000000,42360.000000
8458.000000,14675.000000,5039.000000,42329.000000
8426.000000,14651.000000,5050.000000,42332.000000
8403.000000,14645.000000,5067.000000,42336.000000
8439.000000,14691.000000,5055.000000,42335.000000
8413.000000,14651.000000,5044.000000,42335.000000
8406.000000,14655.000000,5056.000000,42327.000000
8423.000000,14661.000000,5085.000000,42330.000000
8418.000000,14635.000000,5062.000000,42331.000000
8361.000000,14667.000000,5042.000000,42331.000000
8384.000000,14621.000000,5015.000000,42307.000000
8348.000000,14603.000000,5069.000000,42315.000000
8367.000000,14607.000000,5026.000000,42328.000000
8370.000000,14655.000000,5033.000000,42281.000000
8360.000000,14611.000000,5010.000000,42299.000000
8335.000000,14576.000000,4990.000000,42305.000000
8330.000000,14573.000000,4971.000000,42291.000000
8349.000000,14586.000000,4985.000000,42307.000000
8322.000000,14580.000000,4963.000000,42264.000000
8305.000000,14596.000000,4975.000000,42263.000000
8307.000000,14545.000000,4937.000000,42275.000000
8292.000000,14559.000000,4948.000000,42247.000000
8259.000000,14560.000000,4956.000000,42252.000000
8278.000000,14530.000000,4919.000000,42250.000000
8265.000000,14505.000000,4931.000000,42222.000000
8256.000000,14535.000000,4905.000000,42257.000000
8241.000000,14521.000000,4907.000000,42244.000000
8212.000000,14508.000000,4891.000000,42243.000000
8236.000000,14514.000000,4892.000000,42253.000000
8262.000000,14543.000000,4896.000000,42234.000000
8259.000000,14506.000000,4895.000000,42257.000000
8251.000000,14540.000000,4907.000000,42260.000000
8258.000000,14536.000000,4894.000000,42248.000000
8285.000000,14520.000000,4923.000000,42255.000000
8229.000000,14512.000000,4895.000000,42243.000000
8267.000000,14516.000000,4927.000000,42267.000000
8260.000000,14574.000000,4948.000000,42263.000000
8287.000000,14561.000000,4944.000000,42247.000000
8274.000000,14565.000000,4950.000000,42287.000000
8311.000000,14576.000000,4974.000000,42289.000000
8347.000000,14563.000000,4949.000000,42300.000000
8330.000000,14588.000000,5015.000000,42275.000000
8371.000000,14597.000000,5007.000000,42301.000000
8388.000000,14645.000000,5054.000000,42315.000000
8405.000000,14659.000000,5019.000000,42309.000000
8419.000000,14676.000000,5065.000000,42308.000000
8451.000000,14663.000000,5076.000000,42339.000000
8455.000000,14711.000000,5099.000000,42343.000000
8499.000000,14719.000000,5166.000000,42383.000000
8529.000000,14737.000000,5129.000000,42384.000000
8556.000000,14815.000000,5189.000000,42425.000000
8607.000000,14791.000000,5229.000000,42433.000000
8648.000000,14868.000000,5253.000000,42457.000000
8679.000000,14851.000000,5301.000000,42493.000000
8732.000000,14911.000000,5368.000000,42487.000000
8729.000000,14943.000000,5367.000000,42536.000000
8775.000000,15207.000000,5426.000000,42570.000000
8872.000000,14976.000000,5452.000000,42573.000000
8916.000000,15000.000000,5479.000000,42568.000000
9167.000000,15035.000000,5493.000000,42601.000000
8969.000000,15068.000000,5555.000000,42619.000000
9004.000000,15096.000000,5594.000000,42646.000000
9046.000000,15119.000000,5626.000000,42662.000000
9050.000000,15151.000000,5621.000000,42675.000000
9098.000000,15155.000000,5646.000000,42671.000000
9134.000000,15187.000000,5668.000000,42687.000000
9140.000000,15197.000000,5693.000000,42690.000000
9135.000000,15193.000000,5681.000000,42688.000000
9158.000000,15196.000000,5678.000000,42707.000000
9168.000000,15205.000000,5708.000000,42705.000000
9150.000000,15167.000000,5684.000000,42688.000000
9152.000000,15197.000000,5703.000000,42708.000000
9116.000000,15181.000000,5663.000000,42704.000000
9091.000000,15185.000000,5670.000000,42696.000000
9113.000000,15188.000000,5663.000000,42661.000000
9114.000000,15196.000000,5631.000000,42681.000000
9094.000000,15188.000000,5670.000000,42696.000000
9104.000000,15155.000000,5633.000000,42644.000000
9108.000000,15187.000000,5635.000000,42671.000000
9080.000000,15143.000000,5602.000000,42668.000000
9081.000000,15116.000000,5608.000000,42662.000000
9050.000000,15119.000000,5612.000000,42649.000000
9029.000000,15131.000000,5608.000000,42659.000000
9000.000000,15076.000000,5583.000000,42638.000000
9020.000000,15113.000000,5558.000000,42622.000000
8999.000000,15095.000000,5562.000000,42594.000000
8997.000000,15086.000000,5558.000000,42616.000000
8971.000000,15111.000000,5565.000000,42613.000000
8992.000000,15083.000000,5542.000000,42614.000000
8974.000000,15064.000000,5542.000000,42596.000000
8973.000000,15319.000000,5519.000000,42596.000000
8942.000000,15043.000000,5518.000000,42593.000000
8937.000000,15037.000000,5512.000000,42617.000000
8953.000000,15032.000000,5499.000000,42585.000000
8943.000000,15029.000000,5484.000000,42572.000000
8891.000000,15279.000000,5470.000000,42564.000000
8894.000000,15261.000000,5471.000000,42568.000000
8859.000000,14999.000000,5466.000000,42536.000000
8898.000000,14997.000000,5461.000000,42570.000000
8876.000000,15002.000000,5431.000000,42546.000000
8872.000000,14944.000000,5420.000000,42529.000000
9124.000000,14970.000000,5403.000000,42553.000000
8821.000000,14985.000000,5394.000000,42510.000000
8825.000000,14921.000000,5392.000000,42517.000000
8779.000000,14938.000000,5379.000000,42517.000000
8785.000000,14925.000000,5371.000000,42488.000000
8785.000000,14912.000000,5370.000000,42505.000000
8772.000000,14913.000000,5363.000000,42513.000000
8761.000000,14878.000000,5335.000000,42487.000000
8742.000000,14899.000000,5347.000000,42476.000000
8744.000000,14910.000000,5340.000000,42491.000000
8699.000000,14863.000000,5297.000000,42480.000000
8698.000000,14879.000000,5289.000000,42467.000000
8683.000000,14851.000000,5265.000000,42445.000000
8697.000000,15123.000000,5260.000000,42454.000000
8695.000000,14831.000000,5268.000000,42468.000000
8649.000000,14844.000000,5258.000000,42425.000000
8614.000000,14795.000000,5230.000000,42438.000000
8648.000000,14819.000000,5236.000000,42451.000000
8614.000000,14812.000000,5233.000000,42392.000000
8615.000000,14765.000000,5196.000000,42437.000000
8607.000000,14784.000000,5207.000000,42409.000000
8585.000000,14744.000000,5178.000000,42404.000000
8571.000000,14780.000000,5207.000000,42377.000000
8586.000000,14779.000000,5189.000000,42424.000000
8581.000000,14737.000000,5155.000000,42421.000000
8554.000000,14743.000000,5182.000000,42417.000000
8586.000000,14755.000000,5171.000000,42387.000000
8554.000000,14769.000000,5144.000000,42395.000000
8551.000000,14729.000000,5135.000000,42399.000000
8535.000000,14755.000000,5156.000000,42404.000000
8551.000000,14736.000000,5152.000000,42379.000000
8554.000000,14751.000000,5132.000000,42355.000000
8532.000000,14727.000000,5131.000000,42393.000000
8509.000000,14719.000000,5144.000000,42364.000000
8521.000000,14732.000000,5173.000000,42410.000000
8491.000000,14736.000000,5124.000000,42351.000000
8505.000000,14731.000000,5132.000000,42353.000000
8522.000000,14756.000000,5133.000000,42361.000000
8510.000000,14735.000000,5131.000000,42353.000000
8503.000000,14744.000000,5102.000000,42355.000000
8509.000000,14707.000000,5115.000000,42371.000000
8492.000000,14699.000000,5093.000000,42379.000000
8471.000000,14699.000000,5113.000000,42347.000000
8463.000000,14698.000000,5089.000000,42359.000000
8454.000000,14661.000000,5083.000000,42348.000000
8437.000000,14685.000000,5076.000000,42345.000000
8451.000000,14644.000000,5049.000000,42311.000000
8420.000000,14667.000000,5037.000000,42315.000000
8409.000000,14661.000000,5051.000000,42315.000000
8433.000000,14643.000000,5062.000000,42306.000000
8400.000000,14628.000000,5010.000000,42306.000000
8389.000000,14623.000000,4992.000000,42295.000000
8389.000000,14639.000000,4992.000000,42307.000000
8357.000000,14631.000000,4987.000000,42291.000000
8379.000000,14599.000000,5008.000000,42299.000000
8395.000000,14616.000000,4993.000000,42325.000000
8385.000000,14619.000000,5025.000000,42331.000000
8363.000000,14631.000000,5004.000000,42323.000000
8358.000000,14607.000000,4994.000000,42304.000000
8367.000000,14588.000000,4982.000000,42311.000000
8425.000000,14641.000000,5009.000000,42319.000000
8376.000000,14651.000000,5004.000000,42337.000000
8414.000000,14627.000000,5023.000000,42307.000000
8406.000000,14635.000000,5061.000000,42319.000000
8432.000000,14643.000000,5051.000000,42291.000000
8434.000000,14672.000000,5053.000000,42325.000000
8404.000000,14675.000000,5082.000000,42352.000000
8455.000000,14627.000000,5102.000000,42344.000000
8432.000000,14695.000000,5083.000000,42373.000000
8479.000000,14696.000000,5108.000000,42347.000000
8509.000000,14692.000000,5093.000000,42380.000000
8525.000000,14761.000000,5150.000000,42385.000000
8572.000000,14767.000000,5187.000000,42407.000000
8600.000000,14751.000000,5170.000000,42403.000000
8622.000000,14779.000000,5261.000000,42410.000000
8653.000000,14824.000000,5230.000000,42436.000000
8693.000000,15108.000000,5320.000000,42451.000000
8735.000000,14882.000000,5333.000000,42476.000000
8769.000000,14884.000000,5342.000000,42518.000000
8781.000000,14960.000000,5409.000000,42557.000000
8849.000000,14955.000000,5432.000000,42549.000000
8899.000000,15025.000000,5462.000000,42561.000000
8916.000000,15026.000000,5521.000000,42599.000000
8952.000000,15034.000000,5526.000000,42596.000000
9013.000000,15080.000000,5617.000000,42638.000000
9065.000000,15103.000000,5643.000000,42653.000000
9114.000000,15132.000000,5655.000000,42650.000000
9075.000000,15152.000000,5666.000000,42667.000000
9146.000000,15207.000000,5674.000000,42706.000000
9195.000000,15245.000000,5724.000000,42710.000000
9166.000000,15225.000000,5725.000000,42735.000000
9197.000000,15239.000000,5754.000000,42723.000000
9230.000000,15243.000000,5765.000000,42761.000000
9228.000000,15281.000000,5761.000000,42763.000000
9236.000000,15253.000000,5776.000000,42737.000000
9186.000000,15248.000000,5747.000000,42735.000000
9242.000000,15249.000000,5745.000000,42753.000000
9200.000000,15265.000000,5757.000000,42738.000000
9167.000000,15249.000000,5738.000000,42729.000000
9181.000000,15232.000000,5734.000000,42746.000000
9163.000000,15228.000000,5727.000000,42712.000000
9149.000000,15193.000000,5721.000000,42734.000000
9127.000000,15224.000000,5693.000000,42687.000000
9165.000000,15223.000000,5732.000000,42701.000000
9136.000000,15183.000000,5716.000000,42696.000000
9137.000000,15199.000000,5691.000000,42690.000000
9128.000000,15184.000000,5674.000000,42696.000000
9117.000000,15179.000000,5665.000000,42699.000000
9103.000000,15156.000000,5678.000000,42669.000000
9072.000000,15163.000000,5674.000000,42652.000000
9076.000000,15175.000000,5623.000000,42667.000000
9066.000000,15149.000000,5668.000000,42656.000000
9085.000000,15139.000000,5608.000000,42640.000000
9061.000000,15133.000000,5635.000000,42613.000000
9033.000000,15128.000000,5637.000000,42663.000000
9019.000000,15117.000000,5621.000000,42647.000000
8993.000000,15085.000000,5596.000000,42620.000000
8999.000000,15086.000000,5541.000000,42605.000000
9009.000000,15115.000000,5567.000000,42638.000000
8996.000000,15116.000000,5574.000000,42615.000000
8991.000000,15107.000000,5538.000000,42624.000000
8971.000000,15043.000000,5542.000000,42613.000000
8981.000000,15077.000000,5512.000000,42613.000000
8948.000000,15046.000000,5514.000000,42601.000000
8971.000000,15029.000000,5507.000000,42578.000000
8945.000000,15055.000000,5516.000000,42589.000000
8935.000000,15022.000000,5508.000000,42585.000000
8928.000000,15056.000000,5495.000000,42605.000000
8876.000000,15015.000000,5474.000000,42567.000000
8878.000000,14981.000000,5435.000000,42549.000000
8912.000000,14975.000000,5459.000000,42575.000000
8870.000000,15223.000000,5423.000000,42527.000000
8866.000000,14963.000000,5440.000000,42524.000000
8828.000000,14935.000000,5390.000000,42568.000000
8833.000000,14944.000000,5408.000000,42541.000000
8771.000000,14951.000000,5408.000000,42498.000000
8800.000000,14919.000000,5367.000000,42483.000000
8789.000000,14919.000000,5371.000000,42528.000000
8779.000000,14928.000000,5372.000000,42481.000000
8764.000000,14926.000000,5354.000000,42485.000000
8755.000000,15167.000000,5333.000000,42483.000000
8728.000000,14867.000000,5323.000000,42464.000000
8691.000000,14865.000000,5306.000000,42467.000000
8698.000000,14882.000000,5295.000000,42469.000000
8693.000000,14869.000000,5288.000000,42463.000000
8668.000000,14827.000000,5249.000000,42447.000000
8689.000000,14831.000000,5271.000000,42445.000000
8668.000000,14844.000000,5253.000000,42439.000000
8651.000000,14857.000000,5252.000000,42453.000000
8634.000000,14810.000000,5240.000000,42433.000000
8640.000000,14815.000000,5229.000000,42443.000000
8638.000000,14808.000000,5234.000000,42449.000000
8658.000000,14775.000000,5220.000000,42418.000000
8593.000000,14801.000000,5215.000000,42398.000000
8597.000000,14753.000000,5167.000000,42429.000000
8603.000000,14805.000000,5224.000000,42439.000000
8577.000000,14781.000000,5200.000000,42419.000000
8576.000000,14819.000000,5185.000000,42418.000000
8563.000000,14781.000000,5225.000000,42446.000000
8582.000000,14757.000000,5206.000000,42418.000000
8571.000000,14779.000000,5210.000000,42425.000000
8593.000000,14788.000000,5181.000000,42424.000000
8597.000000,14771.000000,5204.000000,42417.000000
8548.000000,14767.000000,5160.000000,42375.000000
8561.000000,14763.000000,5194.000000,42380.000000
8553.000000,14756.000000,5189.000000,42407.000000
8555.000000,14783.000000,5185.000000,42404.000000
8532.000000,14745.000000,5149.000000,42394.000000
8545.000000,14732.000000,5153.000000,42411.000000
8518.000000,14737.000000,5146.000000,42420.000000
8535.000000,14729.000000,5129.000000,42365.000000
8493.000000,14691.000000,5113.000000,42378.000000
8456.000000,14721.000000,5135.000000,42351.000000
8471.000000,14719.000000,5089.000000,42348.000000
8461.000000,14697.000000,5072.000000,42344.000000
8454.000000,14667.000000,5058.000000,42358.000000
8407.000000,14671.000000,5067.000000,42311.000000
8428.000000,14643.000000,5058.000000,42342.000000
8405.000000,14643.000000,5073.000000,42344.000000
8363.000000,14633.000000,5034.000000,42322.000000
8401.000000,14635.000000,5049.000000,42331.000000
8394.000000,14631.000000,5022.000000,42323.000000
8412.000000,14623.000000,5031.000000,42312.000000
8408.000000,14629.000000,5025.000000,42313.000000
8398.000000,14610.000000,5035.000000,42316.000000
8385.000000,14607.000000,5003.000000,42314.000000
8409.000000,14633.000000,5030.000000,42327.000000
8408.000000,14651.000000,5060.000000,42324.000000
8425.000000,14681.000000,5052.000000,42339.000000
8400.000000,14620.000000,5060.000000,42312.000000
8419.000000,14651.000000,5056.000000,42347.000000
8425.000000,14687.000000,5076.000000,42340.000000
8435.000000,14640.000000,5070.000000,42327.000000
8464.000000,14671.000000,5096.000000,42363.000000
8469.000000,14707.000000,5079.000000,42348.000000
8519.000000,14709.000000,5110.000000,42357.000000
8479.000000,14705.000000,5120.000000,42352.000000
8555.000000,14739.000000,5174.000000,42412.000000
8533.000000,14736.000000,5159.000000,42392.000000
8541.000000,14755.000000,5185.000000,42393.000000
8562.000000,14771.000000,5209.000000,42426.000000
8603.000000,14765.000000,5215.000000,42415.000000
8573.000000,14828.000000,5267.000000,42486.000000
8691.000000,14821.000000,5283.000000,42467.000000
8691.000000,14850.000000,5300.000000,42471.000000
8724.000000,14880.000000,5320.000000,42495.000000
8774.000000,14921.000000,5386.000000,42506.000000
8818.000000,14952.000000,5419.000000,42538.000000
8831.000000,14968.000000,5466.000000,42586.000000
8862.000000,15011.000000,5497.000000,42579.000000
8952.000000,15041.000000,5552.000000,42604.000000
9003.000000,15072.000000,5588.000000,42632.000000
9034.000000,15101.000000,5616.000000,42637.000000
9065.000000,15124.000000,5664.000000,42674.000000
9112.000000,15188.000000,5672.000000,42683.000000
9189.000000,15181.000000,5696.000000,42708.000000
9128.000000,15207.000000,5726.000000,42739.000000
9211.000000,15255.000000,5741.000000,42759.000000
9222.000000,15264.000000,5773.000000,42763.000000
9230.000000,15276.000000,5798.000000,42759.000000
9259.000000,15267.000000,5796.000000,42780.000000
9254.000000,15296.000000,5808.000000,42786.000000
9288.000000,15311.000000,5811.000000,42802.000000
9285.000000,15292.000000,5810.000000,42793.000000
9249.000000,15276.000000,5774.000000,42753.000000
9263.000000,15271.000000,5811.000000,42772.000000
9270.000000,15296.000000,5799.000000,42769.000000
9244.000000,15328.000000,5783.000000,42751.000000
9239.000000,15263.000000,5766.000000,42734.000000
9212.000000,15275.000000,5752.000000,42740.000000
9224.000000,15295.000000,5749.000000,42737.000000
9190.000000,15240.000000,5750.000000,42727.000000
9198.000000,15251.000000,5731.000000,42737.000000
9192.000000,15233.000000,5726.000000,42715.000000
9164.000000,15220.000000,5720.000000,42750.000000
9133.000000,15211.000000,5720.000000,42739.000000
9172.000000,15183.000000,5695.000000,42685.000000
9165.000000,15212.000000,5728.000000,42711.000000
9136.000000,15209.000000,5685.000000,42700.000000
9110.000000,15171.000000,5694.000000,42695.000000
9148.000000,15164.000000,5689.000000,42705.000000
9107.000000,15183.000000,5669.000000,42681.000000
9081.000000,15172.000000,5647.000000,42691.000000
9063.000000,15175.000000,5648.000000,42674.000000
9091.000000,15165.000000,5640.000000,42693.000000
9079.000000,15139.000000,5621.000000,42638.000000
9056.000000,15149.000000,5622.000000,42664.000000
9028.000000,15105.000000,5588.000000,42647.000000
9061.000000,15137.000000,5610.000000,42647.000000
9026.000000,15127.000000,5591.000000,42637.000000
8993.000000,15105.000000,5582.000000,42641.000000
9021.000000,15064.000000,5571.000000,42643.000000
8991.000000,15065.000000,5538.000000,42622.000000
8964.000000,15301.000000,5548.000000,42614.000000
8963.000000,15067.000000,5543.000000,42612.000000
8968.000000,15085.000000,5530.000000,42871.000000
8936.000000,15010.000000,5509.000000,42584.000000
8938.000000,15045.000000,5469.000000,42571.000000
8930.000000,15039.000000,5494.000000,42601.000000
8911.000000,15033.000000,5467.000000,42574.000000
8901.000000,15035.000000,5465.000000,42569.000000
8863.000000,14995.000000,5437.000000,42571.000000
8886.000000,15014.000000,5458.000000,42582.000000
8829.000000,14985.000000,5398.000000,42557.000000
8854.000000,14964.000000,5405.000000,42511.000000
8815.000000,14949.000000,5415.000000,42572.000000
8837.000000,14934.000000,5362.000000,42543.000000
8784.000000,14911.000000,5368.000000,42538.000000
8798.000000,14937.000000,5351.000000,42532.000000
8777.000000,15160.000000,5333.000000,42539.000000
8778.000000,14899.000000,5334.000000,42499.000000
8758.000000,14839.000000,5335.000000,42489.000000
8745.000000,14874.000000,5301.000000,42489.000000
8722.000000,14875.000000,5305.000000,42484.000000
8718.000000,14872.000000,5295.000000,42480.000000
8706.000000,14841.000000,5274.000000,42453.000000
8656.000000,14821.000000,5260.000000,42455.000000
8673.000000,14879.000000,5265.000000,42476.000000
8662.000000,14802.000000,5267.000000,42479.000000
8635.000000,14813.000000,5233.000000,42423.000000
8679.000000,14824.000000,5243.000000,42465.000000
8680.000000,14836.000000,5236.000000,42447.000000
8653.000000,14819.000000,5237.000000,42445.000000
8633.000000,14823.000000,5244.000000,42439.000000
8639.000000,14791.000000,5248.000000,42434.000000
8644.000000,14767.000000,5220.000000,42444.000000
8614.000000,14805.000000,5238.000000,42439.000000
8613.000000,14779.000000,5238.000000,42434.000000
8631.000000,14801.000000,5233.000000,42420.000000
8613.000000,14768.000000,5201.000000,42443.000000
8599.000000,14793.000000,5198.000000,42418.000000
8607.000000,14807.000000,5209.000000,42443.000000
8591.000000,14791.000000,5175.000000,42413.000000
8589.000000,14788.000000,5168.000000,42384.000000
8584.000000,14767.000000,5186.000000,42420.000000
8597.000000,14759.000000,5187.000000,42415.000000
8567.000000,14781.000000,5156.000000,42379.000000
8564.000000,14758.000000,5142.000000,42399.000000
8552.000000,14777.000000,5134.000000,42403.000000
8526.000000,14724.000000,5142.000000,42391.000000
8506.000000,14755.000000,5163.000000,42408.000000
8505.000000,14703.000000,5123.000000,42372.000000
8522.000000,14727.000000,5110.000000,42371.000000
8446.000000,14687.000000,5088.000000,42383.000000
8467.000000,14669.000000,5100.000000,42352.000000
8463.000000,14724.000000,5098.000000,42355.000000
8448.000000,14669.000000,5079.000000,42371.000000
8448.000000,14655.000000,5062.000000,42356.000000
8453.000000,14665.000000,5072.000000,42339.000000
8441.000000,14635.000000,5045.000000,42311.000000
8446.000000,14675.000000,5080.000000,42342.000000
8426.000000,14664.000000,5054.000000,42344.000000
8453.000000,14665.000000,5073.000000,42322.000000
8447.000000,14675.000000,5066.000000,42361.000000
8446.000000,14673.000000,5045.000000,42343.000000
8437.000000,14668.000000,5072.000000,42362.000000
8456.000000,14668.000000,5072.000000,42331.000000
8461.000000,14693.000000,5060.000000,42364.000000
8473.000000,14699.000000,5093.000000,42362.000000
8495.000000,14685.000000,5072.000000,42327.000000
8512.000000,14712.000000,5100.000000,42377.000000
8522.000000,14691.000000,5089.000000,42378.000000
8534.000000,14743.000000,5134.000000,42385.000000
8549.000000,14715.000000,5128.000000,42391.000000
8571.000000,14773.000000,5144.000000,42403.000000
8545.000000,14743.000000,5185.000000,42424.000000
8595.000000,14775.000000,5191.000000,42406.000000
8605.000000,14767.000000,5200.000000,42447.000000
8658.000000,14812.000000,5220.000000,42434.000000
8677.000000,14823.000000,5260.000000,42464.000000
8707.000000,14847.000000,5269.000000,42451.000000
8720.000000,15123.000000,5285.000000,42491.000000
8774.000000,15163.000000,5338.000000,42517.000000
8775.000000,14922.000000,5389.000000,42514.000000
8810.000000,14963.000000,5387.000000,42532.000000
8879.000000,14996.000000,5460.000000,42582.000000
8921.000000,14996.000000,5474.000000,42593.000000
8935.000000,15323.000000,5526.000000,42608.000000
8975.000000,15103.000000,5556.000000,42641.000000
9031.000000,15091.000000,5571.000000,42670.000000
9100.000000,15124.000000,5640.000000,42682.000000
9128.000000,15157.000000,5662.000000,42700.000000
9155.000000,15209.000000,5706.000000,42725.000000
9206.000000,15247.000000,5715.000000,42738.000000
9209.000000,15263.000000,5746.000000,42743.000000
9270.000000,15252.000000,5808.000000,42769.000000
9290.000000,15307.000000,5808.000000,42768.000000
9320.000000,15315.000000,5816.000000,42797.000000
9318.000000,15335.000000,5828.000000,42795.000000
9341.000000,15320.000000,5806.000000,42795.000000
9318.000000,15373.000000,5851.000000,42806.000000
9338.000000,15343.000000,5836.000000,42783.000000
9351.000000,15311.000000,5865.000000,42797.000000
9323.000000,15328.000000,5815.000000,42793.000000
9343.000000,15333.000000,5826.000000,42793.000000
9310.000000,15299.000000,5834.000000,42788.000000
9322.000000,15293.000000,5833.000000,42786.000000
9295.000000,15327.000000,5817.000000,42803.000000
9270.000000,15311.000000,5820.000000,42759.000000
9310.000000,15267.000000,5766.000000,42753.000000
9287.000000,15301.000000,5805.000000,42791.000000
9257.000000,15260.000000,5767.000000,42760.000000
9273.000000,15263.000000,5764.000000,42759.000000
9278.000000,15275.000000,5744.000000,42750.000000
9240.000000,15255.000000,5751.000000,42783.000000
9238.000000,15291.000000,5750.000000,42748.000000
9222.000000,15247.000000,5756.000000,42756.000000
9204.000000,15219.000000,5720.000000,42761.000000
9200.000000,15228.000000,5733.000000,42734.000000
9205.000000,15235.000000,5734.000000,42742.000000
9192.000000,15231.000000,5697.000000,42720.000000
9170.000000,15211.000000,5697.000000,42723.000000
9150.000000,15197.000000,5694.000000,42746.000000
9174.000000,15199.000000,5706.000000,42707.000000
9132.000000,15191.000000,5676.000000,42721.000000
9154.000000,15176.000000,5658.000000,42707.000000
9143.000000,15152.000000,5641.000000,42711.000000
9116.000000,15175.000000,5637.000000,42682.000000
9119.000000,15153.000000,5660.000000,42684.000000
9107.000000,15153.000000,5654.000000,42680.000000
9064.000000,15147.000000,5644.000000,42672.000000
9061.000000,15122.000000,5608.000000,42660.000000
9055.000000,15084.000000,5623.000000,42671.000000
9017.000000,15078.000000,5574.000000,42654.000000
9041.000000,15123.000000,5587.000000,42647.000000
9021.000000,15058.000000,5546.000000,42633.000000
9034.000000,15089.000000,5551.000000,42630.000000
9033.000000,15101.000000,5572.000000,42652.000000
9005.000000,15067.000000,5546.000000,42616.000000
9008.000000,15051.000000,5525.000000,42616.000000
8976.000000,15323.000000,5512.000000,42605.000000
8974.000000,15068.000000,5520.000000,42602.000000
8929.000000,15057.000000,5485.000000,42587.000000
8944.000000,15031.000000,5482.000000,42621.000000
8949.000000,15004.000000,5484.000000,42594.000000
8935.000000,14993.000000,5450.000000,42569.000000
8899.000000,14993.000000,5481.000000,42593.000000
8865.000000,14967.000000,5420.000000,42530.000000
8878.000000,15244.000000,5402.000000,42574.000000
8849.000000,14956.000000,5410.000000,42547.000000
8855.000000,14960.000000,5402.000000,42535.000000
8818.000000,14966.000000,5394.000000,42562.000000
8780.000000,14925.000000,5362.000000,42531.000000
8798.000000,14937.000000,5392.000000,42520.000000
8814.000000,14927.000000,5356.000000,42536.000000
8811.000000,14915.000000,5382.000000,42538.000000
8759.000000,14894.000000,5342.000000,42502.000000
8750.000000,14922.000000,5344.000000,42543.000000
8765.000000,14906.000000,5338.000000,42504.000000
8762.000000,14878.000000,5338.000000,42463.000000
8733.000000,14892.000000,5307.000000,42518.000000
8730.000000,14871.000000,5294.000000,42473.000000
8745.000000,14883.000000,5334.000000,42495.000000
8749.000000,14877.000000,5315.000000,42496.000000
8736.000000,14857.000000,5275.000000,42483.000000
8715.000000,14837.000000,5311.000000,42498.000000
8718.000000,14858.000000,5305.000000,42482.000000
8700.000000,14854.000000,5306.000000,42472.000000
8692.000000,14850.000000,5291.000000,42474.000000
8697.000000,14850.000000,5285.000000,42493.000000
8670.000000,14816.000000,5279.000000,42463.000000
8684.000000,14863.000000,5259.000000,42474.000000
8673.000000,14847.000000,5275.000000,42483.000000
8699.000000,14856.000000,5275.000000,42470.000000
8678.000000,14832.000000,5283.000000,42469.000000
8682.000000,14823.000000,5245.000000,42437.000000
8642.000000,14833.000000,5255.000000,42479.000000
8660.000000,14805.000000,5258.000000,42456.000000
8653.000000,14795.000000,5223.000000,42445.000000
8655.000000,14799.000000,5248.000000,42450.000000
8609.000000,14745.000000,5187.000000,42431.000000
8614.000000,14803.000000,5187.000000,42427.000000
8602.000000,14744.000000,5217.000000,42438.000000
8588.000000,14748.000000,5164.000000,42417.000000
8557.000000,14750.000000,5203.000000,42417.000000
8531.000000,14744.000000,5154.000000,42418.000000
8567.000000,14709.000000,5166.000000,42391.000000
8543.000000,14731.000000,5148.000000,42385.000000
8526.000000,14721.000000,5168.000000,42417.000000
8517.000000,14709.000000,5153.000000,42405.000000
8546.000000,14727.000000,5140.000000,42407.000000
8531.000000,14696.000000,5130.000000,42400.000000
8576.000000,14716.000000,5163.000000,42371.000000
8529.000000,14729.000000,5171.000000,42407.000000
8526.000000,14720.000000,5129.000000,42385.000000
8565.000000,14767.000000,5149.000000,42391.000000
8550.000000,14712.000000,5162.000000,42387.000000
8565.000000,14741.000000,5181.000000,42423.000000
8575.000000,14733.000000,5202.000000,42419.000000
8565.000000,14771.000000,5150.000000,42414.000000
8572.000000,14757.000000,5200.000000,42393.000000
8589.000000,14743.000000,5187.000000,42403.000000
8597.000000,14769.000000,5201.000000,42401.000000
8603.000000,14773.000000,5215.000000,42467.000000
8643.000000,14795.000000,5222.000000,42451.000000
8657.000000,14803.000000,5286.000000,42479.000000
8645.000000,14831.000000,5271.000000,42485.000000
8732.000000,14859.000000,5303.000000,42490.000000
8708.000000,14874.000000,5303.000000,42496.000000
8754.000000,14886.000000,5334.000000,42511.000000
8791.000000,14907.000000,5371.000000,42533.000000
8805.000000,14943.000000,5383.000000,42550.000000
8884.000000,14999.000000,5469.000000,42586.000000
8883.000000,15009.000000,5457.000000,42567.000000
8959.000000,15006.000000,5523.000000,42625.000000
8960.000000,15078.000000,5548.000000,42625.000000
9007.000000,15063.000000,5570.000000,42677.000000
9061.000000,15139.000000,5630.000000,42696.000000
9099.000000,15136.000000,5624.000000,42669.000000
9141.000000,15169.000000,5727.000000,42730.000000
9139.000000,15199.000000,5735.000000,42724.000000
9211.000000,15215.000000,5780.000000,42763.000000
9252.000000,15259.000000,5748.000000,42766.000000
9277.000000,15281.000000,5784.000000,42792.000000
9295.000000,15287.000000,5834.000000,42799.000000
9319.000000,15295.000000,5857.000000,42824.000000
9320.000000,15335.000000,5842.000000,42837.000000
9332.000000,15335.000000,5855.000000,42816.000000
9367.000000,15343.000000,5875.000000,42825.000000
9347.000000,15329.000000,5881.000000,42832.000000
9358.000000,15339.000000,5892.000000,42800.000000
9335.000000,15307.000000,5876.000000,42839.000000
9314.000000,15307.000000,5848.000000,42800.000000
9346.000000,15325.000000,5857.000000,42828.000000
9294.000000,15359.000000,5823.000000,42804.000000
9297.000000,15293.000000,5818.000000,42791.000000
9275.000000,15287.000000,5780.000000,42799.000000
9281.000000,15295.000000,5791.000000,42823.000000
9309.000000,15285.000000,5810.000000,42776.000000
9280.000000,15272.000000,5764.000000,42772.000000
9237.000000,15253.000000,5792.000000,42765.000000
9246.000000,15241.000000,5796.000000,42771.000000
9215.000000,15259.000000,5789.000000,42781.000000
9275.000000,15255.000000,5774.000000,42767.000000
9206.000000,15236.000000,5764.000000,42735.000000
9160.000000,15211.000000,5736.000000,42721.000000
9198.000000,15220.000000,5986.000000,42753.000000
9189.000000,15235.000000,5695.000000,42738.000000
9157.000000,15204.000000,5709.000000,42702.000000
9147.000000,15213.000000,5719.000000,42735.000000
9140.000000,15207.000000,5694.000000,42733.000000
9140.000000,15199.000000,5695.000000,42677.000000
9110.000000,15164.000000,5642.000000,42694.000000
9121.000000,15163.000000,5645.000000,42704.000000
9106.000000,15184.000000,5661.000000,42696.000000
9097.000000,15169.000000,5645.000000,42713.000000
9095.000000,15176.000000,5633.000000,42684.000000
9081.000000,15103.000000,5618.000000,42698.000000
9074.000000,15357.000000,5615.000000,42698.000000
9059.000000,15127.000000,5584.000000,42658.000000
9009.000000,15072.000000,5583.000000,42655.000000
9031.000000,15085.000000,5562.000000,42652.000000
9013.000000,15103.000000,5592.000000,42638.000000
8996.000000,15056.000000,5559.000000,42631.000000
8975.000000,15332.000000,5553.000000,42638.000000
8977.000000,15026.000000,5501.000000,42602.000000
8980.000000,15027.000000,5536.000000,42638.000000
8943.000000,14981.000000,5507.000000,42611.000000
8906.000000,15027.000000,5484.000000,42576.000000
8912.000000,15293.000000,5492.000000,42618.000000
8942.000000,14990.000000,5492.000000,42600.000000
8869.000000,15248.000000,5455.000000,42609.000000
8872.000000,14995.000000,5441.000000,42584.000000
8880.000000,15004.000000,5445.000000,42579.000000
8832.000000,14947.000000,5409.000000,42559.000000
8822.000000,14932.000000,5446.000000,42582.000000
8807.000000,14938.000000,5397.000000,42545.000000
8775.000000,14902.000000,5358.000000,42547.000000
8780.000000,14903.000000,5382.000000,42536.000000
8790.000000,14927.000000,5366.000000,42535.000000
8754.000000,14890.000000,5388.000000,42503.000000
8782.000000,14912.000000,5322.000000,42514.000000
8736.000000,14897.000000,5328.000000,42497.000000
8763.000000,14856.000000,5328.000000,42499.000000
8737.000000,14882.000000,5306.000000,42511.000000
8703.000000,14843.000000,5306.000000,42498.000000
8728.000000,15124.000000,5290.000000,42483.000000
8703.000000,14827.000000,5283.000000,42490.000000
8733.000000,14859.000000,5280.000000,42505.000000
8661.000000,14855.000000,5313.000000,42499.000000
8681.000000,14832.000000,5246.000000,42493.000000
8692.000000,14816.000000,5253.000000,42465.000000
8701.000000,14815.000000,5265.000000,42468.000000
8691.000000,14825.000000,5265.000000,42479.000000
8638.000000,14791.000000,5265.000000,42454.000000
8638.000000,14815.000000,5244.000000,42457.000000
8664.000000,14820.000000,5278.000000,42476.000000
8669.000000,14799.000000,5275.000000,42436.000000
8632.000000,14807.000000,5227.000000,42469.000000
8671.000000,14799.000000,5269.000000,42477.000000
8655.000000,14792.000000,5238.000000,42451.000000
8635.000000,14789.000000,5225.000000,42495.000000
8640.000000,14793.000000,5235.000000,42443.000000
8648.000000,14768.000000,5211.000000,42449.000000
8651.000000,14767.000000,5192.000000,42456.000000
8605.000000,14776.000000,5236.000000,42447.000000
8603.000000,14791.000000,5218.000000,42439.000000
8629.000000,14753.000000,5187.000000,42449.000000
8604.000000,14741.000000,5163.000000,42392.000000
8564.000000,14760.000000,5182.000000,42431.000000
8592.000000,14737.000000,5159.000000,42436.000000
8559.000000,14731.000000,5169.000000,42402.000000
8506.000000,14728.000000,5122.000000,42422.000000
8537.000000,14699.000000,5107.000000,42398.000000
8545.000000,14717.000000,5129.000000,42376.000000
8515.000000,14693.000000,5081.000000,42381.000000
8537.000000,14723.000000,5142.000000,42396.000000
8521.000000,14715.000000,5106.000000,42389.000000
8541.000000,14687.000000,5105.000000,42387.000000
8518.000000,14708.000000,5092.000000,42391.000000
8547.000000,14703.000000,5122.000000,42376.000000
8547.000000,14712.000000,5130.000000,42371.000000
8556.000000,14696.000000,5093.000000,42369.000000
8541.000000,14711.000000,5129.000000,42407.000000
8548.000000,14711.000000,5137.000000,42406.000000
8572.000000,14736.000000,5150.000000,42431.000000
8593.000000,14724.000000,5194.000000,42427.000000
8570.000000,14735.000000,5154.000000,42400.000000
8593.000000,14766.000000,5187.000000,42425.000000
8576.000000,14753.000000,5167.000000,42411.000000
8627.000000,14793.000000,5190.000000,42425.000000
8654.000000,14787.000000,5187.000000,42442.000000
8674.000000,14820.000000,5243.000000,42447.000000
8661.000000,14807.000000,5231.000000,42431.000000
8700.000000,14848.000000,5259.000000,42456.000000
8713.000000,15119.000000,5280.000000,42497.000000
8768.000000,14845.000000,5317.000000,42471.000000
8786.000000,14876.000000,5334.000000,42529.000000
8783.000000,14914.000000,5381.000000,42532.000000
8802.000000,14956.000000,5382.000000,42554.000000
8837.000000,15219.000000,5433.000000,42569.000000
8886.000000,14970.000000,5435.000000,42574.000000
8942.000000,14993.000000,5489.000000,42617.000000
8993.000000,15019.000000,5514.000000,42625.000000
9035.000000,15063.000000,5561.000000,42908.000000
9033.000000,15091.000000,5604.000000,42701.000000
9110.000000,15137.000000,5633.000000,42681.000000
9159.000000,15172.000000,5685.000000,42743.000000
9191.000000,15204.000000,5752.000000,42745.000000
9225.000000,15217.000000,5767.000000,42795.000000
9247.000000,15267.000000,5771.000000,42799.000000
9343.000000,15311.000000,5824.000000,42812.000000
9352.000000,15313.000000,5828.000000,42796.000000
9403.000000,15333.000000,5874.000000,42860.000000
9388.000000,15345.000000,5910.000000,42860.000000
9449.000000,15383.000000,5934.000000,42842.000000
9434.000000,15384.000000,5910.000000,42876.000000
9431.000000,15394.000000,5909.000000,42843.000000
9451.000000,15412.000000,5960.000000,42867.000000
9451.000000,15390.000000,5903.000000,42888.000000
9453.000000,15394.000000,5929.000000,42840.000000
9453.000000,15428.000000,5911.000000,42847.000000
9451.000000,15407.000000,5943.000000,42884.000000
9433.000000,15391.000000,5892.000000,42853.000000
9444.000000,15386.000000,5905.000000,42848.000000
9425.000000,15374.000000,5882.000000,42867.000000
9423.000000,15340.000000,5866.000000,42845.000000
9403.000000,15369.000000,5896.000000,42847.000000
9367.000000,15377.000000,5866.000000,42852.000000
9407.000000,15332.000000,5852.000000,42832.000000
9367.000000,15335.000000,5858.000000,42823.000000
9368.000000,15355.000000,5844.000000,42811.000000
9355.000000,15340.000000,5851.000000,42827.000000
9340.000000,15352.000000,5794.000000,42835.000000
9365.000000,15331.000000,5796.000000,42801.000000
9330.000000,15292.000000,5830.000000,42784.000000
9327.000000,15303.000000,5826.000000,42807.000000
9326.000000,15299.000000,5807.000000,42784.000000
9316.000000,15309.000000,5814.000000,42803.000000
9270.000000,15273.000000,5732.000000,42765.000000
9286.000000,15273.000000,5769.000000,42772.000000
9276.000000,15268.000000,5776.000000,42771.000000
9254.000000,15240.000000,5725.000000,42745.000000
9249.000000,15240.000000,5734.000000,42767.000000
9239.000000,15251.000000,5728.000000,42744.000000
9213.000000,15219.000000,5710.000000,42780.000000
9199.000000,15217.000000,5709.000000,42714.000000
9230.000000,15259.000000,5745.000000,42749.000000
9179.000000,15204.000000,5697.000000,42730.000000
9183.000000,15184.000000,5651.000000,42702.000000
9154.000000,15191.000000,5675.000000,42734.000000
9140.000000,15163.000000,5656.000000,42693.000000
9144.000000,15188.000000,5694.000000,42692.000000
9144.000000,15173.000000,5630.000000,42694.000000
9162.000000,15145.000000,5643.000000,42693.000000
9123.000000,15155.000000,5657.000000,42709.000000
9101.000000,15091.000000,5614.000000,42652.000000
9104.000000,15103.000000,5587.000000,42678.000000
9122.000000,15103.000000,5602.000000,42682.000000
9050.000000,15103.000000,5607.000000,42681.000000
9080.000000,15101.000000,5564.000000,42644.000000
9062.000000,15091.000000,5591.000000,42660.000000
9003.000000,15092.000000,5548.000000,42637.000000
8998.000000,15073.000000,5542.000000,42627.000000
9091.000000,15062.000000,5538.000000,42650.000000
9005.000000,15033.000000,5509.000000,42625.000000
8951.000000,15044.000000,5523.000000,42610.000000
8967.000000,15008.000000,5509.000000,42630.000000
8965.000000,15026.000000,5495.000000,42596.000000
8959.000000,15016.000000,5476.000000,42605.000000
8912.000000,15008.000000,5469.000000,42605.000000
8934.000000,14968.000000,5447.000000,42569.000000
8903.000000,15245.000000,5450.000000,42586.000000
8899.000000,14974.000000,5442.000000,42569.000000
8881.000000,14977.000000,5435.000000,42546.000000
8861.000000,14939.000000,5432.000000,42548.000000
8860.000000,14965.000000,5418.000000,42573.000000
8868.000000,14965.000000,5411.000000,42580.000000
8849.000000,14969.000000,5388.000000,42561.000000
8852.000000,14958.000000,5386.000000,42563.000000
8853.000000,14941.000000,5383.000000,42535.000000
8850.000000,14942.000000,5405.000000,42571.000000
8800.000000,14901.000000,5379.000000,42543.000000
8851.000000,14927.000000,5364.000000,42550.000000
8827.000000,14946.000000,5370.000000,42547.000000
8826.000000,14920.000000,5355.000000,42526.000000
8835.000000,14911.000000,5365.000000,42548.000000
8842.000000,14928.000000,5383.000000,42561.000000
9060.000000,14909.000000,5351.000000,42535.000000
8796.000000,14890.000000,5380.000000,42524.000000
8783.000000,14911.000000,5361.000000,42546.000000
8798.000000,14918.000000,5360.000000,42525.000000
8815.000000,15179.000000,5342.000000,42532.000000
8793.000000,14908.000000,5351.000000,42526.000000
8740.000000,14894.000000,5327.000000,42532.000000
8761.000000,14877.000000,5325.000000,42476.000000
8802.000000,14892.000000,5342.000000,42550.000000
8771.000000,14894.000000,5308.000000,42488.000000
8712.000000,14839.000000,5319.000000,42480.000000
8739.000000,14832.000000,5314.000000,42502.000000
8756.000000,14863.000000,5309.000000,42506.000000
8736.000000,14807.000000,5291.000000,42483.000000
8729.000000,14811.000000,5270.000000,42503.000000
8691.000000,14839.000000,5256.000000,42500.000000
8693.000000,14809.000000,5251.000000,42485.000000
8706.000000,14837.000000,5229.000000,42480.000000
8719.000000,14827.000000,5251.000000,42471.000000
8696.000000,14817.000000,5253.000000,42471.000000
8678.000000,14807.000000,5233.000000,42480.000000
8706.000000,14815.000000,5224.000000,42476.000000
8692.000000,14831.000000,5249.000000,42447.000000
8664.000000,14824.000000,5230.000000,42452.000000
8686.000000,14792.000000,5257.000000,42432.000000
8706.000000,14799.000000,5269.000000,42463.000000
8720.000000,14821.000000,5280.000000,42491.000000
8742.000000,14880.000000,5279.000000,42490.000000
8762.000000,14817.000000,5282.000000,42495.000000
8726.000000,14839.000000,5276.000000,42493.000000
8726.000000,14854.000000,5285.000000,42497.000000
8773.000000,14823.000000,5289.000000,42506.000000
8806.000000,14865.000000,5336.000000,42519.000000
8800.000000,14870.000000,5315.000000,42514.000000
8814.000000,14906.000000,5371.000000,42506.000000
8811.000000,14888.000000,5365.000000,42541.000000
8846.000000,14935.000000,5375.000000,42560.000000
8898.000000,15239.000000,5402.000000,42578.000000
8890.000000,14963.000000,5427.000000,42582.000000
8915.000000,15004.000000,5470.000000,42585.000000
8963.000000,14997.000000,5513.000000,42619.000000
8996.000000,15297.000000,5532.000000,42642.000000
9046.000000,15019.000000,5533.000000,42634.000000
9090.000000,15072.000000,5549.000000,42684.000000
9088.000000,15099.000000,5640.000000,42670.000000
9147.000000,15123.000000,5655.000000,42697.000000
9181.000000,15175.000000,5684.000000,42732.000000
9185.000000,15185.000000,5733.000000,42733.000000
9274.000000,15251.000000,5799.000000,42771.000000
9269.000000,15279.000000,5770.000000,42784.000000
9352.000000,15303.000000,5849.000000,42795.000000
9388.000000,15331.000000,5897.000000,42840.000000
9456.000000,15355.000000,5920.000000,42885.000000
9469.000000,15396.000000,5951.000000,42896.000000
9499.000000,15442.000000,5971.000000,42911.000000
9517.000000,15428.000000,6020.000000,42951.000000
9553.000000,15435.000000,6009.000000,42924.000000
9577.000000,15489.000000,6057.000000,42952.000000
9595.000000,15499.000000,6059.000000,42986.000000
9608.000000,15487.000000,6085.000000,42959.000000
9619.000000,15500.000000,6079.000000,42974.000000
9605.000000,15505.000000,6067.000000,42967.000000
9617.000000,15498.000000,6066.000000,42952.000000
9623.000000,15503.000000,6040.000000,42964.000000
9587.000000,15476.000000,6054.000000,42934.000000
9579.000000,15483.000000,6047.000000,42976.000000
9581.000000,15504.000000,6062.000000,42948.000000
9599.000000,15458.000000,6027.000000,42952.000000
9580.000000,15464.000000,6031.000000,42940.000000
9558.000000,15445.000000,6017.000000,42923.000000
9570.000000,15470.000000,6022.000000,42943.000000
9539.000000,15453.000000,6020.000000,42917.000000
9542.000000,15429.000000,5966.000000,42921.000000
9528.000000,15446.000000,5991.000000,42908.000000
9511.000000,15413.000000,5979.000000,42931.000000
9481.000000,15431.000000,5950.000000,42886.000000
9506.000000,15429.000000,5982.000000,42894.000000
9491.000000,15405.000000,5969.000000,42868.000000
9460.000000,15391.000000,5938.000000,42874.000000
9472.000000,15380.000000,5958.000000,42886.000000
9463.000000,15395.000000,5912.000000,42842.000000
9448.000000,15377.000000,5914.000000,42856.000000
9472.000000,15373.000000,5929.000000,42883.000000
9443.000000,15397.000000,5902.000000,42913.000000
9444.000000,15343.000000,5895.000000,42873.000000
9401.000000,15347.000000,5875.000000,42893.000000
9389.000000,15346.000000,5863.000000,42849.000000
9405.000000,15363.000000,5895.000000,42833.000000
9394.000000,15355.000000,5839.000000,42855.000000
9365.000000,15299.000000,5838.000000,42818.000000
9369.000000,15343.000000,5820.000000,42845.000000
9365.000000,15339.000000,5849.000000,42839.000000
9332.000000,15299.000000,5835.000000,42817.000000
9351.000000,15287.000000,5810.000000,42821.000000
9310.000000,15297.000000,5808.000000,42821.000000
9320.000000,15273.000000,5801.000000,42784.000000
9314.000000,15296.000000,5804.000000,42796.000000
9320.000000,15260.000000,5799.000000,42807.000000
9261.000000,15252.000000,5758.000000,42789.000000
9246.000000,15255.000000,5791.000000,42793.000000
9241.000000,15238.000000,5747.000000,42761.000000
9260.000000,15255.000000,5771.000000,42759.000000
9259.000000,15216.000000,5726.000000,42755.000000
9245.000000,15227.000000,5714.000000,42746.000000
9241.000000,15203.000000,5747.000000,42755.000000
9194.000000,15236.000000,5690.000000,42756.000000
9177.000000,15207.000000,5713.000000,42742.000000
9196.000000,15207.000000,5669.000000,42707.000000
9174.000000,15189.000000,5680.000000,42705.000000
9145.000000,15149.000000,5653.000000,42702.000000
9142.000000,15127.000000,5680.000000,42745.000000
9151.000000,15173.000000,5649.000000,42691.000000
9105.000000,15120.000000,5648.000000,42671.000000
9133.000000,15165.000000,5630.000000,42689.000000
9110.000000,15141.000000,5625.000000,42710.000000
9078.000000,15343.000000,5609.000000,42675.000000
9119.000000,15149.000000,5634.000000,42688.000000
9068.000000,15117.000000,5592.000000,42687.000000
9094.000000,15083.000000,5590.000000,42655.000000
9026.000000,15128.000000,5588.000000,42670.000000
9069.000000,15086.000000,5572.000000,42663.000000
9082.000000,15069.000000,5579.000000,42646.000000
9073.000000,15069.000000,5585.000000,42661.000000
9067.000000,15115.000000,5604.000000,42669.000000
9049.000000,15345.000000,5577.000000,42913.000000
9055.000000,15078.000000,5598.000000,42665.000000
9030.000000,15083.000000,5568.000000,42648.000000
9053.000000,15042.000000,5594.000000,42665.000000
9055.000000,15063.000000,5570.000000,42642.000000
9003.000000,15052.000000,5544.000000,42637.000000
9025.000000,15062.000000,5584.000000,42648.000000
9010.000000,15067.000000,5551.000000,42665.000000
9045.000000,15083.000000,5534.000000,42662.000000
9021.000000,15072.000000,5539.000000,42653.000000
8981.000000,15067.000000,5516.000000,42642.000000
8987.000000,15046.000000,5532.000000,42638.000000
9025.000000,15279.000000,5531.000000,42638.000000
8981.000000,15022.000000,5505.000000,42647.000000
8980.000000,15010.000000,5525.000000,42595.000000
8957.000000,15044.000000,5530.000000,42650.000000
8957.000000,15007.000000,5481.000000,42597.000000
8972.000000,15007.000000,5504.000000,42624.000000
8933.000000,15006.000000,5483.000000,42584.000000
9177.000000,14961.000000,5457.000000,42612.000000
8892.000000,14981.000000,5425.000000,42586.000000
8890.000000,14987.000000,5457.000000,42582.000000
8907.000000,15224.000000,5466.000000,42560.000000
8877.000000,14964.000000,5432.000000,42573.000000
8882.000000,14934.000000,5432.000000,42577.000000
8885.000000,14919.000000,5420.000000,42576.000000
8879.000000,14934.000000,5427.000000,42570.000000
8882.000000,14949.000000,5421.000000,42551.000000
8895.000000,14939.000000,5432.000000,42550.000000
8869.000000,15224.000000,5418.000000,42573.000000
8899.000000,15176.000000,5414.000000,42572.000000
8908.000000,14955.000000,5447.000000,42556.000000
8839.000000,14955.000000,5447.000000,42578.000000
8876.000000,14965.000000,5423.000000,42574.000000
8909.000000,14983.000000,5453.000000,42593.000000
8906.000000,14985.000000,5464.000000,42581.000000
8964.000000,14936.000000,5454.000000,42588.000000
8936.000000,15010.000000,5477.000000,42603.000000
8962.000000,15010.000000,5499.000000,42607.000000
8966.000000,14989.000000,5522.000000,42626.000000
8962.000000,15048.000000,5490.000000,42648.000000
8988.000000,15033.000000,5541.000000,42635.000000
9009.000000,15056.000000,5562.000000,42657.000000
9055.000000,15081.000000,5587.000000,42675.000000
9067.000000,15085.000000,5635.000000,42701.000000
9068.000000,15105.000000,5633.000000,42697.000000
9127.000000,15121.000000,5625.000000,42696.000000
9159.000000,15163.000000,5718.000000,42722.000000
9181.000000,15175.000000,5710.000000,42767.000000
9241.000000,15199.000000,5766.000000,42767.000000
9252.000000,15221.000000,5802.000000,42801.000000
9305.000000,15260.000000,5834.000000,42811.000000
9342.000000,15299.000000,5866.000000,42819.000000
9412.000000,15341.000000,5903.000000,42861.000000
9402.000000,15343.000000,5931.000000,42864.000000
9446.000000,15399.000000,5980.000000,42880.000000
9519.000000,15435.000000,6009.000000,42915.000000
9509.000000,15421.000000,6001.000000,42935.000000
9570.000000,15489.000000,6057.000000,42963.000000
9571.000000,15486.000000,6095.000000,42984.000000
9620.000000,15487.000000,6075.000000,42952.000000
9613.000000,15522.000000,6116.000000,42991.000000
9625.000000,15498.000000,6131.000000,42979.000000
9650.000000,15530.000000,6114.000000,42993.000000
9639.000000,15550.000000,6115.000000,42999.000000
9654.000000,15528.000000,6105.000000,42974.000000
9690.000000,15563.000000,6150.000000,42991.000000
9647.000000,15544.000000,6142.000000,43019.000000
9675.000000,15500.000000,6132.000000,42988.000000
9629.000000,15532.000000,6129.000000,42980.000000
9631.000000,15550.000000,6143.000000,43005.000000
9636.000000,15506.000000,6085.000000,42964.000000
9613.000000,15476.000000,6124.000000,42969.000000
9619.000000,15491.000000,6083.000000,42975.000000
9605.000000,15487.000000,6112.000000,42977.000000
9623.000000,15458.000000,6054.000000,42922.000000
9563.000000,15456.000000,6067.000000,42955.000000
9607.000000,15494.000000,6072.000000,42964.000000
9550.000000,15476.000000,6046.000000,42933.000000
9599.000000,15461.000000,6032.000000,42930.000000
9577.000000,15485.000000,6048.000000,42926.000000
9572.000000,15428.000000,6023.000000,42937.000000
9528.000000,15463.000000,6021.000000,42911.000000
9518.000000,15448.000000,6003.000000,42936.000000
9523.000000,15450.000000,6015.000000,42931.000000
9480.000000,15421.000000,5969.000000,42919.000000
9524.000000,15432.000000,5969.000000,42911.000000
9464.000000,15416.000000,5964.000000,42908.000000
9488.000000,15431.000000,5977.000000,42910.000000
9491.000000,15423.000000,5971.000000,42909.000000
9471.000000,15389.000000,5942.000000,42868.000000
9453.000000,15399.000000,5933.000000,42867.000000
9446.000000,15361.000000,5929.000000,42880.000000
9415.000000,15388.000000,5931.000000,42867.000000
9432.000000,15361.000000,5921.000000,42893.000000
9392.000000,15339.000000,5888.000000,42864.000000
9410.000000,15341.000000,5934.000000,42855.000000
9424.000000,15380.000000,5879.000000,42849.000000
9363.000000,15343.000000,5881.000000,42839.000000
9356.000000,15329.000000,5872.000000,42828.000000
9347.000000,15308.000000,5875.000000,42824.000000
9313.000000,15324.000000,5859.000000,42831.000000
9351.000000,15337.000000,5864.000000,42799.000000
9338.000000,15287.000000,5822.000000,42787.000000
9329.000000,15289.000000,5830.000000,42809.000000
9291.000000,15271.000000,5809.000000,42809.000000
9298.000000,15252.000000,5817.000000,42795.000000
9290.000000,15257.000000,5777.000000,42789.000000
9255.000000,15239.000000,5789.000000,42787.000000
9289.000000,15229.000000,5783.000000,42771.000000
9229.000000,15235.000000,5756.000000,42772.000000
9207.000000,15219.000000,5739.000000,42741.000000
9237.000000,15197.000000,5741.000000,42763.000000
9219.000000,15211.000000,5763.000000,42739.000000
9202.000000,15169.000000,5721.000000,42763.000000
9195.000000,15195.000000,5700.000000,42738.000000
9161.000000,15149.000000,5740.000000,42755.000000
9155.000000,15155.000000,5702.000000,42711.000000
9182.000000,15169.000000,5686.000000,42730.000000
9148.000000,15163.000000,5669.000000,42725.000000
9155.000000,15147.000000,5679.000000,42718.000000
9149.000000,15135.000000,5649.000000,42685.000000
9141.000000,15168.000000,5660.000000,42700.000000
9124.000000,15093.000000,5647.000000,42681.000000
9108.000000,15145.000000,5644.000000,42669.000000
9103.000000,15107.000000,5641.000000,42705.000000
9105.000000,15108.000000,5635.000000,42659.000000
9108.000000,15131.000000,5612.000000,42705.000000
9069.000000,15089.000000,5602.000000,42675.000000
9081.000000,15077.000000,5609.000000,42673.000000
9039.000000,15332.000000,5594.000000,42682.000000
9068.000000,15103.000000,5598.000000,42676.000000
9075.000000,15090.000000,5594.000000,42700.000000
9052.000000,15084.000000,5591.000000,42666.000000
9048.000000,15073.000000,5593.000000,42685.000000
9067.000000,15083.000000,5606.000000,42694.000000
9031.000000,15083.000000,5586.000000,42680.000000
9057.000000,15082.000000,5579.000000,42651.000000
9049.000000,15343.000000,5610.000000,42691.000000
9040.000000,15319.000000,5575.000000,42670.000000
9018.000000,15088.000000,5585.000000,42644.000000
9020.000000,15053.000000,5556.000000,42659.000000
8985.000000,15018.000000,5547.000000,42637.000000
9004.000000,15295.000000,5551.000000,42652.000000
8977.000000,15067.000000,5528.000000,42644.000000
8961.000000,15014.000000,5520.000000,42628.000000
8969.000000,15276.000000,5532.000000,42629.000000
8976.000000,14992.000000,5498.000000,42599.000000
8976.000000,15010.000000,5498.000000,42621.000000
8937.000000,14952.000000,5491.000000,42593.000000
8921.000000,14969.000000,5470.000000,42610.000000
8940.000000,15017.000000,5485.000000,42611.000000
8910.000000,14991.000000,5496.000000,42623.000000
8904.000000,14985.000000,5475.000000,42597.000000
8943.000000,14967.000000,5475.000000,42598.000000
8915.000000,14963.000000,5427.000000,42613.000000
9158.000000,14939.000000,5464.000000,42589.000000
8955.000000,14998.000000,5459.000000,42604.000000
8930.000000,14996.000000,5470.000000,42577.000000
8928.000000,14967.000000,5473.000000,42592.000000
8906.000000,14982.000000,5468.000000,42621.000000
8944.000000,14984.000000,5478.000000,42614.000000
8982.000000,14998.000000,5511.000000,42593.000000
8964.000000,14983.000000,5475.000000,42632.000000
8968.000000,15010.000000,5527.000000,42619.000000
9000.000000,14989.000000,5532.000000,42607.000000
9014.000000,15023.000000,5540.000000,42636.000000
9011.000000,15056.000000,5545.000000,42649.000000
9046.000000,15040.000000,5618.000000,42661.000000
9044.000000,15043.000000,5584.000000,42659.000000
9074.000000,15077.000000,5600.000000,42679.000000
9091.000000,15095.000000,5645.000000,42683.000000
9122.000000,15136.000000,5658.000000,42712.000000
9172.000000,15140.000000,5680.000000,42717.000000
9172.000000,15169.000000,5721.000000,42721.000000
9202.000000,15157.000000,5720.000000,42756.000000
9207.000000,15192.000000,5743.000000,42748.000000
9283.000000,15219.000000,5798.000000,42807.000000
9282.000000,15264.000000,5801.000000,42803.000000
9353.000000,15284.000000,5861.000000,42828.000000
9376.000000,15315.000000,5914.000000,42876.000000
9413.000000,15356.000000,5932.000000,42865.000000
9466.000000,15385.000000,5986.000000,42891.000000
9501.000000,15415.000000,5999.000000,42911.000000
9523.000000,15448.000000,6051.000000,42955.000000
9607.000000,15466.000000,6068.000000,42943.000000
9610.000000,15507.000000,6115.000000,42969.000000
9659.000000,15501.000000,6133.000000,43037.000000
9720.000000,15549.000000,6170.000000,43033.000000
9714.000000,15580.000000,6188.000000,43050.000000
9753.000000,15598.000000,6219.000000,43095.000000
9772.000000,15612.000000,6235.000000,43029.000000
9775.000000,15639.000000,6249.000000,43101.000000
9783.000000,15637.000000,6290.000000,43073.000000
9806.000000,15641.000000,6263.000000,43063.000000
9796.000000,15613.000000,6271.000000,43079.000000
9760.000000,15605.000000,6259.000000,43075.000000
9787.000000,15641.000000,6254.000000,43072.000000
9770.000000,15621.000000,6241.000000,43076.000000
9769.000000,15615.000000,6209.000000,43071.000000
9799.000000,15616.000000,6214.000000,43070.000000
9750.000000,15605.000000,6209.000000,43057.000000
9734.000000,15574.000000,6215.000000,43034.000000
9754.000000,15597.000000,6196.000000,43041.000000
9732.000000,15576.000000,6188.000000,43026.000000
9731.000000,15602.000000,6186.000000,43028.000000
9711.000000,15556.000000,6199.000000,43051.000000
9698.000000,15566.000000,6192.000000,43005.000000
9670.000000,15542.000000,6171.000000,42999.000000
9694.000000,15550.000000,6132.000000,42994.000000
9670.000000,15539.000000,6147.000000,42995.000000
9682.000000,15511.000000,6113.000000,42980.000000
9674.000000,15526.000000,6155.000000,43009.000000
9659.000000,15551.000000,6125.000000,42984.000000
9622.000000,15527.000000,6102.000000,42947.000000
9625.000000,15496.000000,6090.000000,42976.000000
9614.000000,15503.000000,6109.000000,43011.000000
9643.000000,15494.000000,6092.000000,42956.000000
9641.000000,15474.000000,6095.000000,42951.000000
9630.000000,15477.000000,6077.000000,42939.000000
9625.000000,15451.000000,6055.000000,42987.000000
9601.000000,15466.000000,6052.000000,42938.000000
9566.000000,15460.000000,6059.000000,42949.000000
9580.000000,15469.000000,6072.000000,42943.000000
9585.000000,15414.000000,6038.000000,42936.000000
9542.000000,15407.000000,6031.000000,42956.000000
9542.000000,15416.000000,6029.000000,42920.000000
9511.000000,15454.000000,6035.000000,42937.000000
9520.000000,15419.000000,5992.000000,42911.000000
9523.000000,15404.000000,6005.000000,42911.000000
9494.000000,15386.000000,5978.000000,42891.000000
9497.000000,15407.000000,5977.000000,42911.000000
9442.000000,15339.000000,5967.000000,42897.000000
9483.000000,15373.000000,5940.000000,42869.000000
9430.000000,15388.000000,5929.000000,42864.000000
9443.000000,15381.000000,5952.000000,42880.000000
9455.000000,15339.000000,5926.000000,42891.000000
9409.000000,15336.000000,5891.000000,42861.000000
9396.000000,15324.000000,5890.000000,42855.000000
9388.000000,15339.000000,5880.000000,42847.000000
9353.000000,15324.000000,5889.000000,42817.000000
9381.000000,15277.000000,5863.000000,42813.000000
9359.000000,15279.000000,5866.000000,42851.000000
9358.000000,15304.000000,5817.000000,42827.000000
9342.000000,15260.000000,5838.000000,42805.000000
9315.000000,15260.000000,5850.000000,42807.000000
9312.000000,15227.000000,5804.000000,42792.000000
9305.000000,15263.000000,5821.000000,42839.000000
9277.000000,15244.000000,5784.000000,42800.000000
9263.000000,15244.000000,5782.000000,42780.000000
9255.000000,15223.000000,5783.000000,42771.000000
9275.000000,15205.000000,5741.000000,42765.000000
9244.000000,15203.000000,5746.000000,42779.000000
9234.000000,15227.000000,5722.000000,42753.000000
9226.000000,15185.000000,5736.000000,42746.000000
9223.000000,15177.000000,5738.000000,42777.000000
9231.000000,15218.000000,5767.000000,42762.000000
9212.000000,15172.000000,5713.000000,42775.000000
9195.000000,15173.000000,5741.000000,42766.000000
9203.000000,15149.000000,5699.000000,42735.000000
9193.000000,15141.000000,5681.000000,42983.000000
9186.000000,15183.000000,5709.000000,42744.000000
9171.000000,15163.000000,5713.000000,42741.000000
9190.000000,15157.000000,5717.000000,42720.000000
9200.000000,15175.000000,5689.000000,42776.000000
9192.000000,15133.000000,5689.000000,42740.000000
9162.000000,15172.000000,5694.000000,42723.000000
9136.000000,15141.000000,5667.000000,42706.000000
9156.000000,15131.000000,5673.000000,42732.000000
9151.000000,15127.000000,5662.000000,42745.000000
9154.000000,15115.000000,5655.000000,42731.000000
9124.000000,15116.000000,5646.000000,42710.000000
9140.000000,15133.000000,5657.000000,42742.000000
9094.000000,15115.000000,5652.000000,42705.000000
9119.000000,15111.000000,5620.000000,42690.000000
9098.000000,15111.000000,5647.000000,42707.000000
9077.000000,15054.000000,5609.000000,42701.000000
9096.000000,15054.000000,5597.000000,42648.000000
9053.000000,15070.000000,5570.000000,42693.000000
9056.000000,15045.000000,5591.000000,42658.000000
9046.000000,15094.000000,5567.000000,42665.000000
9078.000000,15056.000000,5564.000000,42657.000000
9030.000000,15032.000000,5566.000000,42631.000000
9029.000000,15014.000000,5549.000000,42637.000000
9012.000000,15051.000000,5539.000000,42656.000000
9010.000000,15022.000000,5557.000000,42645.000000
9024.000000,15031.000000,5539.000000,42654.000000
9031.000000,15056.000000,5533.000000,42621.000000
8991.000000,15054.000000,5556.000000,42633.000000
9034.000000,15049.000000,5562.000000,42652.000000
9005.000000,15060.000000,5521.000000,42657.000000
9041.000000,15034.000000,5579.000000,42662.000000
9078.000000,15051.000000,5570.000000,42637.000000
9032.000000,15075.000000,5563.000000,42691.000000
9046.000000,15063.000000,5582.000000,42675.000000
9087.000000,15071.000000,5574.000000,42665.000000
9103.000000,15116.000000,5611.000000,42687.000000
9107.000000,15088.000000,5625.000000,42675.000000
9098.000000,15087.000000,5618.000000,42753.000000
9117.000000,15096.000000,5635.000000,42723.000000
9152.000000,15127.000000,5670.000000,42727.000000
9178.000000,15129.000000,5661.000000,42732.000000
9211.000000,15171.000000,5710.000000,42738.000000
9193.000000,15181.000000,5737.000000,42751.000000
9244.000000,15179.000000,5776.000000,42815.000000
9266.000000,15207.000000,5781.000000,42810.000000
9315.000000,15259.000000,5807.000000,42780.000000
9348.000000,15307.000000,5860.000000,42848.000000
9359.000000,15289.000000,5874.000000,42832.000000
9407.000000,15333.000000,5903.000000,42871.000000
9432.000000,15355.000000,5944.000000,42892.000000
9479.000000,15421.000000,6005.000000,42901.000000
9522.000000,15434.000000,6012.000000,42967.000000
9564.000000,15426.000000,6036.000000,42962.000000
9632.000000,15501.000000,6125.000000,42981.000000
9651.000000,15533.000000,6129.000000,43012.000000
9683.000000,15535.000000,6153.000000,43000.000000
9715.000000,15550.000000,6175.000000,43044.000000
9760.000000,15594.000000,6215.000000,43069.000000
9822.000000,15616.000000,6270.000000,43101.000000
9844.000000,15650.000000,6290.000000,43100.000000
9844.000000,15629.000000,6346.000000,43113.000000
9878.000000,15679.000000,6321.000000,43120.000000
9881.000000,15703.000000,6351.000000,43115.000000
9893.000000,15693.000000,6340.000000,43147.000000
9907.000000,15679.000000,6343.000000,43124.000000
9914.000000,15703.000000,6345.000000,43161.000000
9908.000000,15707.000000,6370.000000,43158.000000
9891.000000,15721.000000,6376.000000,43150.000000
9879.000000,15679.000000,6340.000000,43125.000000
9892.000000,15695.000000,6330.000000,43170.000000
9890.000000,15717.000000,6324.000000,43137.000000
9878.000000,15669.000000,6325.000000,43116.000000
9858.000000,15631.000000,6295.000000,43109.000000
9866.000000,15677.000000,6318.000000,43122.000000
9827.000000,15633.000000,6268.000000,43096.000000
9875.000000,15633.000000,6285.000000,43111.000000
9819.000000,15643.000000,6283.000000,43119.000000
9810.000000,15619.000000,6277.000000,43066.000000
9795.000000,15641.000000,6262.000000,43064.000000
9821.000000,15629.000000,6260.000000,43099.000000
9805.000000,15610.000000,6241.000000,43071.000000
9794.000000,15576.000000,6213.000000,43042.000000
9779.000000,15603.000000,6240.000000,43069.000000
9743.000000,15578.000000,6188.000000,43051.000000
9763.000000,15598.000000,6228.000000,43059.000000
9745.000000,15578.000000,6186.000000,43062.000000
9765.000000,15580.000000,6201.000000,43039.000000
9713.000000,15569.000000,6205.000000,43029.000000
9727.000000,15583.000000,6164.000000,43040.000000
9709.000000,15570.000000,6124.000000,43025.000000
9712.000000,15525.000000,6183.000000,43032.000000
9690.000000,15527.000000,6144.000000,42995.000000
9678.000000,15561.000000,6184.000000,43017.000000
9687.000000,15535.000000,6127.000000,42996.000000
9671.000000,15506.000000,6114.000000,42995.000000
9659.000000,15506.000000,6080.000000,42999.000000
9648.000000,15503.000000,6129.000000,42997.000000
9622.000000,15466.000000,6068.000000,42977.000000
9626.000000,15522.000000,6101.000000,42993.000000
9583.000000,15474.000000,6064.000000,42994.000000
9579.000000,15479.000000,6077.000000,42955.000000
9597.000000,15446.000000,6073.000000,42955.000000
9580.000000,15423.000000,6037.000000,42920.000000
9587.000000,15461.000000,6075.000000,42951.000000
9527.000000,15413.000000,5977.000000,42964.000000
9523.000000,15430.000000,6009.000000,42927.000000
9539.000000,15432.000000,5983.000000,42929.000000
9499.000000,15401.000000,5995.000000,42919.000000
9507.000000,15399.000000,5963.000000,42921.000000
9522.000000,15409.000000,5973.000000,42912.000000
9496.000000,15381.000000,5947.000000,42924.000000
9453.000000,15364.000000,5948.000000,42871.000000
9477.000000,15355.000000,5940.000000,42867.000000
9446.000000,15361.000000,5913.000000,42871.000000
9479.000000,15351.000000,5889.000000,42871.000000
9413.000000,15315.000000,5904.000000,42879.000000
9396.000000,15315.000000,5880.000000,42861.000000
9404.000000,15316.000000,5884.000000,42844.000000
9358.000000,15300.000000,5820.000000,42828.000000
9396.000000,15316.000000,5876.000000,42832.000000
9354.000000,15307.000000,5882.000000,42831.000000
9367.000000,15283.000000,5830.000000,42840.000000
9335.000000,15267.000000,5829.000000,42803.000000
9387.000000,15300.000000,5852.000000,42843.000000
9360.000000,15261.000000,5851.000000,42877.000000
9310.000000,15255.000000,5814.000000,42796.000000
9378.000000,15291.000000,5818.000000,42799.000000
9298.000000,15253.000000,5783.000000,42824.000000
9325.000000,15239.000000,5799.000000,42811.000000
9301.000000,15255.000000,5808.000000,42780.000000
9313.000000,15236.000000,5771.000000,42784.000000
9305.000000,15215.000000,5776.000000,42792.000000
9298.000000,15268.000000,5758.000000,42831.000000
9302.000000,15249.000000,5787.000000,42819.000000
9291.000000,15235.000000,5792.000000,42777.000000
9278.000000,15232.000000,5774.000000,42799.000000
9298.000000,15264.000000,5774.000000,42791.000000
9257.000000,15239.000000,5779.000000,42804.000000
9277.000000,15235.000000,5761.000000,42793.000000
9272.000000,15205.000000,5745.000000,42819.000000
9267.000000,15208.000000,5753.000000,42792.000000
9249.000000,15217.000000,5755.000000,42793.000000
9237.000000,15179.000000,5740.000000,42762.000000
9268.000000,15195.000000,5756.000000,42759.000000
9227.000000,15197.000000,5717.000000,42795.000000
9213.000000,15167.000000,5716.000000,42740.000000
9179.000000,15191.000000,5731.000000,42760.000000
9192.000000,15180.000000,5692.000000,42739.000000
9171.000000,15187.000000,5683.000000,42757.000000
9169.000000,15137.000000,5657.000000,42723.000000
9164.000000,15137.000000,5642.000000,42741.000000
9136.000000,15123.000000,5646.000000,42713.000000
9156.000000,15136.000000,5604.000000,42735.000000
9132.000000,15103.000000,5637.000000,42740.000000
9132.000000,15102.000000,5655.000000,42725.000000
9132.000000,15101.000000,5671.000000,42707.000000
9121.000000,15091.000000,5608.000000,42678.000000
9107.000000,15115.000000,5637.000000,42727.000000
9119.000000,15359.000000,5637.000000,42721.000000
9158.000000,15120.000000,5644.000000,42725.000000
9147.000000,15131.000000,5654.000000,42704.000000
9161.000000,15141.000000,5686.000000,42724.000000
9175.000000,15119.000000,5676.000000,42742.000000
9186.000000,15153.000000,5688.000000,42744.000000
9173.000000,15145.000000,5676.000000,42777.000000
9232.000000,15164.000000,5692.000000,42772.000000
9225.000000,15179.000000,5727.000000,42788.000000
9233.000000,15171.000000,5716.000000,42805.000000
9262.000000,15211.000000,5747.000000,42780.000000
9265.000000,15215.000000,5759.000000,42780.000000
9299.000000,15245.000000,5796.000000,42840.000000
9309.000000,15236.000000,5796.000000,42823.000000
9335.000000,15249.000000,5843.000000,42844.000000
9409.000000,15297.000000,5862.000000,42839.000000
9406.000000,15324.000000,5897.000000,42829.000000
9417.000000,15341.000000,5940.000000,42887.000000
9450.000000,15327.000000,5947.000000,42913.000000
9492.000000,15365.000000,5991.000000,42918.000000
9523.000000,15400.000000,6009.000000,42953.000000
9585.000000,15431.000000,6047.000000,42967.000000
9642.000000,15450.000000,6082.000000,42991.000000
9624.000000,15495.000000,6114.000000,43004.000000
9702.000000,15529.000000,6158.000000,43050.000000
9716.000000,15575.000000,6193.000000,43039.000000
9812.000000,15592.000000,6248.000000,43085.000000
9816.000000,15635.000000,6258.000000,43107.000000
9819.000000,15635.000000,6314.000000,43142.000000
9884.000000,15659.000000,6328.000000,43150.000000
9914.000000,15683.000000,6371.000000,43143.000000
9948.000000,15703.000000,6405.000000,43194.000000
9968.000000,15719.000000,6409.000000,43177.000000
9994.000000,15743.000000,6421.000000,43180.000000
9984.000000,15791.000000,6457.000000,43217.000000
9996.000000,15763.000000,6474.000000,43217.000000
10001.000000,15780.000000,6476.000000,43229.000000
9989.000000,15771.000000,6431.000000,43215.000000
9957.000000,15735.000000,6431.000000,43177.000000
10018.000000,15769.000000,6480.000000,43202.000000
10001.000000,15763.000000,6445.000000,43181.000000
9975.000000,15767.000000,6433.000000,43165.000000
9952.000000,15769.000000,6432.000000,43177.000000
9947.000000,15752.000000,6421.000000,43174.000000
9967.000000,15771.000000,6400.000000,43206.000000
10192.000000,15697.000000,6382.000000,43164.000000
9961.000000,15725.000000,6406.000000,43165.000000
9911.000000,15719.000000,6341.000000,43161.000000
9926.000000,15727.000000,6366.000000,43140.000000
9922.000000,15725.000000,6365.000000,43142.000000
9896.000000,15671.000000,6344.000000,43113.000000
9889.000000,15692.000000,6309.000000,43135.000000
9889.000000,15692.000000,6329.000000,43126.000000
10125.000000,15656.000000,6349.000000,43126.000000
10113.000000,15681.000000,6331.000000,43123.000000
9878.000000,15652.000000,6315.000000,43133.000000
9864.000000,15657.000000,6280.000000,43126.000000
10103.000000,15648.000000,6266.000000,43108.000000
9837.000000,15633.000000,6305.000000,43095.000000
9839.000000,15667.000000,6285.000000,43090.000000
9831.000000,15612.000000,6270.000000,43096.000000
9840.000000,15632.000000,6248.000000,43066.000000
9786.000000,15635.000000,6241.000000,43083.000000
9782.000000,15604.000000,6223.000000,43087.000000
9816.000000,15607.000000,6269.000000,43075.000000
9775.000000,15625.000000,6251.000000,43071.000000
9739.000000,15565.000000,6209.000000,43053.000000
9744.000000,15583.000000,6211.000000,43053.000000
9732.000000,15583.000000,6185.000000,43048.000000
9741.000000,15587.000000,6207.000000,43066.000000
9715.000000,15557.000000,6170.000000,43042.000000
9747.000000,15554.000000,6155.000000,43053.000000
9719.000000,15549.000000,6147.000000,43050.000000
9704.000000,15532.000000,6142.000000,43023.000000
9675.000000,15517.000000,6108.000000,43014.000000
9709.000000,15513.000000,6108.000000,43025.000000
9656.000000,15487.000000,6107.000000,42990.000000
9650.000000,15478.000000,6062.000000,42977.000000
9629.000000,15491.000000,6118.000000,42989.000000
9608.000000,15473.000000,6073.000000,42987.000000
9611.000000,15494.000000,6046.000000,42973.000000
9611.000000,15445.000000,6043.000000,42979.000000
9584.000000,15461.000000,6037.000000,42931.000000
9555.000000,15451.000000,6046.000000,42956.000000
9585.000000,15445.000000,6015.000000,42940.000000
9562.000000,15406.000000,6019.000000,42925.000000
9545.000000,15380.000000,6007.000000,42939.000000
9521.000000,15407.000000,6013.000000,42917.000000
9511.000000,15386.000000,6002.000000,42919.000000
9537.000000,15402.000000,6000.000000,42920.000000
9477.000000,15360.000000,5965.000000,42959.000000
9515.000000,15382.000000,5938.000000,42879.000000
9494.000000,15400.000000,5982.000000,42925.000000
9482.000000,15347.000000,5975.000000,42920.000000
9475.000000,15347.000000,5946.000000,42873.000000
9455.000000,15336.000000,5933.000000,42899.000000
9445.000000,15322.000000,5935.000000,42921.000000
9445.000000,15347.000000,5934.000000,42888.000000
9404.000000,15334.000000,5887.000000,42882.000000
9446.000000,15332.000000,5903.000000,42896.000000
9424.000000,15348.000000,5917.000000,42875.000000
9428.000000,15337.000000,5903.000000,42855.000000
9418.000000,15336.000000,5881.000000,42891.000000
9421.000000,15331.000000,5918.000000,42869.000000
9398.000000,15293.000000,5880.000000,42873.000000
9424.000000,15275.000000,5864.000000,42880.000000
9394.000000,15323.000000,5907.000000,42871.000000
9389.000000,15331.000000,5883.000000,42896.000000
9431.000000,15327.000000,5888.000000,42867.000000
9389.000000,15315.000000,5902.000000,42885.000000
9403.000000,15278.000000,5848.000000,42851.000000
9371.000000,15288.000000,5881.000000,42881.000000
9355.000000,15279.000000,5865.000000,42859.000000
9384.000000,15291.000000,5850.000000,42847.000000
9360.000000,15311.000000,5839.000000,42857.000000
9366.000000,15273.000000,5834.000000,42857.000000
9349.000000,15275.000000,5826.000000,42861.000000
9336.000000,15251.000000,5809.000000,42823.000000
9319.000000,15253.000000,5832.000000,42814.000000
9298.000000,15253.000000,5787.000000,42812.000000
9314.000000,15247.000000,5800.000000,42820.000000
9279.000000,15223.000000,5798.000000,42822.000000
9275.000000,15207.000000,5792.000000,42793.000000
9263.000000,15207.000000,5781.000000,42800.000000
9279.000000,15219.000000,5745.000000,42787.000000
9260.000000,15203.000000,5738.000000,42812.000000
9225.000000,15199.000000,5725.000000,42819.000000
9259.000000,15223.000000,5744.000000,42799.000000
9248.000000,15223.000000,5757.000000,42787.000000
9275.000000,15193.000000,5733.000000,42787.000000
9283.000000,15223.000000,5756.000000,42791.000000
9267.000000,15187.000000,5757.000000,42803.000000
9298.000000,15216.000000,5754.000000,42804.000000
9259.000000,15211.000000,5775.000000,42827.000000
9275.000000,15223.000000,5795.000000,42787.000000
9281.000000,15235.000000,5802.000000,42819.000000
9289.000000,15237.000000,5799.000000,42820.000000
9320.000000,15217.000000,5816.000000,42811.000000
9317.000000,15245.000000,5844.000000,42852.000000
9356.000000,15257.000000,5849.000000,42839.000000
9376.000000,15288.000000,5869.000000,42845.000000
9352.000000,15283.000000,5904.000000,42835.000000
9383.000000,15319.000000,5895.000000,42883.000000
9428.000000,15308.000000,5915.000000,42908.000000
9428.000000,15360.000000,5929.000000,42907.000000
9441.000000,15347.000000,5929.000000,42901.000000
9469.000000,15384.000000,5977.000000,42925.000000
9540.000000,15403.000000,6013.000000,42980.000000
9529.000000,15443.000000,6063.000000,42963.000000
9582.000000,15442.000000,6084.000000,42985.000000
9612.000000,15477.000000,6118.000000,43041.000000
9637.000000,15477.000000,6145.000000,43008.000000
9673.000000,15513.000000,6191.000000,43077.000000
9727.000000,15593.000000,6206.000000,43075.000000
9778.000000,15614.000000,6236.000000,43095.000000
9799.000000,15617.000000,6293.000000,43104.000000
9839.000000,15640.000000,6321.000000,43126.000000
9895.000000,15684.000000,6366.000000,43154.000000
9918.000000,15715.000000,6384.000000,43181.000000
9962.000000,15751.000000,6433.000000,43192.000000
9995.000000,15736.000000,6419.000000,43193.000000
9991.000000,15776.000000,6446.000000,43195.000000
10017.000000,15795.000000,6474.000000,43231.000000
10027.000000,15787.000000,6485.000000,43239.000000
10043.000000,15811.000000,6502.000000,43229.000000
10060.000000,15799.000000,6482.000000,43236.000000
10068.000000,15798.000000,6481.000000,43239.000000
10041.000000,15788.000000,6496.000000,43232.000000
10013.000000,15781.000000,6477.000000,43223.000000
10042.000000,15808.000000,6500.000000,43248.000000
10038.000000,15761.000000,6450.000000,43213.000000
10054.000000,15771.000000,6471.000000,43234.000000
9970.000000,15791.000000,6461.000000,43224.000000
9996.000000,15776.000000,6442.000000,43183.000000
9975.000000,15785.000000,6450.000000,43222.000000
9993.000000,15753.000000,6437.000000,43229.000000
9986.000000,15740.000000,6392.000000,43173.000000
9950.000000,15751.000000,6396.000000,43186.000000
9927.000000,15720.000000,6376.000000,43163.000000
9924.000000,15723.000000,6397.000000,43147.000000
9941.000000,15712.000000,6405.000000,43181.000000
9901.000000,15701.000000,6369.000000,43145.000000
9918.000000,15681.000000,6368.000000,43161.000000
9916.000000,15695.000000,6355.000000,43147.000000
9920.000000,15652.000000,6360.000000,43144.000000
9896.000000,15727.000000,6354.000000,43176.000000
9856.000000,15673.000000,6314.000000,43128.000000
9889.000000,15659.000000,6327.000000,43128.000000
9860.000000,15663.000000,6303.000000,43137.000000
9848.000000,15651.000000,6325.000000,43138.000000
9833.000000,15632.000000,6311.000000,43135.000000
9820.000000,15651.000000,6313.000000,43118.000000
9817.000000,15623.000000,6283.000000,43121.000000
9798.000000,15615.000000,6275.000000,43101.000000
10047.000000,15586.000000,6238.000000,43115.000000
9785.000000,15566.000000,6256.000000,43089.000000
9787.000000,15604.000000,6234.000000,43093.000000
9765.000000,15619.000000,6221.000000,43081.000000
9749.000000,15568.000000,6218.000000,43094.000000
9764.000000,15609.000000,6219.000000,43066.000000
9746.000000,15548.000000,6186.000000,43053.000000
9714.000000,15573.000000,6199.000000,43085.000000
9730.000000,15550.000000,6159.000000,43044.000000
9705.000000,15556.000000,6149.000000,43056.000000
9713.000000,15536.000000,6189.000000,43053.000000
9651.000000,15524.000000,6129.000000,43016.000000
9674.000000,15524.000000,6117.000000,43029.000000
9679.000000,15516.000000,6146.000000,43012.000000
9645.000000,15488.000000,6108.000000,43008.000000
9620.000000,15459.000000,6107.000000,42999.000000
9652.000000,15443.000000,6083.000000,42994.000000
9618.000000,15485.000000,6090.000000,43020.000000
9595.000000,15416.000000,6083.000000,42963.000000
9555.000000,15418.000000,6083.000000,42991.000000
9581.000000,15440.000000,6058.000000,42969.000000
9549.000000,15449.000000,6068.000000,42976.000000
9522.000000,15427.000000,6023.000000,42980.000000
9518.000000,15381.000000,5999.000000,42937.000000
9549.000000,15411.000000,6015.000000,42955.000000
9519.000000,15399.000000,6009.000000,42939.000000
9511.000000,15371.000000,5987.000000,42915.000000
9499.000000,15370.000000,5972.000000,42947.000000
9487.000000,15372.000000,5952.000000,42930.000000
9507.000000,15363.000000,6009.000000,42929.000000
9479.000000,15325.000000,5934.000000,42905.000000
9480.000000,15351.000000,5947.000000,42905.000000
9454.000000,15336.000000,5937.000000,42916.000000
9435.000000,15353.000000,5946.000000,42928.000000
9439.000000,15355.000000,5942.000000,42884.000000
9435.000000,15335.000000,5938.000000,42885.000000
9433.000000,15331.000000,5948.000000,42916.000000
9430.000000,15291.000000,5919.000000,42890.000000
9436.000000,15335.000000,5887.000000,42891.000000
9440.000000,15303.000000,5909.000000,42905.000000
9427.000000,15348.000000,5913.000000,42882.000000
9414.000000,15279.000000,5887.000000,42901.000000
9403.000000,15289.000000,5904.000000,42872.000000
9400.000000,15308.000000,5917.000000,42886.000000
9377.000000,15312.000000,5864.000000,42871.000000
9429.000000,15297.000000,5899.000000,42880.000000
9392.000000,15317.000000,5898.000000,42875.000000
9395.000000,15304.000000,5862.000000,42879.000000
9392.000000,15289.000000,5856.000000,42849.000000
9393.000000,15296.000000,5862.000000,42861.000000
9351.000000,15261.000000,5853.000000,42861.000000
9332.000000,15256.000000,5823.000000,42853.000000
9345.000000,15284.000000,5827.000000,42833.000000
9315.000000,15219.000000,5809.000000,42851.000000
9352.000000,15235.000000,5812.000000,42849.000000
9300.000000,15240.000000,5786.000000,42823.000000
9299.000000,15224.000000,5788.000000,42815.000000
9317.000000,15220.000000,5808.000000,42831.000000
9299.000000,15211.000000,5779.000000,42813.000000
9262.000000,15215.000000,5753.000000,42798.000000
9263.000000,15207.000000,5760.000000,42841.000000
9264.000000,15169.000000,5757.000000,42786.000000
9304.000000,15209.000000,5788.000000,42809.000000
9286.000000,15197.000000,5778.000000,42810.000000
9313.000000,15195.000000,5771.000000,42804.000000
9273.000000,15217.000000,5783.000000,42800.000000
9309.000000,15239.000000,5793.000000,42847.000000
9301.000000,15228.000000,5774.000000,42819.000000
9339.000000,15221.000000,5790.000000,42819.000000
9318.000000,15247.000000,5787.000000,42857.000000
9304.000000,15232.000000,5821.000000,42822.000000
9332.000000,15256.000000,5828.000000,42868.000000
9362.000000,15267.000000,5842.000000,42861.000000
9379.000000,15281.000000,5858.000000,42858.000000
9369.000000,15283.000000,5867.000000,42892.000000
9413.000000,15307.000000,5879.000000,42861.000000
9420.000000,15313.000000,5911.000000,42899.000000
9431.000000,15304.000000,5935.000000,42895.000000
9475.000000,15320.000000,5943.000000,42919.000000
9463.000000,15372.000000,5957.000000,42946.000000
9513.000000,15371.000000,5987.000000,42935.000000
9534.000000,15425.000000,6018.000000,42970.000000
9581.000000,15415.000000,6041.000000,43011.000000
9590.000000,15429.000000,6093.000000,42983.000000
9647.000000,15479.000000,6102.000000,43025.000000
9662.000000,15510.000000,6140.000000,43064.000000
9719.000000,15531.000000,6182.000000,43048.000000
9757.000000,15530.000000,6217.000000,43094.000000
9781.000000,15581.000000,6258.000000,43108.000000
9832.000000,15609.000000,6291.000000,43119.000000
9885.000000,15668.000000,6338.000000,43172.000000
9894.000000,15675.000000,6357.000000,43154.000000
9966.000000,15691.000000,6393.000000,43169.000000
9941.000000,15773.000000,6454.000000,43224.000000
10018.000000,15785.000000,6452.000000,43197.000000
10040.000000,15824.000000,6483.000000,43247.000000
10083.000000,15799.000000,6524.000000,43239.000000
10114.000000,15823.000000,6530.000000,43258.000000
10082.000000,15816.000000,6524.000000,43281.000000
10127.000000,15865.000000,6564.000000,43263.000000
10120.000000,15817.000000,6584.000000,43317.000000
10131.000000,15855.000000,6556.000000,43283.000000
10125.000000,15853.000000,6551.000000,43280.000000
10117.000000,15836.000000,6553.000000,43283.000000
10132.000000,15845.000000,6530.000000,43277.000000
10144.000000,15823.000000,6536.000000,43249.000000
10090.000000,15833.000000,6531.000000,43265.000000
10072.000000,15829.000000,6541.000000,43251.000000
10113.000000,15829.000000,6516.000000,43263.000000
10076.000000,15804.000000,6530.000000,43271.000000
10073.000000,15800.000000,6509.000000,43235.000000
10051.000000,15799.000000,6515.000000,43250.000000
10020.000000,15805.000000,6488.000000,43256.000000
10055.000000,15809.000000,6504.000000,43241.000000
10057.000000,15776.000000,6488.000000,43221.000000
10035.000000,15780.000000,6459.000000,43220.000000
10000.000000,15776.000000,6441.000000,43234.000000
10007.000000,15773.000000,6461.000000,43217.000000
10043.000000,15791.000000,6467.000000,43237.000000
9980.000000,15731.000000,6434.000000,43179.000000
10002.000000,15756.000000,6413.000000,43210.000000
9950.000000,15733.000000,6389.000000,43210.000000
9921.000000,15723.000000,6412.000000,43181.000000
9925.000000,15716.000000,6392.000000,43212.000000
9954.000000,15713.000000,6426.000000,43157.000000
9906.000000,15697.000000,6381.000000,43172.000000
9930.000000,15688.000000,6367.000000,43153.000000
9918.000000,15700.000000,6334.000000,43190.000000
9887.000000,15667.000000,6343.000000,43166.000000
9906.000000,15703.000000,6366.000000,43138.000000
9881.000000,15665.000000,6325.000000,43151.000000
9868.000000,15668.000000,6310.000000,43130.000000
9863.000000,15655.000000,6305.000000,43150.000000
9846.000000,15623.000000,6267.000000,43111.000000
9856.000000,15665.000000,6286.000000,43128.000000
9836.000000,15623.000000,6256.000000,43109.000000
9843.000000,15635.000000,6258.000000,43120.000000
9798.000000,15643.000000,6273.000000,43104.000000
9814.000000,15573.000000,6269.000000,43107.000000
9782.000000,15573.000000,6245.000000,43073.000000
9753.000000,15561.000000,6224.000000,43082.000000
9771.000000,15566.000000,6204.000000,43060.000000
9730.000000,15551.000000,6180.000000,43063.000000
9732.000000,15571.000000,6188.000000,43059.000000
9745.000000,15532.000000,6162.000000,43059.000000
9708.000000,15528.000000,6162.000000,43049.000000
9729.000000,15554.000000,6166.000000,43056.000000
9711.000000,15523.000000,6160.000000,43017.000000
9658.000000,15517.000000,6133.000000,43019.000000
9657.000000,15515.000000,6132.000000,43011.000000
9668.000000,15483.000000,6115.000000,43040.000000
9659.000000,15485.000000,6100.000000,43019.000000
9635.000000,15479.000000,6078.000000,42999.000000
9650.000000,15490.000000,6103.000000,43019.000000
9604.000000,15452.000000,6087.000000,43007.000000
9609.000000,15433.000000,6088.000000,42984.000000
9582.000000,15452.000000,6049.000000,42991.000000
9587.000000,15412.000000,6028.000000,42979.000000
9574.000000,15413.000000,6050.000000,42976.000000
9543.000000,15415.000000,6021.000000,42984.000000
9532.000000,15391.000000,5991.000000,42956.000000
9532.000000,15407.000000,6013.000000,42973.000000
9530.000000,15385.000000,5998.000000,42958.000000
9553.000000,15393.000000,6020.000000,42944.000000
9559.000000,15388.000000,5995.000000,42936.000000
9473.000000,15391.000000,5993.000000,42901.000000
9543.000000,15415.000000,6003.000000,42955.000000
9524.000000,15407.000000,5960.000000,42955.000000
9514.000000,15363.000000,5983.000000,42924.000000
9506.000000,15391.000000,5988.000000,42969.000000
9531.000000,15399.000000,5975.000000,42934.000000
9499.000000,15380.000000,5999.000000,42942.000000
9477.000000,15380.000000,5947.000000,42961.000000
9503.000000,15362.000000,5968.000000,42932.000000
9493.000000,15373.000000,5978.000000,42924.000000
9512.000000,15400.000000,5978.000000,42901.000000
9457.000000,15339.000000,5983.000000,42935.000000
9454.000000,15372.000000,5940.000000,42922.000000
9440.000000,15329.000000,5941.000000,42941.000000
9456.000000,15305.000000,5943.000000,42915.000000
9435.000000,15352.000000,5932.000000,42923.000000
9441.000000,15341.000000,5922.000000,42887.000000
9432.000000,15317.000000,5903.000000,42877.000000
9402.000000,15295.000000,5905.000000,42900.000000
9376.000000,15322.000000,5906.000000,42879.000000
9387.000000,15295.000000,5839.000000,42877.000000
9391.000000,15280.000000,5875.000000,42855.000000
9362.000000,15269.000000,5849.000000,42884.000000
9385.000000,15257.000000,5872.000000,42872.000000
9332.000000,15240.000000,5836.000000,42884.000000
9379.000000,15256.000000,5860.000000,42857.000000
9374.000000,15269.000000,5836.000000,42819.000000
9310.000000,15247.000000,5834.000000,42828.000000
9368.000000,15281.000000,5850.000000,42848.000000
9354.000000,15240.000000,5852.000000,42843.000000
9338.000000,15273.000000,5848.000000,42860.000000
9360.000000,15256.000000,5838.000000,42893.000000
9385.000000,15288.000000,5868.000000,42869.000000
9388.000000,15272.000000,5867.000000,42890.000000
9399.000000,15299.000000,5898.000000,42903.000000
9414.000000,15313.000000,5917.000000,42895.000000
9414.000000,15335.000000,5890.000000,42888.000000
9438.000000,15311.000000,5907.000000,42927.000000
9460.000000,15359.000000,5936.000000,42903.000000
9428.000000,15325.000000,5938.000000,42951.000000
9463.000000,15333.000000,5963.000000,42919.000000
9548.000000,15373.000000,5967.000000,42941.000000
9483.000000,15383.000000,5994.000000,42977.000000
9533.000000,15339.000000,6010.000000,42927.000000
9537.000000,15418.000000,6023.000000,42983.000000
9573.000000,15418.000000,6067.000000,42997.000000
9623.000000,15453.000000,6080.000000,43016.000000
9632.000000,15466.000000,6108.000000,42999.000000
9695.000000,15489.000000,6129.000000,43038.000000
9731.000000,15519.000000,6167.000000,43076.000000
9732.000000,15547.000000,6177.000000,43074.000000
9796.000000,15597.000000,6224.000000,43093.000000
9813.000000,15593.000000,6261.000000,43121.000000
9838.000000,15625.000000,6285.000000,43129.000000
9910.000000,15679.000000,6356.000000,43148.000000
9937.000000,15692.000000,6397.000000,43213.000000
9960.000000,15775.000000,6456.000000,43187.000000
10012.000000,15760.000000,6478.000000,43225.000000
10043.000000,15812.000000,6513.000000,43261.000000
10076.000000,15785.000000,6531.000000,43256.000000
10113.000000,15839.000000,6530.000000,43271.000000
10134.000000,15861.000000,6617.000000,43288.000000
10179.000000,15898.000000,6604.000000,43320.000000
10210.000000,15897.000000,6627.000000,43363.000000
10188.000000,15910.000000,6624.000000,43292.000000
10216.000000,15898.000000,6638.000000,43327.000000
10205.000000,15922.000000,6630.000000,43355.000000
10240.000000,15922.000000,6641.000000,43316.000000
10184.000000,15903.000000,6675.000000,43347.000000
10181.000000,15900.000000,6651.000000,43319.000000
10182.000000,15900.000000,6629.000000,43312.000000
10200.000000,16179.000000,6627.000000,43324.000000
10163.000000,15888.000000,6620.000000,43309.000000
10168.000000,16129.000000,6614.000000,43299.000000
10136.000000,15859.000000,6570.000000,43291.000000
10148.000000,15860.000000,6609.000000,43284.000000
10135.000000,15871.000000,6537.000000,43279.000000
10160.000000,15837.000000,6556.000000,43274.000000
10141.000000,15827.000000,6551.000000,43249.000000
10151.000000,15831.000000,6549.000000,43263.000000
10113.000000,15836.000000,6532.000000,43265.000000
10097.000000,15809.000000,6524.000000,43254.000000
10108.000000,15840.000000,6555.000000,43284.000000
10084.000000,15787.000000,6499.000000,43244.000000
10051.000000,15803.000000,6501.000000,43255.000000
10067.000000,15816.000000,6485.000000,43250.000000
10060.000000,15763.000000,6486.000000,43236.000000
10048.000000,15815.000000,6495.000000,43252.000000
10037.000000,15779.000000,6482.000000,43241.000000
10027.000000,15779.000000,6466.000000,43243.000000
9999.000000,15768.000000,6461.000000,43223.000000
9997.000000,15793.000000,6472.000000,43213.000000
9976.000000,15741.000000,6443.000000,43199.000000
9989.000000,15771.000000,6415.000000,43210.000000
9971.000000,15744.000000,6422.000000,43236.000000
9973.000000,15732.000000,6415.000000,43190.000000
9939.000000,15731.000000,6414.000000,43194.000000
9959.000000,15685.000000,6404.000000,43170.000000
9939.000000,15697.000000,6391.000000,43174.000000
9911.000000,15695.000000,6393.000000,43182.000000
9967.000000,15689.000000,6393.000000,43185.000000
10167.000000,15675.000000,6354.000000,43155.000000
9913.000000,15667.000000,6330.000000,43160.000000
9930.000000,15675.000000,6345.000000,43148.000000
10115.000000,15671.000000,6348.000000,43169.000000
9865.000000,15671.000000,6343.000000,43158.000000
9862.000000,15631.000000,6290.000000,43138.000000
9830.000000,15637.000000,6327.000000,43120.000000
9842.000000,15635.000000,6273.000000,43127.000000
9836.000000,15631.000000,6263.000000,43115.000000
9842.000000,15593.000000,6253.000000,43141.000000
9816.000000,15541.000000,6214.000000,43098.000000
9749.000000,15599.000000,6223.000000,43098.000000
9761.000000,15563.000000,6242.000000,43073.000000
9790.000000,15591.000000,6220.000000,43088.000000
9762.000000,15577.000000,6208.000000,43091.000000
9766.000000,15545.000000,6192.000000,43070.000000
9730.000000,15564.000000,6205.000000,43088.000000
9707.000000,15568.000000,6197.000000,43086.000000
9734.000000,15553.000000,6201.000000,43065.000000
9720.000000,15511.000000,6144.000000,43046.000000
9692.000000,15520.000000,6151.000000,43060.000000
9686.000000,15500.000000,6149.000000,43044.000000
9690.000000,15479.000000,6128.000000,43028.000000
9660.000000,15498.000000,6132.000000,43030.000000
9654.000000,15500.000000,6122.000000,43009.000000
9673.000000,15504.000000,6126.000000,43022.000000
9628.000000,15474.000000,6117.000000,43012.000000
9659.000000,15492.000000,6141.000000,42991.000000
9646.000000,15462.000000,6103.000000,43010.000000
9644.000000,15458.000000,6085.000000,43000.000000
9647.000000,15443.000000,6070.000000,42984.000000
9620.000000,15454.000000,6096.000000,43013.000000
9643.000000,15479.000000,6085.000000,43023.000000
9595.000000,15423.000000,6088.000000,43015.000000
9611.000000,15454.000000,6081.000000,43009.000000
9628.000000,15444.000000,6086.000000,43028.000000
9611.000000,15417.000000,6057.000000,42990.000000
9611.000000,15437.000000,6067.000000,42984.000000
9610.000000,15441.000000,6050.000000,42989.000000
9600.000000,15445.000000,6029.000000,42999.000000
9623.000000,15443.000000,6064.000000,42963.000000
9589.000000,15410.000000,6068.000000,42968.000000
9591.000000,15436.000000,6048.000000,42993.000000
9578.000000,15415.000000,5995.000000,42961.000000
9564.000000,15411.000000,6009.000000,42956.000000
9535.000000,15388.000000,6001.000000,42967.000000
9527.000000,15391.000000,6000.000000,42967.000000
9519.000000,15360.000000,6000.000000,42951.000000
9526.000000,15381.000000,5988.000000,42959.000000
9495.000000,15333.000000,5948.000000,42939.000000
9509.000000,15346.000000,5958.000000,42935.000000
9462.000000,15363.000000,5949.000000,42947.000000
9481.000000,15335.000000,5912.000000,42915.000000
9475.000000,15327.000000,5962.000000,42915.000000
9461.000000,15359.000000,5944.000000,42931.000000
9451.000000,15359.000000,5927.000000,42933.000000
9478.000000,15335.000000,5930.000000,42932.000000
9494.000000,15327.000000,5957.000000,42940.000000
9462.000000,15347.000000,5907.000000,42918.000000
9461.000000,15363.000000,5939.000000,42933.000000
9521.000000,15347.000000,5977.000000,42971.000000
9500.000000,15343.000000,5975.000000,42911.000000
9484.000000,15347.000000,5949.000000,42949.000000
9532.000000,15355.000000,5972.000000,42937.000000
9523.000000,15381.000000,5982.000000,42938.000000
9536.000000,15394.000000,5979.000000,42957.000000
9551.000000,15375.000000,5999.000000,42957.000000
9590.000000,15420.000000,6007.000000,42960.000000
9589.000000,15432.000000,6040.000000,42976.000000
9642.000000,15450.000000,6082.000000,42984.000000
9612.000000,15456.000000,6068.000000,42996.000000
9638.000000,15481.000000,6067.000000,42997.000000
9636.000000,15437.000000,6104.000000,43029.000000
9697.000000,15460.000000,6122.000000,43035.000000
9684.000000,15491.000000,6151.000000,43072.000000
9723.000000,15550.000000,6199.000000,43076.000000
9750.000000,15554.000000,6222.000000,43097.000000
9776.000000,15604.000000,6239.000000,43123.000000
9833.000000,15591.000000,6258.000000,43109.000000
9856.000000,15631.000000,6286.000000,43140.000000
9870.000000,15631.000000,6346.000000,43154.000000
9904.000000,15679.000000,6373.000000,43188.000000
9961.000000,15715.000000,6397.000000,43206.000000
10011.000000,15735.000000,6450.000000,43210.000000
9999.000000,15735.000000,6493.000000,43231.000000
10112.000000,15787.000000,6510.000000,43246.000000
10109.000000,15833.000000,6530.000000,43281.000000
10157.000000,15855.000000,6568.000000,43324.000000
10176.000000,15872.000000,6603.000000,43320.000000
10187.000000,15904.000000,6614.000000,43347.000000
10248.000000,16159.000000,6678.000000,43352.000000
10254.000000,16167.000000,6692.000000,43359.000000
10250.000000,15947.000000,6665.000000,43379.000000
10292.000000,15963.000000,6737.000000,43381.000000
10278.000000,15946.000000,6701.000000,43371.000000
10308.000000,15950.000000,6677.000000,43387.000000
10311.000000,15978.000000,6701.000000,43409.000000
10302.000000,15968.000000,6702.000000,43343.000000
10328.000000,15968.000000,6698.000000,43360.000000
10292.000000,16211.000000,6709.000000,43359.000000
10288.000000,16243.000000,6671.000000,43356.000000
10283.000000,15931.000000,6678.000000,43335.000000
10272.000000,16211.000000,6673.000000,43347.000000
10283.000000,15948.000000,6654.000000,43367.000000
10248.000000,15929.000000,6658.000000,43333.000000
10236.000000,15933.000000,6662.000000,43344.000000
10243.000000,16171.000000,6675.000000,43351.000000
10222.000000,15880.000000,6624.000000,43312.000000
10236.000000,15909.000000,6613.000000,43324.000000
10222.000000,15872.000000,6609.000000,43305.000000
10189.000000,15884.000000,6608.000000,43285.000000
10231.000000,15896.000000,6615.000000,43329.000000
10211.000000,15876.000000,6590.000000,43305.000000
10183.000000,16133.000000,6611.000000,43320.000000
10167.000000,15859.000000,6575.000000,43312.000000
10186.000000,15875.000000,6580.000000,43280.000000
10149.000000,15841.000000,6575.000000,43300.000000
10170.000000,15835.000000,6554.000000,43292.000000
10125.000000,15833.000000,6553.000000,43274.000000
10153.000000,15823.000000,6531.000000,43269.000000
10127.000000,15852.000000,6520.000000,43254.000000
10118.000000,15832.000000,6544.000000,43253.000000
10107.000000,15819.000000,6537.000000,43267.000000
10118.000000,15796.000000,6514.000000,43271.000000
10123.000000,15811.000000,6491.000000,43248.000000
10087.000000,15787.000000,6491.000000,43267.000000
10067.000000,15787.000000,6491.000000,43237.000000
10070.000000,15803.000000,6494.000000,43236.000000
10036.000000,15779.000000,6462.000000,43222.000000
10061.000000,15764.000000,6472.000000,43254.000000
10015.000000,15747.000000,6440.000000,43216.000000
10029.000000,15772.000000,6462.000000,43232.000000
9980.000000,15719.000000,6403.000000,43196.000000
9981.000000,15743.000000,6393.000000,43201.000000
9975.000000,15739.000000,6407.000000,43184.000000
9938.000000,15737.000000,6402.000000,43192.000000
9975.000000,15693.000000,6398.000000,43192.000000
9976.000000,15696.000000,6381.000000,43210.000000
9953.000000,15685.000000,6388.000000,43183.000000
9913.000000,15703.000000,6323.000000,43180.000000
9940.000000,15671.000000,6370.000000,43188.000000
9898.000000,15643.000000,6332.000000,43186.000000
9890.000000,15660.000000,6319.000000,43161.000000
9883.000000,15634.000000,6324.000000,43147.000000
9853.000000,15648.000000,6303.000000,43153.000000
9878.000000,15667.000000,6299.000000,43158.000000
9840.000000,15599.000000,6255.000000,43127.000000
9836.000000,15612.000000,6263.000000,43121.000000
9799.000000,15599.000000,6269.000000,43097.000000
9835.000000,15600.000000,6245.000000,43107.000000
9808.000000,15605.000000,6274.000000,43127.000000
9791.000000,15585.000000,6244.000000,43086.000000
9830.000000,15569.000000,6225.000000,43095.000000
9799.000000,15590.000000,6226.000000,43119.000000
9806.000000,15579.000000,6231.000000,43109.000000
9813.000000,15570.000000,6253.000000,43091.000000
9765.000000,15593.000000,6223.000000,43094.000000
9797.000000,15551.000000,6209.000000,43085.000000
9788.000000,15562.000000,6238.000000,43086.000000
9739.000000,15537.000000,6206.000000,43075.000000
9770.000000,15542.000000,6213.000000,43108.000000
9740.000000,15546.000000,6212.000000,43083.000000
9756.000000,15561.000000,6184.000000,43062.000000
9756.000000,15562.000000,6214.000000,43080.000000
9777.000000,15533.000000,6224.000000,43086.000000
9773.000000,15552.000000,6185.000000,43055.000000
9734.000000,15514.000000,6204.000000,43068.000000
9738.000000,15563.000000,6174.000000,43078.000000
9741.000000,15527.000000,6158.000000,43047.000000
9736.000000,15535.000000,6196.000000,43068.000000
9720.000000,15530.000000,6199.000000,43075.000000
9731.000000,15522.000000,6155.000000,43066.000000
9722.000000,15510.000000,6174.000000,43036.000000
9691.000000,15492.000000,6166.000000,43067.000000
9717.000000,15469.000000,6135.000000,43018.000000
9736.000000,15486.000000,6154.000000,43069.000000
9684.000000,15483.000000,6119.000000,43036.000000
9656.000000,15470.000000,6125.000000,43009.000000
9666.000000,15492.000000,6093.000000,43033.000000
9630.000000,15441.000000,6075.000000,43003.000000
9625.000000,15470.000000,6092.000000,43031.000000
9620.000000,15463.000000,6059.000000,43019.000000
9588.000000,15432.000000,6063.000000,43007.000000
9595.000000,15452.000000,6045.000000,43003.000000
9594.000000,15424.000000,6040.000000,42976.000000
9607.000000,15416.000000,6047.000000,43007.000000
9602.000000,15438.000000,6045.000000,42997.000000
9588.000000,15445.000000,6056.000000,42999.000000
9590.000000,15451.000000,6046.000000,42991.000000
9611.000000,15437.000000,6046.000000,42983.000000
9621.000000,15457.000000,6053.000000,42984.000000
9610.000000,15479.000000,6064.000000,43019.000000
9619.000000,15442.000000,6064.000000,42993.000000
9660.000000,15461.000000,6065.000000,43017.000000
9621.000000,15476.000000,6108.000000,43009.000000
9650.000000,15461.000000,6083.000000,42994.000000
9616.000000,15469.000000,6107.000000,43012.000000
9678.000000,15466.000000,6121.000000,43003.000000
9688.000000,15529.000000,6147.000000,43066.000000
9691.000000,15493.000000,6166.000000,43048.000000
9720.000000,15499.000000,6166.000000,43061.000000
9712.000000,15521.000000,6144.000000,43106.000000
9747.000000,15551.000000,6197.000000,43059.000000
9791.000000,15579.000000,6213.000000,43077.000000
9792.000000,15611.000000,6240.000000,43108.000000
9801.000000,15557.000000,6270.000000,43130.000000
9849.000000,15613.000000,6270.000000,43131.000000
9866.000000,15645.000000,6322.000000,43155.000000
9919.000000,15655.000000,6364.000000,43197.000000
9921.000000,15715.000000,6388.000000,43193.000000
9975.000000,15708.000000,6416.000000,43239.000000
10015.000000,15759.000000,6434.000000,43213.000000
10036.000000,15747.000000,6505.000000,43258.000000
10079.000000,15804.000000,6527.000000,43281.000000
10115.000000,15812.000000,6560.000000,43292.000000
10158.000000,15835.000000,6586.000000,43301.000000
10210.000000,15884.000000,6630.000000,43338.000000
10244.000000,15905.000000,6656.000000,43315.000000
10264.000000,15911.000000,6675.000000,43356.000000
10292.000000,16220.000000,6699.000000,43364.000000
10283.000000,15995.000000,6755.000000,43415.000000
10283.000000,15999.000000,6711.000000,43389.000000
10319.000000,15963.000000,6705.000000,43392.000000
10337.000000,16015.000000,6760.000000,43425.000000
10345.000000,16004.000000,6744.000000,43369.000000
10354.000000,15992.000000,6764.000000,43413.000000
10341.000000,15991.000000,6770.000000,43413.000000
10336.000000,15970.000000,6748.000000,43407.000000
10322.000000,15948.000000,6753.000000,43416.000000
10304.000000,15972.000000,6727.000000,43366.000000
10307.000000,15946.000000,6725.000000,43369.000000
10296.000000,15974.000000,6700.000000,43390.000000
10309.000000,15964.000000,6706.000000,43384.000000
10285.000000,15959.000000,6691.000000,43375.000000
10271.000000,16179.000000,6641.000000,43351.000000
10305.000000,15953.000000,6676.000000,43376.000000
10265.000000,15899.000000,6676.000000,43337.000000
10225.000000,15930.000000,6662.000000,43336.000000
10261.000000,15942.000000,6649.000000,43375.000000
10260.000000,15884.000000,6647.000000,43345.000000
10232.000000,15917.000000,6632.000000,43321.000000
10203.000000,15904.000000,6632.000000,43320.000000
10231.000000,15873.000000,6603.000000,43330.000000
10214.000000,15875.000000,6573.000000,43311.000000
10183.000000,15892.000000,6583.000000,43317.000000
10192.000000,15859.000000,6570.000000,43286.000000
10157.000000,15871.000000,6607.000000,43295.000000
10169.000000,15901.000000,6561.000000,43295.000000
10141.000000,15852.000000,6542.000000,43267.000000
10169.000000,15863.000000,6534.000000,43283.000000
10154.000000,15841.000000,6538.000000,43295.000000
10118.000000,15871.000000,6516.000000,43264.000000
10165.000000,15843.000000,6515.000000,43312.000000
10122.000000,15807.000000,6511.000000,43258.000000
10113.000000,15825.000000,6496.000000,43265.000000
10119.000000,15819.000000,6500.000000,43251.000000
10076.000000,15809.000000,6504.000000,43237.000000
10063.000000,15777.000000,6453.000000,43265.000000
10089.000000,15760.000000,6440.000000,43213.000000
10066.000000,15803.000000,6475.000000,43247.000000
10056.000000,15779.000000,6445.000000,43254.000000
10039.000000,15799.000000,6423.000000,43205.000000
10053.000000,15759.000000,6448.000000,43226.000000
10030.000000,15755.000000,6412.000000,43201.000000
9996.000000,15751.000000,6423.000000,43202.000000
9992.000000,15727.000000,6395.000000,43193.000000
9946.000000,15695.000000,6372.000000,43191.000000
10008.000000,15728.000000,6377.000000,43229.000000
9976.000000,15687.000000,6400.000000,43180.000000
10209.000000,15693.000000,6344.000000,43180.000000
9938.000000,15696.000000,6342.000000,43185.000000
9943.000000,15715.000000,6330.000000,43157.000000
9945.000000,15719.000000,6359.000000,43156.000000
9916.000000,15635.000000,6326.000000,43144.000000
9907.000000,15655.000000,6299.000000,43169.000000
9886.000000,15643.000000,6297.000000,43162.000000
9905.000000,15635.000000,6281.000000,43117.000000
9875.000000,15623.000000,6261.000000,43120.000000
9829.000000,15624.000000,6236.000000,43118.000000
9879.000000,15619.000000,6265.000000,43150.000000
9867.000000,15601.000000,6262.000000,43126.000000
9827.000000,15605.000000,6241.000000,43083.000000
9827.000000,15594.000000,6257.000000,43124.000000
9820.000000,15570.000000,6205.000000,43110.000000
9822.000000,15576.000000,6194.000000,43105.000000
9787.000000,15573.000000,6237.000000,43089.000000
9806.000000,15561.000000,6188.000000,43060.000000
9801.000000,15584.000000,6228.000000,43087.000000
9813.000000,15570.000000,6195.000000,43099.000000
9807.000000,15551.000000,6173.000000,43089.000000
9744.000000,15545.000000,6185.000000,43082.000000
9817.000000,15557.000000,6176.000000,43046.000000
9776.000000,15557.000000,6184.000000,43093.000000
9736.000000,15550.000000,6190.000000,43062.000000
9759.000000,15532.000000,6176.000000,43081.000000
9743.000000,15538.000000,6155.000000,43077.000000
9733.000000,15525.000000,6168.000000,43027.000000
9756.000000,15540.000000,6180.000000,43076.000000
9735.000000,15537.000000,6132.000000,43034.000000
9706.000000,15528.000000,6157.000000,43053.000000
9739.000000,15548.000000,6165.000000,43063.000000
9742.000000,15516.000000,6155.000000,43051.000000
9732.000000,15503.000000,6138.000000,43043.000000
9705.000000,15514.000000,6124.000000,43059.000000
9713.000000,15496.000000,6137.000000,43036.000000
9702.000000,15481.000000,6136.000000,43055.000000
9684.000000,15507.000000,6123.000000,43043.000000
9649.000000,15485.000000,6092.000000,43003.000000
9661.000000,15432.000000,6067.000000,43012.000000
9681.000000,15456.000000,6059.000000,43043.000000
9621.000000,15440.000000,6060.000000,42981.000000
9604.000000,15452.000000,6030.000000,43003.000000
9614.000000,15439.000000,6048.000000,43016.000000
9629.000000,15430.000000,6012.000000,42975.000000
9575.000000,15418.000000,6025.000000,42953.000000
9571.000000,15370.000000,6015.000000,42967.000000
9571.000000,15408.000000,6013.000000,42977.000000
9580.000000,15422.000000,6003.000000,42991.000000
9604.000000,15396.000000,6047.000000,42997.000000
9596.000000,15443.000000,6003.000000,42954.000000
9609.000000,15408.000000,6043.000000,42989.000000
9648.000000,15437.000000,6010.000000,42986.000000
9652.000000,15434.000000,6054.000000,43005.000000
9626.000000,15440.000000,6056.000000,42991.000000
9645.000000,15481.000000,6061.000000,42993.000000
9637.000000,15459.000000,6070.000000,43003.000000
9652.000000,15443.000000,6062.000000,43008.000000
9660.000000,15464.000000,6073.000000,43022.000000
9675.000000,15478.000000,6091.000000,43027.000000
9700.000000,15516.000000,6110.000000,43063.000000
9703.000000,15503.000000,6092.000000,43058.000000
9733.000000,15536.000000,6119.000000,43032.000000
9746.000000,15506.000000,6154.000000,43051.000000
9769.000000,15532.000000,6186.000000,43103.000000
9807.000000,15561.000000,6198.000000,43101.000000
9792.000000,15579.000000,6219.000000,43102.000000
9848.000000,15628.000000,6260.000000,43129.000000
9864.000000,15616.000000,6284.000000,43147.000000
9877.000000,15643.000000,6308.000000,43152.000000
9921.000000,15660.000000,6337.000000,43180.000000
9986.000000,15692.000000,6391.000000,43182.000000
9982.000000,15704.000000,6396.000000,43207.000000
9992.000000,15739.000000,6423.000000,43221.000000
10087.000000,15783.000000,6491.000000,43271.000000
10072.000000,15788.000000,6526.000000,43259.000000
10140.000000,15837.000000,6570.000000,43290.000000
10172.000000,15839.000000,6570.000000,43345.000000
10236.000000,15883.000000,6618.000000,43363.000000
10236.000000,15894.000000,6660.000000,43342.000000
10286.000000,16193.000000,6702.000000,43384.000000
10333.000000,15945.000000,6720.000000,43398.000000
10324.000000,16004.000000,6713.000000,43410.000000
10362.000000,16008.000000,6761.000000,43435.000000
10351.000000,16052.000000,6751.000000,43430.000000
10386.000000,16031.000000,6793.000000,43424.000000
10417.000000,16026.000000,6779.000000,43428.000000
10394.000000,16048.000000,6787.000000,43455.000000
10376.000000,16299.000000,6773.000000,43431.000000
10389.000000,16281.000000,6755.000000,43397.000000
10382.000000,16024.000000,6758.000000,43412.000000
10366.000000,16033.000000,6747.000000,43394.000000
10370.000000,16039.000000,6783.000000,43424.000000
10358.000000,15965.000000,6766.000000,43403.000000
10359.000000,15981.000000,6751.000000,43425.000000
10335.000000,15983.000000,6727.000000,43380.000000
10333.000000,15967.000000,6691.000000,43377.000000
10321.000000,15957.000000,6719.000000,43403.000000
10348.000000,16211.000000,6693.000000,43361.000000
10280.000000,16247.000000,6698.000000,43363.000000
10283.000000,16201.000000,6669.000000,43366.000000
10298.000000,15964.000000,6690.000000,43362.000000
10251.000000,15925.000000,6663.000000,43367.000000
10287.000000,16256.000000,6675.000000,43352.000000
10261.000000,15925.000000,6669.000000,43341.000000
10237.000000,15892.000000,6641.000000,43368.000000
10257.000000,15931.000000,6620.000000,43345.000000
10210.000000,15888.000000,6624.000000,43321.000000
10256.000000,15917.000000,6612.000000,43323.000000
10229.000000,15872.000000,6593.000000,43340.000000
10219.000000,15901.000000,6600.000000,43295.000000
10214.000000,16144.000000,6610.000000,43333.000000
10220.000000,15860.000000,6547.000000,43317.000000
10171.000000,15883.000000,6575.000000,43311.000000
10205.000000,16135.000000,6567.000000,43324.000000
10158.000000,15827.000000,6567.000000,43269.000000
10145.000000,15856.000000,6548.000000,43304.000000
10159.000000,15837.000000,6511.000000,43271.000000
10155.000000,15824.000000,6545.000000,43260.000000
10122.000000,15807.000000,6525.000000,43272.000000
10119.000000,15815.000000,6511.000000,43257.000000
10108.000000,15808.000000,6491.000000,43274.000000
10122.000000,15811.000000,6494.000000,43264.000000
10115.000000,15795.000000,6458.000000,43257.000000
10086.000000,15779.000000,6451.000000,43222.000000
10064.000000,15795.000000,6436.000000,43232.000000
10059.000000,15767.000000,6444.000000,43218.000000
10066.000000,15752.000000,6420.000000,43202.000000
10000.000000,15747.000000,6425.000000,43223.000000
10006.000000,15732.000000,6385.000000,43220.000000
9981.000000,15732.000000,6380.000000,43193.000000
9998.000000,15723.000000,6356.000000,43183.000000
10004.000000,15728.000000,6378.000000,43188.000000
9973.000000,15697.000000,6336.000000,43175.000000
9974.000000,15693.000000,6339.000000,43176.000000
9935.000000,15668.000000,6347.000000,43151.000000
9913.000000,15680.000000,6329.000000,43173.000000
9921.000000,15660.000000,6304.000000,43143.000000
9922.000000,15684.000000,6302.000000,43153.000000
9908.000000,15652.000000,6292.000000,43148.000000
9866.000000,15623.000000,6269.000000,43128.000000
9884.000000,15659.000000,6272.000000,43133.000000
9882.000000,15635.000000,6227.000000,43109.000000
9858.000000,15629.000000,6254.000000,43084.000000
9833.000000,15588.000000,6228.000000,43107.000000
9861.000000,15605.000000,6206.000000,43104.000000
9817.000000,15561.000000,6219.000000,43098.000000
9805.000000,15578.000000,6178.000000,43106.000000
9789.000000,15576.000000,6164.000000,43112.000000
9807.000000,15558.000000,6170.000000,43038.000000
9754.000000,15522.000000,6170.000000,43098.000000
9770.000000,15532.000000,6175.000000,43057.000000
9789.000000,15569.000000,6176.000000,43065.000000
9774.000000,15528.000000,6166.000000,43066.000000
9742.000000,15508.000000,6132.000000,43041.000000
9762.000000,15573.000000,6165.000000,43067.000000
9739.000000,15547.000000,6162.000000,43044.000000
9758.000000,15540.000000,6141.000000,43049.000000
9733.000000,15526.000000,6127.000000,43073.000000
9764.000000,15542.000000,6133.000000,43046.000000
9687.000000,15518.000000,6113.000000,43038.000000
9722.000000,15516.000000,6125.000000,43052.000000
9692.000000,15518.000000,6133.000000,43027.000000
9713.000000,15491.000000,6131.000000,43037.000000
9711.000000,15523.000000,6098.000000,43045.000000
9709.000000,15508.000000,6087.000000,43024.000000
9685.000000,15472.000000,6069.000000,43008.000000
9683.000000,15482.000000,6095.000000,43023.000000
9663.000000,15495.000000,6066.000000,43030.000000
9673.000000,15466.000000,6066.000000,43012.000000
9685.000000,15469.000000,6053.000000,43025.000000
9653.000000,15446.000000,6031.000000,43032.000000
9644.000000,15447.000000,6007.000000,42981.000000
9629.000000,15438.000000,6027.000000,42986.000000
9610.000000,15407.000000,5999.000000,43009.000000
9637.000000,15423.000000,6001.000000,42961.000000
9566.000000,15440.000000,6006.000000,42955.000000
9583.000000,15397.000000,5980.000000,42983.000000
9593.000000,15426.000000,5968.000000,42949.000000
9611.000000,15392.000000,5986.000000,42967.000000
9608.000000,15409.000000,5985.000000,42963.000000
9604.000000,15454.000000,5985.000000,43007.000000
9611.000000,15399.000000,5995.000000,42960.000000
9629.000000,15421.000000,6002.000000,43009.000000
9615.000000,15431.000000,5984.000000,42993.000000
9611.000000,15443.000000,6005.000000,42941.000000
9616.000000,15453.000000,6039.000000,43003.000000
9619.000000,15427.000000,5997.000000,42978.000000
9641.000000,15458.000000,6044.000000,42976.000000
9639.000000,15432.000000,6034.000000,42995.000000
9668.000000,15453.000000,6067.000000,42989.000000
9675.000000,15477.000000,6074.000000,43026.000000
9677.000000,15470.000000,6066.000000,43007.000000
9682.000000,15481.000000,6081.000000,43012.000000
9711.000000,15485.000000,6104.000000,43034.000000
9711.000000,15508.000000,6121.000000,43035.000000
9765.000000,15528.000000,6164.000000,43059.000000
9770.000000,15544.000000,6173.000000,43054.000000
9784.000000,15563.000000,6168.000000,43089.000000
9802.000000,15606.000000,6216.000000,43112.000000
9839.000000,15631.000000,6245.000000,43139.000000
9881.000000,15636.000000,6244.000000,43126.000000
9933.000000,15659.000000,6304.000000,43158.000000
9943.000000,15712.000000,6328.000000,43172.000000
9982.000000,15695.000000,6330.000000,43170.000000
9994.000000,15765.000000,6415.000000,43229.000000
10021.000000,15753.000000,6430.000000,43226.000000
10113.000000,15823.000000,6499.000000,43252.000000
10143.000000,15827.000000,6474.000000,43259.000000
10188.000000,15860.000000,6557.000000,43288.000000
10184.000000,15880.000000,6559.000000,43320.000000
10232.000000,16163.000000,6607.000000,43342.000000
10246.000000,15939.000000,6629.000000,43347.000000
10303.000000,15950.000000,6642.000000,43371.000000
10349.000000,16264.000000,6701.000000,43424.000000
10335.000000,16239.000000,6714.000000,43385.000000
10394.000000,16046.000000,6741.000000,43419.000000
10375.000000,16056.000000,6733.000000,43405.000000
10404.000000,16045.000000,6763.000000,43431.000000
10402.000000,16047.000000,6786.000000,43442.000000
10397.000000,16061.000000,6764.000000,43407.000000
10380.000000,16030.000000,6717.000000,43431.000000
10410.000000,16052.000000,6765.000000,43413.000000
10404.000000,16026.000000,6744.000000,43415.000000
10395.000000,16281.000000,6767.000000,43416.000000
10367.000000,16249.000000,6733.000000,43427.000000
10367.000000,16007.000000,6767.000000,43401.000000
10351.000000,16013.000000,6699.000000,43402.000000
10346.000000,16007.000000,6714.000000,43419.000000
10336.000000,15977.000000,6691.000000,43388.000000
10311.000000,15960.000000,6700.000000,43351.000000
10331.000000,16011.000000,6686.000000,43395.000000
10311.000000,15958.000000,6651.000000,43361.000000
10285.000000,15970.000000,6649.000000,43368.000000
10282.000000,15957.000000,6609.000000,43338.000000
10289.000000,16241.000000,6643.000000,43339.000000
10261.000000,16217.000000,6625.000000,43331.000000
10273.000000,15951.000000,6590.000000,43338.000000
10268.000000,15950.000000,6592.000000,43331.000000
10254.000000,16152.000000,6584.000000,43309.000000
10273.000000,16175.000000,6606.000000,43320.000000
10207.000000,16184.000000,6580.000000,43316.000000
10240.000000,15875.000000,6555.000000,43295.000000
10200.000000,15914.000000,6595.000000,43317.000000
10229.000000,16155.000000,6563.000000,43288.000000
10217.000000,15889.000000,6542.000000,43335.000000
10181.000000,15863.000000,6499.000000,43282.000000
10195.000000,15908.000000,6550.000000,43278.000000
10174.000000,15836.000000,6497.000000,43265.000000
10176.000000,16131.000000,6497.000000,43284.000000
10183.000000,15881.000000,6504.000000,43264.000000
10154.000000,15863.000000,6488.000000,43268.000000
10166.000000,15871.000000,6463.000000,43268.000000
10121.000000,15824.000000,6465.000000,43261.000000
10143.000000,15815.000000,6474.000000,43246.000000
10107.000000,15809.000000,6455.000000,43250.000000
10101.000000,15804.000000,6434.000000,43247.000000
10106.000000,15779.000000,6436.000000,43219.000000
10081.000000,15797.000000,6419.000000,43229.000000
10085.000000,15781.000000,6409.000000,43227.000000
10072.000000,15761.000000,6409.000000,43233.000000
10040.000000,15739.000000,6392.000000,43242.000000
10050.000000,15753.000000,6352.000000,43204.000000
10026.000000,15752.000000,6385.000000,43204.000000
10027.000000,15732.000000,6313.000000,43180.000000
10017.000000,15724.000000,6358.000000,43168.000000
9993.000000,15728.000000,6323.000000,43172.000000
9993.000000,15743.000000,6320.000000,43181.000000
9979.000000,15711.000000,6287.000000,43160.000000
9983.000000,15701.000000,6302.000000,43180.000000
9982.000000,15697.000000,6280.000000,43157.000000
9968.000000,15674.000000,6256.000000,43155.000000
9929.000000,15716.000000,6261.000000,43175.000000
9953.000000,15655.000000,6271.000000,43147.000000
9924.000000,15667.000000,6259.000000,43146.000000
9920.000000,15683.000000,6246.000000,43141.000000
9894.000000,15647.000000,6255.000000,43130.000000
9889.000000,15613.000000,6225.000000,43129.000000
9882.000000,15627.000000,6201.000000,43095.000000
9886.000000,15614.000000,6219.000000,43095.000000
9872.000000,15597.000000,6188.000000,43085.000000
9868.000000,15633.000000,6188.000000,43129.000000
9817.000000,15610.000000,6173.000000,43076.000000
10103.000000,15600.000000,6185.000000,43077.000000
9808.000000,15598.000000,6180.000000,43110.000000
9874.000000,15569.000000,6187.000000,43091.000000
9844.000000,15585.000000,6173.000000,43106.000000
9841.000000,15609.000000,6141.000000,43066.000000
9823.000000,15573.000000,6177.000000,43070.000000
9809.000000,15570.000000,6135.000000,43085.000000
9783.000000,15539.000000,6175.000000,43078.000000
9813.000000,15557.000000,6145.000000,43064.000000
9833.000000,15566.000000,6153.000000,43106.000000
9782.000000,15552.000000,6125.000000,43087.000000
9792.000000,15532.000000,6154.000000,43076.000000
9781.000000,15539.000000,6116.000000,43087.000000
9775.000000,15554.000000,6129.000000,43060.000000
9782.000000,15539.000000,6119.000000,43047.000000
9762.000000,15553.000000,6122.000000,43038.000000
9741.000000,15499.000000,6092.000000,43044.000000
9735.000000,15524.000000,6083.000000,43020.000000
9707.000000,15508.000000,6065.000000,43056.000000
9725.000000,15469.000000,6061.000000,43028.000000
9721.000000,15489.000000,6040.000000,43010.000000
9673.000000,15473.000000,6030.000000,43003.000000
9647.000000,15458.000000,6032.000000,42999.000000
9645.000000,15447.000000,6015.000000,42993.000000
9653.000000,15428.000000,6007.000000,42993.000000
9654.000000,15454.000000,5988.000000,43013.000000
9645.000000,15469.000000,6016.000000,43007.000000
9640.000000,15432.000000,6024.000000,42977.000000
9641.000000,15461.000000,6015.000000,43000.000000
9648.000000,15450.000000,6004.000000,43001.000000
9633.000000,15441.000000,6000.000000,42977.000000
9618.000000,15426.000000,6001.000000,43004.000000
9648.000000,15451.000000,6021.000000,43007.000000
9667.000000,15425.000000,6014.000000,42979.000000
9679.000000,15478.000000,6036.000000,43036.000000
9675.000000,15474.000000,6033.000000,43018.000000
9715.000000,15449.000000,6017.000000,43015.000000
9683.000000,15485.000000,6060.000000,43015.000000
9727.000000,15420.000000,6069.000000,43026.000000
9731.000000,15525.000000,6086.000000,43036.000000
9725.000000,15523.000000,6105.000000,43018.000000
9749.000000,15515.000000,6137.000000,43091.000000
9740.000000,15502.000000,6123.000000,43047.000000
9814.000000,15547.000000,6142.000000,43106.000000
9794.000000,15550.000000,6153.000000,43079.000000
9819.000000,15563.000000,6203.000000,43083.000000
9821.000000,15581.000000,6200.000000,43120.000000
9871.000000,15623.000000,6218.000000,43116.000000
9883.000000,15601.000000,6269.000000,43120.000000
9921.000000,15661.000000,6300.000000,43171.000000
9923.000000,15663.000000,6322.000000,43183.000000
9960.000000,15691.000000,6381.000000,43211.000000
9988.000000,15747.000000,6423.000000,43228.000000
10047.000000,15739.000000,6431.000000,43241.000000
10072.000000,15791.000000,6506.000000,43262.000000
10118.000000,15831.000000,6518.000000,43290.000000
10157.000000,15808.000000,6527.000000,43320.000000
10188.000000,15871.000000,6592.000000,43301.000000
10231.000000,15911.000000,6609.000000,43359.000000
10282.000000,15911.000000,6650.000000,43368.000000
10318.000000,15919.000000,6713.000000,43396.000000
10344.000000,16275.000000,6762.000000,43420.000000
10430.000000,16015.000000,6790.000000,43455.000000
10410.000000,16048.000000,6805.000000,43425.000000
10439.000000,16071.000000,6838.000000,43480.000000
10449.000000,16339.000000,6850.000000,43463.000000
10466.000000,16349.000000,6881.000000,43501.000000
10474.000000,16110.000000,6879.000000,43492.000000
10495.000000,16090.000000,6868.000000,43503.000000
10531.000000,16108.000000,6885.000000,43514.000000
10472.000000,16104.000000,6869.000000,43483.000000
10469.000000,16108.000000,6904.000000,43504.000000
10493.000000,16118.000000,6898.000000,43499.000000
10490.000000,16114.000000,6886.000000,43503.000000
10501.000000,16149.000000,6890.000000,43519.000000
10483.000000,16083.000000,6851.000000,43479.000000
10484.000000,16368.000000,6870.000000,43489.000000
10471.000000,16104.000000,6832.000000,43458.000000
10447.000000,16335.000000,6855.000000,43488.000000
10435.000000,16040.000000,6831.000000,43444.000000
10463.000000,16091.000000,6840.000000,43485.000000
10417.000000,16063.000000,6831.000000,43464.000000
10398.000000,16063.000000,6828.000000,43447.000000
10450.000000,16041.000000,6816.000000,43436.000000
10417.000000,16315.000000,6767.000000,43447.000000
10426.000000,16049.000000,6806.000000,43421.000000
10377.000000,16267.000000,6795.000000,43447.000000
10389.000000,16002.000000,6793.000000,43423.000000
10359.000000,15996.000000,6782.000000,43439.000000
10413.000000,16023.000000,6773.000000,43441.000000
10361.000000,16261.000000,6765.000000,43425.000000
10340.000000,16017.000000,6756.000000,43408.000000
10314.000000,15952.000000,6738.000000,43409.000000
10336.000000,16259.000000,6746.000000,43421.000000
10296.000000,16209.000000,6756.000000,43412.000000
10294.000000,16196.000000,6728.000000,43395.000000
10306.000000,15942.000000,6749.000000,43419.000000
10278.000000,15920.000000,6690.000000,43359.000000
10251.000000,16192.000000,6699.000000,43383.000000
10264.000000,15954.000000,6682.000000,43388.000000
10265.000000,15917.000000,6685.000000,43370.000000
10255.000000,15927.000000,6674.000000,43353.000000
10228.000000,15926.000000,6653.000000,43346.000000
10226.000000,15903.000000,6637.000000,43351.000000
10212.000000,15888.000000,6638.000000,43376.000000
10219.000000,15897.000000,6653.000000,43325.000000
10193.000000,15892.000000,6643.000000,43324.000000
10172.000000,15896.000000,6630.000000,43315.000000
10154.000000,16135.000000,6608.000000,43335.000000
10154.000000,15855.000000,6614.000000,43324.000000
10133.000000,15833.000000,6557.000000,43303.000000
10148.000000,15825.000000,6561.000000,43316.000000
10123.000000,15821.000000,6547.000000,43287.000000
10128.000000,15807.000000,6578.000000,43287.000000
10087.000000,15809.000000,6551.000000,43291.000000
10104.000000,15820.000000,6541.000000,43261.000000
10080.000000,15819.000000,6544.000000,43275.000000
10075.000000,15775.000000,6513.000000,43261.000000
10048.000000,15765.000000,6470.000000,43259.000000
10024.000000,15773.000000,6514.000000,43268.000000
10029.000000,15747.000000,6466.000000,43251.000000
10029.000000,15759.000000,6457.000000,43230.000000
10041.000000,15739.000000,6467.000000,43231.000000
9951.000000,15753.000000,6456.000000,43232.000000
9990.000000,15707.000000,6445.000000,43217.000000
9971.000000,15715.000000,6453.000000,43220.000000
9963.000000,15715.000000,6422.000000,43221.000000
9966.000000,15683.000000,6422.000000,43211.000000
9957.000000,15691.000000,6423.000000,43208.000000
9910.000000,15681.000000,6383.000000,43201.000000
9932.000000,15677.000000,6393.000000,43234.000000
9942.000000,15675.000000,6400.000000,43232.000000
9939.000000,15696.000000,6407.000000,43235.000000
9933.000000,15656.000000,6416.000000,43210.000000
9904.000000,15663.000000,6365.000000,43206.000000
9884.000000,15629.000000,6379.000000,43180.000000
9913.000000,15671.000000,6379.000000,43198.000000
9892.000000,15671.000000,6362.000000,43197.000000
9908.000000,15648.000000,6366.000000,43190.000000
9902.000000,15660.000000,6361.000000,43169.000000
9871.000000,15667.000000,6320.000000,43165.000000
9918.000000,15639.000000,6328.000000,43182.000000
9874.000000,15639.000000,6330.000000,43184.000000
9883.000000,15635.000000,6329.000000,43181.000000
9868.000000,15639.000000,6344.000000,43158.000000
9847.000000,15635.000000,6305.000000,43149.000000
9860.000000,15607.000000,6309.000000,43178.000000
9820.000000,15608.000000,6300.000000,43135.000000
9819.000000,15621.000000,6291.000000,43144.000000
9814.000000,15594.000000,6289.000000,43157.000000
9827.000000,15609.000000,6298.000000,43157.000000
9769.000000,15595.000000,6273.000000,43147.000000
9778.000000,15601.000000,6249.000000,43104.000000
9785.000000,15585.000000,6265.000000,43131.000000
9748.000000,15553.000000,6244.000000,43150.000000
9761.000000,15552.000000,6248.000000,43101.000000
9744.000000,15526.000000,6213.000000,43121.000000
9720.000000,15519.000000,6224.000000,43111.000000
9738.000000,15540.000000,6208.000000,43109.000000
9732.000000,15561.000000,6216.000000,43119.000000
9741.000000,15523.000000,6229.000000,43069.000000
9734.000000,15505.000000,6228.000000,43089.000000
9736.000000,15547.000000,6219.000000,43088.000000
9724.000000,15588.000000,6214.000000,43073.000000
9719.000000,15543.000000,6226.000000,43114.000000
9745.000000,15531.000000,6219.000000,43112.000000
9772.000000,15566.000000,6222.000000,43098.000000
9771.000000,15569.000000,6228.000000,43116.000000
9791.000000,15599.000000,6239.000000,43116.000000
9758.000000,15577.000000,6256.000000,43125.000000
9782.000000,15579.000000,6249.000000,43118.000000
9804.000000,15612.000000,6265.000000,43145.000000
9834.000000,15595.000000,6287.000000,43146.000000
9824.000000,15613.000000,6297.000000,43150.000000
9808.000000,15652.000000,6308.000000,43175.000000
9840.000000,15621.000000,6334.000000,43169.000000
9862.000000,15633.000000,6368.000000,43176.000000
9869.000000,15663.000000,6384.000000,43171.000000
9890.000000,15690.000000,6402.000000,43210.000000
9936.000000,15676.000000,6426.000000,43233.000000
9936.000000,15691.000000,6450.000000,43259.000000
9964.000000,15731.000000,6492.000000,43279.000000
9973.000000,15773.000000,6486.000000,43254.000000
10016.000000,15769.000000,6528.000000,43256.000000
10045.000000,15785.000000,6534.000000,43284.000000
10100.000000,15801.000000,6580.000000,43331.000000
10147.000000,15876.000000,6657.000000,43351.000000
10160.000000,16155.000000,6663.000000,43355.000000
10199.000000,15874.000000,6698.000000,43383.000000
10257.000000,15932.000000,6754.000000,43407.000000
10296.000000,16227.000000,6750.000000,43419.000000
10323.000000,15973.000000,6823.000000,43447.000000
10355.000000,16267.000000,6825.000000,43473.000000
10371.000000,16288.000000,6877.000000,43498.000000
10400.000000,16087.000000,6908.000000,43520.000000
10448.000000,16103.000000,6905.000000,43528.000000
10431.000000,16136.000000,6943.000000,43546.000000
10475.000000,16137.000000,6983.000000,43529.000000
10473.000000,16135.000000,6982.000000,43575.000000
10475.000000,16148.000000,6996.000000,43565.000000
10497.000000,16131.000000,6993.000000,43548.000000
10517.000000,16131.000000,6995.000000,43569.000000
10522.000000,16160.000000,7015.000000,43546.000000
10496.000000,16143.000000,7009.000000,43558.000000
10520.000000,16163.000000,7008.000000,43552.000000
10472.000000,16145.000000,7003.000000,43554.000000
10495.000000,16124.000000,6969.000000,43529.000000
10504.000000,16351.000000,6964.000000,43515.000000
10462.000000,16335.000000,6942.000000,43532.000000
10452.000000,16097.000000,6943.000000,43515.000000
10466.000000,16131.000000,6952.000000,43496.000000
10452.000000,16091.000000,6928.000000,43511.000000
10464.000000,16351.000000,6920.000000,43503.000000
10471.000000,16108.000000,6925.000000,43519.000000
10408.000000,16088.000000,6904.000000,43492.000000
10407.000000,16071.000000,6886.000000,43495.000000
10412.000000,16065.000000,6872.000000,43503.000000
10413.000000,16068.000000,6916.000000,43480.000000
10394.000000,16045.000000,6875.000000,43493.000000
10395.000000,16293.000000,6872.000000,43473.000000
10377.000000,16041.000000,6858.000000,43465.000000
10402.000000,16287.000000,6873.000000,43481.000000
10345.000000,16267.000000,6850.000000,43447.000000
10354.000000,16283.000000,6852.000000,43461.000000
10342.000000,15974.000000,6810.000000,43440.000000
10352.000000,16016.000000,6833.000000,43477.000000
10315.000000,15986.000000,6804.000000,43433.000000
10308.000000,16024.000000,6802.000000,43448.000000
10317.000000,15991.000000,6764.000000,43439.000000
10281.000000,15984.000000,6773.000000,43415.000000
10288.000000,15989.000000,6780.000000,43419.000000
10277.000000,15983.000000,6775.000000,43417.000000
10274.000000,16236.000000,6751.000000,43433.000000
10266.000000,15937.000000,6737.000000,43391.000000
10284.000000,16181.000000,6747.000000,43396.000000
10229.000000,16208.000000,6699.000000,43398.000000
10264.000000,15922.000000,6726.000000,43388.000000
10230.000000,15911.000000,6706.000000,43384.000000
10223.000000,15907.000000,6678.000000,43363.000000
10219.000000,15903.000000,6683.000000,43384.000000
10176.000000,15904.000000,6704.000000,43336.000000
10203.000000,16149.000000,6678.000000,43367.000000
10176.000000,15890.000000,6649.000000,43359.000000
10176.000000,16140.000000,6645.000000,43333.000000
10169.000000,15878.000000,6658.000000,43348.000000
10186.000000,15855.000000,6609.000000,43327.000000
10153.000000,15864.000000,6634.000000,43331.000000
10136.000000,15819.000000,6618.000000,43321.000000
10113.000000,15867.000000,6601.000000,43320.000000
10124.000000,15827.000000,6578.000000,43311.000000
10113.000000,15803.000000,6595.000000,43296.000000
10076.000000,15823.000000,6580.000000,43335.000000
10093.000000,15819.000000,6558.000000,43291.000000
10087.000000,15852.000000,6553.000000,43303.000000
10029.000000,15797.000000,6535.000000,43305.000000
10044.000000,15785.000000,6532.000000,43299.000000
10013.000000,15800.000000,6547.000000,43313.000000
10020.000000,15835.000000,6498.000000,43275.000000
10014.000000,15791.000000,6533.000000,43273.000000
10010.000000,15780.000000,6503.000000,43248.000000
10012.000000,15751.000000,6505.000000,43260.000000
10009.000000,15767.000000,6475.000000,43251.000000
10029.000000,15741.000000,6498.000000,43285.000000
9940.000000,15720.000000,6462.000000,43241.000000
9984.000000,15748.000000,6478.000000,43239.000000
9971.000000,15757.000000,6478.000000,43268.000000
9984.000000,15735.000000,6463.000000,43228.000000
9977.000000,15735.000000,6465.000000,43254.000000
9956.000000,15759.000000,6473.000000,43236.000000
10221.000000,15724.000000,6453.000000,43250.000000
9980.000000,15691.000000,6450.000000,43212.000000
9971.000000,15739.000000,6453.000000,43244.000000
9930.000000,15705.000000,6435.000000,43245.000000
9950.000000,15712.000000,6440.000000,43263.000000
9973.000000,15755.000000,6437.000000,43260.000000
9943.000000,15728.000000,6451.000000,43258.000000
9933.000000,15663.000000,6445.000000,43212.000000
9916.000000,15728.000000,6460.000000,43241.000000
9936.000000,15715.000000,6432.000000,43224.000000
9925.000000,15735.000000,6397.000000,43185.000000
9917.000000,15681.000000,6429.000000,43206.000000
9919.000000,15661.000000,6389.000000,43215.000000
9892.000000,15671.000000,6401.000000,43200.000000
9871.000000,15651.000000,6360.000000,43193.000000
9868.000000,15679.000000,6354.000000,43194.000000
9845.000000,15619.000000,6356.000000,43170.000000
9864.000000,15655.000000,6356.000000,43155.000000
9848.000000,15616.000000,6320.000000,43172.000000
9844.000000,15641.000000,6336.000000,43178.000000
9839.000000,15647.000000,6334.000000,43158.000000
9845.000000,15657.000000,6341.000000,43143.000000
9846.000000,15624.000000,6311.000000,43159.000000
9820.000000,15627.000000,6337.000000,43158.000000
9867.000000,15684.000000,6354.000000,43194.000000
9859.000000,15633.000000,6346.000000,43192.000000
9879.000000,15644.000000,6406.000000,43218.000000
9879.000000,15677.000000,6371.000000,43208.000000
9910.000000,15672.000000,6406.000000,43213.000000
9899.000000,15671.000000,6410.000000,43239.000000
9866.000000,15729.000000,6472.000000,43229.000000
9964.000000,15704.000000,6472.000000,43260.000000
9985.000000,15716.000000,6464.000000,43243.000000
9981.000000,15745.000000,6496.000000,43272.000000
10029.000000,15757.000000,6491.000000,43263.000000
10002.000000,15739.000000,6517.000000,43309.000000
10012.000000,15780.000000,6540.000000,43309.000000
10100.000000,15759.000000,6587.000000,43323.000000
10111.000000,15805.000000,6604.000000,43313.000000
10111.000000,15855.000000,6625.000000,43381.000000
10123.000000,16128.000000,6683.000000,43400.000000
10174.000000,15887.000000,6653.000000,43377.000000
10232.000000,15917.000000,6720.000000,43435.000000
10246.000000,16195.000000,6750.000000,43408.000000
10302.000000,15972.000000,6824.000000,43449.000000
10309.000000,15978.000000,6845.000000,43489.000000
10338.000000,16029.000000,6852.000000,43495.000000
10409.000000,16079.000000,6913.000000,43501.000000
10450.000000,16080.000000,6945.000000,43513.000000
10465.000000,16083.000000,6969.000000,43512.000000
10499.000000,16357.000000,7016.000000,43575.000000
10542.000000,16155.000000,7017.000000,43581.000000
10547.000000,16184.000000,7019.000000,43594.000000
10582.000000,16171.000000,7054.000000,43571.000000
10581.000000,16228.000000,7099.000000,43612.000000
10588.000000,16183.000000,7080.000000,43618.000000
10622.000000,16231.000000,7086.000000,43613.000000
10612.000000,16221.000000,7126.000000,43644.000000
10610.000000,16220.000000,7086.000000,43646.000000
10596.000000,16212.000000,7087.000000,43594.000000
10581.000000,16215.000000,7081.000000,43604.000000
10613.000000,16223.000000,7077.000000,43608.000000
10583.000000,16195.000000,7078.000000,43605.000000
10605.000000,16197.000000,7053.000000,43553.000000
10583.000000,16220.000000,7059.000000,43611.000000
10571.000000,16171.000000,7046.000000,43609.000000
10567.000000,16181.000000,7027.000000,43612.000000
10547.000000,16165.000000,7002.000000,43565.000000
10537.000000,16176.000000,7041.000000,43565.000000
10516.000000,16153.000000,7000.000000,43562.000000
10499.000000,16139.000000,7002.000000,43576.000000
10538.000000,16139.000000,6992.000000,43571.000000
10511.000000,16135.000000,6997.000000,43552.000000
10516.000000,16367.000000,6977.000000,43568.000000
10492.000000,16163.000000,6992.000000,43524.000000
10492.000000,16146.000000,6965.000000,43540.000000
10468.000000,16143.000000,6939.000000,43538.000000
10465.000000,16123.000000,6949.000000,43539.000000
10475.000000,16339.000000,6942.000000,43521.000000
10464.000000,16103.000000,6929.000000,43507.000000
10402.000000,16091.000000,6918.000000,43519.000000
10425.000000,16089.000000,6930.000000,43523.000000
10415.000000,16067.000000,6890.000000,43493.000000
10389.000000,16046.000000,6904.000000,43498.000000
10415.000000,16055.000000,6902.000000,43495.000000
10398.000000,16021.000000,6891.000000,43491.000000
10383.000000,16042.000000,6893.000000,43508.000000
10378.000000,16038.000000,6856.000000,43472.000000
10357.000000,16029.000000,6872.000000,43489.000000
10341.000000,16013.000000,6841.000000,43484.000000
10390.000000,16020.000000,6849.000000,43463.000000
10320.000000,16277.000000,6842.000000,43439.000000
10321.000000,16256.000000,6846.000000,43455.000000
10320.000000,16018.000000,6826.000000,43459.000000
10311.000000,16272.000000,6796.000000,43452.000000
10316.000000,16015.000000,6797.000000,43453.000000
10298.000000,15950.000000,6792.000000,43449.000000
10303.000000,15978.000000,6776.000000,43419.000000
10278.000000,16212.000000,6769.000000,43423.000000
10288.000000,15959.000000,6768.000000,43419.000000
10229.000000,15930.000000,6757.000000,43429.000000
10235.000000,15938.000000,6762.000000,43415.000000
10215.000000,15935.000000,6761.000000,43428.000000
10234.000000,15911.000000,6717.000000,43391.000000
10217.000000,15935.000000,6754.000000,43391.000000
10214.000000,15896.000000,6704.000000,43393.000000
10186.000000,15905.000000,6687.000000,43370.000000
10185.000000,16169.000000,6693.000000,43385.000000
10190.000000,15902.000000,6686.000000,43374.000000
10164.000000,15893.000000,6664.000000,43364.000000
10164.000000,15894.000000,6660.000000,43367.000000
10156.000000,15859.000000,6677.000000,43349.000000
10153.000000,15853.000000,6656.000000,43359.000000
10144.000000,16132.000000,6646.000000,43366.000000
10111.000000,15843.000000,6634.000000,43348.000000
10107.000000,15839.000000,6590.000000,43343.000000
10113.000000,15844.000000,6645.000000,43345.000000
10113.000000,15867.000000,6643.000000,43353.000000
10103.000000,15841.000000,6623.000000,43344.000000
10084.000000,15823.000000,6595.000000,43336.000000
10099.000000,15820.000000,6622.000000,43352.000000
10066.000000,15831.000000,6600.000000,43322.000000
10064.000000,15827.000000,6604.000000,43342.000000
10084.000000,15815.000000,6579.000000,43324.000000
10063.000000,15815.000000,6592.000000,43299.000000
10096.000000,15842.000000,6607.000000,43309.000000
10070.000000,15819.000000,6595.000000,43319.000000
10060.000000,15804.000000,6565.000000,43285.000000
10067.000000,15807.000000,6609.000000,43323.000000
10058.000000,15787.000000,6580.000000,43292.000000
10034.000000,15781.000000,6576.000000,43324.000000
10089.000000,15808.000000,6563.000000,43322.000000
10052.000000,15768.000000,6553.000000,43288.000000
10025.000000,15767.000000,6573.000000,43339.000000
10013.000000,15788.000000,6526.000000,43303.000000
10003.000000,15781.000000,6561.000000,43279.000000
9999.000000,15803.000000,6521.000000,43282.000000
10004.000000,15739.000000,6516.000000,43283.000000
9980.000000,15743.000000,6522.000000,43260.000000
9997.000000,15745.000000,6505.000000,43268.000000
9962.000000,15728.000000,6525.000000,43274.000000
9976.000000,15707.000000,6472.000000,43223.000000
9912.000000,15743.000000,6505.000000,43249.000000
9920.000000,15747.000000,6449.000000,43240.000000
9936.000000,15728.000000,6488.000000,43252.000000
9957.000000,15744.000000,6481.000000,43247.000000
9950.000000,15715.000000,6464.000000,43260.000000
9935.000000,15713.000000,6465.000000,43269.000000
9923.000000,15727.000000,6472.000000,43245.000000
9916.000000,15735.000000,6451.000000,43264.000000
9961.000000,15735.000000,6484.000000,43260.000000
9944.000000,15764.000000,6533.000000,43252.000000
9932.000000,15749.000000,6471.000000,43253.000000
9947.000000,15757.000000,6531.000000,43277.000000
9961.000000,15728.000000,6531.000000,43296.000000
9992.000000,15761.000000,6523.000000,43293.000000
10009.000000,15764.000000,6559.000000,43308.000000
9991.000000,15785.000000,6527.000000,43311.000000
10013.000000,15789.000000,6568.000000,43314.000000
10021.000000,15780.000000,6565.000000,43312.000000
10043.000000,15808.000000,6599.000000,43316.000000
10036.000000,15821.000000,6620.000000,43357.000000
10062.000000,15817.000000,6618.000000,43337.000000
10061.000000,15827.000000,6667.000000,43335.000000
10124.000000,15841.000000,6665.000000,43347.000000
10149.000000,15915.000000,6716.000000,43387.000000
10176.000000,15874.000000,6693.000000,43391.000000
10203.000000,15901.000000,6737.000000,43431.000000
10202.000000,15939.000000,6808.000000,43457.000000
10260.000000,16204.000000,6808.000000,43460.000000
10289.000000,16009.000000,6815.000000,43441.000000
10336.000000,15998.000000,6878.000000,43517.000000
10345.000000,16068.000000,6898.000000,43497.000000
10411.000000,16060.000000,6952.000000,43531.000000
10409.000000,16079.000000,6951.000000,43517.000000
10471.000000,16359.000000,7000.000000,43570.000000
10497.000000,16131.000000,7013.000000,43576.000000
10529.000000,16169.000000,7076.000000,43595.000000
10555.000000,16175.000000,7110.000000,43632.000000
10610.000000,16203.000000,7155.000000,43639.000000
10576.000000,16228.000000,7152.000000,43650.000000
10583.000000,16244.000000,7179.000000,43651.000000
10635.000000,16247.000000,7151.000000,43656.000000
10640.000000,16263.000000,7210.000000,43690.000000
10646.000000,16248.000000,7180.000000,43680.000000
10662.000000,16315.000000,7222.000000,43674.000000
10658.000000,16277.000000,7200.000000,43650.000000
10644.000000,16243.000000,7184.000000,43661.000000
10629.000000,16271.000000,7182.000000,43645.000000
10650.000000,16279.000000,7190.000000,43651.000000
10647.000000,16285.000000,7205.000000,43674.000000
10633.000000,16249.000000,7190.000000,43687.000000
10623.000000,16255.000000,7151.000000,43655.000000
10593.000000,16277.000000,7178.000000,43676.000000
10613.000000,16247.000000,7135.000000,43647.000000
10596.000000,16251.000000,7163.000000,43661.000000
10604.000000,16239.000000,7127.000000,43642.000000
10576.000000,16251.000000,7125.000000,43615.000000
10579.000000,16224.000000,7143.000000,43647.000000
10545.000000,16185.000000,7117.000000,43615.000000
10572.000000,16183.000000,7082.000000,43606.000000
10560.000000,16187.000000,7089.000000,43617.000000
10527.000000,16181.000000,7079.000000,43584.000000
10502.000000,16155.000000,7058.000000,43583.000000
10541.000000,16191.000000,7066.000000,43592.000000
10512.000000,16135.000000,7049.000000,43587.000000
10496.000000,16131.000000,7044.000000,43598.000000
10463.000000,16159.000000,7055.000000,43609.000000
10475.000000,16159.000000,7027.000000,43576.000000
10487.000000,16124.000000,7017.000000,43570.000000
10463.000000,16115.000000,6996.000000,43578.000000
10451.000000,16380.000000,7008.000000,43567.000000
10445.000000,16092.000000,6980.000000,43552.000000
10457.000000,16128.000000,7010.000000,43533.000000
10445.000000,16092.000000,6986.000000,43547.000000
10439.000000,16120.000000,7008.000000,43549.000000
10386.000000,16083.000000,6943.000000,43536.000000
10413.000000,16073.000000,6934.000000,43521.000000
10389.000000,16325.000000,6961.000000,43506.000000
10390.000000,16052.000000,6916.000000,43517.000000
10362.000000,16059.000000,6933.000000,43497.000000
10362.000000,16056.000000,6928.000000,43478.000000
10362.000000,16036.000000,6895.000000,43492.000000
10359.000000,16040.000000,6879.000000,43471.000000
10349.000000,16036.000000,6904.000000,43531.000000
10305.000000,15986.000000,6870.000000,43465.000000
10339.000000,16005.000000,6905.000000,43479.000000
10281.000000,15989.000000,6850.000000,43462.000000
10283.000000,16002.000000,6833.000000,43485.000000
10257.000000,15980.000000,6810.000000,43435.000000
10241.000000,15968.000000,6806.000000,43457.000000
10242.000000,16221.000000,6814.000000,43445.000000
10225.000000,15956.000000,6816.000000,43443.000000
10256.000000,15976.000000,6788.000000,43470.000000
10226.000000,15981.000000,6802.000000,43442.000000
10189.000000,15913.000000,6778.000000,43415.000000
10193.000000,16171.000000,6746.000000,43413.000000
10195.000000,15903.000000,6733.000000,43395.000000
10169.000000,15896.000000,6736.000000,43413.000000
10145.000000,15911.000000,6743.000000,43385.000000
10148.000000,15908.000000,6733.000000,43408.000000
10145.000000,15852.000000,6745.000000,43416.000000
10136.000000,15886.000000,6714.000000,43387.000000
10144.000000,15871.000000,6712.000000,43367.000000
10111.000000,15872.000000,6710.000000,43373.000000
10133.000000,15865.000000,6692.000000,43371.000000
10115.000000,15883.000000,6687.000000,43359.000000
10108.000000,15861.000000,6658.000000,43351.000000
10100.000000,15851.000000,6672.000000,43339.000000
10087.000000,15855.000000,6671.000000,43371.000000
10079.000000,15837.000000,6651.000000,43337.000000
10066.000000,15847.000000,6667.000000,43352.000000
10064.000000,15815.000000,6619.000000,43323.000000
10085.000000,15827.000000,6634.000000,43363.000000
10066.000000,15827.000000,6643.000000,43332.000000
10057.000000,15801.000000,6632.000000,43329.000000
10059.000000,15815.000000,6625.000000,43348.000000
10059.000000,15819.000000,6606.000000,43331.000000
10046.000000,15787.000000,6609.000000,43336.000000
10036.000000,15787.000000,6636.000000,43324.000000
10037.000000,15863.000000,6595.000000,43333.000000
10026.000000,15797.000000,6599.000000,43329.000000
10016.000000,15808.000000,6614.000000,43329.000000
10024.000000,15820.000000,6599.000000,43336.000000
9985.000000,15811.000000,6558.000000,43292.000000
10018.000000,15799.000000,6564.000000,43308.000000
9999.000000,15763.000000,6567.000000,43280.000000
9993.000000,15743.000000,6542.000000,43265.000000
9941.000000,15731.000000,6543.000000,43275.000000
9954.000000,15719.000000,6520.000000,43288.000000
9922.000000,15716.000000,6505.000000,43247.000000
9881.000000,15704.000000,6482.000000,43221.000000
9919.000000,15711.000000,6503.000000,43280.000000
9913.000000,15709.000000,6472.000000,43224.000000
9901.000000,15691.000000,6477.000000,43224.000000
9877.000000,15691.000000,6461.000000,43226.000000
9887.000000,15703.000000,6443.000000,43241.000000
9895.000000,15663.000000,6459.000000,43243.000000
9916.000000,15685.000000,6444.000000,43218.000000
9904.000000,15700.000000,6440.000000,43235.000000
9901.000000,15702.000000,6475.000000,43249.000000
9928.000000,15723.000000,6468.000000,43225.000000
9942.000000,15691.000000,6471.000000,43255.000000
9921.000000,15679.000000,6500.000000,43256.000000
9926.000000,15745.000000,6497.000000,43252.000000
9935.000000,15716.000000,6497.000000,43272.000000
9936.000000,15740.000000,6501.000000,43267.000000
9954.000000,15740.000000,6507.000000,43273.000000
9953.000000,15732.000000,6522.000000,43272.000000
9985.000000,15760.000000,6567.000000,43320.000000
9965.000000,15780.000000,6586.000000,43307.000000
10018.000000,15813.000000,6582.000000,43311.000000
10004.000000,15771.000000,6609.000000,43311.000000
10020.000000,15787.000000,6598.000000,43327.000000
10047.000000,15815.000000,6636.000000,43347.000000
10081.000000,15824.000000,6611.000000,43339.000000
10079.000000,15824.000000,6656.000000,43360.000000
10086.000000,16132.000000,6694.000000,43380.000000
10139.000000,15867.000000,6700.000000,43394.000000
10158.000000,15900.000000,6736.000000,43423.000000
10193.000000,15916.000000,6741.000000,43412.000000
10235.000000,15954.000000,6777.000000,43464.000000
10253.000000,15967.000000,6830.000000,43456.000000
10297.000000,15972.000000,6854.000000,43481.000000
10310.000000,16021.000000,6875.000000,43491.000000
10361.000000,16307.000000,6919.000000,43519.000000
10340.000000,16081.000000,6961.000000,43544.000000
10415.000000,16127.000000,6965.000000,43547.000000
10444.000000,16128.000000,7020.000000,43575.000000
10494.000000,16133.000000,7035.000000,43596.000000
10503.000000,16152.000000,7059.000000,43631.000000
10490.000000,16193.000000,7071.000000,43610.000000
10547.000000,16223.000000,7101.000000,43599.000000
10570.000000,16224.000000,7126.000000,43638.000000
10607.000000,16235.000000,7109.000000,43630.000000
10610.000000,16247.000000,7133.000000,43650.000000
10586.000000,16240.000000,7154.000000,43636.000000
10599.000000,16231.000000,7156.000000,43657.000000
10595.000000,16259.000000,7142.000000,43671.000000
10607.000000,16231.000000,7121.000000,43621.000000
10579.000000,16241.000000,7139.000000,43617.000000
10585.000000,16204.000000,7127.000000,43623.000000
10573.000000,16215.000000,7107.000000,43615.000000
10572.000000,16224.000000,7110.000000,43622.000000
10568.000000,16223.000000,7119.000000,43629.000000
10559.000000,16180.000000,7078.000000,43617.000000
10554.000000,16196.000000,7085.000000,43615.000000
10559.000000,16197.000000,7069.000000,43586.000000
10548.000000,16208.000000,7078.000000,43609.000000
10519.000000,16147.000000,7042.000000,43563.000000
10525.000000,16181.000000,7053.000000,43571.000000
10515.000000,16133.000000,7017.000000,43584.000000
10513.000000,16180.000000,7075.000000,43591.000000
10479.000000,16144.000000,7030.000000,43582.000000
10517.000000,16139.000000,7003.000000,43538.000000
10496.000000,16140.000000,7038.000000,43574.000000
10468.000000,16145.000000,7007.000000,43546.000000
10460.000000,16113.000000,7012.000000,43554.000000
10461.000000,16147.000000,7003.000000,43558.000000
10435.000000,16128.000000,7016.000000,43574.000000
10448.000000,16099.000000,6980.000000,43558.000000
10443.000000,16128.000000,6965.000000,43525.000000
10435.000000,16349.000000,6967.000000,43507.000000
10408.000000,16093.000000,6970.000000,43535.000000
10414.000000,16083.000000,6933.000000,43538.000000
10391.000000,16054.000000,6946.000000,43517.000000
10366.000000,16329.000000,6928.000000,43492.000000
10361.000000,16315.000000,6876.000000,43489.000000
10372.000000,16321.000000,6906.000000,43497.000000
10348.000000,16017.000000,6891.000000,43522.000000
10349.000000,16320.000000,6870.000000,43520.000000
10342.000000,16002.000000,6893.000000,43477.000000
10344.000000,16032.000000,6882.000000,43487.000000
10306.000000,16010.000000,6884.000000,43486.000000
10293.000000,16011.000000,6852.000000,43487.000000
10304.000000,16025.000000,6854.000000,43499.000000
10303.000000,16231.000000,6836.000000,43443.000000
10288.000000,16008.000000,6845.000000,43466.000000
10238.000000,15974.000000,6817.000000,43467.000000
10250.000000,15959.000000,6793.000000,43428.000000
10261.000000,16034.000000,6828.000000,43427.000000
10242.000000,15954.000000,6744.000000,43425.000000
10233.000000,15962.000000,6802.000000,43438.000000
10217.000000,16199.000000,6753.000000,43415.000000
10187.000000,15921.000000,6763.000000,43435.000000
10175.000000,15911.000000,6688.000000,43427.000000
10190.000000,16151.000000,6736.000000,43404.000000
10194.000000,16167.000000,6733.000000,43389.000000
10159.000000,15902.000000,6713.000000,43399.000000
10188.000000,15880.000000,6695.000000,43363.000000
10165.000000,16152.000000,6701.000000,43376.000000
10137.000000,15880.000000,6684.000000,43386.000000
10158.000000,15901.000000,6701.000000,43395.000000
10131.000000,15853.000000,6678.000000,43399.000000
10121.000000,15865.000000,6674.000000,43341.000000
10159.000000,15903.000000,6683.000000,43375.000000
10113.000000,15867.000000,6672.000000,43347.000000
10085.000000,15839.000000,6618.000000,43387.000000
10094.000000,15832.000000,6652.000000,43347.000000
10075.000000,15852.000000,6646.000000,43355.000000
10120.000000,15819.000000,6653.000000,43361.000000
10092.000000,15819.000000,6626.000000,43351.000000
10087.000000,15815.000000,6613.000000,43347.000000
10077.000000,15845.000000,6641.000000,43339.000000
10081.000000,15855.000000,6636.000000,43337.000000
10051.000000,15851.000000,6642.000000,43337.000000
10063.000000,15852.000000,6620.000000,43327.000000
10080.000000,15804.000000,6614.000000,43324.000000
10035.000000,15824.000000,6584.000000,43349.000000
10090.000000,15829.000000,6617.000000,43338.000000
10067.000000,15787.000000,6594.000000,43316.000000
10046.000000,15811.000000,6596.000000,43311.000000
10026.000000,15827.000000,6559.000000,43315.000000
10015.000000,15787.000000,6565.000000,43319.000000
10058.000000,15805.000000,6585.000000,43312.000000
10017.000000,15808.000000,6546.000000,43339.000000
9994.000000,15771.000000,6556.000000,43295.000000
10003.000000,15788.000000,6553.000000,43313.000000
10003.000000,15775.000000,6525.000000,43287.000000
9971.000000,15787.000000,6530.000000,43297.000000
9945.000000,15753.000000,6489.000000,43295.000000
9961.000000,15723.000000,6525.000000,43297.000000
9957.000000,15719.000000,6477.000000,43248.000000
9940.000000,15745.000000,6506.000000,43259.000000
9929.000000,15704.000000,6497.000000,43275.000000
9952.000000,15727.000000,6506.000000,43275.000000
9929.000000,15723.000000,6477.000000,43260.000000
9906.000000,15724.000000,6468.000000,43256.000000
9951.000000,15754.000000,6495.000000,43275.000000
9911.000000,15703.000000,6475.000000,43263.000000
9945.000000,15711.000000,6490.000000,43267.000000
9945.000000,15715.000000,6494.000000,43299.000000
9967.000000,15749.000000,6507.000000,43267.000000
9916.000000,15728.000000,6492.000000,43271.000000
9955.000000,15751.000000,6530.000000,43276.000000
9949.000000,15727.000000,6508.000000,43280.000000
10000.000000,15788.000000,6521.000000,43287.000000
9950.000000,15783.000000,6536.000000,43301.000000
9970.000000,15767.000000,6555.000000,43299.000000
9973.000000,15751.000000,6548.000000,43302.000000
9990.000000,15816.000000,6552.000000,43313.000000
10005.000000,15805.000000,6600.000000,43357.000000
10020.000000,15789.000000,6606.000000,43355.000000
10032.000000,15839.000000,6658.000000,43373.000000
10071.000000,15816.000000,6625.000000,43328.000000
10071.000000,15841.000000,6674.000000,43367.000000
10070.000000,15855.000000,6644.000000,43367.000000
10110.000000,15895.000000,6700.000000,43399.000000
10129.000000,15908.000000,6723.000000,43415.000000
10183.000000,16148.000000,6750.000000,43435.000000
10226.000000,15934.000000,6796.000000,43466.000000
10239.000000,15988.000000,6798.000000,43469.000000
10292.000000,15945.000000,6851.000000,43463.000000
10303.000000,15977.000000,6878.000000,43511.000000
10292.000000,16035.000000,6880.000000,43526.000000
10370.000000,16036.000000,6911.000000,43540.000000
10367.000000,16065.000000,6967.000000,43552.000000
10440.000000,16361.000000,6983.000000,43576.000000
10414.000000,16124.000000,7053.000000,43604.000000
10523.000000,16161.000000,7060.000000,43586.000000
10496.000000,16196.000000,7098.000000,43615.000000
10543.000000,16201.000000,7130.000000,43619.000000
10567.000000,16199.000000,7147.000000,43646.000000
10552.000000,16251.000000,7140.000000,43652.000000
10594.000000,16241.000000,7172.000000,43654.000000
10587.000000,16244.000000,7197.000000,43683.000000
10579.000000,16243.000000,7201.000000,43658.000000
10606.000000,16263.000000,7216.000000,43660.000000
10588.000000,16260.000000,7198.000000,43637.000000
10599.000000,16267.000000,7189.000000,43679.000000
10559.000000,16249.000000,7191.000000,43669.000000
10624.000000,16259.000000,7183.000000,43650.000000
10574.000000,16253.000000,7159.000000,43664.000000
10609.000000,16237.000000,7160.000000,43642.000000
10590.000000,16233.000000,7150.000000,43632.000000
10556.000000,16237.000000,7152.000000,43650.000000
10532.000000,16216.000000,7114.000000,43629.000000
10547.000000,16235.000000,7138.000000,43619.000000
10497.000000,16197.000000,7118.000000,43644.000000
10522.000000,16207.000000,7129.000000,43623.000000
10518.000000,16171.000000,7113.000000,43608.000000
10512.000000,16205.000000,7149.000000,43616.000000
10497.000000,16187.000000,7099.000000,43613.000000
10496.000000,16196.000000,7101.000000,43595.000000
10480.000000,16167.000000,7059.000000,43606.000000
10489.000000,16163.000000,7071.000000,43553.000000
10452.000000,16175.000000,7094.000000,43596.000000
10436.000000,16147.000000,7035.000000,43589.000000
10436.000000,16124.000000,7031.000000,43576.000000
10395.000000,16114.000000,7040.000000,43567.000000
10415.000000,16153.000000,7007.000000,43578.000000
10412.000000,16115.000000,7034.000000,43578.000000
10400.000000,16379.000000,7024.000000,43561.000000
10394.000000,16096.000000,6992.000000,43531.000000
10373.000000,16349.000000,6949.000000,43533.000000
10357.000000,16345.000000,7001.000000,43556.000000
10357.000000,16076.000000,6977.000000,43533.000000
10347.000000,16092.000000,6951.000000,43523.000000
10311.000000,16063.000000,6969.000000,43507.000000
10363.000000,16321.000000,6914.000000,43509.000000
10363.000000,16340.000000,6951.000000,43517.000000
10292.000000,16309.000000,6905.000000,43496.000000
10296.000000,16307.000000,6909.000000,43519.000000
10270.000000,16026.000000,6858.000000,43507.000000
10272.000000,16273.000000,6885.000000,43515.000000
10289.000000,16300.000000,6867.000000,43466.000000
10274.000000,16271.000000,6862.000000,43485.000000
10253.000000,16018.000000,6876.000000,43477.000000
10223.000000,16010.000000,6842.000000,43461.000000
10242.000000,15967.000000,6842.000000,43491.000000
10203.000000,15991.000000,6835.000000,43441.000000
10210.000000,15951.000000,6824.000000,43432.000000
10200.000000,15918.000000,6788.000000,43435.000000
10208.000000,16208.000000,6816.000000,43403.000000
10200.000000,15932.000000,6805.000000,43462.000000
10159.000000,15930.000000,6785.000000,43411.000000
10141.000000,16196.000000,6779.000000,43436.000000
10128.000000,16160.000000,6766.000000,43421.000000
10141.000000,15917.000000,6757.000000,43401.000000
10090.000000,15894.000000,6726.000000,43421.000000
10132.000000,15933.000000,6748.000000,43399.000000
10093.000000,16147.000000,6725.000000,43381.000000
10088.000000,15888.000000,6720.000000,43396.000000
10090.000000,16136.000000,6697.000000,43393.000000
10052.000000,15871.000000,6673.000000,43387.000000
10049.000000,15853.000000,6692.000000,43382.000000
10049.000000,15853.000000,6663.000000,43378.000000
10043.000000,15853.000000,6692.000000,43392.000000
10032.000000,15824.000000,6681.000000,43368.000000
10052.000000,15845.000000,6683.000000,43373.000000
10023.000000,15829.000000,6650.000000,43345.000000
10007.000000,15823.000000,6627.000000,43360.000000
10026.000000,15832.000000,6660.000000,43350.000000
10003.000000,15811.000000,6627.000000,43330.000000
10031.000000,15848.000000,6628.000000,43333.000000
10043.000000,15817.000000,6632.000000,43358.000000
10009.000000,15827.000000,6657.000000,43352.000000
10008.000000,15821.000000,6618.000000,43347.000000
9987.000000,15812.000000,6611.000000,43339.000000
10000.000000,15828.000000,6596.000000,43336.000000
10001.000000,15803.000000,6602.000000,43335.000000
9966.000000,15799.000000,6607.000000,43335.000000
9975.000000,15763.000000,6570.000000,43314.000000
9973.000000,15771.000000,6563.000000,43328.000000
9946.000000,15749.000000,6569.000000,43319.000000
9964.000000,15801.000000,6561.000000,43324.000000
9949.000000,15744.000000,6558.000000,43305.000000
9934.000000,15755.000000,6519.000000,43256.000000
9922.000000,15739.000000,6552.000000,43276.000000
9917.000000,15757.000000,6509.000000,43309.000000
9915.000000,15707.000000,6531.000000,43276.000000
9858.000000,15731.000000,6500.000000,43268.000000
9870.000000,15725.000000,6484.000000,43275.000000
9906.000000,15748.000000,6466.000000,43267.000000
9863.000000,15697.000000,6492.000000,43267.000000
9884.000000,15699.000000,6456.000000,43260.000000
9869.000000,15751.000000,6466.000000,43271.000000
9884.000000,15723.000000,6483.000000,43272.000000
9889.000000,15724.000000,6502.000000,43264.000000
9864.000000,15713.000000,6471.000000,43264.000000
9935.000000,15728.000000,6488.000000,43284.000000
9871.000000,15724.000000,6469.000000,43297.000000
9914.000000,15732.000000,6500.000000,43281.000000
9943.000000,15732.000000,6512.000000,43232.000000
9923.000000,15759.000000,6525.000000,43298.000000
9941.000000,15755.000000,6509.000000,43282.000000
9947.000000,15773.000000,6553.000000,43332.000000
9962.000000,15783.000000,6535.000000,43351.000000
9978.000000,15817.000000,6559.000000,43338.000000
10011.000000,15805.000000,6595.000000,43337.000000
9984.000000,15807.000000,6599.000000,43343.000000
10012.000000,15799.000000,6660.000000,43371.000000
10045.000000,15819.000000,6628.000000,43355.000000
10096.000000,15816.000000,6662.000000,43363.000000
10108.000000,15848.000000,6663.000000,43385.000000
10127.000000,15878.000000,6666.000000,43375.000000
10165.000000,15912.000000,6755.000000,43415.000000
10161.000000,16159.000000,6754.000000,43452.000000
10205.000000,15898.000000,6796.000000,43441.000000
10184.000000,15986.000000,6794.000000,43471.000000
10228.000000,15998.000000,6840.000000,43447.000000
10290.000000,16311.000000,6896.000000,43485.000000
10320.000000,16024.000000,6899.000000,43499.000000
10360.000000,16060.000000,6954.000000,43559.000000
10396.000000,16106.000000,7006.000000,43539.000000
10400.000000,16139.000000,7028.000000,43570.000000
10436.000000,16163.000000,7054.000000,43584.000000
10492.000000,16182.000000,7073.000000,43624.000000
10496.000000,16168.000000,7104.000000,43628.000000
10538.000000,16220.000000,7092.000000,43619.000000
10565.000000,16256.000000,7132.000000,43667.000000
10602.000000,16245.000000,7137.000000,43702.000000
10608.000000,16255.000000,7181.000000,43692.000000
10628.000000,16275.000000,7201.000000,43692.000000
10629.000000,16271.000000,7203.000000,43687.000000
10662.000000,16307.000000,7194.000000,43689.000000
10631.000000,16276.000000,7238.000000,43715.000000
10640.000000,16303.000000,7210.000000,43700.000000
10634.000000,16288.000000,7197.000000,43707.000000
10632.000000,16269.000000,7220.000000,43701.000000
10633.000000,16307.000000,7209.000000,43707.000000
10615.000000,16279.000000,7216.000000,43691.000000
10639.000000,16262.000000,7190.000000,43701.000000
10587.000000,16283.000000,7187.000000,43681.000000
10600.000000,16277.000000,7177.000000,43689.000000
10592.000000,16253.000000,7168.000000,43650.000000
10594.000000,16263.000000,7175.000000,43690.000000
10587.000000,16256.000000,7132.000000,43683.000000
10588.000000,16253.000000,7172.000000,43660.000000
10581.000000,16241.000000,7131.000000,43669.000000
10584.000000,16245.000000,7142.000000,43659.000000
10536.000000,16203.000000,7119.000000,43644.000000
10556.000000,16228.000000,7117.000000,43638.000000
10549.000000,16187.000000,7132.000000,43645.000000
10535.000000,16212.000000,7098.000000,43656.000000
10531.000000,16195.000000,7125.000000,43610.000000
10523.000000,16187.000000,7059.000000,43619.000000
10542.000000,16227.000000,7101.000000,43657.000000
10515.000000,16183.000000,7096.000000,43601.000000
10513.000000,16203.000000,7080.000000,43600.000000
10491.000000,16187.000000,7055.000000,43607.000000
10517.000000,16183.000000,7057.000000,43587.000000
10509.000000,16165.000000,7069.000000,43595.000000
10472.000000,16173.000000,7038.000000,43595.000000
10465.000000,16169.000000,7021.000000,43593.000000
10472.000000,16128.000000,7050.000000,43610.000000
10458.000000,16157.000000,7016.000000,43578.000000
10461.000000,16118.000000,7012.000000,43585.000000
10444.000000,16369.000000,7014.000000,43607.000000
10414.000000,16135.000000,6992.000000,43578.000000
10408.000000,16125.000000,7005.000000,43563.000000
10424.000000,16355.000000,6996.000000,43559.000000
10398.000000,16106.000000,7009.000000,43566.000000
10380.000000,16351.000000,6981.000000,43563.000000
10363.000000,16329.000000,6956.000000,43552.000000
10354.000000,16063.000000,6934.000000,43521.000000
10379.000000,16082.000000,6967.000000,43568.000000
10322.000000,16030.000000,6949.000000,43537.000000
10364.000000,16063.000000,6909.000000,43528.000000
10322.000000,16283.000000,6916.000000,43546.000000
10320.000000,16015.000000,6871.000000,43524.000000
10292.000000,16295.000000,6862.000000,43524.000000
10303.000000,16026.000000,6888.000000,43519.000000
10301.000000,16046.000000,6869.000000,43491.000000
10305.000000,16293.000000,6864.000000,43513.000000
10268.000000,16261.000000,6830.000000,43494.000000
10271.000000,16002.000000,6855.000000,43498.000000
10250.000000,16031.000000,6850.000000,43489.000000
10266.000000,16252.000000,6850.000000,43476.000000
10262.000000,15962.000000,6834.000000,43468.000000
10244.000000,16227.000000,6854.000000,43475.000000
10234.000000,15972.000000,6831.000000,43491.000000
10232.000000,16216.000000,6800.000000,43476.000000
10205.000000,16192.000000,6790.000000,43499.000000
10200.000000,16211.000000,6789.000000,43444.000000
10247.000000,15951.000000,6805.000000,43491.000000
10201.000000,16197.000000,6802.000000,43463.000000
10213.000000,15961.000000,6786.000000,43447.000000
10200.000000,15958.000000,6784.000000,43460.000000
10193.000000,15936.000000,6776.000000,43432.000000
10193.000000,15942.000000,6782.000000,43449.000000
10170.000000,16171.000000,6745.000000,43446.000000
10173.000000,15932.000000,6771.000000,43442.000000
10168.000000,15940.000000,6771.000000,43449.000000
10174.000000,16152.000000,6752.000000,43419.000000
10185.000000,15911.000000,6762.000000,43419.000000
10152.000000,15911.000000,6780.000000,43445.000000
10154.000000,15934.000000,6750.000000,43439.000000
10153.000000,16171.000000,6759.000000,43426.000000
10155.000000,15947.000000,6711.000000,43417.000000
10154.000000,15932.000000,6733.000000,43448.000000
10120.000000,15905.000000,6730.000000,43389.000000
10113.000000,15883.000000,6712.000000,43427.000000
10080.000000,15865.000000,6721.000000,43404.000000
10069.000000,15867.000000,6703.000000,43383.000000
10105.000000,15852.000000,6707.000000,43389.000000
10078.000000,15836.000000,6686.000000,43401.000000
10110.000000,15863.000000,6661.000000,43380.000000
10075.000000,15863.000000,6663.000000,43375.000000
10039.000000,16132.000000,6660.000000,43407.000000
10057.000000,15821.000000,6644.000000,43400.000000
10051.000000,15868.000000,6644.000000,43375.000000
10052.000000,15829.000000,6625.000000,43375.000000
10066.000000,15827.000000,6635.000000,43350.000000
10071.000000,15844.000000,6628.000000,43397.000000
10051.000000,15832.000000,6634.000000,43355.000000
10034.000000,15848.000000,6630.000000,43398.000000
10043.000000,15827.000000,6601.000000,43339.000000
10055.000000,15839.000000,6655.000000,43423.000000
10060.000000,15831.000000,6662.000000,43378.000000
10027.000000,15839.000000,6684.000000,43421.000000
10016.000000,15861.000000,6683.000000,43426.000000
10060.000000,15835.000000,6694.000000,43371.000000
10097.000000,15851.000000,6674.000000,43391.000000
10102.000000,16147.000000,6742.000000,43413.000000
10094.000000,15884.000000,6701.000000,43387.000000
10098.000000,15908.000000,6686.000000,43429.000000
10128.000000,15916.000000,6754.000000,43431.000000
10125.000000,15898.000000,6726.000000,43432.000000
10144.000000,16143.000000,6751.000000,43475.000000
10166.000000,15925.000000,6786.000000,43450.000000
10181.000000,16163.000000,6781.000000,43450.000000
10187.000000,15965.000000,6822.000000,43465.000000
10190.000000,16227.000000,6825.000000,43459.000000
10225.000000,16004.000000,6864.000000,43509.000000
10244.000000,15995.000000,6898.000000,43489.000000
10256.000000,16292.000000,6896.000000,43523.000000
10300.000000,16321.000000,6943.000000,43553.000000
10323.000000,16036.000000,6945.000000,43553.000000
10331.000000,16081.000000,6997.000000,43574.000000
10400.000000,16104.000000,7035.000000,43603.000000
10437.000000,16120.000000,7059.000000,43620.000000
10475.000000,16187.000000,7111.000000,43614.000000
10488.000000,16215.000000,7141.000000,43640.000000
10535.000000,16223.000000,7179.000000,43676.000000
10526.000000,16243.000000,7202.000000,43692.000000
10606.000000,16269.000000,7226.000000,43695.000000
10604.000000,16299.000000,7264.000000,43709.000000
10610.000000,16288.000000,7283.000000,43751.000000
10665.000000,16315.000000,7303.000000,43744.000000
10637.000000,16304.000000,7322.000000,43768.000000
10687.000000,16357.000000,7299.000000,43762.000000
10677.000000,16347.000000,7304.000000,43781.000000
10696.000000,16351.000000,7307.000000,43740.000000
10667.000000,16343.000000,7306.000000,43775.000000
10706.000000,16348.000000,7290.000000,44017.000000
10700.000000,16347.000000,7305.000000,43755.000000
10664.000000,16349.000000,7312.000000,43762.000000
10660.000000,16335.000000,7295.000000,43751.000000
10663.000000,16341.000000,7283.000000,43770.000000
10645.000000,16281.000000,7271.000000,43746.000000
10644.000000,16337.000000,7256.000000,43771.000000
10622.000000,16280.000000,7238.000000,43711.000000
10607.000000,16325.000000,7268.000000,43742.000000
10616.000000,16301.000000,7245.000000,43748.000000
10593.000000,16267.000000,7241.000000,43719.000000
10631.000000,16300.000000,7217.000000,43713.000000
10577.000000,16292.000000,7215.000000,43713.000000
10565.000000,16253.000000,7209.000000,43681.000000
10555.000000,16256.000000,7224.000000,43686.000000
10583.000000,16280.000000,7189.000000,43671.000000
10567.000000,16260.000000,7189.000000,43686.000000
10536.000000,16255.000000,7186.000000,43651.000000
10532.000000,16224.000000,7166.000000,43638.000000
10523.000000,16247.000000,7135.000000,43679.000000
10515.000000,16236.000000,7166.000000,43694.000000
10525.000000,16215.000000,7147.000000,43657.000000
10495.000000,16221.000000,7138.000000,43686.000000
10496.000000,16204.000000,7096.000000,43648.000000
10513.000000,16171.000000,7131.000000,43661.000000
10471.000000,16156.000000,7127.000000,43629.000000
10458.000000,16211.000000,7097.000000,43646.000000
10454.000000,16211.000000,7108.000000,43637.000000
10447.000000,16176.000000,7104.000000,43624.000000
10439.000000,16161.000000,7086.000000,43617.000000
10406.000000,16185.000000,7081.000000,43605.000000
10437.000000,16156.000000,7090.000000,43600.000000
10387.000000,16139.000000,7094.000000,43634.000000
10371.000000,16141.000000,7052.000000,43589.000000
10393.000000,16104.000000,7035.000000,43626.000000
10392.000000,16133.000000,7003.000000,43608.000000
10392.000000,16102.000000,7031.000000,43578.000000
10323.000000,16083.000000,7001.000000,43583.000000
10336.000000,16122.000000,6950.000000,43578.000000
10346.000000,16086.000000,6976.000000,43575.000000
10320.000000,16083.000000,7001.000000,43577.000000
10322.000000,16055.000000,6952.000000,43557.000000
10309.000000,16088.000000,6951.000000,43556.000000
10285.000000,16054.000000,6953.000000,43541.000000
10295.000000,16034.000000,6940.000000,43557.000000
10269.000000,16017.000000,6945.000000,43507.000000
10259.000000,16032.000000,6915.000000,43533.000000
10237.000000,15988.000000,6921.000000,43516.000000
10234.000000,16023.000000,6888.000000,43525.000000
10236.000000,16014.000000,6884.000000,43495.000000
10251.000000,16281.000000,6868.000000,43522.000000
10196.000000,16232.000000,6878.000000,43482.000000
10162.000000,15970.000000,6863.000000,43515.000000
10187.000000,15951.000000,6848.000000,43515.000000
10189.000000,15954.000000,6865.000000,43470.000000
10145.000000,16225.000000,6872.000000,43487.000000
10152.000000,15939.000000,6799.000000,43467.000000
10171.000000,15949.000000,6830.000000,43484.000000
10158.000000,15925.000000,6833.000000,43486.000000
10167.000000,16199.000000,6821.000000,43485.000000
10189.000000,15963.000000,6805.000000,43468.000000
10157.000000,15880.000000,6791.000000,43459.000000
10147.000000,15940.000000,6808.000000,43452.000000
10130.000000,15937.000000,6777.000000,43485.000000
10122.000000,15922.000000,6781.000000,43489.000000
10133.000000,16208.000000,6792.000000,43431.000000
10123.000000,15901.000000,6753.000000,43457.000000
10126.000000,15923.000000,6777.000000,43447.000000
10146.000000,15934.000000,6743.000000,43425.000000
10111.000000,15902.000000,6753.000000,43449.000000
10132.000000,15900.000000,6734.000000,43444.000000
10120.000000,15912.000000,6732.000000,43441.000000
10082.000000,15867.000000,6719.000000,43416.000000
10098.000000,15925.000000,6716.000000,43429.000000
10090.000000,15888.000000,6709.000000,43428.000000
10074.000000,15860.000000,6708.000000,43415.000000
10060.000000,15863.000000,6688.000000,43431.000000
10056.000000,15859.000000,6649.000000,43391.000000
10061.000000,15859.000000,6669.000000,43407.000000
10043.000000,15849.000000,6644.000000,43412.000000
10025.000000,15840.000000,6645.000000,43402.000000
10009.000000,15835.000000,6639.000000,43376.000000
9957.000000,15835.000000,6613.000000,43365.000000
9981.000000,15783.000000,6619.000000,43348.000000
9987.000000,15811.000000,6589.000000,43344.000000
9951.000000,15819.000000,6606.000000,43339.000000
9963.000000,15829.000000,6597.000000,43337.000000
10002.000000,15811.000000,6613.000000,43369.000000
9994.000000,15837.000000,6613.000000,43355.000000
10018.000000,15839.000000,6588.000000,43380.000000
9981.000000,15836.000000,6621.000000,43359.000000
10006.000000,15803.000000,6596.000000,43380.000000
10001.000000,15823.000000,6598.000000,43364.000000
10029.000000,15843.000000,6615.000000,43388.000000
10015.000000,15824.000000,6596.000000,43360.000000
10044.000000,15867.000000,6629.000000,43397.000000
10033.000000,15844.000000,6655.000000,43375.000000
10066.000000,15865.000000,6649.000000,43389.000000
10037.000000,15884.000000,6685.000000,43391.000000
10065.000000,15884.000000,6676.000000,43411.000000
10090.000000,16136.000000,6708.000000,43429.000000
10092.000000,16144.000000,6714.000000,43427.000000
10152.000000,16195.000000,6773.000000,43478.000000
10185.000000,15950.000000,6772.000000,43461.000000
10182.000000,15947.000000,6841.000000,43515.000000
10199.000000,16003.000000,6828.000000,43484.000000
10260.000000,16268.000000,6853.000000,43525.000000
10286.000000,16043.000000,6885.000000,43516.000000
10308.000000,16323.000000,6902.000000,43535.000000
10342.000000,16108.000000,6983.000000,43591.000000
10428.000000,16149.000000,7058.000000,43623.000000
10503.000000,16215.000000,7142.000000,43650.000000
10509.000000,16223.000000,7109.000000,43672.000000
10529.000000,16252.000000,7140.000000,43638.000000
10572.000000,16291.000000,7156.000000,43719.000000
10567.000000,16269.000000,7202.000000,43711.000000
10633.000000,16312.000000,7205.000000,43718.000000
10637.000000,16329.000000,7223.000000,43720.000000
10658.000000,16333.000000,7241.000000,43757.000000
10677.000000,16328.000000,7243.000000,43744.000000
10672.000000,16345.000000,7251.000000,43744.000000
10684.000000,16356.000000,7278.000000,43774.000000
10647.000000,16371.000000,7262.000000,43771.000000
10661.000000,16320.000000,7245.000000,43727.000000
10693.000000,16355.000000,7240.000000,43741.000000
10672.000000,16348.000000,7232.000000,43763.000000
10679.000000,16339.000000,7279.000000,43752.000000
10643.000000,16347.000000,7252.000000,43738.000000
10658.000000,16305.000000,7242.000000,43758.000000
10646.000000,16293.000000,7221.000000,43736.000000
10653.000000,16339.000000,7219.000000,43724.000000
10613.000000,16304.000000,7240.000000,43736.000000
10612.000000,16243.000000,7184.000000,43704.000000
10592.000000,16285.000000,7175.000000,43698.000000
10596.000000,16305.000000,7194.000000,43731.000000
10573.000000,16261.000000,7165.000000,43694.000000
10571.000000,16215.000000,7133.000000,43671.000000
10586.000000,16259.000000,7135.000000,43681.000000
10568.000000,16245.000000,7114.000000,43673.000000
10557.000000,16255.000000,7120.000000,43651.000000
10556.000000,16239.000000,7102.000000,43667.000000
10554.000000,16216.000000,7110.000000,43645.000000
10515.000000,16203.000000,7080.000000,43633.000000
10495.000000,16220.000000,7084.000000,43652.000000
10515.000000,16245.000000,7109.000000,43670.000000
10468.000000,16175.000000,7071.000000,43626.000000
10491.000000,16215.000000,7069.000000,43655.000000
10496.000000,16216.000000,7094.000000,43637.000000
10499.000000,16211.000000,7042.000000,43635.000000
10468.000000,16201.000000,7039.000000,43630.000000
10470.000000,16197.000000,7030.000000,43606.000000
10490.000000,16191.000000,7050.000000,43599.000000
10420.000000,16163.000000,7011.000000,43605.000000
10453.000000,16172.000000,7037.000000,43644.000000
10440.000000,16159.000000,7011.000000,43620.000000
10442.000000,16131.000000,7014.000000,43598.000000
10416.000000,16383.000000,7003.000000,43610.000000
10413.000000,16135.000000,6994.000000,43581.000000
10391.000000,16137.000000,6999.000000,43601.000000
10381.000000,16115.000000,6952.000000,43575.000000
10395.000000,16127.000000,6990.000000,43570.000000
10380.000000,16082.000000,6937.000000,43588.000000
10332.000000,16076.000000,6926.000000,43550.000000
10319.000000,16095.000000,6948.000000,43590.000000
10355.000000,16043.000000,6910.000000,43532.000000
10320.000000,16073.000000,6906.000000,43553.000000
10323.000000,16064.000000,6937.000000,43586.000000
10264.000000,16069.000000,6895.000000,43537.000000
10319.000000,16044.000000,6938.000000,43555.000000
10302.000000,16040.000000,6880.000000,43532.000000
10313.000000,16035.000000,6900.000000,43549.000000
10261.000000,16068.000000,6897.000000,43586.000000
10281.000000,16027.000000,6885.000000,43537.000000
10261.000000,16046.000000,6868.000000,43536.000000
10241.000000,16058.000000,6920.000000,43567.000000
10260.000000,16010.000000,6886.000000,43541.000000
10262.000000,16008.000000,6898.000000,43533.000000
10234.000000,15992.000000,6857.000000,43515.000000
10227.000000,16012.000000,6865.000000,43539.000000
10244.000000,16015.000000,6904.000000,43504.000000
10235.000000,15984.000000,6875.000000,43519.000000
10229.000000,15993.000000,6876.000000,43521.000000
10207.000000,16027.000000,6842.000000,43507.000000
10244.000000,15993.000000,6867.000000,43543.000000
10197.000000,16237.000000,6858.000000,43519.000000
10195.000000,15975.000000,6861.000000,43526.000000
10180.000000,15948.000000,6853.000000,43478.000000
10188.000000,15962.000000,6855.000000,43491.000000
10176.000000,16200.000000,6845.000000,43522.000000
10183.000000,15952.000000,6844.000000,43522.000000
10157.000000,16207.000000,6809.000000,43494.000000
10166.000000,15938.000000,6813.000000,43506.000000
10138.000000,16191.000000,6831.000000,43492.000000
10126.000000,15923.000000,6788.000000,43452.000000
10113.000000,15922.000000,6792.000000,43471.000000
10101.000000,15935.000000,6790.000000,43491.000000
10107.000000,15901.000000,6764.000000,43443.000000
10103.000000,15900.000000,6797.000000,43463.000000
10055.000000,15877.000000,6783.000000,43471.000000
10079.000000,15860.000000,6737.000000,43461.000000
10061.000000,15897.000000,6783.000000,43434.000000
10053.000000,15875.000000,6765.000000,43449.000000
10033.000000,15877.000000,6786.000000,43460.000000
10021.000000,15855.000000,6766.000000,43460.000000
10067.000000,15901.000000,6783.000000,43467.000000
10041.000000,15865.000000,6755.000000,43448.000000
10044.000000,15868.000000,6812.000000,43444.000000
10032.000000,15888.000000,6761.000000,43440.000000
10010.000000,15879.000000,6754.000000,43419.000000
10046.000000,15884.000000,6798.000000,43467.000000
10064.000000,15889.000000,6782.000000,43487.000000
10060.000000,15894.000000,6794.000000,43484.000000
10047.000000,15871.000000,6829.000000,43496.000000
10094.000000,15908.000000,6817.000000,43463.000000
10108.000000,15922.000000,6837.000000,43491.000000
10058.000000,15913.000000,6837.000000,43484.000000
10067.000000,15933.000000,6857.000000,43494.000000
10063.000000,15961.000000,6867.000000,43519.000000
10102.000000,15937.000000,6882.000000,43505.000000
10164.000000,16205.000000,6897.000000,43548.000000
10147.000000,15975.000000,6917.000000,43539.000000
10188.000000,15986.000000,6951.000000,43577.000000
10202.000000,16023.000000,6998.000000,43588.000000
10219.000000,16018.000000,7031.000000,43583.000000
10262.000000,16317.000000,7028.000000,43626.000000
10307.000000,16078.000000,7066.000000,43644.000000
10333.000000,16375.000000,7077.000000,43881.000000
10355.000000,16137.000000,7151.000000,43684.000000
10368.000000,16183.000000,7142.000000,43675.000000
10388.000000,16197.000000,7205.000000,43736.000000
10425.000000,16209.000000,7220.000000,43720.000000
10464.000000,16243.000000,7285.000000,43742.000000
10491.000000,16247.000000,7279.000000,43739.000000
10536.000000,16292.000000,7304.000000,43791.000000
10563.000000,16309.000000,7315.000000,43780.000000
10593.000000,16337.000000,7336.000000,43779.000000
10606.000000,16341.000000,7343.000000,43794.000000
10625.000000,16335.000000,7350.000000,43833.000000
10595.000000,16348.000000,7400.000000,43823.000000
10619.000000,16379.000000,7403.000000,43835.000000
10633.000000,16336.000000,7398.000000,43817.000000
10620.000000,16353.000000,7390.000000,43839.000000
10616.000000,16347.000000,7380.000000,43815.000000
10606.000000,16357.000000,7386.000000,43808.000000
10603.000000,16348.000000,7352.000000,43808.000000
10629.000000,16355.000000,7378.000000,43817.000000
10573.000000,16347.000000,7363.000000,43789.000000
10590.000000,16300.000000,7330.000000,43786.000000
10579.000000,16345.000000,7337.000000,43811.000000
10580.000000,16324.000000,7311.000000,43776.000000
10540.000000,16315.000000,7285.000000,43770.000000
10532.000000,16303.000000,7302.000000,43780.000000
10533.000000,16285.000000,7280.000000,43774.000000
10524.000000,16291.000000,7278.000000,43749.000000
10516.000000,16283.000000,7280.000000,43750.000000
10522.000000,16272.000000,7272.000000,43740.000000
10515.000000,16251.000000,7253.000000,43732.000000
10476.000000,16239.000000,7229.000000,43731.000000
10471.000000,16247.000000,7226.000000,43725.000000
10457.000000,16231.000000,7212.000000,43710.000000
10475.000000,16207.000000,7256.000000,43721.000000
10425.000000,16207.000000,7182.000000,43709.000000
10445.000000,16220.000000,7182.000000,43668.000000
10438.000000,16221.000000,7215.000000,43972.000000
10397.000000,16199.000000,7211.000000,43688.000000
10393.000000,16187.000000,7148.000000,43684.000000
10394.000000,16195.000000,7160.000000,43667.000000
10381.000000,16184.000000,7131.000000,43706.000000
10407.000000,16156.000000,7143.000000,43669.000000
10392.000000,16173.000000,7140.000000,43686.000000
10349.000000,16148.000000,7101.000000,43648.000000
10341.000000,16131.000000,7124.000000,43693.000000
10356.000000,16139.000000,7107.000000,43648.000000
10317.000000,16113.000000,7061.000000,43635.000000
10308.000000,16132.000000,7074.000000,43638.000000
10298.000000,16076.000000,7045.000000,43652.000000
10293.000000,16372.000000,7050.000000,43610.000000
10290.000000,16078.000000,7042.000000,43603.000000
10257.000000,16070.000000,7012.000000,43595.000000
10245.000000,16059.000000,6982.000000,43581.000000
10261.000000,16064.000000,6992.000000,43595.000000
10204.000000,16043.000000,6982.000000,43575.000000
10203.000000,16007.000000,6939.000000,43591.000000
10203.000000,16029.000000,6927.000000,43581.000000
10190.000000,16030.000000,6952.000000,43556.000000
10180.000000,16034.000000,6972.000000,43580.000000
10167.000000,15994.000000,6906.000000,43537.000000
10175.000000,16215.000000,6904.000000,43545.000000
10146.000000,15997.000000,6926.000000,43519.000000
10133.000000,15960.000000,6861.000000,43551.000000
10111.000000,16243.000000,6881.000000,43550.000000
10109.000000,15956.000000,6865.000000,43514.000000
10084.000000,15940.000000,6863.000000,43492.000000
10102.000000,15925.000000,6828.000000,43499.000000
10059.000000,16176.000000,6837.000000,43492.000000
10096.000000,15921.000000,6819.000000,43467.000000
10029.000000,16140.000000,6805.000000,43471.000000
10047.000000,15924.000000,6827.000000,43493.000000
10043.000000,16155.000000,6815.000000,43472.000000
10033.000000,16140.000000,6791.000000,43456.000000
10031.000000,15887.000000,6783.000000,43472.000000
10046.000000,15890.000000,6772.000000,43483.000000
10001.000000,16132.000000,6796.000000,43451.000000
10002.000000,15865.000000,6776.000000,43452.000000
9966.000000,15863.000000,6755.000000,43469.000000
10006.000000,15855.000000,6749.000000,43447.000000
9980.000000,15871.000000,6735.000000,43469.000000
9946.000000,15855.000000,6748.000000,43432.000000
10001.000000,15875.000000,6747.000000,43465.000000
9972.000000,15853.000000,6743.000000,43447.000000
9963.000000,15841.000000,6720.000000,43456.000000
9977.000000,15857.000000,6731.000000,43436.000000
9965.000000,15855.000000,6704.000000,43416.000000
9937.000000,15819.000000,6704.000000,43412.000000
9953.000000,15836.000000,6705.000000,43428.000000
9945.000000,15799.000000,6709.000000,43398.000000
9917.000000,15823.000000,6701.000000,43419.000000
9926.000000,15839.000000,6659.000000,43379.000000
9928.000000,15797.000000,6652.000000,43384.000000
9928.000000,15779.000000,6654.000000,43378.000000
9906.000000,15788.000000,6650.000000,43391.000000
9872.000000,15780.000000,6612.000000,43377.000000
9863.000000,15763.000000,6634.000000,43375.000000
9861.000000,15779.000000,6624.000000,43363.000000
9832.000000,15723.000000,6610.000000,43367.000000
9838.000000,15733.000000,6614.000000,43372.000000
9844.000000,15739.000000,6593.000000,43380.000000
9850.000000,15731.000000,6582.000000,43372.000000
9834.000000,15727.000000,6582.000000,43333.000000
9813.000000,15712.000000,6562.000000,43361.000000
9817.000000,15743.000000,6572.000000,43340.000000
9838.000000,15733.000000,6594.000000,43346.000000
9801.000000,15697.000000,6592.000000,43337.000000
9803.000000,15768.000000,6607.000000,43364.000000
9854.000000,15747.000000,6592.000000,43387.000000
9843.000000,15735.000000,6599.000000,43357.000000
9838.000000,15759.000000,6600.000000,43371.000000
9847.000000,15743.000000,6585.000000,43360.000000
9868.000000,15786.000000,6639.000000,43380.000000
9872.000000,15783.000000,6678.000000,43385.000000
9876.000000,15775.000000,6648.000000,43356.000000
9873.000000,15799.000000,6658.000000,43407.000000
9881.000000,15784.000000,6706.000000,43391.000000
9863.000000,15805.000000,6685.000000,43427.000000
9912.000000,15837.000000,6728.000000,43421.000000
9915.000000,15832.000000,6712.000000,43440.000000
9940.000000,15841.000000,6764.000000,43471.000000
9964.000000,15881.000000,6759.000000,43461.000000
10004.000000,15867.000000,6768.000000,43460.000000
10018.000000,16156.000000,6804.000000,43503.000000
10045.000000,15898.000000,6845.000000,43508.000000
10060.000000,16195.000000,6842.000000,43522.000000
10113.000000,16225.000000,6891.000000,43556.000000
10118.000000,16237.000000,6925.000000,43545.000000
10176.000000,16237.000000,6971.000000,43543.000000
10206.000000,16038.000000,7002.000000,43611.000000
10245.000000,16060.000000,7026.000000,43579.000000
10285.000000,16339.000000,7071.000000,43611.000000
10381.000000,16143.000000,7074.000000,43666.000000
10382.000000,16135.000000,7130.000000,43666.000000
10375.000000,16139.000000,7158.000000,43690.000000
10390.000000,16203.000000,7199.000000,43689.000000
10439.000000,16213.000000,7217.000000,43730.000000
10477.000000,16223.000000,7241.000000,43742.000000
10505.000000,16239.000000,7265.000000,43751.000000
10523.000000,16272.000000,7281.000000,43765.000000
10500.000000,16247.000000,7268.000000,43750.000000
10511.000000,16291.000000,7269.000000,43759.000000
10509.000000,16249.000000,7291.000000,43748.000000
10490.000000,16284.000000,7258.000000,43733.000000
10489.000000,16247.000000,7268.000000,43756.000000
10485.000000,16255.000000,7254.000000,43759.000000
10479.000000,16261.000000,7279.000000,43754.000000
10455.000000,16253.000000,7220.000000,43748.000000
10460.000000,16253.000000,7259.000000,43773.000000
10456.000000,16293.000000,7233.000000,43744.000000
10439.000000,16236.000000,7221.000000,43725.000000
10470.000000,16220.000000,7217.000000,43730.000000
10434.000000,16229.000000,7220.000000,43712.000000
10460.000000,16230.000000,7214.000000,43723.000000
10406.000000,16189.000000,7227.000000,43725.000000
10392.000000,16211.000000,7192.000000,43713.000000
10385.000000,16187.000000,7186.000000,43690.000000
10392.000000,16175.000000,7181.000000,43699.000000
10366.000000,16203.000000,7177.000000,43706.000000
10387.000000,16176.000000,7169.000000,43699.000000
10326.000000,16159.000000,7135.000000,43681.000000
10351.000000,16151.000000,7138.000000,43680.000000
10305.000000,16156.000000,7162.000000,43682.000000
10307.000000,16156.000000,7124.000000,43675.000000
10330.000000,16143.000000,7119.000000,43691.000000
10328.000000,16155.000000,7126.000000,43673.000000
10289.000000,16372.000000,7084.000000,43636.000000
10280.000000,16140.000000,7106.000000,43675.000000
10268.000000,16102.000000,7099.000000,43621.000000
10278.000000,16351.000000,7100.000000,43646.000000
10240.000000,16056.000000,7048.000000,43622.000000
10247.000000,16161.000000,7046.000000,43621.000000
10204.000000,16090.000000,7038.000000,43616.000000
10232.000000,16045.000000,7045.000000,43612.000000
10249.000000,16051.000000,7028.000000,43613.000000
10200.000000,16055.000000,7008.000000,43604.000000
10213.000000,16036.000000,7000.000000,43588.000000
10188.000000,16036.000000,7025.000000,43619.000000
10148.000000,16035.000000,6993.000000,43588.000000
10173.000000,16038.000000,6966.000000,43591.000000
10173.000000,16259.000000,6967.000000,43571.000000
10146.000000,16021.000000,6971.000000,43575.000000
10137.000000,16001.000000,6975.000000,43606.000000
10124.000000,16252.000000,6944.000000,43552.000000
10105.000000,16255.000000,6959.000000,43555.000000
10072.000000,16000.000000,6917.000000,43525.000000
10072.000000,15972.000000,6931.000000,43559.000000
10090.000000,15999.000000,6898.000000,43538.000000
10084.000000,16223.000000,6914.000000,43560.000000
10061.000000,16223.000000,6876.000000,43526.000000
10061.000000,16187.000000,6895.000000,43520.000000
10056.000000,15944.000000,6891.000000,43500.000000
10046.000000,15936.000000,6881.000000,43513.000000
10023.000000,16171.000000,6881.000000,43520.000000
10001.000000,15939.000000,6864.000000,43508.000000
10025.000000,15911.000000,6869.000000,43517.000000
10053.000000,15930.000000,6866.000000,43468.000000
9997.000000,15922.000000,6861.000000,43521.000000
10003.000000,15922.000000,6818.000000,43481.000000
9992.000000,15918.000000,6851.000000,43504.000000
9982.000000,15900.000000,6836.000000,43507.000000
10013.000000,15893.000000,6885.000000,43517.000000
10004.000000,15906.000000,6850.000000,43479.000000
9991.000000,15869.000000,6833.000000,43494.000000
9992.000000,15891.000000,6807.000000,43496.000000
9972.000000,15903.000000,6830.000000,43525.000000
9966.000000,15882.000000,6825.000000,43484.000000
9980.000000,15915.000000,6841.000000,43517.000000
9956.000000,15894.000000,6847.000000,43472.000000
9974.000000,15863.000000,6817.000000,43501.000000
9991.000000,15911.000000,6849.000000,43469.000000
9980.000000,15873.000000,6827.000000,43497.000000
9971.000000,15871.000000,6784.000000,43500.000000
9979.000000,15901.000000,6846.000000,43469.000000
9969.000000,15882.000000,6843.000000,43492.000000
9975.000000,16141.000000,6804.000000,43476.000000
9962.000000,15886.000000,6853.000000,43519.000000
9964.000000,15880.000000,6819.000000,43493.000000
9973.000000,16133.000000,6833.000000,43487.000000
9962.000000,15860.000000,6811.000000,43479.000000
9934.000000,15887.000000,6802.000000,43475.000000
9929.000000,15864.000000,6786.000000,43494.000000
9952.000000,15851.000000,6809.000000,43481.000000
9924.000000,15847.000000,6787.000000,43488.000000
9921.000000,15855.000000,6799.000000,43477.000000
9932.000000,16145.000000,6799.000000,43465.000000
9897.000000,15847.000000,6797.000000,43461.000000
9907.000000,15839.000000,6765.000000,43453.000000
9906.000000,15835.000000,6785.000000,43471.000000
9924.000000,15861.000000,6796.000000,43471.000000
9891.000000,15839.000000,6796.000000,43471.000000
9930.000000,16143.000000,6811.000000,43448.000000
9921.000000,15855.000000,6812.000000,43471.000000
9930.000000,15851.000000,6797.000000,43499.000000
9931.000000,15861.000000,6816.000000,43472.000000
9926.000000,15860.000000,6834.000000,43460.000000
9961.000000,15880.000000,6852.000000,43501.000000
9963.000000,15912.000000,6840.000000,43515.000000
9964.000000,15883.000000,6830.000000,43524.000000
9950.000000,15893.000000,6850.000000,43515.000000
9998.000000,15926.000000,6883.000000,43537.000000
10003.000000,15880.000000,6909.000000,43527.000000
10017.000000,15911.000000,6891.000000,43521.000000
10037.000000,15955.000000,6939.000000,43543.000000
10047.000000,16219.000000,6959.000000,43540.000000
10057.000000,16001.000000,6953.000000,43575.000000
10085.000000,15977.000000,7007.000000,43583.000000
10101.000000,15994.000000,7016.000000,43609.000000
10123.000000,16043.000000,7022.000000,43649.000000
10142.000000,16052.000000,7044.000000,43625.000000
10194.000000,16349.000000,7087.000000,43637.000000
10229.000000,16077.000000,7126.000000,43666.000000
10235.000000,16122.000000,7140.000000,43691.000000
10272.000000,16146.000000,7202.000000,43706.000000
10314.000000,16172.000000,7236.000000,43725.000000
10316.000000,16192.000000,7260.000000,43758.000000
10329.000000,16235.000000,7289.000000,43772.000000
10417.000000,16279.000000,7321.000000,43812.000000
10472.000000,16315.000000,7382.000000,43823.000000
10509.000000,16355.000000,7409.000000,43816.000000
10566.000000,16363.000000,7468.000000,43883.000000
10578.000000,16425.000000,7505.000000,43873.000000
10621.000000,16423.000000,7501.000000,43914.000000
10679.000000,16435.000000,7564.000000,43931.000000
10693.000000,16475.000000,7609.000000,43974.000000
10725.000000,16497.000000,7621.000000,43967.000000
10740.000000,16499.000000,7638.000000,43987.000000
10775.000000,16533.000000,7614.000000,43968.000000
10767.000000,16505.000000,7687.000000,43995.000000
10773.000000,16570.000000,7680.000000,44008.000000
10809.000000,16567.000000,7678.000000,43988.000000
10754.000000,16569.000000,7691.000000,44003.000000
10808.000000,16561.000000,7687.000000,44020.000000
10775.000000,16564.000000,7691.000000,44025.000000
10766.000000,16546.000000,7661.000000,43990.000000
10812.000000,16566.000000,7698.000000,43997.000000
10812.000000,16564.000000,7682.000000,44032.000000
10783.000000,16538.000000,7666.000000,43987.000000
10770.000000,16549.000000,7645.000000,43982.000000
10740.000000,16521.000000,7624.000000,43956.000000
10759.000000,16538.000000,7638.000000,43985.000000
10734.000000,16518.000000,7646.000000,43972.000000
10752.000000,16526.000000,7612.000000,43957.000000
10735.000000,16487.000000,7606.000000,43952.000000
10716.000000,16523.000000,7610.000000,43941.000000
10722.000000,16511.000000,7600.000000,43935.000000
10732.000000,16492.000000,7579.000000,43941.000000
10670.000000,16479.000000,7595.000000,43942.000000
10724.000000,16480.000000,7602.000000,43944.000000
10655.000000,16480.000000,7565.000000,43927.000000
10653.000000,16464.000000,7547.000000,43958.000000
10662.000000,16464.000000,7571.000000,43945.000000
10634.000000,16449.000000,7566.000000,43943.000000
10652.000000,16452.000000,7555.000000,43903.000000
10623.000000,16436.000000,7522.000000,43924.000000
10633.000000,16438.000000,7522.000000,43888.000000
10648.000000,16450.000000,7532.000000,43912.000000
10626.000000,16436.000000,7528.000000,43922.000000
10604.000000,16405.000000,7488.000000,43872.000000
10609.000000,16433.000000,7494.000000,43907.000000
10575.000000,16409.000000,7485.000000,43874.000000
10570.000000,16447.000000,7503.000000,43893.000000
10549.000000,16390.000000,7492.000000,43892.000000
10537.000000,16383.000000,7461.000000,43879.000000
10559.000000,16394.000000,7448.000000,43861.000000
10511.000000,16355.000000,7411.000000,43875.000000
10568.000000,16367.000000,7431.000000,43891.000000
10517.000000,16385.000000,7409.000000,43874.000000
10538.000000,16336.000000,7426.000000,43861.000000
10528.000000,16364.000000,7420.000000,43854.000000
10507.000000,16360.000000,7408.000000,43827.000000
10487.000000,16339.000000,7398.000000,43850.000000
10491.000000,16327.000000,7387.000000,43809.000000
10479.000000,16335.000000,7392.000000,43831.000000
10446.000000,16308.000000,7373.000000,43813.000000
10428.000000,16309.000000,7366.000000,43851.000000
10443.000000,16279.000000,7325.000000,43804.000000
10438.000000,16282.000000,7362.000000,43816.000000
10418.000000,16265.000000,7345.000000,43789.000000
10417.000000,16317.000000,7313.000000,43805.000000
10424.000000,16285.000000,7327.000000,43771.000000
10402.000000,16279.000000,7313.000000,43779.000000
10386.000000,16264.000000,7318.000000,43791.000000
10402.000000,16257.000000,7308.000000,43803.000000
10399.000000,16295.000000,7301.000000,43777.000000
10354.000000,16237.000000,7323.000000,43811.000000
10366.000000,16251.000000,7279.000000,43769.000000
10373.000000,16247.000000,7319.000000,43795.000000
10390.000000,16240.000000,7318.000000,43763.000000
10335.000000,16260.000000,7297.000000,43766.000000
10342.000000,16245.000000,7304.000000,43760.000000
10364.000000,16248.000000,7265.000000,43758.000000
10335.000000,16221.000000,7285.000000,43759.000000
10318.000000,16225.000000,7255.000000,43728.000000
10373.000000,16248.000000,7296.000000,43769.000000
10331.000000,16221.000000,7273.000000,43760.000000
10350.000000,16232.000000,7282.000000,43761.000000
10319.000000,16248.000000,7283.000000,43768.000000
10352.000000,16203.000000,7285.000000,43761.000000
10333.000000,16227.000000,7257.000000,43770.000000
10318.000000,16221.000000,7291.000000,43789.000000
10322.000000,16243.000000,7249.000000,43754.000000
10309.000000,16200.000000,7274.000000,43735.000000
10336.000000,16211.000000,7260.000000,43746.000000
10315.000000,16212.000000,7250.000000,43764.000000
10329.000000,16201.000000,7238.000000,43744.000000
10294.000000,16216.000000,7242.000000,43769.000000
10318.000000,16227.000000,7251.000000,43740.000000
10287.000000,16220.000000,7227.000000,43764.000000
10275.000000,16183.000000,7224.000000,43729.000000
10271.000000,16187.000000,7180.000000,43747.000000
10267.000000,16211.000000,7218.000000,43738.000000
10257.000000,16176.000000,7228.000000,43719.000000
10255.000000,16155.000000,7211.000000,43720.000000
10255.000000,16169.000000,7190.000000,43750.000000
10262.000000,16168.000000,7185.000000,43717.000000
10237.000000,16149.000000,7205.000000,43705.000000
10258.000000,16156.000000,7169.000000,43719.000000
10228.000000,16155.000000,7165.000000,43715.000000
10255.000000,16132.000000,7190.000000,43728.000000
10255.000000,16184.000000,7204.000000,43729.000000
10248.000000,16165.000000,7194.000000,43701.000000
10252.000000,16195.000000,7195.000000,43718.000000
10256.000000,16131.000000,7217.000000,43750.000000
10261.000000,16199.000000,7185.000000,43731.000000
10308.000000,16183.000000,7236.000000,43736.000000
10299.000000,16183.000000,7240.000000,43728.000000
10309.000000,16243.000000,7250.000000,43819.000000
10317.000000,16184.000000,7269.000000,43773.000000
10343.000000,16227.000000,7274.000000,43790.000000
10341.000000,16240.000000,7298.000000,43823.000000
10341.000000,16232.000000,7285.000000,43791.000000
10421.000000,16268.000000,7336.000000,43843.000000
10437.000000,16317.000000,7367.000000,43827.000000
10424.000000,16307.000000,7394.000000,43854.000000
10462.000000,16323.000000,7393.000000,43888.000000
10475.000000,16315.000000,7401.000000,43879.000000
10495.000000,16368.000000,7428.000000,43903.000000
10512.000000,16363.000000,7472.000000,43905.000000
10558.000000,16389.000000,7498.000000,43923.000000
10569.000000,16427.000000,7520.000000,43943.000000
10655.000000,16467.000000,7579.000000,43980.000000
10650.000000,16471.000000,7583.000000,43980.000000
10688.000000,16528.000000,7643.000000,44027.000000
10732.000000,16500.000000,7643.000000,44023.000000
10752.000000,16551.000000,7679.000000,44059.000000
10768.000000,16576.000000,7724.000000,44047.000000
10837.000000,16611.000000,7779.000000,44056.000000
10865.000000,16629.000000,7829.000000,44089.000000
10880.000000,16684.000000,7852.000000,44146.000000
10943.000000,16675.000000,7860.000000,44125.000000
10922.000000,16683.000000,7890.000000,44151.000000
10983.000000,16727.000000,7926.000000,44158.000000
11001.000000,16764.000000,7938.000000,44183.000000
11061.000000,16748.000000,7951.000000,44181.000000
11059.000000,16759.000000,7949.000000,44204.000000
11044.000000,16783.000000,7960.000000,44197.000000
11072.000000,16793.000000,7992.000000,44194.000000
11056.000000,16799.000000,7992.000000,44213.000000
11057.000000,16807.000000,7987.000000,44205.000000
11067.000000,16747.000000,7990.000000,44201.000000
11055.000000,16805.000000,7992.000000,44207.000000
11071.000000,16797.000000,7967.000000,44173.000000
11019.000000,16765.000000,7943.000000,44175.000000
11031.000000,16767.000000,7962.000000,44164.000000
11003.000000,16749.000000,7930.000000,44173.000000
11025.000000,16789.000000,7938.000000,44177.000000
10989.000000,16741.000000,7912.000000,44146.000000
11005.000000,16759.000000,7940.000000,44199.000000
10986.000000,16715.000000,7914.000000,44158.000000
10988.000000,16724.000000,7922.000000,44172.000000
10966.000000,16735.000000,7884.000000,44166.000000
10964.000000,16700.000000,7864.000000,44133.000000
10955.000000,16700.000000,7859.000000,44155.000000
10926.000000,16687.000000,7875.000000,44167.000000
10936.000000,16700.000000,7855.000000,44164.000000
10913.000000,16698.000000,7837.000000,44134.000000
10934.000000,16680.000000,7811.000000,44119.000000
10935.000000,16671.000000,7850.000000,44137.000000
10883.000000,16653.000000,7824.000000,44127.000000
10897.000000,16659.000000,7811.000000,44099.000000
10902.000000,16645.000000,7797.000000,44115.000000
10912.000000,16651.000000,7781.000000,44122.000000
10864.000000,16659.000000,7809.000000,44127.000000
10847.000000,16632.000000,7761.000000,44093.000000
10840.000000,16626.000000,7765.000000,44088.000000
10830.000000,16611.000000,7775.000000,44091.000000
10842.000000,16611.000000,7758.000000,44060.000000
10831.000000,16623.000000,7743.000000,44098.000000
10799.000000,16584.000000,7729.000000,44048.000000
10816.000000,16621.000000,7693.000000,44063.000000
10779.000000,16579.000000,7723.000000,44069.000000
10761.000000,16582.000000,7705.000000,44070.000000
10805.000000,16604.000000,7731.000000,44065.000000
10760.000000,16560.000000,7726.000000,44043.000000
10739.000000,16551.000000,7671.000000,44057.000000
10747.000000,16548.000000,7703.000000,44037.000000
10728.000000,16527.000000,7624.000000,44014.000000
10733.000000,16506.000000,7668.000000,44031.000000
10701.000000,16503.000000,7667.000000,44011.000000
10688.000000,16533.000000,7616.000000,44015.000000
10678.000000,16511.000000,7652.000000,43995.000000
10668.000000,16498.000000,7609.000000,43991.000000
10647.000000,16476.000000,7590.000000,43999.000000
10663.000000,16498.000000,7620.000000,44005.000000
10648.000000,16462.000000,7595.000000,43960.000000
10630.000000,16475.000000,7557.000000,44012.000000
10616.000000,16465.000000,7549.000000,43986.000000
10608.000000,16459.000000,7584.000000,43967.000000
10605.000000,16468.000000,7608.000000,43978.000000
10633.000000,16451.000000,7527.000000,43914.000000
10629.000000,16460.000000,7519.000000,43950.000000
10591.000000,16430.000000,7531.000000,43991.000000
10604.000000,16441.000000,7550.000000,43959.000000
10588.000000,16416.000000,7529.000000,43954.000000
10578.000000,16380.000000,7485.000000,43909.000000
10511.000000,16411.000000,7512.000000,43933.000000
10543.000000,16417.000000,7515.000000,43944.000000
10554.000000,16432.000000,7498.000000,43956.000000
10545.000000,16405.000000,7468.000000,43929.000000
10576.000000,16425.000000,7502.000000,43947.000000
10551.000000,16395.000000,7518.000000,43931.000000
10543.000000,16365.000000,7464.000000,43915.000000
10555.000000,16355.000000,7462.000000,43949.000000
10546.000000,16417.000000,7484.000000,43922.000000
10519.000000,16384.000000,7477.000000,43911.000000
10534.000000,16368.000000,7482.000000,43899.000000
10518.000000,16359.000000,7465.000000,43908.000000
10511.000000,16411.000000,7454.000000,43901.000000
10503.000000,16351.000000,7440.000000,43886.000000
10507.000000,16352.000000,7423.000000,43895.000000
10460.000000,16337.000000,7417.000000,43906.000000
10525.000000,16351.000000,7444.000000,43897.000000
10498.000000,16337.000000,7393.000000,43888.000000
10440.000000,16313.000000,7408.000000,43874.000000
10482.000000,16279.000000,7389.000000,43862.000000
10436.000000,16315.000000,7383.000000,43862.000000
10447.000000,16315.000000,7377.000000,43866.000000
10422.000000,16323.000000,7370.000000,43877.000000
10393.000000,16308.000000,7362.000000,43851.000000
10437.000000,16259.000000,7366.000000,43835.000000
10378.000000,16268.000000,7336.000000,43839.000000
10420.000000,16336.000000,7324.000000,43830.000000
10411.000000,16273.000000,7365.000000,43840.000000
10389.000000,16281.000000,7330.000000,43843.000000
10420.000000,16301.000000,7375.000000,43821.000000
10425.000000,16247.000000,7316.000000,43847.000000
10420.000000,16267.000000,7329.000000,43845.000000
10415.000000,16300.000000,7372.000000,43846.000000
10385.000000,16287.000000,7318.000000,43847.000000
10415.000000,16320.000000,7387.000000,43888.000000
10406.000000,16293.000000,7330.000000,43862.000000
10422.000000,16320.000000,7364.000000,43843.000000
10432.000000,16303.000000,7361.000000,43888.000000
10453.000000,16341.000000,7389.000000,43895.000000
10455.000000,16351.000000,7402.000000,43887.000000
10480.000000,16319.000000,7429.000000,43900.000000
10502.000000,16347.000000,7440.000000,43910.000000
10497.000000,16347.000000,7426.000000,43891.000000
10523.000000,16361.000000,7455.000000,43922.000000
10551.000000,16343.000000,7472.000000,43917.000000
10545.000000,16377.000000,7478.000000,43940.000000
10562.000000,16397.000000,7495.000000,43927.000000
10592.000000,16429.000000,7510.000000,43935.000000
10612.000000,16442.000000,7562.000000,43987.000000
10644.000000,16431.000000,7539.000000,43994.000000
10660.000000,16498.000000,7599.000000,44018.000000
10692.000000,16508.000000,7623.000000,44013.000000
10743.000000,16537.000000,7646.000000,44027.000000
10790.000000,16551.000000,7696.000000,44068.000000
10745.000000,16557.000000,7701.000000,44076.000000
10834.000000,16593.000000,7788.000000,44098.000000
10878.000000,16624.000000,7782.000000,44091.000000
10912.000000,16659.000000,7833.000000,44122.000000
10929.000000,16704.000000,7865.000000,44165.000000
10970.000000,16724.000000,7900.000000,44153.000000
10999.000000,16747.000000,7918.000000,44200.000000
11037.000000,16731.000000,7936.000000,44195.000000
11062.000000,16753.000000,8004.000000,44209.000000
11079.000000,16771.000000,7992.000000,44241.000000
11100.000000,16793.000000,8026.000000,44222.000000
11122.000000,16824.000000,8017.000000,44244.000000
11110.000000,16833.000000,8018.000000,44251.000000
11128.000000,16831.000000,8027.000000,44271.000000
11131.000000,16839.000000,8049.000000,44270.000000
11095.000000,16805.000000,8004.000000,44248.000000
11140.000000,16824.000000,8053.000000,44245.000000
11095.000000,16827.000000,8023.000000,44258.000000
11107.000000,16825.000000,7994.000000,44220.000000
11071.000000,16833.000000,8007.000000,44242.000000
11080.000000,16804.000000,7994.000000,44231.000000
11075.000000,16800.000000,7998.000000,44275.000000
11055.000000,16787.000000,7983.000000,44241.000000
11039.000000,16759.000000,7975.000000,44188.000000
11015.000000,16747.000000,7934.000000,44193.000000
11016.000000,16747.000000,7946.000000,44202.000000
11016.000000,16764.000000,7939.000000,44206.000000
10993.000000,16751.000000,7952.000000,44206.000000
11022.000000,16767.000000,7935.000000,44181.000000
11011.000000,16723.000000,7917.000000,44200.000000
11011.000000,16723.000000,7926.000000,44164.000000
10964.000000,16697.000000,7886.000000,44152.000000
10944.000000,16687.000000,7871.000000,44203.000000
10960.000000,16741.000000,7887.000000,44177.000000
10960.000000,16707.000000,7874.000000,44154.000000
10964.000000,16725.000000,7901.000000,44165.000000
10877.000000,16649.000000,7836.000000,44165.000000
10924.000000,16703.000000,7854.000000,44144.000000
10916.000000,16660.000000,7826.000000,44114.000000
10897.000000,16660.000000,8095.000000,44147.000000
10896.000000,16651.000000,7825.000000,44118.000000
10884.000000,16643.000000,7795.000000,44100.000000
10894.000000,16656.000000,7769.000000,44087.000000
10867.000000,16607.000000,7775.000000,44107.000000
10861.000000,16641.000000,7808.000000,44089.000000
10823.000000,16601.000000,7779.000000,44089.000000
10858.000000,16608.000000,7758.000000,44104.000000
10812.000000,16611.000000,7762.000000,44106.000000
10799.000000,16577.000000,7720.000000,44077.000000
10811.000000,16593.000000,7728.000000,44081.000000
10795.000000,16571.000000,7720.000000,44076.000000
10806.000000,16549.000000,7709.000000,44095.000000
10785.000000,16584.000000,7713.000000,44099.000000
11037.000000,16576.000000,7707.000000,44078.000000
10747.000000,16556.000000,7703.000000,44074.000000
10707.000000,16530.000000,7662.000000,44062.000000
10759.000000,16528.000000,7673.000000,44051.000000
10751.000000,16520.000000,7661.000000,44050.000000
10724.000000,16533.000000,7663.000000,44038.000000
10728.000000,16527.000000,7662.000000,44041.000000
10717.000000,16532.000000,7667.000000,44047.000000
10706.000000,16522.000000,7643.000000,44004.000000
10698.000000,16489.000000,7614.000000,44016.000000
10657.000000,16496.000000,7588.000000,44015.000000
10674.000000,16499.000000,7613.000000,44040.000000
10682.000000,16491.000000,7600.000000,44008.000000
10644.000000,16484.000000,7597.000000,44024.000000
10652.000000,16461.000000,7579.000000,44017.000000
10625.000000,16487.000000,7574.000000,43977.000000
10607.000000,16447.000000,7598.000000,43991.000000
10617.000000,16454.000000,7578.000000,44003.000000
10616.000000,16463.000000,7568.000000,43985.000000
10620.000000,16450.000000,7572.000000,44010.000000
10626.000000,16462.000000,7584.000000,44010.000000
10579.000000,16423.000000,7556.000000,43977.000000
10598.000000,16443.000000,7570.000000,44007.000000
10618.000000,16431.000000,7527.000000,43969.000000
10606.000000,16454.000000,7555.000000,43991.000000
10566.000000,16427.000000,7520.000000,43972.000000
10575.000000,16416.000000,7514.000000,43956.000000
10581.000000,16417.000000,7504.000000,43963.000000
10581.000000,16389.000000,7527.000000,43916.000000
10572.000000,16386.000000,7520.000000,43940.000000
10575.000000,16415.000000,7510.000000,43963.000000
10539.000000,16406.000000,7496.000000,43988.000000
10521.000000,16388.000000,7505.000000,43964.000000
10499.000000,16359.000000,7473.000000,43934.000000
10508.000000,16371.000000,7488.000000,43927.000000
10474.000000,16359.000000,7450.000000,43935.000000
10481.000000,16331.000000,7452.000000,43943.000000
10496.000000,16361.000000,7440.000000,43927.000000
10450.000000,16339.000000,7396.000000,43916.000000
10467.000000,16332.000000,7412.000000,43908.000000
10441.000000,16307.000000,7404.000000,43915.000000
10454.000000,16331.000000,7413.000000,43899.000000
10411.000000,16300.000000,7390.000000,43881.000000
10414.000000,16252.000000,7374.000000,43895.000000
10400.000000,16299.000000,7390.000000,43909.000000
10396.000000,16255.000000,7390.000000,43868.000000
10422.000000,16299.000000,7378.000000,43879.000000
10422.000000,16296.000000,7346.000000,43904.000000
10428.000000,16304.000000,7416.000000,43891.000000
10395.000000,16309.000000,7410.000000,43872.000000
10405.000000,16320.000000,7414.000000,43904.000000
10434.000000,16317.000000,7386.000000,43875.000000
10420.000000,16304.000000,7418.000000,43891.000000
10433.000000,16292.000000,7402.000000,43895.000000
10433.000000,16319.000000,7392.000000,43884.000000
10446.000000,16347.000000,7415.000000,43872.000000
10463.000000,16337.000000,7395.000000,43915.000000
10464.000000,16361.000000,7464.000000,43914.000000
10461.000000,16345.000000,7452.000000,43945.000000
10489.000000,16368.000000,7464.000000,43948.000000
10507.000000,16375.000000,7487.000000,43925.000000
10513.000000,16352.000000,7487.000000,43971.000000
10514.000000,16392.000000,7510.000000,43961.000000
10536.000000,16407.000000,7517.000000,43944.000000
10587.000000,16427.000000,7537.000000,43986.000000
10580.000000,16418.000000,7567.000000,43988.000000
10630.000000,16454.000000,7591.000000,43983.000000
10652.000000,16471.000000,7619.000000,44046.000000
10687.000000,16524.000000,7647.000000,44061.000000
10718.000000,16516.000000,7687.000000,44079.000000
10740.000000,16553.000000,7728.000000,44051.000000
10772.000000,16576.000000,7723.000000,44068.000000
10841.000000,16601.000000,7786.000000,44102.000000
10865.000000,16656.000000,7780.000000,44153.000000
10864.000000,16656.000000,7807.000000,44169.000000
10935.000000,16643.000000,7870.000000,44186.000000
10950.000000,16735.000000,7913.000000,44237.000000
11017.000000,16725.000000,7969.000000,44187.000000
11061.000000,16781.000000,8003.000000,44229.000000
11084.000000,16792.000000,7991.000000,44270.000000
11128.000000,16844.000000,8023.000000,44276.000000
11143.000000,16840.000000,8037.000000,44287.000000
11163.000000,16844.000000,8070.000000,44283.000000
11172.000000,16857.000000,8057.000000,44301.000000
11169.000000,16865.000000,8095.000000,44288.000000
11175.000000,16864.000000,8081.000000,44307.000000
11182.000000,16871.000000,8083.000000,44341.000000
11178.000000,16889.000000,8108.000000,44303.000000
11204.000000,16891.000000,8108.000000,44312.000000
11200.000000,16860.000000,8083.000000,44303.000000
11187.000000,16855.000000,8108.000000,44283.000000
11169.000000,16853.000000,8079.000000,44281.000000
11175.000000,16875.000000,8098.000000,44295.000000
11165.000000,16859.000000,8049.000000,44301.000000
11178.000000,16843.000000,8082.000000,44299.000000
11143.000000,16840.000000,8057.000000,44299.000000
11140.000000,16821.000000,8051.000000,44264.000000
11129.000000,16845.000000,8070.000000,44266.000000
11107.000000,16812.000000,8047.000000,44284.000000
11132.000000,16805.000000,8062.000000,44279.000000
11105.000000,16801.000000,8024.000000,44275.000000
11107.000000,16787.000000,8039.000000,44275.000000
11080.000000,16815.000000,8019.000000,44257.000000
11088.000000,16795.000000,8002.000000,44243.000000
11098.000000,16888.000000,8014.000000,44256.000000
11092.000000,16767.000000,7959.000000,44248.000000
11051.000000,16796.000000,7982.000000,44246.000000
11029.000000,16763.000000,7992.000000,44246.000000
11048.000000,16759.000000,7964.000000,44230.000000
11036.000000,16776.000000,7978.000000,44231.000000
11034.000000,16760.000000,7947.000000,44213.000000
11039.000000,16751.000000,7953.000000,44221.000000
11028.000000,16729.000000,7942.000000,44255.000000
11045.000000,16732.000000,7924.000000,44213.000000
10959.000000,16723.000000,7925.000000,44184.000000
11006.000000,16755.000000,7936.000000,44212.000000
10995.000000,16713.000000,7933.000000,44178.000000
10974.000000,16708.000000,7912.000000,44205.000000
10976.000000,16695.000000,7929.000000,44199.000000
10952.000000,16707.000000,7890.000000,44178.000000
10946.000000,16737.000000,7897.000000,44185.000000
10952.000000,16715.000000,7901.000000,44208.000000
10947.000000,16692.000000,7884.000000,44163.000000
10906.000000,16680.000000,7867.000000,44201.000000
10946.000000,16707.000000,7846.000000,44202.000000
10932.000000,16692.000000,7867.000000,44167.000000
10928.000000,16700.000000,7848.000000,44203.000000
10920.000000,16672.000000,7853.000000,44184.000000
10914.000000,16692.000000,7845.000000,44166.000000
10910.000000,16695.000000,7841.000000,44166.000000
10914.000000,16655.000000,7853.000000,44143.000000
10896.000000,16672.000000,7839.000000,44140.000000
10920.000000,16664.000000,7805.000000,44153.000000
10911.000000,16663.000000,7832.000000,44159.000000
10904.000000,16651.000000,7817.000000,44136.000000
10895.000000,16688.000000,7845.000000,44150.000000
10899.000000,16667.000000,7816.000000,44138.000000
10899.000000,16647.000000,7835.000000,44127.000000
10898.000000,16649.000000,7817.000000,44151.000000
10931.000000,16643.000000,7824.000000,44125.000000
10929.000000,16640.000000,7826.000000,44144.000000
10865.000000,16659.000000,7793.000000,44127.000000
10917.000000,16647.000000,7813.000000,44152.000000
10875.000000,16629.000000,7775.000000,44141.000000
10912.000000,16616.000000,7796.000000,44166.000000
10884.000000,16638.000000,7763.000000,44130.000000
10878.000000,16607.000000,7774.000000,44113.000000
10865.000000,16643.000000,7782.000000,44151.000000
10872.000000,16636.000000,7762.000000,44148.000000
10864.000000,16614.000000,7749.000000,44097.000000
10842.000000,16601.000000,7746.000000,44110.000000
10858.000000,16578.000000,7763.000000,44089.000000
10865.000000,16611.000000,7766.000000,44127.000000
10857.000000,16614.000000,7736.000000,44098.000000
10824.000000,16591.000000,7737.000000,44117.000000
10827.000000,16599.000000,7741.000000,44088.000000
10828.000000,16582.000000,7735.000000,44117.000000
10830.000000,16582.000000,7725.000000,44114.000000
10800.000000,16555.000000,7691.000000,44081.000000
10809.000000,16546.000000,7696.000000,44057.000000
10795.000000,16541.000000,7699.000000,44047.000000
10771.000000,16533.000000,7672.000000,44044.000000
10774.000000,16521.000000,7678.000000,44068.000000
10755.000000,16531.000000,7615.000000,44053.000000
10725.000000,16519.000000,7650.000000,44043.000000
10728.000000,16545.000000,7623.000000,44034.000000
10730.000000,16501.000000,7606.000000,44021.000000
10717.000000,16521.000000,7625.000000,44052.000000
10708.000000,16498.000000,7640.000000,44020.000000
10751.000000,16525.000000,7612.000000,44012.000000
10697.000000,16471.000000,7621.000000,44019.000000
10695.000000,16491.000000,7591.000000,44007.000000
10691.000000,16493.000000,7599.000000,44022.000000
10692.000000,16477.000000,7617.000000,44034.000000
10719.000000,16498.000000,7620.000000,44017.000000
10716.000000,16516.000000,7635.000000,44033.000000
10741.000000,16549.000000,7610.000000,44024.000000
10758.000000,16520.000000,7619.000000,44012.000000
10733.000000,16516.000000,7630.000000,44060.000000
10745.000000,16514.000000,7644.000000,44051.000000
10742.000000,16528.000000,7673.000000,44040.000000
10761.000000,16537.000000,7664.000000,44071.000000
10793.000000,16563.000000,7677.000000,44034.000000
10797.000000,16557.000000,7660.000000,44058.000000
10788.000000,16579.000000,7667.000000,44082.000000
10797.000000,16586.000000,7675.000000,44067.000000
10856.000000,16579.000000,7720.000000,44103.000000
10844.000000,16615.000000,7748.000000,44126.000000
10897.000000,16616.000000,7738.000000,44119.000000
10912.000000,16622.000000,7802.000000,44150.000000
10895.000000,16651.000000,7769.000000,44138.000000
10920.000000,16647.000000,7783.000000,44147.000000
10958.000000,16715.000000,7840.000000,44169.000000
10998.000000,16703.000000,7854.000000,44182.000000
11033.000000,16713.000000,7893.000000,44188.000000
11032.000000,16745.000000,7943.000000,44235.000000
11076.000000,16755.000000,7965.000000,44247.000000
11124.000000,16795.000000,7988.000000,44256.000000
11146.000000,16837.000000,8030.000000,44292.000000
11193.000000,16864.000000,8032.000000,44306.000000
11243.000000,16887.000000,8115.000000,44309.000000
11238.000000,16889.000000,8138.000000,44340.000000
11285.000000,17199.000000,8150.000000,44380.000000
11295.000000,16943.000000,8169.000000,44366.000000
11328.000000,16979.000000,8168.000000,44388.000000
11418.000000,16964.000000,8228.000000,44429.000000
11402.000000,16968.000000,8256.000000,44423.000000
11404.000000,17018.000000,8260.000000,44428.000000
11419.000000,17047.000000,8316.000000,44411.000000
11491.000000,17048.000000,8337.000000,44492.000000
11443.000000,17033.000000,8294.000000,44430.000000
11489.000000,17067.000000,8308.000000,44439.000000
11429.000000,17046.000000,8295.000000,44460.000000
11472.000000,17053.000000,8317.000000,44439.000000
11461.000000,17110.000000,8308.000000,44463.000000
11450.000000,17035.000000,8284.000000,44440.000000
11439.000000,17059.000000,8306.000000,44431.000000
11451.000000,17053.000000,8288.000000,44458.000000
11433.000000,17033.000000,8275.000000,44415.000000
11415.000000,17045.000000,8261.000000,44412.000000
11396.000000,17001.000000,8261.000000,44403.000000
11372.000000,17014.000000,8261.000000,44395.000000
11393.000000,16992.000000,8261.000000,44417.000000
11355.000000,17010.000000,8223.000000,44391.000000
11362.000000,17264.000000,8221.000000,44429.000000
11367.000000,17002.000000,8256.000000,44383.000000
11349.000000,16970.000000,8173.000000,44407.000000
11347.000000,16962.000000,8209.000000,44379.000000
11323.000000,16943.000000,8198.000000,44380.000000
11330.000000,16976.000000,8182.000000,44379.000000
11309.000000,16913.000000,8185.000000,44352.000000
11326.000000,16939.000000,8206.000000,44393.000000
11275.000000,16926.000000,8149.000000,44362.000000
11291.000000,16917.000000,8155.000000,44351.000000
11270.000000,16933.000000,8141.000000,44359.000000
11263.000000,16901.000000,8118.000000,44327.000000
11277.000000,16915.000000,8129.000000,44335.000000
11264.000000,16864.000000,8073.000000,44311.000000
11212.000000,16857.000000,8095.000000,44333.000000
11244.000000,16914.000000,8112.000000,44302.000000
11187.000000,16848.000000,8084.000000,44309.000000
11236.000000,16891.000000,8116.000000,44307.000000
11189.000000,16860.000000,8058.000000,44296.000000
11168.000000,16863.000000,8024.000000,44292.000000
11162.000000,16807.000000,8045.000000,44303.000000
11122.000000,16829.000000,8021.000000,44280.000000
11138.000000,16827.000000,8025.000000,44277.000000
11118.000000,16863.000000,8021.000000,44262.000000
11120.000000,16793.000000,7991.000000,44252.000000
11141.000000,16803.000000,7954.000000,44253.000000
11103.000000,16820.000000,7981.000000,44303.000000
11110.000000,16781.000000,7962.000000,44259.000000
11099.000000,16791.000000,7950.000000,44229.000000
11096.000000,16788.000000,7962.000000,44236.000000
11050.000000,16791.000000,7938.000000,44210.000000
11047.000000,16764.000000,7943.000000,44217.000000
11058.000000,16764.000000,7905.000000,44245.000000
11037.000000,16735.000000,7909.000000,44198.000000
10996.000000,16756.000000,7902.000000,44214.000000
11025.000000,16736.000000,7900.000000,44204.000000
11013.000000,16708.000000,7881.000000,44192.000000
10996.000000,16737.000000,7843.000000,44205.000000
10998.000000,16659.000000,7830.000000,44162.000000
10975.000000,16711.000000,7864.000000,44186.000000
10964.000000,16693.000000,7865.000000,44174.000000
10945.000000,16660.000000,7823.000000,44152.000000
11223.000000,16667.000000,7839.000000,44176.000000
10958.000000,16680.000000,7815.000000,44174.000000
10937.000000,16628.000000,7803.000000,44162.000000
10933.000000,16672.000000,7808.000000,44140.000000
10938.000000,16631.000000,7787.000000,44163.000000
10960.000000,16659.000000,7792.000000,44186.000000
10894.000000,16634.000000,7778.000000,44129.000000
10925.000000,16667.000000,7778.000000,44139.000000
10943.000000,16640.000000,7786.000000,44148.000000
10937.000000,16624.000000,7750.000000,44096.000000
10935.000000,16656.000000,7753.000000,44176.000000
10898.000000,16627.000000,7765.000000,44107.000000
10912.000000,16637.000000,7746.000000,44097.000000
10924.000000,16627.000000,7731.000000,44116.000000
10892.000000,16651.000000,7787.000000,44121.000000
10894.000000,16640.000000,7740.000000,44103.000000
10903.000000,16621.000000,7742.000000,44141.000000
10884.000000,16624.000000,7701.000000,44104.000000
10883.000000,16607.000000,7713.000000,44127.000000
10867.000000,16590.000000,7682.000000,44097.000000
10845.000000,16590.000000,7681.000000,44084.000000
10853.000000,16604.000000,7673.000000,44086.000000
10865.000000,16571.000000,7649.000000,44091.000000
10846.000000,16572.000000,7671.000000,44094.000000
10849.000000,16555.000000,7642.000000,44056.000000
10786.000000,16544.000000,7626.000000,44036.000000
10786.000000,16538.000000,7612.000000,44069.000000
10766.000000,16540.000000,7623.000000,44045.000000
11040.000000,16544.000000,7624.000000,44063.000000
10766.000000,16554.000000,7642.000000,44043.000000
10814.000000,16526.000000,7609.000000,44077.000000
10809.000000,16529.000000,7610.000000,44066.000000
10773.000000,16523.000000,7613.000000,44074.000000
10811.000000,16562.000000,7640.000000,44086.000000
10795.000000,16525.000000,7613.000000,44078.000000
10803.000000,16563.000000,7641.000000,44065.000000
10800.000000,16554.000000,7658.000000,44068.000000
10816.000000,16563.000000,7633.000000,44084.000000
10832.000000,16572.000000,7652.000000,44049.000000
10838.000000,16580.000000,7695.000000,44105.000000
10843.000000,16599.000000,7697.000000,44082.000000
10866.000000,16592.000000,7648.000000,44099.000000
10892.000000,16567.000000,7692.000000,44065.000000
10883.000000,16605.000000,7709.000000,44134.000000
10910.000000,16627.000000,7717.000000,44115.000000
10957.000000,16641.000000,7756.000000,44131.000000
10921.000000,16647.000000,7720.000000,44161.000000
10919.000000,16623.000000,7760.000000,44144.000000
10965.000000,16687.000000,7796.000000,44193.000000
10981.000000,16658.000000,7822.000000,44195.000000
10998.000000,16681.000000,7812.000000,44189.000000
11017.000000,16734.000000,7893.000000,44212.000000
11053.000000,16719.000000,7882.000000,44176.000000
11089.000000,16795.000000,7924.000000,44255.000000
11116.000000,16780.000000,7957.000000,44207.000000
11127.000000,16791.000000,7958.000000,44249.000000
11199.000000,16839.000000,8019.000000,44308.000000
11209.000000,16823.000000,8016.000000,44288.000000
11272.000000,16913.000000,8104.000000,44344.000000
11278.000000,16912.000000,8124.000000,44340.000000
11308.000000,16912.000000,8129.000000,44335.000000
11343.000000,16915.000000,8178.000000,44407.000000
11360.000000,16962.000000,8190.000000,44393.000000
11372.000000,16960.000000,8204.000000,44399.000000
11433.000000,16977.000000,8253.000000,44466.000000
11431.000000,17048.000000,8284.000000,44447.000000
11467.000000,17042.000000,8277.000000,44411.000000
11495.000000,17029.000000,8278.000000,44437.000000
11469.000000,17032.000000,8290.000000,44466.000000
11515.000000,17065.000000,8283.000000,44463.000000
11487.000000,17063.000000,8298.000000,44451.000000
11507.000000,17070.000000,8303.000000,44453.000000
11525.000000,17066.000000,8305.000000,44448.000000
11489.000000,17048.000000,8284.000000,44456.000000
11493.000000,17299.000000,8331.000000,44448.000000
11510.000000,17060.000000,8324.000000,44462.000000
11475.000000,17021.000000,8287.000000,44421.000000
11500.000000,17050.000000,8283.000000,44465.000000
11497.000000,17025.000000,8243.000000,44456.000000
11480.000000,17027.000000,8262.000000,44409.000000
11476.000000,17037.000000,8263.000000,44401.000000
11453.000000,17017.000000,8261.000000,44415.000000
11456.000000,17017.000000,8236.000000,44411.000000
11425.000000,17010.000000,8226.000000,44408.000000
11412.000000,17023.000000,8203.000000,44454.000000
11434.000000,16987.000000,8228.000000,44435.000000
11403.000000,17264.000000,8207.000000,44411.000000
11412.000000,16964.000000,8208.000000,44404.000000
11402.000000,16997.000000,8196.000000,44397.000000
11409.000000,16983.000000,8185.000000,44393.000000
11396.000000,17229.000000,8186.000000,44364.000000
11370.000000,16955.000000,8199.000000,44369.000000
11373.000000,16981.000000,8147.000000,44367.000000
11339.000000,16945.000000,8177.000000,44355.000000
11357.000000,16944.000000,8113.000000,44371.000000
11327.000000,16927.000000,8142.000000,44351.000000
11335.000000,16933.000000,8128.000000,44330.000000
11316.000000,16931.000000,8156.000000,44373.000000
11302.000000,16936.000000,8109.000000,44351.000000
11297.000000,16939.000000,8103.000000,44363.000000
11286.000000,16921.000000,8103.000000,44322.000000
11287.000000,16917.000000,8086.000000,44363.000000
11306.000000,17156.000000,8104.000000,44324.000000
11289.000000,16919.000000,8097.000000,44323.000000
11279.000000,16918.000000,8085.000000,44321.000000
11286.000000,16848.000000,8038.000000,44319.000000
11283.000000,16877.000000,8090.000000,44308.000000
11223.000000,16852.000000,8056.000000,44314.000000
11262.000000,16876.000000,8055.000000,44300.000000
11270.000000,16859.000000,8039.000000,44328.000000
11239.000000,16829.000000,7999.000000,44285.000000
11245.000000,16855.000000,7997.000000,44313.000000
11228.000000,16805.000000,8007.000000,44293.000000
11248.000000,16832.000000,7996.000000,44294.000000
11225.000000,16845.000000,7988.000000,44292.000000
11225.000000,16839.000000,7991.000000,44269.000000
11184.000000,16831.000000,7975.000000,44291.000000
11206.000000,16824.000000,7977.000000,44260.000000
11223.000000,16827.000000,7994.000000,44275.000000
11149.000000,16817.000000,7942.000000,44271.000000
11192.000000,16805.000000,7958.000000,44257.000000
11177.000000,16799.000000,7959.000000,44276.000000
11141.000000,16780.000000,7952.000000,44265.000000
11171.000000,16788.000000,7959.000000,44251.000000
11133.000000,16796.000000,7914.000000,44253.000000
11155.000000,16787.000000,7912.000000,44233.000000
11159.000000,16803.000000,7954.000000,44247.000000
11143.000000,16772.000000,7931.000000,44240.000000
11151.000000,16787.000000,7919.000000,44247.000000
11156.000000,16763.000000,7945.000000,44263.000000
11138.000000,16771.000000,7902.000000,44231.000000
11139.000000,16767.000000,7935.000000,44232.000000
11165.000000,16779.000000,7885.000000,44248.000000
11151.000000,16771.000000,7937.000000,44251.000000
11153.000000,16824.000000,7919.000000,44245.000000
11167.000000,16765.000000,7917.000000,44250.000000
11139.000000,16751.000000,7917.000000,44236.000000
11143.000000,16756.000000,7897.000000,44214.000000
11138.000000,16752.000000,7926.000000,44257.000000
11090.000000,16760.000000,7889.000000,44235.000000
11153.000000,16761.000000,7903.000000,44254.000000
11110.000000,16747.000000,7881.000000,44223.000000
11143.000000,16744.000000,7886.000000,44212.000000
11123.000000,16755.000000,7878.000000,44231.000000
11108.000000,16720.000000,7870.000000,44239.000000
11113.000000,16760.000000,7872.000000,44233.000000
11105.000000,16715.000000,7848.000000,44215.000000
11050.000000,16737.000000,7824.000000,44215.000000
11099.000000,16747.000000,7856.000000,44194.000000
11059.000000,16713.000000,7860.000000,44220.000000
11090.000000,16717.000000,7826.000000,44213.000000
11084.000000,16723.000000,7844.000000,44171.000000
11045.000000,16731.000000,7810.000000,44179.000000
11022.000000,16691.000000,7796.000000,44153.000000
11082.000000,16727.000000,7837.000000,44209.000000
11049.000000,16712.000000,7821.000000,44197.000000
11056.000000,16692.000000,7822.000000,44187.000000
11095.000000,16724.000000,7826.000000,44199.000000
11052.000000,16688.000000,7830.000000,44210.000000
11116.000000,16753.000000,7846.000000,44208.000000
11115.000000,16739.000000,7882.000000,44237.000000
11120.000000,16731.000000,7878.000000,44229.000000
11188.000000,16755.000000,7892.000000,44250.000000
11148.000000,16759.000000,7885.000000,44239.000000
11145.000000,16759.000000,7903.000000,44212.000000
11129.000000,16768.000000,7950.000000,44248.000000
11151.000000,16789.000000,7958.000000,44291.000000
11167.000000,16789.000000,7938.000000,44259.000000
11183.000000,16823.000000,7983.000000,44284.000000
11227.000000,16780.000000,7976.000000,44264.000000
11215.000000,16844.000000,8011.000000,44293.000000
11229.000000,16816.000000,8030.000000,44306.000000
11224.000000,16827.000000,8033.000000,44333.000000
11270.000000,16871.000000,8055.000000,44305.000000
11288.000000,16876.000000,8069.000000,44353.000000
11272.000000,16867.000000,8110.000000,44340.000000
11333.000000,16880.000000,8106.000000,44371.000000
11383.000000,16945.000000,8151.000000,44395.000000
11405.000000,16963.000000,8176.000000,44413.000000
11429.000000,16981.000000,8227.000000,44438.000000
11441.000000,16993.000000,8219.000000,44411.000000
11486.000000,16990.000000,8262.000000,44432.000000
11447.000000,17036.000000,8274.000000,44498.000000
11525.000000,17066.000000,8318.000000,44445.000000
11542.000000,17098.000000,8374.000000,44497.000000
11601.000000,17087.000000,8371.000000,44512.000000
11619.000000,17122.000000,8404.000000,44527.000000
11682.000000,17190.000000,8467.000000,44572.000000
11686.000000,17181.000000,8481.000000,44559.000000
11715.000000,17196.000000,8508.000000,44581.000000
11734.000000,17217.000000,8521.000000,44621.000000
11724.000000,17227.000000,8519.000000,44596.000000
11773.000000,17232.000000,8549.000000,44608.000000
11788.000000,17241.000000,8567.000000,44593.000000
11767.000000,17253.000000,8574.000000,44627.000000
11811.000000,17275.000000,8567.000000,44620.000000
11785.000000,17283.000000,8590.000000,44633.000000
11806.000000,17249.000000,8594.000000,44670.000000
11788.000000,17292.000000,8573.000000,44649.000000
11786.000000,17267.000000,8575.000000,44614.000000
11789.000000,17245.000000,8575.000000,44620.000000
11778.000000,17235.000000,8548.000000,44610.000000
11761.000000,17247.000000,8550.000000,44632.000000
11737.000000,17233.000000,8517.000000,44626.000000
11721.000000,17223.000000,8508.000000,44611.000000
11733.000000,17228.000000,8513.000000,44602.000000
11755.000000,17207.000000,8521.000000,44582.000000
11741.000000,17193.000000,8504.000000,44562.000000
11700.000000,17184.000000,8486.000000,44610.000000
11694.000000,17165.000000,8474.000000,44608.000000
11688.000000,17196.000000,8509.000000,44592.000000
11673.000000,17168.000000,8481.000000,44552.000000
11671.000000,17159.000000,8454.000000,44577.000000
11670.000000,17187.000000,8479.000000,44577.000000
11667.000000,17167.000000,8471.000000,44569.000000
11660.000000,17175.000000,8466.000000,44560.000000
11632.000000,17164.000000,8420.000000,44544.000000
11651.000000,17145.000000,8442.000000,44527.000000
11620.000000,17146.000000,8433.000000,44559.000000
11579.000000,17133.000000,8413.000000,44529.000000
11613.000000,17138.000000,8413.000000,44544.000000
11611.000000,17112.000000,8398.000000,44548.000000
11621.000000,17095.000000,8378.000000,44488.000000
11582.000000,17120.000000,8374.000000,44504.000000
11570.000000,17099.000000,8381.000000,44513.000000
11572.000000,17132.000000,8360.000000,44523.000000
11564.000000,17122.000000,8377.000000,44532.000000
11575.000000,17080.000000,8335.000000,44495.000000
11565.000000,17062.000000,8338.000000,44509.000000
11559.000000,17083.000000,8355.000000,44489.000000
11524.000000,17061.000000,8342.000000,44467.000000
11563.000000,17061.000000,8341.000000,44477.000000
11512.000000,17067.000000,8332.000000,44493.000000
11504.000000,17034.000000,8323.000000,44492.000000
11506.000000,17014.000000,8318.000000,44485.000000
11500.000000,17055.000000,8329.000000,44511.000000
11489.000000,17037.000000,8295.000000,44444.000000
11500.000000,17046.000000,8294.000000,44480.000000
11459.000000,17011.000000,8290.000000,44484.000000
11454.000000,16999.000000,8249.000000,44459.000000
11434.000000,17015.000000,8259.000000,44444.000000
11455.000000,17023.000000,8239.000000,44445.000000
11437.000000,16984.000000,8255.000000,44428.000000
11429.000000,16985.000000,8225.000000,44461.000000
11453.000000,16993.000000,8242.000000,44425.000000
11461.000000,17247.000000,8219.000000,44443.000000
11410.000000,17012.000000,8217.000000,44452.000000
11400.000000,16979.000000,8240.000000,44428.000000
11416.000000,16964.000000,8220.000000,44408.000000
11377.000000,16978.000000,8185.000000,44375.000000
11376.000000,16937.000000,8193.000000,44425.000000
11391.000000,16946.000000,8193.000000,44419.000000
11334.000000,16940.000000,8187.000000,44400.000000
11365.000000,16937.000000,8171.000000,44399.000000
11376.000000,16928.000000,8164.000000,44404.000000
11344.000000,16960.000000,8166.000000,44388.000000
11353.000000,16923.000000,8149.000000,44364.000000
11301.000000,16932.000000,8165.000000,44415.000000
11321.000000,16883.000000,8152.000000,44370.000000
11294.000000,16912.000000,8170.000000,44398.000000
11342.000000,16909.000000,8134.000000,44365.000000
11318.000000,16921.000000,8131.000000,44371.000000
11297.000000,16895.000000,8162.000000,44389.000000
11287.000000,16887.000000,8127.000000,44360.000000
11300.000000,16897.000000,8145.000000,44368.000000
11317.000000,16867.000000,8136.000000,44376.000000
11284.000000,16911.000000,8130.000000,44346.000000
11289.000000,16879.000000,8145.000000,44359.000000
11254.000000,16861.000000,8102.000000,44344.000000
11264.000000,16865.000000,8113.000000,44372.000000
11265.000000,16873.000000,8092.000000,44365.000000
11236.000000,16829.000000,8081.000000,44335.000000
11254.000000,16859.000000,8068.000000,44341.000000
11235.000000,16832.000000,8093.000000,44355.000000
11209.000000,16844.000000,8069.000000,44333.000000
11243.000000,16829.000000,8083.000000,44333.000000
11236.000000,16819.000000,8071.000000,44335.000000
11213.000000,16823.000000,8038.000000,44308.000000
11206.000000,16839.000000,8030.000000,44318.000000
11204.000000,16832.000000,8038.000000,44323.000000
11163.000000,16789.000000,8010.000000,44343.000000
11195.000000,16806.000000,8034.000000,44321.000000
11212.000000,16779.000000,8023.000000,44319.000000
11192.000000,16784.000000,8023.000000,44309.000000
11205.000000,16795.000000,8028.000000,44288.000000
11187.000000,16812.000000,8042.000000,44336.000000
11188.000000,16803.000000,8075.000000,44320.000000
11172.000000,16803.000000,8020.000000,44310.000000
11207.000000,16803.000000,8063.000000,44347.000000
11171.000000,16827.000000,8083.000000,44345.000000
11188.000000,16835.000000,8045.000000,44323.000000
11208.000000,16864.000000,8103.000000,44369.000000
11194.000000,16812.000000,8080.000000,44363.000000
11224.000000,16844.000000,8106.000000,44380.000000
11239.000000,16868.000000,8117.000000,44363.000000
11220.000000,16836.000000,8110.000000,44357.000000
11247.000000,16879.000000,8124.000000,44383.000000
11229.000000,16849.000000,8121.000000,44377.000000
11268.000000,16856.000000,8148.000000,44393.000000
11260.000000,16875.000000,8188.000000,44391.000000
11275.000000,16824.000000,8181.000000,44395.000000
11290.000000,16871.000000,8184.000000,44410.000000
11320.000000,16891.000000,8196.000000,44408.000000
11315.000000,16899.000000,8238.000000,44429.000000
11345.000000,16934.000000,8252.000000,44436.000000
11362.000000,16947.000000,8258.000000,44459.000000
11406.000000,16933.000000,8292.000000,44457.000000
11420.000000,16992.000000,8311.000000,44493.000000
11436.000000,16990.000000,8313.000000,44508.000000
11480.000000,17003.000000,8358.000000,44505.000000
11486.000000,17052.000000,8409.000000,44525.000000
11561.000000,17102.000000,8439.000000,44544.000000
11535.000000,17069.000000,8436.000000,44560.000000
11590.000000,17092.000000,8480.000000,44570.000000
11630.000000,17136.000000,8504.000000,44604.000000
11637.000000,17163.000000,8531.000000,44624.000000
11711.000000,17192.000000,8553.000000,44626.000000
11699.000000,17169.000000,8577.000000,44601.000000
11721.000000,17179.000000,8584.000000,44663.000000
11739.000000,17238.000000,8608.000000,44637.000000
11740.000000,17213.000000,8615.000000,44661.000000
11782.000000,17269.000000,8642.000000,44683.000000
11764.000000,17232.000000,8634.000000,44685.000000
11766.000000,17281.000000,8658.000000,44683.000000
11802.000000,17283.000000,8660.000000,44699.000000
11765.000000,17244.000000,8655.000000,44687.000000
11757.000000,17235.000000,8646.000000,44679.000000
11747.000000,17244.000000,8620.000000,44656.000000
11732.000000,17259.000000,8636.000000,44646.000000
11735.000000,17236.000000,8591.000000,44651.000000
11731.000000,17227.000000,8620.000000,44651.000000
11741.000000,17216.000000,8575.000000,44641.000000
11715.000000,17207.000000,8595.000000,44643.000000
11691.000000,17215.000000,8608.000000,44630.000000
11690.000000,17208.000000,8584.000000,44652.000000
11710.000000,17183.000000,8569.000000,44648.000000
11705.000000,17171.000000,8560.000000,44584.000000
11684.000000,17193.000000,8549.000000,44629.000000
11686.000000,17161.000000,8566.000000,44623.000000
11698.000000,17192.000000,8532.000000,44618.000000
11645.000000,17188.000000,8515.000000,44588.000000
11650.000000,17142.000000,8506.000000,44605.000000
11687.000000,17173.000000,8518.000000,44578.000000
11644.000000,17144.000000,8513.000000,44607.000000
11632.000000,17123.000000,8504.000000,44559.000000
11616.000000,17137.000000,8476.000000,44565.000000
11642.000000,17171.000000,8512.000000,44604.000000
11615.000000,17156.000000,8485.000000,44580.000000
11602.000000,17098.000000,8499.000000,44577.000000
11585.000000,17123.000000,8460.000000,44583.000000
11565.000000,17119.000000,8449.000000,44555.000000
11588.000000,17093.000000,8437.000000,44536.000000
11562.000000,17086.000000,8434.000000,44527.000000
11582.000000,17077.000000,8436.000000,44536.000000
11547.000000,17086.000000,8405.000000,44548.000000
11521.000000,17311.000000,8422.000000,44544.000000
11534.000000,17059.000000,8420.000000,44533.000000
11504.000000,17065.000000,8390.000000,44516.000000
11480.000000,17025.000000,8388.000000,44508.000000
11513.000000,17031.000000,8401.000000,44529.000000
11490.000000,17059.000000,8359.000000,44520.000000
11478.000000,17000.000000,8357.000000,44494.000000
11472.000000,17028.000000,8322.000000,44483.000000
11462.000000,17014.000000,8334.000000,44488.000000
11416.000000,16980.000000,8309.000000,44495.000000
11410.000000,16951.000000,8287.000000,44479.000000
11424.000000,16978.000000,8311.000000,44502.000000
11410.000000,16982.000000,8276.000000,44464.000000
11370.000000,16956.000000,8261.000000,44431.000000
11406.000000,16958.000000,8294.000000,44440.000000
11348.000000,16940.000000,8268.000000,44433.000000
11372.000000,17204.000000,8273.000000,44439.000000
11405.000000,16947.000000,8261.000000,44441.000000
11321.000000,16929.000000,8242.000000,44407.000000
11338.000000,16940.000000,8221.000000,44432.000000
11355.000000,16912.000000,8217.000000,44434.000000
11325.000000,16920.000000,8196.000000,44413.000000
11345.000000,16921.000000,8226.000000,44433.000000
11335.000000,16936.000000,8224.000000,44415.000000
11330.000000,16904.000000,8164.000000,44403.000000
11335.000000,16873.000000,8185.000000,44403.000000
11296.000000,16862.000000,8191.000000,44423.000000
11258.000000,16888.000000,8193.000000,44379.000000
11281.000000,16883.000000,8184.000000,44411.000000
11239.000000,16867.000000,8147.000000,44365.000000
11265.000000,16853.000000,8171.000000,44364.000000
11255.000000,16895.000000,8162.000000,44392.000000
11256.000000,16871.000000,8132.000000,44397.000000
11247.000000,16853.000000,8143.000000,44368.000000
11251.000000,16860.000000,8139.000000,44374.000000
11237.000000,16851.000000,8115.000000,44360.000000
11234.000000,16823.000000,8132.000000,44389.000000
11261.000000,16825.000000,8102.000000,44361.000000
11211.000000,16839.000000,8124.000000,44369.000000
11221.000000,16823.000000,8095.000000,44343.000000
11194.000000,16827.000000,8085.000000,44337.000000
11180.000000,16812.000000,8075.000000,44322.000000
11206.000000,16807.000000,8107.000000,44363.000000
11164.000000,16832.000000,8104.000000,44337.000000
11180.000000,16797.000000,8056.000000,44351.000000
11181.000000,16816.000000,8054.000000,44338.000000
11182.000000,16781.000000,8008.000000,44307.000000
11152.000000,16783.000000,8028.000000,44333.000000
11175.000000,16809.000000,8024.000000,44330.000000
11167.000000,16779.000000,8028.000000,44307.000000
11138.000000,16783.000000,8008.000000,44316.000000
11130.000000,16769.000000,8018.000000,44296.000000
11105.000000,16783.000000,8003.000000,44309.000000
11146.000000,16776.000000,8015.000000,44325.000000
11076.000000,16771.000000,7965.000000,44295.000000
11123.000000,16759.000000,8001.000000,44300.000000
11135.000000,16792.000000,8005.000000,44291.000000
11134.000000,16757.000000,7996.000000,44324.000000
11129.000000,16755.000000,8020.000000,44318.000000
11150.000000,16783.000000,8037.000000,44324.000000
11131.000000,16815.000000,8024.000000,44317.000000
11134.000000,16752.000000,8014.000000,44293.000000
11155.000000,16767.000000,8057.000000,44357.000000
11165.000000,16755.000000,8008.000000,44338.000000
11167.000000,16791.000000,8064.000000,44368.000000
11193.000000,16789.000000,8066.000000,44361.000000
11181.000000,16796.000000,8070.000000,44343.000000
11203.000000,16787.000000,8054.000000,44352.000000
11182.000000,16803.000000,8089.000000,44367.000000
11201.000000,16817.000000,8117.000000,44371.000000
11173.000000,16831.000000,8123.000000,44359.000000
11213.000000,16842.000000,8120.000000,44384.000000
11208.000000,16831.000000,8106.000000,44418.000000
11248.000000,16849.000000,8132.000000,44404.000000
11252.000000,16920.000000,8186.000000,44400.000000
11291.000000,16876.000000,8138.000000,44387.000000
11266.000000,16927.000000,8216.000000,44444.000000
11330.000000,16911.000000,8201.000000,44449.000000
11325.000000,16924.000000,8213.000000,44438.000000
11383.000000,16936.000000,8249.000000,44475.000000
11385.000000,16944.000000,8272.000000,44475.000000
11429.000000,16959.000000,8336.000000,44487.000000
11464.000000,17010.000000,8337.000000,44540.000000
11517.000000,17292.000000,8380.000000,44527.000000
11543.000000,17091.000000,8384.000000,44553.000000
11577.000000,17071.000000,8442.000000,44562.000000
11598.000000,17091.000000,8454.000000,44548.000000
11603.000000,17111.000000,8505.000000,44632.000000
11655.000000,17199.000000,8523.000000,44605.000000
11699.000000,17171.000000,8572.000000,44626.000000
11701.000000,17195.000000,8578.000000,44642.000000
11761.000000,17224.000000,8598.000000,44662.000000
11740.000000,17240.000000,8627.000000,44648.000000
11766.000000,17216.000000,8607.000000,44671.000000
11769.000000,17252.000000,8638.000000,44705.000000
11792.000000,17263.000000,8641.000000,44693.000000
11787.000000,17251.000000,8651.000000,44707.000000
11784.000000,17235.000000,8688.000000,44704.000000
11769.000000,17240.000000,8651.000000,44691.000000
11780.000000,17225.000000,8643.000000,44693.000000
11772.000000,17271.000000,8618.000000,44659.000000
11759.000000,17216.000000,8627.000000,44648.000000
11757.000000,17227.000000,8634.000000,44691.000000
11740.000000,17227.000000,8619.000000,44638.000000
11713.000000,17197.000000,8609.000000,44671.000000
11698.000000,17199.000000,8609.000000,44891.000000
11709.000000,17185.000000,8566.000000,44652.000000
11718.000000,17216.000000,8590.000000,44639.000000
11673.000000,17193.000000,8546.000000,44611.000000
11679.000000,17177.000000,8532.000000,44625.000000
11693.000000,17193.000000,8535.000000,44632.000000
11692.000000,17163.000000,8514.000000,44642.000000
11674.000000,17169.000000,8539.000000,44613.000000
11686.000000,17140.000000,8480.000000,44605.000000
11635.000000,17155.000000,8484.000000,44597.000000
11667.000000,17168.000000,8505.000000,44608.000000
11640.000000,17116.000000,8484.000000,44609.000000
11636.000000,17130.000000,8445.000000,44613.000000
11648.000000,17130.000000,8465.000000,44557.000000
11613.000000,17118.000000,8491.000000,44596.000000
11621.000000,17112.000000,8466.000000,44577.000000
11641.000000,17115.000000,8449.000000,44572.000000
11611.000000,17088.000000,8484.000000,44567.000000
11605.000000,17099.000000,8436.000000,44556.000000
11584.000000,17066.000000,8435.000000,44564.000000
11568.000000,17070.000000,8422.000000,44539.000000
11536.000000,17056.000000,8415.000000,44546.000000
11548.000000,17066.000000,8395.000000,44575.000000
11532.000000,17060.000000,8395.000000,44525.000000
11548.000000,17050.000000,8402.000000,44527.000000
11493.000000,17027.000000,8365.000000,44547.000000
11515.000000,17043.000000,8373.000000,44539.000000
11487.000000,17027.000000,8328.000000,44515.000000
11493.000000,17021.000000,8377.000000,44491.000000
11487.000000,16985.000000,8329.000000,44505.000000
11479.000000,16996.000000,8337.000000,44516.000000
11442.000000,16990.000000,8324.000000,44480.000000
11430.000000,16979.000000,8315.000000,44496.000000
11405.000000,16964.000000,8287.000000,44449.000000
11437.000000,16962.000000,8306.000000,44471.000000
11411.000000,16916.000000,8259.000000,44500.000000
11406.000000,16936.000000,8242.000000,44443.000000
11401.000000,16928.000000,8227.000000,44453.000000
11370.000000,16923.000000,8220.000000,44439.000000
11377.000000,16929.000000,8227.000000,44445.000000
11378.000000,16958.000000,8182.000000,44463.000000
11363.000000,16892.000000,8180.000000,44440.000000
11353.000000,16916.000000,8200.000000,44441.000000
11371.000000,16919.000000,8179.000000,44429.000000
11324.000000,16872.000000,8175.000000,44445.000000
11334.000000,16908.000000,8207.000000,44419.000000
11310.000000,16859.000000,8147.000000,44413.000000
11315.000000,16895.000000,8157.000000,44416.000000
11291.000000,16865.000000,8125.000000,44413.000000
11287.000000,16864.000000,8120.000000,44377.000000
11302.000000,16873.000000,8116.000000,44406.000000
11254.000000,16827.000000,8133.000000,44377.000000
11248.000000,16818.000000,8098.000000,44372.000000
11269.000000,16837.000000,8155.000000,44405.000000
11280.000000,16855.000000,8121.000000,44386.000000
11251.000000,16854.000000,8145.000000,44385.000000
11239.000000,16811.000000,8114.000000,44362.000000
11255.000000,16836.000000,8075.000000,44368.000000
11236.000000,16823.000000,8073.000000,44367.000000
11228.000000,16808.000000,8063.000000,44340.000000
11198.000000,16813.000000,8072.000000,44352.000000
11225.000000,16828.000000,8058.000000,44392.000000
11210.000000,16808.000000,8035.000000,44345.000000
11238.000000,16811.000000,8071.000000,44349.000000
11210.000000,16771.000000,8031.000000,44343.000000
11192.000000,16802.000000,8038.000000,44327.000000
11177.000000,16771.000000,8036.000000,44354.000000
11144.000000,16776.000000,8031.000000,44343.000000
11154.000000,16771.000000,8040.000000,44328.000000
11183.000000,16749.000000,8016.000000,44309.000000
11167.000000,16756.000000,8007.000000,44344.000000
11135.000000,16727.000000,7961.000000,44309.000000
11144.000000,16707.000000,7996.000000,44316.000000
11123.000000,16727.000000,7969.000000,44311.000000
11105.000000,16752.000000,7979.000000,44329.000000
11088.000000,16708.000000,7980.000000,44272.000000
11129.000000,16709.000000,7984.000000,44304.000000
11079.000000,16741.000000,7952.000000,44284.000000
11123.000000,16759.000000,7955.000000,44303.000000
11120.000000,16699.000000,7965.000000,44303.000000
11098.000000,16673.000000,7956.000000,44287.000000
11100.000000,16707.000000,7968.000000,44305.000000
11080.000000,16743.000000,7975.000000,44295.000000
11092.000000,16743.000000,7968.000000,44287.000000
11114.000000,16725.000000,7959.000000,44304.000000
11126.000000,16749.000000,7968.000000,44298.000000
11127.000000,16759.000000,7995.000000,44326.000000
11133.000000,16729.000000,7981.000000,44325.000000
11122.000000,16743.000000,7993.000000,44311.000000
11155.000000,16705.000000,8018.000000,44351.000000
11181.000000,16783.000000,8003.000000,44364.000000
11206.000000,16773.000000,8032.000000,44355.000000
11189.000000,16759.000000,8023.000000,44356.000000
11187.000000,16779.000000,8071.000000,44336.000000
11232.000000,16835.000000,8095.000000,44378.000000
11232.000000,16832.000000,8068.000000,44358.000000
11252.000000,16852.000000,8121.000000,44401.000000
11255.000000,16819.000000,8088.000000,44421.000000
11306.000000,16839.000000,8143.000000,44406.000000
11303.000000,16864.000000,8152.000000,44417.000000
11311.000000,16856.000000,8181.000000,44405.000000
11325.000000,16919.000000,8181.000000,44451.000000
11370.000000,16905.000000,8195.000000,44476.000000
11408.000000,16905.000000,8236.000000,44468.000000
11404.000000,16925.000000,8265.000000,44485.000000
11446.000000,16947.000000,8317.000000,44508.000000
11475.000000,17021.000000,8345.000000,44519.000000
11493.000000,16972.000000,8336.000000,44528.000000
11523.000000,17044.000000,8379.000000,44563.000000
11558.000000,17054.000000,8412.000000,44568.000000
11624.000000,17096.000000,8449.000000,44577.000000
11604.000000,17344.000000,8453.000000,44594.000000
11655.000000,17116.000000,8475.000000,44617.000000
11685.000000,17155.000000,8487.000000,44654.000000
11700.000000,17173.000000,8526.000000,44634.000000
11713.000000,17171.000000,8563.000000,44651.000000
11723.000000,17188.000000,8569.000000,44650.000000
11779.000000,17203.000000,8611.000000,44664.000000
11760.000000,17228.000000,8589.000000,44656.000000
11802.000000,17225.000000,8602.000000,44690.000000
11767.000000,17231.000000,8607.000000,44687.000000
11802.000000,17211.000000,8616.000000,44683.000000
11803.000000,17225.000000,8602.000000,44692.000000
11775.000000,17204.000000,8601.000000,44678.000000
11772.000000,17243.000000,8600.000000,44681.000000
12055.000000,17165.000000,8559.000000,44656.000000
11769.000000,17177.000000,8590.000000,44661.000000
11766.000000,17187.000000,8576.000000,44665.000000
11727.000000,17177.000000,8543.000000,44638.000000
11749.000000,17120.000000,8552.000000,44654.000000
11741.000000,17201.000000,8540.000000,44629.000000
11703.000000,17175.000000,8543.000000,44619.000000
11700.000000,17124.000000,8496.000000,44605.000000
11691.000000,17119.000000,8493.000000,44621.000000
11666.000000,17103.000000,8495.000000,44618.000000
11680.000000,17130.000000,8489.000000,44628.000000
11670.000000,17143.000000,8491.000000,44617.000000
11638.000000,17094.000000,8457.000000,44579.000000
11629.000000,17093.000000,8445.000000,44589.000000
11613.000000,17113.000000,8433.000000,44593.000000
11579.000000,17057.000000,8415.000000,44560.000000
11584.000000,17057.000000,8405.000000,44560.000000
11579.000000,17079.000000,8422.000000,44592.000000
11571.000000,17075.000000,8368.000000,44555.000000
11574.000000,17032.000000,8368.000000,44536.000000
11536.000000,17287.000000,8383.000000,44534.000000
11555.000000,17052.000000,8404.000000,44525.000000
11514.000000,17026.000000,8369.000000,44546.000000
11535.000000,17041.000000,8366.000000,44548.000000
11495.000000,16991.000000,8335.000000,44543.000000
11470.000000,17009.000000,8326.000000,44507.000000
11448.000000,16989.000000,8298.000000,44506.000000
11461.000000,16994.000000,8296.000000,44524.000000
11455.000000,16995.000000,8280.000000,44495.000000
11423.000000,16951.000000,8288.000000,44503.000000
11431.000000,16940.000000,8276.000000,44480.000000
11422.000000,16957.000000,8256.000000,44487.000000
11412.000000,16942.000000,8273.000000,44471.000000
11412.000000,16904.000000,8223.000000,44449.000000
11404.000000,16946.000000,8242.000000,44445.000000
11393.000000,16933.000000,8216.000000,44441.000000
11352.000000,16880.000000,8210.000000,44445.000000
11351.000000,16927.000000,8200.000000,44443.000000
11349.000000,16875.000000,8192.000000,44405.000000
11360.000000,16916.000000,8183.000000,44445.000000
11318.000000,16877.000000,8178.000000,44421.000000
11307.000000,16867.000000,8157.000000,44418.000000
11303.000000,16864.000000,8179.000000,44400.000000
11289.000000,16839.000000,8128.000000,44380.000000
11276.000000,16801.000000,8083.000000,44377.000000
11265.000000,16821.000000,8126.000000,44400.000000
11243.000000,16825.000000,8099.000000,44379.000000
11266.000000,16812.000000,8093.000000,44399.000000
11210.000000,16797.000000,8099.000000,44384.000000
11219.000000,16796.000000,8080.000000,44373.000000
11220.000000,16777.000000,8085.000000,44377.000000
11234.000000,16792.000000,8072.000000,44363.000000
11193.000000,16767.000000,8057.000000,44373.000000
11200.000000,16767.000000,8032.000000,44339.000000
11207.000000,16763.000000,8038.000000,44363.000000
11183.000000,16782.000000,8043.000000,44334.000000
11183.000000,16787.000000,8055.000000,44360.000000
11181.000000,16751.000000,8011.000000,44362.000000
11171.000000,16739.000000,8005.000000,44339.000000
11182.000000,16753.000000,8016.000000,44347.000000
11150.000000,16727.000000,7973.000000,44339.000000
11188.000000,16731.000000,8009.000000,44343.000000
11147.000000,16743.000000,8004.000000,44349.000000
11117.000000,16699.000000,7973.000000,44301.000000
11121.000000,16757.000000,7994.000000,44335.000000
11105.000000,16696.000000,7971.000000,44325.000000
11140.000000,16723.000000,7960.000000,44309.000000
11113.000000,16712.000000,7961.000000,44324.000000
11130.000000,16681.000000,7918.000000,44325.000000
11101.000000,16689.000000,7900.000000,44299.000000
11105.000000,16691.000000,7906.000000,44289.000000
11106.000000,16707.000000,7907.000000,44269.000000
11101.000000,16716.000000,7923.000000,44295.000000
11057.000000,16695.000000,7930.000000,44273.000000
11065.000000,16663.000000,7865.000000,44287.000000
11081.000000,16680.000000,7932.000000,44292.000000
11035.000000,16637.000000,7864.000000,44248.000000
11010.000000,16659.000000,7859.000000,44258.000000
11013.000000,16634.000000,7877.000000,44278.000000
11001.000000,16621.000000,7833.000000,44239.000000
11031.000000,16623.000000,7851.000000,44251.000000
11001.000000,16645.000000,7871.000000,44237.000000
10994.000000,16624.000000,7834.000000,44242.000000
11033.000000,16645.000000,7862.000000,44254.000000
11001.000000,16637.000000,7825.000000,44251.000000
10989.000000,16616.000000,7838.000000,44215.000000
11036.000000,16631.000000,7841.000000,44266.000000
11033.000000,16641.000000,7873.000000,44275.000000
11042.000000,16643.000000,7890.000000,44259.000000
11018.000000,16649.000000,7865.000000,44279.000000
11061.000000,16665.000000,7891.000000,44260.000000
11048.000000,16661.000000,7911.000000,44284.000000
11071.000000,16696.000000,7900.000000,44314.000000
11073.000000,16681.000000,7926.000000,44285.000000
11119.000000,16721.000000,7944.000000,44313.000000
11090.000000,16695.000000,7906.000000,44296.000000
11152.000000,16736.000000,7948.000000,44316.000000
11106.000000,16715.000000,7982.000000,44322.000000
11163.000000,16737.000000,7967.000000,44324.000000
11199.000000,16727.000000,7999.000000,44325.000000
11190.000000,16784.000000,8013.000000,44335.000000
11224.000000,16783.000000,8024.000000,44357.000000
11227.000000,16805.000000,8045.000000,44371.000000
11258.000000,16839.000000,8066.000000,44398.000000
11279.000000,16859.000000,8127.000000,44405.000000
11330.000000,16857.000000,8128.000000,44444.000000
11329.000000,16867.000000,8167.000000,44427.000000
11355.000000,16881.000000,8163.000000,44445.000000
11394.000000,16911.000000,8200.000000,44471.000000
11421.000000,16932.000000,8219.000000,44517.000000
11475.000000,16955.000000,8245.000000,44536.000000
11472.000000,16955.000000,8280.000000,44519.000000
11529.000000,17000.000000,8332.000000,44535.000000
11556.000000,17020.000000,8318.000000,44531.000000
11596.000000,17050.000000,8401.000000,44582.000000
11598.000000,17355.000000,8430.000000,44570.000000
11635.000000,17103.000000,8379.000000,44591.000000
11676.000000,17082.000000,8438.000000,44627.000000
11707.000000,17124.000000,8506.000000,44634.000000
11741.000000,17171.000000,8530.000000,44636.000000
11735.000000,17160.000000,8531.000000,44637.000000
11790.000000,17172.000000,8509.000000,44637.000000
11772.000000,17195.000000,8549.000000,44644.000000
11775.000000,17183.000000,8524.000000,44654.000000
11801.000000,17229.000000,8546.000000,44667.000000
11787.000000,17187.000000,8538.000000,44645.000000
11793.000000,17224.000000,8559.000000,44699.000000
11753.000000,17177.000000,8544.000000,44684.000000
11784.000000,17183.000000,8508.000000,44663.000000
11777.000000,17159.000000,8539.000000,44668.000000
11758.000000,17155.000000,8515.000000,44638.000000
11744.000000,17163.000000,8507.000000,44641.000000
11700.000000,17163.000000,8506.000000,44630.000000
11694.000000,17163.000000,8476.000000,44610.000000
11710.000000,17180.000000,8479.000000,44653.000000
11713.000000,17148.000000,8462.000000,44591.000000
11719.000000,17121.000000,8474.000000,44628.000000
11680.000000,17335.000000,8460.000000,44609.000000
11682.000000,17099.000000,8480.000000,44842.000000
11709.000000,17156.000000,8463.000000,44598.000000
11663.000000,17092.000000,8424.000000,44567.000000
11639.000000,17095.000000,8428.000000,44617.000000
11656.000000,17098.000000,8413.000000,44587.000000
11648.000000,17060.000000,8423.000000,44600.000000
11608.000000,17062.000000,8440.000000,44594.000000
11590.000000,17294.000000,8405.000000,44583.000000
11612.000000,17039.000000,8349.000000,44555.000000
11624.000000,17030.000000,8346.000000,44599.000000
11585.000000,17043.000000,8361.000000,44568.000000
11573.000000,17013.000000,8385.000000,44553.000000
11537.000000,17033.000000,8332.000000,44566.000000
11570.000000,17007.000000,8320.000000,44550.000000
11542.000000,17033.000000,8334.000000,44547.000000
11538.000000,16952.000000,8305.000000,44512.000000
11559.000000,17028.000000,8306.000000,44531.000000
11496.000000,16993.000000,8302.000000,44514.000000
11511.000000,16962.000000,8298.000000,44492.000000
11489.000000,16979.000000,8250.000000,44505.000000
11479.000000,16955.000000,8271.000000,44491.000000
11480.000000,16945.000000,8245.000000,44479.000000
11477.000000,16953.000000,8279.000000,44483.000000
11444.000000,17203.000000,8251.000000,44485.000000
11425.000000,16947.000000,8225.000000,44487.000000
11423.000000,16913.000000,8210.000000,44480.000000
11403.000000,16928.000000,8170.000000,44453.000000
11435.000000,16883.000000,8204.000000,44469.000000
11426.000000,16913.000000,8186.000000,44422.000000
11365.000000,16887.000000,8157.000000,44439.000000
11383.000000,16883.000000,8159.000000,44463.000000
11352.000000,16881.000000,8148.000000,44411.000000
11343.000000,16914.000000,8167.000000,44428.000000
11320.000000,16845.000000,8125.000000,44442.000000
11347.000000,16844.000000,8121.000000,44425.000000
11334.000000,16843.000000,8122.000000,44416.000000
11313.000000,16876.000000,8144.000000,44399.000000
11305.000000,16863.000000,8113.000000,44399.000000
11311.000000,16841.000000,8115.000000,44427.000000
11305.000000,16815.000000,8081.000000,44423.000000
11284.000000,16807.000000,8085.000000,44380.000000
11272.000000,16831.000000,8081.000000,44387.000000
11263.000000,16825.000000,8083.000000,44417.000000
11276.000000,16807.000000,8066.000000,44377.000000
11267.000000,16799.000000,8039.000000,44391.000000
11231.000000,16780.000000,8048.000000,44358.000000
11253.000000,16808.000000,8049.000000,44351.000000
11234.000000,16820.000000,8008.000000,44388.000000
11247.000000,16804.000000,8030.000000,44390.000000
11253.000000,16803.000000,8055.000000,44365.000000
11225.000000,16779.000000,8027.000000,44366.000000
11256.000000,16775.000000,8035.000000,44363.000000
11215.000000,16763.000000,8047.000000,44328.000000
11240.000000,16771.000000,8042.000000,44376.000000
11189.000000,16755.000000,8038.000000,44383.000000
11226.000000,16780.000000,8035.000000,44356.000000
11200.000000,16767.000000,7993.000000,44331.000000
11204.000000,16761.000000,8000.000000,44361.000000
11189.000000,16761.000000,7989.000000,44323.000000
11160.000000,16707.000000,7977.000000,44316.000000
11169.000000,16749.000000,7962.000000,44315.000000
11147.000000,16731.000000,7970.000000,44332.000000
11145.000000,16725.000000,7920.000000,44299.000000
11106.000000,16676.000000,7933.000000,44307.000000
11116.000000,16676.000000,7930.000000,44344.000000
11110.000000,16644.000000,7936.000000,44300.000000
11082.000000,16671.000000,7895.000000,44296.000000
11091.000000,16644.000000,7891.000000,44276.000000
11082.000000,16628.000000,7893.000000,44271.000000
11049.000000,16681.000000,7907.000000,44288.000000
11095.000000,16639.000000,7870.000000,44284.000000
11076.000000,16679.000000,7885.000000,44276.000000
11055.000000,16637.000000,7858.000000,44282.000000
11098.000000,16651.000000,7857.000000,44263.000000
11072.000000,16638.000000,7885.000000,44295.000000
11058.000000,16667.000000,7873.000000,44287.000000
11096.000000,16663.000000,7886.000000,44317.000000
11114.000000,16659.000000,7895.000000,44303.000000
11110.000000,16687.000000,7930.000000,44293.000000
11112.000000,16703.000000,7940.000000,44292.000000
11115.000000,16663.000000,7909.000000,44291.000000
11193.000000,16700.000000,7973.000000,44316.000000
11131.000000,16747.000000,7960.000000,44320.000000
11149.000000,16707.000000,7970.000000,44315.000000
11160.000000,16740.000000,7946.000000,44323.000000
11165.000000,16741.000000,7980.000000,44353.000000
11176.000000,16733.000000,8002.000000,44348.000000
11196.000000,16773.000000,8028.000000,44357.000000
11226.000000,16767.000000,8032.000000,44359.000000
11235.000000,16799.000000,8045.000000,44356.000000
11229.000000,16796.000000,8088.000000,44381.000000
11255.000000,16789.000000,8084.000000,44396.000000
11259.000000,16853.000000,8118.000000,44434.000000
11305.000000,16821.000000,8112.000000,44394.000000
11324.000000,16831.000000,8142.000000,44431.000000
11330.000000,16887.000000,8185.000000,44455.000000
11358.000000,16891.000000,8147.000000,44447.000000
11440.000000,16900.000000,8221.000000,44483.000000
11445.000000,16916.000000,8236.000000,44504.000000
11469.000000,16927.000000,8259.000000,44530.000000
11475.000000,17192.000000,8304.000000,44536.000000
11514.000000,16991.000000,8329.000000,44545.000000
11531.000000,17020.000000,8338.000000,44560.000000
11581.000000,17308.000000,8364.000000,44584.000000
11619.000000,17027.000000,8382.000000,44614.000000
11667.000000,17078.000000,8469.000000,44619.000000
11645.000000,17078.000000,8426.000000,44602.000000
11675.000000,17112.000000,8455.000000,44626.000000
11687.000000,17096.000000,8506.000000,44640.000000
11740.000000,17139.000000,8535.000000,44643.000000
11737.000000,17121.000000,8512.000000,44691.000000
11740.000000,17156.000000,8519.000000,44662.000000
11772.000000,17155.000000,8566.000000,44654.000000
11751.000000,17156.000000,8535.000000,44678.000000
11779.000000,17155.000000,8560.000000,44706.000000
11778.000000,17155.000000,8540.000000,44679.000000
11763.000000,17169.000000,8527.000000,44671.000000
11761.000000,17177.000000,8556.000000,44646.000000
11755.000000,17157.000000,8532.000000,44660.000000
11750.000000,17135.000000,8511.000000,44656.000000
11703.000000,17128.000000,8509.000000,44640.000000
11731.000000,17134.000000,8512.000000,44661.000000
11704.000000,17140.000000,8489.000000,44648.000000
11674.000000,17113.000000,8477.000000,44623.000000
11679.000000,17121.000000,8480.000000,44656.000000
11694.000000,17073.000000,8465.000000,44630.000000
11670.000000,17089.000000,8454.000000,44626.000000
11653.000000,17120.000000,8469.000000,44620.000000
11640.000000,17351.000000,8437.000000,44601.000000
11662.000000,17091.000000,8450.000000,44640.000000
11641.000000,17026.000000,8418.000000,44584.000000
11631.000000,17055.000000,8411.000000,44564.000000
11635.000000,17053.000000,8417.000000,44611.000000
11624.000000,17048.000000,8392.000000,44591.000000
11595.000000,17043.000000,8407.000000,44577.000000
11611.000000,17054.000000,8399.000000,44579.000000
11616.000000,17066.000000,8387.000000,44556.000000
11582.000000,17011.000000,8383.000000,44566.000000
11558.000000,17005.000000,8371.000000,44554.000000
11546.000000,16997.000000,8336.000000,44555.000000
11533.000000,16963.000000,8333.000000,44558.000000
11569.000000,17021.000000,8335.000000,44543.000000
11531.000000,16985.000000,8327.000000,44807.000000
11508.000000,17002.000000,8311.000000,44548.000000
11491.000000,16973.000000,8324.000000,44533.000000
11514.000000,16964.000000,8288.000000,44528.000000
11503.000000,17211.000000,8300.000000,44522.000000
11474.000000,16928.000000,8279.000000,44515.000000
11472.000000,16940.000000,8264.000000,44511.000000
11463.000000,17173.000000,8271.000000,44518.000000
11488.000000,16931.000000,8255.000000,44503.000000
11441.000000,16950.000000,8228.000000,44513.000000
11425.000000,16940.000000,8258.000000,44511.000000
11411.000000,16944.000000,8248.000000,44503.000000
11423.000000,16875.000000,8215.000000,44469.000000
11390.000000,16902.000000,8204.000000,44495.000000
11405.000000,17159.000000,8207.000000,44463.000000
11392.000000,16882.000000,8187.000000,44460.000000
11399.000000,16899.000000,8160.000000,44479.000000
11387.000000,16871.000000,8182.000000,44467.000000
11351.000000,16883.000000,8155.000000,44448.000000
11361.000000,16880.000000,8199.000000,44447.000000
11354.000000,16875.000000,8150.000000,44447.000000
11324.000000,16836.000000,8157.000000,44430.000000
11344.000000,16888.000000,8157.000000,44468.000000
11335.000000,16831.000000,8129.000000,44447.000000
11314.000000,16861.000000,8158.000000,44456.000000
11323.000000,16833.000000,8115.000000,44431.000000
11331.000000,16823.000000,8149.000000,44426.000000
11301.000000,16819.000000,8109.000000,44425.000000
11291.000000,16817.000000,8105.000000,44407.000000
11273.000000,16823.000000,8106.000000,44424.000000
11250.000000,16813.000000,8107.000000,44417.000000
11284.000000,16799.000000,8089.000000,44399.000000
11280.000000,16829.000000,8107.000000,44411.000000
11262.000000,16803.000000,8061.000000,44386.000000
11245.000000,16793.000000,8085.000000,44395.000000
11249.000000,16821.000000,8057.000000,44389.000000
11259.000000,16781.000000,8074.000000,44413.000000
11242.000000,16808.000000,8053.000000,44397.000000
11243.000000,16757.000000,8040.000000,44394.000000
11254.000000,16779.000000,8036.000000,44404.000000
11237.000000,16778.000000,8038.000000,44384.000000
11222.000000,16795.000000,8029.000000,44401.000000
11225.000000,16773.000000,8021.000000,44400.000000
11206.000000,16771.000000,8025.000000,44387.000000
11237.000000,16783.000000,8006.000000,44385.000000
11218.000000,16735.000000,8011.000000,44329.000000
11172.000000,16739.000000,7992.000000,44387.000000
11200.000000,16731.000000,7988.000000,44358.000000
11186.000000,16753.000000,7960.000000,44351.000000
11139.000000,16719.000000,7962.000000,44324.000000
11183.000000,16721.000000,7963.000000,44352.000000
11133.000000,16684.000000,7947.000000,44327.000000
11156.000000,16697.000000,7943.000000,44316.000000
11136.000000,16680.000000,7939.000000,44324.000000
11149.000000,16691.000000,7917.000000,44319.000000
11103.000000,16688.000000,7930.000000,44328.000000
11111.000000,16693.000000,7919.000000,44312.000000
11135.000000,16680.000000,7896.000000,44339.000000
11126.000000,16695.000000,7913.000000,44323.000000
11117.000000,16695.000000,7942.000000,44298.000000
11096.000000,16676.000000,7929.000000,44323.000000
11118.000000,16707.000000,7927.000000,44340.000000
11138.000000,16717.000000,7960.000000,44331.000000
11108.000000,16727.000000,7951.000000,44335.000000
11171.000000,16745.000000,7988.000000,44347.000000
11142.000000,16716.000000,7970.000000,44323.000000
11172.000000,16725.000000,7998.000000,44361.000000
11167.000000,16775.000000,8029.000000,44368.000000
11183.000000,16743.000000,8000.000000,44374.000000
11207.000000,16785.000000,8011.000000,44401.000000
11207.000000,16791.000000,8072.000000,44411.000000
11235.000000,16752.000000,8044.000000,44402.000000
11249.000000,16811.000000,8071.000000,44407.000000
11297.000000,16813.000000,8090.000000,44430.000000
11284.000000,16835.000000,8088.000000,44427.000000
11312.000000,16857.000000,8147.000000,44461.000000
11339.000000,16855.000000,8157.000000,44443.000000
11367.000000,16887.000000,8167.000000,44456.000000
11424.000000,16917.000000,8183.000000,44466.000000
11426.000000,16945.000000,8223.000000,44503.000000
11433.000000,16949.000000,8241.000000,44531.000000
11485.000000,16963.000000,8283.000000,44543.000000
11530.000000,16982.000000,8302.000000,44523.000000
11517.000000,17020.000000,8310.000000,44554.000000
11567.000000,17014.000000,8361.000000,44552.000000
11604.000000,17031.000000,8409.000000,44604.000000
11653.000000,17049.000000,8423.000000,44591.000000
11651.000000,17071.000000,8426.000000,44621.000000
11719.000000,17138.000000,8479.000000,44660.000000
11739.000000,17116.000000,8496.000000,44649.000000
11744.000000,17164.000000,8530.000000,44683.000000
11769.000000,17134.000000,8512.000000,44675.000000
11798.000000,17200.000000,8596.000000,44706.000000
11809.000000,17256.000000,8571.000000,44703.000000
11808.000000,17227.000000,8573.000000,44709.000000
11856.000000,17239.000000,8632.000000,44696.000000
11860.000000,17208.000000,8610.000000,44718.000000
11872.000000,17223.000000,8604.000000,44701.000000
11879.000000,17243.000000,8615.000000,44692.000000
11863.000000,17239.000000,8592.000000,44691.000000
11866.000000,17240.000000,8614.000000,44724.000000
11879.000000,17212.000000,8602.000000,44687.000000
11850.000000,17218.000000,8575.000000,44725.000000
11807.000000,17212.000000,8552.000000,44704.000000
11831.000000,17208.000000,8571.000000,44705.000000
11791.000000,17184.000000,8557.000000,44701.000000
11825.000000,17196.000000,8554.000000,44656.000000
11806.000000,17213.000000,8557.000000,44694.000000
11790.000000,17153.000000,8516.000000,44672.000000
11792.000000,17165.000000,8508.000000,44664.000000
11760.000000,17173.000000,8513.000000,44686.000000
11748.000000,17391.000000,8500.000000,44660.000000
11762.000000,17156.000000,8491.000000,44647.000000
11736.000000,17137.000000,8472.000000,44662.000000
11725.000000,17137.000000,8468.000000,44641.000000
11740.000000,17111.000000,8468.000000,44617.000000
11708.000000,17117.000000,8440.000000,44644.000000
11732.000000,17133.000000,8482.000000,44627.000000
11720.000000,17137.000000,8442.000000,44650.000000
11716.000000,17113.000000,8444.000000,44607.000000
11684.000000,17070.000000,8423.000000,44615.000000
11677.000000,17062.000000,8415.000000,44612.000000
11680.000000,17088.000000,8412.000000,44608.000000
11661.000000,17060.000000,8371.000000,44600.000000
11650.000000,17074.000000,8389.000000,44604.000000
11639.000000,17081.000000,8381.000000,44582.000000
11659.000000,17078.000000,8354.000000,44601.000000
11619.000000,17287.000000,8385.000000,44590.000000
11600.000000,17033.000000,8331.000000,44583.000000
11622.000000,17069.000000,8311.000000,44827.000000
11591.000000,17034.000000,8334.000000,44582.000000
11594.000000,17243.000000,8288.000000,44543.000000
11546.000000,17016.000000,8261.000000,44544.000000
11529.000000,16993.000000,8261.000000,44549.000000
11557.000000,16967.000000,8267.000000,44512.000000
11523.000000,16963.000000,8267.000000,44552.000000
11504.000000,16990.000000,8273.000000,44507.000000
11488.000000,16925.000000,8221.000000,44521.000000
11500.000000,16931.000000,8228.000000,44502.000000
11457.000000,16951.000000,8196.000000,44487.000000
11491.000000,16923.000000,8220.000000,44506.000000
11476.000000,16920.000000,8200.000000,44465.000000
11456.000000,17155.000000,8184.000000,44496.000000
11440.000000,16921.000000,8204.000000,44473.000000
11420.000000,16895.000000,8170.000000,44475.000000
11440.000000,16875.000000,8170.000000,44469.000000
11410.000000,16886.000000,8140.000000,44449.000000
11412.000000,16875.000000,8146.000000,44471.000000
11401.000000,16885.000000,8123.000000,44468.000000
11392.000000,16855.000000,8128.000000,44435.000000
11355.000000,16865.000000,8116.000000,44455.000000
11367.000000,16825.000000,8090.000000,44450.000000
11348.000000,16845.000000,8130.000000,44475.000000
11310.000000,16811.000000,8075.000000,44420.000000
11303.000000,16772.000000,8097.000000,44400.000000
11295.000000,16813.000000,8034.000000,44393.000000
11283.000000,16779.000000,8045.000000,44392.000000
11274.000000,16789.000000,8026.000000,44402.000000
11257.000000,16789.000000,8024.000000,44392.000000
11238.000000,16749.000000,8031.000000,44385.000000
11217.000000,16767.000000,8032.000000,44396.000000
11241.000000,16759.000000,7985.000000,44387.000000
11222.000000,16763.000000,8014.000000,44356.000000
11240.000000,16768.000000,7972.000000,44357.000000
11226.000000,16719.000000,7949.000000,44348.000000
11197.000000,16759.000000,7953.000000,44351.000000
11223.000000,16724.000000,7956.000000,44359.000000
11202.000000,16769.000000,7930.000000,44343.000000
11201.000000,16733.000000,7904.000000,44339.000000
11200.000000,16719.000000,7930.000000,44328.000000
11182.000000,16703.000000,7933.000000,44304.000000
11188.000000,16701.000000,7911.000000,44343.000000
11192.000000,16739.000000,7924.000000,44319.000000
11185.000000,16716.000000,7902.000000,44321.000000
11208.000000,16751.000000,7898.000000,44320.000000
11157.000000,16689.000000,7860.000000,44320.000000
11171.000000,16711.000000,7865.000000,44296.000000
11179.000000,16679.000000,7866.000000,44278.000000
11145.000000,16683.000000,7846.000000,44328.000000
11141.000000,16645.000000,7837.000000,44272.000000
11152.000000,16683.000000,7847.000000,44276.000000
11104.000000,16675.000000,7849.000000,44291.000000
11140.000000,16660.000000,7832.000000,44275.000000
11138.000000,16659.000000,7829.000000,44285.000000
11112.000000,16647.000000,7824.000000,44291.000000
11112.000000,16636.000000,7840.000000,44288.000000
11117.000000,16621.000000,7825.000000,44299.000000
11111.000000,16651.000000,7856.000000,44274.000000
11127.000000,16626.000000,7821.000000,44296.000000
11112.000000,16660.000000,7852.000000,44315.000000
11117.000000,16664.000000,7858.000000,44304.000000
11112.000000,16651.000000,7828.000000,44295.000000
11116.000000,16675.000000,7852.000000,44304.000000
11108.000000,16680.000000,7877.000000,44311.000000
11144.000000,16671.000000,7881.000000,44319.000000
11158.000000,16680.000000,7896.000000,44347.000000
11152.000000,16701.000000,7887.000000,44310.000000
11188.000000,16692.000000,7904.000000,44325.000000
11192.000000,16733.000000,7923.000000,44357.000000
11211.000000,16759.000000,7928.000000,44359.000000
11217.000000,16756.000000,7959.000000,44363.000000
11241.000000,16728.000000,7965.000000,44349.000000
11276.000000,16800.000000,8012.000000,44404.000000
11289.000000,16811.000000,8032.000000,44393.000000
11314.000000,16839.000000,8014.000000,44392.000000
11361.000000,16861.000000,8064.000000,44425.000000
11392.000000,16825.000000,8068.000000,44427.000000
11404.000000,16865.000000,8095.000000,44445.000000
11444.000000,16918.000000,8145.000000,44479.000000
11479.000000,16912.000000,8164.000000,44511.000000
11532.000000,16964.000000,8205.000000,44535.000000
11535.000000,16971.000000,8247.000000,44505.000000
11592.000000,17271.000000,8272.000000,44553.000000
11648.000000,17005.000000,8309.000000,44560.000000
11681.000000,17059.000000,8327.000000,44585.000000
11700.000000,17099.000000,8387.000000,44620.000000
11708.000000,17103.000000,8399.000000,44653.000000
11751.000000,17112.000000,8429.000000,44639.000000
11748.000000,17159.000000,8463.000000,44671.000000
11781.000000,17164.000000,8489.000000,44625.000000
11815.000000,17177.000000,8488.000000,44683.000000
11839.000000,17163.000000,8499.000000,44676.000000
11844.000000,17169.000000,8539.000000,44697.000000
11872.000000,17195.000000,8582.000000,44708.000000
12104.000000,17199.000000,8545.000000,44695.000000
11858.000000,17211.000000,8557.000000,44713.000000
11852.000000,17192.000000,8547.000000,44715.000000
11854.000000,17189.000000,8566.000000,44705.000000
11837.000000,17224.000000,8562.000000,44714.000000
11834.000000,17211.000000,8561.000000,44680.000000
11842.000000,17203.000000,8563.000000,44710.000000
11815.000000,17196.000000,8534.000000,44695.000000
11809.000000,17211.000000,8535.000000,44689.000000
11827.000000,17188.000000,8504.000000,44680.000000
11857.000000,17200.000000,8559.000000,44690.000000
11782.000000,17168.000000,8489.000000,44674.000000
11790.000000,17187.000000,8504.000000,44659.000000
11807.000000,17163.000000,8487.000000,44680.000000
12051.000000,17153.000000,8475.000000,44679.000000
11755.000000,17132.000000,8464.000000,44660.000000
11771.000000,17149.000000,8464.000000,44640.000000
11775.000000,17100.000000,8495.000000,44649.000000
11700.000000,17097.000000,8424.000000,44625.000000
11734.000000,17142.000000,8425.000000,44644.000000
11715.000000,17092.000000,8400.000000,44633.000000
11722.000000,17109.000000,8416.000000,44621.000000
11699.000000,17089.000000,8431.000000,44640.000000
11671.000000,17096.000000,8388.000000,44584.000000
11679.000000,17076.000000,8396.000000,44611.000000
11659.000000,17384.000000,8398.000000,44604.000000
11655.000000,17074.000000,8366.000000,44600.000000
11653.000000,17065.000000,8369.000000,44584.000000
11639.000000,17025.000000,8355.000000,44594.000000
11620.000000,17014.000000,8321.000000,44585.000000
11624.000000,17040.000000,8342.000000,44596.000000
11587.000000,17029.000000,8301.000000,44582.000000
11589.000000,16991.000000,8302.000000,44578.000000
11573.000000,16979.000000,8302.000000,44548.000000
11564.000000,16993.000000,8293.000000,44564.000000
11549.000000,16960.000000,8306.000000,44544.000000
11547.000000,16977.000000,8287.000000,44548.000000
11531.000000,16970.000000,8266.000000,44532.000000
11506.000000,16959.000000,8241.000000,44544.000000
11527.000000,16969.000000,8274.000000,44547.000000
11490.000000,16909.000000,8226.000000,44519.000000
11460.000000,16929.000000,8235.000000,44513.000000
11511.000000,16903.000000,8220.000000,44517.000000
11464.000000,16923.000000,8188.000000,44505.000000
11442.000000,16899.000000,8185.000000,44493.000000
11432.000000,16880.000000,8194.000000,44483.000000
11409.000000,16897.000000,8204.000000,44507.000000
11428.000000,16856.000000,8166.000000,44483.000000
11371.000000,16875.000000,8143.000000,44467.000000
11355.000000,16843.000000,8126.000000,44495.000000
11369.000000,16835.000000,8139.000000,44476.000000
11351.000000,16827.000000,8129.000000,44463.000000
11319.000000,16835.000000,8103.000000,44446.000000
11332.000000,16829.000000,8107.000000,44460.000000
11348.000000,16831.000000,8100.000000,44431.000000
11306.000000,16795.000000,8085.000000,44423.000000
11321.000000,16808.000000,8090.000000,44416.000000
11299.000000,16796.000000,8067.000000,44433.000000
11261.000000,16788.000000,8040.000000,44422.000000
11268.000000,16796.000000,8073.000000,44403.000000
11245.000000,16763.000000,8057.000000,44393.000000
11252.000000,16727.000000,8015.000000,44420.000000
11245.000000,16772.000000,8026.000000,44417.000000
11269.000000,16751.000000,8005.000000,44383.000000
11218.000000,16759.000000,8011.000000,44408.000000
11194.000000,16744.000000,7985.000000,44392.000000
11219.000000,16726.000000,7987.000000,44372.000000
11211.000000,16711.000000,7979.000000,44415.000000
11191.000000,16733.000000,7985.000000,44370.000000
11192.000000,16751.000000,7938.000000,44360.000000
11179.000000,16719.000000,7968.000000,44351.000000
11154.000000,16705.000000,7983.000000,44383.000000
11165.000000,16727.000000,7960.000000,44352.000000
11153.000000,16691.000000,7944.000000,44340.000000
11153.000000,16696.000000,7945.000000,44356.000000
11149.000000,16668.000000,7905.000000,44315.000000
11133.000000,16695.000000,7934.000000,44337.000000
11091.000000,16675.000000,7901.000000,44319.000000
11077.000000,16645.000000,7884.000000,44303.000000
11053.000000,16647.000000,7900.000000,44307.000000
11070.000000,16645.000000,7879.000000,44299.000000
11059.000000,16652.000000,7840.000000,44288.000000
11035.000000,16598.000000,7844.000000,44307.000000
11036.000000,16583.000000,7833.000000,44281.000000
11019.000000,16584.000000,7841.000000,44293.000000
10998.000000,16561.000000,7803.000000,44249.000000
11011.000000,16590.000000,7834.000000,44271.000000
11004.000000,16575.000000,7835.000000,44267.000000
10977.000000,16565.000000,7789.000000,44248.000000
10988.000000,16587.000000,7803.000000,44268.000000
10979.000000,16553.000000,7806.000000,44243.000000
10958.000000,16566.000000,7805.000000,44269.000000
10963.000000,16560.000000,7815.000000,44247.000000
10975.000000,16554.000000,7848.000000,44260.000000
10945.000000,16586.000000,7813.000000,44268.000000
10978.000000,16596.000000,7817.000000,44265.000000
11216.000000,16583.000000,7838.000000,44307.000000
11000.000000,16594.000000,7854.000000,44264.000000
11260.000000,16608.000000,7855.000000,44311.000000
10965.000000,16582.000000,7827.000000,44278.000000
11024.000000,16623.000000,7871.000000,44309.000000
11019.000000,16630.000000,7883.000000,44312.000000
11056.000000,16634.000000,7877.000000,44312.000000
11032.000000,16653.000000,7918.000000,44299.000000
11077.000000,16660.000000,7920.000000,44333.000000
11079.000000,16655.000000,7929.000000,44322.000000
11136.000000,16727.000000,7942.000000,44352.000000
11157.000000,16688.000000,7973.000000,44359.000000
11155.000000,16725.000000,8010.000000,44391.000000
11152.000000,16696.000000,8005.000000,44373.000000
11182.000000,16763.000000,8030.000000,44406.000000
11221.000000,16731.000000,8031.000000,44433.000000
11247.000000,16775.000000,8095.000000,44456.000000
11268.000000,16811.000000,8108.000000,44475.000000
11276.000000,16792.000000,8125.000000,44440.000000
11364.000000,16849.000000,8156.000000,44461.000000
11325.000000,16847.000000,8183.000000,44488.000000
11387.000000,16876.000000,8174.000000,44513.000000
11402.000000,17161.000000,8212.000000,44540.000000
11422.000000,16891.000000,8233.000000,44525.000000
11470.000000,16946.000000,8290.000000,44524.000000
11486.000000,16949.000000,8321.000000,44558.000000
11514.000000,16984.000000,8304.000000,44568.000000
11549.000000,16966.000000,8337.000000,44553.000000
11502.000000,16979.000000,8343.000000,44568.000000
11584.000000,17005.000000,8369.000000,44600.000000
11593.000000,17007.000000,8374.000000,44600.000000
11591.000000,17018.000000,8383.000000,44621.000000
11592.000000,17029.000000,8399.000000,44630.000000
11607.000000,16996.000000,8394.000000,44581.000000
11616.000000,17043.000000,8400.000000,44608.000000
11561.000000,17029.000000,8361.000000,44603.000000
11607.000000,17036.000000,8367.000000,44580.000000
11582.000000,17003.000000,8369.000000,44589.000000
11557.000000,17011.000000,8366.000000,44571.000000
11611.000000,17004.000000,8328.000000,44608.000000
11560.000000,16971.000000,8325.000000,44533.000000
11568.000000,16995.000000,8321.000000,44569.000000
11519.000000,16980.000000,8322.000000,44578.000000
11541.000000,16960.000000,8335.000000,44580.000000
11540.000000,17223.000000,8330.000000,44570.000000
11530.000000,16932.000000,8327.000000,44535.000000
11499.000000,16952.000000,8280.000000,44539.000000
11496.000000,16976.000000,8293.000000,44568.000000
11464.000000,16939.000000,8252.000000,44543.000000
11490.000000,17195.000000,8266.000000,44545.000000
11483.000000,16921.000000,8263.000000,44527.000000
11449.000000,16927.000000,8254.000000,44497.000000
11404.000000,16944.000000,8225.000000,44531.000000
11429.000000,16907.000000,8199.000000,44531.000000
11395.000000,16885.000000,8196.000000,44527.000000
11379.000000,16880.000000,8207.000000,44494.000000
11373.000000,16892.000000,8166.000000,44489.000000
11346.000000,16847.000000,8169.000000,44458.000000
11352.000000,16865.000000,8154.000000,44480.000000
11300.000000,16847.000000,8129.000000,44473.000000
11307.000000,16811.000000,8108.000000,44435.000000
11310.000000,16828.000000,8105.000000,44473.000000
11263.000000,16796.000000,8091.000000,44413.000000
11257.000000,16795.000000,8083.000000,44415.000000
11235.000000,16781.000000,8079.000000,44417.000000
11216.000000,16735.000000,8035.000000,44405.000000
11179.000000,16749.000000,8025.000000,44375.000000
11149.000000,16731.000000,8018.000000,44384.000000
11151.000000,16721.000000,8005.000000,44365.000000
11125.000000,16711.000000,8006.000000,44347.000000
11151.000000,16691.000000,7954.000000,44351.000000
11094.000000,16704.000000,7949.000000,44342.000000
11101.000000,16663.000000,7930.000000,44335.000000
11050.000000,16667.000000,7898.000000,44329.000000
11048.000000,16620.000000,7906.000000,44315.000000
11004.000000,16611.000000,7887.000000,44299.000000
11012.000000,16651.000000,7866.000000,44324.000000
10966.000000,16594.000000,7843.000000,44291.000000
10970.000000,16570.000000,7855.000000,44296.000000
10965.000000,16596.000000,7850.000000,44262.000000
10912.000000,16545.000000,7841.000000,44258.000000
10922.000000,16538.000000,7829.000000,44261.000000
10877.000000,16528.000000,7798.000000,44265.000000
10850.000000,16518.000000,7778.000000,44218.000000
10816.000000,16507.000000,7766.000000,44222.000000
10824.000000,16488.000000,7741.000000,44203.000000
10801.000000,16472.000000,7723.000000,44191.000000
10799.000000,16475.000000,7707.000000,44203.000000
10780.000000,16453.000000,7696.000000,44167.000000
10759.000000,16425.000000,7702.000000,44213.000000
10759.000000,16433.000000,7703.000000,44180.000000
10708.000000,16413.000000,7693.000000,44208.000000
10747.000000,16421.000000,7653.000000,44177.000000
10699.000000,16413.000000,7652.000000,44175.000000
10731.000000,16430.000000,7647.000000,44166.000000
10701.000000,16416.000000,7630.000000,44137.000000
10701.000000,16379.000000,7646.000000,44124.000000
10716.000000,16399.000000,7635.000000,44147.000000
10693.000000,16397.000000,7620.000000,44147.000000
10676.000000,16368.000000,7593.000000,44108.000000
10675.000000,16331.000000,7598.000000,44167.000000
10643.000000,16347.000000,7628.000000,44122.000000
10646.000000,16352.000000,7588.000000,44129.000000
10613.000000,16351.000000,7579.000000,44118.000000
10603.000000,16343.000000,7564.000000,44089.000000
10600.000000,16347.000000,7555.000000,44106.000000
10576.000000,16296.000000,7551.000000,44105.000000
10561.000000,16300.000000,7519.000000,44096.000000
10517.000000,16291.000000,7521.000000,44070.000000
10512.000000,16259.000000,7472.000000,44082.000000
10516.000000,16280.000000,7503.000000,44071.000000
10493.000000,16263.000000,7475.000000,44046.000000
10515.000000,16271.000000,7453.000000,44065.000000
10508.000000,16265.000000,7467.000000,44027.000000
10500.000000,16268.000000,7455.000000,44078.000000
10481.000000,16259.000000,7438.000000,44031.000000
10490.000000,16244.000000,7414.000000,44031.000000
10521.000000,16239.000000,7445.000000,44036.000000
10484.000000,16229.000000,7437.000000,44053.000000
10501.000000,16249.000000,7470.000000,44050.000000
10528.000000,16283.000000,7461.000000,44056.000000
10577.000000,16285.000000,7476.000000,44085.000000
10555.000000,16307.000000,7479.000000,44084.000000
10561.000000,16307.000000,7491.000000,44094.000000
10588.000000,16280.000000,7490.000000,44073.000000
10606.000000,16340.000000,7517.000000,44076.000000
10626.000000,16347.000000,7496.000000,44108.000000
10641.000000,16321.000000,7532.000000,44130.000000
10658.000000,16328.000000,7553.000000,44075.000000
10655.000000,16352.000000,7579.000000,44113.000000
10682.000000,16355.000000,7558.000000,44137.000000
10696.000000,16371.000000,7586.000000,44128.000000
10718.000000,16396.000000,7606.000000,44133.000000
10738.000000,16395.000000,7640.000000,44164.000000
10758.000000,16442.000000,7646.000000,44169.000000
10753.000000,16415.000000,7620.000000,44154.000000
10783.000000,16433.000000,7651.000000,44173.000000
10836.000000,16460.000000,7659.000000,44205.000000
10799.000000,16472.000000,7705.000000,44195.000000
10834.000000,16484.000000,7700.000000,44215.000000
10854.000000,16507.000000,7721.000000,44217.000000
10914.000000,16511.000000,7732.000000,44227.000000
10933.000000,16546.000000,8012.000000,44260.000000
10952.000000,16574.000000,7789.000000,44272.000000
10967.000000,16592.000000,7786.000000,44240.000000
11047.000000,16599.000000,7850.000000,44317.000000
11076.000000,16618.000000,7850.000000,44297.000000
11122.000000,16672.000000,7924.000000,44321.000000
11125.000000,16667.000000,7928.000000,44306.000000
11166.000000,16735.000000,7948.000000,44356.000000
11207.000000,16720.000000,7976.000000,44412.000000
11229.000000,16759.000000,8011.000000,44395.000000
11232.000000,16759.000000,8026.000000,44401.000000
11283.000000,16780.000000,8081.000000,44431.000000
11302.000000,16815.000000,8096.000000,44448.000000
11344.000000,16804.000000,8086.000000,44443.000000
11314.000000,16845.000000,8135.000000,44469.000000
11344.000000,16849.000000,8154.000000,44444.000000
11384.000000,16871.000000,8148.000000,44479.000000
11372.000000,16871.000000,8156.000000,44509.000000
11370.000000,16832.000000,8127.000000,44428.000000
11391.000000,16875.000000,8157.000000,44473.000000
11359.000000,16855.000000,8143.000000,44507.000000
11384.000000,16865.000000,8136.000000,44504.000000
11390.000000,16883.000000,8117.000000,44464.000000
11399.000000,16864.000000,8109.000000,44495.000000
11376.000000,16857.000000,8127.000000,44470.000000
11394.000000,16839.000000,8123.000000,44449.000000
11353.000000,16875.000000,8110.000000,44474.000000
11312.000000,16845.000000,8077.000000,44452.000000
11348.000000,16832.000000,8106.000000,44460.000000
11308.000000,16819.000000,8098.000000,44436.000000
11332.000000,16808.000000,8047.000000,44410.000000
11304.000000,16817.000000,8063.000000,44443.000000
11327.000000,16796.000000,8061.000000,44441.000000
11273.000000,16775.000000,8050.000000,44411.000000
11267.000000,16771.000000,8012.000000,44399.000000
11294.000000,16792.000000,8065.000000,44407.000000
11281.000000,16789.000000,8012.000000,44404.000000
11296.000000,16799.000000,8032.000000,44411.000000
11282.000000,16799.000000,8011.000000,44413.000000
11266.000000,16771.000000,7983.000000,44388.000000
11261.000000,16768.000000,7976.000000,44391.000000
11266.000000,16771.000000,7969.000000,44374.000000
11250.000000,16764.000000,7996.000000,44376.000000
11228.000000,16757.000000,7981.000000,44378.000000
11235.000000,16736.000000,7987.000000,44361.000000
11218.000000,16763.000000,7968.000000,44369.000000
11236.000000,16697.000000,7955.000000,44351.000000
11226.000000,16731.000000,7970.000000,44347.000000
11190.000000,16717.000000,7941.000000,44362.000000
11181.000000,16712.000000,7916.000000,44335.000000
11179.000000,16779.000000,7940.000000,44360.000000
11178.000000,16687.000000,7896.000000,44323.000000
11165.000000,16693.000000,7931.000000,44328.000000
11158.000000,16703.000000,7927.000000,44352.000000
11146.000000,16697.000000,7888.000000,44327.000000
11180.000000,16672.000000,7911.000000,44329.000000
11151.000000,16671.000000,7885.000000,44321.000000
11136.000000,16657.000000,7899.000000,44332.000000
11143.000000,16680.000000,7894.000000,44309.000000
11127.000000,16672.000000,7885.000000,44323.000000
11143.000000,16637.000000,7867.000000,44335.000000
11116.000000,16653.000000,7886.000000,44300.000000
11115.000000,16594.000000,7864.000000,44291.000000
11094.000000,16621.000000,7854.000000,44308.000000
11058.000000,16632.000000,7839.000000,44299.000000
11094.000000,16610.000000,7847.000000,44307.000000
11032.000000,16589.000000,7819.000000,44271.000000
11259.000000,16597.000000,7807.000000,44275.000000
11049.000000,16623.000000,7829.000000,44282.000000
11015.000000,16554.000000,7783.000000,44285.000000
11011.000000,16571.000000,7792.000000,44256.000000
11043.000000,16596.000000,7766.000000,44287.000000
11029.000000,16583.000000,7777.000000,44256.000000
11043.000000,16570.000000,7778.000000,44263.000000
11015.000000,16588.000000,7759.000000,44272.000000
11066.000000,16554.000000,7760.000000,44271.000000
11038.000000,16576.000000,7747.000000,44247.000000
11046.000000,16578.000000,7733.000000,44283.000000
10999.000000,16580.000000,7738.000000,44245.000000
11049.000000,16545.000000,7712.000000,44244.000000
11027.000000,16609.000000,7746.000000,44259.000000
11019.000000,16566.000000,7708.000000,44252.000000
11051.000000,16563.000000,7713.000000,44223.000000
11030.000000,16552.000000,7755.000000,44254.000000
11033.000000,16573.000000,7728.000000,44263.000000
11013.000000,16555.000000,7740.000000,44228.000000
11022.000000,16578.000000,7755.000000,44292.000000
10999.000000,16547.000000,7727.000000,44256.000000
10991.000000,16542.000000,7720.000000,44239.000000
11019.000000,16559.000000,7720.000000,44257.000000
10976.000000,16533.000000,7696.000000,44206.000000
11023.000000,16545.000000,7701.000000,44250.000000
10982.000000,16541.000000,7672.000000,44248.000000
10948.000000,16507.000000,7660.000000,44218.000000
10958.000000,16512.000000,7645.000000,44224.000000
10959.000000,16546.000000,7677.000000,44215.000000
10964.000000,16498.000000,7654.000000,44195.000000
10922.000000,16503.000000,7640.000000,44194.000000
10957.000000,16533.000000,7680.000000,44202.000000
10953.000000,16523.000000,7663.000000,44213.000000
10930.000000,16500.000000,7656.000000,44208.000000
10945.000000,16510.000000,7656.000000,44228.000000
10955.000000,16456.000000,7629.000000,44182.000000
10934.000000,16498.000000,7652.000000,44199.000000
10933.000000,16522.000000,7668.000000,44221.000000
10955.000000,16502.000000,7673.000000,44160.000000
10950.000000,16562.000000,7646.000000,44218.000000
10976.000000,16562.000000,7684.000000,44243.000000
11005.000000,16525.000000,7706.000000,44242.000000
10986.000000,16542.000000,7701.000000,44225.000000
11012.000000,16542.000000,7697.000000,44234.000000
11018.000000,16543.000000,7731.000000,44227.000000
11021.000000,16547.000000,7731.000000,44269.000000
11007.000000,16543.000000,7736.000000,44256.000000
11033.000000,16572.000000,7739.000000,44239.000000
11007.000000,16556.000000,7741.000000,44241.000000
11042.000000,16581.000000,7731.000000,44277.000000
11068.000000,16603.000000,7750.000000,44291.000000
11061.000000,16560.000000,7755.000000,44301.000000
11090.000000,16585.000000,7772.000000,44290.000000
11107.000000,16590.000000,7792.000000,44283.000000
11127.000000,16613.000000,7800.000000,44312.000000
11136.000000,16639.000000,7816.000000,44277.000000
11156.000000,16644.000000,7846.000000,44335.000000
11195.000000,16652.000000,7859.000000,44343.000000
11215.000000,16649.000000,7870.000000,44363.000000
11272.000000,16721.000000,7881.000000,44356.000000
11278.000000,16763.000000,7917.000000,44380.000000
11321.000000,16811.000000,7944.000000,44380.000000
11370.000000,16801.000000,7984.000000,44429.000000
11382.000000,16813.000000,7966.000000,44407.000000
11453.000000,16856.000000,8040.000000,44447.000000
11474.000000,16898.000000,8084.000000,44464.000000
11525.000000,16893.000000,8110.000000,44451.000000
11577.000000,16937.000000,8137.000000,44504.000000
11600.000000,16938.000000,8164.000000,44505.000000
11639.000000,16977.000000,8215.000000,44534.000000
11691.000000,16993.000000,8234.000000,44582.000000
11683.000000,17033.000000,8251.000000,44565.000000
11709.000000,17065.000000,8297.000000,44587.000000
11736.000000,17029.000000,8273.000000,44584.000000
11766.000000,17076.000000,8320.000000,44601.000000
11782.000000,17074.000000,8341.000000,44609.000000
11777.000000,17092.000000,8326.000000,44611.000000
11779.000000,17107.000000,8356.000000,44625.000000
11780.000000,17094.000000,8364.000000,44607.000000
11789.000000,17111.000000,8337.000000,44636.000000
11818.000000,17090.000000,8365.000000,44612.000000
11781.000000,17115.000000,8361.000000,44636.000000
11791.000000,17105.000000,8326.000000,44625.000000
11775.000000,17081.000000,8336.000000,44617.000000
12055.000000,17117.000000,8363.000000,44649.000000
11775.000000,17056.000000,8366.000000,44612.000000
11791.000000,17077.000000,8338.000000,44617.000000
11786.000000,17081.000000,8355.000000,44631.000000
11740.000000,17067.000000,8339.000000,44592.000000
11765.000000,17062.000000,8359.000000,44640.000000
11738.000000,17104.000000,8349.000000,44624.000000
11736.000000,17040.000000,8316.000000,44594.000000
11763.000000,17059.000000,8346.000000,44614.000000
11765.000000,17054.000000,8343.000000,44644.000000
11737.000000,17056.000000,8335.000000,44570.000000
11715.000000,17036.000000,8310.000000,44606.000000
11747.000000,17029.000000,8343.000000,44637.000000
11714.000000,17034.000000,8320.000000,44609.000000
11715.000000,17307.000000,8327.000000,44869.000000
11699.000000,16994.000000,8336.000000,44602.000000
11703.000000,17020.000000,8324.000000,44624.000000
11685.000000,17027.000000,8287.000000,44578.000000
11677.000000,17003.000000,8310.000000,44581.000000
11679.000000,17024.000000,8251.000000,44609.000000
11687.000000,17012.000000,8275.000000,44609.000000
11677.000000,16993.000000,8275.000000,44565.000000
11640.000000,16969.000000,8250.000000,44557.000000
11633.000000,16982.000000,8258.000000,44591.000000
11645.000000,16977.000000,8237.000000,44558.000000
11608.000000,16950.000000,8252.000000,44572.000000
11608.000000,16971.000000,8248.000000,44574.000000
11607.000000,16922.000000,8247.000000,44550.000000
11635.000000,16945.000000,8237.000000,44539.000000
11573.000000,16901.000000,8211.000000,44561.000000
11553.000000,16910.000000,8162.000000,44509.000000
11565.000000,16947.000000,8205.000000,44521.000000
11557.000000,16895.000000,8201.000000,44531.000000
11555.000000,16912.000000,8204.000000,44509.000000
11544.000000,16895.000000,8180.000000,44527.000000
11517.000000,16912.000000,8172.000000,44529.000000
11543.000000,16881.000000,8158.000000,44508.000000
11516.000000,16865.000000,8163.000000,44512.000000
11501.000000,16863.000000,8154.000000,44473.000000
11468.000000,16851.000000,8157.000000,44468.000000
11466.000000,16864.000000,8165.000000,44496.000000
11455.000000,16872.000000,8120.000000,44496.000000
11427.000000,16825.000000,8134.000000,44497.000000
11451.000000,16847.000000,8126.000000,44508.000000
11442.000000,16856.000000,8139.000000,44484.000000
11427.000000,16851.000000,8085.000000,44447.000000
11430.000000,16840.000000,8090.000000,44464.000000
11405.000000,16796.000000,8074.000000,44421.000000
11430.000000,16807.000000,8063.000000,44439.000000
11380.000000,16815.000000,8086.000000,44480.000000
11369.000000,16785.000000,8061.000000,44453.000000
11403.000000,16801.000000,8058.000000,44461.000000
11357.000000,16811.000000,8050.000000,44465.000000
11357.000000,16773.000000,8062.000000,44449.000000
11312.000000,16779.000000,8031.000000,44431.000000
11341.000000,16792.000000,8006.000000,44426.000000
11292.000000,16736.000000,8015.000000,44391.000000
11301.000000,16743.000000,8015.000000,44427.000000
11294.000000,16735.000000,8019.000000,44415.000000
11277.000000,16727.000000,7997.000000,44413.000000
11259.000000,16725.000000,7989.000000,44415.000000
11253.000000,16740.000000,7977.000000,44377.000000
11255.000000,16719.000000,7977.000000,44388.000000
11200.000000,16664.000000,7927.000000,44372.000000
11200.000000,16663.000000,7924.000000,44357.000000
11209.000000,16683.000000,7904.000000,44360.000000
11185.000000,16639.000000,7916.000000,44355.000000
11173.000000,16634.000000,7900.000000,44364.000000
11153.000000,16627.000000,7871.000000,44337.000000
11143.000000,16643.000000,7860.000000,44353.000000
11135.000000,16639.000000,7863.000000,44316.000000
11149.000000,16622.000000,7841.000000,44335.000000
11138.000000,16620.000000,7856.000000,44316.000000
11131.000000,16603.000000,7840.000000,44315.000000
11112.000000,16633.000000,7840.000000,44327.000000
11131.000000,16609.000000,7849.000000,44323.000000
11147.000000,16610.000000,7847.000000,44311.000000
11158.000000,16643.000000,7849.000000,44295.000000
11157.000000,16640.000000,7881.000000,44330.000000
11161.000000,16659.000000,7830.000000,44327.000000
11167.000000,16647.000000,7880.000000,44349.000000
11172.000000,16672.000000,7881.000000,44339.000000
11214.000000,16693.000000,7896.000000,44344.000000
11232.000000,16681.000000,7886.000000,44367.000000
11242.000000,16667.000000,7943.000000,44347.000000
11235.000000,16722.000000,7890.000000,44346.000000
11253.000000,16712.000000,7923.000000,44407.000000
11267.000000,16703.000000,7959.000000,44372.000000
11318.000000,16721.000000,7957.000000,44371.000000
11323.000000,16717.000000,8000.000000,44383.000000
11328.000000,16747.000000,7994.000000,44416.000000
11362.000000,16755.000000,7984.000000,44403.000000
11377.000000,16785.000000,8033.000000,44457.000000
11399.000000,16771.000000,8036.000000,44440.000000
11426.000000,16811.000000,8048.000000,44473.000000
11454.000000,16859.000000,8085.000000,44476.000000
11513.000000,16864.000000,8091.000000,44491.000000
11513.000000,16897.000000,8134.000000,44500.000000
11568.000000,16938.000000,8145.000000,44533.000000
11596.000000,16920.000000,8183.000000,44527.000000
11643.000000,16974.000000,8196.000000,44551.000000
11675.000000,17006.000000,8261.000000,44561.000000
11731.000000,16985.000000,8273.000000,44583.000000
11786.000000,17075.000000,8315.000000,44628.000000
11815.000000,17056.000000,8349.000000,44612.000000
11791.000000,17106.000000,8344.000000,44626.000000
11866.000000,17139.000000,8403.000000,44686.000000
11899.000000,17375.000000,8400.000000,44647.000000
11928.000000,17179.000000,8465.000000,44691.000000
11932.000000,17168.000000,8482.000000,44713.000000
11981.000000,17223.000000,8508.000000,44714.000000
12010.000000,17231.000000,8527.000000,44744.000000
12017.000000,17237.000000,8542.000000,44766.000000
12021.000000,17235.000000,8527.000000,44764.000000
12059.000000,17249.000000,8577.000000,44756.000000
12037.000000,17252.000000,8558.000000,44785.000000
12022.000000,17274.000000,8537.000000,44745.000000
12017.000000,17276.000000,8568.000000,44758.000000
12004.000000,17243.000000,8578.000000,44741.000000
11987.000000,17243.000000,8544.000000,44731.000000
11982.000000,17239.000000,8548.000000,44738.000000
11976.000000,17207.000000,8498.000000,44717.000000
11968.000000,17215.000000,8503.000000,44712.000000
11959.000000,17223.000000,8503.000000,44714.000000
11942.000000,17164.000000,8500.000000,44716.000000
11988.000000,17195.000000,8501.000000,44713.000000
11967.000000,17199.000000,8506.000000,44706.000000
11939.000000,17163.000000,8489.000000,44708.000000
11928.000000,17175.000000,8463.000000,44707.000000
11917.000000,17175.000000,8461.000000,44701.000000
11936.000000,17143.000000,8431.000000,44677.000000
11916.000000,17160.000000,8444.000000,44666.000000
11873.000000,17135.000000,8429.000000,44673.000000
11878.000000,17143.000000,8450.000000,44657.000000
11935.000000,17171.000000,8438.000000,44652.000000
11886.000000,17139.000000,8463.000000,44672.000000
11883.000000,17133.000000,8425.000000,44667.000000
11879.000000,17143.000000,8417.000000,44673.000000
11888.000000,17152.000000,8431.000000,44675.000000
11873.000000,17149.000000,8414.000000,44682.000000
11868.000000,17102.000000,8387.000000,44649.000000
11847.000000,17130.000000,8418.000000,44656.000000
11798.000000,17112.000000,8364.000000,44649.000000
11827.000000,17111.000000,8398.000000,44656.000000
11796.000000,17083.000000,8358.000000,44632.000000
11811.000000,17083.000000,8362.000000,44637.000000
11775.000000,17087.000000,8370.000000,44644.000000
11762.000000,17023.000000,8349.000000,44656.000000
11760.000000,17038.000000,8330.000000,44605.000000
11762.000000,17009.000000,8315.000000,44609.000000
11734.000000,17001.000000,8303.000000,44625.000000
11718.000000,17024.000000,8301.000000,44599.000000
11697.000000,16989.000000,8302.000000,44622.000000
11681.000000,16987.000000,8273.000000,44601.000000
11674.000000,16997.000000,8269.000000,44608.000000
11680.000000,16992.000000,8272.000000,44573.000000
11651.000000,16965.000000,8268.000000,44609.000000
11652.000000,16962.000000,8253.000000,44589.000000
11652.000000,16969.000000,8240.000000,44579.000000
11631.000000,16947.000000,8240.000000,44549.000000
11639.000000,16980.000000,8238.000000,44569.000000
11638.000000,16938.000000,8221.000000,44562.000000
11632.000000,16939.000000,8221.000000,44577.000000
11632.000000,16933.000000,8220.000000,44550.000000
11624.000000,16927.000000,8209.000000,44566.000000
11604.000000,16935.000000,8200.000000,44550.000000
11584.000000,16913.000000,8202.000000,44559.000000
11587.000000,16924.000000,8195.000000,44554.000000
11607.000000,16931.000000,8213.000000,44567.000000
11583.000000,16887.000000,8167.000000,44535.000000
11591.000000,16891.000000,8187.000000,44532.000000
11591.000000,16887.000000,8224.000000,44550.000000
11571.000000,16911.000000,8159.000000,44533.000000
11573.000000,16884.000000,8163.000000,44523.000000
11533.000000,17159.000000,8172.000000,44544.000000
11539.000000,16865.000000,8153.000000,44512.000000
11593.000000,16863.000000,8161.000000,44514.000000
11522.000000,16845.000000,8117.000000,44507.000000
11513.000000,16841.000000,8145.000000,44520.000000
11517.000000,16863.000000,8115.000000,44505.000000
11483.000000,16867.000000,8121.000000,44501.000000
11486.000000,16851.000000,8089.000000,44492.000000
11508.000000,16869.000000,8114.000000,44508.000000
11519.000000,16845.000000,8115.000000,44511.000000
11469.000000,16833.000000,8056.000000,44467.000000
11482.000000,16865.000000,8101.000000,44476.000000
11453.000000,16821.000000,8070.000000,44472.000000
11456.000000,16827.000000,8065.000000,44479.000000
11479.000000,16809.000000,8078.000000,44485.000000
11428.000000,16783.000000,8043.000000,44451.000000
11439.000000,16795.000000,8052.000000,44482.000000
11417.000000,16779.000000,8044.000000,44466.000000
11407.000000,16759.000000,8020.000000,44447.000000
11420.000000,16776.000000,8016.000000,44460.000000
11414.000000,16768.000000,8021.000000,44443.000000
11389.000000,16767.000000,8055.000000,44434.000000
11423.000000,16779.000000,8022.000000,44444.000000
11413.000000,16768.000000,8001.000000,44424.000000
11399.000000,16787.000000,8007.000000,44472.000000
11403.000000,16772.000000,8011.000000,44489.000000
11403.000000,16784.000000,7985.000000,44442.000000
11421.000000,16771.000000,8035.000000,44442.000000
11435.000000,16805.000000,8037.000000,44458.000000
11451.000000,16808.000000,8045.000000,44451.000000
11462.000000,16807.000000,8046.000000,44447.000000
11467.000000,16811.000000,8109.000000,44512.000000
11476.000000,16807.000000,8088.000000,44485.000000
11479.000000,16839.000000,8096.000000,44485.000000
11519.000000,16855.000000,8090.000000,44512.000000
11519.000000,16819.000000,8110.000000,44488.000000
11550.000000,16876.000000,8151.000000,44487.000000
11574.000000,16844.000000,8135.000000,44539.000000
11579.000000,16908.000000,8157.000000,44560.000000
11576.000000,16898.000000,8167.000000,44529.000000
11594.000000,16908.000000,8180.000000,44552.000000
11647.000000,16917.000000,8206.000000,44554.000000
11656.000000,16955.000000,8235.000000,44576.000000
11697.000000,16960.000000,8228.000000,44599.000000
11697.000000,16988.000000,8274.000000,44597.000000
11706.000000,16987.000000,8285.000000,44612.000000
11731.000000,16992.000000,8312.000000,44639.000000
11780.000000,17040.000000,8320.000000,44618.000000
11800.000000,17023.000000,8365.000000,44633.000000
11848.000000,17048.000000,8396.000000,44670.000000
11852.000000,17067.000000,8414.000000,44676.000000
11906.000000,17112.000000,8454.000000,44707.000000
11918.000000,17132.000000,8454.000000,44719.000000
11945.000000,17175.000000,8505.000000,44716.000000
11979.000000,17159.000000,8503.000000,44711.000000
11980.000000,17169.000000,8524.000000,44748.000000
12044.000000,17204.000000,8555.000000,44783.000000
12056.000000,17225.000000,8611.000000,44790.000000
12071.000000,17223.000000,8567.000000,44767.000000
12091.000000,17240.000000,8591.000000,44772.000000
12116.000000,17245.000000,8624.000000,44793.000000
12081.000000,17240.000000,8609.000000,44782.000000
12113.000000,17283.000000,8607.000000,44819.000000
12113.000000,17264.000000,8621.000000,44832.000000
12112.000000,17271.000000,8613.000000,44811.000000
12046.000000,17247.000000,8601.000000,44792.000000
12107.000000,17261.000000,8628.000000,44817.000000
12087.000000,17257.000000,8593.000000,44780.000000
12066.000000,17224.000000,8580.000000,44770.000000
12067.000000,17263.000000,8583.000000,44765.000000
12052.000000,17232.000000,8579.000000,44771.000000
12057.000000,17201.000000,8620.000000,44769.000000
12039.000000,17223.000000,8530.000000,44740.000000
12253.000000,17205.000000,8531.000000,44753.000000
12020.000000,17175.000000,8513.000000,44756.000000
11972.000000,17159.000000,8480.000000,44704.000000
11964.000000,17164.000000,8479.000000,44720.000000
11943.000000,17156.000000,8485.000000,44723.000000
11950.000000,17172.000000,8445.000000,44688.000000
11942.000000,17165.000000,8471.000000,44721.000000
11885.000000,17119.000000,8432.000000,44696.000000
11928.000000,17132.000000,8449.000000,44715.000000
11902.000000,17112.000000,8423.000000,44691.000000
11849.000000,17084.000000,8441.000000,44697.000000
11849.000000,17132.000000,8393.000000,44676.000000
11874.000000,17085.000000,8373.000000,44657.000000
11806.000000,17093.000000,8364.000000,44673.000000
11820.000000,17054.000000,8336.000000,44671.000000
11804.000000,17039.000000,8342.000000,44654.000000
11777.000000,17044.000000,8340.000000,44650.000000
11751.000000,17020.000000,8315.000000,44644.000000
11824.000000,17021.000000,8309.000000,44600.000000
11772.000000,17256.000000,8312.000000,44613.000000
11753.000000,17005.000000,8278.000000,44610.000000
11733.000000,16989.000000,8271.000000,44594.000000
11687.000000,17009.000000,8213.000000,44578.000000
11725.000000,16944.000000,8220.000000,44565.000000
11712.000000,17223.000000,8209.000000,44852.000000
11691.000000,16953.000000,8203.000000,44574.000000
11714.000000,16950.000000,8218.000000,44555.000000
11697.000000,16976.000000,8184.000000,44569.000000
11647.000000,16953.000000,8179.000000,44564.000000
11662.000000,16918.000000,8157.000000,44580.000000
11657.000000,16951.000000,8178.000000,44541.000000
11655.000000,16913.000000,8170.000000,44511.000000
11651.000000,16888.000000,8147.000000,44559.000000
11628.000000,16877.000000,8151.000000,44511.000000
11649.000000,16904.000000,8126.000000,44492.000000
11635.000000,16905.000000,8125.000000,44519.000000
11603.000000,16879.000000,8121.000000,44509.000000
11612.000000,16863.000000,8114.000000,44496.000000
11595.000000,16855.000000,8115.000000,44546.000000
11609.000000,16875.000000,8091.000000,44543.000000
11582.000000,16895.000000,8104.000000,44512.000000
11591.000000,16875.000000,8121.000000,44504.000000
11602.000000,16867.000000,8071.000000,44490.000000
11561.000000,16892.000000,8045.000000,44523.000000
11581.000000,16868.000000,8070.000000,44508.000000
11601.000000,16847.000000,8067.000000,44498.000000
11570.000000,16831.000000,8057.000000,44495.000000
11557.000000,16824.000000,8066.000000,44476.000000
11567.000000,16832.000000,8074.000000,44485.000000
11559.000000,16812.000000,8023.000000,44467.000000
11560.000000,16808.000000,8020.000000,44506.000000
11529.000000,16817.000000,8015.000000,44475.000000
11506.000000,16803.000000,7999.000000,44428.000000
11501.000000,16791.000000,8001.000000,44437.000000
11516.000000,16799.000000,8010.000000,44456.000000
11508.000000,16813.000000,7982.000000,44424.000000
11496.000000,16759.000000,7989.000000,44389.000000
11422.000000,16787.000000,7975.000000,44451.000000
11456.000000,16731.000000,7945.000000,44421.000000
11447.000000,16779.000000,7971.000000,44440.000000
11445.000000,16783.000000,7952.000000,44405.000000
11433.000000,16741.000000,7943.000000,44413.000000
11448.000000,16739.000000,7906.000000,44403.000000
11438.000000,16736.000000,7912.000000,44383.000000
11440.000000,16757.000000,7904.000000,44401.000000
11429.000000,16739.000000,7925.000000,44415.000000
11414.000000,16703.000000,7910.000000,44395.000000
11463.000000,16719.000000,7942.000000,44413.000000
11416.000000,16735.000000,7930.000000,44427.000000
11444.000000,16753.000000,7902.000000,44414.000000
11453.000000,16754.000000,7949.000000,44411.000000
11472.000000,16748.000000,7956.000000,44425.000000
11463.000000,16751.000000,7934.000000,44433.000000
11480.000000,16769.000000,7979.000000,44465.000000
11486.000000,16769.000000,7981.000000,44442.000000
11450.000000,16749.000000,7968.000000,44393.000000
11509.000000,16805.000000,7997.000000,44457.000000
11504.000000,16805.000000,7978.000000,44448.000000
11520.000000,16781.000000,8008.000000,44465.000000
11528.000000,16816.000000,8013.000000,44460.000000
11546.000000,16811.000000,8056.000000,44434.000000
11571.000000,16828.000000,8032.000000,44467.000000
11595.000000,16859.000000,8070.000000,44480.000000
11603.000000,16872.000000,8090.000000,44498.000000
11627.000000,16861.000000,8102.000000,44496.000000
11659.000000,16879.000000,8141.000000,44515.000000
11673.000000,16923.000000,8150.000000,44532.000000
11705.000000,16927.000000,8157.000000,44538.000000
11739.000000,16938.000000,8171.000000,44569.000000
11731.000000,16958.000000,8200.000000,44592.000000
11811.000000,16996.000000,8247.000000,44577.000000
11802.000000,16991.000000,8275.000000,44617.000000
11870.000000,17019.000000,8318.000000,44638.000000
11867.000000,17048.000000,8328.000000,44652.000000
11901.000000,17074.000000,8344.000000,44648.000000
11924.000000,17090.000000,8384.000000,44656.000000
11946.000000,17101.000000,8355.000000,44671.000000
11999.000000,17142.000000,8410.000000,44695.000000
12003.000000,17121.000000,8423.000000,44699.000000
12024.000000,17155.000000,8456.000000,44698.000000
12052.000000,17124.000000,8446.000000,44714.000000
12080.000000,17191.000000,8483.000000,44735.000000
12058.000000,17171.000000,8500.000000,44735.000000
12061.000000,17169.000000,8460.000000,44723.000000
12068.000000,17165.000000,8477.000000,44731.000000
12059.000000,17175.000000,8438.000000,44740.000000
12046.000000,17195.000000,8493.000000,44754.000000
12080.000000,17163.000000,8477.000000,44721.000000
12024.000000,17163.000000,8413.000000,44707.000000
12021.000000,17171.000000,8434.000000,44711.000000
12037.000000,17180.000000,8448.000000,44701.000000
12028.000000,17163.000000,8408.000000,44688.000000
12014.000000,17124.000000,8401.000000,44683.000000
12034.000000,17138.000000,8419.000000,44689.000000
12011.000000,17125.000000,8372.000000,44701.000000
12004.000000,17148.000000,8384.000000,44709.000000
11982.000000,17101.000000,8388.000000,44685.000000
11985.000000,17104.000000,8368.000000,44688.000000
11996.000000,17098.000000,8355.000000,44665.000000
11952.000000,17120.000000,8354.000000,44670.000000
11935.000000,17135.000000,8340.000000,44655.000000
11907.000000,17110.000000,8342.000000,44648.000000
11918.000000,17071.000000,8320.000000,44670.000000
11913.000000,17075.000000,8326.000000,44646.000000
11897.000000,17059.000000,8304.000000,44630.000000
11908.000000,17024.000000,8329.000000,44630.000000
11866.000000,17048.000000,8287.000000,44619.000000
11894.000000,17271.000000,8298.000000,44620.000000
11842.000000,17057.000000,8267.000000,44636.000000
11838.000000,17018.000000,8296.000000,44619.000000
11836.000000,17026.000000,8230.000000,44617.000000
11810.000000,17012.000000,8254.000000,44638.000000
11803.000000,16966.000000,8236.000000,44620.000000
11786.000000,16972.000000,8235.000000,44595.000000
11798.000000,16990.000000,8206.000000,44600.000000
11761.000000,16966.000000,8212.000000,44585.000000
11738.000000,16949.000000,8189.000000,44542.000000
11785.000000,17224.000000,8185.000000,44590.000000
11766.000000,16940.000000,8181.000000,44573.000000
11692.000000,16934.000000,8136.000000,44548.000000
11718.000000,16922.000000,8140.000000,44519.000000
11721.000000,16928.000000,8145.000000,44559.000000
11687.000000,16903.000000,8117.000000,44543.000000
11696.000000,16896.000000,8122.000000,44574.000000
11682.000000,16883.000000,8111.000000,44514.000000
11666.000000,16871.000000,8094.000000,44533.000000
11666.000000,16869.000000,8100.000000,44524.000000
11638.000000,16891.000000,8097.000000,44481.000000
11621.000000,16879.000000,8069.000000,44507.000000
11607.000000,16841.000000,8063.000000,44485.000000
11648.000000,16852.000000,8052.000000,44487.000000
11596.000000,16847.000000,8034.000000,44463.000000
11581.000000,16836.000000,8006.000000,44467.000000
11598.000000,16815.000000,8017.000000,44458.000000
11594.000000,16847.000000,8028.000000,44464.000000
11565.000000,16821.000000,7980.000000,44465.000000
11578.000000,16787.000000,7998.000000,44461.000000
11559.000000,16805.000000,8001.000000,44454.000000
11535.000000,16784.000000,7978.000000,44442.000000
11533.000000,16804.000000,7976.000000,44460.000000
11529.000000,16759.000000,7981.000000,44441.000000
11505.000000,16775.000000,7973.000000,44443.000000
11519.000000,16775.000000,7961.000000,44431.000000
11509.000000,16752.000000,7957.000000,44421.000000
11534.000000,16724.000000,7957.000000,44407.000000
11472.000000,16775.000000,7926.000000,44438.000000
11505.000000,16763.000000,7920.000000,44416.000000
11471.000000,16749.000000,7925.000000,44401.000000
11484.000000,16771.000000,7923.000000,44437.000000
11475.000000,16744.000000,7906.000000,44409.000000
11479.000000,16696.000000,7874.000000,44416.000000
11439.000000,16749.000000,7917.000000,44431.000000
11462.000000,16731.000000,7911.000000,44411.000000
11423.000000,16731.000000,7894.000000,44383.000000
11452.000000,16745.000000,7879.000000,44391.000000
11405.000000,16692.000000,7860.000000,44370.000000
11414.000000,16724.000000,7867.000000,44363.000000
11417.000000,16700.000000,7870.000000,44379.000000
11377.000000,16683.000000,7842.000000,44349.000000
11348.000000,16671.000000,7807.000000,44332.000000
11372.000000,16667.000000,7797.000000,44341.000000
11332.000000,16640.000000,7803.000000,44367.000000
11325.000000,16622.000000,7791.000000,44309.000000
11321.000000,16629.000000,7790.000000,44328.000000
11306.000000,16601.000000,7766.000000,44353.000000
11338.000000,16622.000000,7779.000000,44331.000000
11325.000000,16651.000000,7749.000000,44316.000000
11325.000000,16605.000000,7772.000000,44352.000000
11304.000000,16591.000000,7741.000000,44310.000000
11317.000000,16620.000000,7787.000000,44338.000000
11318.000000,16631.000000,7766.000000,44327.000000
11323.000000,16651.000000,7752.000000,44311.000000
11338.000000,16641.000000,7775.000000,44333.000000
11300.000000,16627.000000,7751.000000,44324.000000
11325.000000,16629.000000,7804.000000,44333.000000
11364.000000,16649.000000,7816.000000,44367.000000
11360.000000,16667.000000,7810.000000,44336.000000
11343.000000,16651.000000,7808.000000,44339.000000
11373.000000,16680.000000,7825.000000,44323.000000
11371.000000,16687.000000,7861.000000,44369.000000
11386.000000,16667.000000,7847.000000,44403.000000
11410.000000,16672.000000,7842.000000,44385.000000
11415.000000,16697.000000,7881.000000,44416.000000
11478.000000,16747.000000,7892.000000,44420.000000
11457.000000,16752.000000,7894.000000,44420.000000
11493.000000,16778.000000,7934.000000,44404.000000
11499.000000,16768.000000,7947.000000,44441.000000
11540.000000,16792.000000,7947.000000,44453.000000
11558.000000,16799.000000,7979.000000,44431.000000
11563.000000,16805.000000,8030.000000,44488.000000
11631.000000,16851.000000,8068.000000,44510.000000
11663.000000,16869.000000,8080.000000,44500.000000
11677.000000,16871.000000,8097.000000,44543.000000
11675.000000,16906.000000,8121.000000,44509.000000
11738.000000,16929.000000,8150.000000,44559.000000
11773.000000,16982.000000,8168.000000,44548.000000
11800.000000,16969.000000,8236.000000,44594.000000
12055.000000,16991.000000,8220.000000,44572.000000
11871.000000,16993.000000,8268.000000,44630.000000
11884.000000,17015.000000,8274.000000,44635.000000
11891.000000,17024.000000,8299.000000,44615.000000
11938.000000,17054.000000,8262.000000,44639.000000
11917.000000,17101.000000,8328.000000,44648.000000
11944.000000,17078.000000,8323.000000,44627.000000
11940.000000,17090.000000,8323.000000,44689.000000
11984.000000,17116.000000,8354.000000,44670.000000
11986.000000,17079.000000,8315.000000,44655.000000
11966.000000,17113.000000,8336.000000,44655.000000
11958.000000,17098.000000,8372.000000,44658.000000
11960.000000,17073.000000,8340.000000,44630.000000
11929.000000,17047.000000,8302.000000,44612.000000
11920.000000,17355.000000,8326.000000,44663.000000
11920.000000,17066.000000,8297.000000,44629.000000
11931.000000,17034.000000,8293.000000,44623.000000
11885.000000,17044.000000,8290.000000,44624.000000
11907.000000,17031.000000,8277.000000,44623.000000
11861.000000,17010.000000,8260.000000,44626.000000
11886.000000,17060.000000,8282.000000,44618.000000
11847.000000,17032.000000,8247.000000,44583.000000
11862.000000,17011.000000,8242.000000,44628.000000
11835.000000,16977.000000,8224.000000,44596.000000
11809.000000,16980.000000,8243.000000,44583.000000
11831.000000,17243.000000,8215.000000,44579.000000
11830.000000,17016.000000,8237.000000,44592.000000
11799.000000,16991.000000,8213.000000,44567.000000
12069.000000,16990.000000,8175.000000,44580.000000
11786.000000,16975.000000,8199.000000,44583.000000
11788.000000,16955.000000,8155.000000,44583.000000
11770.000000,16931.000000,8169.000000,44543.000000
11763.000000,16954.000000,8183.000000,44562.000000
11777.000000,16943.000000,8147.000000,44540.000000
11749.000000,16925.000000,8164.000000,44555.000000
11713.000000,16914.000000,8118.000000,44495.000000
11712.000000,16904.000000,8108.000000,44503.000000
11725.000000,16883.000000,8144.000000,44551.000000
11708.000000,16902.000000,8115.000000,44543.000000
11661.000000,16884.000000,8079.000000,44511.000000
11666.000000,16881.000000,8070.000000,44517.000000
11675.000000,16881.000000,8069.000000,44491.000000
11651.000000,16891.000000,8057.000000,44499.000000
11638.000000,16828.000000,8053.000000,44471.000000
11629.000000,16857.000000,8016.000000,44501.000000
11660.000000,16857.000000,8037.000000,44486.000000
11613.000000,16804.000000,8019.000000,44451.000000
11618.000000,16843.000000,8002.000000,44463.000000
11594.000000,16824.000000,7983.000000,44453.000000
11594.000000,16803.000000,7981.000000,44421.000000
11561.000000,16799.000000,7986.000000,44460.000000
11574.000000,16797.000000,7977.000000,44460.000000
11545.000000,16805.000000,7949.000000,44444.000000
11557.000000,16764.000000,7954.000000,44447.000000
11559.000000,16776.000000,7949.000000,44443.000000
11511.000000,16737.000000,7932.000000,44393.000000
11484.000000,16760.000000,7935.000000,44385.000000
11490.000000,16735.000000,7901.000000,44422.000000
11470.000000,16764.000000,7882.000000,44411.000000
11499.000000,16755.000000,7878.000000,44409.000000
11437.000000,16691.000000,7899.000000,44376.000000
11455.000000,16715.000000,7873.000000,44403.000000
11461.000000,16712.000000,7888.000000,44408.000000
11436.000000,16699.000000,7885.000000,44396.000000
11433.000000,16711.000000,7846.000000,44367.000000
11434.000000,16687.000000,7835.000000,44370.000000
11439.000000,16707.000000,7837.000000,44340.000000
11405.000000,16687.000000,7818.000000,44339.000000
11435.000000,16645.000000,7797.000000,44353.000000
11410.000000,16684.000000,7829.000000,44351.000000
11397.000000,16667.000000,7839.000000,44375.000000
11426.000000,16655.000000,7797.000000,44347.000000
11382.000000,16656.000000,7796.000000,44331.000000
11396.000000,16623.000000,7757.000000,44359.000000
11378.000000,16657.000000,7798.000000,44343.000000
11373.000000,16647.000000,7767.000000,44307.000000
11353.000000,16643.000000,7762.000000,44328.000000
11324.000000,16620.000000,7761.000000,44348.000000
11341.000000,16581.000000,7752.000000,44302.000000
11315.000000,16611.000000,7756.000000,44301.000000
11319.000000,16624.000000,7755.000000,44315.000000
11304.000000,16614.000000,7737.000000,44283.000000
11275.000000,16583.000000,7719.000000,44287.000000
11306.000000,16557.000000,7704.000000,44283.000000
11260.000000,16566.000000,7688.000000,44292.000000
11231.000000,16577.000000,7682.000000,44257.000000
11239.000000,16565.000000,7657.000000,44284.000000
11235.000000,16550.000000,7656.000000,44273.000000
11235.000000,16550.000000,7670.000000,44245.000000
11220.000000,16533.000000,7648.000000,44257.000000
11217.000000,16568.000000,7677.000000,44259.000000
11242.000000,16544.000000,7705.000000,44292.000000
11216.000000,16533.000000,7646.000000,44265.000000
11245.000000,16538.000000,7682.000000,44270.000000
11268.000000,16555.000000,7690.000000,44276.000000
11238.000000,16548.000000,7678.000000,44248.000000
11265.000000,16537.000000,7679.000000,44267.000000
11245.000000,16555.000000,7689.000000,44268.000000
11283.000000,16555.000000,7688.000000,44288.000000
11291.000000,16586.000000,7711.000000,44297.000000
11278.000000,16570.000000,7688.000000,44279.000000
11305.000000,16568.000000,7718.000000,44295.000000
11334.000000,16598.000000,7755.000000,44334.000000
11316.000000,16613.000000,7747.000000,44339.000000
11383.000000,16615.000000,7774.000000,44325.000000
11377.000000,16659.000000,7786.000000,44357.000000
11384.000000,16624.000000,7808.000000,44343.000000
11382.000000,16637.000000,7810.000000,44347.000000
11428.000000,16712.000000,7842.000000,44370.000000
11456.000000,16679.000000,7870.000000,44393.000000
11503.000000,16747.000000,7891.000000,44405.000000
11522.000000,16731.000000,7897.000000,44409.000000
11503.000000,16753.000000,7913.000000,44411.000000
11573.000000,16813.000000,7981.000000,44463.000000
11628.000000,16780.000000,8000.000000,44455.000000
11602.000000,16812.000000,8003.000000,44479.000000
11630.000000,16851.000000,8055.000000,44509.000000
11685.000000,16857.000000,8100.000000,44531.000000
11711.000000,16904.000000,8128.000000,44513.000000
11773.000000,16935.000000,8146.000000,44536.000000
11794.000000,17213.000000,8151.000000,44553.000000
11814.000000,16942.000000,8244.000000,44576.000000
11844.000000,17017.000000,8236.000000,44601.000000
11872.000000,17042.000000,8268.000000,44657.000000
11903.000000,17019.000000,8275.000000,44611.000000
11944.000000,17075.000000,8308.000000,44663.000000
11950.000000,17073.000000,8343.000000,44665.000000
11987.000000,17088.000000,8356.000000,44664.000000
11977.000000,17106.000000,8344.000000,44911.000000
11990.000000,17081.000000,8358.000000,44649.000000
11992.000000,17114.000000,8366.000000,44679.000000
11997.000000,17082.000000,8389.000000,44692.000000
11991.000000,17113.000000,8375.000000,44673.000000
11996.000000,17072.000000,8373.000000,44670.000000
11967.000000,17107.000000,8359.000000,44658.000000
11977.000000,17094.000000,8347.000000,44663.000000
11963.000000,17082.000000,8347.000000,44675.000000
11975.000000,17074.000000,8341.000000,44652.000000
11965.000000,17063.000000,8346.000000,44635.000000
11954.000000,17083.000000,8285.000000,44641.000000
11930.000000,17063.000000,8275.000000,44665.000000
11924.000000,17034.000000,8290.000000,44631.000000
11926.000000,17091.000000,8314.000000,44646.000000
11879.000000,17046.000000,8283.000000,44636.000000
11899.000000,17016.000000,8293.000000,44608.000000
11875.000000,16991.000000,8248.000000,44620.000000
11885.000000,17043.000000,8267.000000,44622.000000
11851.000000,16999.000000,8247.000000,44599.000000
11863.000000,17023.000000,8265.000000,44608.000000
11843.000000,17035.000000,8246.000000,44609.000000
11811.000000,16995.000000,8231.000000,44580.000000
11817.000000,16970.000000,8217.000000,44586.000000
11810.000000,16963.000000,8191.000000,44563.000000
11809.000000,16966.000000,8221.000000,44568.000000
11789.000000,16961.000000,8157.000000,44565.000000
11786.000000,16940.000000,8160.000000,44545.000000
11789.000000,16988.000000,8183.000000,44569.000000
11760.000000,16946.000000,8188.000000,44566.000000
11741.000000,16909.000000,8108.000000,44561.000000
11752.000000,16926.000000,8148.000000,44547.000000
11729.000000,16893.000000,8170.000000,44544.000000
11729.000000,16901.000000,8136.000000,44570.000000
11713.000000,16899.000000,8140.000000,44517.000000
11722.000000,16948.000000,8085.000000,44526.000000
11700.000000,16872.000000,8092.000000,44511.000000
11710.000000,16912.000000,8103.000000,44514.000000
11734.000000,17192.000000,8109.000000,44537.000000
11703.000000,16855.000000,8072.000000,44506.000000
11680.000000,16869.000000,8064.000000,44492.000000
11676.000000,16863.000000,8065.000000,44506.000000
11639.000000,16852.000000,8034.000000,44490.000000
11662.000000,16836.000000,8046.000000,44499.000000
11653.000000,16837.000000,8068.000000,44483.000000
11609.000000,16815.000000,8025.000000,44466.000000
11628.000000,16827.000000,8021.000000,44479.000000
11600.000000,16813.000000,8022.000000,44464.000000
11566.000000,16800.000000,8000.000000,44453.000000
11597.000000,16813.000000,8002.000000,44436.000000
11582.000000,16809.000000,7990.000000,44479.000000
11576.000000,16807.000000,7984.000000,44447.000000
11563.000000,16716.000000,7963.000000,44446.000000
11537.000000,16780.000000,7968.000000,44437.000000
11508.000000,16764.000000,7973.000000,44427.000000
11538.000000,16772.000000,7959.000000,44436.000000
11521.000000,16779.000000,7931.000000,44455.000000
11505.000000,16760.000000,7937.000000,44448.000000
11517.000000,16772.000000,7963.000000,44447.000000
11518.000000,16751.000000,7984.000000,44408.000000
11490.000000,16723.000000,7921.000000,44389.000000
11520.000000,16724.000000,7918.000000,44435.000000
11485.000000,16755.000000,7942.000000,44443.000000
11477.000000,16736.000000,7931.000000,44423.000000
11476.000000,16735.000000,7948.000000,44423.000000
11459.000000,16735.000000,7908.000000,44435.000000
11454.000000,16727.000000,7900.000000,44418.000000
11468.000000,16744.000000,7901.000000,44423.000000
11457.000000,16709.000000,7905.000000,44402.000000
11464.000000,16733.000000,7909.000000,44409.000000
11459.000000,16704.000000,7902.000000,44405.000000
11445.000000,16711.000000,7897.000000,44383.000000
11439.000000,16708.000000,7908.000000,44407.000000
11439.000000,16706.000000,7879.000000,44405.000000
11440.000000,16691.000000,7868.000000,44387.000000
11425.000000,16692.000000,7851.000000,44405.000000
11422.000000,16723.000000,7870.000000,44377.000000
11395.000000,16667.000000,7865.000000,44405.000000
11385.000000,16657.000000,7846.000000,44347.000000
11387.000000,16677.000000,7849.000000,44360.000000
11337.000000,16641.000000,7832.000000,44355.000000
11330.000000,16615.000000,7796.000000,44364.000000
11340.000000,16623.000000,7796.000000,44344.000000
11313.000000,16611.000000,7784.000000,44349.000000
11274.000000,16598.000000,7763.000000,44338.000000
11277.000000,16579.000000,7771.000000,44307.000000
11274.000000,16583.000000,7780.000000,44341.000000
11335.000000,16593.000000,7778.000000,44344.000000
11305.000000,16568.000000,7764.000000,44324.000000
11327.000000,16606.000000,7774.000000,44335.000000
11313.000000,16599.000000,7785.000000,44308.000000
11316.000000,16625.000000,7790.000000,44340.000000
11317.000000,16610.000000,7810.000000,44337.000000
11323.000000,16622.000000,7805.000000,44349.000000
11321.000000,16640.000000,7803.000000,44306.000000
11375.000000,16651.000000,7853.000000,44377.000000
11354.000000,16643.000000,7856.000000,44348.000000
11372.000000,16626.000000,7832.000000,44359.000000
11372.000000,16659.000000,7868.000000,44377.000000
11395.000000,16688.000000,7874.000000,44389.000000
11404.000000,16647.000000,7882.000000,44372.000000
11411.000000,16703.000000,7871.000000,44399.000000
11442.000000,16688.000000,7895.000000,44401.000000
11453.000000,16708.000000,7948.000000,44413.000000
11472.000000,16727.000000,7963.000000,44425.000000
11495.000000,16746.000000,7966.000000,44433.000000
11516.000000,16732.000000,7979.000000,44441.000000
11558.000000,16763.000000,8003.000000,44458.000000
11585.000000,16819.000000,8044.000000,44481.000000
11595.000000,16796.000000,8084.000000,44490.000000
11639.000000,16851.000000,8056.000000,44511.000000
11634.000000,16832.000000,8104.000000,44520.000000
11654.000000,16867.000000,8127.000000,44548.000000
11697.000000,16913.000000,8173.000000,44571.000000
11740.000000,16931.000000,8174.000000,44567.000000
11775.000000,16981.000000,8213.000000,44620.000000
11795.000000,16962.000000,8225.000000,44616.000000
11804.000000,17006.000000,8254.000000,44632.000000
11869.000000,17005.000000,8277.000000,44640.000000
11882.000000,16994.000000,8335.000000,44658.000000
11898.000000,17034.000000,8331.000000,44635.000000
11941.000000,17057.000000,8362.000000,44660.000000
11970.000000,17081.000000,8365.000000,44680.000000
11974.000000,17088.000000,8399.000000,44682.000000
11967.000000,17118.000000,8387.000000,44718.000000
11990.000000,17152.000000,8433.000000,44733.000000
12005.000000,17124.000000,8437.000000,44711.000000
12031.000000,17106.000000,8416.000000,44701.000000
12009.000000,17372.000000,8416.000000,44721.000000
11996.000000,17103.000000,8406.000000,44700.000000
12009.000000,17096.000000,8403.000000,44712.000000
11994.000000,17104.000000,8393.000000,44694.000000
11941.000000,17125.000000,8403.000000,44663.000000
11984.000000,17083.000000,8386.000000,44665.000000
11933.000000,17083.000000,8375.000000,44681.000000
11947.000000,17340.000000,8340.000000,44699.000000
11948.000000,17071.000000,8353.000000,44667.000000
11946.000000,17076.000000,8372.000000,44685.000000
11900.000000,17073.000000,8345.000000,44689.000000
11919.000000,17085.000000,8343.000000,44656.000000
11914.000000,17051.000000,8328.000000,44684.000000
11884.000000,17055.000000,8350.000000,44665.000000
11899.000000,17038.000000,8299.000000,44619.000000
11883.000000,17036.000000,8275.000000,44641.000000
11869.000000,17284.000000,8283.000000,44660.000000
11823.000000,17014.000000,8267.000000,44605.000000
11847.000000,17016.000000,8255.000000,44634.000000
11824.000000,16989.000000,8228.000000,44610.000000
11837.000000,16994.000000,8244.000000,44634.000000
11821.000000,17240.000000,8249.000000,44607.000000
11804.000000,16975.000000,8234.000000,44617.000000
11834.000000,16966.000000,8241.000000,44574.000000
11796.000000,16942.000000,8196.000000,44605.000000
11812.000000,16973.000000,8196.000000,44597.000000
11792.000000,16935.000000,8191.000000,44565.000000
11766.000000,16923.000000,8172.000000,44575.000000
11805.000000,16951.000000,8217.000000,44553.000000
11737.000000,16962.000000,8168.000000,44548.000000
11776.000000,16962.000000,8178.000000,44550.000000
11759.000000,16923.000000,8151.000000,44563.000000
11714.000000,16924.000000,8145.000000,44521.000000
11739.000000,17165.000000,8134.000000,44562.000000
11710.000000,16895.000000,8123.000000,44531.000000
11709.000000,16888.000000,8134.000000,44520.000000
11704.000000,16868.000000,8103.000000,44505.000000
11686.000000,16889.000000,8098.000000,44533.000000
11666.000000,16871.000000,8110.000000,44519.000000
11648.000000,16861.000000,8079.000000,44528.000000
11640.000000,16851.000000,8075.000000,44482.000000
11632.000000,16860.000000,8043.000000,44475.000000
11639.000000,16857.000000,8049.000000,44471.000000
11619.000000,16780.000000,8033.000000,44474.000000
11603.000000,16829.000000,8019.000000,44452.000000
11535.000000,16795.000000,7974.000000,44468.000000
11588.000000,16809.000000,7998.000000,44446.000000
11601.000000,16791.000000,8009.000000,44455.000000
11560.000000,16765.000000,7956.000000,44406.000000
11534.000000,16775.000000,7956.000000,44440.000000
11574.000000,16783.000000,7963.000000,44475.000000
11555.000000,16759.000000,7955.000000,44403.000000
11531.000000,16783.000000,7922.000000,44428.000000
11510.000000,16783.000000,7937.000000,44448.000000
11539.000000,16763.000000,7915.000000,44436.000000
11552.000000,16760.000000,7927.000000,44418.000000
11544.000000,16753.000000,7930.000000,44427.000000
11513.000000,16759.000000,7930.000000,44412.000000
11526.000000,16759.000000,7907.000000,44405.000000
11523.000000,16769.000000,7934.000000,44403.000000
11528.000000,16699.000000,7884.000000,44401.000000
11500.000000,16751.000000,7897.000000,44423.000000
11491.000000,16703.000000,7898.000000,44391.000000
11532.000000,16749.000000,7886.000000,44389.000000
11503.000000,16729.000000,7909.000000,44409.000000
11522.000000,16703.000000,7893.000000,44399.000000
11524.000000,16723.000000,7869.000000,44393.000000
11493.000000,16711.000000,7861.000000,44406.000000
11489.000000,16731.000000,7847.000000,44375.000000
11467.000000,16708.000000,7816.000000,44366.000000
11504.000000,16695.000000,7860.000000,44398.000000
11439.000000,16700.000000,7793.000000,44361.000000
11467.000000,16669.000000,7787.000000,44363.000000
11491.000000,16687.000000,7829.000000,44383.000000
11453.000000,16659.000000,7800.000000,44341.000000
11440.000000,16652.000000,7789.000000,44368.000000
11422.000000,16671.000000,7787.000000,44355.000000
11465.000000,16653.000000,7769.000000,44328.000000
11425.000000,16647.000000,7768.000000,44328.000000
11378.000000,16634.000000,7751.000000,44330.000000
11397.000000,16644.000000,7733.000000,44343.000000
11380.000000,16616.000000,7765.000000,44314.000000
11390.000000,16649.000000,7787.000000,44341.000000
11402.000000,16615.000000,7756.000000,44323.000000
11427.000000,16661.000000,7752.000000,44345.000000
11401.000000,16663.000000,7764.000000,44340.000000
11422.000000,16626.000000,7746.000000,44352.000000
11403.000000,16661.000000,7794.000000,44365.000000
11441.000000,16675.000000,7782.000000,44355.000000
11429.000000,16621.000000,7781.000000,44351.000000
11469.000000,16655.000000,7827.000000,44365.000000
11480.000000,16691.000000,7829.000000,44392.000000
11462.000000,16705.000000,7822.000000,44379.000000
11495.000000,16717.000000,7840.000000,44367.000000
11495.000000,16701.000000,7849.000000,44400.000000
11489.000000,16715.000000,7832.000000,44374.000000
11543.000000,16724.000000,7885.000000,44401.000000
11540.000000,16760.000000,7885.000000,44421.000000
11567.000000,16732.000000,7887.000000,44434.000000
11554.000000,16747.000000,7922.000000,44446.000000
11599.000000,16779.000000,7959.000000,44451.000000
11636.000000,16847.000000,7950.000000,44448.000000
11649.000000,16812.000000,7981.000000,44465.000000
11697.000000,16812.000000,8011.000000,44497.000000
11659.000000,16831.000000,8043.000000,44478.000000
11728.000000,16869.000000,8053.000000,44501.000000
11752.000000,16905.000000,8081.000000,44521.000000
11777.000000,16920.000000,8115.000000,44541.000000
11788.000000,16936.000000,8163.000000,44556.000000
11834.000000,16958.000000,8176.000000,44579.000000
11887.000000,17006.000000,8203.000000,44608.000000
11908.000000,16978.000000,8203.000000,44605.000000
11941.000000,17040.000000,8248.000000,44653.000000
11921.000000,17056.000000,8276.000000,44642.000000
11995.000000,17067.000000,8308.000000,44659.000000
12025.000000,17097.000000,8324.000000,44673.000000
12056.000000,17107.000000,8355.000000,44695.000000
12085.000000,17121.000000,8373.000000,44724.000000
12077.000000,17123.000000,8391.000000,44710.000000
12138.000000,17400.000000,8399.000000,44686.000000
12128.000000,17199.000000,8430.000000,44737.000000
12144.000000,17172.000000,8443.000000,44732.000000
12157.000000,17181.000000,8436.000000,44724.000000
12160.000000,17177.000000,8433.000000,44746.000000
12119.000000,17183.000000,8395.000000,44725.000000
12113.000000,17191.000000,8422.000000,44728.000000
12127.000000,17184.000000,8416.000000,44719.000000
12138.000000,17164.000000,8392.000000,44730.000000
12117.000000,17196.000000,8413.000000,44726.000000
12083.000000,17155.000000,8383.000000,44684.000000
12117.000000,17151.000000,8393.000000,44713.000000
12115.000000,17160.000000,8369.000000,44704.000000
12085.000000,17142.000000,8389.000000,44705.000000
12093.000000,17116.000000,8369.000000,44699.000000
12083.000000,17137.000000,8384.000000,44716.000000
12053.000000,17118.000000,8345.000000,44708.000000
12055.000000,17114.000000,8335.000000,44680.000000
12052.000000,17108.000000,8338.000000,44676.000000
12034.000000,17094.000000,8327.000000,44673.000000
12022.000000,17092.000000,8316.000000,44642.000000
12019.000000,17074.000000,8321.000000,44675.000000
12018.000000,17121.000000,8293.000000,44662.000000
12000.000000,17072.000000,8301.000000,44664.000000
11999.000000,17070.000000,8288.000000,44657.000000
11996.000000,17042.000000,8290.000000,44657.000000
11973.000000,17315.000000,8258.000000,44639.000000
11963.000000,17054.000000,8270.000000,44637.000000
11962.000000,17073.000000,8264.000000,44626.000000
11952.000000,17042.000000,8284.000000,44655.000000
11937.000000,17027.000000,8236.000000,44628.000000
11950.000000,17013.000000,8214.000000,44599.000000
11934.000000,17004.000000,8239.000000,44616.000000
11898.000000,17014.000000,8185.000000,44604.000000
11884.000000,16992.000000,8174.000000,44571.000000
11892.000000,17013.000000,8196.000000,44602.000000
11880.000000,16964.000000,8183.000000,44596.000000
11874.000000,17273.000000,8192.000000,44554.000000
11845.000000,16965.000000,8161.000000,44603.000000
11823.000000,17179.000000,8165.000000,44567.000000
11852.000000,16989.000000,8145.000000,44584.000000
11828.000000,16936.000000,8124.000000,44558.000000
11824.000000,16930.000000,8136.000000,44546.000000
11818.000000,16961.000000,8121.000000,44571.000000
11796.000000,16934.000000,8092.000000,44538.000000
11791.000000,16909.000000,8096.000000,44557.000000
11786.000000,16922.000000,8089.000000,44552.000000
11769.000000,16937.000000,8083.000000,44535.000000
11763.000000,16932.000000,8082.000000,44535.000000
11720.000000,16875.000000,8054.000000,44518.000000
11732.000000,16898.000000,8059.000000,44528.000000
11723.000000,16871.000000,8026.000000,44510.000000
11689.000000,16868.000000,8013.000000,44483.000000
11681.000000,16871.000000,8060.000000,44494.000000
11667.000000,16829.000000,8008.000000,44521.000000
11695.000000,16867.000000,7991.000000,44474.000000
11695.000000,16831.000000,7980.000000,44527.000000
11663.000000,16845.000000,7991.000000,44481.000000
11657.000000,16849.000000,7998.000000,44499.000000
11652.000000,16837.000000,7968.000000,44484.000000
11640.000000,16827.000000,7991.000000,44502.000000
11628.000000,16799.000000,7970.000000,44471.000000
11653.000000,16780.000000,7966.000000,44454.000000
11641.000000,16784.000000,7968.000000,44447.000000
11637.000000,16787.000000,7971.000000,44453.000000
11615.000000,16797.000000,7970.000000,44448.000000
11636.000000,16807.000000,7953.000000,44449.000000
11614.000000,16785.000000,7949.000000,44468.000000
11617.000000,16768.000000,7957.000000,44440.000000
11623.000000,16759.000000,7922.000000,44458.000000
11600.000000,16791.000000,7945.000000,44440.000000
11595.000000,16779.000000,7920.000000,44405.000000
11617.000000,16792.000000,7925.000000,44437.000000
11558.000000,16754.000000,7923.000000,44421.000000
11585.000000,16779.000000,7908.000000,44464.000000
11565.000000,16767.000000,7871.000000,44415.000000
11555.000000,16828.000000,7901.000000,44410.000000
11582.000000,16729.000000,7892.000000,44426.000000
11557.000000,16743.000000,7854.000000,44398.000000
11540.000000,16732.000000,7851.000000,44393.000000
11506.000000,16728.000000,7846.000000,44412.000000
11501.000000,16703.000000,7836.000000,44383.000000
11501.000000,16691.000000,7835.000000,44400.000000
11499.000000,16703.000000,7843.000000,44403.000000
11474.000000,16719.000000,7822.000000,44368.000000
11490.000000,16701.000000,7823.000000,44396.000000
11452.000000,16661.000000,7804.000000,44396.000000
11442.000000,16685.000000,7839.000000,44363.000000
11472.000000,16679.000000,7823.000000,44369.000000
11449.000000,16676.000000,7809.000000,44372.000000
11437.000000,16693.000000,7786.000000,44356.000000
11493.000000,16711.000000,7835.000000,44385.000000
11468.000000,16687.000000,7796.000000,44360.000000
11499.000000,16712.000000,7813.000000,44407.000000
11500.000000,16700.000000,7802.000000,44383.000000
11506.000000,16719.000000,7835.000000,44421.000000
11510.000000,16699.000000,7853.000000,44400.000000
11523.000000,16714.000000,7855.000000,44387.000000
11528.000000,16728.000000,7887.000000,44397.000000
11519.000000,16737.000000,7884.000000,44429.000000
11514.000000,16756.000000,7915.000000,44437.000000
11577.000000,16757.000000,7872.000000,44416.000000
11551.000000,16756.000000,7942.000000,44466.000000
11607.000000,16764.000000,7927.000000,44455.000000
11575.000000,16787.000000,7973.000000,44460.000000
11606.000000,16813.000000,7988.000000,44480.000000
11634.000000,16813.000000,8024.000000,44463.000000
11664.000000,16851.000000,8024.000000,44503.000000
11665.000000,16839.000000,8045.000000,44488.000000
11710.000000,16881.000000,8051.000000,44519.000000
11735.000000,16895.000000,8093.000000,44538.000000
11756.000000,16909.000000,8102.000000,44534.000000
11778.000000,16887.000000,8136.000000,44553.000000
11820.000000,16948.000000,8169.000000,44615.000000
11875.000000,16982.000000,8227.000000,44603.000000
11888.000000,17016.000000,8230.000000,44639.000000
11908.000000,17026.000000,8259.000000,44662.000000
11956.000000,17052.000000,8284.000000,44676.000000
11992.000000,17066.000000,8313.000000,44681.000000
12002.000000,17073.000000,8353.000000,44657.000000
12033.000000,17085.000000,8343.000000,44708.000000
12058.000000,17118.000000,8365.000000,44706.000000
12080.000000,17155.000000,8404.000000,44719.000000
12088.000000,17130.000000,8409.000000,44700.000000
12103.000000,17136.000000,8420.000000,44963.000000
12092.000000,17157.000000,8410.000000,44700.000000
12097.000000,17167.000000,8384.000000,44726.000000
12088.000000,17168.000000,8411.000000,44752.000000
12096.000000,17143.000000,8415.000000,44725.000000
12114.000000,17169.000000,8387.000000,44731.000000
12079.000000,17148.000000,8409.000000,44718.000000
12082.000000,17147.000000,8412.000000,44716.000000
12084.000000,17144.000000,8375.000000,44711.000000
12095.000000,17149.000000,8399.000000,44728.000000
12063.000000,17090.000000,8374.000000,44698.000000
12091.000000,17119.000000,8374.000000,44697.000000
12104.000000,17122.000000,8353.000000,44710.000000
12033.000000,17139.000000,8376.000000,44709.000000
12031.000000,17110.000000,8317.000000,44706.000000
12012.000000,17114.000000,8326.000000,44661.000000
12000.000000,17067.000000,8315.000000,44672.000000
12042.000000,17112.000000,8330.000000,44684.000000
11996.000000,17074.000000,8294.000000,44679.000000
11975.000000,17071.000000,8292.000000,44660.000000
11999.000000,17078.000000,8293.000000,44653.000000
11961.000000,17047.000000,8272.000000,44657.000000
11965.000000,17047.000000,8273.000000,44653.000000
11958.000000,17049.000000,8244.000000,44655.000000
11929.000000,17303.000000,8266.000000,44658.000000
11913.000000,17014.000000,8248.000000,44633.000000
11916.000000,17023.000000,8204.000000,44627.000000
11926.000000,16970.000000,8248.000000,44624.000000
11878.000000,16970.000000,8179.000000,44591.000000
11875.000000,16977.000000,8213.000000,44608.000000
11852.000000,16979.000000,8180.000000,44593.000000
11837.000000,16996.000000,8172.000000,44589.000000
11846.000000,16969.000000,8185.000000,44605.000000
11835.000000,16950.000000,8142.000000,44579.000000
11804.000000,16943.000000,8119.000000,44555.000000
11804.000000,16935.000000,8140.000000,44572.000000
11783.000000,16952.000000,8108.000000,44532.000000
11780.000000,16922.000000,8102.000000,44566.000000
11775.000000,16909.000000,8116.000000,44558.000000
11770.000000,16899.000000,8093.000000,44549.000000
11777.000000,16897.000000,8083.000000,44534.000000
11723.000000,16863.000000,8082.000000,44520.000000
11732.000000,16891.000000,8055.000000,44541.000000
11723.000000,16899.000000,8047.000000,44519.000000
11708.000000,16884.000000,8026.000000,44514.000000
11695.000000,16869.000000,8031.000000,44508.000000
11687.000000,16845.000000,8034.000000,44486.000000
11673.000000,16840.000000,8016.000000,44481.000000
11671.000000,16831.000000,8021.000000,44481.000000
11659.000000,16820.000000,7949.000000,44484.000000
11647.000000,16807.000000,7985.000000,44464.000000
11645.000000,16819.000000,7990.000000,44492.000000
11623.000000,16800.000000,7951.000000,44488.000000
11627.000000,16787.000000,7920.000000,44458.000000
11604.000000,16820.000000,7948.000000,44464.000000
11604.000000,16793.000000,7902.000000,44467.000000
11611.000000,16781.000000,7919.000000,44455.000000
11613.000000,16783.000000,7928.000000,44470.000000
11599.000000,16775.000000,7902.000000,44426.000000
11586.000000,16776.000000,7936.000000,44439.000000
11577.000000,16764.000000,7898.000000,44433.000000
11550.000000,16765.000000,7895.000000,44447.000000
11583.000000,16757.000000,7884.000000,44460.000000
11555.000000,16761.000000,7907.000000,44415.000000
11558.000000,16768.000000,7884.000000,44440.000000
11520.000000,16729.000000,7883.000000,44416.000000
11530.000000,16759.000000,7850.000000,44413.000000
11579.000000,16732.000000,7825.000000,44401.000000
11502.000000,16719.000000,7877.000000,44413.000000
11531.000000,16743.000000,7862.000000,44429.000000
11506.000000,16693.000000,7851.000000,44389.000000
11501.000000,16685.000000,7846.000000,44364.000000
11502.000000,16696.000000,7827.000000,44400.000000
11481.000000,16695.000000,7831.000000,44379.000000
11528.000000,16696.000000,7811.000000,44407.000000
11483.000000,16707.000000,7808.000000,44367.000000
11464.000000,16680.000000,7804.000000,44397.000000
11466.000000,16688.000000,7811.000000,44362.000000
11423.000000,16671.000000,7794.000000,44343.000000
11439.000000,16646.000000,7791.000000,44359.000000
11437.000000,16641.000000,7766.000000,44350.000000
11392.000000,16631.000000,7718.000000,44315.000000
11408.000000,16628.000000,7750.000000,44335.000000
11397.000000,16626.000000,7733.000000,44375.000000
11390.000000,16615.000000,7702.000000,44325.000000
11400.000000,16578.000000,7722.000000,44352.000000
11369.000000,16608.000000,7729.000000,44343.000000
11394.000000,16586.000000,7692.000000,44336.000000
11391.000000,16612.000000,7723.000000,44356.000000
11378.000000,16629.000000,7702.000000,44329.000000
11377.000000,16608.000000,7710.000000,44351.000000
11417.000000,16644.000000,7714.000000,44352.000000
11396.000000,16645.000000,7740.000000,44348.000000
11395.000000,16598.000000,7723.000000,44337.000000
11429.000000,16602.000000,7742.000000,44327.000000
11437.000000,16655.000000,7724.000000,44335.000000
11397.000000,16653.000000,7779.000000,44384.000000
11444.000000,16645.000000,7770.000000,44359.000000
11455.000000,16683.000000,7766.000000,44403.000000
11467.000000,16671.000000,7784.000000,44374.000000
11481.000000,16669.000000,7767.000000,44395.000000
11505.000000,16696.000000,7814.000000,44384.000000
11515.000000,16703.000000,7838.000000,44393.000000
11510.000000,16699.000000,7841.000000,44450.000000
11558.000000,16744.000000,7883.000000,44436.000000
11571.000000,16743.000000,7894.000000,44467.000000
11590.000000,16760.000000,7890.000000,44447.000000
11590.000000,16779.000000,7941.000000,44451.000000
11622.000000,16784.000000,7974.000000,44496.000000
11648.000000,16808.000000,7990.000000,44505.000000
11697.000000,16847.000000,8011.000000,44519.000000
11689.000000,16861.000000,8040.000000,44520.000000
11739.000000,16877.000000,8078.000000,44564.000000
11754.000000,16925.000000,8098.000000,44551.000000
11812.000000,16932.000000,8144.000000,44584.000000
11848.000000,16949.000000,8163.000000,44605.000000
11855.000000,16965.000000,8171.000000,44590.000000
11892.000000,17010.000000,8208.000000,44623.000000
11921.000000,16998.000000,8242.000000,44650.000000
11952.000000,17049.000000,8269.000000,44618.000000
11977.000000,17057.000000,8292.000000,44696.000000
11985.000000,17092.000000,8295.000000,44683.000000
12047.000000,17091.000000,8316.000000,44691.000000
12039.000000,17079.000000,8355.000000,44718.000000
12063.000000,17138.000000,8374.000000,44716.000000
12088.000000,17153.000000,8353.000000,44704.000000
12065.000000,17104.000000,8368.000000,44691.000000
12108.000000,17167.000000,8356.000000,44706.000000
12111.000000,17134.000000,8362.000000,44727.000000
12079.000000,17121.000000,8366.000000,44678.000000
12063.000000,17151.000000,8346.000000,44736.000000
12087.000000,17136.000000,8383.000000,44710.000000
12055.000000,17109.000000,8323.000000,44673.000000
12106.000000,17081.000000,8362.000000,44681.000000
12030.000000,17110.000000,8330.000000,44692.000000
12024.000000,17090.000000,8320.000000,44706.000000
12045.000000,17092.000000,8289.000000,44676.000000
12026.000000,17089.000000,8307.000000,44699.000000
12011.000000,17055.000000,8271.000000,44669.000000
12019.000000,17105.000000,8294.000000,44661.000000
11981.000000,17058.000000,8237.000000,44660.000000
11991.000000,17046.000000,8274.000000,44654.000000
11969.000000,17066.000000,8227.000000,44645.000000
11977.000000,17068.000000,8259.000000,44663.000000
11942.000000,17019.000000,8224.000000,44636.000000
11967.000000,17037.000000,8240.000000,44637.000000
11937.000000,17041.000000,8243.000000,44643.000000
11929.000000,17006.000000,8202.000000,44620.000000
11890.000000,17022.000000,8177.000000,44617.000000
11915.000000,16986.000000,8181.000000,44629.000000
11909.000000,16975.000000,8147.000000,44619.000000
11904.000000,17008.000000,8202.000000,44597.000000
11885.000000,16960.000000,8150.000000,44580.000000
11871.000000,16981.000000,8148.000000,44591.000000
11846.000000,16945.000000,8133.000000,44577.000000
11875.000000,16931.000000,8136.000000,44575.000000
11847.000000,16958.000000,8099.000000,44558.000000
11846.000000,16947.000000,8134.000000,44557.000000
11802.000000,16952.000000,8100.000000,44581.000000
11835.000000,16927.000000,8067.000000,44546.000000
11797.000000,16925.000000,8089.000000,44557.000000
11782.000000,16933.000000,8087.000000,44564.000000
11790.000000,16883.000000,8073.000000,44535.000000
11766.000000,16891.000000,8033.000000,44532.000000
11730.000000,16876.000000,8035.000000,44527.000000
11720.000000,16895.000000,8023.000000,44519.000000
11726.000000,16857.000000,8018.000000,44493.000000
11718.000000,16863.000000,7981.000000,44498.000000
11708.000000,16863.000000,7994.000000,44481.000000
11728.000000,16849.000000,7986.000000,44518.000000
11664.000000,16825.000000,7963.000000,44502.000000
11661.000000,16808.000000,7957.000000,44481.000000
11647.000000,16795.000000,7962.000000,44498.000000
11662.000000,16805.000000,7966.000000,44467.000000
11670.000000,16811.000000,7924.000000,44479.000000
11642.000000,16791.000000,7897.000000,44463.000000
11640.000000,16767.000000,7897.000000,44429.000000
11645.000000,16795.000000,7913.000000,44444.000000
11594.000000,16755.000000,7880.000000,44431.000000
11607.000000,16735.000000,7872.000000,44455.000000
11603.000000,16772.000000,7895.000000,44455.000000
11564.000000,16731.000000,7873.000000,44423.000000
11557.000000,16775.000000,7867.000000,44435.000000
11576.000000,16769.000000,7877.000000,44421.000000
11540.000000,16723.000000,7829.000000,44376.000000
11553.000000,16725.000000,7853.000000,44418.000000
11515.000000,16732.000000,7840.000000,44416.000000
11537.000000,16696.000000,7838.000000,44401.000000
11559.000000,16712.000000,7814.000000,44422.000000
11528.000000,16707.000000,7784.000000,44405.000000
11539.000000,16704.000000,7850.000000,44396.000000
11508.000000,16711.000000,7811.000000,44405.000000
11507.000000,16671.000000,7810.000000,44372.000000
11497.000000,16671.000000,7841.000000,44399.000000
11481.000000,16699.000000,7803.000000,44372.000000
11516.000000,16719.000000,7790.000000,44387.000000
11485.000000,16651.000000,7765.000000,44368.000000
11468.000000,16684.000000,7746.000000,44379.000000
11462.000000,16699.000000,7759.000000,44382.000000
11439.000000,16680.000000,7753.000000,44357.000000
11435.000000,16651.000000,7740.000000,44364.000000
11427.000000,16624.000000,7697.000000,44352.000000
11422.000000,16631.000000,7672.000000,44353.000000
11427.000000,16620.000000,7724.000000,44356.000000
11387.000000,16609.000000,7700.000000,44324.000000
11372.000000,16594.000000,7696.000000,44323.000000
11393.000000,16634.000000,7702.000000,44367.000000
11373.000000,16584.000000,7639.000000,44319.000000
11372.000000,16581.000000,7679.000000,44323.000000
11364.000000,16613.000000,7664.000000,44343.000000
11336.000000,16565.000000,7643.000000,44289.000000
11347.000000,16588.000000,7671.000000,44328.000000
11327.000000,16561.000000,7647.000000,44284.000000
11330.000000,16542.000000,7658.000000,44319.000000
11335.000000,16557.000000,7668.000000,44318.000000
11329.000000,16564.000000,7639.000000,44304.000000
11335.000000,16573.000000,7643.000000,44299.000000
11372.000000,16553.000000,7670.000000,44329.000000
11371.000000,16587.000000,7676.000000,44297.000000
11355.000000,16591.000000,7681.000000,44336.000000
11371.000000,16570.000000,7696.000000,44320.000000
11356.000000,16586.000000,7688.000000,44340.000000
11396.000000,16596.000000,7684.000000,44341.000000
11403.000000,16613.000000,7708.000000,44322.000000
11421.000000,16638.000000,7764.000000,44376.000000
11398.000000,16627.000000,7734.000000,44372.000000
11430.000000,16644.000000,7756.000000,44355.000000
11422.000000,16663.000000,7764.000000,44379.000000
11460.000000,16669.000000,7772.000000,44419.000000
11466.000000,16695.000000,7810.000000,44383.000000
11507.000000,16695.000000,7814.000000,44416.000000
11548.000000,16672.000000,7849.000000,44409.000000
11534.000000,16697.000000,7841.000000,44444.000000
11575.000000,16759.000000,7889.000000,44433.000000
11615.000000,16772.000000,7918.000000,44478.000000
11645.000000,16778.000000,7935.000000,44490.000000
11656.000000,16815.000000,7975.000000,44513.000000
11688.000000,16823.000000,7988.000000,44476.000000
11743.000000,16899.000000,8017.000000,44548.000000
11723.000000,16920.000000,8037.000000,44563.000000
11787.000000,16909.000000,8107.000000,44573.000000
11829.000000,16929.000000,8147.000000,44602.000000
11850.000000,16953.000000,8144.000000,44604.000000
11891.000000,17001.000000,8170.000000,44633.000000
11926.000000,17005.000000,8231.000000,44656.000000
11952.000000,16970.000000,8216.000000,44635.000000
11966.000000,17053.000000,8276.000000,44670.000000
11995.000000,17030.000000,8268.000000,44675.000000
11987.000000,17059.000000,8264.000000,44668.000000
12031.000000,17078.000000,8299.000000,44690.000000
12025.000000,17096.000000,8297.000000,44707.000000
12018.000000,17103.000000,8313.000000,44706.000000
12061.000000,17097.000000,8341.000000,44706.000000
12006.000000,17088.000000,8285.000000,44686.000000
12036.000000,17105.000000,8306.000000,44730.000000
12032.000000,17090.000000,8304.000000,44658.000000
12006.000000,17082.000000,8258.000000,44677.000000
12012.000000,17092.000000,8314.000000,44650.000000
11998.000000,17043.000000,8281.000000,44658.000000
11980.000000,17047.000000,8254.000000,44648.000000
11987.000000,17078.000000,8250.000000,44669.000000
11948.000000,17316.000000,8277.000000,44650.000000
11926.000000,16996.000000,8229.000000,44646.000000
11915.000000,17043.000000,8225.000000,44633.000000
11916.000000,17005.000000,8200.000000,44630.000000
11899.000000,16990.000000,8217.000000,44610.000000
11923.000000,17007.000000,8183.000000,44629.000000
11898.000000,17003.000000,8177.000000,44624.000000
11895.000000,16980.000000,8164.000000,44622.000000
11900.000000,16986.000000,8195.000000,44608.000000
11880.000000,16963.000000,8153.000000,44638.000000
11881.000000,16981.000000,8176.000000,44586.000000
11858.000000,16945.000000,8126.000000,44614.000000
11833.000000,16934.000000,8117.000000,44578.000000
11841.000000,16936.000000,8096.000000,44632.000000
12067.000000,17172.000000,8118.000000,44863.000000
11816.000000,16917.000000,8093.000000,44575.000000
11807.000000,16912.000000,8081.000000,44568.000000
11780.000000,16895.000000,8080.000000,44565.000000
11773.000000,16924.000000,8021.000000,44567.000000
11764.000000,16917.000000,8102.000000,44550.000000
11793.000000,16889.000000,8039.000000,44551.000000
11784.000000,16891.000000,8040.000000,44527.000000
11729.000000,16883.000000,8033.000000,44539.000000
11733.000000,16883.000000,8024.000000,44523.000000
11707.000000,16896.000000,8013.000000,44512.000000
11746.000000,16851.000000,8012.000000,44527.000000
11700.000000,16861.000000,7997.000000,44530.000000
11678.000000,16833.000000,8008.000000,44513.000000
11677.000000,16820.000000,7967.000000,44506.000000
11660.000000,16791.000000,7944.000000,44510.000000
11650.000000,16815.000000,7957.000000,44495.000000
11653.000000,16816.000000,7943.000000,44463.000000
11654.000000,16754.000000,7928.000000,44488.000000
11633.000000,16749.000000,7910.000000,44450.000000
11595.000000,16769.000000,7936.000000,44495.000000
11583.000000,16741.000000,7870.000000,44449.000000
11601.000000,16743.000000,7875.000000,44447.000000
11565.000000,16724.000000,7862.000000,44445.000000
11550.000000,16721.000000,7840.000000,44415.000000
11540.000000,16727.000000,7889.000000,44424.000000
11548.000000,16731.000000,7880.000000,44447.000000
11507.000000,16703.000000,7854.000000,44419.000000
11536.000000,16712.000000,7828.000000,44421.000000
11538.000000,16697.000000,7813.000000,44427.000000
11501.000000,16686.000000,7776.000000,44432.000000
11477.000000,16696.000000,7808.000000,44428.000000
11487.000000,16655.000000,7774.000000,44401.000000
11495.000000,16671.000000,7798.000000,44454.000000
11481.000000,16685.000000,7787.000000,44416.000000
11458.000000,16677.000000,7773.000000,44388.000000
11482.000000,16688.000000,7766.000000,44413.000000
11436.000000,16664.000000,7793.000000,44413.000000
11459.000000,16663.000000,7763.000000,44371.000000
11449.000000,16663.000000,7769.000000,44395.000000
11447.000000,16618.000000,7746.000000,44367.000000
11408.000000,16647.000000,7770.000000,44369.000000
11436.000000,16629.000000,7757.000000,44392.000000
11405.000000,16609.000000,7733.000000,44358.000000
11407.000000,16611.000000,7724.000000,44346.000000
11440.000000,16623.000000,7727.000000,44355.000000
11416.000000,16616.000000,7714.000000,44360.000000
11385.000000,16589.000000,7676.000000,44337.000000
11397.000000,16604.000000,7718.000000,44340.000000
11382.000000,16586.000000,7694.000000,44338.000000
11367.000000,16562.000000,7657.000000,44311.000000
11332.000000,16570.000000,7676.000000,44321.000000
11331.000000,16566.000000,7637.000000,44335.000000
11319.000000,16553.000000,7632.000000,44308.000000
11304.000000,16576.000000,7641.000000,44319.000000
11292.000000,16548.000000,7625.000000,44281.000000
11275.000000,16520.000000,7603.000000,44286.000000
11280.000000,16514.000000,7617.000000,44301.000000
11272.000000,16488.000000,7606.000000,44271.000000
11249.000000,16503.000000,7602.000000,44291.000000
11260.000000,16525.000000,7576.000000,44270.000000
11273.000000,16467.000000,7562.000000,44275.000000
11235.000000,16493.000000,7586.000000,44271.000000
11262.000000,16494.000000,7594.000000,44287.000000
11255.000000,16492.000000,7582.000000,44294.000000
11276.000000,16539.000000,7606.000000,44276.000000
11258.000000,16483.000000,7633.000000,44311.000000
11275.000000,16528.000000,7601.000000,44274.000000
11281.000000,16527.000000,7650.000000,44277.000000
11296.000000,16554.000000,7610.000000,44303.000000
11297.000000,16533.000000,7603.000000,44293.000000
11351.000000,16587.000000,7647.000000,44317.000000
11334.000000,16532.000000,7644.000000,44295.000000
11350.000000,16553.000000,7652.000000,44327.000000
11346.000000,16573.000000,7658.000000,44331.000000
11374.000000,16587.000000,7665.000000,44327.000000
11393.000000,16585.000000,7729.000000,44376.000000
11420.000000,16624.000000,7712.000000,44375.000000
11408.000000,16631.000000,7748.000000,44386.000000
11437.000000,16671.000000,7768.000000,44390.000000
11467.000000,16645.000000,7809.000000,44403.000000
11506.000000,16731.000000,7855.000000,44421.000000
11531.000000,16725.000000,7855.000000,44443.000000
11560.000000,16717.000000,7866.000000,44431.000000
11575.000000,16784.000000,7928.000000,44492.000000
11601.000000,16779.000000,7942.000000,44504.000000
11683.000000,16793.000000,7996.000000,44524.000000
11688.000000,16835.000000,7999.000000,44529.000000
11722.000000,16871.000000,8025.000000,44507.000000
11746.000000,16897.000000,8073.000000,44556.000000
11783.000000,16899.000000,8078.000000,44570.000000
11827.000000,16920.000000,8108.000000,44586.000000
11851.000000,16924.000000,8134.000000,44584.000000
11883.000000,16975.000000,8154.000000,44609.000000
11887.000000,17007.000000,8176.000000,44607.000000
11900.000000,16986.000000,8185.000000,44655.000000
11919.000000,17065.000000,8230.000000,44640.000000
11922.000000,17031.000000,8253.000000,44650.000000
11920.000000,17032.000000,8239.000000,44669.000000
11952.000000,17006.000000,8193.000000,44626.000000
11937.000000,17031.000000,8219.000000,44675.000000
11901.000000,17025.000000,8188.000000,44650.000000
11926.000000,17017.000000,8204.000000,44639.000000
11902.000000,17022.000000,8184.000000,44645.000000
11929.000000,17000.000000,8198.000000,44653.000000
11877.000000,16975.000000,8191.000000,44613.000000
11873.000000,16996.000000,8157.000000,44624.000000
11841.000000,16946.000000,8154.000000,44604.000000
11856.000000,16991.000000,8163.000000,44608.000000
11852.000000,16991.000000,8149.000000,44626.000000
11816.000000,16933.000000,8124.000000,44587.000000
11836.000000,16967.000000,8109.000000,44608.000000
11822.000000,16960.000000,8116.000000,44599.000000
11827.000000,16934.000000,8102.000000,44571.000000
11828.000000,16938.000000,8090.000000,44581.000000
11767.000000,16901.000000,8092.000000,44551.000000
11773.000000,16900.000000,8086.000000,44568.000000
11782.000000,16867.000000,8091.000000,44557.000000
11744.000000,16871.000000,8051.000000,44548.000000
11751.000000,16892.000000,8047.000000,44557.000000
11763.000000,16872.000000,8044.000000,44560.000000
11748.000000,16867.000000,8035.000000,44554.000000
11717.000000,16856.000000,8023.000000,44511.000000
11689.000000,16831.000000,7993.000000,44515.000000
11697.000000,16839.000000,8015.000000,44528.000000
11681.000000,16809.000000,7997.000000,44497.000000
11691.000000,16828.000000,7984.000000,44495.000000
11661.000000,16817.000000,7975.000000,44518.000000
11666.000000,16811.000000,7982.000000,44519.000000
11650.000000,16811.000000,7978.000000,44508.000000
11615.000000,16769.000000,7949.000000,44473.000000
11605.000000,16792.000000,7907.000000,44451.000000
11614.000000,16783.000000,7920.000000,44508.000000
11572.000000,16775.000000,7912.000000,44463.000000
11599.000000,16763.000000,7944.000000,44467.000000
11577.000000,16767.000000,7904.000000,44446.000000
11609.000000,16779.000000,7889.000000,44455.000000
11552.000000,16743.000000,7869.000000,44445.000000
11520.000000,16712.000000,7852.000000,44452.000000
11521.000000,16737.000000,7868.000000,44423.000000
11519.000000,16727.000000,7846.000000,44444.000000
11475.000000,16672.000000,7862.000000,44433.000000
11453.000000,16681.000000,7790.000000,44407.000000
11477.000000,16692.000000,7811.000000,44396.000000
11456.000000,16656.000000,7788.000000,44411.000000
11467.000000,16672.000000,7774.000000,44411.000000
11444.000000,16657.000000,7774.000000,44383.000000
11411.000000,16625.000000,7751.000000,44372.000000
11441.000000,16645.000000,7774.000000,44400.000000
11406.000000,16631.000000,7752.000000,44387.000000
11382.000000,16591.000000,7749.000000,44380.000000
11386.000000,16633.000000,7718.000000,44318.000000
11393.000000,16588.000000,7721.000000,44362.000000
11339.000000,16596.000000,7716.000000,44337.000000
11357.000000,16592.000000,7698.000000,44372.000000
11352.000000,16595.000000,7688.000000,44335.000000
11355.000000,16587.000000,7686.000000,44369.000000
11312.000000,16562.000000,7685.000000,44351.000000
11312.000000,16581.000000,7676.000000,44341.000000
11340.000000,16579.000000,7679.000000,44304.000000
11326.000000,16554.000000,7707.000000,44336.000000
11285.000000,16534.000000,7673.000000,44323.000000
11317.000000,16568.000000,7680.000000,44336.000000
11305.000000,16544.000000,7657.000000,44335.000000
11295.000000,16532.000000,7643.000000,44305.000000
11263.000000,16499.000000,7634.000000,44309.000000
11250.000000,16557.000000,7657.000000,44302.000000
11272.000000,16533.000000,7586.000000,44311.000000
11256.000000,16510.000000,7631.000000,44339.000000
11259.000000,16543.000000,7607.000000,44308.000000
11262.000000,16506.000000,7595.000000,44296.000000
11239.000000,16497.000000,7603.000000,44268.000000
11202.000000,16500.000000,7565.000000,44261.000000
11203.000000,16509.000000,7583.000000,44296.000000
11184.000000,16462.000000,7567.000000,44261.000000
11218.000000,16480.000000,7561.000000,44267.000000
11182.000000,16467.000000,7524.000000,44239.000000
11166.000000,16470.000000,7549.000000,44251.000000
11166.000000,16479.000000,7545.000000,44261.000000
11127.000000,16457.000000,7539.000000,44215.000000
11128.000000,16411.000000,7506.000000,44223.000000
11114.000000,16409.000000,7507.000000,44240.000000
11147.000000,16399.000000,7491.000000,44214.000000
11128.000000,16416.000000,7479.000000,44228.000000
11095.000000,16413.000000,7480.000000,44205.000000
11127.000000,16420.000000,7506.000000,44241.000000
11095.000000,16430.000000,7434.000000,44225.000000
11131.000000,16380.000000,7477.000000,44215.000000
11117.000000,16438.000000,7498.000000,44240.000000
11134.000000,16433.000000,7508.000000,44235.000000
11112.000000,16414.000000,7512.000000,44238.000000
11139.000000,16455.000000,7526.000000,44257.000000
11124.000000,16443.000000,7524.000000,44231.000000
11140.000000,16459.000000,7550.000000,44256.000000
11173.000000,16473.000000,7566.000000,44251.000000
11184.000000,16478.000000,7591.000000,44313.000000
11205.000000,16481.000000,7587.000000,44285.000000
11253.000000,16511.000000,7650.000000,44303.000000
11243.000000,16512.000000,7650.000000,44327.000000
11264.000000,16527.000000,7657.000000,44343.000000
11320.000000,16600.000000,7687.000000,44359.000000
11360.000000,16576.000000,7722.000000,44371.000000
11375.000000,16619.000000,7746.000000,44384.000000
11371.000000,16627.000000,7795.000000,44389.000000
11424.000000,16649.000000,7815.000000,44450.000000
11463.000000,16677.000000,7838.000000,44411.000000
11479.000000,16716.000000,7852.000000,44451.000000
11519.000000,16697.000000,8176.000000,44477.000000
11577.000000,16727.000000,7927.000000,44460.000000
11596.000000,16791.000000,7958.000000,44511.000000
11616.000000,16835.000000,7966.000000,44541.000000
11619.000000,16835.000000,7993.000000,44554.000000
11700.000000,16864.000000,8068.000000,44569.000000
11706.000000,16876.000000,8082.000000,44578.000000
11763.000000,16911.000000,8120.000000,44592.000000
11787.000000,16911.000000,8121.000000,44581.000000
11802.000000,16948.000000,8160.000000,44613.000000
11851.000000,16957.000000,8148.000000,44646.000000
11835.000000,17008.000000,8207.000000,44644.000000
11856.000000,16974.000000,8188.000000,44636.000000
11862.000000,16976.000000,8219.000000,44643.000000
11852.000000,17012.000000,8195.000000,44621.000000
11847.000000,17241.000000,8159.000000,44607.000000
11858.000000,16979.000000,8176.000000,44610.000000
11837.000000,16973.000000,8164.000000,44620.000000
11847.000000,16949.000000,8179.000000,44621.000000
11847.000000,16943.000000,8155.000000,44613.000000
11844.000000,16959.000000,8198.000000,44623.000000
11833.000000,16969.000000,8163.000000,44624.000000
11813.000000,17191.000000,8137.000000,44625.000000
11842.000000,16954.000000,8128.000000,44601.000000
11808.000000,16949.000000,8145.000000,44633.000000
11789.000000,16941.000000,8111.000000,44594.000000
11753.000000,16921.000000,8100.000000,44578.000000
11778.000000,16896.000000,8096.000000,44571.000000
11767.000000,16876.000000,8082.000000,44584.000000
11755.000000,16905.000000,8072.000000,44583.000000
11728.000000,16897.000000,8073.000000,44580.000000
11723.000000,16865.000000,8036.000000,44530.000000
11747.000000,16873.000000,8062.000000,44596.000000
11714.000000,16851.000000,8014.000000,44533.000000
11701.000000,16867.000000,8030.000000,44571.000000
11672.000000,16867.000000,7995.000000,44532.000000
11668.000000,16876.000000,8026.000000,44545.000000
11677.000000,16872.000000,7992.000000,44545.000000
11681.000000,16835.000000,8004.000000,44532.000000
11659.000000,16811.000000,7985.000000,44507.000000
11664.000000,16805.000000,7963.000000,44509.000000
11627.000000,16828.000000,7956.000000,44525.000000
11586.000000,16808.000000,7967.000000,44511.000000
11624.000000,16801.000000,7935.000000,44506.000000
11583.000000,16761.000000,7897.000000,44485.000000
11594.000000,16776.000000,7915.000000,44511.000000
11563.000000,16775.000000,7896.000000,44472.000000
11543.000000,16800.000000,7913.000000,44480.000000
11534.000000,16724.000000,7882.000000,44472.000000
11515.000000,16748.000000,7871.000000,44452.000000
11513.000000,16737.000000,7877.000000,44457.000000
11536.000000,16764.000000,7866.000000,44482.000000
11513.000000,16713.000000,7835.000000,44464.000000
11488.000000,16728.000000,7840.000000,44426.000000
11465.000000,16733.000000,7813.000000,44451.000000
11463.000000,16681.000000,7804.000000,44419.000000
11527.000000,16717.000000,8081.000000,44415.000000
11463.000000,16661.000000,7790.000000,44407.000000
11459.000000,16675.000000,7791.000000,44412.000000
11398.000000,16675.000000,7779.000000,44394.000000
11380.000000,16631.000000,7761.000000,44392.000000
11416.000000,16623.000000,7742.000000,44382.000000
11403.000000,16648.000000,7768.000000,44406.000000
11395.000000,16628.000000,7763.000000,44385.000000
11372.000000,16605.000000,7731.000000,44373.000000
11356.000000,16617.000000,7713.000000,44404.000000
11343.000000,16600.000000,7697.000000,44385.000000
11379.000000,16645.000000,7691.000000,44380.000000
11330.000000,16569.000000,7731.000000,44374.000000
11366.000000,16605.000000,7725.000000,44381.000000
11335.000000,16570.000000,7679.000000,44355.000000
11338.000000,16580.000000,7682.000000,44373.000000
11340.000000,16579.000000,7704.000000,44356.000000
11302.000000,16596.000000,7664.000000,44351.000000
11318.000000,16560.000000,7708.000000,44355.000000
11291.000000,16573.000000,7684.000000,44354.000000
11317.000000,16580.000000,7666.000000,44345.000000
11311.000000,16579.000000,7666.000000,44363.000000
11287.000000,16528.000000,7652.000000,44339.000000
11338.000000,16563.000000,7691.000000,44308.000000
11286.000000,16564.000000,7672.000000,44336.000000
11265.000000,16542.000000,7657.000000,44335.000000
11253.000000,16549.000000,7645.000000,44312.000000
11273.000000,16520.000000,7654.000000,44347.000000
11241.000000,16528.000000,7621.000000,44294.000000
11234.000000,16510.000000,7595.000000,44294.000000
11208.000000,16498.000000,7595.000000,44283.000000
11238.000000,16520.000000,7609.000000,44304.000000
11203.000000,16502.000000,7588.000000,44291.000000
11179.000000,16512.000000,7552.000000,44269.000000
11178.000000,16487.000000,7581.000000,44288.000000
11167.000000,16460.000000,7565.000000,44252.000000
11165.000000,16442.000000,7565.000000,44273.000000
11162.000000,16426.000000,7529.000000,44258.000000
11138.000000,16440.000000,7520.000000,44242.000000
11105.000000,16432.000000,7561.000000,44262.000000
11113.000000,16451.000000,7541.000000,44263.000000
11137.000000,16443.000000,7521.000000,44252.000000
11115.000000,16454.000000,7535.000000,44277.000000
11112.000000,16439.000000,7523.000000,44261.000000
11137.000000,16421.000000,7570.000000,44253.000000
11136.000000,16422.000000,7522.000000,44275.000000
11159.000000,16416.000000,7554.000000,44257.000000
11156.000000,16453.000000,7543.000000,44266.000000
11149.000000,16455.000000,7563.000000,44241.000000
11146.000000,16455.000000,7555.000000,44268.000000
11171.000000,16463.000000,7557.000000,44279.000000
11192.000000,16526.000000,7573.000000,44308.000000
11204.000000,16503.000000,7616.000000,44319.000000
11239.000000,16517.000000,7608.000000,44297.000000
11258.000000,16512.000000,7629.000000,44333.000000
11253.000000,16522.000000,7639.000000,44319.000000
11292.000000,16549.000000,7663.000000,44310.000000
11263.000000,16565.000000,7656.000000,44323.000000
11311.000000,16588.000000,7674.000000,44372.000000
11314.000000,16594.000000,7735.000000,44378.000000
11333.000000,16628.000000,7747.000000,44383.000000
11361.000000,16609.000000,7759.000000,44368.000000
11396.000000,16647.000000,7799.000000,44434.000000
11440.000000,16700.000000,7825.000000,44427.000000
11438.000000,16724.000000,7817.000000,44447.000000
11502.000000,16695.000000,7919.000000,44484.000000
11487.000000,16737.000000,7905.000000,44459.000000
11523.000000,16755.000000,7928.000000,44511.000000
11564.000000,16783.000000,7945.000000,44544.000000
11610.000000,16819.000000,8026.000000,44546.000000
11634.000000,16821.000000,8020.000000,44574.000000
11686.000000,16857.000000,8052.000000,44541.000000
11695.000000,16887.000000,8121.000000,44590.000000
11751.000000,16904.000000,8130.000000,44605.000000
11814.000000,16943.000000,8155.000000,44636.000000
11821.000000,16959.000000,8175.000000,44673.000000
11854.000000,16968.000000,8210.000000,44681.000000
11880.000000,17024.000000,8240.000000,44645.000000
11891.000000,17008.000000,8251.000000,44694.000000
11929.000000,17039.000000,8286.000000,44710.000000
11957.000000,17038.000000,8295.000000,44697.000000
11936.000000,17037.000000,8300.000000,44708.000000
11946.000000,17075.000000,8293.000000,44691.000000
11964.000000,17063.000000,8296.000000,44702.000000
11928.000000,17060.000000,8290.000000,44688.000000
11961.000000,17049.000000,8297.000000,44721.000000
11948.000000,17049.000000,8285.000000,44683.000000
11957.000000,17053.000000,8303.000000,44720.000000
11913.000000,17021.000000,8266.000000,44689.000000
11937.000000,17006.000000,8225.000000,44690.000000
11893.000000,17272.000000,8291.000000,44708.000000
11891.000000,16990.000000,8232.000000,44688.000000
11887.000000,17013.000000,8252.000000,44686.000000
11867.000000,17038.000000,8276.000000,44671.000000
11863.000000,16987.000000,8225.000000,44659.000000
11863.000000,17007.000000,8177.000000,44629.000000
11847.000000,16998.000000,8231.000000,44668.000000
11831.000000,17008.000000,8192.000000,44661.000000
11838.000000,16963.000000,8195.000000,44641.000000
11799.000000,16947.000000,8202.000000,44645.000000
11798.000000,16956.000000,8174.000000,44619.000000
11779.000000,16940.000000,8165.000000,44606.000000
11817.000000,16931.000000,8182.000000,44621.000000
11795.000000,16922.000000,8130.000000,44624.000000
11760.000000,16915.000000,8160.000000,44618.000000
11776.000000,16925.000000,8149.000000,44625.000000
11753.000000,16945.000000,8133.000000,44616.000000
11731.000000,16897.000000,8115.000000,44574.000000
11715.000000,16906.000000,8102.000000,44611.000000
11693.000000,16901.000000,8105.000000,44602.000000
11716.000000,16885.000000,8063.000000,44577.000000
11707.000000,16896.000000,8072.000000,44574.000000
11699.000000,16864.000000,8077.000000,44590.000000
11675.000000,16876.000000,8021.000000,44558.000000
11668.000000,16857.000000,8038.000000,44574.000000
11671.000000,16871.000000,8006.000000,44580.000000
11653.000000,16832.000000,8014.000000,44539.000000
11651.000000,16851.000000,8022.000000,44539.000000
11629.000000,16838.000000,8015.000000,44517.000000
11625.000000,16806.000000,7992.000000,44544.000000
11606.000000,16816.000000,7989.000000,44527.000000
11606.000000,16796.000000,8003.000000,44538.000000
11597.000000,16767.000000,8006.000000,44507.000000
11585.000000,16772.000000,7979.000000,44551.000000
11537.000000,16785.000000,7915.000000,44495.000000
11558.000000,16811.000000,7947.000000,44503.000000
11514.000000,16725.000000,7919.000000,44517.000000
11536.000000,16768.000000,7902.000000,44483.000000
11492.000000,16744.000000,7933.000000,44492.000000
11457.000000,16693.000000,7905.000000,44459.000000
11495.000000,16711.000000,7904.000000,44454.000000
11453.000000,16737.000000,7870.000000,44491.000000
11473.000000,16715.000000,7875.000000,44468.000000
11445.000000,16711.000000,7861.000000,44459.000000
11445.000000,16691.000000,7860.000000,44475.000000
11420.000000,16703.000000,7844.000000,44463.000000
11432.000000,16676.000000,7850.000000,44443.000000
11431.000000,16671.000000,7856.000000,44449.000000
11405.000000,16687.000000,7826.000000,44434.000000
11402.000000,16681.000000,7815.000000,44419.000000
11400.000000,16679.000000,7851.000000,44443.000000
11406.000000,16675.000000,7829.000000,44412.000000
11367.000000,16667.000000,7860.000000,44457.000000
11401.000000,16682.000000,7803.000000,44405.000000
11356.000000,16628.000000,7816.000000,44402.000000
11401.000000,16647.000000,7799.000000,44441.000000
11372.000000,16640.000000,7789.000000,44408.000000
11361.000000,16643.000000,7775.000000,44424.000000
11349.000000,16631.000000,7807.000000,44405.000000
11395.000000,16625.000000,7783.000000,44439.000000
11345.000000,16621.000000,7770.000000,44406.000000
11360.000000,16577.000000,7755.000000,44393.000000
11375.000000,16626.000000,7734.000000,44392.000000
11306.000000,16586.000000,7723.000000,44363.000000
11306.000000,16618.000000,7716.000000,44378.000000
11300.000000,16590.000000,7722.000000,44403.000000
11244.000000,16583.000000,7673.000000,44348.000000
11271.000000,16564.000000,7691.000000,44367.000000
11271.000000,16538.000000,7667.000000,44351.000000
11211.000000,16528.000000,7679.000000,44333.000000
11231.000000,16532.000000,7679.000000,44357.000000
11228.000000,16491.000000,7670.000000,44347.000000
11203.000000,16527.000000,7674.000000,44327.000000
11235.000000,16535.000000,7653.000000,44331.000000
11180.000000,16533.000000,7653.000000,44373.000000
11225.000000,16513.000000,7638.000000,44369.000000
11247.000000,16507.000000,7656.000000,44339.000000
11217.000000,16545.000000,7672.000000,44345.000000
11236.000000,16532.000000,7649.000000,44361.000000
11213.000000,16555.000000,7655.000000,44375.000000
11212.000000,16551.000000,7667.000000,44368.000000
11230.000000,16535.000000,7696.000000,44353.000000
11269.000000,16553.000000,7705.000000,44395.000000
11252.000000,16554.000000,7726.000000,44357.000000
11263.000000,16586.000000,7713.000000,44347.000000
11278.000000,16590.000000,7726.000000,44387.000000
11298.000000,16565.000000,7704.000000,44363.000000
11323.000000,16601.000000,7781.000000,44408.000000
11330.000000,16605.000000,7787.000000,44436.000000
11347.000000,16628.000000,7794.000000,44409.000000
11352.000000,16620.000000,7806.000000,44423.000000
11352.000000,16641.000000,7834.000000,44435.000000
11430.000000,16707.000000,7898.000000,44487.000000
11515.000000,16739.000000,7904.000000,44536.000000
11507.000000,16775.000000,7943.000000,44522.000000
11493.000000,16758.000000,7970.000000,44516.000000
11591.000000,16804.000000,8036.000000,44545.000000
11594.000000,16815.000000,8062.000000,44570.000000
11595.000000,16808.000000,8074.000000,44602.000000
11647.000000,16868.000000,8127.000000,44614.000000
11680.000000,16905.000000,8138.000000,44618.000000
11701.000000,16895.000000,8179.000000,44640.000000
11744.000000,16958.000000,8240.000000,44674.000000
11768.000000,17209.000000,8240.000000,44677.000000
11812.000000,17003.000000,8282.000000,44689.000000
11813.000000,16993.000000,8278.000000,44692.000000
11824.000000,17047.000000,8277.000000,44744.000000
11858.000000,17047.000000,8307.000000,44744.000000
11869.000000,17026.000000,8310.000000,44750.000000
11905.000000,17039.000000,8374.000000,44753.000000
11901.000000,17067.000000,8352.000000,44740.000000
11927.000000,17051.000000,8343.000000,44737.000000
11890.000000,17057.000000,8361.000000,44747.000000
11960.000000,17089.000000,8354.000000,44771.000000
11858.000000,17041.000000,8346.000000,44733.000000
11878.000000,17070.000000,8335.000000,44717.000000
11853.000000,17050.000000,8337.000000,44734.000000
11829.000000,17045.000000,8295.000000,44708.000000
11856.000000,17041.000000,8325.000000,44739.000000
11837.000000,17027.000000,8287.000000,44703.000000
11833.000000,17009.000000,8290.000000,44705.000000
11826.000000,17052.000000,8281.000000,44732.000000
11806.000000,17020.000000,8253.000000,44689.000000
11820.000000,16999.000000,8253.000000,44699.000000
11785.000000,17013.000000,8282.000000,44696.000000
11822.000000,16986.000000,8254.000000,44694.000000
11809.000000,16996.000000,8252.000000,44681.000000
11772.000000,16952.000000,8276.000000,44691.000000
11807.000000,16964.000000,8247.000000,44680.000000
11744.000000,16977.000000,8203.000000,44663.000000
11757.000000,16949.000000,8225.000000,44674.000000
11736.000000,16944.000000,8240.000000,44636.000000
11745.000000,16980.000000,8178.000000,44638.000000
11746.000000,16966.000000,8194.000000,44687.000000
11730.000000,16949.000000,8149.000000,44672.000000
11721.000000,17189.000000,8202.000000,44617.000000
11722.000000,16941.000000,8181.000000,44649.000000
11705.000000,16920.000000,8168.000000,44622.000000
11716.000000,16922.000000,8167.000000,44614.000000
11669.000000,16891.000000,8144.000000,44616.000000
11675.000000,16918.000000,8136.000000,44589.000000
11640.000000,16899.000000,8135.000000,44625.000000
11628.000000,16871.000000,8125.000000,44617.000000
11614.000000,16897.000000,8116.000000,44613.000000
11641.000000,16848.000000,8112.000000,44604.000000
11593.000000,16876.000000,8098.000000,44603.000000
11595.000000,16841.000000,8072.000000,44602.000000
11632.000000,16879.000000,8091.000000,44582.000000
11587.000000,16824.000000,8071.000000,44567.000000
11569.000000,16831.000000,8073.000000,44586.000000
11562.000000,16824.000000,8051.000000,44570.000000
11542.000000,16804.000000,8005.000000,44534.000000
11538.000000,16795.000000,8001.000000,44550.000000
11528.000000,16817.000000,8020.000000,44566.000000
11506.000000,16775.000000,7991.000000,44536.000000
11485.000000,16770.000000,8001.000000,44545.000000
11500.000000,16771.000000,8027.000000,44522.000000
11462.000000,16733.000000,7964.000000,44515.000000
11445.000000,16740.000000,7944.000000,44528.000000
11436.000000,16729.000000,7956.000000,44494.000000
11452.000000,16723.000000,7917.000000,44507.000000
11433.000000,16749.000000,7936.000000,44512.000000
11404.000000,16743.000000,7921.000000,44483.000000
11409.000000,16700.000000,7910.000000,44487.000000
11382.000000,16716.000000,7907.000000,44519.000000
11396.000000,16715.000000,7928.000000,44511.000000
11418.000000,16716.000000,7884.000000,44484.000000
11372.000000,16699.000000,7905.000000,44481.000000
11388.000000,16680.000000,7872.000000,44486.000000
11385.000000,16703.000000,7889.000000,44477.000000
11355.000000,16667.000000,7858.000000,44455.000000
11361.000000,16683.000000,7870.000000,44467.000000
11363.000000,16684.000000,7857.000000,44475.000000
11344.000000,16664.000000,7882.000000,44453.000000
11343.000000,16663.000000,7875.000000,44437.000000
11353.000000,16647.000000,7855.000000,44425.000000
11353.000000,16672.000000,7823.000000,44436.000000
11320.000000,16632.000000,7850.000000,44434.000000
11299.000000,16641.000000,7850.000000,44451.000000
11359.000000,16647.000000,7871.000000,44455.000000
11270.000000,16639.000000,7822.000000,44438.000000
11297.000000,16637.000000,7831.000000,44444.000000
11277.000000,16613.000000,7783.000000,44420.000000
11268.000000,16584.000000,7789.000000,44445.000000
11289.000000,16596.000000,7772.000000,44420.000000
11268.000000,16583.000000,7776.000000,44418.000000
11227.000000,16594.000000,7744.000000,44401.000000
11215.000000,16548.000000,7767.000000,44408.000000
11187.000000,16595.000000,7757.000000,44383.000000
11215.000000,16547.000000,7732.000000,44403.000000
11206.000000,16526.000000,7751.000000,44397.000000
11195.000000,16535.000000,7707.000000,44386.000000
11185.000000,16544.000000,7739.000000,44389.000000
11182.000000,16525.000000,7723.000000,44387.000000
11184.000000,16572.000000,7712.000000,44372.000000
11196.000000,16551.000000,7733.000000,44391.000000
11200.000000,16540.000000,7727.000000,44385.000000
11172.000000,16550.000000,7712.000000,44371.000000
11210.000000,16539.000000,7750.000000,44372.000000
11220.000000,16580.000000,7707.000000,44395.000000
11205.000000,16592.000000,7730.000000,44393.000000
11196.000000,16533.000000,7699.000000,44383.000000
11220.000000,16588.000000,7747.000000,44397.000000
11244.000000,16611.000000,7731.000000,44399.000000
11239.000000,16593.000000,7749.000000,44407.000000
11253.000000,16624.000000,7780.000000,44415.000000
11267.000000,16601.000000,7779.000000,44440.000000
11286.000000,16618.000000,7796.000000,44399.000000
11294.000000,16603.000000,7800.000000,44413.000000
11303.000000,16647.000000,7845.000000,44459.000000
11326.000000,16647.000000,7854.000000,44486.000000
11342.000000,16687.000000,7874.000000,44467.000000
11376.000000,16692.000000,7889.000000,44485.000000
11443.000000,16707.000000,7958.000000,44525.000000
11470.000000,16792.000000,7985.000000,44546.000000
11482.000000,16776.000000,8000.000000,44550.000000
11527.000000,16796.000000,8072.000000,44575.000000
11529.000000,16841.000000,8084.000000,44599.000000
11553.000000,16823.000000,8083.000000,44604.000000
11617.000000,16879.000000,8126.000000,44622.000000
11625.000000,17184.000000,8171.000000,44671.000000
11670.000000,16919.000000,8171.000000,44645.000000
11719.000000,16948.000000,8241.000000,44701.000000
11726.000000,17224.000000,8242.000000,44713.000000
11787.000000,16991.000000,8256.000000,44699.000000
11791.000000,17002.000000,8307.000000,44732.000000
11817.000000,17036.000000,8315.000000,44759.000000
11889.000000,17029.000000,8333.000000,44729.000000
12116.000000,17063.000000,8395.000000,44786.000000
11898.000000,17347.000000,8362.000000,44762.000000
11922.000000,17105.000000,8382.000000,44783.000000
11923.000000,17111.000000,8394.000000,44805.000000
11916.000000,17117.000000,8385.000000,44769.000000
11938.000000,17131.000000,8403.000000,44793.000000
11902.000000,17112.000000,8369.000000,44781.000000
11913.000000,17092.000000,8376.000000,44759.000000
11902.000000,17110.000000,8368.000000,44735.000000
11894.000000,17112.000000,8370.000000,44754.000000
11894.000000,17103.000000,8369.000000,44781.000000
11874.000000,17087.000000,8332.000000,44773.000000
11866.000000,17078.000000,8380.000000,44772.000000
11875.000000,17077.000000,8324.000000,44734.000000
11881.000000,17056.000000,8347.000000,44734.000000
11877.000000,17080.000000,8298.000000,44757.000000
11870.000000,17058.000000,8312.000000,44721.000000
11858.000000,17045.000000,8295.000000,44749.000000
11842.000000,17035.000000,8302.000000,44737.000000
11819.000000,17008.000000,8273.000000,44710.000000
11835.000000,17035.000000,8302.000000,44733.000000
11822.000000,17031.000000,8259.000000,44683.000000
11820.000000,17052.000000,8288.000000,44751.000000
11804.000000,16988.000000,8238.000000,44683.000000
11792.000000,16985.000000,8249.000000,44676.000000
11778.000000,17006.000000,8209.000000,44702.000000
11761.000000,16990.000000,8225.000000,44693.000000
11747.000000,16980.000000,8213.000000,44675.000000
11734.000000,16973.000000,8219.000000,44671.000000
11753.000000,16973.000000,8199.000000,44688.000000
11707.000000,16944.000000,8208.000000,44677.000000
11714.000000,16972.000000,8160.000000,44665.000000
11707.000000,16925.000000,8191.000000,44632.000000
11675.000000,16935.000000,8163.000000,44635.000000
11681.000000,17168.000000,8140.000000,44632.000000
11706.000000,16880.000000,8137.000000,44639.000000
11671.000000,17167.000000,8126.000000,44639.000000
11654.000000,16877.000000,8104.000000,44650.000000
11654.000000,16890.000000,8111.000000,44637.000000
11637.000000,16892.000000,8099.000000,44612.000000
11611.000000,16895.000000,8093.000000,44595.000000
11619.000000,16855.000000,8101.000000,44636.000000
11606.000000,16887.000000,8078.000000,44632.000000
11603.000000,16859.000000,8051.000000,44589.000000
11596.000000,16857.000000,8072.000000,44574.000000
11584.000000,16848.000000,8040.000000,44577.000000
11555.000000,16817.000000,8012.000000,44567.000000
11565.000000,16807.000000,8037.000000,44585.000000
11555.000000,16783.000000,8017.000000,44558.000000
11533.000000,16809.000000,7990.000000,44561.000000
11527.000000,16804.000000,7995.000000,44579.000000
11514.000000,16808.000000,7994.000000,44538.000000
11502.000000,16793.000000,8015.000000,44562.000000
11511.000000,16775.000000,7992.000000,44576.000000
11476.000000,16776.000000,7956.000000,44557.000000
11465.000000,16781.000000,7967.000000,44537.000000
11495.000000,16756.000000,7944.000000,44531.000000
11481.000000,16784.000000,7953.000000,44554.000000
11463.000000,16755.000000,7965.000000,44536.000000
11471.000000,16755.000000,7965.000000,44523.000000
11481.000000,16755.000000,7956.000000,44535.000000
11453.000000,16759.000000,7955.000000,44507.000000
11422.000000,16735.000000,7941.000000,44520.000000
11450.000000,16711.000000,7946.000000,44522.000000
11445.000000,16732.000000,7914.000000,44535.000000
11426.000000,16763.000000,7928.000000,44522.000000
11409.000000,16744.000000,7931.000000,44508.000000
11413.000000,16720.000000,7912.000000,44499.000000
11415.000000,16723.000000,7878.000000,44512.000000
11383.000000,16711.000000,7894.000000,44474.000000
11412.000000,16711.000000,7905.000000,44509.000000
11384.000000,16713.000000,7929.000000,44489.000000
11382.000000,16712.000000,7883.000000,44513.000000
11376.000000,16707.000000,7872.000000,44471.000000
11409.000000,16679.000000,7857.000000,44480.000000
11372.000000,16684.000000,7885.000000,44489.000000
11365.000000,16679.000000,7842.000000,44498.000000
11331.000000,16693.000000,7865.000000,44491.000000
11359.000000,16691.000000,7838.000000,44493.000000
11353.000000,16663.000000,7845.000000,44450.000000
11342.000000,16669.000000,7820.000000,44491.000000
11354.000000,16637.000000,7807.000000,44457.000000
11299.000000,16648.000000,7815.000000,44463.000000
11284.000000,16627.000000,7808.000000,44399.000000
11301.000000,16603.000000,7807.000000,44426.000000
11262.000000,16639.000000,7793.000000,44468.000000
11274.000000,16623.000000,7782.000000,44431.000000
11273.000000,16635.000000,7769.000000,44451.000000
11260.000000,16594.000000,7805.000000,44442.000000
11259.000000,16591.000000,7795.000000,44449.000000
11298.000000,16611.000000,7788.000000,44454.000000
11252.000000,16608.000000,7777.000000,44454.000000
11298.000000,16647.000000,7836.000000,44483.000000
11294.000000,16624.000000,7811.000000,44432.000000
11310.000000,16636.000000,7820.000000,44448.000000
11325.000000,16665.000000,7830.000000,44496.000000
11313.000000,16669.000000,7832.000000,44493.000000
11336.000000,16679.000000,7846.000000,44483.000000
11358.000000,16661.000000,7884.000000,44509.000000
11332.000000,16699.000000,7868.000000,44505.000000
11383.000000,16692.000000,7911.000000,44495.000000
11362.000000,16723.000000,7904.000000,44520.000000
11404.000000,16728.000000,7915.000000,44534.000000
11423.000000,16731.000000,7952.000000,44515.000000
11417.000000,16757.000000,7967.000000,44544.000000
11442.000000,16775.000000,7976.000000,44535.000000
11467.000000,16791.000000,8032.000000,44554.000000
11498.000000,16797.000000,8023.000000,44570.000000
11511.000000,16819.000000,8068.000000,44607.000000
11531.000000,16815.000000,8041.000000,44590.000000
11568.000000,16861.000000,8120.000000,44628.000000
11579.000000,16884.000000,8119.000000,44609.000000
11611.000000,16896.000000,8154.000000,44644.000000
11651.000000,16910.000000,8195.000000,44689.000000
11713.000000,16958.000000,8198.000000,44679.000000
11711.000000,16984.000000,8245.000000,44738.000000
11764.000000,17015.000000,8283.000000,44738.000000
11790.000000,16991.000000,8320.000000,44761.000000
11816.000000,17041.000000,8341.000000,44762.000000
11864.000000,17054.000000,8355.000000,44760.000000
11883.000000,17071.000000,8405.000000,44794.000000
11901.000000,17104.000000,8393.000000,44801.000000
11920.000000,17080.000000,8427.000000,44832.000000
11931.000000,17145.000000,8462.000000,44834.000000
11957.000000,17161.000000,8455.000000,44816.000000
11953.000000,17179.000000,8438.000000,44839.000000
11964.000000,17149.000000,8465.000000,44837.000000
11935.000000,17152.000000,8474.000000,44855.000000
11978.000000,17110.000000,8443.000000,44806.000000
11960.000000,17119.000000,8426.000000,44805.000000
11966.000000,17141.000000,8428.000000,44809.000000
11944.000000,17151.000000,8439.000000,44831.000000
12141.000000,17130.000000,8401.000000,44785.000000
11913.000000,17134.000000,8414.000000,44814.000000
11918.000000,17111.000000,8408.000000,44823.000000
11886.000000,17085.000000,8404.000000,44807.000000
11895.000000,17098.000000,8394.000000,44789.000000
11833.000000,17079.000000,8367.000000,44784.000000
11869.000000,17088.000000,8346.000000,44774.000000
11875.000000,17082.000000,8369.000000,44788.000000
11846.000000,17066.000000,8338.000000,44753.000000
11857.000000,17088.000000,8355.000000,44770.000000
11853.000000,17070.000000,8316.000000,44795.000000
11845.000000,17058.000000,8316.000000,44760.000000
11819.000000,17054.000000,8334.000000,44772.000000
11838.000000,17055.000000,8311.000000,44742.000000
12072.000000,17027.000000,8276.000000,44762.000000
11805.000000,17051.000000,8272.000000,44729.000000
11821.000000,17030.000000,8299.000000,44734.000000
11821.000000,17046.000000,8293.000000,44753.000000
11820.000000,17021.000000,8260.000000,44723.000000
11780.000000,16993.000000,8275.000000,44751.000000
11783.000000,16959.000000,8245.000000,44726.000000
11779.000000,17022.000000,8230.000000,44718.000000
11770.000000,16969.000000,8263.000000,44739.000000
11723.000000,16977.000000,8221.000000,44697.000000
11772.000000,17006.000000,8233.000000,44714.000000
11718.000000,16944.000000,8230.000000,44700.000000
11738.000000,16968.000000,8207.000000,44720.000000
11712.000000,16964.000000,8178.000000,44697.000000
11730.000000,17203.000000,8204.000000,44656.000000
11687.000000,16932.000000,8196.000000,44703.000000
11653.000000,16913.000000,8191.000000,44687.000000
11657.000000,16930.000000,8172.000000,44677.000000
11625.000000,16907.000000,8143.000000,44626.000000
11654.000000,16879.000000,8120.000000,44654.000000
11600.000000,16912.000000,8127.000000,44649.000000
11583.000000,16857.000000,8121.000000,44650.000000
11598.000000,16848.000000,8102.000000,44615.000000
11559.000000,16829.000000,8104.000000,44641.000000
11602.000000,16867.000000,8072.000000,44633.000000
11551.000000,16816.000000,8073.000000,44600.000000
11581.000000,16831.000000,8078.000000,44631.000000
11551.000000,16811.000000,8063.000000,44607.000000
11541.000000,16833.000000,8050.000000,44622.000000
11533.000000,16783.000000,8028.000000,44607.000000
11560.000000,16844.000000,8020.000000,44610.000000
11551.000000,16819.000000,8018.000000,44583.000000
11519.000000,16825.000000,8018.000000,44592.000000
11509.000000,16803.000000,8043.000000,44596.000000
11521.000000,16796.000000,8010.000000,44562.000000
11556.000000,16800.000000,8009.000000,44595.000000
11513.000000,16779.000000,7989.000000,44588.000000
11512.000000,16800.000000,8022.000000,44595.000000
11514.000000,16832.000000,8022.000000,44611.000000
11511.000000,16783.000000,8037.000000,44569.000000
11496.000000,16788.000000,8018.000000,44588.000000
11512.000000,16819.000000,8036.000000,44593.000000
11477.000000,16795.000000,8006.000000,44568.000000
11522.000000,16815.000000,7991.000000,44579.000000
11490.000000,16795.000000,8025.000000,44590.000000
11497.000000,16771.000000,7959.000000,44562.000000
11483.000000,16783.000000,7965.000000,44565.000000
11469.000000,16780.000000,7964.000000,44582.000000
11489.000000,16752.000000,7985.000000,44545.000000
11459.000000,16756.000000,7993.000000,44581.000000
11445.000000,16727.000000,7948.000000,44537.000000
11453.000000,16740.000000,7949.000000,44536.000000
11425.000000,16727.000000,7946.000000,44554.000000
11434.000000,16751.000000,7947.000000,44543.000000
11423.000000,16723.000000,7923.000000,44534.000000
11381.000000,16711.000000,7898.000000,44520.000000
11395.000000,16711.000000,7886.000000,44507.000000
11382.000000,16717.000000,7876.000000,44537.000000
11389.000000,16745.000000,7872.000000,44525.000000
11355.000000,16661.000000,7882.000000,44528.000000
11380.000000,16735.000000,7898.000000,44506.000000
11372.000000,16699.000000,7927.000000,44504.000000
11411.000000,16700.000000,7869.000000,44520.000000
11430.000000,16711.000000,7923.000000,44539.000000
11402.000000,16731.000000,7886.000000,44521.000000
11423.000000,16715.000000,7925.000000,44548.000000
11472.000000,16727.000000,7943.000000,44555.000000
11483.000000,16739.000000,7922.000000,44521.000000
11488.000000,16752.000000,7943.000000,44538.000000
11522.000000,16747.000000,7983.000000,44562.000000
11501.000000,16761.000000,7948.000000,44572.000000
11527.000000,16764.000000,8000.000000,44583.000000
11534.000000,16771.000000,7982.000000,44589.000000
11540.000000,16799.000000,8006.000000,44594.000000
11545.000000,16807.000000,8035.000000,44604.000000
11567.000000,16839.000000,8038.000000,44605.000000
11591.000000,16855.000000,8027.000000,44608.000000
11596.000000,16848.000000,8071.000000,44648.000000
11595.000000,16851.000000,8062.000000,44590.000000
11617.000000,16875.000000,8112.000000,44661.000000
11648.000000,16913.000000,8111.000000,44660.000000
11668.000000,16879.000000,8117.000000,44664.000000
11682.000000,16932.000000,8202.000000,44692.000000
11722.000000,16955.000000,8218.000000,44704.000000
11707.000000,16968.000000,8215.000000,44700.000000
11772.000000,16976.000000,8275.000000,44749.000000
11783.000000,17034.000000,8257.000000,44738.000000
11818.000000,17064.000000,8339.000000,44791.000000
11909.000000,17044.000000,8355.000000,44778.000000
11888.000000,17086.000000,8380.000000,44797.000000
11926.000000,17100.000000,8423.000000,44827.000000
11994.000000,17136.000000,8427.000000,44855.000000
11994.000000,17196.000000,8474.000000,44876.000000
12025.000000,17187.000000,8508.000000,44881.000000
12105.000000,17229.000000,8557.000000,44911.000000
12114.000000,17276.000000,8571.000000,44944.000000
12130.000000,17253.000000,8598.000000,44929.000000
12140.000000,17280.000000,8630.000000,44975.000000
12184.000000,17297.000000,8657.000000,44979.000000
12176.000000,17288.000000,8657.000000,44960.000000
12173.000000,17303.000000,8686.000000,44939.000000
12170.000000,17319.000000,8639.000000,44945.000000
12147.000000,17321.000000,8661.000000,44959.000000
12201.000000,17335.000000,8684.000000,44968.000000
12172.000000,17289.000000,8674.000000,44968.000000
12140.000000,17291.000000,8627.000000,44952.000000
12154.000000,17351.000000,8625.000000,44945.000000
12119.000000,17247.000000,8609.000000,44952.000000
12142.000000,17323.000000,8629.000000,44961.000000
12097.000000,17255.000000,8598.000000,44925.000000
12097.000000,17256.000000,8603.000000,44931.000000
12082.000000,17247.000000,8593.000000,44937.000000
12066.000000,17235.000000,8588.000000,44884.000000
12071.000000,17229.000000,8570.000000,44910.000000
12070.000000,17228.000000,8573.000000,44879.000000
12053.000000,17217.000000,8543.000000,44880.000000
12016.000000,17263.000000,8536.000000,44908.000000
12046.000000,17211.000000,8536.000000,44899.000000
12031.000000,17201.000000,8530.000000,44887.000000
12022.000000,17211.000000,8496.000000,44885.000000
12002.000000,17227.000000,8520.000000,44875.000000
12006.000000,17199.000000,8510.000000,44872.000000
12014.000000,17199.000000,8518.000000,44855.000000
12000.000000,17171.000000,8517.000000,44855.000000
11992.000000,17161.000000,8463.000000,44867.000000
11970.000000,17181.000000,8505.000000,44864.000000
11980.000000,17168.000000,8507.000000,44867.000000
11945.000000,17171.000000,8460.000000,44831.000000
11936.000000,17152.000000,8449.000000,44848.000000
11927.000000,17113.000000,8430.000000,44829.000000
11934.000000,17149.000000,8462.000000,44849.000000
11902.000000,17099.000000,8415.000000,44840.000000
11874.000000,17109.000000,8419.000000,44853.000000
11889.000000,17130.000000,8455.000000,44859.000000
11899.000000,17112.000000,8424.000000,44783.000000
11869.000000,17122.000000,8401.000000,44817.000000
11869.000000,17108.000000,8412.000000,44797.000000
11871.000000,17096.000000,8390.000000,44804.000000
11861.000000,17119.000000,8392.000000,44779.000000
11836.000000,17064.000000,8400.000000,44805.000000
11834.000000,17067.000000,8368.000000,44770.000000
11801.000000,17084.000000,8385.000000,44755.000000
11822.000000,17052.000000,8338.000000,44788.000000
11791.000000,17069.000000,8341.000000,44809.000000
11802.000000,17088.000000,8335.000000,44772.000000
11795.000000,17063.000000,8332.000000,44760.000000
11779.000000,17034.000000,8312.000000,44736.000000
11763.000000,17280.000000,8369.000000,44763.000000
11759.000000,17301.000000,8330.000000,44764.000000
11741.000000,17019.000000,8279.000000,44745.000000
11766.000000,17042.000000,8340.000000,44746.000000
11727.000000,17028.000000,8298.000000,44723.000000
11737.000000,17028.000000,8355.000000,44742.000000
11744.000000,17011.000000,8293.000000,44727.000000
11751.000000,17017.000000,8318.000000,44987.000000
11695.000000,17030.000000,8293.000000,44748.000000
11717.000000,17261.000000,8291.000000,44743.000000
11688.000000,17009.000000,8301.000000,44747.000000
11683.000000,17019.000000,8323.000000,44718.000000
11702.000000,16977.000000,8321.000000,44729.000000
11673.000000,16990.000000,8314.000000,44720.000000
11658.000000,16979.000000,8292.000000,44735.000000
11658.000000,16983.000000,8297.000000,44769.000000
11639.000000,16976.000000,8302.000000,44735.000000
11657.000000,16982.000000,8291.000000,44745.000000
11639.000000,16955.000000,8299.000000,44735.000000
11647.000000,16974.000000,8284.000000,44698.000000
11615.000000,16928.000000,8259.000000,44713.000000
11596.000000,17200.000000,8261.000000,44700.000000
11583.000000,16940.000000,8267.000000,44728.000000
11530.000000,16933.000000,8249.000000,44692.000000
11553.000000,16915.000000,8257.000000,44698.000000
11523.000000,16895.000000,8218.000000,44685.000000
11511.000000,16906.000000,8236.000000,44699.000000
11511.000000,16920.000000,8217.000000,44698.000000
11478.000000,16872.000000,8222.000000,44660.000000
11470.000000,16912.000000,8193.000000,44663.000000
11422.000000,16848.000000,8227.000000,44697.000000
11435.000000,16873.000000,8184.000000,44679.000000
11437.000000,16851.000000,8166.000000,44627.000000
11406.000000,16860.000000,8172.000000,44644.000000
11382.000000,16856.000000,8199.000000,44648.000000
11392.000000,16851.000000,8157.000000,44626.000000
11384.000000,16808.000000,8176.000000,44630.000000
11370.000000,16845.000000,8197.000000,44682.000000
11388.000000,16819.000000,8191.000000,44666.000000
11388.000000,16819.000000,8205.000000,44668.000000
11377.000000,16828.000000,8185.000000,44621.000000
11352.000000,16831.000000,8221.000000,44639.000000
11397.000000,16863.000000,8186.000000,44675.000000
11381.000000,16879.000000,8244.000000,44643.000000
11368.000000,16872.000000,8228.000000,44692.000000
11385.000000,16835.000000,8231.000000,44683.000000
11413.000000,16851.000000,8248.000000,44689.000000
11401.000000,16876.000000,8283.000000,44659.000000
11424.000000,16887.000000,8273.000000,44670.000000
11403.000000,16908.000000,8287.000000,44691.000000
11448.000000,16903.000000,8296.000000,44701.000000
11428.000000,16900.000000,8286.000000,44703.000000
11407.000000,16924.000000,8345.000000,44721.000000
11424.000000,16907.000000,8316.000000,44730.000000
11423.000000,16924.000000,8365.000000,44718.000000
11466.000000,16945.000000,8368.000000,44764.000000
11496.000000,16939.000000,8359.000000,44741.000000
11520.000000,16980.000000,8430.000000,44773.000000
11485.000000,16963.000000,8435.000000,44799.000000
11562.000000,16983.000000,8452.000000,44777.000000
11541.000000,17011.000000,8472.000000,44792.000000
11602.000000,17041.000000,8504.000000,44799.000000
11580.000000,17037.000000,8540.000000,44823.000000
11652.000000,17072.000000,8559.000000,44866.000000
11636.000000,17093.000000,8591.000000,44883.000000
11696.000000,17135.000000,8597.000000,44897.000000
11714.000000,17115.000000,8666.000000,44888.000000
11741.000000,17175.000000,8657.000000,44913.000000
11785.000000,17187.000000,8714.000000,44934.000000
11778.000000,17208.000000,8751.000000,44950.000000
11808.000000,17221.000000,8753.000000,44959.000000
11834.000000,17228.000000,8765.000000,44978.000000
11846.000000,17248.000000,8801.000000,45023.000000
11873.000000,17265.000000,8821.000000,44991.000000
11921.000000,17292.000000,8818.000000,45003.000000
11934.000000,17291.000000,8844.000000,44976.000000
11899.000000,17289.000000,8829.000000,44988.000000
11926.000000,17327.000000,8870.000000,45035.000000
11910.000000,17315.000000,8865.000000,45024.000000
11917.000000,17301.000000,8844.000000,45005.000000
11917.000000,17309.000000,8852.000000,45019.000000
11933.000000,17301.000000,8809.000000,45000.000000
11925.000000,17341.000000,8825.000000,45014.000000
11915.000000,17303.000000,8832.000000,45005.000000
11905.000000,17283.000000,8821.000000,45020.000000
11896.000000,17295.000000,8824.000000,45000.000000
11876.000000,17287.000000,8818.000000,45032.000000
11856.000000,17288.000000,8815.000000,44974.000000
11928.000000,17291.000000,8799.000000,44995.000000
11867.000000,17276.000000,8807.000000,44980.000000
11842.000000,17257.000000,8803.000000,44967.000000
11847.000000,17256.000000,8761.000000,44975.000000
11813.000000,17239.000000,8758.000000,44964.000000
11843.000000,17248.000000,8766.000000,44949.000000
11799.000000,17249.000000,8754.000000,44951.000000
11805.000000,17225.000000,8727.000000,44929.000000
11817.000000,17193.000000,8725.000000,44948.000000
11784.000000,17191.000000,8739.000000,44949.000000
11774.000000,17203.000000,8722.000000,44934.000000
11770.000000,17203.000000,8716.000000,44927.000000
11749.000000,17164.000000,8717.000000,44925.000000
11740.000000,17146.000000,8689.000000,44924.000000
11717.000000,17160.000000,8684.000000,44912.000000
11720.000000,17131.000000,8678.000000,44901.000000
11669.000000,17152.000000,8662.000000,44884.000000
11703.000000,17145.000000,8656.000000,44879.000000
11693.000000,17113.000000,8657.000000,44881.000000
11654.000000,17123.000000,8634.000000,44861.000000
11638.000000,17112.000000,8624.000000,44875.000000
11643.000000,17111.000000,8647.000000,44871.000000
11627.000000,17112.000000,8615.000000,44848.000000
11651.000000,17123.000000,8603.000000,44837.000000
11623.000000,17315.000000,8579.000000,44845.000000
11635.000000,17062.000000,8587.000000,44867.000000
11593.000000,17066.000000,8600.000000,44843.000000
11589.000000,17075.000000,8572.000000,44817.000000
11606.000000,17096.000000,8579.000000,44843.000000
11561.000000,17059.000000,8566.000000,44831.000000
11554.000000,17039.000000,8559.000000,44831.000000
11559.000000,17047.000000,8525.000000,44831.000000
11554.000000,17026.000000,8540.000000,44839.000000
11536.000000,17068.000000,8527.000000,44815.000000
11524.000000,17029.000000,8525.000000,44806.000000
11525.000000,17035.000000,8526.000000,44827.000000
11535.000000,17023.000000,8500.000000,44815.000000
11506.000000,17021.000000,8524.000000,44803.000000
11482.000000,17227.000000,8487.000000,44794.000000
11483.000000,16984.000000,8495.000000,44762.000000
11460.000000,16955.000000,8469.000000,44775.000000
11453.000000,16978.000000,8470.000000,44783.000000
11442.000000,16991.000000,8460.000000,44775.000000
11445.000000,16947.000000,8474.000000,44793.000000
11396.000000,16960.000000,8464.000000,44772.000000
11417.000000,16981.000000,8454.000000,44784.000000
11409.000000,16941.000000,8450.000000,44774.000000
11410.000000,16939.000000,8441.000000,44774.000000
11427.000000,16932.000000,8425.000000,44753.000000
11432.000000,16948.000000,8446.000000,44765.000000
11399.000000,16935.000000,8448.000000,44749.000000
11407.000000,16927.000000,8442.000000,44767.000000
11402.000000,16905.000000,8429.000000,44777.000000
11400.000000,16955.000000,8426.000000,44776.000000
11400.000000,16957.000000,8417.000000,44760.000000
11375.000000,16917.000000,8423.000000,44731.000000
11375.000000,16904.000000,8430.000000,44738.000000
11371.000000,16897.000000,8409.000000,44773.000000
11387.000000,16924.000000,8419.000000,44735.000000
11365.000000,16919.000000,8419.000000,44737.000000
11370.000000,16898.000000,8404.000000,44734.000000
11348.000000,16887.000000,8374.000000,44727.000000
11367.000000,16877.000000,8396.000000,44734.000000
11346.000000,16899.000000,8352.000000,44719.000000
11336.000000,16889.000000,8385.000000,44732.000000
11303.000000,16870.000000,8373.000000,44714.000000
11329.000000,16880.000000,8347.000000,44712.000000
11306.000000,16879.000000,8390.000000,44730.000000
11291.000000,16852.000000,8370.000000,44701.000000
11264.000000,16836.000000,8310.000000,44694.000000
11293.000000,16867.000000,8356.000000,44718.000000
11307.000000,16839.000000,8332.000000,44713.000000
11292.000000,16861.000000,8383.000000,44718.000000
11311.000000,16873.000000,8359.000000,44729.000000
11290.000000,16863.000000,8362.000000,44724.000000
11307.000000,16859.000000,8371.000000,44737.000000
11303.000000,16888.000000,8370.000000,44733.000000
11317.000000,16871.000000,8357.000000,44751.000000
11308.000000,16883.000000,8390.000000,44725.000000
11329.000000,16898.000000,8387.000000,44745.000000
11316.000000,16901.000000,8401.000000,44740.000000
11350.000000,16891.000000,8423.000000,44750.000000
11363.000000,16913.000000,8414.000000,44756.000000
11352.000000,16907.000000,8419.000000,44757.000000
11360.000000,16912.000000,8460.000000,44782.000000
11390.000000,16932.000000,8454.000000,44766.000000
11398.000000,16925.000000,8472.000000,44778.000000
11407.000000,16935.000000,8495.000000,44807.000000
11447.000000,16956.000000,8477.000000,44813.000000
11416.000000,16959.000000,8485.000000,44803.000000
11445.000000,16992.000000,8498.000000,44848.000000
11449.000000,16972.000000,8534.000000,44840.000000
11443.000000,17000.000000,8551.000000,44803.000000
11505.000000,17025.000000,8589.000000,44859.000000
11531.000000,17309.000000,8626.000000,44836.000000
11564.000000,17036.000000,8650.000000,44852.000000
11567.000000,17057.000000,8614.000000,44884.000000
11611.000000,17088.000000,8660.000000,44925.000000
11662.000000,17110.000000,8695.000000,44907.000000
11658.000000,17144.000000,8719.000000,44921.000000
11709.000000,17150.000000,8760.000000,44971.000000
11719.000000,17175.000000,8790.000000,44972.000000
11757.000000,17225.000000,8814.000000,44991.000000
11759.000000,17224.000000,8818.000000,45005.000000
11794.000000,17232.000000,8849.000000,44991.000000
11829.000000,17267.000000,8907.000000,45060.000000
11852.000000,17248.000000,8889.000000,45030.000000
11901.000000,17297.000000,8940.000000,45039.000000
11902.000000,17314.000000,8960.000000,45069.000000
11945.000000,17316.000000,8960.000000,45077.000000
12183.000000,17345.000000,8967.000000,45103.000000
11952.000000,17321.000000,8962.000000,45074.000000
11921.000000,17331.000000,8965.000000,45073.000000
11914.000000,17331.000000,8951.000000,45098.000000
11951.000000,17363.000000,8962.000000,45094.000000
11939.000000,17347.000000,8978.000000,45088.000000
11942.000000,17320.000000,8977.000000,45070.000000
11940.000000,17326.000000,8967.000000,45084.000000
11959.000000,17351.000000,8948.000000,45103.000000
11944.000000,17337.000000,8955.000000,45064.000000
11960.000000,17379.000000,8976.000000,45075.000000
11931.000000,17343.000000,8962.000000,45073.000000
11932.000000,17311.000000,8930.000000,45061.000000
11956.000000,17315.000000,8926.000000,45060.000000
12211.000000,17331.000000,8968.000000,45077.000000
11918.000000,17288.000000,8917.000000,45031.000000
11916.000000,17297.000000,8937.000000,45057.000000
11885.000000,17295.000000,8905.000000,45045.000000
11883.000000,17287.000000,8901.000000,45059.000000
11870.000000,17281.000000,8907.000000,45043.000000
11867.000000,17284.000000,8912.000000,45046.000000
11885.000000,17287.000000,8899.000000,45035.000000
11866.000000,17272.000000,8880.000000,45039.000000
11847.000000,17291.000000,8875.000000,45044.000000
11853.000000,17271.000000,8858.000000,45028.000000
11835.000000,17237.000000,8885.000000,45020.000000
11814.000000,17251.000000,8846.000000,45015.000000
11788.000000,17261.000000,8809.000000,45004.000000
12089.000000,17244.000000,8862.000000,45040.000000
11801.000000,17256.000000,8848.000000,45001.000000
11803.000000,17241.000000,8792.000000,44981.000000
11798.000000,17224.000000,8821.000000,44997.000000
11805.000000,17217.000000,8825.000000,44989.000000
11799.000000,17199.000000,8810.000000,44997.000000
11804.000000,17220.000000,8811.000000,44992.000000
11729.000000,17223.000000,8784.000000,44999.000000
11760.000000,17185.000000,8789.000000,44968.000000
11760.000000,17207.000000,8786.000000,44988.000000
11775.000000,17216.000000,8787.000000,44989.000000
11763.000000,17159.000000,8785.000000,44971.000000
11735.000000,17164.000000,8766.000000,44952.000000
11757.000000,17151.000000,8747.000000,44951.000000
11699.000000,17175.000000,8744.000000,44976.000000
11720.000000,17141.000000,8748.000000,44922.000000
11714.000000,17171.000000,8752.000000,44960.000000
11678.000000,17151.000000,8725.000000,44938.000000
11690.000000,17160.000000,8748.000000,44945.000000
11676.000000,17140.000000,8727.000000,44955.000000
11667.000000,17140.000000,8701.000000,44969.000000
11683.000000,17126.000000,8711.000000,44920.000000
11648.000000,17122.000000,8700.000000,44927.000000
11661.000000,17140.000000,8691.000000,44919.000000
11643.000000,17106.000000,8670.000000,44943.000000
11679.000000,17084.000000,8686.000000,44900.000000
11650.000000,17082.000000,8689.000000,44914.000000
11640.000000,17097.000000,8704.000000,44911.000000
11637.000000,17099.000000,8668.000000,44887.000000
11588.000000,17089.000000,8671.000000,44921.000000
11625.000000,17068.000000,8650.000000,44913.000000
11624.000000,17090.000000,8663.000000,44907.000000
11618.000000,17076.000000,8660.000000,44922.000000
11626.000000,17087.000000,8650.000000,44879.000000
11619.000000,17064.000000,8666.000000,44883.000000
11603.000000,17051.000000,8659.000000,44905.000000
11609.000000,17104.000000,8661.000000,44936.000000
11601.000000,17076.000000,8654.000000,44923.000000
11624.000000,17092.000000,8624.000000,44879.000000
11602.000000,17079.000000,8647.000000,44860.000000
11605.000000,17109.000000,8636.000000,44891.000000
11587.000000,17074.000000,8650.000000,44879.000000
11572.000000,17088.000000,8649.000000,44871.000000
11596.000000,17103.000000,8623.000000,44901.000000
11585.000000,17090.000000,8624.000000,44875.000000
11564.000000,17080.000000,8597.000000,44869.000000
11625.000000,17080.000000,8615.000000,44874.000000
11576.000000,17078.000000,8592.000000,44863.000000
11607.000000,17054.000000,8612.000000,44863.000000
11578.000000,17027.000000,8610.000000,44860.000000
11546.000000,17011.000000,8571.000000,44850.000000
11560.000000,17026.000000,8604.000000,44875.000000
11539.000000,17011.000000,8605.000000,44867.000000
11520.000000,17038.000000,8601.000000,44867.000000
11491.000000,17006.000000,8570.000000,44871.000000
11507.000000,17013.000000,8585.000000,44849.000000
11483.000000,17005.000000,8559.000000,44813.000000
11500.000000,16997.000000,8562.000000,44839.000000
11484.000000,17017.000000,8551.000000,44864.000000
11501.000000,17004.000000,8569.000000,44817.000000
11505.000000,16995.000000,8561.000000,44828.000000
11507.000000,17016.000000,8572.000000,44868.000000
11490.000000,16973.000000,8590.000000,44859.000000
11539.000000,16982.000000,8568.000000,44876.000000
11505.000000,17018.000000,8594.000000,44855.000000
11536.000000,17257.000000,8595.000000,44868.000000
11536.000000,17027.000000,8612.000000,44880.000000
11547.000000,17039.000000,8618.000000,44916.000000
11564.000000,17024.000000,8620.000000,44886.000000
11551.000000,17074.000000,8621.000000,44906.000000
11552.000000,17058.000000,8630.000000,44875.000000
11570.000000,17066.000000,8632.000000,44921.000000
11571.000000,17073.000000,8708.000000,44929.000000
11606.000000,17072.000000,8710.000000,44948.000000
11626.000000,17078.000000,8682.000000,44943.000000
11640.000000,17329.000000,8682.000000,44948.000000
11645.000000,17112.000000,8740.000000,44948.000000
11672.000000,17114.000000,8754.000000,44961.000000
11732.000000,17156.000000,8768.000000,44970.000000
11719.000000,17159.000000,8805.000000,45001.000000
11754.000000,17165.000000,8825.000000,44984.000000
11799.000000,17204.000000,8831.000000,45035.000000
11791.000000,17195.000000,8868.000000,45040.000000
11801.000000,17216.000000,8904.000000,45019.000000
11849.000000,17244.000000,8911.000000,45058.000000
11831.000000,17239.000000,8913.000000,45055.000000
11891.000000,17264.000000,8974.000000,45074.000000
11897.000000,17303.000000,8988.000000,45118.000000
11942.000000,17304.000000,8978.000000,45097.000000
11937.000000,17320.000000,9044.000000,45136.000000
11948.000000,17363.000000,9026.000000,45101.000000
11994.000000,17375.000000,9084.000000,45150.000000
12011.000000,17389.000000,9090.000000,45172.000000
12005.000000,17403.000000,9085.000000,45152.000000
12059.000000,17375.000000,9100.000000,45161.000000
12019.000000,17379.000000,9097.000000,45175.000000
12008.000000,17415.000000,9084.000000,45144.000000
12012.000000,17410.000000,9126.000000,45174.000000
12012.000000,17385.000000,9096.000000,45160.000000
12011.000000,17421.000000,9085.000000,45157.000000
12015.000000,17395.000000,9084.000000,45180.000000
12016.000000,17395.000000,9076.000000,45165.000000
12026.000000,17399.000000,9109.000000,45176.000000
12008.000000,17371.000000,9092.000000,45141.000000
11996.000000,17408.000000,9071.000000,45155.000000
11961.000000,17376.000000,9057.000000,45122.000000
11962.000000,17373.000000,9079.000000,45140.000000
11980.000000,17357.000000,9054.000000,45147.000000
11952.000000,17355.000000,9043.000000,45101.000000
11944.000000,17335.000000,9041.000000,45125.000000
11936.000000,17319.000000,9063.000000,45130.000000
11947.000000,17335.000000,9005.000000,45118.000000
11932.000000,17340.000000,9008.000000,45130.000000
11943.000000,17359.000000,8995.000000,45116.000000
11910.000000,17305.000000,9006.000000,45099.000000
11936.000000,17336.000000,9026.000000,45138.000000
11890.000000,17287.000000,8977.000000,45082.000000
11893.000000,17320.000000,8982.000000,45087.000000
11882.000000,17324.000000,8999.000000,45107.000000
11884.000000,17304.000000,8941.000000,45060.000000
11882.000000,17287.000000,8999.000000,45086.000000
11879.000000,17276.000000,8951.000000,45055.000000
11853.000000,17291.000000,8972.000000,45083.000000
11808.000000,17309.000000,8944.000000,45060.000000
11825.000000,17287.000000,8940.000000,45075.000000
11837.000000,17236.000000,8943.000000,45061.000000
11838.000000,17219.000000,8933.000000,45056.000000
11807.000000,17251.000000,8941.000000,45055.000000
11777.000000,17219.000000,8881.000000,45028.000000
11807.000000,17231.000000,8880.000000,45021.000000
11772.000000,17215.000000,8883.000000,45055.000000
11762.000000,17199.000000,8860.000000,45019.000000
11751.000000,17230.000000,8874.000000,45029.000000
11756.000000,17188.000000,8854.000000,45005.000000
11746.000000,17179.000000,8838.000000,45015.000000
11740.000000,17211.000000,8852.000000,45028.000000
11732.000000,17169.000000,8844.000000,44989.000000
11692.000000,17170.000000,8809.000000,45017.000000
11699.000000,17168.000000,8830.000000,45017.000000
11677.000000,17149.000000,8791.000000,44980.000000
11665.000000,17151.000000,8806.000000,44989.000000
11675.000000,17161.000000,8835.000000,44972.000000
11630.000000,17134.000000,8780.000000,44959.000000
11668.000000,17143.000000,8790.000000,44983.000000
11634.000000,17134.000000,8781.000000,44978.000000
11632.000000,17119.000000,8742.000000,44943.000000
11627.000000,17131.000000,8758.000000,44963.000000
11605.000000,17103.000000,8726.000000,44955.000000
11629.000000,17105.000000,8741.000000,44964.000000
11625.000000,17104.000000,8762.000000,44956.000000
11596.000000,17081.000000,8729.000000,44933.000000
11596.000000,17096.000000,8725.000000,44930.000000
11601.000000,17110.000000,8736.000000,44947.000000
11562.000000,17057.000000,8746.000000,44921.000000
11584.000000,17100.000000,8722.000000,44920.000000
11578.000000,17057.000000,8720.000000,44927.000000
11561.000000,17083.000000,8717.000000,44935.000000
11569.000000,17071.000000,8743.000000,44915.000000
11559.000000,17074.000000,8709.000000,44921.000000
11587.000000,17082.000000,8714.000000,44930.000000
11548.000000,17078.000000,8698.000000,44902.000000
11586.000000,17073.000000,8709.000000,44921.000000
11543.000000,17075.000000,8670.000000,44920.000000
11583.000000,17060.000000,8705.000000,44905.000000
11561.000000,17069.000000,8700.000000,44911.000000
11573.000000,17061.000000,8707.000000,44888.000000
11551.000000,17090.000000,8701.000000,44934.000000
11531.000000,17056.000000,8685.000000,44904.000000
11537.000000,17293.000000,8700.000000,44897.000000
11530.000000,17056.000000,8700.000000,44916.000000
11512.000000,17016.000000,8669.000000,44848.000000
11512.000000,17043.000000,8672.000000,44892.000000
11520.000000,17016.000000,8656.000000,44919.000000
11491.000000,17001.000000,8629.000000,44890.000000
11503.000000,17013.000000,8651.000000,44887.000000
11524.000000,17023.000000,8652.000000,44905.000000
11453.000000,17016.000000,8618.000000,44868.000000
11472.000000,17020.000000,8635.000000,44898.000000
11489.000000,17007.000000,8642.000000,44887.000000
11503.000000,17008.000000,8657.000000,44891.000000
11506.000000,17006.000000,8650.000000,44904.000000
11487.000000,17016.000000,8634.000000,44919.000000
11519.000000,17004.000000,8638.000000,44897.000000
11562.000000,17024.000000,8671.000000,44922.000000
11508.000000,17031.000000,8643.000000,44906.000000
11489.000000,17032.000000,8696.000000,44905.000000
11520.000000,17038.000000,8672.000000,44905.000000
11499.000000,17068.000000,8665.000000,44931.000000
11505.000000,17037.000000,8709.000000,44919.000000
11500.000000,17299.000000,8700.000000,44933.000000
11539.000000,17060.000000,8714.000000,44951.000000
11533.000000,17057.000000,8742.000000,44943.000000
11544.000000,17060.000000,8703.000000,44949.000000
11535.000000,17072.000000,8727.000000,44960.000000
11553.000000,17075.000000,8731.000000,44962.000000
11566.000000,17324.000000,8771.000000,44954.000000
11597.000000,17091.000000,8787.000000,44966.000000
11618.000000,17092.000000,8758.000000,44976.000000
11626.000000,17105.000000,8802.000000,45011.000000
11620.000000,17145.000000,8817.000000,44999.000000
11653.000000,17131.000000,8859.000000,45023.000000
11659.000000,17157.000000,8867.000000,45012.000000
11694.000000,17135.000000,8888.000000,45027.000000
11709.000000,17175.000000,8892.000000,45030.000000
11767.000000,17211.000000,8927.000000,45084.000000
11784.000000,17216.000000,8941.000000,45065.000000
11789.000000,17245.000000,8977.000000,45113.000000
11822.000000,17280.000000,9015.000000,45099.000000
11883.000000,17268.000000,9033.000000,45120.000000
11851.000000,17311.000000,9023.000000,45117.000000
11880.000000,17303.000000,9062.000000,45167.000000
11933.000000,17360.000000,9062.000000,45157.000000
11928.000000,17367.000000,9106.000000,45155.000000
11988.000000,17414.000000,9133.000000,45211.000000
11975.000000,17408.000000,9157.000000,45188.000000
11981.000000,17403.000000,9146.000000,45172.000000
12003.000000,17434.000000,9165.000000,45194.000000
12009.000000,17401.000000,9172.000000,45196.000000
12046.000000,17428.000000,9167.000000,45225.000000
12051.000000,17432.000000,9192.000000,45210.000000
12040.000000,17388.000000,9160.000000,45209.000000
12015.000000,17408.000000,9195.000000,45205.000000
12018.000000,17429.000000,9170.000000,45186.000000
12027.000000,17416.000000,9162.000000,45202.000000
12008.000000,17428.000000,9176.000000,45203.000000
11979.000000,17385.000000,9151.000000,45202.000000
12007.000000,17424.000000,9154.000000,45215.000000
11967.000000,17393.000000,9170.000000,45167.000000
11960.000000,17364.000000,9137.000000,45162.000000
11981.000000,17383.000000,9127.000000,45152.000000
11970.000000,17383.000000,9122.000000,45170.000000
11961.000000,17371.000000,9119.000000,45174.000000
11936.000000,17360.000000,9096.000000,45171.000000
11919.000000,17364.000000,9098.000000,45158.000000
11944.000000,17367.000000,9103.000000,45186.000000
11941.000000,17327.000000,9092.000000,45157.000000
11942.000000,17373.000000,9106.000000,45157.000000
11961.000000,17376.000000,9079.000000,45169.000000
11954.000000,17341.000000,9076.000000,45157.000000
11958.000000,17375.000000,9105.000000,45143.000000
11906.000000,17334.000000,9045.000000,45133.000000
11961.000000,17345.000000,9076.000000,45162.000000
11904.000000,17343.000000,9062.000000,45148.000000
11930.000000,17335.000000,9027.000000,45141.000000
11905.000000,17332.000000,9035.000000,45148.000000
11903.000000,17319.000000,9025.000000,45132.000000
11905.000000,17295.000000,9052.000000,45107.000000
11873.000000,17304.000000,9020.000000,45114.000000
11895.000000,17308.000000,9048.000000,45122.000000
11881.000000,17275.000000,8993.000000,45115.000000
11887.000000,17323.000000,9028.000000,45102.000000
11853.000000,17288.000000,8988.000000,45094.000000
11847.000000,17288.000000,9004.000000,45114.000000
11862.000000,17277.000000,8965.000000,45118.000000
11809.000000,17279.000000,8994.000000,45102.000000
11821.000000,17281.000000,8966.000000,45095.000000
11838.000000,17269.000000,8981.000000,45108.000000
11825.000000,17275.000000,8981.000000,45103.000000
11815.000000,17235.000000,8941.000000,45053.000000
11830.000000,17241.000000,8947.000000,45102.000000
11815.000000,17251.000000,8936.000000,45075.000000
11774.000000,17209.000000,8953.000000,45069.000000
11780.000000,17251.000000,8927.000000,45099.000000
11774.000000,17227.000000,8921.000000,45045.000000
11790.000000,17200.000000,8944.000000,45069.000000
11765.000000,17212.000000,8937.000000,45063.000000
11719.000000,17194.000000,8902.000000,45040.000000
11730.000000,17199.000000,8915.000000,45029.000000
11718.000000,17155.000000,8873.000000,45047.000000
11732.000000,17167.000000,8875.000000,45044.000000
11697.000000,17161.000000,8872.000000,45036.000000
11736.000000,17163.000000,8853.000000,44999.000000
11716.000000,17155.000000,8871.000000,45024.000000
11731.000000,17162.000000,8847.000000,45017.000000
11723.000000,17175.000000,8846.000000,45023.000000
11718.000000,17142.000000,8843.000000,45036.000000
11669.000000,17167.000000,8834.000000,44972.000000
11732.000000,17147.000000,8844.000000,45035.000000
11681.000000,17132.000000,8834.000000,44996.000000
11723.000000,17186.000000,8851.000000,45000.000000
11686.000000,17142.000000,8815.000000,45021.000000
11679.000000,17138.000000,8844.000000,44985.000000
11699.000000,17187.000000,8843.000000,45000.000000
11711.000000,17155.000000,8796.000000,44989.000000
11704.000000,17156.000000,8796.000000,44999.000000
11706.000000,17163.000000,8838.000000,44990.000000
11686.000000,17115.000000,8817.000000,44993.000000
11675.000000,17114.000000,8807.000000,45009.000000
11681.000000,17099.000000,8771.000000,44987.000000
11664.000000,17121.000000,8754.000000,44987.000000
11648.000000,17141.000000,8775.000000,44996.000000
11607.000000,17077.000000,8770.000000,44973.000000
11616.000000,17120.000000,8776.000000,44992.000000
11615.000000,17072.000000,8723.000000,44950.000000
11642.000000,17058.000000,8766.000000,44960.000000
11615.000000,17149.000000,8764.000000,44979.000000
11639.000000,17098.000000,8785.000000,44992.000000
11644.000000,17117.000000,8779.000000,44978.000000
11661.000000,17106.000000,8803.000000,45007.000000
11681.000000,17136.000000,8814.000000,45011.000000
11648.000000,17116.000000,8831.000000,45007.000000
11693.000000,17163.000000,8804.000000,45019.000000
11696.000000,17116.000000,8837.000000,45048.000000
11722.000000,17164.000000,8832.000000,45009.000000
11732.000000,17156.000000,8853.000000,45023.000000
11717.000000,17153.000000,8844.000000,45029.000000
11730.000000,17160.000000,8878.000000,45024.000000
11763.000000,17187.000000,8901.000000,45073.000000
11756.000000,17211.000000,8896.000000,45039.000000
11786.000000,17204.000000,8910.000000,45077.000000
11809.000000,17204.000000,8942.000000,45096.000000
11784.000000,17197.000000,8946.000000,45074.000000
11829.000000,17213.000000,8961.000000,45112.000000
11858.000000,17267.000000,8996.000000,45120.000000
11837.000000,17232.000000,8982.000000,45134.000000
11876.000000,17287.000000,9031.000000,45139.000000
11871.000000,17305.000000,9077.000000,45166.000000
11901.000000,17301.000000,9084.000000,45190.000000
11948.000000,17379.000000,9116.000000,45222.000000
12002.000000,17328.000000,9126.000000,45190.000000
11987.000000,17379.000000,9163.000000,45221.000000
12026.000000,17375.000000,9167.000000,45209.000000
12043.000000,17379.000000,9204.000000,45214.000000
12105.000000,17440.000000,9252.000000,45263.000000
12106.000000,17453.000000,9219.000000,45269.000000
12098.000000,17439.000000,9235.000000,45267.000000
12156.000000,17474.000000,9263.000000,45291.000000
12147.000000,17483.000000,9302.000000,45309.000000
12156.000000,17504.000000,9272.000000,45308.000000
12221.000000,17509.000000,9325.000000,45305.000000
12183.000000,17513.000000,9353.000000,45323.000000
12207.000000,17547.000000,9296.000000,45317.000000
12251.000000,17544.000000,9330.000000,45322.000000
12220.000000,17540.000000,9329.000000,45327.000000
12198.000000,17534.000000,9324.000000,45325.000000
12214.000000,17523.000000,9301.000000,45315.000000
12207.000000,17519.000000,9290.000000,45292.000000
12216.000000,17551.000000,9298.000000,45317.000000
12202.000000,17470.000000,9290.000000,45284.000000
12214.000000,17518.000000,9276.000000,45289.000000
12177.000000,17517.000000,9275.000000,45315.000000
12199.000000,17474.000000,9273.000000,45264.000000
12208.000000,17478.000000,9297.000000,45290.000000
12174.000000,17488.000000,9261.000000,45273.000000
12165.000000,17484.000000,9257.000000,45249.000000
12166.000000,17464.000000,9266.000000,45285.000000
12136.000000,17467.000000,9250.000000,45243.000000
12157.000000,17480.000000,9268.000000,45279.000000
12144.000000,17455.000000,9238.000000,45258.000000
12142.000000,17470.000000,9254.000000,45259.000000
12122.000000,17440.000000,9214.000000,45245.000000
12113.000000,17459.000000,9210.000000,45265.000000
12123.000000,17431.000000,9230.000000,45221.000000
12133.000000,17425.000000,9212.000000,45249.000000
12089.000000,17423.000000,9201.000000,45224.000000
12091.000000,17405.000000,9184.000000,45241.000000
12085.000000,17410.000000,9188.000000,45245.000000
12059.000000,17396.000000,9165.000000,45215.000000
12080.000000,17382.000000,9184.000000,45244.000000
12068.000000,17447.000000,9165.000000,45215.000000
12054.000000,17400.000000,9149.000000,45190.000000
12055.000000,17383.000000,9143.000000,45215.000000
12058.000000,17380.000000,9155.000000,45232.000000
12058.000000,17363.000000,9112.000000,45192.000000
12053.000000,17397.000000,9130.000000,45231.000000
12057.000000,17373.000000,9128.000000,45198.000000
12009.000000,17391.000000,9146.000000,45194.000000
12039.000000,17379.000000,9103.000000,45176.000000
12009.000000,17345.000000,9097.000000,45186.000000
12028.000000,17348.000000,9082.000000,45181.000000
12011.000000,17330.000000,9087.000000,45165.000000
12008.000000,17369.000000,9123.000000,45194.000000
12027.000000,17353.000000,9082.000000,45168.000000
11976.000000,17350.000000,9022.000000,45172.000000
12012.000000,17353.000000,9060.000000,45174.000000
12005.000000,17319.000000,9032.000000,45144.000000
11977.000000,17271.000000,9067.000000,45153.000000
11961.000000,17291.000000,9047.000000,45148.000000
11960.000000,17327.000000,9041.000000,45178.000000
11944.000000,17320.000000,9053.000000,45150.000000
11948.000000,17315.000000,9052.000000,45141.000000
11992.000000,17303.000000,9033.000000,45171.000000
11952.000000,17292.000000,9001.000000,45139.000000
11962.000000,17319.000000,9007.000000,45131.000000
11939.000000,17311.000000,9030.000000,45148.000000
11952.000000,17291.000000,9031.000000,45151.000000
12216.000000,17278.000000,9021.000000,45156.000000
11905.000000,17279.000000,9005.000000,45131.000000
11943.000000,17264.000000,9017.000000,45108.000000
11942.000000,17276.000000,9027.000000,45133.000000
11922.000000,17261.000000,8985.000000,45133.000000
11924.000000,17271.000000,8997.000000,45110.000000
11886.000000,17272.000000,8989.000000,45131.000000
11934.000000,17239.000000,9006.000000,45100.000000
11903.000000,17249.000000,8989.000000,45140.000000
11898.000000,17248.000000,8984.000000,45097.000000
11860.000000,17270.000000,8944.000000,45116.000000
11897.000000,17263.000000,8985.000000,45119.000000
11915.000000,17263.000000,8988.000000,45135.000000
11893.000000,17235.000000,8945.000000,45104.000000
11891.000000,17280.000000,8930.000000,45117.000000
11899.000000,17260.000000,8956.000000,45106.000000
11894.000000,17229.000000,8951.000000,45102.000000
11907.000000,17263.000000,8953.000000,45116.000000
11896.000000,17223.000000,8954.000000,45086.000000
11881.000000,17239.000000,8962.000000,45088.000000
11907.000000,17243.000000,8939.000000,45094.000000
11868.000000,17217.000000,8930.000000,45087.000000
11858.000000,17236.000000,8892.000000,45070.000000
11878.000000,17217.000000,8937.000000,45095.000000
11843.000000,17217.000000,8920.000000,45086.000000
11845.000000,17211.000000,8935.000000,45087.000000
11863.000000,17207.000000,8933.000000,45084.000000
11850.000000,17189.000000,8899.000000,45083.000000
11851.000000,17224.000000,8924.000000,45085.000000
11863.000000,17227.000000,8939.000000,45111.000000
11838.000000,17179.000000,8939.000000,45102.000000
11885.000000,17227.000000,8935.000000,45118.000000
11877.000000,17217.000000,8915.000000,45107.000000
11854.000000,17180.000000,8922.000000,45073.000000
11889.000000,17244.000000,8958.000000,45137.000000
11887.000000,17225.000000,8973.000000,45118.000000
11902.000000,17267.000000,8978.000000,45136.000000
11935.000000,17244.000000,8990.000000,45096.000000
11927.000000,17243.000000,8995.000000,45103.000000
11933.000000,17253.000000,8979.000000,45146.000000
11930.000000,17259.000000,9018.000000,45143.000000
11922.000000,17268.000000,9023.000000,45161.000000
12216.000000,17294.000000,9043.000000,45175.000000
11961.000000,17295.000000,9037.000000,45155.000000
11937.000000,17297.000000,9045.000000,45159.000000
11961.000000,17280.000000,9063.000000,45193.000000
11983.000000,17288.000000,9072.000000,45166.000000
12015.000000,17287.000000,9082.000000,45176.000000
11997.000000,17347.000000,9088.000000,45193.000000
12024.000000,17364.000000,9098.000000,45210.000000
12032.000000,17335.000000,9110.000000,45188.000000
12077.000000,17351.000000,9167.000000,45240.000000
12081.000000,17364.000000,9123.000000,45245.000000
12135.000000,17407.000000,9179.000000,45255.000000
12140.000000,17418.000000,9182.000000,45261.000000
12145.000000,17418.000000,9240.000000,45289.000000
12208.000000,17451.000000,9261.000000,45282.000000
12211.000000,17473.000000,9271.000000,45299.000000
12278.000000,17476.000000,9272.000000,45324.000000
12273.000000,17534.000000,9360.000000,45320.000000
12305.000000,17525.000000,9342.000000,45343.000000
12331.000000,17551.000000,9360.000000,45372.000000
12383.000000,17611.000000,9387.000000,45373.000000
12386.000000,17629.000000,9402.000000,45354.000000
12429.000000,17656.000000,9430.000000,45417.000000
12414.000000,17615.000000,9441.000000,45383.000000
12410.000000,17619.000000,9448.000000,45427.000000
12443.000000,17655.000000,9507.000000,45424.000000
12448.000000,17670.000000,9467.000000,45408.000000
12444.000000,17653.000000,9449.000000,45421.000000
12463.000000,17645.000000,9460.000000,45439.000000
12418.000000,17679.000000,9468.000000,45387.000000
12457.000000,17638.000000,9466.000000,45424.000000
12453.000000,17635.000000,9434.000000,45394.000000
12424.000000,17633.000000,9435.000000,45400.000000
12431.000000,17629.000000,9458.000000,45376.000000
12420.000000,17632.000000,9465.000000,45397.000000
12422.000000,17628.000000,9445.000000,45385.000000
12445.000000,17621.000000,9412.000000,45401.000000
12364.000000,17596.000000,9401.000000,45369.000000
12419.000000,17583.000000,9413.000000,45366.000000
12371.000000,17616.000000,9396.000000,45394.000000
12380.000000,17581.000000,9402.000000,45355.000000
12396.000000,17610.000000,9387.000000,45357.000000
12377.000000,17585.000000,9403.000000,45364.000000
12370.000000,17610.000000,9388.000000,45353.000000
12366.000000,17574.000000,9382.000000,45333.000000
12370.000000,17551.000000,9385.000000,45367.000000
12373.000000,17580.000000,9368.000000,45339.000000
12405.000000,17560.000000,9366.000000,45337.000000
12327.000000,17575.000000,9360.000000,45361.000000
12364.000000,17579.000000,9357.000000,45343.000000
12351.000000,17556.000000,9319.000000,45337.000000
12337.000000,17576.000000,9372.000000,45345.000000
12357.000000,17561.000000,9360.000000,45319.000000
12342.000000,17562.000000,9336.000000,45306.000000
12339.000000,17532.000000,9304.000000,45320.000000
12340.000000,17520.000000,9327.000000,45319.000000
12336.000000,17536.000000,9310.000000,45327.000000
12329.000000,17534.000000,9284.000000,45302.000000
12324.000000,17533.000000,9282.000000,45324.000000
12335.000000,17524.000000,9286.000000,45287.000000
12338.000000,17546.000000,9312.000000,45306.000000
12296.000000,17516.000000,9284.000000,45313.000000
12316.000000,17515.000000,9268.000000,45312.000000
12275.000000,17506.000000,9273.000000,45299.000000
12281.000000,17497.000000,9265.000000,45301.000000
12267.000000,17484.000000,9295.000000,45263.000000
12255.000000,17506.000000,9288.000000,45280.000000
12266.000000,17507.000000,9260.000000,45262.000000
12260.000000,17483.000000,9252.000000,45299.000000
12265.000000,17494.000000,9230.000000,45296.000000
12264.000000,17448.000000,9220.000000,45257.000000
12265.000000,17464.000000,9208.000000,45242.000000
12231.000000,17479.000000,9212.000000,45279.000000
12214.000000,17474.000000,9187.000000,45262.000000
12255.000000,17445.000000,9208.000000,45268.000000
12222.000000,17432.000000,9216.000000,45241.000000
12217.000000,17452.000000,9198.000000,45271.000000
12213.000000,17444.000000,9200.000000,45227.000000
12199.000000,17413.000000,9164.000000,45249.000000
12166.000000,17433.000000,9167.000000,45253.000000
12175.000000,17434.000000,9171.000000,45257.000000
12221.000000,17427.000000,9161.000000,45263.000000
12182.000000,17401.000000,9175.000000,45239.000000
12159.000000,17388.000000,9144.000000,45214.000000
12183.000000,17403.000000,9151.000000,45248.000000
12163.000000,17397.000000,9154.000000,45202.000000
12153.000000,17443.000000,9166.000000,45207.000000
12137.000000,17410.000000,9140.000000,45219.000000
12149.000000,17375.000000,9138.000000,45203.000000
12159.000000,17416.000000,9160.000000,45237.000000
12152.000000,17383.000000,9144.000000,45226.000000
12155.000000,17382.000000,9099.000000,45196.000000
12174.000000,17389.000000,9150.000000,45249.000000
12173.000000,17409.000000,9146.000000,45214.000000
12190.000000,17415.000000,9147.000000,45235.000000
12178.000000,17400.000000,9125.000000,45205.000000
12161.000000,17412.000000,9130.000000,45221.000000
12181.000000,17395.000000,9153.000000,45191.000000
12148.000000,17389.000000,9116.000000,45208.000000
12138.000000,17407.000000,9120.000000,45194.000000
12159.000000,17355.000000,9144.000000,45215.000000
12144.000000,17377.000000,9091.000000,45184.000000
12126.000000,17357.000000,9080.000000,45188.000000
12138.000000,17347.000000,9081.000000,45189.000000
12107.000000,17376.000000,9074.000000,45191.000000
12110.000000,17367.000000,9083.000000,45212.000000
12081.000000,17336.000000,9071.000000,45198.000000
12107.000000,17357.000000,9067.000000,45176.000000
12070.000000,17325.000000,9080.000000,45189.000000
12093.000000,17323.000000,9054.000000,45197.000000
12088.000000,17325.000000,9060.000000,45175.000000
12093.000000,17339.000000,9043.000000,45182.000000
12095.000000,17325.000000,9017.000000,45176.000000
12095.000000,17313.000000,9078.000000,45179.000000
12091.000000,17359.000000,9092.000000,45192.000000
12129.000000,17339.000000,9038.000000,45170.000000
12109.000000,17337.000000,9097.000000,45211.000000
12071.000000,17327.000000,9067.000000,45236.000000
12133.000000,17341.000000,9101.000000,45190.000000
12141.000000,17367.000000,9094.000000,45195.000000
12107.000000,17367.000000,9150.000000,45215.000000
12147.000000,17400.000000,9109.000000,45226.000000
12151.000000,17372.000000,9151.000000,45241.000000
12152.000000,17361.000000,9141.000000,45214.000000
12190.000000,17400.000000,9185.000000,45258.000000
12189.000000,17373.000000,9136.000000,45229.000000
12186.000000,17402.000000,9168.000000,45220.000000
12206.000000,17422.000000,9165.000000,45271.000000
12191.000000,17409.000000,9192.000000,45263.000000
12201.000000,17397.000000,9184.000000,45269.000000
12226.000000,17426.000000,9235.000000,45296.000000
12251.000000,17435.000000,9252.000000,45306.000000
12259.000000,17435.000000,9244.000000,45289.000000
12302.000000,17498.000000,9314.000000,45295.000000
12317.000000,17475.000000,9278.000000,45304.000000
12343.000000,17512.000000,9312.000000,45315.000000
12346.000000,17525.000000,9313.000000,45349.000000
12364.000000,17524.000000,9339.000000,45345.000000
12401.000000,17551.000000,9356.000000,45363.000000
12424.000000,17573.000000,9399.000000,45385.000000
12453.000000,17587.000000,9419.000000,45384.000000
12514.000000,17650.000000,9462.000000,45393.000000
12521.000000,17626.000000,9491.000000,45442.000000
12540.000000,17651.000000,9484.000000,45417.000000
12572.000000,17681.000000,9537.000000,45456.000000
12578.000000,17719.000000,9518.000000,45447.000000
12613.000000,17705.000000,9591.000000,45504.000000
12645.000000,17724.000000,9562.000000,45521.000000
12615.000000,17743.000000,9595.000000,45502.000000
12649.000000,17747.000000,9571.000000,45473.000000
12634.000000,17743.000000,9604.000000,45503.000000
12650.000000,17723.000000,9600.000000,45505.000000
12648.000000,17744.000000,9614.000000,45495.000000
12659.000000,17747.000000,9594.000000,45511.000000
12637.000000,17747.000000,9597.000000,45492.000000
12651.000000,17757.000000,9591.000000,45489.000000
12630.000000,17715.000000,9588.000000,45478.000000
12626.000000,17695.000000,9551.000000,45470.000000
12635.000000,17735.000000,9553.000000,45490.000000
12633.000000,17715.000000,9610.000000,45468.000000
12625.000000,17713.000000,9566.000000,45467.000000
12613.000000,17719.000000,9530.000000,45471.000000
12575.000000,17691.000000,9545.000000,45444.000000
12623.000000,17788.000000,9558.000000,45483.000000
12613.000000,17703.000000,9557.000000,45440.000000
12621.000000,17724.000000,9527.000000,45463.000000
12595.000000,17687.000000,9539.000000,45471.000000
12603.000000,17692.000000,9530.000000,45478.000000
12592.000000,17691.000000,9525.000000,45475.000000
12591.000000,17681.000000,9525.000000,45461.000000
12594.000000,17687.000000,9480.000000,45432.000000
12605.000000,17686.000000,9502.000000,45447.000000
12572.000000,17695.000000,9506.000000,45451.000000
12584.000000,17658.000000,9509.000000,45413.000000
12597.000000,17671.000000,9491.000000,45415.000000
12602.000000,17654.000000,9474.000000,45435.000000
12600.000000,17693.000000,9455.000000,45438.000000
12591.000000,17715.000000,9498.000000,45437.000000
12561.000000,17673.000000,9454.000000,45415.000000
12546.000000,17630.000000,9467.000000,45437.000000
12539.000000,17676.000000,9463.000000,45451.000000
12550.000000,17673.000000,9438.000000,45389.000000
12551.000000,17632.000000,9452.000000,45405.000000
12569.000000,17649.000000,9450.000000,45425.000000
12548.000000,17608.000000,9451.000000,45398.000000
12537.000000,17640.000000,9468.000000,45388.000000
12502.000000,17628.000000,9415.000000,45391.000000
12592.000000,17626.000000,9416.000000,45409.000000
12519.000000,17647.000000,9419.000000,45409.000000
12546.000000,17632.000000,9397.000000,45395.000000
12553.000000,17604.000000,9377.000000,45385.000000
12517.000000,17626.000000,9402.000000,45411.000000
12522.000000,17613.000000,9396.000000,45372.000000
12491.000000,17609.000000,9389.000000,45408.000000
12446.000000,17586.000000,9386.000000,45364.000000
12494.000000,17573.000000,9375.000000,45364.000000
12436.000000,17574.000000,9381.000000,45374.000000
12463.000000,17549.000000,9358.000000,45364.000000
12415.000000,17573.000000,9336.000000,45343.000000
12434.000000,17573.000000,9338.000000,45343.000000
12422.000000,17520.000000,9319.000000,45348.000000
12419.000000,17543.000000,9327.000000,45353.000000
12386.000000,17526.000000,9295.000000,45348.000000
12405.000000,17533.000000,9297.000000,45307.000000
12417.000000,17528.000000,9307.000000,45339.000000
12408.000000,17545.000000,9302.000000,45360.000000
12399.000000,17519.000000,9307.000000,45323.000000
12406.000000,17565.000000,9320.000000,45336.000000
12432.000000,17518.000000,9272.000000,45339.000000
12409.000000,17482.000000,9281.000000,45293.000000
12415.000000,17532.000000,9304.000000,45309.000000
12475.000000,17525.000000,9306.000000,45335.000000
12408.000000,17526.000000,9274.000000,45319.000000
12436.000000,17526.000000,9288.000000,45355.000000
12420.000000,17525.000000,9315.000000,45349.000000
12407.000000,17523.000000,9264.000000,45302.000000
12425.000000,17517.000000,9273.000000,45307.000000
12392.000000,17507.000000,9275.000000,45324.000000
12422.000000,17508.000000,9256.000000,45328.000000
12389.000000,17497.000000,9289.000000,45307.000000
12392.000000,17488.000000,9282.000000,45309.000000
12407.000000,17489.000000,9287.000000,45290.000000
12405.000000,17497.000000,9279.000000,45325.000000
12376.000000,17470.000000,9283.000000,45309.000000
12381.000000,17464.000000,9270.000000,45307.000000
12347.000000,17480.000000,9229.000000,45292.000000
12387.000000,17459.000000,9269.000000,45312.000000
12365.000000,17487.000000,9222.000000,45272.000000
12345.000000,17440.000000,9204.000000,45310.000000
12326.000000,17489.000000,9229.000000,45330.000000
12309.000000,17466.000000,9221.000000,45301.000000
12303.000000,17441.000000,9197.000000,45294.000000
12329.000000,17436.000000,9210.000000,45285.000000
12285.000000,17405.000000,9184.000000,45289.000000
12291.000000,17434.000000,9165.000000,45284.000000
12236.000000,17454.000000,9180.000000,45279.000000
12300.000000,17407.000000,9197.000000,45283.000000
12309.000000,17418.000000,9202.000000,45270.000000
12279.000000,17418.000000,9176.000000,45276.000000
12274.000000,17421.000000,9209.000000,45265.000000
12320.000000,17417.000000,9186.000000,45274.000000
12321.000000,17435.000000,9215.000000,45279.000000
12345.000000,17455.000000,9197.000000,45298.000000
12313.000000,17415.000000,9213.000000,45290.000000
12347.000000,17459.000000,9222.000000,45289.000000
12355.000000,17453.000000,9215.000000,45316.000000
12353.000000,17450.000000,9223.000000,45299.000000
12351.000000,17476.000000,9247.000000,45320.000000
12324.000000,17433.000000,9243.000000,45294.000000
12353.000000,17488.000000,9279.000000,45309.000000
12357.000000,17470.000000,9242.000000,45327.000000
12349.000000,17486.000000,9262.000000,45339.000000
12378.000000,17487.000000,9293.000000,45320.000000
12380.000000,17464.000000,9276.000000,45339.000000
12398.000000,17490.000000,9297.000000,45356.000000
12398.000000,17498.000000,9309.000000,45309.000000
12412.000000,17495.000000,9306.000000,45372.000000
12436.000000,17531.000000,9370.000000,45348.000000
12402.000000,17504.000000,9348.000000,45383.000000
12423.000000,17513.000000,9369.000000,45362.000000
12476.000000,17568.000000,9386.000000,45407.000000
12523.000000,17549.000000,9418.000000,45403.000000
12528.000000,17579.000000,9433.000000,45413.000000
12540.000000,17573.000000,9444.000000,45420.000000
12558.000000,17640.000000,9479.000000,45421.000000
12593.000000,17649.000000,9484.000000,45455.000000
12623.000000,17645.000000,9508.000000,45456.000000
12670.000000,17705.000000,9525.000000,45463.000000
12699.000000,17715.000000,9570.000000,45509.000000
12721.000000,17713.000000,9611.000000,45534.000000
12726.000000,17731.000000,9608.000000,45513.000000
12772.000000,17732.000000,9618.000000,45513.000000
12777.000000,17792.000000,9623.000000,45525.000000
12770.000000,17731.000000,9638.000000,45550.000000
12800.000000,17797.000000,9626.000000,45551.000000
12775.000000,17769.000000,9662.000000,45567.000000
12817.000000,17784.000000,9639.000000,45529.000000
12783.000000,17785.000000,9643.000000,45556.000000
12810.000000,17801.000000,9663.000000,45556.000000
12763.000000,17751.000000,9636.000000,45531.000000
12762.000000,17795.000000,9662.000000,45550.000000
12775.000000,17771.000000,9623.000000,45536.000000
12730.000000,17788.000000,9633.000000,45520.000000
12765.000000,17749.000000,9620.000000,45517.000000
12776.000000,17749.000000,9616.000000,45527.000000
12764.000000,17764.000000,9602.000000,45520.000000
12713.000000,17761.000000,9602.000000,45525.000000
12730.000000,17746.000000,9609.000000,45509.000000
12712.000000,17695.000000,9551.000000,45489.000000
12688.000000,17740.000000,9553.000000,45481.000000
12708.000000,17708.000000,9576.000000,45519.000000
12671.000000,17710.000000,9549.000000,45491.000000
12677.000000,17709.000000,9549.000000,45482.000000
12683.000000,17720.000000,9567.000000,45479.000000
12696.000000,17689.000000,9559.000000,45493.000000
12655.000000,17667.000000,9526.000000,45460.000000
12662.000000,17671.000000,9494.000000,45471.000000
12695.000000,17691.000000,9517.000000,45459.000000
12665.000000,17665.000000,9497.000000,45477.000000
12661.000000,17691.000000,9516.000000,45464.000000
12672.000000,17688.000000,9497.000000,45447.000000
12648.000000,17676.000000,9473.000000,45437.000000
12636.000000,17680.000000,9494.000000,45464.000000
12637.000000,17675.000000,9478.000000,45462.000000
12667.000000,17655.000000,9490.000000,45434.000000
12697.000000,17665.000000,9471.000000,45438.000000
12637.000000,17658.000000,9449.000000,45413.000000
12642.000000,17667.000000,9481.000000,45439.000000
12621.000000,17655.000000,9461.000000,45428.000000
12621.000000,17668.000000,9435.000000,45427.000000
12616.000000,17632.000000,9428.000000,45432.000000
12614.000000,17588.000000,9436.000000,45415.000000
12599.000000,17621.000000,9424.000000,45407.000000
12597.000000,17616.000000,9428.000000,45409.000000
12589.000000,17593.000000,9400.000000,45384.000000
12595.000000,17606.000000,9387.000000,45361.000000
12526.000000,17552.000000,9362.000000,45396.000000
12511.000000,17572.000000,9353.000000,45419.000000
12515.000000,17563.000000,9315.000000,45385.000000
12492.000000,17590.000000,9338.000000,45391.000000
12517.000000,17571.000000,9334.000000,45368.000000
12506.000000,17533.000000,9327.000000,45328.000000
12494.000000,17558.000000,9348.000000,45371.000000
12503.000000,17510.000000,9332.000000,45377.000000
12462.000000,17563.000000,9297.000000,45339.000000
12478.000000,17523.000000,9301.000000,45348.000000
12501.000000,17530.000000,9259.000000,45327.000000
12480.000000,17512.000000,9293.000000,45344.000000
12481.000000,17537.000000,9274.000000,45332.000000
12483.000000,17513.000000,9273.000000,45316.000000
12505.000000,17526.000000,9283.000000,45352.000000
12500.000000,17554.000000,9303.000000,45370.000000
12465.000000,17491.000000,9251.000000,45326.000000
12504.000000,17518.000000,9271.000000,45347.000000
12484.000000,17497.000000,9273.000000,45316.000000
12486.000000,17527.000000,9258.000000,45313.000000
12486.000000,17494.000000,9239.000000,45304.000000
12446.000000,17480.000000,9233.000000,45300.000000
12445.000000,17457.000000,9228.000000,45313.000000
12420.000000,17474.000000,9216.000000,45296.000000
12424.000000,17457.000000,9211.000000,45333.000000
12403.000000,17449.000000,9191.000000,45309.000000
12378.000000,17460.000000,9163.000000,45294.000000
12392.000000,17429.000000,9193.000000,45278.000000
12368.000000,17416.000000,9161.000000,45283.000000
12383.000000,17437.000000,9151.000000,45277.000000
12426.000000,17478.000000,9198.000000,45294.000000
12451.000000,17497.000000,9220.000000,45316.000000
12501.000000,17523.000000,9231.000000,45317.000000
12520.000000,17600.000000,9272.000000,45343.000000
12529.000000,17526.000000,9287.000000,45328.000000
12554.000000,17517.000000,9291.000000,45365.000000
12558.000000,17555.000000,9318.000000,45356.000000
12604.000000,17629.000000,9312.000000,45394.000000
12560.000000,17591.000000,9352.000000,45388.000000
12586.000000,17573.000000,9369.000000,45371.000000
12605.000000,17583.000000,9369.000000,45384.000000
12636.000000,17572.000000,9375.000000,45399.000000
12618.000000,17584.000000,9392.000000,45422.000000
12649.000000,17619.000000,9430.000000,45431.000000
12693.000000,17663.000000,9462.000000,45436.000000
12722.000000,17667.000000,9471.000000,45455.000000
12736.000000,17700.000000,9469.000000,45495.000000
12828.000000,17763.000000,9558.000000,45515.000000
12823.000000,17736.000000,9575.000000,45531.000000
12858.000000,17771.000000,9604.000000,45564.000000
12869.000000,17795.000000,9620.000000,45551.000000
12908.000000,17827.000000,9641.000000,45593.000000
12943.000000,17803.000000,9683.000000,45585.000000
12954.000000,17852.000000,9648.000000,45571.000000
12927.000000,17856.000000,9680.000000,45595.000000
12936.000000,17839.000000,9692.000000,45591.000000
12978.000000,17860.000000,9712.000000,45605.000000
12984.000000,17827.000000,9693.000000,45594.000000
12989.000000,17879.000000,9694.000000,45612.000000
12968.000000,17871.000000,9701.000000,45618.000000
12999.000000,17888.000000,9702.000000,45589.000000
12957.000000,17845.000000,9701.000000,45597.000000
12973.000000,17832.000000,9689.000000,45573.000000
12959.000000,17823.000000,9677.000000,45567.000000
12948.000000,17851.000000,9669.000000,45559.000000
12931.000000,17845.000000,9674.000000,45592.000000
12950.000000,17815.000000,9654.000000,45585.000000
12906.000000,17819.000000,9646.000000,45561.000000
12932.000000,17803.000000,9676.000000,45588.000000
12928.000000,17825.000000,9650.000000,45549.000000
12891.000000,17817.000000,9607.000000,45557.000000
12943.000000,17805.000000,9627.000000,45536.000000
12908.000000,17804.000000,9600.000000,45551.000000
12888.000000,17772.000000,9605.000000,45542.000000
12892.000000,17773.000000,9632.000000,45525.000000
12885.000000,17815.000000,9582.000000,45548.000000
12867.000000,17779.000000,9593.000000,45512.000000
12858.000000,17787.000000,9557.000000,45505.000000
12865.000000,17783.000000,9580.000000,45510.000000
12845.000000,17756.000000,9554.000000,45528.000000
12828.000000,17743.000000,9562.000000,45477.000000
12829.000000,17769.000000,9556.000000,45511.000000
12827.000000,17729.000000,9517.000000,45488.000000
12814.000000,17719.000000,9541.000000,45493.000000
12808.000000,17743.000000,9523.000000,45541.000000
12807.000000,17715.000000,9519.000000,45488.000000
12846.000000,17716.000000,9554.000000,45505.000000
12813.000000,17735.000000,9506.000000,45481.000000
12779.000000,17711.000000,9492.000000,45464.000000
12804.000000,17727.000000,9499.000000,45489.000000
12804.000000,17697.000000,9471.000000,45449.000000
12772.000000,17708.000000,9470.000000,45481.000000
12779.000000,17699.000000,9476.000000,45477.000000
12762.000000,17660.000000,9460.000000,45462.000000
12767.000000,17668.000000,9450.000000,45451.000000
12772.000000,17696.000000,9464.000000,45457.000000
12739.000000,17703.000000,9458.000000,45436.000000
12743.000000,17671.000000,9413.000000,45440.000000
12776.000000,17676.000000,9439.000000,45470.000000
12739.000000,17671.000000,9432.000000,45447.000000
12753.000000,17654.000000,9400.000000,45420.000000
12740.000000,17664.000000,9422.000000,45441.000000
12739.000000,17652.000000,9405.000000,45444.000000
12738.000000,17642.000000,9387.000000,45439.000000
12709.000000,17647.000000,9399.000000,45429.000000
12727.000000,17646.000000,9438.000000,45435.000000
12716.000000,17600.000000,9385.000000,45434.000000
12687.000000,17612.000000,9376.000000,45420.000000
12721.000000,17617.000000,9366.000000,45425.000000
12699.000000,17621.000000,9380.000000,45422.000000
12682.000000,17611.000000,9376.000000,45395.000000
12711.000000,17619.000000,9374.000000,45382.000000
12664.000000,17594.000000,9397.000000,45412.000000
12637.000000,17574.000000,9339.000000,45431.000000
12690.000000,17627.000000,9356.000000,45403.000000
12651.000000,17600.000000,9347.000000,45391.000000
12660.000000,17591.000000,9350.000000,45429.000000
12669.000000,17590.000000,9329.000000,45372.000000
12690.000000,17615.000000,9345.000000,45407.000000
12663.000000,17602.000000,9356.000000,45412.000000
12657.000000,17589.000000,9336.000000,45393.000000
12684.000000,17586.000000,9349.000000,45417.000000
12643.000000,17600.000000,9335.000000,45394.000000
12660.000000,17601.000000,9345.000000,45371.000000
12652.000000,17608.000000,9349.000000,45410.000000
12647.000000,17591.000000,9314.000000,45412.000000
12667.000000,17569.000000,9332.000000,45400.000000
12664.000000,17595.000000,9341.000000,45392.000000
12650.000000,17539.000000,9313.000000,45389.000000
12633.000000,17574.000000,9323.000000,45356.000000
12634.000000,17554.000000,9304.000000,45393.000000
12615.000000,17538.000000,9260.000000,45355.000000
12628.000000,17574.000000,9310.000000,45373.000000
12609.000000,17557.000000,9265.000000,45354.000000
12627.000000,17529.000000,9289.000000,45391.000000
12612.000000,17551.000000,9264.000000,45372.000000
12617.000000,17559.000000,9291.000000,45376.000000
12592.000000,17566.000000,9268.000000,45366.000000
12605.000000,17530.000000,9260.000000,45351.000000
12621.000000,17586.000000,9316.000000,45347.000000
12607.000000,17550.000000,9300.000000,45385.000000
12603.000000,17545.000000,9274.000000,45380.000000
12607.000000,17568.000000,9311.000000,45404.000000
12627.000000,17555.000000,9314.000000,45384.000000
12637.000000,17524.000000,9315.000000,45405.000000
12634.000000,17562.000000,9345.000000,45412.000000
12621.000000,17545.000000,9297.000000,45395.000000
12635.000000,17530.000000,9328.000000,45403.000000
12657.000000,17598.000000,9359.000000,45401.000000
12668.000000,17564.000000,9376.000000,45416.000000
12680.000000,17609.000000,9369.000000,45406.000000
12685.000000,17608.000000,9368.000000,45411.000000
12674.000000,17584.000000,9385.000000,45413.000000
12707.000000,17603.000000,9396.000000,45431.000000
12715.000000,17592.000000,9450.000000,45450.000000
12741.000000,17622.000000,9426.000000,45455.000000
12749.000000,17651.000000,9435.000000,45477.000000
12769.000000,17643.000000,9454.000000,45474.000000
12768.000000,17659.000000,9487.000000,45464.000000
12770.000000,17667.000000,9478.000000,45500.000000
12807.000000,17664.000000,9491.000000,45497.000000
12833.000000,17727.000000,9529.000000,45505.000000
12850.000000,17700.000000,9528.000000,45531.000000
12866.000000,17755.000000,9557.000000,45526.000000
12925.000000,17772.000000,9571.000000,45537.000000
12910.000000,17779.000000,9610.000000,45572.000000
12938.000000,17795.000000,9611.000000,45570.000000
12984.000000,17815.000000,9646.000000,45576.000000
12993.000000,17836.000000,9684.000000,45627.000000
13012.000000,17836.000000,9706.000000,45616.000000
13055.000000,17900.000000,9731.000000,45635.000000
13071.000000,17888.000000,9710.000000,45651.000000
13098.000000,17888.000000,9761.000000,45650.000000
13124.000000,17933.000000,9759.000000,45670.000000
13136.000000,17944.000000,9803.000000,45666.000000
13137.000000,17959.000000,9807.000000,45706.000000
13179.000000,17970.000000,9824.000000,45677.000000
13191.000000,18211.000000,9825.000000,45694.000000
13167.000000,17969.000000,9830.000000,45684.000000
13194.000000,18029.000000,9865.000000,45700.000000
13165.000000,17985.000000,9852.000000,45682.000000
13188.000000,17956.000000,9821.000000,45694.000000
13171.000000,17968.000000,9820.000000,45675.000000
13190.000000,17941.000000,9799.000000,45666.000000
13161.000000,17957.000000,9814.000000,45686.000000
13165.000000,17966.000000,9800.000000,45690.000000
13146.000000,17945.000000,9819.000000,45668.000000
13131.000000,17938.000000,9797.000000,45673.000000
13140.000000,17960.000000,9826.000000,45671.000000
13138.000000,17930.000000,9801.000000,45672.000000
13153.000000,17922.000000,9785.000000,45672.000000
13150.000000,17907.000000,9767.000000,45674.000000
13103.000000,17912.000000,9802.000000,45656.000000
13103.000000,17903.000000,9750.000000,45643.000000
13119.000000,17892.000000,9766.000000,45671.000000
13095.000000,18187.000000,9745.000000,45645.000000
13077.000000,17903.000000,9724.000000,45653.000000
13106.000000,17907.000000,9744.000000,45643.000000
13066.000000,17889.000000,9743.000000,45614.000000
13094.000000,17875.000000,9714.000000,45629.000000
13049.000000,17891.000000,9718.000000,45618.000000
13077.000000,17857.000000,9691.000000,45628.000000
13055.000000,17874.000000,9698.000000,45632.000000
13044.000000,17899.000000,9702.000000,45641.000000
13030.000000,17841.000000,9665.000000,45606.000000
13035.000000,17860.000000,9683.000000,45598.000000
13029.000000,17827.000000,9673.000000,45591.000000
13009.000000,17855.000000,9677.000000,45582.000000
13020.000000,17852.000000,9663.000000,45596.000000
13022.000000,17839.000000,9634.000000,45599.000000
13020.000000,17831.000000,9653.000000,45595.000000
13004.000000,17867.000000,9619.000000,45609.000000
13031.000000,17823.000000,9638.000000,45591.000000
12997.000000,17839.000000,9630.000000,45605.000000
13000.000000,17812.000000,9616.000000,45580.000000
13013.000000,17823.000000,9634.000000,45593.000000
13019.000000,17799.000000,9636.000000,45589.000000
12998.000000,17812.000000,9608.000000,45560.000000
12981.000000,17815.000000,9614.000000,45573.000000
12992.000000,17820.000000,9623.000000,45541.000000
13239.000000,17804.000000,9603.000000,45567.000000
12976.000000,17803.000000,9578.000000,45564.000000
12998.000000,17799.000000,9572.000000,45540.000000
12960.000000,17795.000000,9582.000000,45543.000000
12958.000000,17793.000000,9596.000000,45543.000000
12969.000000,17796.000000,9609.000000,45570.000000
12943.000000,17732.000000,9548.000000,45567.000000
12948.000000,17771.000000,9582.000000,45510.000000
12930.000000,17765.000000,9555.000000,45548.000000
12904.000000,17763.000000,9546.000000,45559.000000
12921.000000,17745.000000,9544.000000,45523.000000
12931.000000,17755.000000,9556.000000,45541.000000
12908.000000,17780.000000,9538.000000,45557.000000
12895.000000,17732.000000,9527.000000,45519.000000
12892.000000,17760.000000,9544.000000,45508.000000
12899.000000,17731.000000,9514.000000,45508.000000
12912.000000,17717.000000,9515.000000,45499.000000
12917.000000,17744.000000,9550.000000,45523.000000
12909.000000,17719.000000,9549.000000,45521.000000
12927.000000,17723.000000,9528.000000,45512.000000
12913.000000,17741.000000,9521.000000,45516.000000
12858.000000,17749.000000,9536.000000,45538.000000
12939.000000,17759.000000,9532.000000,45525.000000
12906.000000,17749.000000,9517.000000,45539.000000
12892.000000,17735.000000,9501.000000,45549.000000
12918.000000,17727.000000,9549.000000,45527.000000
12939.000000,17772.000000,9527.000000,45535.000000
12935.000000,17767.000000,9523.000000,45510.000000
12924.000000,17752.000000,9527.000000,45532.000000
12929.000000,17744.000000,9513.000000,45552.000000
12894.000000,17749.000000,9523.000000,45518.000000
12894.000000,17737.000000,9512.000000,45523.000000
12906.000000,17749.000000,9515.000000,45518.000000
12869.000000,17711.000000,9493.000000,45515.000000
12897.000000,17731.000000,9487.000000,45519.000000
12862.000000,17725.000000,9503.000000,45506.000000
12867.000000,17685.000000,9474.000000,45525.000000
12846.000000,17679.000000,9486.000000,45522.000000
12835.000000,17701.000000,9474.000000,45531.000000
12812.000000,17656.000000,9454.000000,45472.000000
12815.000000,17699.000000,9459.000000,45504.000000
12836.000000,17659.000000,9457.000000,45499.000000
13096.000000,17648.000000,9459.000000,45485.000000
12835.000000,17699.000000,9474.000000,45502.000000
12797.000000,17672.000000,9471.000000,45517.000000
12826.000000,17693.000000,9474.000000,45511.000000
12840.000000,17671.000000,9456.000000,45506.000000
12851.000000,17683.000000,9500.000000,45514.000000
12843.000000,17717.000000,9497.000000,45523.000000
12865.000000,17705.000000,9477.000000,45539.000000
12832.000000,17675.000000,9500.000000,45525.000000
12868.000000,17687.000000,9499.000000,45521.000000
12880.000000,17740.000000,9546.000000,45555.000000
12881.000000,17711.000000,9509.000000,45508.000000
12889.000000,17720.000000,9527.000000,45523.000000
12910.000000,17772.000000,9530.000000,45547.000000
12925.000000,17732.000000,9550.000000,45559.000000
12942.000000,17747.000000,9570.000000,45541.000000
12951.000000,17763.000000,9597.000000,45579.000000
12940.000000,17768.000000,9566.000000,45577.000000
12944.000000,17756.000000,9606.000000,45592.000000
12967.000000,17759.000000,9614.000000,45587.000000
12983.000000,17764.000000,9650.000000,45598.000000
13036.000000,17780.000000,9634.000000,45583.000000
13033.000000,17803.000000,9660.000000,45632.000000
13035.000000,17821.000000,9690.000000,45623.000000
13087.000000,17832.000000,9684.000000,45616.000000
13100.000000,17863.000000,9736.000000,45696.000000
13098.000000,17881.000000,9734.000000,45656.000000
13108.000000,17903.000000,9758.000000,45692.000000
13136.000000,17915.000000,9776.000000,45702.000000
13145.000000,17907.000000,9789.000000,45702.000000
13220.000000,17943.000000,9831.000000,45734.000000
13227.000000,17961.000000,9896.000000,45753.000000
13222.000000,18249.000000,9871.000000,45741.000000
13269.000000,17992.000000,9892.000000,45747.000000
13330.000000,18023.000000,9935.000000,45786.000000
13331.000000,18010.000000,9916.000000,45781.000000
13363.000000,18069.000000,9940.000000,45778.000000
13388.000000,18063.000000,9991.000000,45799.000000
13365.000000,18060.000000,9987.000000,45796.000000
13410.000000,18074.000000,10010.000000,45837.000000
13404.000000,18089.000000,10020.000000,45832.000000
13372.000000,18084.000000,9984.000000,45813.000000
13411.000000,18191.000000,10039.000000,45817.000000
13400.000000,18125.000000,10003.000000,45825.000000
13414.000000,18096.000000,10019.000000,45817.000000
13394.000000,18080.000000,9979.000000,45807.000000
13402.000000,18065.000000,10007.000000,45822.000000
13404.000000,18095.000000,10021.000000,45797.000000
13393.000000,18097.000000,10007.000000,45832.000000
13393.000000,18064.000000,9978.000000,45808.000000
13400.000000,18098.000000,9978.000000,45808.000000
13348.000000,18054.000000,9939.000000,45798.000000
13375.000000,18066.000000,9978.000000,45799.000000
13361.000000,18323.000000,9953.000000,45805.000000
13357.000000,18046.000000,9947.000000,45783.000000
13364.000000,18069.000000,9936.000000,45775.000000
13383.000000,18060.000000,9945.000000,45807.000000
13344.000000,18043.000000,9923.000000,45776.000000
13345.000000,18075.000000,9927.000000,45762.000000
13356.000000,18040.000000,9965.000000,45790.000000
13386.000000,18030.000000,9939.000000,45774.000000
13322.000000,17997.000000,9951.000000,45754.000000
13343.000000,18037.000000,9937.000000,45790.000000
13353.000000,18005.000000,9892.000000,45755.000000
13318.000000,18019.000000,9918.000000,45765.000000
13346.000000,18033.000000,9892.000000,45787.000000
13330.000000,18034.000000,9879.000000,45794.000000
13304.000000,17969.000000,9881.000000,45752.000000
13326.000000,18008.000000,9881.000000,45749.000000
13317.000000,18004.000000,9912.000000,45749.000000
13300.000000,17999.000000,9867.000000,45737.000000
13312.000000,18243.000000,9862.000000,45744.000000
13312.000000,18009.000000,9878.000000,45734.000000
13286.000000,17988.000000,9828.000000,45721.000000
13303.000000,18007.000000,9844.000000,45759.000000
13304.000000,18014.000000,9841.000000,45730.000000
13283.000000,17979.000000,9808.000000,45706.000000
13299.000000,18007.000000,9846.000000,45725.000000
13284.000000,18003.000000,9838.000000,45737.000000
13280.000000,17975.000000,9811.000000,45727.000000
13264.000000,17965.000000,9844.000000,45734.000000
13295.000000,17990.000000,9805.000000,45711.000000
13287.000000,17992.000000,9794.000000,45731.000000
13272.000000,17951.000000,9810.000000,45688.000000
13257.000000,17984.000000,9792.000000,45734.000000
13262.000000,17937.000000,9793.000000,45698.000000
13250.000000,17941.000000,9784.000000,45680.000000
13257.000000,17973.000000,9781.000000,45697.000000
13256.000000,17938.000000,9785.000000,45692.000000
13242.000000,17939.000000,9774.000000,45710.000000
13243.000000,17911.000000,9775.000000,45711.000000
13227.000000,17934.000000,9763.000000,45701.000000
13215.000000,17911.000000,9738.000000,45693.000000
13245.000000,17928.000000,9733.000000,45675.000000
13218.000000,17927.000000,9763.000000,45694.000000
13208.000000,17915.000000,9741.000000,45682.000000
13188.000000,17922.000000,9762.000000,45681.000000
13220.000000,17921.000000,9779.000000,45690.000000
13205.000000,17943.000000,9731.000000,45664.000000
13213.000000,17892.000000,9704.000000,45670.000000
13236.000000,18189.000000,9717.000000,45688.000000
13203.000000,17915.000000,9753.000000,45663.000000
13232.000000,17915.000000,9701.000000,45673.000000
13196.000000,17919.000000,9742.000000,45692.000000
13232.000000,17909.000000,9754.000000,45671.000000
13219.000000,17877.000000,9714.000000,45656.000000
13222.000000,17896.000000,9723.000000,45664.000000
13199.000000,17893.000000,9742.000000,45693.000000
13229.000000,17907.000000,9732.000000,45695.000000
13221.000000,17909.000000,9741.000000,45687.000000
13219.000000,17907.000000,9730.000000,45680.000000
13244.000000,17934.000000,9728.000000,45679.000000
13191.000000,17919.000000,9741.000000,45701.000000
13176.000000,17907.000000,9711.000000,45698.000000
13184.000000,17904.000000,9726.000000,45667.000000
13235.000000,17952.000000,9708.000000,45679.000000
13188.000000,17899.000000,9724.000000,45658.000000
13200.000000,17881.000000,9700.000000,45664.000000
13210.000000,17891.000000,9717.000000,45662.000000
13202.000000,17887.000000,9719.000000,45662.000000
13175.000000,17867.000000,9714.000000,45675.000000
13182.000000,17883.000000,9709.000000,45666.000000
13192.000000,17881.000000,9717.000000,45696.000000
13197.000000,17904.000000,9674.000000,45658.000000
13158.000000,17863.000000,9702.000000,45657.000000
13212.000000,17879.000000,9702.000000,45661.000000
13170.000000,17867.000000,9670.000000,45647.000000
13192.000000,17851.000000,9673.000000,45649.000000
13174.000000,17889.000000,9713.000000,45649.000000
13197.000000,17891.000000,9684.000000,45645.000000
13186.000000,17863.000000,9677.000000,45675.000000
13184.000000,17884.000000,9691.000000,45667.000000
13163.000000,17880.000000,9713.000000,45677.000000
13205.000000,17891.000000,9724.000000,45680.000000
13176.000000,17903.000000,9708.000000,45686.000000
13188.000000,17891.000000,9730.000000,45673.000000
13203.000000,17887.000000,9746.000000,45673.000000
13183.000000,17871.000000,9735.000000,45693.000000
13220.000000,17881.000000,9734.000000,45694.000000
13194.000000,17881.000000,9738.000000,45706.000000
13234.000000,17865.000000,9751.000000,45711.000000
13231.000000,17929.000000,9776.000000,45741.000000
13258.000000,17937.000000,9780.000000,45700.000000
13252.000000,17930.000000,9774.000000,45731.000000
13268.000000,17909.000000,9762.000000,45726.000000
13263.000000,17929.000000,9789.000000,45746.000000
13295.000000,17937.000000,9822.000000,45756.000000
13294.000000,17967.000000,9837.000000,45764.000000
13280.000000,17978.000000,9817.000000,45752.000000
13331.000000,17946.000000,9840.000000,45765.000000
13340.000000,17985.000000,9919.000000,45769.000000
13337.000000,18011.000000,9902.000000,45811.000000
13343.000000,17985.000000,9912.000000,45795.000000
13410.000000,18030.000000,9939.000000,45799.000000
13388.000000,18026.000000,9953.000000,45810.000000
13438.000000,18075.000000,9956.000000,45828.000000
13478.000000,18084.000000,9983.000000,45874.000000
13499.000000,18140.000000,10027.000000,45879.000000
13525.000000,18107.000000,10056.000000,45883.000000
13563.000000,18130.000000,10076.000000,45911.000000
13549.000000,18155.000000,10041.000000,45891.000000
13555.000000,18157.000000,10076.000000,45867.000000
13579.000000,18152.000000,10133.000000,45919.000000
13614.000000,18192.000000,10127.000000,45917.000000
13622.000000,18213.000000,10136.000000,45935.000000
13621.000000,18199.000000,10151.000000,45935.000000
13610.000000,18213.000000,10150.000000,45929.000000
13623.000000,18199.000000,10125.000000,45942.000000
13651.000000,18226.000000,10161.000000,45923.000000
13627.000000,18203.000000,10137.000000,45927.000000
13641.000000,18195.000000,10129.000000,45911.000000
13639.000000,18203.000000,10123.000000,45935.000000
13618.000000,18223.000000,10112.000000,45924.000000
13589.000000,18201.000000,10091.000000,45925.000000
13585.000000,18185.000000,10120.000000,45896.000000
13590.000000,18171.000000,10127.000000,45907.000000
13598.000000,18169.000000,10068.000000,45888.000000
13578.000000,18179.000000,10103.000000,45889.000000
13562.000000,18172.000000,10075.000000,45913.000000
13571.000000,18197.000000,10096.000000,45899.000000
13546.000000,18170.000000,10076.000000,45897.000000
13559.000000,18158.000000,10093.000000,45895.000000
13563.000000,18203.000000,10065.000000,45900.000000
13574.000000,18124.000000,10078.000000,45868.000000
13565.000000,18162.000000,10076.000000,45907.000000
13556.000000,18148.000000,10064.000000,45889.000000
13557.000000,18158.000000,10042.000000,45882.000000
13552.000000,18136.000000,10051.000000,45898.000000
13503.000000,18151.000000,10057.000000,45879.000000
13551.000000,18174.000000,10024.000000,45835.000000
13538.000000,18159.000000,10033.000000,45875.000000
13537.000000,18131.000000,10006.000000,45876.000000
13527.000000,18150.000000,10032.000000,45869.000000
13543.000000,18140.000000,10007.000000,45870.000000
13495.000000,18109.000000,10030.000000,45872.000000
13548.000000,18363.000000,9977.000000,45868.000000
13513.000000,18121.000000,10037.000000,45852.000000
13516.000000,18114.000000,9979.000000,45834.000000
13542.000000,18148.000000,9998.000000,45821.000000
13494.000000,18087.000000,10002.000000,45859.000000
13514.000000,18073.000000,9983.000000,45834.000000
13507.000000,18074.000000,9928.000000,45824.000000
13511.000000,18107.000000,9953.000000,45825.000000
13482.000000,18082.000000,9947.000000,45828.000000
13489.000000,18089.000000,9946.000000,45836.000000
13499.000000,18064.000000,9962.000000,45830.000000
13493.000000,18045.000000,9948.000000,45820.000000
13475.000000,18065.000000,9910.000000,45815.000000
13451.000000,18064.000000,9949.000000,45833.000000
13452.000000,18029.000000,9917.000000,45814.000000
13430.000000,18015.000000,9898.000000,45791.000000
13476.000000,18049.000000,9914.000000,45808.000000
13412.000000,18049.000000,9927.000000,45781.000000
13440.000000,18043.000000,9890.000000,45807.000000
13444.000000,18037.000000,9872.000000,45788.000000
13411.000000,18039.000000,9884.000000,45792.000000
13428.000000,18015.000000,9911.000000,45792.000000
13429.000000,18019.000000,9880.000000,45771.000000
13466.000000,18037.000000,9906.000000,45814.000000
13462.000000,18043.000000,9859.000000,45816.000000
13458.000000,18010.000000,9893.000000,45778.000000
13442.000000,18292.000000,9862.000000,45778.000000
13420.000000,18047.000000,9879.000000,45812.000000
13449.000000,18037.000000,9877.000000,45813.000000
13443.000000,18026.000000,9860.000000,45761.000000
13454.000000,18043.000000,9873.000000,45795.000000
13449.000000,18070.000000,9863.000000,45767.000000
13428.000000,18029.000000,9848.000000,45792.000000
13464.000000,18025.000000,9856.000000,45784.000000
13433.000000,18052.000000,9894.000000,45789.000000
13460.000000,18048.000000,9890.000000,45804.000000
13449.000000,18029.000000,9883.000000,45773.000000
13464.000000,18035.000000,9870.000000,45785.000000
13446.000000,18042.000000,9913.000000,45819.000000
13428.000000,18016.000000,9866.000000,45789.000000
13438.000000,18040.000000,9840.000000,45790.000000
13438.000000,18041.000000,9887.000000,45809.000000
13431.000000,18047.000000,9857.000000,45759.000000
13450.000000,18011.000000,9876.000000,45753.000000
13477.000000,18049.000000,9867.000000,45788.000000
13420.000000,18014.000000,9853.000000,45808.000000
13435.000000,18019.000000,9854.000000,45785.000000
13436.000000,18020.000000,9873.000000,45786.000000
13430.000000,18279.000000,9862.000000,45795.000000
13371.000000,17997.000000,9813.000000,45750.000000
13378.000000,17983.000000,9832.000000,45754.000000
13424.000000,17975.000000,9841.000000,45777.000000
13390.000000,17965.000000,9802.000000,45756.000000
13375.000000,17975.000000,9811.000000,45755.000000
13363.000000,18008.000000,9837.000000,45764.000000
13365.000000,17953.000000,9808.000000,45771.000000
13359.000000,17988.000000,9797.000000,45746.000000
13389.000000,17985.000000,9846.000000,45784.000000
13370.000000,17981.000000,9814.000000,45763.000000
13368.000000,17954.000000,9820.000000,45745.000000
13391.000000,17993.000000,9865.000000,45768.000000
13391.000000,18004.000000,9845.000000,45814.000000
13383.000000,17947.000000,9859.000000,45778.000000
13451.000000,17989.000000,9834.000000,45805.000000
13457.000000,18010.000000,9874.000000,45805.000000
13444.000000,17993.000000,9889.000000,45786.000000
13425.000000,17980.000000,9907.000000,45825.000000
13457.000000,18016.000000,9935.000000,45833.000000
13461.000000,18043.000000,9913.000000,45796.000000
13490.000000,18055.000000,9932.000000,45837.000000
13486.000000,18048.000000,9925.000000,45839.000000
13500.000000,18023.000000,9928.000000,45869.000000
13490.000000,18068.000000,9967.000000,45855.000000
13511.000000,18073.000000,9985.000000,45895.000000
13553.000000,18058.000000,10006.000000,45867.000000
13518.000000,18089.000000,10004.000000,45884.000000
13591.000000,18126.000000,10048.000000,45883.000000
13602.000000,18103.000000,10033.000000,45916.000000
13642.000000,18158.000000,10082.000000,45927.000000
13695.000000,18213.000000,10145.000000,45979.000000
13727.000000,18191.000000,10149.000000,45963.000000
13760.000000,18221.000000,10178.000000,45988.000000
13793.000000,18275.000000,10224.000000,46028.000000
13803.000000,18280.000000,10247.000000,46028.000000
13840.000000,18315.000000,10247.000000,46017.000000
13860.000000,18300.000000,10293.000000,46055.000000
13874.000000,18311.000000,10273.000000,46014.000000
13887.000000,18306.000000,10270.000000,46039.000000
13851.000000,18307.000000,10287.000000,46049.000000
13847.000000,18335.000000,10250.000000,46044.000000
13871.000000,18339.000000,10253.000000,46031.000000
13880.000000,18305.000000,10252.000000,46032.000000
13857.000000,18315.000000,10291.000000,46035.000000
13890.000000,18323.000000,10266.000000,46009.000000
13874.000000,18339.000000,10263.000000,46036.000000
13840.000000,18300.000000,10251.000000,46020.000000
13875.000000,18303.000000,10224.000000,46017.000000
13837.000000,18313.000000,10256.000000,45993.000000
13846.000000,18305.000000,10193.000000,45968.000000
13844.000000,18320.000000,10211.000000,46019.000000
13826.000000,18299.000000,10239.000000,46031.000000
13835.000000,18263.000000,10210.000000,45992.000000
13824.000000,18288.000000,10214.000000,46024.000000
13833.000000,18301.000000,10221.000000,46009.000000
13816.000000,18277.000000,10189.000000,45990.000000
13836.000000,18299.000000,10178.000000,45999.000000
13821.000000,18268.000000,10180.000000,45976.000000
13826.000000,18311.000000,10199.000000,45970.000000
13816.000000,18241.000000,10210.000000,45983.000000
14081.000000,18241.000000,10201.000000,45971.000000
13824.000000,18271.000000,10178.000000,45972.000000
13847.000000,18249.000000,10176.000000,45979.000000
13832.000000,18233.000000,10164.000000,45991.000000
13830.000000,18257.000000,10142.000000,45960.000000
13815.000000,18275.000000,10149.000000,45961.000000
13831.000000,18255.000000,10132.000000,45979.000000
13785.000000,18253.000000,10154.000000,45949.000000
13803.000000,18253.000000,10118.000000,45979.000000
13800.000000,18207.000000,10110.000000,45955.000000
13788.000000,18220.000000,10105.000000,45965.000000
13845.000000,18247.000000,10147.000000,45955.000000
13766.000000,18203.000000,10120.000000,45948.000000
13815.000000,18251.000000,10125.000000,45967.000000
13793.000000,18221.000000,10101.000000,45932.000000
13792.000000,18232.000000,10104.000000,45951.000000
13805.000000,18249.000000,10110.000000,45955.000000
13786.000000,18257.000000,10096.000000,45968.000000
13807.000000,18207.000000,10079.000000,45945.000000
13811.000000,18224.000000,10107.000000,45923.000000
13777.000000,18243.000000,10105.000000,45936.000000
13793.000000,18223.000000,10079.000000,45938.000000
13801.000000,18191.000000,10083.000000,45952.000000
13789.000000,18223.000000,10079.000000,45919.000000
13775.000000,18207.000000,10077.000000,45936.000000
13799.000000,18219.000000,10045.000000,45944.000000
13775.000000,18197.000000,10020.000000,45929.000000
13793.000000,18204.000000,10032.000000,45917.000000
13789.000000,18191.000000,10031.000000,45939.000000
13758.000000,18173.000000,10015.000000,45904.000000
13799.000000,18199.000000,10054.000000,45947.000000
13755.000000,18171.000000,10058.000000,45904.000000
13755.000000,18173.000000,10008.000000,45904.000000
13787.000000,18203.000000,10060.000000,45955.000000
13751.000000,18158.000000,10019.000000,45909.000000
13788.000000,18179.000000,10051.000000,45933.000000
13756.000000,18159.000000,10027.000000,45919.000000
13742.000000,18178.000000,10032.000000,45916.000000
13765.000000,18177.000000,10036.000000,45927.000000
13769.000000,18197.000000,10020.000000,45930.000000
13739.000000,18179.000000,10036.000000,45916.000000
13771.000000,18178.000000,10044.000000,45914.000000
13789.000000,18203.000000,10015.000000,45906.000000
13783.000000,18187.000000,10011.000000,45913.000000
13752.000000,18165.000000,10027.000000,45946.000000
13778.000000,18183.000000,10017.000000,45907.000000
13799.000000,18183.000000,10019.000000,45921.000000
13799.000000,18191.000000,10014.000000,45896.000000
13779.000000,18179.000000,10022.000000,45913.000000
13790.000000,18151.000000,10038.000000,45892.000000
13788.000000,18188.000000,10016.000000,45915.000000
13768.000000,18183.000000,10033.000000,45874.000000
13738.000000,18163.000000,10009.000000,45889.000000
13745.000000,18151.000000,9952.000000,45880.000000
13726.000000,18193.000000,9995.000000,45892.000000
13752.000000,18130.000000,10000.000000,45919.000000
13735.000000,18144.000000,9990.000000,45919.000000
13712.000000,18105.000000,9996.000000,45904.000000
13729.000000,18134.000000,9945.000000,45889.000000
13740.000000,18174.000000,9986.000000,45938.000000
13751.000000,18159.000000,9981.000000,45884.000000
13763.000000,18141.000000,9976.000000,45895.000000
13728.000000,18155.000000,9985.000000,45927.000000
13710.000000,18122.000000,10006.000000,45913.000000
13739.000000,18152.000000,9980.000000,45908.000000
13731.000000,18184.000000,9987.000000,45916.000000
13760.000000,18174.000000,9981.000000,45955.000000
13760.000000,18154.000000,9991.000000,45899.000000
13764.000000,18177.000000,9988.000000,45919.000000
13781.000000,18177.000000,10039.000000,45927.000000
13761.000000,18152.000000,10037.000000,45939.000000
13752.000000,18150.000000,10006.000000,45931.000000
13780.000000,18165.000000,10026.000000,45940.000000
13786.000000,18142.000000,10014.000000,45955.000000
13763.000000,18151.000000,10048.000000,45963.000000
13752.000000,18169.000000,10036.000000,45925.000000
13780.000000,18181.000000,10044.000000,45935.000000
13784.000000,18146.000000,10038.000000,45941.000000
13793.000000,18219.000000,10072.000000,45977.000000
13790.000000,18177.000000,10072.000000,45979.000000
13797.000000,18217.000000,10094.000000,45988.000000
13809.000000,18203.000000,10113.000000,45972.000000
13823.000000,18220.000000,10139.000000,45999.000000
13875.000000,18275.000000,10165.000000,46019.000000
13875.000000,18248.000000,10181.000000,46014.000000
13911.000000,18299.000000,10187.000000,46002.000000
13923.000000,18287.000000,10198.000000,46029.000000
13931.000000,18317.000000,10223.000000,46028.000000
13985.000000,18333.000000,10221.000000,46037.000000
13987.000000,18335.000000,10245.000000,46079.000000
14014.000000,18343.000000,10254.000000,46093.000000
14030.000000,18373.000000,10320.000000,46075.000000
14076.000000,18388.000000,10343.000000,46089.000000
14077.000000,18409.000000,10315.000000,46107.000000
14129.000000,18436.000000,10357.000000,46127.000000
14134.000000,18442.000000,10377.000000,46150.000000
14123.000000,18403.000000,10374.000000,46133.000000
14187.000000,18466.000000,10408.000000,46153.000000
14195.000000,18477.000000,10402.000000,46183.000000
14171.000000,18460.000000,10397.000000,46158.000000
14196.000000,18494.000000,10411.000000,46170.000000
14224.000000,18488.000000,10420.000000,46156.000000
14211.000000,18484.000000,10407.000000,46139.000000
14183.000000,18484.000000,10416.000000,46166.000000
14196.000000,18495.000000,10388.000000,46197.000000
14203.000000,18482.000000,10417.000000,46143.000000
14192.000000,18488.000000,10404.000000,46147.000000
14196.000000,18508.000000,10398.000000,46156.000000
14224.000000,18465.000000,10424.000000,46160.000000
14210.000000,18478.000000,10394.000000,46162.000000
14206.000000,18454.000000,10384.000000,46158.000000
14189.000000,18488.000000,10366.000000,46164.000000
14203.000000,18457.000000,10369.000000,46142.000000
14211.000000,18496.000000,10390.000000,46160.000000
14184.000000,18457.000000,10364.000000,46160.000000
14215.000000,18459.000000,10359.000000,46140.000000
14224.000000,18456.000000,10376.000000,46136.000000
14241.000000,18470.000000,10353.000000,46139.000000
14209.000000,18452.000000,10336.000000,46128.000000
14183.000000,18460.000000,10357.000000,46147.000000
14216.000000,18474.000000,10346.000000,46143.000000
14195.000000,18443.000000,10311.000000,46113.000000
14184.000000,18438.000000,10356.000000,46109.000000
14195.000000,18468.000000,10368.000000,46158.000000
14187.000000,18448.000000,10362.000000,46113.000000
14169.000000,18441.000000,10341.000000,46110.000000
14203.000000,18453.000000,10352.000000,46143.000000
14181.000000,18428.000000,10322.000000,46121.000000
14184.000000,18461.000000,10311.000000,46131.000000
14198.000000,18425.000000,10316.000000,46127.000000
14189.000000,18411.000000,10335.000000,46117.000000
14199.000000,18420.000000,10313.000000,46136.000000
14191.000000,18384.000000,10310.000000,46115.000000
14186.000000,18448.000000,10322.000000,46136.000000
14181.000000,18427.000000,10299.000000,46115.000000
14168.000000,18423.000000,10299.000000,46093.000000
14196.000000,18399.000000,10304.000000,46124.000000
14173.000000,18435.000000,10286.000000,46077.000000
14195.000000,18416.000000,10274.000000,46124.000000
14167.000000,18415.000000,10275.000000,46099.000000
14156.000000,18395.000000,10298.000000,46098.000000
14177.000000,18399.000000,10295.000000,46091.000000
14175.000000,18441.000000,10278.000000,46107.000000
14143.000000,18397.000000,10266.000000,46064.000000
14168.000000,18439.000000,10276.000000,46088.000000
14169.000000,18405.000000,10272.000000,46101.000000
14167.000000,18383.000000,10239.000000,46083.000000
14162.000000,18400.000000,10260.000000,46101.000000
14134.000000,18385.000000,10260.000000,46116.000000
14133.000000,18376.000000,10232.000000,46069.000000
14154.000000,18411.000000,10221.000000,46082.000000
14169.000000,18411.000000,10244.000000,46112.000000
14133.000000,18384.000000,10236.000000,46076.000000
14161.000000,18385.000000,10217.000000,46090.000000
14137.000000,18395.000000,10232.000000,46100.000000
14116.000000,18347.000000,10202.000000,46070.000000
14134.000000,18389.000000,10210.000000,46070.000000
14132.000000,18345.000000,10227.000000,46091.000000
14083.000000,18335.000000,10211.000000,46070.000000
14119.000000,18335.000000,10159.000000,46053.000000
14168.000000,18364.000000,10210.000000,46102.000000
14116.000000,18330.000000,10194.000000,46060.000000
14139.000000,18345.000000,10214.000000,46052.000000
14175.000000,18383.000000,10211.000000,46080.000000
14119.000000,18337.000000,10211.000000,46039.000000
14144.000000,18343.000000,10188.000000,46049.000000
14163.000000,18339.000000,10217.000000,46063.000000
14153.000000,18356.000000,10210.000000,46093.000000
14128.000000,18375.000000,10210.000000,46072.000000
14148.000000,18355.000000,10205.000000,46082.000000
14165.000000,18384.000000,10219.000000,46067.000000
14150.000000,18339.000000,10200.000000,46048.000000
14147.000000,18359.000000,10183.000000,46052.000000
14123.000000,18376.000000,10204.000000,46075.000000
14116.000000,18351.000000,10207.000000,46071.000000
14134.000000,18381.000000,10191.000000,46064.000000
14129.000000,18336.000000,10190.000000,46026.000000
14139.000000,18368.000000,10200.000000,46053.000000
14125.000000,18375.000000,10198.000000,46057.000000
14121.000000,18375.000000,10175.000000,46060.000000
14092.000000,18346.000000,10135.000000,46053.000000
14117.000000,18375.000000,10168.000000,46060.000000
14135.000000,18328.000000,10166.000000,46082.000000
14102.000000,18345.000000,10172.000000,46047.000000
14108.000000,18311.000000,10164.000000,46030.000000
14093.000000,18321.000000,10176.000000,46047.000000
14059.000000,18335.000000,10162.000000,46011.000000
14335.000000,18324.000000,10144.000000,46043.000000
14098.000000,18324.000000,10182.000000,46052.000000
14086.000000,18330.000000,10157.000000,46064.000000
14106.000000,18353.000000,10156.000000,46058.000000
14131.000000,18299.000000,10193.000000,46082.000000
14135.000000,18363.000000,10195.000000,46077.000000
14124.000000,18323.000000,10190.000000,46061.000000
14133.000000,18347.000000,10185.000000,46067.000000
14134.000000,18364.000000,10193.000000,46098.000000
14151.000000,18323.000000,10200.000000,46060.000000
14155.000000,18359.000000,10213.000000,46081.000000
14152.000000,18336.000000,10188.000000,46071.000000
14163.000000,18372.000000,10243.000000,46113.000000
14141.000000,18364.000000,10192.000000,46074.000000
14188.000000,18372.000000,10216.000000,46115.000000
14192.000000,18368.000000,10257.000000,46147.000000
14203.000000,18387.000000,10262.000000,46102.000000
14199.000000,18408.000000,10266.000000,46101.000000
14193.000000,18388.000000,10258.000000,46140.000000
14193.000000,18388.000000,10267.000000,46118.000000
14241.000000,18425.000000,10314.000000,46133.000000
14270.000000,18462.000000,10325.000000,46162.000000
14266.000000,18453.000000,10323.000000,46170.000000
14292.000000,18423.000000,10333.000000,46151.000000
14305.000000,18478.000000,10360.000000,46188.000000
14321.000000,18486.000000,10366.000000,46162.000000
14335.000000,18487.000000,10384.000000,46218.000000
14384.000000,18507.000000,10411.000000,46194.000000
14400.000000,18565.000000,10437.000000,46235.000000
14394.000000,18567.000000,10469.000000,46221.000000
14424.000000,18559.000000,10448.000000,46222.000000
14446.000000,18570.000000,10497.000000,46240.000000
14463.000000,18587.000000,10519.000000,46265.000000
14494.000000,18612.000000,10516.000000,46282.000000
14526.000000,18624.000000,10529.000000,46274.000000
14530.000000,18626.000000,10563.000000,46272.000000
14540.000000,18659.000000,10575.000000,46294.000000
14563.000000,18668.000000,10548.000000,46300.000000
14542.000000,18674.000000,10562.000000,46276.000000
14552.000000,18696.000000,10569.000000,46290.000000
14567.000000,18686.000000,10562.000000,46322.000000
14578.000000,18644.000000,10557.000000,46274.000000
14626.000000,18657.000000,10580.000000,46322.000000
14558.000000,18652.000000,10561.000000,46302.000000
14559.000000,18638.000000,10541.000000,46280.000000
14593.000000,18645.000000,10525.000000,46269.000000
14563.000000,18640.000000,10563.000000,46280.000000
14523.000000,18645.000000,10542.000000,46259.000000
14580.000000,18624.000000,10528.000000,46280.000000
14566.000000,18661.000000,10555.000000,46301.000000
14557.000000,18625.000000,10514.000000,46260.000000
14544.000000,18642.000000,10517.000000,46262.000000
14585.000000,18660.000000,10527.000000,46282.000000
14559.000000,18663.000000,10519.000000,46251.000000
14563.000000,18617.000000,10495.000000,46263.000000
14548.000000,18656.000000,10522.000000,46281.000000
14558.000000,18629.000000,10480.000000,46276.000000
14536.000000,18633.000000,10523.000000,46249.000000
14574.000000,18638.000000,10505.000000,46286.000000
14543.000000,18647.000000,10467.000000,46245.000000
14539.000000,18622.000000,10512.000000,46295.000000
14538.000000,18643.000000,10502.000000,46255.000000
14546.000000,18606.000000,10474.000000,46281.000000
14544.000000,18583.000000,10492.000000,46225.000000
14538.000000,18640.000000,10465.000000,46275.000000
14513.000000,18610.000000,10459.000000,46252.000000
14541.000000,18596.000000,10479.000000,46237.000000
14511.000000,18594.000000,10463.000000,46246.000000
14529.000000,18613.000000,10440.000000,46231.000000
14517.000000,18591.000000,10446.000000,46228.000000
14485.000000,18576.000000,10464.000000,46247.000000
14527.000000,18595.000000,10447.000000,46250.000000
14520.000000,18597.000000,10445.000000,46220.000000
14485.000000,18567.000000,10408.000000,46205.000000
14495.000000,18557.000000,10405.000000,46228.000000
14497.000000,18593.000000,10411.000000,46194.000000
14465.000000,18562.000000,10404.000000,46217.000000
14484.000000,18568.000000,10376.000000,46200.000000
14489.000000,18553.000000,10384.000000,46200.000000
14474.000000,18582.000000,10422.000000,46208.000000
14436.000000,18539.000000,10386.000000,46172.000000
14447.000000,18536.000000,10391.000000,46216.000000
14461.000000,18543.000000,10384.000000,46234.000000
14435.000000,18531.000000,10379.000000,46232.000000
14437.000000,18527.000000,10328.000000,46196.000000
14444.000000,18491.000000,10376.000000,46201.000000
14417.000000,18512.000000,10352.000000,46190.000000
14396.000000,18480.000000,10365.000000,46173.000000
14437.000000,18534.000000,10329.000000,46175.000000
14420.000000,18513.000000,10331.000000,46166.000000
14424.000000,18503.000000,10327.000000,46183.000000
14415.000000,18481.000000,10303.000000,46185.000000
14441.000000,18532.000000,10324.000000,46176.000000
14400.000000,18520.000000,10320.000000,46154.000000
14390.000000,18478.000000,10346.000000,46197.000000
14407.000000,18486.000000,10314.000000,46161.000000
14399.000000,18521.000000,10350.000000,46176.000000
14417.000000,18489.000000,10311.000000,46167.000000
14390.000000,18478.000000,10334.000000,46170.000000
14378.000000,18499.000000,10313.000000,46164.000000
14399.000000,18482.000000,10324.000000,46189.000000
14393.000000,18477.000000,10322.000000,46163.000000
14405.000000,18467.000000,10333.000000,46187.000000
14386.000000,18492.000000,10316.000000,46171.000000
14397.000000,18490.000000,10323.000000,46167.000000
14373.000000,18459.000000,10306.000000,46150.000000
14379.000000,18510.000000,10327.000000,46165.000000
14412.000000,18459.000000,10298.000000,46149.000000
14427.000000,18493.000000,10320.000000,46162.000000
14424.000000,18525.000000,10330.000000,46155.000000
14396.000000,18483.000000,10298.000000,46180.000000
14378.000000,18513.000000,10323.000000,46164.000000
14394.000000,18463.000000,10317.000000,46152.000000
14440.000000,18491.000000,10285.000000,46168.000000
14387.000000,18470.000000,10293.000000,46152.000000
14353.000000,18469.000000,10292.000000,46161.000000
14379.000000,18489.000000,10265.000000,46147.000000
14346.000000,18452.000000,10295.000000,46136.000000
14370.000000,18487.000000,10303.000000,46154.000000
14344.000000,18453.000000,10269.000000,46159.000000
14344.000000,18461.000000,10255.000000,46139.000000
14353.000000,18433.000000,10281.000000,46159.000000
14366.000000,18427.000000,10236.000000,46128.000000
14378.000000,18468.000000,10244.000000,46131.000000
14339.000000,18431.000000,10258.000000,46153.000000
14375.000000,18466.000000,10272.000000,46165.000000
14361.000000,18470.000000,10251.000000,46155.000000
14393.000000,18456.000000,10255.000000,46162.000000
14354.000000,18455.000000,10260.000000,46143.000000
14362.000000,18462.000000,10287.000000,46144.000000
14392.000000,18447.000000,10271.000000,46166.000000
14396.000000,18446.000000,10286.000000,46124.000000
14382.000000,18453.000000,10269.000000,46160.000000
14405.000000,18479.000000,10310.000000,46182.000000
14398.000000,18446.000000,10305.000000,46159.000000
14414.000000,18484.000000,10305.000000,46180.000000
14440.000000,18512.000000,10335.000000,46189.000000
14444.000000,18513.000000,10297.000000,46200.000000
14460.000000,18483.000000,10315.000000,46155.000000
14481.000000,18533.000000,10385.000000,46215.000000
14462.000000,18497.000000,10338.000000,46212.000000
14459.000000,18519.000000,10364.000000,46191.000000
14481.000000,18524.000000,10374.000000,46218.000000
14493.000000,18505.000000,10367.000000,46232.000000
14510.000000,18542.000000,10383.000000,46238.000000
14516.000000,18542.000000,10395.000000,46228.000000
14507.000000,18562.000000,10412.000000,46256.000000
14582.000000,18550.000000,10421.000000,46268.000000
14571.000000,18579.000000,10431.000000,46251.000000
14604.000000,18569.000000,10454.000000,46269.000000
14621.000000,18602.000000,10450.000000,46278.000000
14644.000000,18628.000000,10481.000000,46309.000000
14633.000000,18619.000000,10514.000000,46304.000000
14644.000000,18635.000000,10500.000000,46280.000000
14686.000000,18682.000000,10573.000000,46351.000000
14687.000000,18679.000000,10569.000000,46384.000000
14713.000000,18668.000000,10592.000000,46332.000000
14781.000000,18723.000000,10603.000000,46343.000000
14825.000000,18756.000000,10629.000000,46393.000000
14773.000000,18711.000000,10637.000000,46367.000000
14812.000000,18757.000000,10655.000000,46371.000000
14833.000000,18775.000000,10666.000000,46418.000000
14825.000000,18784.000000,10669.000000,46387.000000
14865.000000,18799.000000,10668.000000,46410.000000
14861.000000,18804.000000,10689.000000,46429.000000
14850.000000,18819.000000,10680.000000,46383.000000
14895.000000,18823.000000,10696.000000,46406.000000
14841.000000,18823.000000,10709.000000,46397.000000
14865.000000,18819.000000,10721.000000,46428.000000
14875.000000,18826.000000,10691.000000,46407.000000
14837.000000,18799.000000,10682.000000,46418.000000
14870.000000,18799.000000,10678.000000,46397.000000
15119.000000,18807.000000,10676.000000,46434.000000
14871.000000,18817.000000,10693.000000,46419.000000
14867.000000,18783.000000,10637.000000,46405.000000
14848.000000,18768.000000,10668.000000,46416.000000
14865.000000,18784.000000,10663.000000,46428.000000
14858.000000,18784.000000,10647.000000,46408.000000
14863.000000,18787.000000,10662.000000,46403.000000
14852.000000,18744.000000,10668.000000,46411.000000
14826.000000,18795.000000,10640.000000,46421.000000
14825.000000,18783.000000,10644.000000,46403.000000
14815.000000,18771.000000,10644.000000,46384.000000
14839.000000,18741.000000,10638.000000,46355.000000
14811.000000,18763.000000,10630.000000,46356.000000
14829.000000,18775.000000,10628.000000,46395.000000
14803.000000,18764.000000,10616.000000,46351.000000
14810.000000,18784.000000,10610.000000,46366.000000
14807.000000,18760.000000,10633.000000,46384.000000
14796.000000,18737.000000,10604.000000,46317.000000
14808.000000,18745.000000,10571.000000,46364.000000
14842.000000,18740.000000,10583.000000,46356.000000
14802.000000,18751.000000,10598.000000,46361.000000
14795.000000,18728.000000,10561.000000,46333.000000
14789.000000,18721.000000,10587.000000,46366.000000
14789.000000,18749.000000,10581.000000,46366.000000
14774.000000,18719.000000,10573.000000,46346.000000
14815.000000,18730.000000,10601.000000,46350.000000
14767.000000,18749.000000,10546.000000,46347.000000
14764.000000,18736.000000,10568.000000,46337.000000
14810.000000,18753.000000,10534.000000,46349.000000
14781.000000,18719.000000,10575.000000,46374.000000
14768.000000,18704.000000,10534.000000,46309.000000
14788.000000,18731.000000,10578.000000,46341.000000
14798.000000,18721.000000,10553.000000,46359.000000
14781.000000,18705.000000,10541.000000,46318.000000
14793.000000,18684.000000,10541.000000,46305.000000
14755.000000,18715.000000,10505.000000,46327.000000
14756.000000,18682.000000,10527.000000,46326.000000
14770.000000,18704.000000,10535.000000,46351.000000
14762.000000,18696.000000,10493.000000,46331.000000
14751.000000,18716.000000,10500.000000,46313.000000
14749.000000,18681.000000,10496.000000,46316.000000
14719.000000,18692.000000,10487.000000,46289.000000
14767.000000,18658.000000,10497.000000,46323.000000
14724.000000,18643.000000,10484.000000,46289.000000
14740.000000,18667.000000,10505.000000,46306.000000
14737.000000,18672.000000,10457.000000,46297.000000
14725.000000,18650.000000,10471.000000,46287.000000
14697.000000,18677.000000,10464.000000,46286.000000
14724.000000,18669.000000,10488.000000,46304.000000
14726.000000,18673.000000,10474.000000,46327.000000
14723.000000,18637.000000,10479.000000,46281.000000
14674.000000,18632.000000,10492.000000,46305.000000
14692.000000,18641.000000,10484.000000,46300.000000
14704.000000,18621.000000,10478.000000,46293.000000
14699.000000,18642.000000,10470.000000,46312.000000
14694.000000,18629.000000,10437.000000,46301.000000
14701.000000,18629.000000,10428.000000,46316.000000
14700.000000,18644.000000,10448.000000,46280.000000
14722.000000,18627.000000,10458.000000,46264.000000
14724.000000,18627.000000,10464.000000,46328.000000
14691.000000,18635.000000,10414.000000,46288.000000
14701.000000,18612.000000,10476.000000,46275.000000
14698.000000,18630.000000,10459.000000,46250.000000
14704.000000,18644.000000,10464.000000,46276.000000
14696.000000,18627.000000,10465.000000,46280.000000
14678.000000,18636.000000,10453.000000,46272.000000
14692.000000,18637.000000,10473.000000,46302.000000
14693.000000,18644.000000,10443.000000,46253.000000
14664.000000,18614.000000,10460.000000,46297.000000
14697.000000,18655.000000,10422.000000,46282.000000
14679.000000,18621.000000,10411.000000,46264.000000
14647.000000,18603.000000,10469.000000,46297.000000
14659.000000,18596.000000,10439.000000,46276.000000
14663.000000,18603.000000,10435.000000,46269.000000
14669.000000,18605.000000,10412.000000,46262.000000
14654.000000,18622.000000,10398.000000,46240.000000
14668.000000,18602.000000,10385.000000,46274.000000
14660.000000,18567.000000,10379.000000,46257.000000
14654.000000,18595.000000,10399.000000,46248.000000
14623.000000,18585.000000,10389.000000,46204.000000
14638.000000,18598.000000,10406.000000,46245.000000
14654.000000,18585.000000,10404.000000,46292.000000
14643.000000,18600.000000,10388.000000,46255.000000
14644.000000,18561.000000,10382.000000,46264.000000
14649.000000,18620.000000,10405.000000,46285.000000
14641.000000,18618.000000,10404.000000,46291.000000
14661.000000,18580.000000,10408.000000,46264.000000
14691.000000,18632.000000,10414.000000,46303.000000
14667.000000,18605.000000,10440.000000,46264.000000
14708.000000,18644.000000,10438.000000,46286.000000
14652.000000,18592.000000,10418.000000,46268.000000
14735.000000,18625.000000,10453.000000,46294.000000
14707.000000,18632.000000,10435.000000,46304.000000
14695.000000,18637.000000,10423.000000,46302.000000
14746.000000,18648.000000,10479.000000,46311.000000
14739.000000,18645.000000,10484.000000,46300.000000
14728.000000,18630.000000,10451.000000,46330.000000
14756.000000,18675.000000,10468.000000,46323.000000
14765.000000,18665.000000,10483.000000,46340.000000
14737.000000,18646.000000,10496.000000,46324.000000
14776.000000,18708.000000,10528.000000,46356.000000
14779.000000,18691.000000,10520.000000,46338.000000
14772.000000,18692.000000,10569.000000,46345.000000
14801.000000,18711.000000,10558.000000,46368.000000
14837.000000,18731.000000,10589.000000,46413.000000
14821.000000,18699.000000,10576.000000,46376.000000
14850.000000,18717.000000,10597.000000,46401.000000
14877.000000,18763.000000,10615.000000,46418.000000
14909.000000,18743.000000,10623.000000,46401.000000
14918.000000,18808.000000,10670.000000,46399.000000
14918.000000,18828.000000,10677.000000,46433.000000
14953.000000,18811.000000,10683.000000,46427.000000
14967.000000,18823.000000,10703.000000,46416.000000
15025.000000,18851.000000,10735.000000,46488.000000
15025.000000,18860.000000,10717.000000,46459.000000
15055.000000,18888.000000,10738.000000,46502.000000
15075.000000,18892.000000,10765.000000,46500.000000
15094.000000,18893.000000,10768.000000,46489.000000
15096.000000,18932.000000,10797.000000,46513.000000
15107.000000,18923.000000,10821.000000,46515.000000
15160.000000,18935.000000,10811.000000,46522.000000
15116.000000,18933.000000,10830.000000,46524.000000
15140.000000,18929.000000,10797.000000,46515.000000
15154.000000,18983.000000,10827.000000,46517.000000
15151.000000,18925.000000,10842.000000,46527.000000
15108.000000,18935.000000,10810.000000,46496.000000
15126.000000,19221.000000,10830.000000,46536.000000
15165.000000,18928.000000,10800.000000,46503.000000
15136.000000,18952.000000,10832.000000,46527.000000
15142.000000,18935.000000,10811.000000,46492.000000
15128.000000,18936.000000,10828.000000,46519.000000
15128.000000,18948.000000,10817.000000,46542.000000
15144.000000,18935.000000,10797.000000,46517.000000
15136.000000,18951.000000,10806.000000,46475.000000
15122.000000,18947.000000,10801.000000,46516.000000
15105.000000,18924.000000,10792.000000,46515.000000
15164.000000,18948.000000,10779.000000,46517.000000
15129.000000,18927.000000,10765.000000,46488.000000
15117.000000,18909.000000,10788.000000,46521.000000
15146.000000,18939.000000,10774.000000,46531.000000
15128.000000,18924.000000,10789.000000,46485.000000
15127.000000,18919.000000,10768.000000,46482.000000
15145.000000,18917.000000,10772.000000,46471.000000
15125.000000,18908.000000,10757.000000,46479.000000
15086.000000,18903.000000,10754.000000,46483.000000
15136.000000,18914.000000,10771.000000,46484.000000
15115.000000,18865.000000,10747.000000,46476.000000
15117.000000,18919.000000,10733.000000,46461.000000
15113.000000,18911.000000,10736.000000,46481.000000
15084.000000,18896.000000,10719.000000,46495.000000
15052.000000,18881.000000,10722.000000,46480.000000
15090.000000,18891.000000,10712.000000,46467.000000
15074.000000,18897.000000,10704.000000,46475.000000
15071.000000,18861.000000,10702.000000,46459.000000
15102.000000,18912.000000,10710.000000,46462.000000
15066.000000,18868.000000,10705.000000,46457.000000
15057.000000,18868.000000,10690.000000,46450.000000
15038.000000,18883.000000,10720.000000,46450.000000
15075.000000,18843.000000,10698.000000,46436.000000
15061.000000,18881.000000,10697.000000,46475.000000
15060.000000,18884.000000,10684.000000,46432.000000
15051.000000,18865.000000,10670.000000,46453.000000
15066.000000,18831.000000,10700.000000,46455.000000
15003.000000,18835.000000,10640.000000,46450.000000
15042.000000,18855.000000,10649.000000,46410.000000
15057.000000,18873.000000,10654.000000,46420.000000
15009.000000,18839.000000,10672.000000,46442.000000
15064.000000,18817.000000,10634.000000,46424.000000
15031.000000,18835.000000,10644.000000,46439.000000
15023.000000,18828.000000,10615.000000,46432.000000
15017.000000,18839.000000,10621.000000,46412.000000
15022.000000,18823.000000,10639.000000,46431.000000
14961.000000,18824.000000,10624.000000,46407.000000
15010.000000,18835.000000,10638.000000,46427.000000
14997.000000,18839.000000,10629.000000,46427.000000
15004.000000,18813.000000,10602.000000,46419.000000
15002.000000,18793.000000,10609.000000,46395.000000
15003.000000,18832.000000,10596.000000,46415.000000
15026.000000,18791.000000,10629.000000,46412.000000
15014.000000,18788.000000,10610.000000,46400.000000
14990.000000,18777.000000,10586.000000,46396.000000
14981.000000,18825.000000,10619.000000,46402.000000
14985.000000,18791.000000,10567.000000,46395.000000
15015.000000,18812.000000,10607.000000,46399.000000
15030.000000,18820.000000,10645.000000,46410.000000
15002.000000,18775.000000,10610.000000,46395.000000
15021.000000,18824.000000,10620.000000,46423.000000
15012.000000,18789.000000,10648.000000,46424.000000
14988.000000,18771.000000,10596.000000,46410.000000
14997.000000,18819.000000,10616.000000,46409.000000
15021.000000,18823.000000,10590.000000,46412.000000
14983.000000,18832.000000,10596.000000,46416.000000
15016.000000,18796.000000,10597.000000,46391.000000
14988.000000,18784.000000,10579.000000,46399.000000
15021.000000,18786.000000,10581.000000,46419.000000
15017.000000,18791.000000,10582.000000,46395.000000
15000.000000,18787.000000,10594.000000,46440.000000
15016.000000,18765.000000,10559.000000,46402.000000
14987.000000,18780.000000,10620.000000,46405.000000
14980.000000,18783.000000,10582.000000,46393.000000
15004.000000,18787.000000,10597.000000,46380.000000
14948.000000,18764.000000,10603.000000,46394.000000
14954.000000,18771.000000,10564.000000,46415.000000
14947.000000,18774.000000,10540.000000,46403.000000
14987.000000,18745.000000,10566.000000,46375.000000
14979.000000,18797.000000,10583.000000,46397.000000
14974.000000,18743.000000,10567.000000,46403.000000
14939.000000,18767.000000,10555.000000,46385.000000
14997.000000,18773.000000,10581.000000,46425.000000
14946.000000,18736.000000,10561.000000,46393.000000
14977.000000,18771.000000,10574.000000,46409.000000
14971.000000,18755.000000,10567.000000,46413.000000
14960.000000,18771.000000,10556.000000,46409.000000
14993.000000,18787.000000,10576.000000,46406.000000
14968.000000,18785.000000,10601.000000,46423.000000
15007.000000,18772.000000,10608.000000,46419.000000
14992.000000,18792.000000,10593.000000,46407.000000
14995.000000,18777.000000,10621.000000,46447.000000
15018.000000,18795.000000,10590.000000,46429.000000
15013.000000,18801.000000,10612.000000,46468.000000
15039.000000,18788.000000,10627.000000,46440.000000
15051.000000,18801.000000,10610.000000,46427.000000
15037.000000,18825.000000,10602.000000,46432.000000
15047.000000,18792.000000,10647.000000,46440.000000
15075.000000,18861.000000,10662.000000,46464.000000
15067.000000,18848.000000,10662.000000,46475.000000
15083.000000,18844.000000,10663.000000,46455.000000
15100.000000,18843.000000,10701.000000,46488.000000
15081.000000,18857.000000,10674.000000,46459.000000
15113.000000,18848.000000,10686.000000,46498.000000
15155.000000,18881.000000,10729.000000,46522.000000
15134.000000,18871.000000,10723.000000,46516.000000
15172.000000,18891.000000,10760.000000,46536.000000
15227.000000,18923.000000,10766.000000,46517.000000
15193.000000,18924.000000,10766.000000,46533.000000
15239.000000,18992.000000,10813.000000,46536.000000
15252.000000,18941.000000,10836.000000,46540.000000
15265.000000,18976.000000,10846.000000,46567.000000
15299.000000,18990.000000,10871.000000,46579.000000
15296.000000,19006.000000,10887.000000,46619.000000
15318.000000,19008.000000,10867.000000,46596.000000
15366.000000,19034.000000,10899.000000,46641.000000
15391.000000,19071.000000,10946.000000,46617.000000
15411.000000,19041.000000,10955.000000,46630.000000
15435.000000,19084.000000,10958.000000,46631.000000
15433.000000,19064.000000,10951.000000,46652.000000
15465.000000,19089.000000,10980.000000,46653.000000
15463.000000,19112.000000,10998.000000,46670.000000
15505.000000,19104.000000,11001.000000,46666.000000
15489.000000,19117.000000,11005.000000,46657.000000
15507.000000,19103.000000,11002.000000,46667.000000
15498.000000,19135.000000,11014.000000,46665.000000
15508.000000,19101.000000,10959.000000,46678.000000
15536.000000,19392.000000,11030.000000,46686.000000
15486.000000,19131.000000,10971.000000,46652.000000
15523.000000,19145.000000,11000.000000,46686.000000
15523.000000,19149.000000,11026.000000,46675.000000
15506.000000,19159.000000,11014.000000,46678.000000
15511.000000,19130.000000,10995.000000,46668.000000
15522.000000,19130.000000,10984.000000,46668.000000
15486.000000,19122.000000,10965.000000,46639.000000
15502.000000,19106.000000,10951.000000,46657.000000
15555.000000,19124.000000,10960.000000,46674.000000
15499.000000,19105.000000,10950.000000,46647.000000
15486.000000,19111.000000,10962.000000,46646.000000
15486.000000,19114.000000,10945.000000,46666.000000
15501.000000,19081.000000,10959.000000,46640.000000
15500.000000,19136.000000,10957.000000,46636.000000
15469.000000,19082.000000,10932.000000,46618.000000
15460.000000,19093.000000,10931.000000,46606.000000
15424.000000,19106.000000,10898.000000,46658.000000
15454.000000,19087.000000,10906.000000,46608.000000
15476.000000,19091.000000,10923.000000,46613.000000
15483.000000,19093.000000,10934.000000,46642.000000
15439.000000,19059.000000,10907.000000,46612.000000
15464.000000,19067.000000,10914.000000,46617.000000
15457.000000,19078.000000,10914.000000,46647.000000
15452.000000,19092.000000,10904.000000,46624.000000
15461.000000,19085.000000,10916.000000,46622.000000
15433.000000,19044.000000,10895.000000,46651.000000
15452.000000,19045.000000,10882.000000,46599.000000
15440.000000,19103.000000,10863.000000,46641.000000
15420.000000,19073.000000,10877.000000,46560.000000
15428.000000,19052.000000,10858.000000,46600.000000
15430.000000,19046.000000,10874.000000,46595.000000
15435.000000,19011.000000,10905.000000,46596.000000
15438.000000,19055.000000,10869.000000,46598.000000
15414.000000,19025.000000,10840.000000,46588.000000
15420.000000,19023.000000,10848.000000,46577.000000
15388.000000,19009.000000,10825.000000,46601.000000
15390.000000,19003.000000,10842.000000,46595.000000
15409.000000,19028.000000,10826.000000,46597.000000
15386.000000,19009.000000,10836.000000,46567.000000
15398.000000,19016.000000,10804.000000,46602.000000
15386.000000,19010.000000,10819.000000,46604.000000
15387.000000,19010.000000,10826.000000,46562.000000
15374.000000,18994.000000,10801.000000,46567.000000
15419.000000,19024.000000,10831.000000,46575.000000
15378.000000,19010.000000,10815.000000,46561.000000
15356.000000,19039.000000,10783.000000,46561.000000
15388.000000,19044.000000,10821.000000,46563.000000
15366.000000,18973.000000,10790.000000,46575.000000
15364.000000,18970.000000,10795.000000,46523.000000
15352.000000,18993.000000,10792.000000,46531.000000
15346.000000,18989.000000,10782.000000,46574.000000
15368.000000,19219.000000,10776.000000,46531.000000
15367.000000,18986.000000,10784.000000,46545.000000
15334.000000,18976.000000,10798.000000,46559.000000
15336.000000,18959.000000,10767.000000,46537.000000
15334.000000,18981.000000,10768.000000,46564.000000
15335.000000,18984.000000,10735.000000,46548.000000
15317.000000,18969.000000,10774.000000,46540.000000
15316.000000,18948.000000,10739.000000,46535.000000
15356.000000,18981.000000,10762.000000,46550.000000
15307.000000,18968.000000,10799.000000,46541.000000
15349.000000,18955.000000,10763.000000,46531.000000
15352.000000,18950.000000,10783.000000,46532.000000
15299.000000,18936.000000,10751.000000,46551.000000
15333.000000,18982.000000,10766.000000,46550.000000
15331.000000,18985.000000,10740.000000,46569.000000
15299.000000,18980.000000,10751.000000,46550.000000
15365.000000,18947.000000,10769.000000,46522.000000
15332.000000,18937.000000,10783.000000,46535.000000
15328.000000,18955.000000,10778.000000,46552.000000
15334.000000,18939.000000,10748.000000,46523.000000
15333.000000,18946.000000,10745.000000,46552.000000
15331.000000,18977.000000,10752.000000,46524.000000
15326.000000,18958.000000,10760.000000,46552.000000
15348.000000,18976.000000,10748.000000,46545.000000
15319.000000,18946.000000,10762.000000,46533.000000
15347.000000,18953.000000,10754.000000,46550.000000
15355.000000,18950.000000,10710.000000,46535.000000
15340.000000,18935.000000,10736.000000,46529.000000
15343.000000,18918.000000,10741.000000,46543.000000
15345.000000,18958.000000,10745.000000,46546.000000
15368.000000,18979.000000,10749.000000,46531.000000
15334.000000,18943.000000,10724.000000,46528.000000
15356.000000,18950.000000,10747.000000,46539.000000
15347.000000,18929.000000,10755.000000,46531.000000
15366.000000,18975.000000,10762.000000,46540.000000
15370.000000,18969.000000,10740.000000,46539.000000
15366.000000,18971.000000,10743.000000,46545.000000
15363.000000,18956.000000,10768.000000,46533.000000
15360.000000,18949.000000,10759.000000,46558.000000
15404.000000,19212.000000,10769.000000,46597.000000
15441.000000,19009.000000,10781.000000,46569.000000
15390.000000,18995.000000,10769.000000,46579.000000
15397.000000,18988.000000,10795.000000,46598.000000
15438.000000,18993.000000,10770.000000,46596.000000
15394.000000,18988.000000,10793.000000,46573.000000
15448.000000,19016.000000,10819.000000,46587.000000
15459.000000,19042.000000,10824.000000,46608.000000
15449.000000,19002.000000,10815.000000,46603.000000
15485.000000,19048.000000,10860.000000,46630.000000
15508.000000,19057.000000,10855.000000,46619.000000
15503.000000,19044.000000,10884.000000,46640.000000
15547.000000,19039.000000,10894.000000,46615.000000
15511.000000,19060.000000,10889.000000,46606.000000
15564.000000,19075.000000,10932.000000,46687.000000
15542.000000,19101.000000,10900.000000,46658.000000
15578.000000,19098.000000,10939.000000,46656.000000
15616.000000,19120.000000,10958.000000,46680.000000
15617.000000,19133.000000,10973.000000,46702.000000
15656.000000,19169.000000,10972.000000,46715.000000
15653.000000,19151.000000,11005.000000,46719.000000
15683.000000,19185.000000,11018.000000,46721.000000
15693.000000,19208.000000,11047.000000,46739.000000
15728.000000,19205.000000,11040.000000,46740.000000
15731.000000,19228.000000,11067.000000,46741.000000
15740.000000,19245.000000,11074.000000,46761.000000
15770.000000,19249.000000,11127.000000,46793.000000
15831.000000,19239.000000,11131.000000,46795.000000
15807.000000,19267.000000,11143.000000,47031.000000
15823.000000,19289.000000,11151.000000,46815.000000
15879.000000,19268.000000,11144.000000,46808.000000
15858.000000,19335.000000,11160.000000,46785.000000
15863.000000,19299.000000,11161.000000,46793.000000
15869.000000,19311.000000,11190.000000,46829.000000
15875.000000,19311.000000,11159.000000,46805.000000
15890.000000,19299.000000,11182.000000,46812.000000
15884.000000,19329.000000,11150.000000,46801.000000
15849.000000,19323.000000,11161.000000,46800.000000
15850.000000,19299.000000,11163.000000,46782.000000
15868.000000,19264.000000,11138.000000,46801.000000
15875.000000,19312.000000,11130.000000,46794.000000
15864.000000,19337.000000,11162.000000,46777.000000
15890.000000,19304.000000,11141.000000,46784.000000
15821.000000,19299.000000,11116.000000,46793.000000
15883.000000,19295.000000,11124.000000,46772.000000
15867.000000,19302.000000,11138.000000,46778.000000
15879.000000,19275.000000,11089.000000,46792.000000
15847.000000,19289.000000,11121.000000,46804.000000
15876.000000,19291.000000,11120.000000,46780.000000
15856.000000,19263.000000,11080.000000,46773.000000
15866.000000,19236.000000,11089.000000,46757.000000
15869.000000,19295.000000,11123.000000,46789.000000
15843.000000,19260.000000,11058.000000,46785.000000
15840.000000,19267.000000,11092.000000,46786.000000
15836.000000,19303.000000,11114.000000,46805.000000
15836.000000,19261.000000,11081.000000,46775.000000
15854.000000,19276.000000,11111.000000,46760.000000
15847.000000,19275.000000,11115.000000,46798.000000
15815.000000,19241.000000,11077.000000,46762.000000
15829.000000,19271.000000,11091.000000,46778.000000
15815.000000,19235.000000,11060.000000,46764.000000
15840.000000,19243.000000,11073.000000,46750.000000
15828.000000,19207.000000,11037.000000,46754.000000
15836.000000,19263.000000,11051.000000,46749.000000
15808.000000,19263.000000,11039.000000,46748.000000
15799.000000,19232.000000,11016.000000,46748.000000
15825.000000,19227.000000,11031.000000,46757.000000
15811.000000,19263.000000,11063.000000,46791.000000
15792.000000,19235.000000,11032.000000,46737.000000
15801.000000,19247.000000,11020.000000,46734.000000
15796.000000,19225.000000,11031.000000,46746.000000
15790.000000,19221.000000,11035.000000,46727.000000
15806.000000,19215.000000,11000.000000,46725.000000
15757.000000,19207.000000,11035.000000,46743.000000
15811.000000,19215.000000,11016.000000,46736.000000
15777.000000,19188.000000,10997.000000,46718.000000
15795.000000,19219.000000,11008.000000,46728.000000
15771.000000,19201.000000,10965.000000,46719.000000
15762.000000,19157.000000,10983.000000,46717.000000
15744.000000,19163.000000,10983.000000,46704.000000
15747.000000,19187.000000,10974.000000,46741.000000
15731.000000,19185.000000,10969.000000,46716.000000
15739.000000,19179.000000,10971.000000,46694.000000
15749.000000,19185.000000,10961.000000,46714.000000
15757.000000,19164.000000,10991.000000,46731.000000
15730.000000,19155.000000,10953.000000,46679.000000
15723.000000,19159.000000,10955.000000,46690.000000
15729.000000,19190.000000,10991.000000,46729.000000
15716.000000,19177.000000,10945.000000,46711.000000
15715.000000,19161.000000,10966.000000,46722.000000
15712.000000,19164.000000,10971.000000,46707.000000
15701.000000,19145.000000,10958.000000,46676.000000
15704.000000,19439.000000,10941.000000,46704.000000
15730.000000,19106.000000,10942.000000,46705.000000
15717.000000,19160.000000,10922.000000,46691.000000
15725.000000,19140.000000,10926.000000,46708.000000
15698.000000,19139.000000,10930.000000,46688.000000
15692.000000,19127.000000,10911.000000,46693.000000
15706.000000,19137.000000,10957.000000,46691.000000
15687.000000,19146.000000,10907.000000,46661.000000
15706.000000,19147.000000,10936.000000,46678.000000
15705.000000,19128.000000,10954.000000,46711.000000
15712.000000,19123.000000,10941.000000,46684.000000
15726.000000,19151.000000,10928.000000,46683.000000
15728.000000,19168.000000,10966.000000,46718.000000
15703.000000,19146.000000,10922.000000,46692.000000
15701.000000,19164.000000,10908.000000,46951.000000
15707.000000,19169.000000,10924.000000,46710.000000
15690.000000,19132.000000,10870.000000,46681.000000
15695.000000,19136.000000,10891.000000,46684.000000
15694.000000,19152.000000,10916.000000,46714.000000
15689.000000,19115.000000,10909.000000,46673.000000
15685.000000,19111.000000,10924.000000,46685.000000
15693.000000,19117.000000,10915.000000,46687.000000
15682.000000,19127.000000,10897.000000,46672.000000
15710.000000,19102.000000,10896.000000,46674.000000
15708.000000,19141.000000,10895.000000,46683.000000
15700.000000,19126.000000,10918.000000,46673.000000
15713.000000,19139.000000,10911.000000,46682.000000
15678.000000,19086.000000,10929.000000,46664.000000
15693.000000,19132.000000,10868.000000,46678.000000
15682.000000,19097.000000,10878.000000,46668.000000
15686.000000,19143.000000,10918.000000,46683.000000
15717.000000,19120.000000,10900.000000,46686.000000
15719.000000,19135.000000,10918.000000,46711.000000
15733.000000,19168.000000,10962.000000,46718.000000
15722.000000,19138.000000,10916.000000,46695.000000
15724.000000,19170.000000,10943.000000,46735.000000
15758.000000,19172.000000,10976.000000,46726.000000
15747.000000,19167.000000,10913.000000,46719.000000
15773.000000,19165.000000,10946.000000,46719.000000
15754.000000,19157.000000,10971.000000,46690.000000
15775.000000,19194.000000,10975.000000,46738.000000
15786.000000,19194.000000,10979.000000,46720.000000
15817.000000,19183.000000,10987.000000,46735.000000
15847.000000,19228.000000,10983.000000,46731.000000
15837.000000,19220.000000,11023.000000,46762.000000
15843.000000,19217.000000,10987.000000,46766.000000
15857.000000,19217.000000,11012.000000,46761.000000
15895.000000,19280.000000,11074.000000,46785.000000
15908.000000,19229.000000,11051.000000,46785.000000
15906.000000,19260.000000,11055.000000,46794.000000
15914.000000,19275.000000,11072.000000,46811.000000
15961.000000,19319.000000,11093.000000,46832.000000
15955.000000,19283.000000,11086.000000,46830.000000
15987.000000,19355.000000,11137.000000,46825.000000
16006.000000,19300.000000,11137.000000,46851.000000
16013.000000,19355.000000,11164.000000,46838.000000
16043.000000,19351.000000,11207.000000,46879.000000
16087.000000,19351.000000,11217.000000,46861.000000
16075.000000,19379.000000,11204.000000,46867.000000
16335.000000,19414.000000,11220.000000,46865.000000
16129.000000,19414.000000,11252.000000,46913.000000
16152.000000,19437.000000,11264.000000,46924.000000
16148.000000,19444.000000,11260.000000,46943.000000
16174.000000,19455.000000,11280.000000,46893.000000
16196.000000,19483.000000,11298.000000,46949.000000
16228.000000,19447.000000,11290.000000,46963.000000
16247.000000,19464.000000,11316.000000,46934.000000
16239.000000,19499.000000,11325.000000,46960.000000
16226.000000,19459.000000,11303.000000,46935.000000
16230.000000,19476.000000,11309.000000,46964.000000
16216.000000,19494.000000,11323.000000,46955.000000
16217.000000,19500.000000,11346.000000,46959.000000
16203.000000,19450.000000,11317.000000,46948.000000
16229.000000,19517.000000,11328.000000,46924.000000
16228.000000,19487.000000,11301.000000,46933.000000
16194.000000,19447.000000,11301.000000,46912.000000
16194.000000,19479.000000,11276.000000,46914.000000
16203.000000,19459.000000,11279.000000,46925.000000
16213.000000,19465.000000,11293.000000,46947.000000
16208.000000,19462.000000,11318.000000,46943.000000
16182.000000,19446.000000,11261.000000,46928.000000
16185.000000,19471.000000,11275.000000,46924.000000
16205.000000,19431.000000,11259.000000,46908.000000
16188.000000,19460.000000,11257.000000,46947.000000
16178.000000,19447.000000,11251.000000,46892.000000
16171.000000,19476.000000,11230.000000,46902.000000
16157.000000,19462.000000,11221.000000,46915.000000
16207.000000,19435.000000,11251.000000,46888.000000
16205.000000,19445.000000,11256.000000,46911.000000
16211.000000,19440.000000,11221.000000,46904.000000
16159.000000,19440.000000,11227.000000,46902.000000
16149.000000,19446.000000,11220.000000,46870.000000
16144.000000,19391.000000,11221.000000,46893.000000
16128.000000,19415.000000,11197.000000,46860.000000
16170.000000,19432.000000,11206.000000,46902.000000
16127.000000,19407.000000,11190.000000,46920.000000
16131.000000,19407.000000,11176.000000,46875.000000
16141.000000,19391.000000,11171.000000,46859.000000
16161.000000,19407.000000,11180.000000,46847.000000
16138.000000,19387.000000,11190.000000,46904.000000
16137.000000,19429.000000,11176.000000,46881.000000
16149.000000,19413.000000,11179.000000,46888.000000
16133.000000,19411.000000,11167.000000,46892.000000
16153.000000,19375.000000,11163.000000,46849.000000
16115.000000,19395.000000,11154.000000,46869.000000
16134.000000,19365.000000,11160.000000,46834.000000
16091.000000,19379.000000,11132.000000,46862.000000
16144.000000,19371.000000,11136.000000,46849.000000
16122.000000,19399.000000,11172.000000,46867.000000
16112.000000,19359.000000,11132.000000,46860.000000
16118.000000,19379.000000,11152.000000,46838.000000
16111.000000,19383.000000,11152.000000,46858.000000
16101.000000,19372.000000,11137.000000,46821.000000
16113.000000,19384.000000,11093.000000,46833.000000
16096.000000,19371.000000,11111.000000,46825.000000
16060.000000,19354.000000,11083.000000,46822.000000
16084.000000,19315.000000,11060.000000,46810.000000
16075.000000,19331.000000,11100.000000,46842.000000
16076.000000,19315.000000,11061.000000,46811.000000
16066.000000,19317.000000,11080.000000,46806.000000
16083.000000,19359.000000,11082.000000,46825.000000
16052.000000,19312.000000,11087.000000,46815.000000
16076.000000,19347.000000,11043.000000,46814.000000
16052.000000,19312.000000,11084.000000,46809.000000
16034.000000,19332.000000,11052.000000,46833.000000
15998.000000,19315.000000,11026.000000,46803.000000
16033.000000,19301.000000,11033.000000,46810.000000
16023.000000,19288.000000,11056.000000,46817.000000
16020.000000,19323.000000,11044.000000,46799.000000
16046.000000,19320.000000,11037.000000,47063.000000
16025.000000,19279.000000,11015.000000,46784.000000
15990.000000,19299.000000,11024.000000,46770.000000
16016.000000,19287.000000,11017.000000,46787.000000
16027.000000,19285.000000,11048.000000,46804.000000
16032.000000,19299.000000,11017.000000,46772.000000
16013.000000,19287.000000,11019.000000,46796.000000
16021.000000,19323.000000,11028.000000,46802.000000
16021.000000,19296.000000,11023.000000,46799.000000
16040.000000,19277.000000,11028.000000,46788.000000
16045.000000,19264.000000,11014.000000,46794.000000
16011.000000,19297.000000,11039.000000,46789.000000
16005.000000,19264.000000,11013.000000,46790.000000
16034.000000,19289.000000,10995.000000,46789.000000
16018.000000,19306.000000,11027.000000,46795.000000
16039.000000,19275.000000,11023.000000,46784.000000
16007.000000,19265.000000,10997.000000,46778.000000
15999.000000,19307.000000,10984.000000,46792.000000
16030.000000,19288.000000,11037.000000,46768.000000
16004.000000,19295.000000,11008.000000,46773.000000
16033.000000,19279.000000,10986.000000,46786.000000
15998.000000,19260.000000,10999.000000,46743.000000
15999.000000,19273.000000,10971.000000,46799.000000
16014.000000,19281.000000,11004.000000,46781.000000
15998.000000,19263.000000,10970.000000,46798.000000
16040.000000,19287.000000,10981.000000,46803.000000
16002.000000,19267.000000,10978.000000,46748.000000
16018.000000,19307.000000,11014.000000,46809.000000
16035.000000,19264.000000,10963.000000,46783.000000
15979.000000,19281.000000,10978.000000,46783.000000
16005.000000,19275.000000,10994.000000,46768.000000
16006.000000,19279.000000,11002.000000,46808.000000
16045.000000,19263.000000,10987.000000,46799.000000
16020.000000,19299.000000,10981.000000,46791.000000
16040.000000,19304.000000,10979.000000,46819.000000
16062.000000,19289.000000,10982.000000,46792.000000
16069.000000,19316.000000,11002.000000,46809.000000
16073.000000,19295.000000,11015.000000,46786.000000
16056.000000,19303.000000,10972.000000,46790.000000
16072.000000,19325.000000,11034.000000,46843.000000
16110.000000,19307.000000,11062.000000,46843.000000
16082.000000,19319.000000,11020.000000,46810.000000
16110.000000,19345.000000,11056.000000,46856.000000
16135.000000,19346.000000,11078.000000,46857.000000
16086.000000,19345.000000,11070.000000,46825.000000
16136.000000,19354.000000,11102.000000,46828.000000
16140.000000,19345.000000,11086.000000,46836.000000
16189.000000,19368.000000,11131.000000,46873.000000
16186.000000,19373.000000,11130.000000,46852.000000
16217.000000,19404.000000,11128.000000,46858.000000
16186.000000,19415.000000,11147.000000,46881.000000
16235.000000,19403.000000,11122.000000,46887.000000
16227.000000,19417.000000,11172.000000,46906.000000
16264.000000,19447.000000,11203.000000,46896.000000
16265.000000,19437.000000,11173.000000,46902.000000
16302.000000,19440.000000,11203.000000,46912.000000
16308.000000,19476.000000,11231.000000,46942.000000
16297.000000,19481.000000,11265.000000,46964.000000
16369.000000,19520.000000,11268.000000,46965.000000
16390.000000,19503.000000,11285.000000,46975.000000
16399.000000,19541.000000,11330.000000,47007.000000
16417.000000,19567.000000,11347.000000,47011.000000
16424.000000,19572.000000,11352.000000,47007.000000
16477.000000,19574.000000,11365.000000,46989.000000
16482.000000,19614.000000,11389.000000,47027.000000
16462.000000,19603.000000,11377.000000,47035.000000
16487.000000,19613.000000,11371.000000,47020.000000
16520.000000,19615.000000,11370.000000,47033.000000
16537.000000,19635.000000,11391.000000,47055.000000
16518.000000,19623.000000,11387.000000,47035.000000
16541.000000,19616.000000,11386.000000,47051.000000
16551.000000,19673.000000,11383.000000,47051.000000
16524.000000,19625.000000,11387.000000,47023.000000
16511.000000,19629.000000,11373.000000,47047.000000
16522.000000,19633.000000,11356.000000,47037.000000
16528.000000,19634.000000,11392.000000,47025.000000
16501.000000,19606.000000,11355.000000,47014.000000
16500.000000,19595.000000,11368.000000,47031.000000
16496.000000,19576.000000,11349.000000,46999.000000
16488.000000,19619.000000,11373.000000,47015.000000
16436.000000,19572.000000,11348.000000,46989.000000
16476.000000,19551.000000,11327.000000,46993.000000
16450.000000,19595.000000,11356.000000,47026.000000
16466.000000,19572.000000,11337.000000,46993.000000
16443.000000,19569.000000,11303.000000,46988.000000
16459.000000,19551.000000,11335.000000,47003.000000
16466.000000,19575.000000,11275.000000,46990.000000
16439.000000,19583.000000,11307.000000,46955.000000
16427.000000,19591.000000,11320.000000,47009.000000
16423.000000,19570.000000,11293.000000,46951.000000
16437.000000,19564.000000,11290.000000,46985.000000
16426.000000,19581.000000,11319.000000,46971.000000
16418.000000,19561.000000,11288.000000,46971.000000
16389.000000,19538.000000,11296.000000,46961.000000
16414.000000,19530.000000,11295.000000,46963.000000
16401.000000,19531.000000,11279.000000,46975.000000
16380.000000,19531.000000,11235.000000,46964.000000
16386.000000,19546.000000,11243.000000,46963.000000
16386.000000,19505.000000,11247.000000,46961.000000
16385.000000,19515.000000,11262.000000,46951.000000
16378.000000,19520.000000,11252.000000,46981.000000
16372.000000,19544.000000,11262.000000,46952.000000
16389.000000,19546.000000,11243.000000,46937.000000
16362.000000,19530.000000,11227.000000,46935.000000
16366.000000,19519.000000,11221.000000,46959.000000
16381.000000,19491.000000,11251.000000,46943.000000
16320.000000,19475.000000,11196.000000,46925.000000
16342.000000,19476.000000,11214.000000,46908.000000
16350.000000,19534.000000,11218.000000,46917.000000
16346.000000,19459.000000,11197.000000,46928.000000
16320.000000,19472.000000,11192.000000,46917.000000
16304.000000,19473.000000,11177.000000,46916.000000
16323.000000,19490.000000,11203.000000,46947.000000
16308.000000,19457.000000,11177.000000,46919.000000
16341.000000,19466.000000,11180.000000,46906.000000
16328.000000,19469.000000,11195.000000,46907.000000
16309.000000,19468.000000,11167.000000,46898.000000
16287.000000,19472.000000,11156.000000,46882.000000
16346.000000,19484.000000,11186.000000,46893.000000
16348.000000,19499.000000,11185.000000,46927.000000
16345.000000,19432.000000,11156.000000,46895.000000
16334.000000,19481.000000,11179.000000,46917.000000
16331.000000,19471.000000,11167.000000,46900.000000
16359.000000,19484.000000,11148.000000,46944.000000
16325.000000,19457.000000,11123.000000,46907.000000
16331.000000,19465.000000,11170.000000,46895.000000
16346.000000,19489.000000,11147.000000,46949.000000
16344.000000,19468.000000,11148.000000,46871.000000
16350.000000,19443.000000,11157.000000,46909.000000
16379.000000,19479.000000,11165.000000,46905.000000
16338.000000,19506.000000,11167.000000,46912.000000
16362.000000,19462.000000,11141.000000,46894.000000
16343.000000,19464.000000,11164.000000,46897.000000
16367.000000,19448.000000,11133.000000,46904.000000
16325.000000,19462.000000,11144.000000,46927.000000
16309.000000,19448.000000,11126.000000,46903.000000
16326.000000,19466.000000,11148.000000,46918.000000
16327.000000,19457.000000,11179.000000,46932.000000
16312.000000,19448.000000,11139.000000,46908.000000
16319.000000,19456.000000,11122.000000,46906.000000
16325.000000,19459.000000,11154.000000,46915.000000
16345.000000,19465.000000,11134.000000,46893.000000
16317.000000,19439.000000,11144.000000,46913.000000
16357.000000,19444.000000,11155.000000,46915.000000
16338.000000,19457.000000,11162.000000,46908.000000
16339.000000,19439.000000,11158.000000,46899.000000
16308.000000,19445.000000,11135.000000,46903.000000
16381.000000,19470.000000,11147.000000,46911.000000
16332.000000,19451.000000,11168.000000,46889.000000
16307.000000,19443.000000,11116.000000,46899.000000
16327.000000,19442.000000,11116.000000,46919.000000
16345.000000,19459.000000,11177.000000,46922.000000
16330.000000,19439.000000,11109.000000,46867.000000
16326.000000,19447.000000,11129.000000,46889.000000
16324.000000,19443.000000,11124.000000,46918.000000
16358.000000,19453.000000,11136.000000,46906.000000
16346.000000,19452.000000,11168.000000,46921.000000
16367.000000,19437.000000,11132.000000,46916.000000
16382.000000,19463.000000,11145.000000,46905.000000
16362.000000,19473.000000,11148.000000,46919.000000
16366.000000,19439.000000,11157.000000,46916.000000
16411.000000,19453.000000,11133.000000,46901.000000
16384.000000,19474.000000,11155.000000,46935.000000
16387.000000,19470.000000,11150.000000,46951.000000
16383.000000,19486.000000,11168.000000,46920.000000
16429.000000,19502.000000,11180.000000,46937.000000
16450.000000,19502.000000,11179.000000,46963.000000
16432.000000,19493.000000,11178.000000,46949.000000
16471.000000,19500.000000,11221.000000,46971.000000
16465.000000,19532.000000,11203.000000,46947.000000
16479.000000,19542.000000,11204.000000,46975.000000
16493.000000,19516.000000,11244.000000,47005.000000
16520.000000,19521.000000,11227.000000,47010.000000
16545.000000,19517.000000,11241.000000,46998.000000
16521.000000,19559.000000,11227.000000,46976.000000
16546.000000,19581.000000,11256.000000,47009.000000
16569.000000,19569.000000,11274.000000,47017.000000
16611.000000,19580.000000,11295.000000,47007.000000
16597.000000,19606.000000,11298.000000,47059.000000
16656.000000,19624.000000,11320.000000,47035.000000
16630.000000,19599.000000,11323.000000,47071.000000
16692.000000,19631.000000,11350.000000,47081.000000
16698.000000,19651.000000,11345.000000,47091.000000
16715.000000,19650.000000,11368.000000,47060.000000
16719.000000,19649.000000,11378.000000,47080.000000
16783.000000,19680.000000,11379.000000,47094.000000
16779.000000,19686.000000,11437.000000,47124.000000
16808.000000,19723.000000,11438.000000,47135.000000
16844.000000,19723.000000,11476.000000,47151.000000
16862.000000,19767.000000,11520.000000,47152.000000
17157.000000,19797.000000,11502.000000,47168.000000
16921.000000,19791.000000,11525.000000,47207.000000
16962.000000,19803.000000,11548.000000,47186.000000
16948.000000,19863.000000,11565.000000,47220.000000
16995.000000,19839.000000,11593.000000,47210.000000
17007.000000,19883.000000,11612.000000,47227.000000
17002.000000,19855.000000,11594.000000,47226.000000
17009.000000,19883.000000,11591.000000,47227.000000
17053.000000,19862.000000,11631.000000,47240.000000
17059.000000,19880.000000,11639.000000,47252.000000
17062.000000,19904.000000,11630.000000,47252.000000
17084.000000,19863.000000,11599.000000,47223.000000
17071.000000,19909.000000,11639.000000,47253.000000
17112.000000,19889.000000,11602.000000,47233.000000
17075.000000,19863.000000,11597.000000,47207.000000
17105.000000,19877.000000,11592.000000,47221.000000
17089.000000,19902.000000,11584.000000,47228.000000
17055.000000,19875.000000,11583.000000,47228.000000
17107.000000,19868.000000,11599.000000,47222.000000
17112.000000,19896.000000,11576.000000,47253.000000
17057.000000,19905.000000,11601.000000,47228.000000
17108.000000,19873.000000,11586.000000,47235.000000
17090.000000,19847.000000,11555.000000,47228.000000
17069.000000,19904.000000,11572.000000,47250.000000
17047.000000,19868.000000,11554.000000,47208.000000
17064.000000,19855.000000,11533.000000,47229.000000
17073.000000,19879.000000,11575.000000,47207.000000
17065.000000,19869.000000,11553.000000,47190.000000
17324.000000,19859.000000,11527.000000,47187.000000
17073.000000,19855.000000,11551.000000,47213.000000
17050.000000,19871.000000,11494.000000,47183.000000
17052.000000,19831.000000,11497.000000,47192.000000
17053.000000,19851.000000,11504.000000,47222.000000
17080.000000,19837.000000,11515.000000,47193.000000
17050.000000,19780.000000,11485.000000,47176.000000
17028.000000,19827.000000,11475.000000,47205.000000
17061.000000,19813.000000,11467.000000,47180.000000
17018.000000,19799.000000,11472.000000,47181.000000
17024.000000,19801.000000,11466.000000,47175.000000
17060.000000,19827.000000,11438.000000,47154.000000
17012.000000,19785.000000,11438.000000,47178.000000
16994.000000,19787.000000,11419.000000,47162.000000
17020.000000,19773.000000,11406.000000,47157.000000
17025.000000,19793.000000,11406.000000,47144.000000
17000.000000,19792.000000,11396.000000,47178.000000
17022.000000,19791.000000,11417.000000,47141.000000
17005.000000,19801.000000,11385.000000,47141.000000
17035.000000,19791.000000,11418.000000,47117.000000
17001.000000,19771.000000,11397.000000,47123.000000
17021.000000,19771.000000,11359.000000,47142.000000
17030.000000,19740.000000,11391.000000,47131.000000
16985.000000,19764.000000,11345.000000,47140.000000
17005.000000,19747.000000,11336.000000,47124.000000
17029.000000,19740.000000,11341.000000,47140.000000
17012.000000,19765.000000,11321.000000,47113.000000
16979.000000,19759.000000,11317.000000,47137.000000
17020.000000,19719.000000,11300.000000,47095.000000
17027.000000,19724.000000,11337.000000,47145.000000
17030.000000,19732.000000,11322.000000,47116.000000
17019.000000,19725.000000,11310.000000,47111.000000
17024.000000,19731.000000,11308.000000,47146.000000
17039.000000,19738.000000,11280.000000,47117.000000
17026.000000,19731.000000,11278.000000,47095.000000
17033.000000,19715.000000,11268.000000,47083.000000
17026.000000,19697.000000,11287.000000,47139.000000
17041.000000,19719.000000,11267.000000,47118.000000
17017.000000,19701.000000,11243.000000,47099.000000
17047.000000,19706.000000,11284.000000,47120.000000
17067.000000,19716.000000,11288.000000,47130.000000
17057.000000,19711.000000,11259.000000,47125.000000
17070.000000,19723.000000,11273.000000,47107.000000
17066.000000,19716.000000,11300.000000,47130.000000
17083.000000,19712.000000,11268.000000,47143.000000
17047.000000,19724.000000,11288.000000,47113.000000
17068.000000,19725.000000,11250.000000,47122.000000
17090.000000,19711.000000,11278.000000,47112.000000
17067.000000,19727.000000,11256.000000,47083.000000
17092.000000,19716.000000,11270.000000,47112.000000
17086.000000,19712.000000,11246.000000,47127.000000
17072.000000,19694.000000,11231.000000,47113.000000
17100.000000,19691.000000,11253.000000,47121.000000
17112.000000,19691.000000,11266.000000,47108.000000
17100.000000,19729.000000,11260.000000,47114.000000
17089.000000,19727.000000,11259.000000,47115.000000
17085.000000,19705.000000,11242.000000,47128.000000
17103.000000,19711.000000,11229.000000,47126.000000
17097.000000,19705.000000,11246.000000,47130.000000
17107.000000,19698.000000,11248.000000,47103.000000
17105.000000,19731.000000,11275.000000,47126.000000
17128.000000,19734.000000,11228.000000,47113.000000
17113.000000,19713.000000,11248.000000,47090.000000
17111.000000,19687.000000,11251.000000,47114.000000
17120.000000,19723.000000,11256.000000,47140.000000
17118.000000,19724.000000,11276.000000,47128.000000
17120.000000,19709.000000,11236.000000,47119.000000
17128.000000,19711.000000,11243.000000,47136.000000
17135.000000,19715.000000,11222.000000,47140.000000
17086.000000,19695.000000,11230.000000,47134.000000
17127.000000,19719.000000,11239.000000,47128.000000
17120.000000,19712.000000,11237.000000,47150.000000
17095.000000,19673.000000,11251.000000,47116.000000
17100.000000,19725.000000,11258.000000,47123.000000
17098.000000,19715.000000,11297.000000,47174.000000
17089.000000,19670.000000,11247.000000,47127.000000
17115.000000,19729.000000,11286.000000,47154.000000
17127.000000,19744.000000,11287.000000,47176.000000
17138.000000,19693.000000,11294.000000,47134.000000
17121.000000,19717.000000,11291.000000,47160.000000
17125.000000,19735.000000,11314.000000,47160.000000
17107.000000,19738.000000,11281.000000,47158.000000
17145.000000,19723.000000,11309.000000,47154.000000
17109.000000,19767.000000,11334.000000,47182.000000
17155.000000,19735.000000,11333.000000,47178.000000
17183.000000,19756.000000,11375.000000,47174.000000
17196.000000,19747.000000,11354.000000,47214.000000
17201.000000,19797.000000,11381.000000,47223.000000
17242.000000,19789.000000,11372.000000,47218.000000
17258.000000,19835.000000,11457.000000,47244.000000
17298.000000,19821.000000,11417.000000,47251.000000
17280.000000,19835.000000,11437.000000,47271.000000
17284.000000,19871.000000,11447.000000,47253.000000
17316.000000,19871.000000,11463.000000,47264.000000
17307.000000,19903.000000,11486.000000,47287.000000
17361.000000,19899.000000,11497.000000,47292.000000
17354.000000,19923.000000,11554.000000,47305.000000
17397.000000,19919.000000,11547.000000,47291.000000
17400.000000,19960.000000,11542.000000,47337.000000
17412.000000,19969.000000,11574.000000,47365.000000
17405.000000,19957.000000,11628.000000,47330.000000
17412.000000,19944.000000,11621.000000,47389.000000
17477.000000,19971.000000,11637.000000,47380.000000
17451.000000,20008.000000,11658.000000,47365.000000
17459.000000,20002.000000,11648.000000,47367.000000
17494.000000,19989.000000,11664.000000,47397.000000
17509.000000,20016.000000,11664.000000,47392.000000
17498.000000,20027.000000,11689.000000,47389.000000
17488.000000,19991.000000,11660.000000,47379.000000
17527.000000,20037.000000,11701.000000,47403.000000
17547.000000,20015.000000,11693.000000,47404.000000
17532.000000,20036.000000,11682.000000,47399.000000
17540.000000,20042.000000,11689.000000,47405.000000
17549.000000,20299.000000,11685.000000,47373.000000
17500.000000,20034.000000,11662.000000,47400.000000
17521.000000,20022.000000,11656.000000,47350.000000
17532.000000,20012.000000,11663.000000,47376.000000
17535.000000,20024.000000,11683.000000,47378.000000
17544.000000,20000.000000,11633.000000,47361.000000
17554.000000,20007.000000,11646.000000,47359.000000
17551.000000,20022.000000,11656.000000,47380.000000
17535.000000,20283.000000,11613.000000,47393.000000
17546.000000,20243.000000,11644.000000,47394.000000
17531.000000,20281.000000,11612.000000,47392.000000
17502.000000,20002.000000,11615.000000,47375.000000
17481.000000,19980.000000,11605.000000,47353.000000
17498.000000,19969.000000,11594.000000,47371.000000
17471.000000,19959.000000,11589.000000,47357.000000
17478.000000,19949.000000,11569.000000,47336.000000
17541.000000,19969.000000,11569.000000,47337.000000
17489.000000,19948.000000,11557.000000,47347.000000
17481.000000,19944.000000,11562.000000,47357.000000
17480.000000,19924.000000,11562.000000,47350.000000
17480.000000,19936.000000,11536.000000,47339.000000
17448.000000,19891.000000,11506.000000,47332.000000
17428.000000,19879.000000,11529.000000,47308.000000
17483.000000,19913.000000,11517.000000,47332.000000
17438.000000,19877.000000,11460.000000,47326.000000
17482.000000,19888.000000,11463.000000,47335.000000
17443.000000,19916.000000,11468.000000,47316.000000
17473.000000,19891.000000,11463.000000,47302.000000
17474.000000,19883.000000,11444.000000,47306.000000
17490.000000,19872.000000,11463.000000,47295.000000
17425.000000,19857.000000,11412.000000,47282.000000
17444.000000,19852.000000,11401.000000,47272.000000
17419.000000,19857.000000,11435.000000,47300.000000
17458.000000,19843.000000,11407.000000,47305.000000
17440.000000,19841.000000,11404.000000,47273.000000
17419.000000,19816.000000,11374.000000,47267.000000
17454.000000,19848.000000,11415.000000,47264.000000
17448.000000,19869.000000,11409.000000,47277.000000
17495.000000,19810.000000,11355.000000,47289.000000
17504.000000,19835.000000,11375.000000,47318.000000
17505.000000,19832.000000,11362.000000,47271.000000
17486.000000,19840.000000,11384.000000,47301.000000
17508.000000,19845.000000,11376.000000,47314.000000
17525.000000,19868.000000,11407.000000,47316.000000
17500.000000,19863.000000,11367.000000,47282.000000
17512.000000,19864.000000,11393.000000,47298.000000
17526.000000,19877.000000,11418.000000,47309.000000
17505.000000,19863.000000,11404.000000,47315.000000
17519.000000,19868.000000,11414.000000,47274.000000
17487.000000,19861.000000,11443.000000,47326.000000
17497.000000,19890.000000,11446.000000,47314.000000
17500.000000,19849.000000,11416.000000,47288.000000
17487.000000,19867.000000,11458.000000,47307.000000
17492.000000,19905.000000,11427.000000,47318.000000
17508.000000,19887.000000,11464.000000,47331.000000
17508.000000,19864.000000,11456.000000,47317.000000
17505.000000,19879.000000,11473.000000,47307.000000
17507.000000,19871.000000,11449.000000,47352.000000
17472.000000,19876.000000,11432.000000,47309.000000
17483.000000,19900.000000,11467.000000,47325.000000
17498.000000,19857.000000,11430.000000,47337.000000
17501.000000,19896.000000,11457.000000,47308.000000
17484.000000,19901.000000,11453.000000,47299.000000
17483.000000,19925.000000,11493.000000,47349.000000
17475.000000,19880.000000,11432.000000,47309.000000
17496.000000,19889.000000,11462.000000,47334.000000
17515.000000,19919.000000,11477.000000,47351.000000
17522.000000,19943.000000,11469.000000,47314.000000
17543.000000,19889.000000,11480.000000,47343.000000
17552.000000,19911.000000,11489.000000,47330.000000
17517.000000,19949.000000,11469.000000,47352.000000
17553.000000,19905.000000,11478.000000,47316.000000
17541.000000,19935.000000,11468.000000,47345.000000
17559.000000,19925.000000,11481.000000,47336.000000
17550.000000,19920.000000,11454.000000,47317.000000
17557.000000,19917.000000,11454.000000,47338.000000
17559.000000,19941.000000,11477.000000,47341.000000
17531.000000,19955.000000,11473.000000,47323.000000
17565.000000,19939.000000,11469.000000,47325.000000
17582.000000,19943.000000,11490.000000,47337.000000
17565.000000,19952.000000,11465.000000,47328.000000
17618.000000,19957.000000,11467.000000,47351.000000
17579.000000,19945.000000,11467.000000,47342.000000
17591.000000,19947.000000,11470.000000,47355.000000
17558.000000,19915.000000,11464.000000,47335.000000
17587.000000,19972.000000,11516.000000,47320.000000
17596.000000,19961.000000,11492.000000,47366.000000
17606.000000,19961.000000,11495.000000,47365.000000
17593.000000,20005.000000,11467.000000,47376.000000
17622.000000,19959.000000,11496.000000,47379.000000
17644.000000,20265.000000,11554.000000,47356.000000
17631.000000,19979.000000,11526.000000,47375.000000
17639.000000,19990.000000,11567.000000,47411.000000
17663.000000,20015.000000,11554.000000,47395.000000
17702.000000,20006.000000,11542.000000,47399.000000
17716.000000,20074.000000,11604.000000,47436.000000
17701.000000,20049.000000,11602.000000,47431.000000
17685.000000,20046.000000,11610.000000,47413.000000
17718.000000,20083.000000,11584.000000,47427.000000
17746.000000,20069.000000,11625.000000,47467.000000
17747.000000,20075.000000,11657.000000,47430.000000
17759.000000,20102.000000,11651.000000,47473.000000
17800.000000,20119.000000,11703.000000,47475.000000
17833.000000,20183.000000,11690.000000,47493.000000
17795.000000,20125.000000,11710.000000,47476.000000
17865.000000,20147.000000,11767.000000,47473.000000
17876.000000,20195.000000,11761.000000,47523.000000
17874.000000,20172.000000,11792.000000,47536.000000
17880.000000,20210.000000,11791.000000,47505.000000
17942.000000,20223.000000,11797.000000,47551.000000
17933.000000,20197.000000,11836.000000,47548.000000
17925.000000,20261.000000,11846.000000,47554.000000
17979.000000,20283.000000,11883.000000,47591.000000
18016.000000,20265.000000,11899.000000,47603.000000
18010.000000,20311.000000,11921.000000,47591.000000
18054.000000,20307.000000,11953.000000,47630.000000
18078.000000,20364.000000,11967.000000,47644.000000
18091.000000,20340.000000,11997.000000,47678.000000
18129.000000,20411.000000,11992.000000,47699.000000
18167.000000,20403.000000,12027.000000,47683.000000
18180.000000,20406.000000,12038.000000,47689.000000
18163.000000,20420.000000,12050.000000,47691.000000
18198.000000,20425.000000,12080.000000,47704.000000
18218.000000,20482.000000,12096.000000,47720.000000
18216.000000,20451.000000,12099.000000,47709.000000
18229.000000,20460.000000,12086.000000,47731.000000
18239.000000,20463.000000,12101.000000,47713.000000
18245.000000,20464.000000,12086.000000,47754.000000
18237.000000,20473.000000,12110.000000,47738.000000
18254.000000,20492.000000,12126.000000,47725.000000
18234.000000,20452.000000,12090.000000,47728.000000
18217.000000,20449.000000,12099.000000,47709.000000
18248.000000,20458.000000,12062.000000,47687.000000
18227.000000,20463.000000,12093.000000,47715.000000
18214.000000,20433.000000,12071.000000,47697.000000
18239.000000,20480.000000,12080.000000,47712.000000
18207.000000,20475.000000,12080.000000,47688.000000
18229.000000,20423.000000,12087.000000,47696.000000
18210.000000,20431.000000,12076.000000,47723.000000
18178.000000,20457.000000,12073.000000,47677.000000
18202.000000,20432.000000,12046.000000,47651.000000
18196.000000,20443.000000,12052.000000,47701.000000
18209.000000,20392.000000,12049.000000,47727.000000
18159.000000,20424.000000,12044.000000,47676.000000
18188.000000,20416.000000,12016.000000,47687.000000
18126.000000,20417.000000,12025.000000,47665.000000
18149.000000,20391.000000,12019.000000,47684.000000
18419.000000,20397.000000,12003.000000,47673.000000
18135.000000,20379.000000,11994.000000,47690.000000
18161.000000,20411.000000,12010.000000,47683.000000
18148.000000,20396.000000,12019.000000,47636.000000
18133.000000,20397.000000,11996.000000,47682.000000
18129.000000,20385.000000,11961.000000,47651.000000
18132.000000,20391.000000,11984.000000,47677.000000
18115.000000,20365.000000,11982.000000,47648.000000
18105.000000,20349.000000,11986.000000,47646.000000
18093.000000,20400.000000,11979.000000,47664.000000
18123.000000,20351.000000,11972.000000,47649.000000
18081.000000,20332.000000,11941.000000,47638.000000
18099.000000,20353.000000,11935.000000,47635.000000
18091.000000,20357.000000,11933.000000,47651.000000
18331.000000,20339.000000,11937.000000,47909.000000
18084.000000,20337.000000,11922.000000,47629.000000
18058.000000,20337.000000,11927.000000,47616.000000
18036.000000,20348.000000,11942.000000,47609.000000
18069.000000,20323.000000,11902.000000,47629.000000
18028.000000,20309.000000,11916.000000,47638.000000
18017.000000,20289.000000,11868.000000,47605.000000
18034.000000,20267.000000,11863.000000,47596.000000
18016.000000,20299.000000,11891.000000,47594.000000
18009.000000,20247.000000,11884.000000,47579.000000
18050.000000,20283.000000,11853.000000,47611.000000
17998.000000,20287.000000,11885.000000,47584.000000
18017.000000,20247.000000,11821.000000,47617.000000
17997.000000,20273.000000,11861.000000,47601.000000
17977.000000,20223.000000,11844.000000,47560.000000
17954.000000,20260.000000,11824.000000,47579.000000
17977.000000,20249.000000,11803.000000,47569.000000
17959.000000,20251.000000,11818.000000,47578.000000
17965.000000,20270.000000,11811.000000,47571.000000
17977.000000,20217.000000,11833.000000,47579.000000
17963.000000,20235.000000,11800.000000,47570.000000
17973.000000,20231.000000,11812.000000,47569.000000
17936.000000,20460.000000,11787.000000,47576.000000
17945.000000,20221.000000,11785.000000,47521.000000
17957.000000,20247.000000,11805.000000,47563.000000
17935.000000,20199.000000,11795.000000,47546.000000
17940.000000,20211.000000,11808.000000,47558.000000
17942.000000,20211.000000,11764.000000,47551.000000
17942.000000,20202.000000,11790.000000,47552.000000
