660nm,730nm,850nm,940nm
56612.000000,57414.000000,48441.000000,33196.000000
56671.000000,57442.000000,48447.000000,33175.000000
56662.000000,57392.000000,48446.000000,33184.000000
56646.000000,57388.000000,48445.000000,33171.000000
56656.000000,57413.000000,48421.000000,33199.000000
56656.000000,57407.000000,48429.000000,33168.000000
56624.000000,57392.000000,48434.000000,33155.000000
56671.000000,57405.000000,48431.000000,33153.000000
56634.000000,57411.000000,48427.000000,33179.000000
56631.000000,57420.000000,48436.000000,33171.000000
56621.000000,57434.000000,48430.000000,33169.000000
56613.000000,57402.000000,48403.000000,33160.000000
56619.000000,57400.000000,48408.000000,33142.000000
56611.000000,57400.000000,48399.000000,33161.000000
56618.000000,57399.000000,48403.000000,33179.000000
56646.000000,57420.000000,48435.000000,33183.000000
56610.000000,57398.000000,48412.000000,33169.000000
56606.000000,57397.000000,48439.000000,33188.000000
56617.000000,57407.000000,48405.000000,33173.000000
56587.000000,57347.000000,48376.000000,33162.000000
56588.000000,57386.000000,48401.000000,33144.000000
56628.000000,57315.000000,48391.000000,33155.000000
56596.000000,57411.000000,48360.000000,33164.000000
56580.000000,57393.000000,48397.000000,33160.000000
56602.000000,57360.000000,48360.000000,33153.000000
56620.000000,57377.000000,48356.000000,33120.000000
56593.000000,57367.000000,48394.000000,33149.000000
56553.000000,57342.000000,48377.000000,33115.000000
56562.000000,57392.000000,48371.000000,33158.000000
56581.000000,57366.000000,48351.000000,33128.000000
56568.000000,57364.000000,48358.000000,33163.000000
56567.000000,57343.000000,48383.000000,33164.000000
56546.000000,57339.000000,48351.000000,33130.000000
56550.000000,57344.000000,48359.000000,33155.000000
56523.000000,57340.000000,48337.000000,33141.000000
56570.000000,57333.000000,48347.000000,33146.000000
56547.000000,57339.000000,48353.000000,33148.000000
56546.000000,57343.000000,48355.000000,33143.000000
56543.000000,57334.000000,48321.000000,33117.000000
56562.000000,57281.000000,48335.000000,33128.000000
56542.000000,57309.000000,48315.000000,33119.000000
56546.000000,57310.000000,48331.000000,33120.000000
56553.000000,57356.000000,48344.000000,33129.000000
56545.000000,57310.000000,48323.000000,33130.000000
56532.000000,57339.000000,48338.000000,33118.000000
56560.000000,57329.000000,48304.000000,33142.000000
56572.000000,57348.000000,48306.000000,33115.000000
56544.000000,57327.000000,48305.000000,33126.000000
56542.000000,57339.000000,48314.000000,33144.000000
56524.000000,57344.000000,48312.000000,33132.000000
56502.000000,57340.000000,48319.000000,33128.000000
56519.000000,57332.000000,48295.000000,33119.000000
56519.000000,57303.000000,48260.000000,33103.000000
56492.000000,57297.000000,48285.000000,33108.000000
56477.000000,57274.000000,48280.000000,33099.000000
56466.000000,57279.000000,48267.000000,33112.000000
56491.000000,57309.000000,48243.000000,33094.000000
56476.000000,57262.000000,48255.000000,33068.000000
56460.000000,57269.000000,48247.000000,33073.000000
56447.000000,57253.000000,48267.000000,33093.000000
56460.000000,57266.000000,48265.000000,33090.000000
56458.000000,57228.000000,48265.000000,33096.000000
56463.000000,57291.000000,48224.000000,33079.000000
56464.000000,57271.000000,48259.000000,33084.000000
56440.000000,57277.000000,48201.000000,33093.000000
56464.000000,57251.000000,48232.000000,33070.000000
56428.000000,57242.000000,48207.000000,33059.000000
56444.000000,57245.000000,48204.000000,33060.000000
56434.000000,57224.000000,48246.000000,33103.000000
56428.000000,57236.000000,48199.000000,33082.000000
56432.000000,57240.000000,48230.000000,33074.000000
56436.000000,57209.000000,48208.000000,33081.000000
56414.000000,57238.000000,48214.000000,33074.000000
56378.000000,57194.000000,48180.000000,33069.000000
56426.000000,57207.000000,48190.000000,33041.000000
56371.000000,57197.000000,48152.000000,33062.000000
56348.000000,57207.000000,48183.000000,33063.000000
56334.000000,57173.000000,48143.000000,33044.000000
56323.000000,57150.000000,48151.000000,33026.000000
56317.000000,57152.000000,48131.000000,33010.000000
56305.000000,57150.000000,48105.000000,33000.000000
56307.000000,57126.000000,48074.000000,32980.000000
56283.000000,57097.000000,48081.000000,32977.000000
56259.000000,57112.000000,48070.000000,33014.000000
56244.000000,57093.000000,48054.000000,32975.000000
56221.000000,57097.000000,48054.000000,32986.000000
56218.000000,57091.000000,48044.000000,32964.000000
56230.000000,57097.000000,48028.000000,32974.000000
56193.000000,57088.000000,48035.000000,32999.000000
56220.000000,57072.000000,48043.000000,32965.000000
56241.000000,57089.000000,48062.000000,32980.000000
56246.000000,57069.000000,48040.000000,32964.000000
56237.000000,57095.000000,48066.000000,32974.000000
56257.000000,57085.000000,48054.000000,32990.000000
56272.000000,57117.000000,48049.000000,32989.000000
56261.000000,57080.000000,48047.000000,32970.000000
56239.000000,57115.000000,48069.000000,32981.000000
56248.000000,57134.000000,48086.000000,33000.000000
56235.000000,57099.000000,48077.000000,32987.000000
56293.000000,57128.000000,48064.000000,32987.000000
56292.000000,57122.000000,48108.000000,33016.000000
56269.000000,57142.000000,48103.000000,33004.000000
56274.000000,57114.000000,48118.000000,32999.000000
56278.000000,57130.000000,48105.000000,32992.000000
56291.000000,57118.000000,48101.000000,32997.000000
56301.000000,57131.000000,48092.000000,32999.000000
56310.000000,57149.000000,48101.000000,33017.000000
56294.000000,57168.000000,48138.000000,33026.000000
56290.000000,57148.000000,48112.000000,33021.000000
56308.000000,57151.000000,48136.000000,33031.000000
56337.000000,57146.000000,48179.000000,33040.000000
56346.000000,57161.000000,48167.000000,33025.000000
56422.000000,57231.000000,48217.000000,33068.000000
56438.000000,57243.000000,48234.000000,33071.000000
56461.000000,57272.000000,48269.000000,33094.000000
56506.000000,57276.000000,48269.000000,33104.000000
56509.000000,57337.000000,48302.000000,33114.000000
56558.000000,57338.000000,48343.000000,33122.000000
56546.000000,57336.000000,48360.000000,33129.000000
56582.000000,57407.000000,48407.000000,33157.000000
56599.000000,57390.000000,48394.000000,33175.000000
56631.000000,57418.000000,48445.000000,33170.000000
56644.000000,57425.000000,48462.000000,33205.000000
56666.000000,57431.000000,48463.000000,33195.000000
56665.000000,57447.000000,48453.000000,33223.000000
56661.000000,57442.000000,48485.000000,33193.000000
56677.000000,57452.000000,48505.000000,33215.000000
56682.000000,57468.000000,48497.000000,33214.000000
56654.000000,57438.000000,48485.000000,33200.000000
56694.000000,57458.000000,48492.000000,33203.000000
56668.000000,57449.000000,48483.000000,33200.000000
56645.000000,57483.000000,48492.000000,33218.000000
56660.000000,57479.000000,48489.000000,33205.000000
56672.000000,57450.000000,48484.000000,33249.000000
56642.000000,57471.000000,48504.000000,33200.000000
56631.000000,57468.000000,48458.000000,33187.000000
56669.000000,57451.000000,48452.000000,33205.000000
56664.000000,57466.000000,48456.000000,33212.000000
56693.000000,57473.000000,48487.000000,33217.000000
56704.000000,57457.000000,48481.000000,33237.000000
56641.000000,57473.000000,48475.000000,33193.000000
56662.000000,57463.000000,48488.000000,33197.000000
56671.000000,57490.000000,48470.000000,33195.000000
56652.000000,57452.000000,48480.000000,33201.000000
56659.000000,57474.000000,48482.000000,33191.000000
56661.000000,57474.000000,48464.000000,33203.000000
56647.000000,57450.000000,48498.000000,33167.000000
56655.000000,57445.000000,48465.000000,33192.000000
56680.000000,57464.000000,48485.000000,33199.000000
56627.000000,57440.000000,48448.000000,33217.000000
56643.000000,57429.000000,48444.000000,33210.000000
56617.000000,57441.000000,48459.000000,33213.000000
56640.000000,57462.000000,48449.000000,33185.000000
56614.000000,57448.000000,48464.000000,33195.000000
56633.000000,57413.000000,48440.000000,33177.000000
56643.000000,57436.000000,48451.000000,33199.000000
56626.000000,57412.000000,48431.000000,33176.000000
56613.000000,57433.000000,48445.000000,33200.000000
56633.000000,57453.000000,48460.000000,33191.000000
56613.000000,57422.000000,48411.000000,33189.000000
56600.000000,57443.000000,48440.000000,33169.000000
56608.000000,57411.000000,48431.000000,33155.000000
56624.000000,57429.000000,48425.000000,33189.000000
56610.000000,57426.000000,48410.000000,33159.000000
56606.000000,57426.000000,48392.000000,33156.000000
56597.000000,57393.000000,48412.000000,33160.000000
56594.000000,57405.000000,48408.000000,33156.000000
56607.000000,57392.000000,48427.000000,33154.000000
56585.000000,57405.000000,48437.000000,33174.000000
56584.000000,57386.000000,48385.000000,33167.000000
56597.000000,57390.000000,48416.000000,33198.000000
56577.000000,57375.000000,48376.000000,33174.000000
56558.000000,57408.000000,48358.000000,33148.000000
56585.000000,57361.000000,48405.000000,33169.000000
56556.000000,57379.000000,48391.000000,33135.000000
56608.000000,57407.000000,48398.000000,33165.000000
56559.000000,57356.000000,48400.000000,33148.000000
56575.000000,57365.000000,48386.000000,33143.000000
56587.000000,57392.000000,48386.000000,33138.000000
56555.000000,57391.000000,48381.000000,33161.000000
56565.000000,57347.000000,48380.000000,33146.000000
56544.000000,57375.000000,48374.000000,33126.000000
56576.000000,57360.000000,48365.000000,33170.000000
56530.000000,57381.000000,48360.000000,33136.000000
56553.000000,57334.000000,48362.000000,33146.000000
56549.000000,57358.000000,48375.000000,33158.000000
56549.000000,57343.000000,48364.000000,33135.000000
56536.000000,57368.000000,48343.000000,33156.000000
56535.000000,57358.000000,48354.000000,33136.000000
56530.000000,57344.000000,48332.000000,33123.000000
56510.000000,57355.000000,48362.000000,33140.000000
56513.000000,57305.000000,48315.000000,33105.000000
56507.000000,57354.000000,48289.000000,33128.000000
56507.000000,57347.000000,48317.000000,33135.000000
56506.000000,57311.000000,48284.000000,33109.000000
56502.000000,57348.000000,48301.000000,33129.000000
56512.000000,57312.000000,48287.000000,33131.000000
56465.000000,57335.000000,48275.000000,33119.000000
56475.000000,57286.000000,48279.000000,33101.000000
56476.000000,57289.000000,48297.000000,33130.000000
56494.000000,57304.000000,48282.000000,33119.000000
56459.000000,57293.000000,48257.000000,33128.000000
56435.000000,57276.000000,48256.000000,33099.000000
56481.000000,57276.000000,48277.000000,33111.000000
56457.000000,57282.000000,48245.000000,33110.000000
56463.000000,57281.000000,48246.000000,33096.000000
56457.000000,57292.000000,48245.000000,33100.000000
56462.000000,57284.000000,48257.000000,33109.000000
56451.000000,57245.000000,48255.000000,33113.000000
56444.000000,57251.000000,48244.000000,33113.000000
56428.000000,57293.000000,48250.000000,33073.000000
56422.000000,57241.000000,48244.000000,33070.000000
56411.000000,57233.000000,48241.000000,33095.000000
56447.000000,57225.000000,48241.000000,33076.000000
56427.000000,57236.000000,48236.000000,33068.000000
56391.000000,57261.000000,48206.000000,33072.000000
56387.000000,57215.000000,48234.000000,33074.000000
56410.000000,57224.000000,48199.000000,33066.000000
56388.000000,57179.000000,48210.000000,33072.000000
56385.000000,57237.000000,48195.000000,33059.000000
56368.000000,57225.000000,48181.000000,33090.000000
56377.000000,57216.000000,48198.000000,33060.000000
56353.000000,57199.000000,48184.000000,33063.000000
56348.000000,57218.000000,48187.000000,33065.000000
56344.000000,57203.000000,48155.000000,33031.000000
56325.000000,57173.000000,48137.000000,33038.000000
56332.000000,57190.000000,48135.000000,33034.000000
56287.000000,57130.000000,48111.000000,33009.000000
56282.000000,57124.000000,48089.000000,33013.000000
56259.000000,57142.000000,48065.000000,33009.000000
56245.000000,57100.000000,48078.000000,32977.000000
56238.000000,57085.000000,48080.000000,32990.000000
56197.000000,57120.000000,48080.000000,33012.000000
56217.000000,57122.000000,48060.000000,33000.000000
56219.000000,57113.000000,48060.000000,33003.000000
56217.000000,57092.000000,48043.000000,32958.000000
56222.000000,57115.000000,48057.000000,32983.000000
56224.000000,57124.000000,48065.000000,32994.000000
56202.000000,57084.000000,48063.000000,32993.000000
56219.000000,57109.000000,48051.000000,32972.000000
56215.000000,57118.000000,48064.000000,32987.000000
56229.000000,57086.000000,48090.000000,32989.000000
56186.000000,57112.000000,48071.000000,32986.000000
56236.000000,57107.000000,48079.000000,33011.000000
56215.000000,57093.000000,48016.000000,32992.000000
56200.000000,57113.000000,48064.000000,32996.000000
56256.000000,57146.000000,48066.000000,33009.000000
56235.000000,57124.000000,48115.000000,32996.000000
56239.000000,57097.000000,48080.000000,33019.000000
56242.000000,57153.000000,48095.000000,33014.000000
56288.000000,57105.000000,48116.000000,32995.000000
56284.000000,57124.000000,48093.000000,33008.000000
56263.000000,57135.000000,48090.000000,33013.000000
56264.000000,57104.000000,48098.000000,33039.000000
56269.000000,57129.000000,48112.000000,32981.000000
56275.000000,57143.000000,48093.000000,33030.000000
56267.000000,57147.000000,48129.000000,32997.000000
56279.000000,57156.000000,48117.000000,33027.000000
56267.000000,57131.000000,48090.000000,33012.000000
56280.000000,57148.000000,48112.000000,33028.000000
56281.000000,57141.000000,48119.000000,33037.000000
56296.000000,57174.000000,48134.000000,33031.000000
56307.000000,57165.000000,48179.000000,33036.000000
56339.000000,57176.000000,48167.000000,33036.000000
56365.000000,57180.000000,48189.000000,33039.000000
56410.000000,57224.000000,48212.000000,33098.000000
56415.000000,57234.000000,48230.000000,33101.000000
56447.000000,57280.000000,48283.000000,33076.000000
56465.000000,57285.000000,48287.000000,33110.000000
56481.000000,57303.000000,48332.000000,33143.000000
56519.000000,57321.000000,48314.000000,33150.000000
56506.000000,57356.000000,48357.000000,33147.000000
56550.000000,57382.000000,48385.000000,33144.000000
56606.000000,57377.000000,48422.000000,33173.000000
56584.000000,57390.000000,48413.000000,33161.000000
56615.000000,57401.000000,48439.000000,33179.000000
56614.000000,57444.000000,48439.000000,33207.000000
56588.000000,57405.000000,48443.000000,33175.000000
56627.000000,57434.000000,48461.000000,33186.000000
56608.000000,57392.000000,48475.000000,33174.000000
56629.000000,57412.000000,48418.000000,33174.000000
56614.000000,57447.000000,48448.000000,33187.000000
56608.000000,57424.000000,48472.000000,33180.000000
56620.000000,57400.000000,48428.000000,33180.000000
56634.000000,57427.000000,48466.000000,33198.000000
56612.000000,57414.000000,48444.000000,33177.000000
56593.000000,57398.000000,48441.000000,33178.000000
56644.000000,57426.000000,48445.000000,33175.000000
56625.000000,57414.000000,48456.000000,33196.000000
56607.000000,57385.000000,48408.000000,33168.000000
56612.000000,57379.000000,48438.000000,33168.000000
56615.000000,57401.000000,48459.000000,33171.000000
56606.000000,57418.000000,48420.000000,33199.000000
56567.000000,57410.000000,48435.000000,33189.000000
56611.000000,57401.000000,48433.000000,33180.000000
56587.000000,57429.000000,48419.000000,33183.000000
56590.000000,57359.000000,48449.000000,33159.000000
56573.000000,57389.000000,48413.000000,33169.000000
56619.000000,57390.000000,48411.000000,33183.000000
56605.000000,57414.000000,48422.000000,33172.000000
56592.000000,57381.000000,48398.000000,33165.000000
56575.000000,57375.000000,48391.000000,33175.000000
56556.000000,57404.000000,48398.000000,33150.000000
56597.000000,57374.000000,48399.000000,33128.000000
56602.000000,57405.000000,48401.000000,33165.000000
56572.000000,57386.000000,48404.000000,33160.000000
56544.000000,57374.000000,48393.000000,33146.000000
56588.000000,57394.000000,48385.000000,33160.000000
56545.000000,57378.000000,48400.000000,33156.000000
56557.000000,57384.000000,48381.000000,33135.000000
56565.000000,57413.000000,48364.000000,33138.000000
56529.000000,57376.000000,48373.000000,33133.000000
56545.000000,57326.000000,48390.000000,33154.000000
56558.000000,57360.000000,48393.000000,33141.000000
56565.000000,57353.000000,48388.000000,33146.000000
56552.000000,57348.000000,48384.000000,33143.000000
56550.000000,57348.000000,48381.000000,33145.000000
56567.000000,57357.000000,48377.000000,33152.000000
56545.000000,57312.000000,48323.000000,33141.000000
56527.000000,57332.000000,48340.000000,33145.000000
56521.000000,57347.000000,48345.000000,33158.000000
56533.000000,57317.000000,48369.000000,33123.000000
56561.000000,57346.000000,48365.000000,33139.000000
56535.000000,57343.000000,48345.000000,33144.000000
56540.000000,57334.000000,48350.000000,33119.000000
56519.000000,57347.000000,48354.000000,33154.000000
56528.000000,57321.000000,48334.000000,33121.000000
56535.000000,57323.000000,48352.000000,33127.000000
56517.000000,57312.000000,48343.000000,33148.000000
56523.000000,57313.000000,48332.000000,33119.000000
56508.000000,57325.000000,48338.000000,33125.000000
56539.000000,57302.000000,48332.000000,33131.000000
56496.000000,57308.000000,48341.000000,33121.000000
56490.000000,57287.000000,48296.000000,33104.000000
56484.000000,57319.000000,48293.000000,33143.000000
56466.000000,57279.000000,48307.000000,33118.000000
56471.000000,57302.000000,48293.000000,33114.000000
56463.000000,57296.000000,48321.000000,33135.000000
56452.000000,57275.000000,48308.000000,33131.000000
56450.000000,57277.000000,48283.000000,33105.000000
56492.000000,57292.000000,48293.000000,33130.000000
56436.000000,57276.000000,48295.000000,33134.000000
56488.000000,57276.000000,48284.000000,33092.000000
56472.000000,57285.000000,48281.000000,33136.000000
56480.000000,57285.000000,48307.000000,33093.000000
56465.000000,57262.000000,48298.000000,33123.000000
56475.000000,57265.000000,48294.000000,33097.000000
56475.000000,57264.000000,48260.000000,33102.000000
56452.000000,57261.000000,48279.000000,33077.000000
56470.000000,57257.000000,48249.000000,33091.000000
56445.000000,57251.000000,48260.000000,33092.000000
56435.000000,57250.000000,48243.000000,33084.000000
56430.000000,57258.000000,48265.000000,33117.000000
56427.000000,57244.000000,48234.000000,33089.000000
56444.000000,57233.000000,48238.000000,33086.000000
56388.000000,57259.000000,48229.000000,33111.000000
56433.000000,57274.000000,48240.000000,33081.000000
56366.000000,57212.000000,48239.000000,33066.000000
56395.000000,57230.000000,48229.000000,33062.000000
56389.000000,57251.000000,48218.000000,33085.000000
56384.000000,57208.000000,48183.000000,33083.000000
56359.000000,57235.000000,48217.000000,33064.000000
56390.000000,57228.000000,48197.000000,33072.000000
56395.000000,57200.000000,48203.000000,33068.000000
56383.000000,57215.000000,48182.000000,33059.000000
56345.000000,57187.000000,48207.000000,33033.000000
56388.000000,57209.000000,48168.000000,33066.000000
56373.000000,57240.000000,48182.000000,33063.000000
56344.000000,57183.000000,48182.000000,33032.000000
56382.000000,57223.000000,48202.000000,33057.000000
56389.000000,57209.000000,48204.000000,33058.000000
56362.000000,57231.000000,48198.000000,33080.000000
56373.000000,57197.000000,48201.000000,33062.000000
56374.000000,57218.000000,48184.000000,33048.000000
56364.000000,57196.000000,48205.000000,33025.000000
56339.000000,57200.000000,48178.000000,33049.000000
56348.000000,57186.000000,48165.000000,33054.000000
56329.000000,57180.000000,48141.000000,33018.000000
56309.000000,57157.000000,48170.000000,33031.000000
56320.000000,57127.000000,48139.000000,33032.000000
56304.000000,57145.000000,48116.000000,33003.000000
56274.000000,57112.000000,48092.000000,33019.000000
56247.000000,57128.000000,48091.000000,33011.000000
56214.000000,57113.000000,48102.000000,32982.000000
56226.000000,57095.000000,48066.000000,32998.000000
56224.000000,57083.000000,48043.000000,33001.000000
56210.000000,57079.000000,48062.000000,32979.000000
56186.000000,57077.000000,48046.000000,32980.000000
56169.000000,57075.000000,48026.000000,32988.000000
56197.000000,57083.000000,48036.000000,32998.000000
56181.000000,57072.000000,48053.000000,32992.000000
56173.000000,57081.000000,48029.000000,33010.000000
56171.000000,57055.000000,48008.000000,32976.000000
56177.000000,57052.000000,48034.000000,32973.000000
56167.000000,57059.000000,48029.000000,32980.000000
56187.000000,57054.000000,48057.000000,32969.000000
56185.000000,57060.000000,48037.000000,32991.000000
56183.000000,57081.000000,48032.000000,32982.000000
56198.000000,57085.000000,48011.000000,32986.000000
56172.000000,57041.000000,48011.000000,32994.000000
56181.000000,57059.000000,48017.000000,32982.000000
56181.000000,57041.000000,48032.000000,32968.000000
56163.000000,57060.000000,48027.000000,32960.000000
56189.000000,57061.000000,48059.000000,32972.000000
56191.000000,57086.000000,48029.000000,32979.000000
56171.000000,57080.000000,48078.000000,32975.000000
56180.000000,57073.000000,48037.000000,33001.000000
56212.000000,57084.000000,48067.000000,32999.000000
56241.000000,57067.000000,48081.000000,33007.000000
56232.000000,57077.000000,48072.000000,32971.000000
56244.000000,57139.000000,48081.000000,33011.000000
56251.000000,57115.000000,48107.000000,32994.000000
56272.000000,57111.000000,48105.000000,33023.000000
56301.000000,57115.000000,48128.000000,33024.000000
56341.000000,57169.000000,48163.000000,33042.000000
56352.000000,57164.000000,48172.000000,33053.000000
56375.000000,57201.000000,48222.000000,33062.000000
56365.000000,57228.000000,48218.000000,33062.000000
56423.000000,57244.000000,48258.000000,33076.000000
56461.000000,57273.000000,48294.000000,33090.000000
56476.000000,57313.000000,48311.000000,33122.000000
56521.000000,57312.000000,48341.000000,33098.000000
56539.000000,57348.000000,48357.000000,33179.000000
56533.000000,57365.000000,48407.000000,33152.000000
56568.000000,57384.000000,48431.000000,33167.000000
56582.000000,57405.000000,48421.000000,33174.000000
56600.000000,57406.000000,48462.000000,33193.000000
56616.000000,57415.000000,48456.000000,33213.000000
56595.000000,57421.000000,48473.000000,33198.000000
56599.000000,57427.000000,48462.000000,33192.000000
56653.000000,57420.000000,48476.000000,33198.000000
56610.000000,57425.000000,48472.000000,33204.000000
56618.000000,57422.000000,48481.000000,33193.000000
56606.000000,57417.000000,48466.000000,33169.000000
56600.000000,57437.000000,48455.000000,33193.000000
56619.000000,57442.000000,48494.000000,33196.000000
56575.000000,57425.000000,48449.000000,33168.000000
56607.000000,57423.000000,48478.000000,33196.000000
56610.000000,57423.000000,48440.000000,33165.000000
56619.000000,57420.000000,48419.000000,33181.000000
56587.000000,57420.000000,48430.000000,33198.000000
56623.000000,57414.000000,48439.000000,33160.000000
56607.000000,57409.000000,48403.000000,33171.000000
56616.000000,57411.000000,48444.000000,33150.000000
56569.000000,57387.000000,48417.000000,33194.000000
56596.000000,57407.000000,48393.000000,33166.000000
56581.000000,57417.000000,48431.000000,33177.000000
56576.000000,57405.000000,48417.000000,33178.000000
56570.000000,57376.000000,48426.000000,33177.000000
56589.000000,57393.000000,48435.000000,33159.000000
56571.000000,57416.000000,48435.000000,33154.000000
56580.000000,57388.000000,48422.000000,33137.000000
56604.000000,57372.000000,48429.000000,33181.000000
56579.000000,57415.000000,48410.000000,33176.000000
56568.000000,57371.000000,48418.000000,33174.000000
56549.000000,57396.000000,48396.000000,33165.000000
56558.000000,57361.000000,48387.000000,33172.000000
56583.000000,57382.000000,48413.000000,33176.000000
56573.000000,57401.000000,48414.000000,33148.000000
56565.000000,57404.000000,48399.000000,33184.000000
56572.000000,57403.000000,48409.000000,33171.000000
56556.000000,57392.000000,48404.000000,33140.000000
56565.000000,57391.000000,48385.000000,33185.000000
56561.000000,57369.000000,48411.000000,33160.000000
56569.000000,57402.000000,48388.000000,33160.000000
56557.000000,57375.000000,48397.000000,33158.000000
56507.000000,57383.000000,48373.000000,33153.000000
56561.000000,57339.000000,48383.000000,33164.000000
56552.000000,57371.000000,48385.000000,33143.000000
56541.000000,57367.000000,48392.000000,33155.000000
56554.000000,57344.000000,48381.000000,33143.000000
56534.000000,57332.000000,48383.000000,33130.000000
56524.000000,57351.000000,48373.000000,33136.000000
56538.000000,57359.000000,48376.000000,33152.000000
56521.000000,57355.000000,48348.000000,33145.000000
56515.000000,57323.000000,48365.000000,33110.000000
56537.000000,57353.000000,48367.000000,33138.000000
56511.000000,57327.000000,48343.000000,33120.000000
56526.000000,57339.000000,48332.000000,33145.000000
56479.000000,57355.000000,48357.000000,33136.000000
56473.000000,57316.000000,48345.000000,33125.000000
56496.000000,57312.000000,48317.000000,33141.000000
56503.000000,57305.000000,48326.000000,33124.000000
56525.000000,57314.000000,48320.000000,33127.000000
56491.000000,57301.000000,48323.000000,33139.000000
56491.000000,57328.000000,48312.000000,33132.000000
56478.000000,57325.000000,48330.000000,33144.000000
56479.000000,57312.000000,48332.000000,33104.000000
56464.000000,57315.000000,48308.000000,33114.000000
56470.000000,57296.000000,48317.000000,33115.000000
56466.000000,57295.000000,48298.000000,33111.000000
56474.000000,57290.000000,48307.000000,33125.000000
56483.000000,57299.000000,48289.000000,33099.000000
56468.000000,57307.000000,48280.000000,33113.000000
56465.000000,57297.000000,48262.000000,33072.000000
56504.000000,57295.000000,48278.000000,33125.000000
56431.000000,57263.000000,48269.000000,33096.000000
56415.000000,57274.000000,48287.000000,33097.000000
56444.000000,57243.000000,48264.000000,33074.000000
56487.000000,57285.000000,48255.000000,33112.000000
56467.000000,57282.000000,48261.000000,33098.000000
56425.000000,57241.000000,48239.000000,33071.000000
56465.000000,57284.000000,48262.000000,33090.000000
56417.000000,57277.000000,48230.000000,33090.000000
56417.000000,57235.000000,48259.000000,33084.000000
56441.000000,57284.000000,48262.000000,33060.000000
56421.000000,57240.000000,48224.000000,33068.000000
56413.000000,57285.000000,48234.000000,33057.000000
56432.000000,57254.000000,48240.000000,33090.000000
56406.000000,57249.000000,48252.000000,33084.000000
56395.000000,57230.000000,48229.000000,33069.000000
56370.000000,57240.000000,48220.000000,33070.000000
56401.000000,57278.000000,48215.000000,33076.000000
56394.000000,57227.000000,48214.000000,33046.000000
56356.000000,57204.000000,48204.000000,33053.000000
56379.000000,57252.000000,48212.000000,33059.000000
56364.000000,57246.000000,48187.000000,33065.000000
56358.000000,57223.000000,48183.000000,33040.000000
56341.000000,57231.000000,48200.000000,33044.000000
56347.000000,57176.000000,48189.000000,33031.000000
56350.000000,57170.000000,48190.000000,33027.000000
56353.000000,57202.000000,48177.000000,33040.000000
56323.000000,57179.000000,48163.000000,33042.000000
56330.000000,57188.000000,48166.000000,33055.000000
56305.000000,57130.000000,48152.000000,33002.000000
56329.000000,57180.000000,48145.000000,33020.000000
56292.000000,57157.000000,48114.000000,33043.000000
56268.000000,57126.000000,48099.000000,33006.000000
56267.000000,57116.000000,48113.000000,33017.000000
56217.000000,57087.000000,48047.000000,32977.000000
56213.000000,57097.000000,48075.000000,32983.000000
56181.000000,57070.000000,48034.000000,32969.000000
56195.000000,57032.000000,48026.000000,32976.000000
56160.000000,57061.000000,47988.000000,32957.000000
56148.000000,57030.000000,48041.000000,32972.000000
56162.000000,57046.000000,48018.000000,32957.000000
56143.000000,57044.000000,48002.000000,32917.000000
56154.000000,57051.000000,48008.000000,32995.000000
56140.000000,57051.000000,48009.000000,32958.000000
56132.000000,57050.000000,47996.000000,32953.000000
56179.000000,57058.000000,48011.000000,32957.000000
56157.000000,57051.000000,48030.000000,32977.000000
56179.000000,57072.000000,47998.000000,32981.000000
56155.000000,57047.000000,48017.000000,32950.000000
56189.000000,57038.000000,48025.000000,32949.000000
56160.000000,57065.000000,47998.000000,32967.000000
56167.000000,57049.000000,47994.000000,32964.000000
56186.000000,57069.000000,48023.000000,32979.000000
56178.000000,57087.000000,48036.000000,32954.000000
56171.000000,57056.000000,48030.000000,32964.000000
56202.000000,57070.000000,48027.000000,32967.000000
56187.000000,57083.000000,48043.000000,32987.000000
56172.000000,57076.000000,48025.000000,32952.000000
56170.000000,57080.000000,48025.000000,32981.000000
56229.000000,57080.000000,48047.000000,32969.000000
56191.000000,57081.000000,48058.000000,32982.000000
56204.000000,57076.000000,48067.000000,32967.000000
56215.000000,57102.000000,48057.000000,32989.000000
56209.000000,57111.000000,48117.000000,32996.000000
56235.000000,57103.000000,48110.000000,33000.000000
56245.000000,57131.000000,48118.000000,32993.000000
56268.000000,57145.000000,48128.000000,33025.000000
56296.000000,57184.000000,48144.000000,33040.000000
56302.000000,57149.000000,48155.000000,33039.000000
56339.000000,57194.000000,48184.000000,33049.000000
56364.000000,57236.000000,48207.000000,33059.000000
56339.000000,57189.000000,48227.000000,33084.000000
56413.000000,57257.000000,48246.000000,33067.000000
56425.000000,57263.000000,48263.000000,33116.000000
56470.000000,57292.000000,48310.000000,33126.000000
56493.000000,57318.000000,48360.000000,33127.000000
56505.000000,57316.000000,48346.000000,33144.000000
56541.000000,57362.000000,48399.000000,33168.000000
56554.000000,57389.000000,48404.000000,33155.000000
56570.000000,57354.000000,48400.000000,33168.000000
56611.000000,57409.000000,48450.000000,33194.000000
56566.000000,57431.000000,48449.000000,33177.000000
56583.000000,57417.000000,48504.000000,33199.000000
56601.000000,57425.000000,48477.000000,33187.000000
56629.000000,57466.000000,48470.000000,33181.000000
56617.000000,57415.000000,48473.000000,33178.000000
56631.000000,57447.000000,48475.000000,33206.000000
56622.000000,57473.000000,48451.000000,33207.000000
56626.000000,57443.000000,48447.000000,33201.000000
56607.000000,57435.000000,48437.000000,33201.000000
56603.000000,57452.000000,48450.000000,33193.000000
56625.000000,57426.000000,48459.000000,33203.000000
56586.000000,57431.000000,48427.000000,33183.000000
56603.000000,57408.000000,48444.000000,33193.000000
56586.000000,57431.000000,48460.000000,33206.000000
56600.000000,57407.000000,48453.000000,33173.000000
56589.000000,57415.000000,48441.000000,33177.000000
56588.000000,57451.000000,48463.000000,33217.000000
56579.000000,57423.000000,48423.000000,33157.000000
56599.000000,57392.000000,48443.000000,33176.000000
56571.000000,57383.000000,48433.000000,33172.000000
56585.000000,57430.000000,48454.000000,33146.000000
56573.000000,57411.000000,48400.000000,33192.000000
56548.000000,57398.000000,48407.000000,33166.000000
56581.000000,57392.000000,48432.000000,33164.000000
56551.000000,57401.000000,48399.000000,33172.000000
56574.000000,57387.000000,48394.000000,33156.000000
56551.000000,57379.000000,48400.000000,33206.000000
56566.000000,57421.000000,48401.000000,33142.000000
56562.000000,57375.000000,48426.000000,33176.000000
56578.000000,57376.000000,48422.000000,33159.000000
56565.000000,57419.000000,48390.000000,33155.000000
56574.000000,57380.000000,48404.000000,33151.000000
56558.000000,57397.000000,48394.000000,33153.000000
56551.000000,57413.000000,48387.000000,33179.000000
56526.000000,57403.000000,48385.000000,33170.000000
56538.000000,57367.000000,48383.000000,33144.000000
56555.000000,57398.000000,48406.000000,33164.000000
56534.000000,57377.000000,48403.000000,33146.000000
56553.000000,57386.000000,48371.000000,33148.000000
56521.000000,57381.000000,48419.000000,33172.000000
56525.000000,57383.000000,48341.000000,33182.000000
56548.000000,57374.000000,48394.000000,33145.000000
56552.000000,57392.000000,48382.000000,33153.000000
56527.000000,57386.000000,48396.000000,33150.000000
56550.000000,57427.000000,48393.000000,33155.000000
56535.000000,57383.000000,48382.000000,33158.000000
56520.000000,57364.000000,48375.000000,33150.000000
56526.000000,57376.000000,48386.000000,33147.000000
56544.000000,57396.000000,48369.000000,33149.000000
56519.000000,57384.000000,48390.000000,33154.000000
56506.000000,57340.000000,48373.000000,33156.000000
56532.000000,57360.000000,48372.000000,33153.000000
56509.000000,57384.000000,48342.000000,33173.000000
56515.000000,57343.000000,48355.000000,33156.000000
56511.000000,57389.000000,48375.000000,33129.000000
56532.000000,57390.000000,48388.000000,33162.000000
56505.000000,57341.000000,48363.000000,33118.000000
56509.000000,57387.000000,48374.000000,33143.000000
56491.000000,57350.000000,48348.000000,33130.000000
56504.000000,57363.000000,48333.000000,33133.000000
56477.000000,57348.000000,48328.000000,33156.000000
56497.000000,57349.000000,48380.000000,33126.000000
56475.000000,57330.000000,48299.000000,33104.000000
56469.000000,57322.000000,48285.000000,33087.000000
56473.000000,57347.000000,48310.000000,33116.000000
56454.000000,57302.000000,48307.000000,33120.000000
56455.000000,57313.000000,48294.000000,33123.000000
56484.000000,57287.000000,48310.000000,33110.000000
56455.000000,57293.000000,48293.000000,33117.000000
56441.000000,57342.000000,48282.000000,33090.000000
56403.000000,57288.000000,48254.000000,33090.000000
56437.000000,57303.000000,48283.000000,33087.000000
56392.000000,57272.000000,48253.000000,33088.000000
56407.000000,57283.000000,48240.000000,33072.000000
56458.000000,57280.000000,48269.000000,33082.000000
56379.000000,57265.000000,48243.000000,33075.000000
56402.000000,57253.000000,48221.000000,33085.000000
56425.000000,57237.000000,48259.000000,33101.000000
56408.000000,57287.000000,48259.000000,33093.000000
56402.000000,57264.000000,48224.000000,33064.000000
56388.000000,57260.000000,48273.000000,33081.000000
56380.000000,57267.000000,48239.000000,33052.000000
56401.000000,57259.000000,48202.000000,33085.000000
56400.000000,57235.000000,48242.000000,33093.000000
56371.000000,57248.000000,48234.000000,33077.000000
56395.000000,57219.000000,48222.000000,33075.000000
56389.000000,57235.000000,48203.000000,33067.000000
56376.000000,57237.000000,48217.000000,33083.000000
56350.000000,57229.000000,48199.000000,33056.000000
56308.000000,57215.000000,48188.000000,33053.000000
56340.000000,57222.000000,48192.000000,33070.000000
56308.000000,57233.000000,48153.000000,33047.000000
56274.000000,57154.000000,48123.000000,33009.000000
56299.000000,57182.000000,48134.000000,33020.000000
56245.000000,57164.000000,48106.000000,33024.000000
56235.000000,57123.000000,48085.000000,32968.000000
56236.000000,57090.000000,48096.000000,32987.000000
56213.000000,57125.000000,48103.000000,32982.000000
56202.000000,57115.000000,48075.000000,33033.000000
56200.000000,57120.000000,48075.000000,32989.000000
56186.000000,57123.000000,48094.000000,32993.000000
56197.000000,57106.000000,48084.000000,32994.000000
56180.000000,57080.000000,48044.000000,32957.000000
56171.000000,57109.000000,48031.000000,32996.000000
56201.000000,57105.000000,48034.000000,32989.000000
56201.000000,57082.000000,48039.000000,32993.000000
56187.000000,57110.000000,48069.000000,32980.000000
56203.000000,57094.000000,48025.000000,32976.000000
56176.000000,57115.000000,48036.000000,32978.000000
56197.000000,57096.000000,48064.000000,33004.000000
56212.000000,57088.000000,48066.000000,32980.000000
56236.000000,57091.000000,48106.000000,32984.000000
56165.000000,57091.000000,48079.000000,32991.000000
56212.000000,57082.000000,48072.000000,32989.000000
56213.000000,57108.000000,48063.000000,33002.000000
56200.000000,57102.000000,48080.000000,32995.000000
56220.000000,57108.000000,48099.000000,33020.000000
56208.000000,57117.000000,48057.000000,32989.000000
56251.000000,57139.000000,48112.000000,32993.000000
56224.000000,57098.000000,48097.000000,33008.000000
56219.000000,57144.000000,48103.000000,32989.000000
56235.000000,57137.000000,48098.000000,33020.000000
56248.000000,57149.000000,48114.000000,33031.000000
56239.000000,57130.000000,48107.000000,33011.000000
56270.000000,57167.000000,48158.000000,33009.000000
56270.000000,57145.000000,48157.000000,33017.000000
56297.000000,57172.000000,48153.000000,33034.000000
56328.000000,57182.000000,48176.000000,33061.000000
56349.000000,57194.000000,48219.000000,33075.000000
56380.000000,57230.000000,48172.000000,33079.000000
56378.000000,57266.000000,48240.000000,33078.000000
56430.000000,57284.000000,48285.000000,33118.000000
56455.000000,57279.000000,48294.000000,33123.000000
56438.000000,57270.000000,48309.000000,33126.000000
56503.000000,57346.000000,48401.000000,33126.000000
56520.000000,57324.000000,48370.000000,33147.000000
56546.000000,57373.000000,48398.000000,33137.000000
56533.000000,57413.000000,48408.000000,33187.000000
56548.000000,57382.000000,48437.000000,33179.000000
56589.000000,57434.000000,48453.000000,33181.000000
56574.000000,57440.000000,48465.000000,33200.000000
56604.000000,57433.000000,48471.000000,33197.000000
56602.000000,57442.000000,48457.000000,33190.000000
56588.000000,57418.000000,48470.000000,33208.000000
56599.000000,57415.000000,48455.000000,33187.000000
56593.000000,57461.000000,48477.000000,33202.000000
56580.000000,57441.000000,48483.000000,33193.000000
56626.000000,57436.000000,48461.000000,33194.000000
56610.000000,57446.000000,48487.000000,33219.000000
56574.000000,57438.000000,48484.000000,33226.000000
56590.000000,57452.000000,48476.000000,33200.000000
56581.000000,57468.000000,48469.000000,33210.000000
56603.000000,57429.000000,48497.000000,33188.000000
56583.000000,57396.000000,48465.000000,33193.000000
56582.000000,57420.000000,48443.000000,33198.000000
56602.000000,57443.000000,48448.000000,33185.000000
56562.000000,57414.000000,48441.000000,33168.000000
56577.000000,57432.000000,48414.000000,33206.000000
56589.000000,57423.000000,48485.000000,33205.000000
56563.000000,57427.000000,48459.000000,33173.000000
56567.000000,57432.000000,48456.000000,33195.000000
56569.000000,57438.000000,48438.000000,33194.000000
56543.000000,57415.000000,48443.000000,33177.000000
56583.000000,57389.000000,48436.000000,33170.000000
56543.000000,57372.000000,48399.000000,33191.000000
56548.000000,57414.000000,48422.000000,33183.000000
56550.000000,57391.000000,48443.000000,33141.000000
56537.000000,57384.000000,48389.000000,33160.000000
56556.000000,57395.000000,48416.000000,33172.000000
56547.000000,57403.000000,48426.000000,33164.000000
56542.000000,57390.000000,48442.000000,33180.000000
56548.000000,57389.000000,48427.000000,33188.000000
56555.000000,57413.000000,48402.000000,33185.000000
56559.000000,57373.000000,48413.000000,33177.000000
56518.000000,57409.000000,48401.000000,33186.000000
56515.000000,57389.000000,48421.000000,33184.000000
56529.000000,57365.000000,48393.000000,33133.000000
56547.000000,57390.000000,48418.000000,33179.000000
56515.000000,57413.000000,48422.000000,33159.000000
56529.000000,57339.000000,48394.000000,33146.000000
56541.000000,57380.000000,48405.000000,33147.000000
56534.000000,57383.000000,48404.000000,33184.000000
56511.000000,57410.000000,48391.000000,33162.000000
56543.000000,57376.000000,48406.000000,33122.000000
56522.000000,57371.000000,48394.000000,33158.000000
56501.000000,57375.000000,48403.000000,33141.000000
56534.000000,57371.000000,48358.000000,33152.000000
56500.000000,57357.000000,48379.000000,33164.000000
56520.000000,57375.000000,48378.000000,33156.000000
56468.000000,57336.000000,48360.000000,33138.000000
56516.000000,57369.000000,48382.000000,33177.000000
56514.000000,57351.000000,48388.000000,33162.000000
56507.000000,57360.000000,48353.000000,33103.000000
56479.000000,57356.000000,48368.000000,33128.000000
56487.000000,57354.000000,48353.000000,33148.000000
56469.000000,57346.000000,48344.000000,33146.000000
56491.000000,57334.000000,48342.000000,33130.000000
56491.000000,57321.000000,48332.000000,33130.000000
56438.000000,57339.000000,48345.000000,33155.000000
56467.000000,57314.000000,48326.000000,33123.000000
56442.000000,57344.000000,48323.000000,33149.000000
56472.000000,57305.000000,48310.000000,33126.000000
56432.000000,57289.000000,48311.000000,33110.000000
56482.000000,57316.000000,48308.000000,33101.000000
56433.000000,57282.000000,48315.000000,33103.000000
56459.000000,57290.000000,48290.000000,33129.000000
56423.000000,57288.000000,48299.000000,33095.000000
56454.000000,57297.000000,48270.000000,33110.000000
56423.000000,57284.000000,48288.000000,33117.000000
56407.000000,57309.000000,48277.000000,33084.000000
56428.000000,57275.000000,48263.000000,33102.000000
56392.000000,57272.000000,48242.000000,33116.000000
56374.000000,57266.000000,48242.000000,33093.000000
56399.000000,57256.000000,48276.000000,33064.000000
56396.000000,57272.000000,48268.000000,33123.000000
56426.000000,57293.000000,48260.000000,33082.000000
56370.000000,57260.000000,48261.000000,33094.000000
56381.000000,57265.000000,48274.000000,33098.000000
56391.000000,57283.000000,48272.000000,33099.000000
56380.000000,57274.000000,48255.000000,33083.000000
56372.000000,57225.000000,48215.000000,33081.000000
56375.000000,57259.000000,48220.000000,33072.000000
56366.000000,57230.000000,48233.000000,33090.000000
56376.000000,57247.000000,48222.000000,33072.000000
56352.000000,57254.000000,48228.000000,33072.000000
56385.000000,57252.000000,48214.000000,33087.000000
56348.000000,57258.000000,48236.000000,33082.000000
56348.000000,57231.000000,48248.000000,33074.000000
56352.000000,57230.000000,48207.000000,33048.000000
56345.000000,57239.000000,48235.000000,33064.000000
56333.000000,57239.000000,48181.000000,33073.000000
56342.000000,57233.000000,48184.000000,33057.000000
56281.000000,57228.000000,48196.000000,33059.000000
56329.000000,57208.000000,48204.000000,33072.000000
56305.000000,57176.000000,48154.000000,33037.000000
56278.000000,57183.000000,48135.000000,33059.000000
56274.000000,57199.000000,48127.000000,33034.000000
56288.000000,57154.000000,48127.000000,33014.000000
56231.000000,57108.000000,48098.000000,33006.000000
56203.000000,57133.000000,48107.000000,32987.000000
56178.000000,57091.000000,48032.000000,32991.000000
56163.000000,57094.000000,48056.000000,32970.000000
56183.000000,57107.000000,48061.000000,32998.000000
56176.000000,57094.000000,48004.000000,32997.000000
56147.000000,57067.000000,48015.000000,32985.000000
56160.000000,57066.000000,48035.000000,32975.000000
56127.000000,57053.000000,47999.000000,32926.000000
56147.000000,57045.000000,48007.000000,32944.000000
56142.000000,57056.000000,48023.000000,32955.000000
56074.000000,57032.000000,48033.000000,32955.000000
56131.000000,57042.000000,48002.000000,32954.000000
56121.000000,57038.000000,48011.000000,32954.000000
56091.000000,57027.000000,48003.000000,32974.000000
56115.000000,57051.000000,47980.000000,32953.000000
56142.000000,57030.000000,48010.000000,32948.000000
56131.000000,57036.000000,48019.000000,32960.000000
56121.000000,57052.000000,48006.000000,32975.000000
56143.000000,57058.000000,48045.000000,32970.000000
56152.000000,57046.000000,47987.000000,32942.000000
56197.000000,57077.000000,48036.000000,32965.000000
56142.000000,57066.000000,48011.000000,32955.000000
56174.000000,57043.000000,48012.000000,32962.000000
56145.000000,57030.000000,48038.000000,32952.000000
56163.000000,57061.000000,47985.000000,32961.000000
56181.000000,57061.000000,48046.000000,32983.000000
56147.000000,57062.000000,48063.000000,32960.000000
56158.000000,57060.000000,48061.000000,32998.000000
56160.000000,57068.000000,48022.000000,32978.000000
56175.000000,57067.000000,48028.000000,32936.000000
56157.000000,57078.000000,48049.000000,32967.000000
56165.000000,57078.000000,48059.000000,32994.000000
56175.000000,57101.000000,48059.000000,32978.000000
56197.000000,57082.000000,48092.000000,32991.000000
56253.000000,57105.000000,48113.000000,32997.000000
56261.000000,57147.000000,48154.000000,33039.000000
56305.000000,57173.000000,48161.000000,33024.000000
56343.000000,57196.000000,48206.000000,33042.000000
56332.000000,57230.000000,48218.000000,33071.000000
56386.000000,57237.000000,48240.000000,33068.000000
56418.000000,57255.000000,48284.000000,33098.000000
56434.000000,57284.000000,48301.000000,33106.000000
56488.000000,57298.000000,48334.000000,33143.000000
56483.000000,57333.000000,48370.000000,33136.000000
56516.000000,57322.000000,48381.000000,33118.000000
56533.000000,57372.000000,48422.000000,33162.000000
56533.000000,57399.000000,48421.000000,33159.000000
56540.000000,57403.000000,48431.000000,33160.000000
56536.000000,57383.000000,48442.000000,33192.000000
56578.000000,57404.000000,48428.000000,33193.000000
56554.000000,57409.000000,48450.000000,33172.000000
56550.000000,57410.000000,48442.000000,33204.000000
56548.000000,57395.000000,48432.000000,33168.000000
56558.000000,57400.000000,48456.000000,33156.000000
56565.000000,57388.000000,48435.000000,33157.000000
56555.000000,57382.000000,48409.000000,33174.000000
56546.000000,57400.000000,48423.000000,33183.000000
56532.000000,57379.000000,48408.000000,33151.000000
56558.000000,57386.000000,48421.000000,33163.000000
56544.000000,57424.000000,48426.000000,33147.000000
56542.000000,57405.000000,48412.000000,33155.000000
56530.000000,57374.000000,48434.000000,33151.000000
56539.000000,57360.000000,48402.000000,33134.000000
56534.000000,57382.000000,48398.000000,33130.000000
56542.000000,57383.000000,48405.000000,33150.000000
56506.000000,57347.000000,48399.000000,33132.000000
56524.000000,57374.000000,48417.000000,33146.000000
56514.000000,57367.000000,48374.000000,33128.000000
56519.000000,57360.000000,48386.000000,33136.000000
56534.000000,57392.000000,48420.000000,33167.000000
56524.000000,57353.000000,48373.000000,33149.000000
56510.000000,57376.000000,48385.000000,33130.000000
56529.000000,57379.000000,48378.000000,33144.000000
56521.000000,57363.000000,48370.000000,33157.000000
56548.000000,57363.000000,48357.000000,33135.000000
56517.000000,57395.000000,48357.000000,33138.000000
56538.000000,57385.000000,48381.000000,33150.000000
56518.000000,57344.000000,48366.000000,33143.000000
56517.000000,57356.000000,48377.000000,33137.000000
56512.000000,57359.000000,48372.000000,33152.000000
56530.000000,57362.000000,48356.000000,33115.000000
56518.000000,57344.000000,48378.000000,33120.000000
56504.000000,57343.000000,48351.000000,33151.000000
56481.000000,57324.000000,48356.000000,33139.000000
56477.000000,57321.000000,48352.000000,33104.000000
56455.000000,57310.000000,48342.000000,33100.000000
56488.000000,57317.000000,48354.000000,33101.000000
56515.000000,57310.000000,48334.000000,33126.000000
56470.000000,57299.000000,48324.000000,33132.000000
56461.000000,57321.000000,48332.000000,33115.000000
56482.000000,57299.000000,48342.000000,33130.000000
56469.000000,57353.000000,48360.000000,33133.000000
56475.000000,57317.000000,48344.000000,33107.000000
56481.000000,57358.000000,48330.000000,33130.000000
56438.000000,57316.000000,48336.000000,33134.000000
56488.000000,57321.000000,48347.000000,33114.000000
56485.000000,57342.000000,48357.000000,33156.000000
56462.000000,57297.000000,48313.000000,33098.000000
56473.000000,57349.000000,48320.000000,33137.000000
56489.000000,57308.000000,48329.000000,33101.000000
56469.000000,57325.000000,48326.000000,33127.000000
56445.000000,57302.000000,48315.000000,33106.000000
56458.000000,57320.000000,48357.000000,33085.000000
56474.000000,57294.000000,48334.000000,33132.000000
56447.000000,57298.000000,48312.000000,33121.000000
56448.000000,57276.000000,48320.000000,33102.000000
56452.000000,57320.000000,48304.000000,33114.000000
56474.000000,57316.000000,48331.000000,33134.000000
56415.000000,57297.000000,48315.000000,33114.000000
56424.000000,57280.000000,48298.000000,33116.000000
56421.000000,57307.000000,48298.000000,33121.000000
56409.000000,57284.000000,48287.000000,33110.000000
56439.000000,57318.000000,48298.000000,33117.000000
56425.000000,57289.000000,48297.000000,33077.000000
56414.000000,57243.000000,48273.000000,33079.000000
56404.000000,57263.000000,48272.000000,33101.000000
56421.000000,57244.000000,48264.000000,33065.000000
56399.000000,57276.000000,48257.000000,33080.000000
56392.000000,57271.000000,48275.000000,33066.000000
56389.000000,57252.000000,48276.000000,33085.000000
56380.000000,57244.000000,48230.000000,33079.000000
56398.000000,57243.000000,48268.000000,33085.000000
56395.000000,57237.000000,48259.000000,33082.000000
56403.000000,57237.000000,48243.000000,33058.000000
56370.000000,57262.000000,48251.000000,33088.000000
56377.000000,57214.000000,48256.000000,33064.000000
56343.000000,57224.000000,48261.000000,33056.000000
56381.000000,57228.000000,48253.000000,33086.000000
56352.000000,57241.000000,48237.000000,33085.000000
56309.000000,57223.000000,48207.000000,33049.000000
56323.000000,57212.000000,48215.000000,33070.000000
56337.000000,57219.000000,48222.000000,33063.000000
56348.000000,57224.000000,48217.000000,33041.000000
56331.000000,57188.000000,48195.000000,33060.000000
56332.000000,57206.000000,48206.000000,33033.000000
56323.000000,57201.000000,48197.000000,33053.000000
56328.000000,57223.000000,48181.000000,33020.000000
56323.000000,57216.000000,48200.000000,33030.000000
56313.000000,57186.000000,48183.000000,33056.000000
56303.000000,57192.000000,48159.000000,33021.000000
56300.000000,57213.000000,48195.000000,33033.000000
56303.000000,57178.000000,48172.000000,33049.000000
56284.000000,57204.000000,48179.000000,33045.000000
56320.000000,57177.000000,48160.000000,33024.000000
56334.000000,57217.000000,48187.000000,33040.000000
56275.000000,57171.000000,48157.000000,33051.000000
56282.000000,57151.000000,48157.000000,33011.000000
56293.000000,57145.000000,48145.000000,33014.000000
56286.000000,57168.000000,48157.000000,33021.000000
56257.000000,57105.000000,48121.000000,33032.000000
56262.000000,57107.000000,48098.000000,33009.000000
56246.000000,57135.000000,48106.000000,33008.000000
56197.000000,57089.000000,48072.000000,33000.000000
56201.000000,57103.000000,48087.000000,32979.000000
56154.000000,57073.000000,48078.000000,32998.000000
56165.000000,57060.000000,48056.000000,32960.000000
56163.000000,57064.000000,48045.000000,32964.000000
56155.000000,57075.000000,48010.000000,32967.000000
56134.000000,57037.000000,48018.000000,32944.000000
56155.000000,57050.000000,48026.000000,32952.000000
56115.000000,57035.000000,48023.000000,32975.000000
56108.000000,57045.000000,48000.000000,32934.000000
56125.000000,57016.000000,48014.000000,32940.000000
56105.000000,57037.000000,48004.000000,32969.000000
56108.000000,57027.000000,47995.000000,32967.000000
56103.000000,57044.000000,48005.000000,32963.000000
56107.000000,57028.000000,48015.000000,32975.000000
56124.000000,57062.000000,48004.000000,32919.000000
56104.000000,57056.000000,48007.000000,32940.000000
56120.000000,57062.000000,48018.000000,32962.000000
56131.000000,57014.000000,48009.000000,32963.000000
56136.000000,57035.000000,48038.000000,32978.000000
56127.000000,57066.000000,48055.000000,32957.000000
56120.000000,57052.000000,47996.000000,32966.000000
56125.000000,57069.000000,48017.000000,32949.000000
56168.000000,57076.000000,48034.000000,32983.000000
56153.000000,57075.000000,48052.000000,32979.000000
56170.000000,57062.000000,48059.000000,32971.000000
56133.000000,57080.000000,48066.000000,32970.000000
56167.000000,57087.000000,48047.000000,32979.000000
56137.000000,57071.000000,48058.000000,32969.000000
56187.000000,57074.000000,48065.000000,32993.000000
56150.000000,57072.000000,48068.000000,32975.000000
56154.000000,57088.000000,48054.000000,32966.000000
56174.000000,57073.000000,48046.000000,32981.000000
56202.000000,57079.000000,48082.000000,33003.000000
56222.000000,57086.000000,48110.000000,33007.000000
56212.000000,57113.000000,48077.000000,32964.000000
56251.000000,57127.000000,48126.000000,33029.000000
56248.000000,57124.000000,48122.000000,32996.000000
56275.000000,57118.000000,48111.000000,32999.000000
56285.000000,57178.000000,48159.000000,33026.000000
56308.000000,57213.000000,48184.000000,33032.000000
56334.000000,57214.000000,48195.000000,33043.000000
56363.000000,57231.000000,48241.000000,33063.000000
56401.000000,57243.000000,48282.000000,33107.000000
56420.000000,57286.000000,48303.000000,33103.000000
56420.000000,57280.000000,48336.000000,33104.000000
56506.000000,57350.000000,48411.000000,33135.000000
56530.000000,57385.000000,48409.000000,33169.000000
56524.000000,57398.000000,48430.000000,33183.000000
56567.000000,57410.000000,48481.000000,33193.000000
56577.000000,57417.000000,48481.000000,33170.000000
56565.000000,57425.000000,48446.000000,33177.000000
56574.000000,57419.000000,48461.000000,33180.000000
56553.000000,57402.000000,48452.000000,33167.000000
56558.000000,57414.000000,48471.000000,33168.000000
56539.000000,57409.000000,48412.000000,33184.000000
56567.000000,57390.000000,48451.000000,33195.000000
56529.000000,57404.000000,48435.000000,33191.000000
56559.000000,57420.000000,48452.000000,33179.000000
56551.000000,57402.000000,48475.000000,33185.000000
56578.000000,57447.000000,48451.000000,33193.000000
56579.000000,57405.000000,48455.000000,33177.000000
56540.000000,57419.000000,48437.000000,33184.000000
56567.000000,57397.000000,48456.000000,33168.000000
56557.000000,57417.000000,48427.000000,33174.000000
56528.000000,57406.000000,48444.000000,33155.000000
56539.000000,57440.000000,48460.000000,33153.000000
56555.000000,57414.000000,48429.000000,33157.000000
56553.000000,57399.000000,48456.000000,33180.000000
56528.000000,57416.000000,48432.000000,33170.000000
56519.000000,57388.000000,48416.000000,33165.000000
56538.000000,57378.000000,48419.000000,33161.000000
56554.000000,57416.000000,48439.000000,33163.000000
56543.000000,57409.000000,48397.000000,33136.000000
56528.000000,57407.000000,48427.000000,33133.000000
56544.000000,57403.000000,48405.000000,33150.000000
56548.000000,57366.000000,48403.000000,33144.000000
56506.000000,57371.000000,48417.000000,33145.000000
56522.000000,57382.000000,48398.000000,33149.000000
56521.000000,57356.000000,48396.000000,33115.000000
56506.000000,57345.000000,48370.000000,33143.000000
56512.000000,57359.000000,48399.000000,33130.000000
56516.000000,57359.000000,48371.000000,33111.000000
56481.000000,57369.000000,48376.000000,33148.000000
56511.000000,57358.000000,48409.000000,33158.000000
56484.000000,57346.000000,48394.000000,33141.000000
56513.000000,57350.000000,48398.000000,33156.000000
56504.000000,57349.000000,48389.000000,33158.000000
56507.000000,57374.000000,48400.000000,33141.000000
56479.000000,57352.000000,48385.000000,33131.000000
56475.000000,57367.000000,48375.000000,33132.000000
56521.000000,57341.000000,48412.000000,33168.000000
56488.000000,57345.000000,48403.000000,33108.000000
56491.000000,57330.000000,48362.000000,33141.000000
56464.000000,57367.000000,48390.000000,33133.000000
56471.000000,57318.000000,48325.000000,33108.000000
56495.000000,57351.000000,48359.000000,33150.000000
56474.000000,57345.000000,48339.000000,33135.000000
56473.000000,57324.000000,48328.000000,33115.000000
56460.000000,57343.000000,48325.000000,33132.000000
56497.000000,57339.000000,48330.000000,33094.000000
56445.000000,57283.000000,48355.000000,33098.000000
56471.000000,57323.000000,48346.000000,33103.000000
56483.000000,57340.000000,48318.000000,33120.000000
56453.000000,57298.000000,48352.000000,33100.000000
56457.000000,57329.000000,48321.000000,33148.000000
56437.000000,57337.000000,48333.000000,33119.000000
56440.000000,57318.000000,48321.000000,33068.000000
56416.000000,57290.000000,48317.000000,33089.000000
56436.000000,57311.000000,48329.000000,33105.000000
56457.000000,57289.000000,48307.000000,33102.000000
56424.000000,57320.000000,48310.000000,33096.000000
56458.000000,57314.000000,48304.000000,33100.000000
56432.000000,57306.000000,48319.000000,33089.000000
56462.000000,57298.000000,48289.000000,33109.000000
56432.000000,57275.000000,48288.000000,33111.000000
56431.000000,57304.000000,48296.000000,33101.000000
56433.000000,57273.000000,48287.000000,33109.000000
56422.000000,57280.000000,48291.000000,33100.000000
56414.000000,57306.000000,48280.000000,33101.000000
56411.000000,57271.000000,48291.000000,33066.000000
56376.000000,57259.000000,48269.000000,33089.000000
56399.000000,57253.000000,48247.000000,33095.000000
56403.000000,57247.000000,48230.000000,33060.000000
56359.000000,57283.000000,48243.000000,33054.000000
56356.000000,57210.000000,48244.000000,33035.000000
56366.000000,57264.000000,48222.000000,33046.000000
56338.000000,57225.000000,48249.000000,33069.000000
56352.000000,57237.000000,48199.000000,33032.000000
56327.000000,57224.000000,48206.000000,33061.000000
56331.000000,57245.000000,48210.000000,33060.000000
56338.000000,57198.000000,48186.000000,33023.000000
56352.000000,57207.000000,48192.000000,33037.000000
56340.000000,57222.000000,48211.000000,33044.000000
56322.000000,57181.000000,48210.000000,33054.000000
56337.000000,57213.000000,48211.000000,33055.000000
56329.000000,57237.000000,48199.000000,33038.000000
56336.000000,57247.000000,48216.000000,33107.000000
56338.000000,57217.000000,48228.000000,33057.000000
56324.000000,57250.000000,48212.000000,33071.000000
56312.000000,57208.000000,48172.000000,33021.000000
56325.000000,57221.000000,48202.000000,33034.000000
56304.000000,57177.000000,48186.000000,33026.000000
56290.000000,57179.000000,48170.000000,33030.000000
56308.000000,57165.000000,48144.000000,33003.000000
56285.000000,57147.000000,48155.000000,32998.000000
56266.000000,57148.000000,48159.000000,32997.000000
56234.000000,57143.000000,48126.000000,32979.000000
56259.000000,57153.000000,48093.000000,33025.000000
56215.000000,57117.000000,48097.000000,32971.000000
56211.000000,57118.000000,48067.000000,32976.000000
56181.000000,57057.000000,48050.000000,32978.000000
56159.000000,57109.000000,48046.000000,32948.000000
56160.000000,57087.000000,48019.000000,32945.000000
56147.000000,57051.000000,48031.000000,32950.000000
56160.000000,57041.000000,48030.000000,32950.000000
56148.000000,57052.000000,48030.000000,32936.000000
56123.000000,57055.000000,47992.000000,32959.000000
56120.000000,57036.000000,48012.000000,32926.000000
56124.000000,57053.000000,47979.000000,32976.000000
56100.000000,57039.000000,47986.000000,32936.000000
56089.000000,57050.000000,47996.000000,32936.000000
56126.000000,57022.000000,48002.000000,32937.000000
56086.000000,57036.000000,48010.000000,32938.000000
56135.000000,57005.000000,48007.000000,32932.000000
56121.000000,57063.000000,48010.000000,32937.000000
56112.000000,57040.000000,47985.000000,32928.000000
56116.000000,57024.000000,48007.000000,32912.000000
56136.000000,57061.000000,48039.000000,32949.000000
56117.000000,57048.000000,48015.000000,32941.000000
56142.000000,57035.000000,48004.000000,32958.000000
56125.000000,57011.000000,47993.000000,32906.000000
56155.000000,57011.000000,48015.000000,32944.000000
56119.000000,57036.000000,48019.000000,32937.000000
56143.000000,57033.000000,48018.000000,32940.000000
56126.000000,57044.000000,48004.000000,32952.000000
56133.000000,57018.000000,48031.000000,32935.000000
56135.000000,57018.000000,48044.000000,32941.000000
56156.000000,57055.000000,48027.000000,32944.000000
56142.000000,57070.000000,48020.000000,32947.000000
56146.000000,57038.000000,48082.000000,32950.000000
56229.000000,57090.000000,48100.000000,32983.000000
56247.000000,57083.000000,48122.000000,32997.000000
56249.000000,57130.000000,48142.000000,32987.000000
56274.000000,57127.000000,48154.000000,33020.000000
56305.000000,57170.000000,48151.000000,33045.000000
56336.000000,57224.000000,48232.000000,33044.000000
56355.000000,57226.000000,48231.000000,33062.000000
56383.000000,57230.000000,48245.000000,33057.000000
56411.000000,57255.000000,48286.000000,33074.000000
56409.000000,57278.000000,48297.000000,33105.000000
56434.000000,57286.000000,48312.000000,33088.000000
56455.000000,57303.000000,48343.000000,33135.000000
56486.000000,57305.000000,48349.000000,33121.000000
56476.000000,57312.000000,48368.000000,33104.000000
56498.000000,57357.000000,48381.000000,33144.000000
56495.000000,57338.000000,48373.000000,33089.000000
56499.000000,57353.000000,48379.000000,33108.000000
56506.000000,57326.000000,48394.000000,33163.000000
56494.000000,57322.000000,48399.000000,33134.000000
56472.000000,57324.000000,48382.000000,33111.000000
56526.000000,57341.000000,48371.000000,33128.000000
56528.000000,57332.000000,48381.000000,33140.000000
56508.000000,57321.000000,48383.000000,33141.000000
56507.000000,57367.000000,48408.000000,33178.000000
56534.000000,57365.000000,48395.000000,33129.000000
56505.000000,57354.000000,48386.000000,33115.000000
56516.000000,57327.000000,48408.000000,33130.000000
56499.000000,57339.000000,48387.000000,33118.000000
56514.000000,57343.000000,48405.000000,33137.000000
56526.000000,57335.000000,48392.000000,33121.000000
56497.000000,57355.000000,48364.000000,33125.000000
56511.000000,57356.000000,48412.000000,33136.000000
56494.000000,57346.000000,48379.000000,33146.000000
56516.000000,57358.000000,48382.000000,33121.000000
56505.000000,57315.000000,48358.000000,33109.000000
56504.000000,57357.000000,48381.000000,33126.000000
56502.000000,57341.000000,48355.000000,33134.000000
56440.000000,57307.000000,48368.000000,33098.000000
56490.000000,57350.000000,48354.000000,33125.000000
56496.000000,57333.000000,48350.000000,33146.000000
56467.000000,57326.000000,48336.000000,33116.000000
56488.000000,57310.000000,48358.000000,33117.000000
56501.000000,57335.000000,48347.000000,33136.000000
56477.000000,57297.000000,48353.000000,33122.000000
56459.000000,57304.000000,48355.000000,33128.000000
56484.000000,57321.000000,48371.000000,33121.000000
56455.000000,57322.000000,48346.000000,33116.000000
56433.000000,57289.000000,48344.000000,33102.000000
56443.000000,57315.000000,48337.000000,33074.000000
56469.000000,57301.000000,48291.000000,33107.000000
56491.000000,57313.000000,48341.000000,33121.000000
56452.000000,57314.000000,48322.000000,33099.000000
56443.000000,57279.000000,48324.000000,33092.000000
56474.000000,57324.000000,48347.000000,33126.000000
56467.000000,57299.000000,48339.000000,33107.000000
56474.000000,57319.000000,48323.000000,33110.000000
56469.000000,57301.000000,48337.000000,33093.000000
56466.000000,57284.000000,48360.000000,33115.000000
56476.000000,57308.000000,48340.000000,33105.000000
56413.000000,57307.000000,48334.000000,33115.000000
56445.000000,57284.000000,48336.000000,33100.000000
56467.000000,57327.000000,48322.000000,33101.000000
56438.000000,57279.000000,48305.000000,33084.000000
56458.000000,57293.000000,48307.000000,33106.000000
56433.000000,57277.000000,48318.000000,33106.000000
56447.000000,57289.000000,48310.000000,33087.000000
56441.000000,57295.000000,48306.000000,33076.000000
56425.000000,57295.000000,48340.000000,33097.000000
56443.000000,57312.000000,48309.000000,33109.000000
56431.000000,57291.000000,48294.000000,33083.000000
56450.000000,57297.000000,48304.000000,33106.000000
56436.000000,57290.000000,48278.000000,33088.000000
56458.000000,57294.000000,48296.000000,33093.000000
56389.000000,57271.000000,48300.000000,33094.000000
56433.000000,57263.000000,48292.000000,33099.000000
56429.000000,57284.000000,48286.000000,33100.000000
56435.000000,57271.000000,48273.000000,33066.000000
56402.000000,57288.000000,48278.000000,33088.000000
56399.000000,57276.000000,48274.000000,33079.000000
56398.000000,57253.000000,48267.000000,33064.000000
56408.000000,57256.000000,48253.000000,33069.000000
56409.000000,57281.000000,48264.000000,33087.000000
56369.000000,57231.000000,48244.000000,33073.000000
56403.000000,57254.000000,48261.000000,33063.000000
56385.000000,57248.000000,48249.000000,33043.000000
56374.000000,57219.000000,48238.000000,33056.000000
56391.000000,57235.000000,48271.000000,33073.000000
56405.000000,57246.000000,48242.000000,33074.000000
56384.000000,57253.000000,48248.000000,33046.000000
56407.000000,57264.000000,48228.000000,33074.000000
56366.000000,57242.000000,48252.000000,33049.000000
56367.000000,57238.000000,48249.000000,33046.000000
56363.000000,57226.000000,48237.000000,33051.000000
56339.000000,57258.000000,48220.000000,33062.000000
56340.000000,57229.000000,48206.000000,33068.000000
56372.000000,57228.000000,48227.000000,33068.000000
56359.000000,57205.000000,48212.000000,33056.000000
56350.000000,57187.000000,48182.000000,33005.000000
56345.000000,57203.000000,48210.000000,33022.000000
56348.000000,57179.000000,48202.000000,33021.000000
56304.000000,57189.000000,48172.000000,32997.000000
56308.000000,57187.000000,48178.000000,33043.000000
56290.000000,57186.000000,48154.000000,33031.000000
56297.000000,57144.000000,48150.000000,33009.000000
56309.000000,57176.000000,48174.000000,33025.000000
56282.000000,57154.000000,48160.000000,33023.000000
56294.000000,57146.000000,48130.000000,33011.000000
56300.000000,57167.000000,48139.000000,33050.000000
56264.000000,57153.000000,48111.000000,33013.000000
56276.000000,57152.000000,48135.000000,32988.000000
56261.000000,57174.000000,48142.000000,33020.000000
56234.000000,57134.000000,48070.000000,33012.000000
56245.000000,57123.000000,48090.000000,32983.000000
56202.000000,57112.000000,48099.000000,32979.000000
56166.000000,57071.000000,48092.000000,32976.000000
56175.000000,57060.000000,48057.000000,32954.000000
56151.000000,57051.000000,48041.000000,32941.000000
56148.000000,57057.000000,48027.000000,32935.000000
56117.000000,57024.000000,48000.000000,32924.000000
56123.000000,57002.000000,48006.000000,32928.000000
56128.000000,57015.000000,47993.000000,32948.000000
56115.000000,57027.000000,47999.000000,32941.000000
56095.000000,57028.000000,47968.000000,32929.000000
56106.000000,57032.000000,48007.000000,32935.000000
56104.000000,57035.000000,48002.000000,32952.000000
56126.000000,57029.000000,48004.000000,32939.000000
56143.000000,57022.000000,48000.000000,32911.000000
56119.000000,57049.000000,47995.000000,32950.000000
56097.000000,57024.000000,47972.000000,32936.000000
56142.000000,57038.000000,47994.000000,32909.000000
56112.000000,57047.000000,48005.000000,32927.000000
56109.000000,57040.000000,47990.000000,32932.000000
56103.000000,57016.000000,48004.000000,32906.000000
56114.000000,57035.000000,48007.000000,32946.000000
56118.000000,57048.000000,47966.000000,32918.000000
56112.000000,57018.000000,47989.000000,32941.000000
56124.000000,56994.000000,48003.000000,32916.000000
56159.000000,57005.000000,48008.000000,32935.000000
56110.000000,57032.000000,48028.000000,32944.000000
56129.000000,57038.000000,48027.000000,32965.000000
56146.000000,57054.000000,48037.000000,32947.000000
56142.000000,57070.000000,48040.000000,32967.000000
56190.000000,57063.000000,48029.000000,32985.000000
56181.000000,57071.000000,48056.000000,32947.000000
56217.000000,57101.000000,48055.000000,32995.000000
56216.000000,57106.000000,48085.000000,32988.000000
56245.000000,57113.000000,48103.000000,32987.000000
56257.000000,57128.000000,48131.000000,33015.000000
56280.000000,57133.000000,48144.000000,33008.000000
56297.000000,57144.000000,48165.000000,33011.000000
56318.000000,57157.000000,48190.000000,33025.000000
56355.000000,57192.000000,48180.000000,33048.000000
56371.000000,57195.000000,48205.000000,33053.000000
56390.000000,57237.000000,48244.000000,33066.000000
56433.000000,57264.000000,48290.000000,33070.000000
56398.000000,57244.000000,48275.000000,33095.000000
56465.000000,57278.000000,48305.000000,33102.000000
56449.000000,57277.000000,48337.000000,33088.000000
56481.000000,57315.000000,48345.000000,33107.000000
56473.000000,57320.000000,48341.000000,33129.000000
56496.000000,57307.000000,48400.000000,33131.000000
56516.000000,57350.000000,48387.000000,33118.000000
56541.000000,57302.000000,48389.000000,33136.000000
56521.000000,57363.000000,48415.000000,33141.000000
56503.000000,57355.000000,48385.000000,33117.000000
56522.000000,57346.000000,48378.000000,33164.000000
56510.000000,57357.000000,48429.000000,33146.000000
56513.000000,57326.000000,48399.000000,33140.000000
56520.000000,57353.000000,48413.000000,33135.000000
56508.000000,57356.000000,48400.000000,33136.000000
56509.000000,57329.000000,48364.000000,33114.000000
56519.000000,57370.000000,48386.000000,33135.000000
56505.000000,57337.000000,48364.000000,33127.000000
56503.000000,57341.000000,48374.000000,33134.000000
56502.000000,57325.000000,48382.000000,33138.000000
56496.000000,57322.000000,48347.000000,33153.000000
56499.000000,57352.000000,48371.000000,33130.000000
56484.000000,57352.000000,48349.000000,33129.000000
56468.000000,57326.000000,48350.000000,33123.000000
56494.000000,57333.000000,48379.000000,33118.000000
56486.000000,57345.000000,48354.000000,33114.000000
56474.000000,57314.000000,48335.000000,33109.000000
56484.000000,57319.000000,48346.000000,33110.000000
56459.000000,57314.000000,48329.000000,33117.000000
56459.000000,57316.000000,48317.000000,33115.000000
56427.000000,57253.000000,48298.000000,33089.000000
56465.000000,57298.000000,48335.000000,33112.000000
56457.000000,57300.000000,48303.000000,33116.000000
56464.000000,57308.000000,48340.000000,33100.000000
56459.000000,57333.000000,48322.000000,33103.000000
56440.000000,57271.000000,48326.000000,33096.000000
56479.000000,57297.000000,48347.000000,33126.000000
56478.000000,57322.000000,48353.000000,33108.000000
56445.000000,57309.000000,48333.000000,33114.000000
56449.000000,57292.000000,48333.000000,33103.000000
56468.000000,57302.000000,48337.000000,33114.000000
56445.000000,57317.000000,48312.000000,33084.000000
56482.000000,57276.000000,48331.000000,33093.000000
56460.000000,57285.000000,48317.000000,33097.000000
56433.000000,57257.000000,48276.000000,33099.000000
56428.000000,57285.000000,48326.000000,33098.000000
56442.000000,57288.000000,48313.000000,33112.000000
56403.000000,57291.000000,48286.000000,33088.000000
56436.000000,57263.000000,48292.000000,33073.000000
56456.000000,57272.000000,48308.000000,33090.000000
56442.000000,57298.000000,48312.000000,33090.000000
56440.000000,57307.000000,48293.000000,33095.000000
56471.000000,57284.000000,48319.000000,33098.000000
56448.000000,57292.000000,48331.000000,33097.000000
56430.000000,57290.000000,48336.000000,33093.000000
56454.000000,57262.000000,48294.000000,33077.000000
56454.000000,57299.000000,48287.000000,33097.000000
56427.000000,57302.000000,48281.000000,33106.000000
56421.000000,57276.000000,48292.000000,33099.000000
56417.000000,57277.000000,48300.000000,33096.000000
56420.000000,57294.000000,48302.000000,33079.000000
56400.000000,57255.000000,48299.000000,33072.000000
56391.000000,57280.000000,48259.000000,33084.000000
56391.000000,57248.000000,48281.000000,33079.000000
56398.000000,57251.000000,48275.000000,33073.000000
56400.000000,57241.000000,48265.000000,33107.000000
56367.000000,57230.000000,48264.000000,33057.000000
56367.000000,57252.000000,48254.000000,33074.000000
56354.000000,57232.000000,48253.000000,33052.000000
56364.000000,57241.000000,48290.000000,33068.000000
56391.000000,57241.000000,48254.000000,33055.000000
56399.000000,57248.000000,48224.000000,33054.000000
56388.000000,57194.000000,48236.000000,33038.000000
56363.000000,57245.000000,48272.000000,33068.000000
56352.000000,57206.000000,48227.000000,33047.000000
56335.000000,57217.000000,48216.000000,33082.000000
56325.000000,57169.000000,48229.000000,33048.000000
56352.000000,57229.000000,48231.000000,33046.000000
56320.000000,57207.000000,48213.000000,33062.000000
56347.000000,57196.000000,48191.000000,33054.000000
56341.000000,57214.000000,48207.000000,33057.000000
56316.000000,57185.000000,48205.000000,33066.000000
56366.000000,57197.000000,48173.000000,33050.000000
56339.000000,57201.000000,48214.000000,33052.000000
56313.000000,57200.000000,48199.000000,33046.000000
56330.000000,57194.000000,48223.000000,33046.000000
56324.000000,57199.000000,48212.000000,33049.000000
56355.000000,57180.000000,48205.000000,33055.000000
56309.000000,57165.000000,48219.000000,33036.000000
56346.000000,57178.000000,48210.000000,33062.000000
56289.000000,57157.000000,48179.000000,33034.000000
56290.000000,57162.000000,48169.000000,33027.000000
56311.000000,57154.000000,48154.000000,33015.000000
56268.000000,57150.000000,48145.000000,33017.000000
56282.000000,57146.000000,48168.000000,32993.000000
56286.000000,57113.000000,48120.000000,33020.000000
56242.000000,57127.000000,48145.000000,32997.000000
56225.000000,57111.000000,48095.000000,33005.000000
56228.000000,57123.000000,48096.000000,32960.000000
56200.000000,57136.000000,48099.000000,32994.000000
56158.000000,57086.000000,48060.000000,32975.000000
56211.000000,57084.000000,48050.000000,32953.000000
56153.000000,57080.000000,48087.000000,32990.000000
56171.000000,57105.000000,48069.000000,32983.000000
56168.000000,57102.000000,48036.000000,32972.000000
56148.000000,57054.000000,48033.000000,32969.000000
56156.000000,57060.000000,48020.000000,32976.000000
56140.000000,57039.000000,48020.000000,32933.000000
56138.000000,57057.000000,48035.000000,32961.000000
56149.000000,57043.000000,48035.000000,32956.000000
56139.000000,57058.000000,48005.000000,32944.000000
56106.000000,57009.000000,48032.000000,32939.000000
56128.000000,57057.000000,48039.000000,32964.000000
56152.000000,57048.000000,48021.000000,32958.000000
56128.000000,57033.000000,48008.000000,32954.000000
56132.000000,57064.000000,48044.000000,32972.000000
56165.000000,57054.000000,48050.000000,32955.000000
56146.000000,57059.000000,48063.000000,32956.000000
56144.000000,57058.000000,48038.000000,32972.000000
56178.000000,57093.000000,48042.000000,32977.000000
56195.000000,57072.000000,48061.000000,32986.000000
56158.000000,57053.000000,48083.000000,32973.000000
56166.000000,57090.000000,48060.000000,32973.000000
56176.000000,57069.000000,48075.000000,32977.000000
56204.000000,57083.000000,48091.000000,32985.000000
56165.000000,57098.000000,48105.000000,32977.000000
56199.000000,57090.000000,48094.000000,32989.000000
56190.000000,57088.000000,48114.000000,32983.000000
56212.000000,57113.000000,48090.000000,32983.000000
56214.000000,57114.000000,48151.000000,32971.000000
56215.000000,57125.000000,48116.000000,33017.000000
56258.000000,57124.000000,48137.000000,32988.000000
56253.000000,57123.000000,48141.000000,33000.000000
56277.000000,57150.000000,48144.000000,33026.000000
56274.000000,57143.000000,48204.000000,33025.000000
56327.000000,57179.000000,48193.000000,33029.000000
56333.000000,57218.000000,48201.000000,33041.000000
56342.000000,57212.000000,48212.000000,33053.000000
56362.000000,57235.000000,48246.000000,33083.000000
56390.000000,57266.000000,48274.000000,33072.000000
56415.000000,57287.000000,48325.000000,33120.000000
56427.000000,57290.000000,48339.000000,33090.000000
56464.000000,57296.000000,48339.000000,33143.000000
56469.000000,57341.000000,48408.000000,33141.000000
56499.000000,57369.000000,48392.000000,33178.000000
56524.000000,57354.000000,48413.000000,33143.000000
56560.000000,57397.000000,48418.000000,33187.000000
56564.000000,57444.000000,48461.000000,33168.000000
56561.000000,57396.000000,48483.000000,33169.000000
56566.000000,57411.000000,48487.000000,33201.000000
56567.000000,57449.000000,48485.000000,33179.000000
56566.000000,57432.000000,48470.000000,33173.000000
56590.000000,57420.000000,48484.000000,33197.000000
56580.000000,57422.000000,48489.000000,33194.000000
56569.000000,57448.000000,48495.000000,33175.000000
56585.000000,57398.000000,48482.000000,33172.000000
56573.000000,57445.000000,48456.000000,33183.000000
56563.000000,57433.000000,48465.000000,33183.000000
56586.000000,57436.000000,48502.000000,33215.000000
56577.000000,57411.000000,48448.000000,33177.000000
56572.000000,57429.000000,48485.000000,33197.000000
56553.000000,57441.000000,48503.000000,33181.000000
56578.000000,57416.000000,48496.000000,33191.000000
56552.000000,57403.000000,48450.000000,33167.000000
56568.000000,57428.000000,48476.000000,33185.000000
56544.000000,57423.000000,48465.000000,33192.000000
56586.000000,57413.000000,48429.000000,33162.000000
56549.000000,57418.000000,48458.000000,33186.000000
56540.000000,57390.000000,48449.000000,33179.000000
56556.000000,57437.000000,48457.000000,33167.000000
56552.000000,57417.000000,48439.000000,33184.000000
56554.000000,57427.000000,48474.000000,33193.000000
56571.000000,57421.000000,48450.000000,33180.000000
56540.000000,57429.000000,48460.000000,33183.000000
56558.000000,57435.000000,48440.000000,33183.000000
56553.000000,57414.000000,48444.000000,33180.000000
56551.000000,57407.000000,48473.000000,33180.000000
56562.000000,57381.000000,48473.000000,33179.000000
56566.000000,57438.000000,48467.000000,33173.000000
56540.000000,57417.000000,48451.000000,33154.000000
56560.000000,57427.000000,48468.000000,33179.000000
56527.000000,57426.000000,48457.000000,33166.000000
56559.000000,57436.000000,48443.000000,33188.000000
56566.000000,57456.000000,48453.000000,33169.000000
56533.000000,57413.000000,48463.000000,33188.000000
56524.000000,57414.000000,48435.000000,33182.000000
56552.000000,57435.000000,48447.000000,33163.000000
56547.000000,57416.000000,48426.000000,33189.000000
56554.000000,57385.000000,48456.000000,33171.000000
56531.000000,57390.000000,48468.000000,33169.000000
56540.000000,57380.000000,48464.000000,33186.000000
56543.000000,57402.000000,48437.000000,33160.000000
56547.000000,57389.000000,48433.000000,33148.000000
56548.000000,57436.000000,48440.000000,33177.000000
56512.000000,57381.000000,48435.000000,33160.000000
56506.000000,57422.000000,48440.000000,33154.000000
56507.000000,57419.000000,48424.000000,33153.000000
56501.000000,57401.000000,48407.000000,33157.000000
56462.000000,57363.000000,48391.000000,33149.000000
56495.000000,57373.000000,48418.000000,33146.000000
56509.000000,57394.000000,48424.000000,33149.000000
56505.000000,57364.000000,48367.000000,33150.000000
56482.000000,57378.000000,48380.000000,33140.000000
56492.000000,57327.000000,48406.000000,33136.000000
56487.000000,57358.000000,48333.000000,33132.000000
56483.000000,57356.000000,48379.000000,33154.000000
56472.000000,57356.000000,48373.000000,33145.000000
56493.000000,57311.000000,48378.000000,33114.000000
56493.000000,57374.000000,48338.000000,33129.000000
56497.000000,57360.000000,48384.000000,33151.000000
56470.000000,57367.000000,48351.000000,33133.000000
56495.000000,57349.000000,48380.000000,33118.000000
56495.000000,57351.000000,48380.000000,33136.000000
56476.000000,57343.000000,48399.000000,33125.000000
56463.000000,57345.000000,48378.000000,33110.000000
56449.000000,57372.000000,48372.000000,33156.000000
56460.000000,57349.000000,48354.000000,33138.000000
56461.000000,57327.000000,48372.000000,33116.000000
56446.000000,57320.000000,48360.000000,33100.000000
56445.000000,57335.000000,48343.000000,33163.000000
56437.000000,57331.000000,48374.000000,33105.000000
56447.000000,57335.000000,48312.000000,33116.000000
56422.000000,57316.000000,48331.000000,33137.000000
56447.000000,57328.000000,48336.000000,33106.000000
56396.000000,57317.000000,48318.000000,33105.000000
56424.000000,57294.000000,48311.000000,33117.000000
56409.000000,57320.000000,48323.000000,33106.000000
56407.000000,57327.000000,48329.000000,33081.000000
56447.000000,57306.000000,48305.000000,33092.000000
56398.000000,57270.000000,48306.000000,33098.000000
56402.000000,57293.000000,48317.000000,33099.000000
56411.000000,57269.000000,48291.000000,33126.000000
56379.000000,57295.000000,48279.000000,33087.000000
56380.000000,57320.000000,48327.000000,33128.000000
56385.000000,57312.000000,48296.000000,33101.000000
56387.000000,57255.000000,48282.000000,33083.000000
56397.000000,57258.000000,48284.000000,33101.000000
56405.000000,57274.000000,48291.000000,33094.000000
56371.000000,57282.000000,48301.000000,33085.000000
56375.000000,57265.000000,48293.000000,33089.000000
56378.000000,57287.000000,48276.000000,33091.000000
56350.000000,57254.000000,48270.000000,33072.000000
56360.000000,57262.000000,48255.000000,33087.000000
56336.000000,57268.000000,48246.000000,33075.000000
56337.000000,57265.000000,48225.000000,33062.000000
56337.000000,57236.000000,48234.000000,33052.000000
56315.000000,57234.000000,48193.000000,33057.000000
56323.000000,57221.000000,48196.000000,33058.000000
56255.000000,57182.000000,48174.000000,33030.000000
56275.000000,57190.000000,48173.000000,33015.000000
56264.000000,57192.000000,48139.000000,33036.000000
56255.000000,57161.000000,48151.000000,33018.000000
56248.000000,57155.000000,48126.000000,33001.000000
56246.000000,57152.000000,48146.000000,33032.000000
56234.000000,57139.000000,48129.000000,33024.000000
56213.000000,57192.000000,48148.000000,33009.000000
56257.000000,57135.000000,48127.000000,33001.000000
56201.000000,57136.000000,48134.000000,33012.000000
56226.000000,57144.000000,48085.000000,33022.000000
56235.000000,57144.000000,48127.000000,33001.000000
56233.000000,57164.000000,48119.000000,32994.000000
56226.000000,57143.000000,48101.000000,33015.000000
56214.000000,57152.000000,48121.000000,32975.000000
56224.000000,57142.000000,48155.000000,33000.000000
56242.000000,57152.000000,48160.000000,33035.000000
56219.000000,57149.000000,48136.000000,33032.000000
56234.000000,57152.000000,48124.000000,33003.000000
56228.000000,57163.000000,48139.000000,33026.000000
56249.000000,57172.000000,48159.000000,33016.000000
56247.000000,57156.000000,48149.000000,33026.000000
56255.000000,57174.000000,48145.000000,33013.000000
56259.000000,57172.000000,48131.000000,33008.000000
56293.000000,57144.000000,48171.000000,33030.000000
56233.000000,57174.000000,48172.000000,33023.000000
56242.000000,57154.000000,48165.000000,33033.000000
56245.000000,57144.000000,48171.000000,33022.000000
56276.000000,57189.000000,48177.000000,33044.000000
56271.000000,57203.000000,48187.000000,33037.000000
56284.000000,57204.000000,48187.000000,33038.000000
56289.000000,57196.000000,48208.000000,33075.000000
56319.000000,57198.000000,48203.000000,33056.000000
56321.000000,57184.000000,48205.000000,33045.000000
56317.000000,57224.000000,48201.000000,33050.000000
56340.000000,57219.000000,48239.000000,33069.000000
56368.000000,57234.000000,48268.000000,33096.000000
56375.000000,57277.000000,48279.000000,33095.000000
56420.000000,57292.000000,48292.000000,33080.000000
56430.000000,57309.000000,48340.000000,33109.000000
56439.000000,57290.000000,48371.000000,33123.000000
56446.000000,57297.000000,48384.000000,33108.000000
56503.000000,57369.000000,48425.000000,33160.000000
56516.000000,57386.000000,48420.000000,33183.000000
56525.000000,57438.000000,48441.000000,33155.000000
56566.000000,57451.000000,48477.000000,33207.000000
56579.000000,57425.000000,48518.000000,33226.000000
56581.000000,57440.000000,48520.000000,33191.000000
56605.000000,57468.000000,48530.000000,33237.000000
56598.000000,57498.000000,48524.000000,33196.000000
56550.000000,57454.000000,48534.000000,33210.000000
56633.000000,57481.000000,48523.000000,33189.000000
56588.000000,57465.000000,48535.000000,33225.000000
56602.000000,57475.000000,48538.000000,33202.000000
56607.000000,57508.000000,48545.000000,33221.000000
56628.000000,57465.000000,48570.000000,33212.000000
56602.000000,57489.000000,48552.000000,33238.000000
56602.000000,57466.000000,48547.000000,33265.000000
56634.000000,57473.000000,48556.000000,33208.000000
56593.000000,57496.000000,48529.000000,33225.000000
56623.000000,57466.000000,48555.000000,33213.000000
56588.000000,57478.000000,48541.000000,33221.000000
56601.000000,57475.000000,48539.000000,33216.000000
56620.000000,57481.000000,48541.000000,33198.000000
56590.000000,57478.000000,48557.000000,33234.000000
56603.000000,57480.000000,48524.000000,33210.000000
56590.000000,57470.000000,48527.000000,33196.000000
56567.000000,57492.000000,48524.000000,33224.000000
56555.000000,57459.000000,48524.000000,33215.000000
56579.000000,57463.000000,48517.000000,33215.000000
56583.000000,57467.000000,48525.000000,33215.000000
56581.000000,57463.000000,48500.000000,33216.000000
56569.000000,57463.000000,48518.000000,33184.000000
56591.000000,57468.000000,48489.000000,33183.000000
56586.000000,57467.000000,48509.000000,33183.000000
56580.000000,57441.000000,48491.000000,33212.000000
56554.000000,57446.000000,48479.000000,33181.000000
56559.000000,57422.000000,48514.000000,33191.000000
56576.000000,57424.000000,48490.000000,33197.000000
56549.000000,57434.000000,48489.000000,33215.000000
56544.000000,57446.000000,48516.000000,33193.000000
56539.000000,57440.000000,48482.000000,33205.000000
56532.000000,57441.000000,48496.000000,33196.000000
56554.000000,57421.000000,48467.000000,33160.000000
56544.000000,57413.000000,48470.000000,33163.000000
56543.000000,57438.000000,48486.000000,33187.000000
56498.000000,57426.000000,48475.000000,33186.000000
56559.000000,57409.000000,48478.000000,33177.000000
56530.000000,57407.000000,48456.000000,33174.000000
56549.000000,57417.000000,48455.000000,33184.000000
56535.000000,57372.000000,48440.000000,33181.000000
56506.000000,57418.000000,48491.000000,33155.000000
56513.000000,57403.000000,48460.000000,33189.000000
56556.000000,57399.000000,48478.000000,33150.000000
56533.000000,57400.000000,48462.000000,33172.000000
56532.000000,57410.000000,48462.000000,33171.000000
56544.000000,57403.000000,48427.000000,33170.000000
56538.000000,57398.000000,48444.000000,33168.000000
56540.000000,57375.000000,48460.000000,33180.000000
56516.000000,57376.000000,48454.000000,33176.000000
56490.000000,57392.000000,48451.000000,33162.000000
56493.000000,57397.000000,48423.000000,33151.000000
56487.000000,57375.000000,48415.000000,33145.000000
56506.000000,57356.000000,48413.000000,33163.000000
56510.000000,57389.000000,48426.000000,33161.000000
56497.000000,57378.000000,48392.000000,33143.000000
56450.000000,57381.000000,48401.000000,33146.000000
56496.000000,57386.000000,48413.000000,33144.000000
56481.000000,57405.000000,48397.000000,33162.000000
56479.000000,57367.000000,48421.000000,33177.000000
56503.000000,57388.000000,48413.000000,33161.000000
56452.000000,57360.000000,48416.000000,33155.000000
56479.000000,57363.000000,48394.000000,33133.000000
56494.000000,57350.000000,48391.000000,33142.000000
56457.000000,57360.000000,48420.000000,33115.000000
56466.000000,57373.000000,48410.000000,33162.000000
56487.000000,57374.000000,48391.000000,33160.000000
56476.000000,57363.000000,48403.000000,33149.000000
56446.000000,57379.000000,48388.000000,33124.000000
56429.000000,57382.000000,48380.000000,33125.000000
56452.000000,57385.000000,48388.000000,33134.000000
56458.000000,57349.000000,48383.000000,33143.000000
56432.000000,57365.000000,48379.000000,33134.000000
56474.000000,57345.000000,48389.000000,33103.000000
56448.000000,57331.000000,48364.000000,33162.000000
56435.000000,57334.000000,48337.000000,33120.000000
56429.000000,57339.000000,48369.000000,33118.000000
56416.000000,57326.000000,48349.000000,33126.000000
56429.000000,57363.000000,48318.000000,33119.000000
56429.000000,57293.000000,48337.000000,33121.000000
56383.000000,57301.000000,48332.000000,33115.000000
56390.000000,57323.000000,48320.000000,33106.000000
56402.000000,57283.000000,48317.000000,33101.000000
56418.000000,57335.000000,48323.000000,33087.000000
56381.000000,57300.000000,48281.000000,33122.000000
56385.000000,57304.000000,48308.000000,33085.000000
56421.000000,57328.000000,48329.000000,33123.000000
56358.000000,57308.000000,48295.000000,33084.000000
56397.000000,57302.000000,48307.000000,33065.000000
56390.000000,57351.000000,48317.000000,33115.000000
56380.000000,57316.000000,48272.000000,33069.000000
56397.000000,57271.000000,48313.000000,33088.000000
56380.000000,57320.000000,48299.000000,33123.000000
56390.000000,57309.000000,48292.000000,33069.000000
56377.000000,57279.000000,48314.000000,33080.000000
56374.000000,57269.000000,48295.000000,33099.000000
56336.000000,57278.000000,48290.000000,33090.000000
56383.000000,57280.000000,48292.000000,33109.000000
56345.000000,57262.000000,48295.000000,33103.000000
56354.000000,57257.000000,48275.000000,33092.000000
56343.000000,57304.000000,48258.000000,33067.000000
56319.000000,57228.000000,48258.000000,33070.000000
56309.000000,57258.000000,48217.000000,33069.000000
56293.000000,57244.000000,48214.000000,33045.000000
56278.000000,57219.000000,48197.000000,33030.000000
56302.000000,57195.000000,48182.000000,33032.000000
56261.000000,57199.000000,48198.000000,33029.000000
56259.000000,57204.000000,48187.000000,33010.000000
56277.000000,57175.000000,48173.000000,33014.000000
56253.000000,57194.000000,48171.000000,33039.000000
56251.000000,57177.000000,48177.000000,33006.000000
56228.000000,57192.000000,48183.000000,33037.000000
56238.000000,57151.000000,48148.000000,33001.000000
56260.000000,57179.000000,48167.000000,33041.000000
56226.000000,57172.000000,48169.000000,33034.000000
56260.000000,57203.000000,48191.000000,33025.000000
56247.000000,57168.000000,48164.000000,33020.000000
56263.000000,57199.000000,48176.000000,33051.000000
56257.000000,57190.000000,48195.000000,33021.000000
56256.000000,57186.000000,48174.000000,33027.000000
56268.000000,57217.000000,48165.000000,33029.000000
56271.000000,57225.000000,48186.000000,33067.000000
56250.000000,57194.000000,48204.000000,33039.000000
56258.000000,57212.000000,48204.000000,33051.000000
56242.000000,57191.000000,48186.000000,33055.000000
56276.000000,57175.000000,48183.000000,33030.000000
56288.000000,57215.000000,48196.000000,33048.000000
56268.000000,57210.000000,48178.000000,33046.000000
56230.000000,57219.000000,48179.000000,33023.000000
56262.000000,57201.000000,48207.000000,33067.000000
56307.000000,57234.000000,48241.000000,33065.000000
56289.000000,57222.000000,48205.000000,33052.000000
56272.000000,57260.000000,48216.000000,33040.000000
56298.000000,57222.000000,48229.000000,33075.000000
56292.000000,57225.000000,48247.000000,33045.000000
56339.000000,57270.000000,48219.000000,33082.000000
56322.000000,57230.000000,48219.000000,33081.000000
56369.000000,57254.000000,48254.000000,33080.000000
56352.000000,57288.000000,48304.000000,33101.000000
56364.000000,57311.000000,48307.000000,33112.000000
56389.000000,57317.000000,48305.000000,33091.000000
56413.000000,57337.000000,48331.000000,33129.000000
56407.000000,57342.000000,48347.000000,33139.000000
56411.000000,57348.000000,48380.000000,33160.000000
56497.000000,57389.000000,48415.000000,33157.000000
56502.000000,57388.000000,48459.000000,33155.000000
56527.000000,57417.000000,48462.000000,33168.000000
56534.000000,57459.000000,48509.000000,33197.000000
56557.000000,57476.000000,48522.000000,33199.000000
56599.000000,57471.000000,48525.000000,33230.000000
56603.000000,57509.000000,48538.000000,33246.000000
56593.000000,57523.000000,48570.000000,33234.000000
56618.000000,57499.000000,48589.000000,33222.000000
56630.000000,57500.000000,48551.000000,33222.000000
56611.000000,57542.000000,48608.000000,33238.000000
56631.000000,57550.000000,48577.000000,33243.000000
56626.000000,57523.000000,48576.000000,33239.000000
56648.000000,57505.000000,48576.000000,33248.000000
56648.000000,57523.000000,48554.000000,33228.000000
56648.000000,57556.000000,48581.000000,33225.000000
56609.000000,57533.000000,48566.000000,33243.000000
56614.000000,57526.000000,48576.000000,33260.000000
56594.000000,57515.000000,48561.000000,33243.000000
56626.000000,57531.000000,48584.000000,33199.000000
56607.000000,57510.000000,48542.000000,33216.000000
56635.000000,57505.000000,48548.000000,33228.000000
56621.000000,57495.000000,48566.000000,33233.000000
56617.000000,57523.000000,48545.000000,33244.000000
56579.000000,57489.000000,48561.000000,33214.000000
56604.000000,57502.000000,48548.000000,33228.000000
56608.000000,57486.000000,48560.000000,33230.000000
56612.000000,57511.000000,48574.000000,33214.000000
56577.000000,57518.000000,48519.000000,33219.000000
56613.000000,57500.000000,48565.000000,33236.000000
56601.000000,57512.000000,48560.000000,33224.000000
56616.000000,57473.000000,48537.000000,33214.000000
56602.000000,57509.000000,48536.000000,33216.000000
56578.000000,57477.000000,48520.000000,33202.000000
56616.000000,57496.000000,48561.000000,33214.000000
56600.000000,57495.000000,48523.000000,33231.000000
56558.000000,57484.000000,48535.000000,33211.000000
56595.000000,57493.000000,48543.000000,33247.000000
56572.000000,57486.000000,48539.000000,33201.000000
56575.000000,57466.000000,48516.000000,33184.000000
56569.000000,57484.000000,48541.000000,33190.000000
56542.000000,57487.000000,48511.000000,33193.000000
56567.000000,57492.000000,48521.000000,33222.000000
56563.000000,57446.000000,48491.000000,33202.000000
56550.000000,57435.000000,48500.000000,33200.000000
56551.000000,57492.000000,48508.000000,33207.000000
56541.000000,57427.000000,48503.000000,33209.000000
56558.000000,57464.000000,48491.000000,33206.000000
56536.000000,57445.000000,48487.000000,33187.000000
56562.000000,57473.000000,48501.000000,33221.000000
56548.000000,57479.000000,48515.000000,33207.000000
56555.000000,57454.000000,48492.000000,33192.000000
56563.000000,57479.000000,48505.000000,33201.000000
56531.000000,57461.000000,48498.000000,33191.000000
56535.000000,57462.000000,48489.000000,33188.000000
56549.000000,57488.000000,48500.000000,33195.000000
56493.000000,57447.000000,48488.000000,33204.000000
56526.000000,57449.000000,48475.000000,33188.000000
56540.000000,57464.000000,48490.000000,33208.000000
56538.000000,57454.000000,48486.000000,33193.000000
56543.000000,57435.000000,48480.000000,33163.000000
56522.000000,57434.000000,48471.000000,33164.000000
56525.000000,57481.000000,48455.000000,33167.000000
56478.000000,57452.000000,48451.000000,33160.000000
56506.000000,57462.000000,48459.000000,33194.000000
56513.000000,57447.000000,48472.000000,33177.000000
56490.000000,57447.000000,48430.000000,33173.000000
56526.000000,57457.000000,48451.000000,33184.000000
56502.000000,57437.000000,48456.000000,33180.000000
56508.000000,57434.000000,48463.000000,33174.000000
56508.000000,57431.000000,48442.000000,33181.000000
56514.000000,57445.000000,48449.000000,33163.000000
56499.000000,57413.000000,48413.000000,33152.000000
56509.000000,57419.000000,48419.000000,33156.000000
56452.000000,57416.000000,48407.000000,33151.000000
56449.000000,57365.000000,48391.000000,33125.000000
56430.000000,57363.000000,48390.000000,33151.000000
56461.000000,57360.000000,48414.000000,33164.000000
56445.000000,57352.000000,48342.000000,33121.000000
56464.000000,57379.000000,48376.000000,33139.000000
56394.000000,57335.000000,48363.000000,33141.000000
56418.000000,57313.000000,48353.000000,33114.000000
56433.000000,57335.000000,48359.000000,33129.000000
56414.000000,57357.000000,48349.000000,33163.000000
56399.000000,57350.000000,48342.000000,33116.000000
56420.000000,57334.000000,48343.000000,33143.000000
56396.000000,57312.000000,48325.000000,33104.000000
56426.000000,57313.000000,48349.000000,33123.000000
56358.000000,57307.000000,48326.000000,33125.000000
56362.000000,57301.000000,48322.000000,33112.000000
56393.000000,57279.000000,48325.000000,33123.000000
56369.000000,57299.000000,48317.000000,33106.000000
56392.000000,57337.000000,48345.000000,33131.000000
56410.000000,57308.000000,48334.000000,33070.000000
56395.000000,57328.000000,48327.000000,33102.000000
56377.000000,57332.000000,48317.000000,33102.000000
56393.000000,57295.000000,48324.000000,33103.000000
56388.000000,57304.000000,48302.000000,33095.000000
56396.000000,57296.000000,48317.000000,33100.000000
56380.000000,57315.000000,48325.000000,33106.000000
56388.000000,57298.000000,48289.000000,33106.000000
56361.000000,57286.000000,48305.000000,33098.000000
56332.000000,57294.000000,48262.000000,33093.000000
56317.000000,57274.000000,48276.000000,33110.000000
56353.000000,57246.000000,48277.000000,33078.000000
56337.000000,57264.000000,48249.000000,33083.000000
56328.000000,57271.000000,48284.000000,33094.000000
56313.000000,57252.000000,48249.000000,33064.000000
56298.000000,57238.000000,48236.000000,33063.000000
56284.000000,57223.000000,48228.000000,33051.000000
56259.000000,57216.000000,48201.000000,33042.000000
56259.000000,57225.000000,48179.000000,33017.000000
56225.000000,57189.000000,48203.000000,33050.000000
56251.000000,57197.000000,48156.000000,33036.000000
56244.000000,57184.000000,48165.000000,33011.000000
56204.000000,57211.000000,48157.000000,33029.000000
56215.000000,57191.000000,48175.000000,33046.000000
56187.000000,57140.000000,48141.000000,33000.000000
56197.000000,57184.000000,48149.000000,33025.000000
56199.000000,57164.000000,48142.000000,33028.000000
56207.000000,57168.000000,48149.000000,33021.000000
56221.000000,57157.000000,48134.000000,32988.000000
56218.000000,57168.000000,48181.000000,33030.000000
56206.000000,57182.000000,48152.000000,33002.000000
56201.000000,57152.000000,48143.000000,33022.000000
56223.000000,57175.000000,48159.000000,33043.000000
56213.000000,57178.000000,48156.000000,33018.000000
56233.000000,57158.000000,48144.000000,33042.000000
56219.000000,57150.000000,48148.000000,33026.000000
56218.000000,57159.000000,48132.000000,32996.000000
56214.000000,57174.000000,48155.000000,33032.000000
56199.000000,57169.000000,48162.000000,33026.000000
56185.000000,57146.000000,48153.000000,33006.000000
56200.000000,57164.000000,48154.000000,33042.000000
56236.000000,57173.000000,48163.000000,33015.000000
56200.000000,57153.000000,48141.000000,33024.000000
56199.000000,57161.000000,48182.000000,33017.000000
56234.000000,57164.000000,48148.000000,33021.000000
56205.000000,57163.000000,48146.000000,33016.000000
56226.000000,57188.000000,48152.000000,33034.000000
56241.000000,57168.000000,48186.000000,33030.000000
56242.000000,57171.000000,48181.000000,33013.000000
56248.000000,57187.000000,48199.000000,33031.000000
56253.000000,57212.000000,48223.000000,33050.000000
56287.000000,57196.000000,48190.000000,33008.000000
56298.000000,57218.000000,48234.000000,33062.000000
56306.000000,57237.000000,48254.000000,33074.000000
56322.000000,57243.000000,48248.000000,33056.000000
56356.000000,57259.000000,48316.000000,33094.000000
56370.000000,57274.000000,48313.000000,33110.000000
56418.000000,57294.000000,48360.000000,33119.000000
56422.000000,57331.000000,48373.000000,33109.000000
56454.000000,57381.000000,48392.000000,33134.000000
56492.000000,57361.000000,48418.000000,33163.000000
56518.000000,57399.000000,48477.000000,33161.000000
56533.000000,57438.000000,48487.000000,33195.000000
56552.000000,57464.000000,48518.000000,33184.000000
56555.000000,57470.000000,48512.000000,33224.000000
56564.000000,57480.000000,48541.000000,33210.000000
56574.000000,57456.000000,48528.000000,33208.000000
56597.000000,57467.000000,48519.000000,33218.000000
56559.000000,57479.000000,48514.000000,33190.000000
56577.000000,57467.000000,48543.000000,33204.000000
56549.000000,57464.000000,48537.000000,33204.000000
56562.000000,57482.000000,48525.000000,33208.000000
56557.000000,57485.000000,48520.000000,33216.000000
56544.000000,57454.000000,48509.000000,33203.000000
56587.000000,57463.000000,48521.000000,33204.000000
56571.000000,57456.000000,48501.000000,33197.000000
56581.000000,57457.000000,48487.000000,33191.000000
56566.000000,57458.000000,48509.000000,33190.000000
56554.000000,57469.000000,48503.000000,33181.000000
56521.000000,57483.000000,48491.000000,33213.000000
56539.000000,57475.000000,48532.000000,33216.000000
56547.000000,57452.000000,48526.000000,33208.000000
56517.000000,57431.000000,48497.000000,33181.000000
56548.000000,57440.000000,48485.000000,33184.000000
56530.000000,57449.000000,48502.000000,33173.000000
56545.000000,57492.000000,48496.000000,33197.000000
56571.000000,57442.000000,48469.000000,33173.000000
56569.000000,57445.000000,48503.000000,33168.000000
56521.000000,57394.000000,48474.000000,33180.000000
56532.000000,57428.000000,48508.000000,33213.000000
56548.000000,57460.000000,48475.000000,33174.000000
56550.000000,57418.000000,48478.000000,33169.000000
56540.000000,57456.000000,48491.000000,33191.000000
56547.000000,57454.000000,48500.000000,33174.000000
56495.000000,57434.000000,48473.000000,33181.000000
56557.000000,57429.000000,48474.000000,33211.000000
56517.000000,57447.000000,48475.000000,33181.000000
56532.000000,57420.000000,48477.000000,33192.000000
56526.000000,57417.000000,48469.000000,33154.000000
56532.000000,57412.000000,48485.000000,33170.000000
56534.000000,57414.000000,48483.000000,33200.000000
56525.000000,57425.000000,48464.000000,33156.000000
56504.000000,57400.000000,48466.000000,33197.000000
56510.000000,57414.000000,48466.000000,33178.000000
56511.000000,57429.000000,48480.000000,33180.000000
56507.000000,57409.000000,48472.000000,33164.000000
56487.000000,57414.000000,48460.000000,33187.000000
56482.000000,57415.000000,48444.000000,33154.000000
56483.000000,57398.000000,48439.000000,33171.000000
56477.000000,57398.000000,48425.000000,33158.000000
56452.000000,57384.000000,48412.000000,33134.000000
56463.000000,57387.000000,48411.000000,33154.000000
56480.000000,57401.000000,48421.000000,33145.000000
56423.000000,57364.000000,48416.000000,33189.000000
56467.000000,57375.000000,48408.000000,33138.000000
56438.000000,57379.000000,48402.000000,33175.000000
56465.000000,57343.000000,48366.000000,33146.000000
56441.000000,57338.000000,48391.000000,33129.000000
56443.000000,57374.000000,48414.000000,33123.000000
56445.000000,57381.000000,48418.000000,33155.000000
56448.000000,57378.000000,48442.000000,33165.000000
56436.000000,57375.000000,48374.000000,33136.000000
56450.000000,57385.000000,48414.000000,33140.000000
56443.000000,57406.000000,48399.000000,33158.000000
56441.000000,57371.000000,48395.000000,33126.000000
56438.000000,57350.000000,48386.000000,33139.000000
56430.000000,57352.000000,48409.000000,33151.000000
56430.000000,57343.000000,48433.000000,33126.000000
56444.000000,57337.000000,48380.000000,33148.000000
56453.000000,57353.000000,48384.000000,33160.000000
56422.000000,57346.000000,48385.000000,33133.000000
56400.000000,57351.000000,48366.000000,33134.000000
56401.000000,57358.000000,48374.000000,33104.000000
56414.000000,57312.000000,48397.000000,33133.000000
56382.000000,57331.000000,48348.000000,33128.000000
56409.000000,57298.000000,48339.000000,33119.000000
56392.000000,57300.000000,48343.000000,33121.000000
56373.000000,57317.000000,48338.000000,33093.000000
56394.000000,57294.000000,48330.000000,33088.000000
56393.000000,57307.000000,48305.000000,33144.000000
56375.000000,57290.000000,48325.000000,33092.000000
56375.000000,57330.000000,48315.000000,33074.000000
56365.000000,57297.000000,48326.000000,33095.000000
56367.000000,57279.000000,48305.000000,33102.000000
56342.000000,57285.000000,48319.000000,33080.000000
56358.000000,57285.000000,48327.000000,33090.000000
56355.000000,57302.000000,48315.000000,33092.000000
56348.000000,57292.000000,48294.000000,33092.000000
56375.000000,57316.000000,48313.000000,33094.000000
56344.000000,57295.000000,48296.000000,33102.000000
56331.000000,57281.000000,48293.000000,33098.000000
56372.000000,57257.000000,48290.000000,33081.000000
56348.000000,57281.000000,48309.000000,33081.000000
56339.000000,57283.000000,48311.000000,33098.000000
56353.000000,57288.000000,48292.000000,33077.000000
56343.000000,57239.000000,48275.000000,33066.000000
56358.000000,57288.000000,48297.000000,33094.000000
56330.000000,57286.000000,48313.000000,33117.000000
56341.000000,57279.000000,48277.000000,33064.000000
56355.000000,57265.000000,48317.000000,33095.000000
56309.000000,57268.000000,48242.000000,33086.000000
56312.000000,57225.000000,48262.000000,33049.000000
56314.000000,57243.000000,48266.000000,33093.000000
56286.000000,57231.000000,48248.000000,33060.000000
56286.000000,57225.000000,48210.000000,33054.000000
56293.000000,57225.000000,48222.000000,33080.000000
56264.000000,57206.000000,48217.000000,33044.000000
56264.000000,57223.000000,48180.000000,33045.000000
56242.000000,57195.000000,48171.000000,33053.000000
56241.000000,57209.000000,48189.000000,33002.000000
56217.000000,57150.000000,48174.000000,33037.000000
56218.000000,57196.000000,48168.000000,33027.000000
56209.000000,57145.000000,48184.000000,33010.000000
56197.000000,57175.000000,48165.000000,33007.000000
56162.000000,57167.000000,48155.000000,33035.000000
56185.000000,57161.000000,48141.000000,33011.000000
56196.000000,57161.000000,48156.000000,32996.000000
56191.000000,57155.000000,48153.000000,32994.000000
56212.000000,57169.000000,48148.000000,33015.000000
56177.000000,57159.000000,48143.000000,32994.000000
56212.000000,57156.000000,48163.000000,33020.000000
56178.000000,57141.000000,48134.000000,33002.000000
56175.000000,57160.000000,48132.000000,32999.000000
56215.000000,57147.000000,48162.000000,33015.000000
56186.000000,57206.000000,48159.000000,33016.000000
56178.000000,57164.000000,48149.000000,33005.000000
56199.000000,57188.000000,48144.000000,33005.000000
56181.000000,57154.000000,48155.000000,33027.000000
56230.000000,57151.000000,48165.000000,33024.000000
56199.000000,57184.000000,48161.000000,33012.000000
56172.000000,57161.000000,48182.000000,33033.000000
56202.000000,57165.000000,48155.000000,33025.000000
56208.000000,57147.000000,48162.000000,33026.000000
56200.000000,57167.000000,48195.000000,33030.000000
56211.000000,57198.000000,48178.000000,33010.000000
56219.000000,57186.000000,48192.000000,33014.000000
56226.000000,57216.000000,48170.000000,33035.000000
56233.000000,57196.000000,48192.000000,33065.000000
56219.000000,57200.000000,48198.000000,33041.000000
56226.000000,57230.000000,48212.000000,33057.000000
56250.000000,57205.000000,48220.000000,33060.000000
56259.000000,57216.000000,48222.000000,33065.000000
56308.000000,57228.000000,48242.000000,33048.000000
56303.000000,57243.000000,48268.000000,33066.000000
56339.000000,57291.000000,48306.000000,33086.000000
56335.000000,57307.000000,48271.000000,33113.000000
56329.000000,57318.000000,48315.000000,33068.000000
56409.000000,57333.000000,48349.000000,33143.000000
56384.000000,57333.000000,48337.000000,33113.000000
56426.000000,57334.000000,48403.000000,33144.000000
56456.000000,57382.000000,48400.000000,33157.000000
56473.000000,57381.000000,48455.000000,33176.000000
56469.000000,57419.000000,48459.000000,33193.000000
56517.000000,57475.000000,48497.000000,33180.000000
56502.000000,57434.000000,48515.000000,33198.000000
56547.000000,57479.000000,48509.000000,33217.000000
56561.000000,57465.000000,48525.000000,33209.000000
56583.000000,57497.000000,48581.000000,33222.000000
56578.000000,57493.000000,48580.000000,33205.000000
56575.000000,57535.000000,48572.000000,33235.000000
56570.000000,57515.000000,48589.000000,33212.000000
56582.000000,57526.000000,48563.000000,33233.000000
56610.000000,57507.000000,48607.000000,33225.000000
56612.000000,57531.000000,48577.000000,33230.000000
56583.000000,57517.000000,48557.000000,33234.000000
56616.000000,57510.000000,48597.000000,33231.000000
56589.000000,57503.000000,48576.000000,33276.000000
56582.000000,57510.000000,48558.000000,33228.000000
56611.000000,57541.000000,48567.000000,33236.000000
56620.000000,57538.000000,48587.000000,33219.000000
56596.000000,57512.000000,48582.000000,33233.000000
56565.000000,57538.000000,48572.000000,33260.000000
56574.000000,57524.000000,48585.000000,33240.000000
56587.000000,57527.000000,48588.000000,33250.000000
56584.000000,57521.000000,48576.000000,33202.000000
56570.000000,57508.000000,48557.000000,33239.000000
56582.000000,57536.000000,48593.000000,33214.000000
56585.000000,57525.000000,48570.000000,33239.000000
56565.000000,57528.000000,48561.000000,33233.000000
56585.000000,57497.000000,48568.000000,33218.000000
56590.000000,57485.000000,48565.000000,33218.000000
56571.000000,57529.000000,48531.000000,33240.000000
56575.000000,57513.000000,48548.000000,33189.000000
56569.000000,57492.000000,48524.000000,33212.000000
56537.000000,57484.000000,48540.000000,33222.000000
56525.000000,57482.000000,48518.000000,33213.000000
56541.000000,57499.000000,48517.000000,33217.000000
56523.000000,57461.000000,48483.000000,33173.000000
56522.000000,57472.000000,48504.000000,33188.000000
56500.000000,57473.000000,48492.000000,33210.000000
56546.000000,57470.000000,48488.000000,33176.000000
56517.000000,57446.000000,48495.000000,33173.000000
56495.000000,57449.000000,48495.000000,33201.000000
56510.000000,57459.000000,48465.000000,33195.000000
56499.000000,57437.000000,48478.000000,33159.000000
56511.000000,57428.000000,48467.000000,33177.000000
56504.000000,57443.000000,48497.000000,33185.000000
56508.000000,57455.000000,48480.000000,33174.000000
56499.000000,57413.000000,48461.000000,33207.000000
56507.000000,57485.000000,48479.000000,33185.000000
56496.000000,57468.000000,48471.000000,33168.000000
56477.000000,57435.000000,48473.000000,33160.000000
56497.000000,57431.000000,48499.000000,33192.000000
56489.000000,57466.000000,48477.000000,33205.000000
56450.000000,57443.000000,48464.000000,33149.000000
56493.000000,57430.000000,48465.000000,33185.000000
56494.000000,57415.000000,48471.000000,33156.000000
56509.000000,57417.000000,48472.000000,33168.000000
56469.000000,57417.000000,48467.000000,33187.000000
56456.000000,57422.000000,48480.000000,33181.000000
56470.000000,57451.000000,48433.000000,33170.000000
56463.000000,57411.000000,48449.000000,33167.000000
56499.000000,57415.000000,48425.000000,33167.000000
56449.000000,57397.000000,48428.000000,33170.000000
56443.000000,57380.000000,48427.000000,33165.000000
56493.000000,57416.000000,48445.000000,33154.000000
56453.000000,57389.000000,48418.000000,33159.000000
56469.000000,57391.000000,48415.000000,33154.000000
56452.000000,57388.000000,48419.000000,33151.000000
56448.000000,57400.000000,48437.000000,33156.000000
56466.000000,57365.000000,48429.000000,33140.000000
56442.000000,57366.000000,48392.000000,33168.000000
56430.000000,57374.000000,48383.000000,33159.000000
56435.000000,57370.000000,48365.000000,33137.000000
56419.000000,57366.000000,48404.000000,33116.000000
56456.000000,57390.000000,48395.000000,33147.000000
56418.000000,57361.000000,48419.000000,33113.000000
56423.000000,57374.000000,48392.000000,33139.000000
56428.000000,57365.000000,48387.000000,33135.000000
56397.000000,57352.000000,48387.000000,33149.000000
56424.000000,57346.000000,48375.000000,33136.000000
56404.000000,57358.000000,48380.000000,33134.000000
56401.000000,57363.000000,48365.000000,33128.000000
56409.000000,57343.000000,48372.000000,33133.000000
56388.000000,57346.000000,48343.000000,33131.000000
56410.000000,57340.000000,48351.000000,33130.000000
56381.000000,57326.000000,48327.000000,33096.000000
56398.000000,57350.000000,48355.000000,33114.000000
56351.000000,57312.000000,48310.000000,33122.000000
56361.000000,57290.000000,48349.000000,33114.000000
56383.000000,57301.000000,48344.000000,33125.000000
56376.000000,57340.000000,48345.000000,33109.000000
56376.000000,57321.000000,48351.000000,33132.000000
56396.000000,57315.000000,48343.000000,33090.000000
56345.000000,57319.000000,48337.000000,33129.000000
56360.000000,57341.000000,48321.000000,33119.000000
56377.000000,57300.000000,48324.000000,33102.000000
56374.000000,57342.000000,48322.000000,33106.000000
56369.000000,57313.000000,48337.000000,33113.000000
56388.000000,57310.000000,48335.000000,33083.000000
56352.000000,57321.000000,48335.000000,33123.000000
56361.000000,57348.000000,48339.000000,33110.000000
56344.000000,57307.000000,48345.000000,33125.000000
56327.000000,57284.000000,48308.000000,33100.000000
56353.000000,57305.000000,48327.000000,33098.000000
56328.000000,57274.000000,48318.000000,33098.000000
56331.000000,57281.000000,48287.000000,33065.000000
56312.000000,57276.000000,48306.000000,33087.000000
56315.000000,57260.000000,48261.000000,33100.000000
56300.000000,57263.000000,48251.000000,33092.000000
56292.000000,57240.000000,48248.000000,33046.000000
56259.000000,57270.000000,48243.000000,33050.000000
56247.000000,57226.000000,48203.000000,33040.000000
56227.000000,57213.000000,48209.000000,33056.000000
56209.000000,57197.000000,48202.000000,33073.000000
56228.000000,57188.000000,48178.000000,33039.000000
56191.000000,57210.000000,48156.000000,33018.000000
56204.000000,57195.000000,48170.000000,33037.000000
56200.000000,57182.000000,48166.000000,33031.000000
56194.000000,57160.000000,48162.000000,33001.000000
56194.000000,57182.000000,48191.000000,32993.000000
56209.000000,57177.000000,48149.000000,33030.000000
56170.000000,57169.000000,48166.000000,33022.000000
56196.000000,57170.000000,48167.000000,33038.000000
56202.000000,57169.000000,48169.000000,33018.000000
56202.000000,57191.000000,48167.000000,33044.000000
56176.000000,57153.000000,48176.000000,33028.000000
56209.000000,57176.000000,48182.000000,33029.000000
56191.000000,57185.000000,48178.000000,33035.000000
56212.000000,57176.000000,48186.000000,33015.000000
56213.000000,57203.000000,48214.000000,33047.000000
56230.000000,57178.000000,48181.000000,33027.000000
56254.000000,57208.000000,48220.000000,33054.000000
56233.000000,57207.000000,48202.000000,33046.000000
56254.000000,57237.000000,48205.000000,33065.000000
56247.000000,57207.000000,48195.000000,33064.000000
56235.000000,57190.000000,48214.000000,33039.000000
56234.000000,57195.000000,48221.000000,33053.000000
56233.000000,57235.000000,48221.000000,33050.000000
56219.000000,57171.000000,48224.000000,33033.000000
56259.000000,57248.000000,48230.000000,33054.000000
56245.000000,57227.000000,48220.000000,33098.000000
56272.000000,57203.000000,48208.000000,33056.000000
56270.000000,57259.000000,48235.000000,33086.000000
56272.000000,57252.000000,48260.000000,33048.000000
56289.000000,57252.000000,48275.000000,33076.000000
56302.000000,57270.000000,48289.000000,33071.000000
56318.000000,57303.000000,48314.000000,33087.000000
56358.000000,57309.000000,48346.000000,33090.000000
56387.000000,57367.000000,48357.000000,33144.000000
56431.000000,57358.000000,48388.000000,33122.000000
56429.000000,57375.000000,48409.000000,33164.000000
56446.000000,57415.000000,48444.000000,33173.000000
56488.000000,57445.000000,48475.000000,33166.000000
56505.000000,57463.000000,48528.000000,33193.000000
56507.000000,57463.000000,48537.000000,33228.000000
56554.000000,57519.000000,48567.000000,33214.000000
56596.000000,57515.000000,48596.000000,33210.000000
56591.000000,57555.000000,48599.000000,33233.000000
56586.000000,57574.000000,48619.000000,33215.000000
56612.000000,57545.000000,48600.000000,33257.000000
56609.000000,57531.000000,48626.000000,33232.000000
56582.000000,57567.000000,48661.000000,33252.000000
56603.000000,57532.000000,48636.000000,33256.000000
56620.000000,57552.000000,48629.000000,33253.000000
56609.000000,57581.000000,48650.000000,33275.000000
56615.000000,57540.000000,48664.000000,33256.000000
56635.000000,57573.000000,48627.000000,33261.000000
56615.000000,57590.000000,48631.000000,33274.000000
56615.000000,57585.000000,48648.000000,33243.000000
56602.000000,57574.000000,48633.000000,33256.000000
56613.000000,57543.000000,48613.000000,33217.000000
56613.000000,57547.000000,48601.000000,33237.000000
56611.000000,57587.000000,48607.000000,33250.000000
56598.000000,57576.000000,48612.000000,33250.000000
56623.000000,57569.000000,48641.000000,33252.000000
56595.000000,57549.000000,48621.000000,33277.000000
56613.000000,57582.000000,48620.000000,33277.000000
56611.000000,57565.000000,48630.000000,33222.000000
56604.000000,57578.000000,48655.000000,33245.000000
56625.000000,57561.000000,48647.000000,33250.000000
56616.000000,57553.000000,48598.000000,33259.000000
56607.000000,57550.000000,48621.000000,33239.000000
56594.000000,57578.000000,48609.000000,33245.000000
56603.000000,57558.000000,48595.000000,33239.000000
56601.000000,57563.000000,48621.000000,33250.000000
56566.000000,57548.000000,48590.000000,33247.000000
56601.000000,57562.000000,48596.000000,33238.000000
56605.000000,57573.000000,48620.000000,33246.000000
56592.000000,57562.000000,48605.000000,33247.000000
56621.000000,57559.000000,48607.000000,33235.000000
56613.000000,57558.000000,48604.000000,33253.000000
56593.000000,57554.000000,48604.000000,33271.000000
56577.000000,57542.000000,48602.000000,33231.000000
56585.000000,57552.000000,48602.000000,33237.000000
56590.000000,57558.000000,48587.000000,33276.000000
56587.000000,57532.000000,48576.000000,33240.000000
56572.000000,57566.000000,48601.000000,33213.000000
56594.000000,57554.000000,48571.000000,33256.000000
56584.000000,57544.000000,48580.000000,33249.000000
56561.000000,57547.000000,48600.000000,33254.000000
56569.000000,57522.000000,48579.000000,33233.000000
56578.000000,57565.000000,48601.000000,33239.000000
56581.000000,57538.000000,48584.000000,33225.000000
56569.000000,57527.000000,48581.000000,33248.000000
56605.000000,57591.000000,48603.000000,33256.000000
56563.000000,57535.000000,48550.000000,33220.000000
56562.000000,57517.000000,48559.000000,33241.000000
56555.000000,57539.000000,48558.000000,33229.000000
56546.000000,57540.000000,48545.000000,33220.000000
56571.000000,57557.000000,48578.000000,33214.000000
56564.000000,57513.000000,48569.000000,33228.000000
56518.000000,57547.000000,48539.000000,33231.000000
56559.000000,57545.000000,48560.000000,33208.000000
56561.000000,57551.000000,48552.000000,33229.000000
56512.000000,57524.000000,48527.000000,33236.000000
56520.000000,57536.000000,48584.000000,33218.000000
56535.000000,57523.000000,48573.000000,33233.000000
56537.000000,57522.000000,48529.000000,33204.000000
56531.000000,57519.000000,48528.000000,33236.000000
56542.000000,57514.000000,48536.000000,33200.000000
56537.000000,57508.000000,48559.000000,33204.000000
56526.000000,57494.000000,48524.000000,33178.000000
56535.000000,57466.000000,48507.000000,33175.000000
56517.000000,57486.000000,48515.000000,33215.000000
56519.000000,57471.000000,48539.000000,33215.000000
56519.000000,57475.000000,48496.000000,33193.000000
56519.000000,57489.000000,48509.000000,33206.000000
56521.000000,57468.000000,48504.000000,33216.000000
56483.000000,57455.000000,48477.000000,33175.000000
56512.000000,57493.000000,48495.000000,33184.000000
56496.000000,57474.000000,48512.000000,33209.000000
56488.000000,57461.000000,48485.000000,33179.000000
56498.000000,57472.000000,48465.000000,33159.000000
56489.000000,57460.000000,48481.000000,33186.000000
56459.000000,57429.000000,48477.000000,33166.000000
56467.000000,57453.000000,48493.000000,33186.000000
56463.000000,57450.000000,48462.000000,33174.000000
56471.000000,57451.000000,48434.000000,33163.000000
56453.000000,57428.000000,48473.000000,33191.000000
56471.000000,57414.000000,48433.000000,33183.000000
56444.000000,57440.000000,48443.000000,33167.000000
56456.000000,57423.000000,48453.000000,33156.000000
56448.000000,57438.000000,48440.000000,33202.000000
56416.000000,57399.000000,48441.000000,33162.000000
56465.000000,57426.000000,48474.000000,33146.000000
56436.000000,57436.000000,48432.000000,33169.000000
56466.000000,57436.000000,48424.000000,33151.000000
56434.000000,57459.000000,48426.000000,33170.000000
56421.000000,57417.000000,48438.000000,33125.000000
56425.000000,57408.000000,48435.000000,33122.000000
56443.000000,57412.000000,48407.000000,33160.000000
56400.000000,57405.000000,48439.000000,33140.000000
56400.000000,57418.000000,48411.000000,33142.000000
56437.000000,57373.000000,48412.000000,33166.000000
56426.000000,57417.000000,48433.000000,33147.000000
56412.000000,57401.000000,48410.000000,33155.000000
56433.000000,57423.000000,48393.000000,33125.000000
56431.000000,57417.000000,48403.000000,33141.000000
56386.000000,57407.000000,48410.000000,33151.000000
56402.000000,57386.000000,48383.000000,33157.000000
56415.000000,57371.000000,48396.000000,33149.000000
56392.000000,57351.000000,48335.000000,33129.000000
56372.000000,57382.000000,48362.000000,33125.000000
56333.000000,57318.000000,48336.000000,33129.000000
56355.000000,57343.000000,48318.000000,33103.000000
56327.000000,57352.000000,48337.000000,33123.000000
56305.000000,57308.000000,48291.000000,33107.000000
56334.000000,57293.000000,48290.000000,33082.000000
56291.000000,57263.000000,48294.000000,33073.000000
56294.000000,57302.000000,48281.000000,33104.000000
56318.000000,57290.000000,48265.000000,33089.000000
56275.000000,57273.000000,48257.000000,33089.000000
56289.000000,57265.000000,48267.000000,33054.000000
56310.000000,57285.000000,48263.000000,33083.000000
56261.000000,57283.000000,48287.000000,33068.000000
56266.000000,57280.000000,48295.000000,33101.000000
56266.000000,57284.000000,48264.000000,33088.000000
56280.000000,57294.000000,48258.000000,33064.000000
56301.000000,57297.000000,48244.000000,33075.000000
56267.000000,57287.000000,48271.000000,33085.000000
56337.000000,57276.000000,48287.000000,33080.000000
56297.000000,57307.000000,48260.000000,33088.000000
56267.000000,57297.000000,48301.000000,33101.000000
56301.000000,57293.000000,48272.000000,33088.000000
56297.000000,57266.000000,48282.000000,33095.000000
56267.000000,57319.000000,48305.000000,33080.000000
56303.000000,57327.000000,48290.000000,33091.000000
56305.000000,57303.000000,48291.000000,33095.000000
56285.000000,57312.000000,48292.000000,33123.000000
56282.000000,57305.000000,48296.000000,33111.000000
56283.000000,57304.000000,48288.000000,33097.000000
56306.000000,57306.000000,48309.000000,33117.000000
56301.000000,57313.000000,48299.000000,33111.000000
56287.000000,57293.000000,48304.000000,33093.000000
56300.000000,57325.000000,48335.000000,33090.000000
56306.000000,57343.000000,48331.000000,33087.000000
56340.000000,57344.000000,48319.000000,33111.000000
56358.000000,57298.000000,48340.000000,33070.000000
56371.000000,57321.000000,48352.000000,33105.000000
56348.000000,57317.000000,48356.000000,33137.000000
56351.000000,57356.000000,48365.000000,33111.000000
56415.000000,57396.000000,48395.000000,33150.000000
56384.000000,57404.000000,48410.000000,33134.000000
56429.000000,57407.000000,48407.000000,33166.000000
56435.000000,57434.000000,48428.000000,33170.000000
56485.000000,57427.000000,48455.000000,33157.000000
56497.000000,57453.000000,48490.000000,33187.000000
56523.000000,57491.000000,48543.000000,33192.000000
56520.000000,57497.000000,48568.000000,33221.000000
56574.000000,57553.000000,48574.000000,33227.000000
56589.000000,57546.000000,48614.000000,33235.000000
56598.000000,57586.000000,48624.000000,33261.000000
56592.000000,57567.000000,48651.000000,33272.000000
56653.000000,57590.000000,48657.000000,33287.000000
56649.000000,57630.000000,48676.000000,33279.000000
56613.000000,57615.000000,48682.000000,33286.000000
56667.000000,57612.000000,48664.000000,33265.000000
56626.000000,57614.000000,48673.000000,33299.000000
56644.000000,57638.000000,48677.000000,33277.000000
56668.000000,57629.000000,48683.000000,33284.000000
56643.000000,57609.000000,48692.000000,33258.000000
56656.000000,57598.000000,48671.000000,33272.000000
56638.000000,57647.000000,48669.000000,33268.000000
56649.000000,57612.000000,48680.000000,33252.000000
56659.000000,57626.000000,48675.000000,33286.000000
56631.000000,57600.000000,48651.000000,33292.000000
56631.000000,57612.000000,48687.000000,33259.000000
56678.000000,57603.000000,48679.000000,33277.000000
56670.000000,57641.000000,48655.000000,33278.000000
56617.000000,57624.000000,48705.000000,33294.000000
56644.000000,57591.000000,48666.000000,33282.000000
56648.000000,57589.000000,48653.000000,33286.000000
56667.000000,57599.000000,48675.000000,33243.000000
56619.000000,57623.000000,48641.000000,33267.000000
56641.000000,57615.000000,48680.000000,33287.000000
56643.000000,57640.000000,48653.000000,33268.000000
56627.000000,57603.000000,48669.000000,33269.000000
56629.000000,57628.000000,48633.000000,33257.000000
56639.000000,57600.000000,48666.000000,33270.000000
56617.000000,57611.000000,48675.000000,33280.000000
56652.000000,57613.000000,48634.000000,33256.000000
56655.000000,57618.000000,48662.000000,33264.000000
56645.000000,57593.000000,48644.000000,33256.000000
56638.000000,57596.000000,48641.000000,33268.000000
56637.000000,57609.000000,48656.000000,33274.000000
56611.000000,57584.000000,48633.000000,33274.000000
56599.000000,57592.000000,48630.000000,33254.000000
56602.000000,57545.000000,48609.000000,33263.000000
56566.000000,57584.000000,48601.000000,33244.000000
56592.000000,57570.000000,48593.000000,33247.000000
56598.000000,57555.000000,48594.000000,33255.000000
56586.000000,57539.000000,48612.000000,33239.000000
56582.000000,57560.000000,48611.000000,33247.000000
56588.000000,57556.000000,48586.000000,33223.000000
56554.000000,57543.000000,48569.000000,33207.000000
56563.000000,57537.000000,48579.000000,33235.000000
56555.000000,57555.000000,48581.000000,33240.000000
56572.000000,57522.000000,48589.000000,33225.000000
56567.000000,57524.000000,48558.000000,33220.000000
56559.000000,57523.000000,48569.000000,33216.000000
56538.000000,57524.000000,48558.000000,33188.000000
56513.000000,57508.000000,48559.000000,33243.000000
56538.000000,57520.000000,48559.000000,33247.000000
56539.000000,57494.000000,48562.000000,33228.000000
56554.000000,57515.000000,48563.000000,33209.000000
56524.000000,57525.000000,48525.000000,33229.000000
56535.000000,57528.000000,48550.000000,33233.000000
56530.000000,57541.000000,48553.000000,33200.000000
56514.000000,57505.000000,48561.000000,33209.000000
56526.000000,57504.000000,48560.000000,33202.000000
56521.000000,57525.000000,48562.000000,33203.000000
56512.000000,57479.000000,48557.000000,33227.000000
56521.000000,57500.000000,48536.000000,33203.000000
56536.000000,57509.000000,48518.000000,33209.000000
56499.000000,57508.000000,48555.000000,33221.000000
56524.000000,57504.000000,48535.000000,33206.000000
56519.000000,57474.000000,48538.000000,33206.000000
56491.000000,57517.000000,48495.000000,33196.000000
56486.000000,57479.000000,48533.000000,33197.000000
56529.000000,57460.000000,48512.000000,33211.000000
56487.000000,57520.000000,48495.000000,33194.000000
56478.000000,57491.000000,48476.000000,33180.000000
56484.000000,57490.000000,48511.000000,33167.000000
56457.000000,57481.000000,48486.000000,33177.000000
56465.000000,57448.000000,48462.000000,33172.000000
56472.000000,57471.000000,48497.000000,33203.000000
56445.000000,57496.000000,48472.000000,33173.000000
56479.000000,57469.000000,48467.000000,33187.000000
56481.000000,57450.000000,48487.000000,33176.000000
56447.000000,57455.000000,48480.000000,33178.000000
56466.000000,57430.000000,48453.000000,33172.000000
56443.000000,57431.000000,48458.000000,33170.000000
56445.000000,57465.000000,48437.000000,33138.000000
56418.000000,57436.000000,48427.000000,33149.000000
56453.000000,57456.000000,48452.000000,33141.000000
56463.000000,57449.000000,48443.000000,33170.000000
56420.000000,57423.000000,48469.000000,33174.000000
56447.000000,57439.000000,48430.000000,33156.000000
56437.000000,57430.000000,48448.000000,33177.000000
56426.000000,57444.000000,48443.000000,33165.000000
56414.000000,57429.000000,48408.000000,33134.000000
56427.000000,57453.000000,48423.000000,33165.000000
56399.000000,57434.000000,48438.000000,33166.000000
56405.000000,57408.000000,48422.000000,33151.000000
56429.000000,57401.000000,48409.000000,33151.000000
56397.000000,57380.000000,48415.000000,33148.000000
56416.000000,57384.000000,48394.000000,33148.000000
56394.000000,57406.000000,48404.000000,33161.000000
56364.000000,57377.000000,48411.000000,33114.000000
56352.000000,57356.000000,48375.000000,33126.000000
56354.000000,57371.000000,48376.000000,33113.000000
56370.000000,57389.000000,48350.000000,33115.000000
56343.000000,57321.000000,48364.000000,33143.000000
56380.000000,57372.000000,48352.000000,33142.000000
56329.000000,57348.000000,48316.000000,33103.000000
56336.000000,57309.000000,48303.000000,33091.000000
56316.000000,57297.000000,48315.000000,33087.000000
56293.000000,57305.000000,48306.000000,33095.000000
56303.000000,57305.000000,48303.000000,33073.000000
56290.000000,57255.000000,48301.000000,33073.000000
56220.000000,57320.000000,48277.000000,33067.000000
56274.000000,57258.000000,48278.000000,33062.000000
56237.000000,57275.000000,48229.000000,33043.000000
56235.000000,57269.000000,48258.000000,33065.000000
56236.000000,57298.000000,48240.000000,33044.000000
56240.000000,57273.000000,48245.000000,33085.000000
56217.000000,57250.000000,48236.000000,33037.000000
56231.000000,57290.000000,48250.000000,33074.000000
56231.000000,57280.000000,48264.000000,33073.000000
56207.000000,57253.000000,48226.000000,33059.000000
56249.000000,57267.000000,48234.000000,33074.000000
56233.000000,57266.000000,48258.000000,33040.000000
56236.000000,57270.000000,48284.000000,33065.000000
56249.000000,57248.000000,48260.000000,33073.000000
56272.000000,57288.000000,48254.000000,33049.000000
56262.000000,57287.000000,48263.000000,33064.000000
56253.000000,57278.000000,48276.000000,33053.000000
56290.000000,57309.000000,48300.000000,33092.000000
56247.000000,57280.000000,48294.000000,33093.000000
56283.000000,57271.000000,48283.000000,33066.000000
56281.000000,57260.000000,48293.000000,33108.000000
56251.000000,57297.000000,48276.000000,33070.000000
56275.000000,57271.000000,48276.000000,33073.000000
56266.000000,57311.000000,48309.000000,33098.000000
56272.000000,57295.000000,48296.000000,33085.000000
56271.000000,57289.000000,48315.000000,33072.000000
56295.000000,57324.000000,48338.000000,33095.000000
56270.000000,57321.000000,48337.000000,33111.000000
56315.000000,57305.000000,48337.000000,33101.000000
56331.000000,57349.000000,48376.000000,33135.000000
56337.000000,57358.000000,48367.000000,33109.000000
56361.000000,57384.000000,48387.000000,33153.000000
56389.000000,57394.000000,48421.000000,33134.000000
56388.000000,57406.000000,48433.000000,33148.000000
56471.000000,57408.000000,48453.000000,33178.000000
56443.000000,57458.000000,48450.000000,33188.000000
56469.000000,57494.000000,48493.000000,33166.000000
56470.000000,57499.000000,48538.000000,33214.000000
56539.000000,57446.000000,48551.000000,33223.000000
56540.000000,57534.000000,48594.000000,33221.000000
56579.000000,57563.000000,48612.000000,33257.000000
56592.000000,57531.000000,48629.000000,33228.000000
56571.000000,57565.000000,48654.000000,33265.000000
56602.000000,57577.000000,48647.000000,33276.000000
56618.000000,57603.000000,48671.000000,33278.000000
56625.000000,57620.000000,48670.000000,33258.000000
56607.000000,57616.000000,48671.000000,33284.000000
56613.000000,57611.000000,48677.000000,33292.000000
56604.000000,57595.000000,48690.000000,33273.000000
56605.000000,57634.000000,48699.000000,33278.000000
56570.000000,57601.000000,48668.000000,33283.000000
56621.000000,57616.000000,48683.000000,33252.000000
56619.000000,57589.000000,48674.000000,33263.000000
56594.000000,57620.000000,48664.000000,33292.000000
56633.000000,57592.000000,48672.000000,33251.000000
56606.000000,57618.000000,48655.000000,33280.000000
56613.000000,57589.000000,48696.000000,33243.000000
56636.000000,57600.000000,48665.000000,33276.000000
56592.000000,57609.000000,48648.000000,33264.000000
56611.000000,57613.000000,48686.000000,33280.000000
56617.000000,57618.000000,48641.000000,33238.000000
56598.000000,57593.000000,48646.000000,33259.000000
56606.000000,57555.000000,48670.000000,33290.000000
56620.000000,57612.000000,48668.000000,33266.000000
56602.000000,57557.000000,48632.000000,33225.000000
56614.000000,57602.000000,48660.000000,33262.000000
56570.000000,57580.000000,48638.000000,33277.000000
56614.000000,57578.000000,48645.000000,33245.000000
56591.000000,57546.000000,48648.000000,33270.000000
56586.000000,57589.000000,48621.000000,33258.000000
56568.000000,57554.000000,48626.000000,33232.000000
56562.000000,57563.000000,48600.000000,33224.000000
56552.000000,57565.000000,48641.000000,33258.000000
56585.000000,57524.000000,48611.000000,33241.000000
56569.000000,57548.000000,48612.000000,33240.000000
56595.000000,57547.000000,48626.000000,33258.000000
56546.000000,57550.000000,48616.000000,33242.000000
56573.000000,57559.000000,48598.000000,33252.000000
56579.000000,57572.000000,48608.000000,33246.000000
56588.000000,57585.000000,48603.000000,33272.000000
56593.000000,57525.000000,48590.000000,33229.000000
56560.000000,57541.000000,48595.000000,33256.000000
56566.000000,57546.000000,48589.000000,33232.000000
56560.000000,57543.000000,48582.000000,33235.000000
56549.000000,57533.000000,48591.000000,33242.000000
56550.000000,57508.000000,48584.000000,33249.000000
56572.000000,57529.000000,48591.000000,33243.000000
56566.000000,57514.000000,48588.000000,33227.000000
56558.000000,57559.000000,48579.000000,33230.000000
56536.000000,57531.000000,48584.000000,33247.000000
56529.000000,57524.000000,48547.000000,33225.000000
56540.000000,57511.000000,48586.000000,33212.000000
56520.000000,57529.000000,48554.000000,33219.000000
56509.000000,57521.000000,48557.000000,33225.000000
56527.000000,57522.000000,48579.000000,33241.000000
56526.000000,57527.000000,48555.000000,33197.000000
56531.000000,57514.000000,48558.000000,33186.000000
56513.000000,57522.000000,48553.000000,33199.000000
56524.000000,57503.000000,48572.000000,33215.000000
56537.000000,57516.000000,48571.000000,33226.000000
56515.000000,57529.000000,48550.000000,33219.000000
56496.000000,57509.000000,48542.000000,33218.000000
56512.000000,57496.000000,48552.000000,33203.000000
56528.000000,57510.000000,48527.000000,33213.000000
56491.000000,57516.000000,48532.000000,33198.000000
56521.000000,57505.000000,48534.000000,33210.000000
56524.000000,57498.000000,48535.000000,33241.000000
56490.000000,57496.000000,48513.000000,33181.000000
56502.000000,57480.000000,48535.000000,33181.000000
56479.000000,57505.000000,48519.000000,33183.000000
56471.000000,57465.000000,48516.000000,33208.000000
56487.000000,57482.000000,48506.000000,33189.000000
56458.000000,57460.000000,48488.000000,33197.000000
56495.000000,57460.000000,48513.000000,33190.000000
56470.000000,57468.000000,48500.000000,33176.000000
56485.000000,57450.000000,48465.000000,33182.000000
56453.000000,57475.000000,48494.000000,33188.000000
56471.000000,57439.000000,48455.000000,33186.000000
56445.000000,57456.000000,48492.000000,33178.000000
56463.000000,57449.000000,48467.000000,33174.000000
56439.000000,57443.000000,48480.000000,33175.000000
56482.000000,57472.000000,48479.000000,33178.000000
56456.000000,57449.000000,48461.000000,33162.000000
56469.000000,57420.000000,48446.000000,33186.000000
56413.000000,57428.000000,48465.000000,33193.000000
56412.000000,57429.000000,48437.000000,33167.000000
56441.000000,57418.000000,48433.000000,33144.000000
56414.000000,57423.000000,48464.000000,33194.000000
56427.000000,57425.000000,48441.000000,33164.000000
56423.000000,57424.000000,48443.000000,33161.000000
56394.000000,57416.000000,48404.000000,33177.000000
56398.000000,57414.000000,48435.000000,33159.000000
56448.000000,57409.000000,48413.000000,33163.000000
56429.000000,57430.000000,48432.000000,33129.000000
56402.000000,57424.000000,48441.000000,33172.000000
56386.000000,57423.000000,48436.000000,33143.000000
56395.000000,57423.000000,48403.000000,33162.000000
56402.000000,57388.000000,48429.000000,33169.000000
56385.000000,57406.000000,48407.000000,33154.000000
56418.000000,57408.000000,48414.000000,33153.000000
56351.000000,57391.000000,48429.000000,33148.000000
56386.000000,57408.000000,48434.000000,33142.000000
56403.000000,57397.000000,48398.000000,33148.000000
56398.000000,57385.000000,48390.000000,33128.000000
56378.000000,57420.000000,48409.000000,33166.000000
56370.000000,57381.000000,48391.000000,33153.000000
56372.000000,57385.000000,48381.000000,33106.000000
56371.000000,57388.000000,48425.000000,33160.000000
56365.000000,57357.000000,48377.000000,33151.000000
56367.000000,57355.000000,48376.000000,33114.000000
56347.000000,57352.000000,48376.000000,33118.000000
56370.000000,57346.000000,48366.000000,33129.000000
56323.000000,57327.000000,48317.000000,33099.000000
56301.000000,57318.000000,48320.000000,33104.000000
56304.000000,57319.000000,48331.000000,33091.000000
56271.000000,57280.000000,48289.000000,33075.000000
56282.000000,57278.000000,48274.000000,33064.000000
56253.000000,57277.000000,48293.000000,33068.000000
56230.000000,57265.000000,48263.000000,33071.000000
56237.000000,57263.000000,48247.000000,33081.000000
56210.000000,57245.000000,48230.000000,33052.000000
56202.000000,57253.000000,48256.000000,33060.000000
56212.000000,57286.000000,48271.000000,33066.000000
56202.000000,57243.000000,48235.000000,33059.000000
56225.000000,57237.000000,48230.000000,33059.000000
56214.000000,57250.000000,48235.000000,33055.000000
56224.000000,57288.000000,48250.000000,33050.000000
56238.000000,57266.000000,48232.000000,33076.000000
56208.000000,57279.000000,48224.000000,33064.000000
56239.000000,57308.000000,48244.000000,33065.000000
56212.000000,57250.000000,48262.000000,33049.000000
56215.000000,57271.000000,48272.000000,33075.000000
56240.000000,57276.000000,48281.000000,33050.000000
56250.000000,57260.000000,48255.000000,33063.000000
56241.000000,57270.000000,48277.000000,33097.000000
56238.000000,57272.000000,48261.000000,33064.000000
56230.000000,57290.000000,48269.000000,33074.000000
56243.000000,57281.000000,48274.000000,33041.000000
56239.000000,57299.000000,48270.000000,33067.000000
56239.000000,57274.000000,48297.000000,33074.000000
56231.000000,57259.000000,48256.000000,33072.000000
56215.000000,57288.000000,48258.000000,33081.000000
56268.000000,57262.000000,48249.000000,33049.000000
56250.000000,57281.000000,48266.000000,33084.000000
56252.000000,57269.000000,48287.000000,33056.000000
56274.000000,57294.000000,48303.000000,33117.000000
56256.000000,57258.000000,48323.000000,33086.000000
56260.000000,57293.000000,48297.000000,33104.000000
56255.000000,57289.000000,48287.000000,33074.000000
56285.000000,57301.000000,48318.000000,33076.000000
56308.000000,57329.000000,48324.000000,33102.000000
56309.000000,57363.000000,48345.000000,33118.000000
56330.000000,57371.000000,48350.000000,33114.000000
56344.000000,57382.000000,48391.000000,33134.000000
56386.000000,57380.000000,48428.000000,33160.000000
56412.000000,57418.000000,48447.000000,33160.000000
56446.000000,57432.000000,48482.000000,33159.000000
56462.000000,57447.000000,48507.000000,33192.000000
56471.000000,57469.000000,48545.000000,33202.000000
56502.000000,57494.000000,48549.000000,33237.000000
56536.000000,57530.000000,48553.000000,33216.000000
56577.000000,57557.000000,48629.000000,33250.000000
56574.000000,57588.000000,48630.000000,33267.000000
56612.000000,57571.000000,48625.000000,33285.000000
56597.000000,57615.000000,48659.000000,33296.000000
56596.000000,57609.000000,48694.000000,33268.000000
56604.000000,57592.000000,48676.000000,33249.000000
56623.000000,57576.000000,48681.000000,33251.000000
56654.000000,57611.000000,48660.000000,33271.000000
56624.000000,57628.000000,48694.000000,33278.000000
56576.000000,57608.000000,48672.000000,33243.000000
56621.000000,57617.000000,48678.000000,33257.000000
56606.000000,57609.000000,48679.000000,33288.000000
56626.000000,57598.000000,48681.000000,33270.000000
56635.000000,57579.000000,48671.000000,33270.000000
56587.000000,57596.000000,48648.000000,33261.000000
56610.000000,57566.000000,48646.000000,33263.000000
56607.000000,57587.000000,48679.000000,33289.000000
56584.000000,57602.000000,48637.000000,33256.000000
56593.000000,57606.000000,48670.000000,33277.000000
56609.000000,57592.000000,48641.000000,33235.000000
56597.000000,57568.000000,48637.000000,33259.000000
56590.000000,57572.000000,48639.000000,33257.000000
56630.000000,57572.000000,48633.000000,33281.000000
56593.000000,57602.000000,48646.000000,33263.000000
56588.000000,57583.000000,48651.000000,33249.000000
56580.000000,57602.000000,48641.000000,33257.000000
56594.000000,57586.000000,48622.000000,33280.000000
56565.000000,57582.000000,48592.000000,33244.000000
56593.000000,57577.000000,48612.000000,33251.000000
56553.000000,57549.000000,48614.000000,33278.000000
56535.000000,57551.000000,48600.000000,33223.000000
56589.000000,57568.000000,48629.000000,33258.000000
56552.000000,57583.000000,48619.000000,33255.000000
56551.000000,57530.000000,48601.000000,33236.000000
56582.000000,57577.000000,48616.000000,33241.000000
56557.000000,57557.000000,48612.000000,33231.000000
56548.000000,57577.000000,48584.000000,33233.000000
56584.000000,57541.000000,48622.000000,33228.000000
56574.000000,57579.000000,48599.000000,33253.000000
56549.000000,57566.000000,48603.000000,33217.000000
56552.000000,57575.000000,48595.000000,33225.000000
56537.000000,57554.000000,48581.000000,33233.000000
56563.000000,57554.000000,48600.000000,33239.000000
56547.000000,57560.000000,48602.000000,33238.000000
56543.000000,57567.000000,48589.000000,33235.000000
56542.000000,57545.000000,48605.000000,33207.000000
56533.000000,57517.000000,48595.000000,33243.000000
56546.000000,57547.000000,48572.000000,33219.000000
56530.000000,57536.000000,48573.000000,33219.000000
56546.000000,57547.000000,48583.000000,33236.000000
56525.000000,57528.000000,48555.000000,33228.000000
56510.000000,57520.000000,48567.000000,33171.000000
56523.000000,57517.000000,48529.000000,33225.000000
56530.000000,57525.000000,48542.000000,33215.000000
56502.000000,57515.000000,48514.000000,33199.000000
56517.000000,57511.000000,48504.000000,33185.000000
56507.000000,57486.000000,48527.000000,33176.000000
56506.000000,57522.000000,48543.000000,33197.000000
56502.000000,57502.000000,48540.000000,33197.000000
56520.000000,57532.000000,48535.000000,33212.000000
56501.000000,57535.000000,48526.000000,33231.000000
56513.000000,57505.000000,48519.000000,33202.000000
56507.000000,57524.000000,48545.000000,33225.000000
56512.000000,57510.000000,48524.000000,33211.000000
56468.000000,57524.000000,48559.000000,33194.000000
56490.000000,57460.000000,48519.000000,33191.000000
56470.000000,57496.000000,48512.000000,33191.000000
56479.000000,57498.000000,48519.000000,33192.000000
56492.000000,57508.000000,48479.000000,33196.000000
56465.000000,57471.000000,48508.000000,33163.000000
56467.000000,57459.000000,48513.000000,33187.000000
56471.000000,57447.000000,48499.000000,33206.000000
56471.000000,57469.000000,48474.000000,33210.000000
56462.000000,57483.000000,48490.000000,33174.000000
56428.000000,57445.000000,48480.000000,33167.000000
56461.000000,57448.000000,48491.000000,33201.000000
56449.000000,57461.000000,48481.000000,33186.000000
56457.000000,57436.000000,48460.000000,33164.000000
56430.000000,57428.000000,48445.000000,33183.000000
56440.000000,57416.000000,48442.000000,33164.000000
56426.000000,57435.000000,48422.000000,33153.000000
56412.000000,57423.000000,48452.000000,33162.000000
56399.000000,57395.000000,48447.000000,33169.000000
56412.000000,57407.000000,48456.000000,33151.000000
56408.000000,57400.000000,48446.000000,33155.000000
56418.000000,57388.000000,48409.000000,33133.000000
56377.000000,57383.000000,48421.000000,33146.000000
56406.000000,57414.000000,48422.000000,33153.000000
56376.000000,57403.000000,48422.000000,33111.000000
56384.000000,57383.000000,48407.000000,33157.000000
56401.000000,57385.000000,48416.000000,33136.000000
56364.000000,57396.000000,48407.000000,33136.000000
56367.000000,57372.000000,48404.000000,33129.000000
56374.000000,57384.000000,48391.000000,33151.000000
56363.000000,57364.000000,48386.000000,33160.000000
56367.000000,57368.000000,48389.000000,33133.000000
56378.000000,57364.000000,48375.000000,33140.000000
56384.000000,57381.000000,48366.000000,33134.000000
56363.000000,57386.000000,48385.000000,33116.000000
56359.000000,57375.000000,48387.000000,33121.000000
56369.000000,57396.000000,48374.000000,33124.000000
56358.000000,57374.000000,48351.000000,33103.000000
56369.000000,57357.000000,48361.000000,33121.000000
56343.000000,57397.000000,48370.000000,33130.000000
56320.000000,57363.000000,48363.000000,33132.000000
56353.000000,57338.000000,48357.000000,33131.000000
56325.000000,57368.000000,48362.000000,33117.000000
56314.000000,57346.000000,48308.000000,33114.000000
56324.000000,57336.000000,48345.000000,33104.000000
56324.000000,57324.000000,48339.000000,33088.000000
56312.000000,57306.000000,48321.000000,33075.000000
56301.000000,57286.000000,48311.000000,33061.000000
56265.000000,57312.000000,48294.000000,33069.000000
56216.000000,57257.000000,48255.000000,33060.000000
56224.000000,57263.000000,48227.000000,33057.000000
56187.000000,57260.000000,48197.000000,33056.000000
56197.000000,57254.000000,48218.000000,33036.000000
56210.000000,57249.000000,48242.000000,33055.000000
56215.000000,57215.000000,48260.000000,33073.000000
56218.000000,57252.000000,48213.000000,33065.000000
56192.000000,57228.000000,48231.000000,33038.000000
56204.000000,57251.000000,48240.000000,33039.000000
56217.000000,57237.000000,48248.000000,33056.000000
56188.000000,57281.000000,48241.000000,33062.000000
56219.000000,57230.000000,48248.000000,33051.000000
56220.000000,57280.000000,48262.000000,33048.000000
56235.000000,57288.000000,48270.000000,33064.000000
56240.000000,57266.000000,48270.000000,33062.000000
56247.000000,57273.000000,48239.000000,33055.000000
56259.000000,57265.000000,48270.000000,33068.000000
56244.000000,57289.000000,48246.000000,33063.000000
56222.000000,57270.000000,48251.000000,33037.000000
56233.000000,57274.000000,48296.000000,33100.000000
56248.000000,57267.000000,48283.000000,33064.000000
56224.000000,57259.000000,48251.000000,33080.000000
56231.000000,57252.000000,48285.000000,33060.000000
56252.000000,57256.000000,48258.000000,33060.000000
56259.000000,57305.000000,48279.000000,33079.000000
56254.000000,57289.000000,48282.000000,33070.000000
56255.000000,57294.000000,48311.000000,33104.000000
56238.000000,57308.000000,48311.000000,33079.000000
56283.000000,57295.000000,48322.000000,33059.000000
56328.000000,57313.000000,48339.000000,33109.000000
56282.000000,57316.000000,48321.000000,33101.000000
56342.000000,57352.000000,48361.000000,33132.000000
56362.000000,57346.000000,48401.000000,33105.000000
56376.000000,57398.000000,48412.000000,33122.000000
56405.000000,57414.000000,48451.000000,33151.000000
56416.000000,57402.000000,48436.000000,33134.000000
56457.000000,57431.000000,48521.000000,33182.000000
56438.000000,57473.000000,48516.000000,33195.000000
56483.000000,57489.000000,48524.000000,33213.000000
56517.000000,57489.000000,48574.000000,33212.000000
56505.000000,57510.000000,48588.000000,33224.000000
56557.000000,57538.000000,48628.000000,33238.000000
56602.000000,57572.000000,48611.000000,33264.000000
56606.000000,57575.000000,48637.000000,33260.000000
56598.000000,57566.000000,48668.000000,33268.000000
56605.000000,57594.000000,48669.000000,33257.000000
56613.000000,57600.000000,48665.000000,33280.000000
56593.000000,57607.000000,48649.000000,33251.000000
56604.000000,57572.000000,48640.000000,33250.000000
56627.000000,57577.000000,48675.000000,33274.000000
56639.000000,57621.000000,48669.000000,33281.000000
56585.000000,57600.000000,48661.000000,33250.000000
56563.000000,57588.000000,48662.000000,33267.000000
56632.000000,57613.000000,48657.000000,33283.000000
56601.000000,57604.000000,48650.000000,33270.000000
56602.000000,57586.000000,48656.000000,33250.000000
56587.000000,57608.000000,48658.000000,33280.000000
56639.000000,57579.000000,48666.000000,33271.000000
56599.000000,57626.000000,48647.000000,33270.000000
56615.000000,57600.000000,48635.000000,33251.000000
56592.000000,57598.000000,48656.000000,33256.000000
56591.000000,57561.000000,48642.000000,33247.000000
56566.000000,57588.000000,48609.000000,33242.000000
56577.000000,57586.000000,48602.000000,33229.000000
56586.000000,57589.000000,48626.000000,33269.000000
56573.000000,57604.000000,48584.000000,33224.000000
56564.000000,57575.000000,48607.000000,33233.000000
56563.000000,57575.000000,48619.000000,33217.000000
56577.000000,57545.000000,48604.000000,33241.000000
56545.000000,57570.000000,48578.000000,33235.000000
56531.000000,57573.000000,48600.000000,33254.000000
56586.000000,57545.000000,48614.000000,33254.000000
56558.000000,57572.000000,48629.000000,33248.000000
56568.000000,57592.000000,48603.000000,33231.000000
56557.000000,57535.000000,48605.000000,33220.000000
56546.000000,57567.000000,48576.000000,33240.000000
56548.000000,57556.000000,48618.000000,33242.000000
56564.000000,57566.000000,48598.000000,33242.000000
56551.000000,57562.000000,48604.000000,33246.000000
56553.000000,57560.000000,48574.000000,33215.000000
56533.000000,57547.000000,48567.000000,33225.000000
56548.000000,57546.000000,48587.000000,33245.000000
56554.000000,57525.000000,48585.000000,33253.000000
56535.000000,57526.000000,48566.000000,33217.000000
56540.000000,57532.000000,48572.000000,33204.000000
56521.000000,57518.000000,48572.000000,33232.000000
56525.000000,57513.000000,48536.000000,33222.000000
56517.000000,57504.000000,48563.000000,33209.000000
56510.000000,57529.000000,48546.000000,33223.000000
56534.000000,57555.000000,48554.000000,33211.000000
56512.000000,57568.000000,48538.000000,33225.000000
56536.000000,57542.000000,48543.000000,33220.000000
56538.000000,57555.000000,48591.000000,33206.000000
56513.000000,57542.000000,48591.000000,33206.000000
56509.000000,57531.000000,48559.000000,33212.000000
56519.000000,57570.000000,48587.000000,33226.000000
56533.000000,57552.000000,48546.000000,33230.000000
56526.000000,57523.000000,48575.000000,33190.000000
56510.000000,57527.000000,48560.000000,33218.000000
56487.000000,57507.000000,48523.000000,33202.000000
56508.000000,57496.000000,48533.000000,33183.000000
56474.000000,57511.000000,48507.000000,33184.000000
56498.000000,57493.000000,48497.000000,33210.000000
56515.000000,57484.000000,48523.000000,33175.000000
56492.000000,57509.000000,48509.000000,33198.000000
56493.000000,57478.000000,48510.000000,33191.000000
56450.000000,57509.000000,48516.000000,33186.000000
56488.000000,57495.000000,48514.000000,33187.000000
56475.000000,57519.000000,48515.000000,33203.000000
56466.000000,57466.000000,48493.000000,33188.000000
56462.000000,57487.000000,48463.000000,33162.000000
56482.000000,57490.000000,48521.000000,33190.000000
56436.000000,57497.000000,48489.000000,33175.000000
56459.000000,57446.000000,48484.000000,33171.000000
56443.000000,57471.000000,48482.000000,33186.000000
56411.000000,57446.000000,48442.000000,33171.000000
56438.000000,57465.000000,48471.000000,33156.000000
56431.000000,57419.000000,48452.000000,33169.000000
56416.000000,57487.000000,48479.000000,33175.000000
56441.000000,57428.000000,48458.000000,33143.000000
56443.000000,57434.000000,48470.000000,33149.000000
56417.000000,57428.000000,48434.000000,33154.000000
56404.000000,57452.000000,48455.000000,33156.000000
56430.000000,57418.000000,48449.000000,33146.000000
56423.000000,57447.000000,48422.000000,33140.000000
56403.000000,57452.000000,48433.000000,33158.000000
56400.000000,57416.000000,48441.000000,33142.000000
56423.000000,57415.000000,48421.000000,33147.000000
56429.000000,57405.000000,48394.000000,33132.000000
56377.000000,57411.000000,48422.000000,33136.000000
56359.000000,57401.000000,48381.000000,33117.000000
56365.000000,57425.000000,48413.000000,33121.000000
56392.000000,57374.000000,48396.000000,33129.000000
56372.000000,57389.000000,48408.000000,33133.000000
56403.000000,57401.000000,48409.000000,33127.000000
56355.000000,57416.000000,48417.000000,33137.000000
56376.000000,57406.000000,48383.000000,33133.000000
56340.000000,57416.000000,48423.000000,33154.000000
56385.000000,57408.000000,48377.000000,33132.000000
56347.000000,57386.000000,48388.000000,33130.000000
56340.000000,57403.000000,48357.000000,33113.000000
56347.000000,57378.000000,48395.000000,33102.000000
56346.000000,57369.000000,48376.000000,33113.000000
56296.000000,57347.000000,48348.000000,33101.000000
56301.000000,57371.000000,48342.000000,33108.000000
56295.000000,57349.000000,48345.000000,33096.000000
56269.000000,57356.000000,48309.000000,33102.000000
56270.000000,57340.000000,48305.000000,33086.000000
56275.000000,57310.000000,48287.000000,33062.000000
56233.000000,57299.000000,48276.000000,33060.000000
56220.000000,57272.000000,48268.000000,33057.000000
56229.000000,57317.000000,48261.000000,33056.000000
56219.000000,57322.000000,48248.000000,33055.000000
56201.000000,57284.000000,48232.000000,33046.000000
56249.000000,57288.000000,48265.000000,33083.000000
56191.000000,57292.000000,48243.000000,33069.000000
56216.000000,57302.000000,48272.000000,33054.000000
56247.000000,57302.000000,48287.000000,33069.000000
56210.000000,57302.000000,48276.000000,33083.000000
56255.000000,57279.000000,48272.000000,33066.000000
56244.000000,57282.000000,48296.000000,33071.000000
56244.000000,57320.000000,48270.000000,33076.000000
56289.000000,57306.000000,48271.000000,33071.000000
56260.000000,57308.000000,48259.000000,33067.000000
56272.000000,57295.000000,48288.000000,33078.000000
56273.000000,57299.000000,48274.000000,33073.000000
56268.000000,57303.000000,48301.000000,33060.000000
56253.000000,57303.000000,48285.000000,33075.000000
56261.000000,57322.000000,48287.000000,33074.000000
56269.000000,57310.000000,48265.000000,33077.000000
56256.000000,57322.000000,48280.000000,33061.000000
56268.000000,57319.000000,48297.000000,33113.000000
56272.000000,57334.000000,48335.000000,33101.000000
56287.000000,57336.000000,48309.000000,33087.000000
56286.000000,57319.000000,48312.000000,33083.000000
56282.000000,57337.000000,48322.000000,33099.000000
56283.000000,57330.000000,48333.000000,33098.000000
56312.000000,57347.000000,48325.000000,33081.000000
56335.000000,57375.000000,48362.000000,33131.000000
56343.000000,57379.000000,48368.000000,33114.000000
56361.000000,57372.000000,48382.000000,33106.000000
56374.000000,57415.000000,48409.000000,33111.000000
56392.000000,57427.000000,48443.000000,33144.000000
56417.000000,57421.000000,48455.000000,33175.000000
56421.000000,57450.000000,48470.000000,33178.000000
56502.000000,57496.000000,48489.000000,33203.000000
56493.000000,57502.000000,48524.000000,33189.000000
56533.000000,57501.000000,48575.000000,33200.000000
56541.000000,57547.000000,48602.000000,33231.000000
56593.000000,57559.000000,48619.000000,33237.000000
56607.000000,57570.000000,48641.000000,33230.000000
56608.000000,57619.000000,48645.000000,33277.000000
56620.000000,57637.000000,48649.000000,33303.000000
56610.000000,57648.000000,48689.000000,33272.000000
56593.000000,57623.000000,48671.000000,33285.000000
56650.000000,57635.000000,48712.000000,33278.000000
56609.000000,57629.000000,48635.000000,33244.000000
56645.000000,57645.000000,48697.000000,33289.000000
56642.000000,57648.000000,48696.000000,33308.000000
56615.000000,57616.000000,48694.000000,33296.000000
56634.000000,57627.000000,48691.000000,33270.000000
56632.000000,57628.000000,48694.000000,33297.000000
56630.000000,57629.000000,48693.000000,33289.000000
56624.000000,57640.000000,48692.000000,33299.000000
56584.000000,57614.000000,48687.000000,33271.000000
56610.000000,57629.000000,48674.000000,33286.000000
56603.000000,57661.000000,48683.000000,33291.000000
56608.000000,57609.000000,48678.000000,33275.000000
56603.000000,57595.000000,48684.000000,33293.000000
56584.000000,57640.000000,48678.000000,33280.000000
56601.000000,57601.000000,48672.000000,33260.000000
56604.000000,57603.000000,48651.000000,33254.000000
56592.000000,57617.000000,48672.000000,33263.000000
56597.000000,57594.000000,48681.000000,33247.000000
56588.000000,57625.000000,48662.000000,33267.000000
56611.000000,57591.000000,48667.000000,33275.000000
56596.000000,57600.000000,48636.000000,33251.000000
56597.000000,57597.000000,48647.000000,33265.000000
56617.000000,57591.000000,48627.000000,33266.000000
56550.000000,57586.000000,48617.000000,33248.000000
56550.000000,57565.000000,48632.000000,33253.000000
56584.000000,57582.000000,48632.000000,33233.000000
56554.000000,57569.000000,48593.000000,33232.000000
56576.000000,57567.000000,48607.000000,33216.000000
56578.000000,57536.000000,48623.000000,33244.000000
56552.000000,57546.000000,48618.000000,33236.000000
56547.000000,57542.000000,48597.000000,33216.000000
56551.000000,57566.000000,48632.000000,33252.000000
56538.000000,57551.000000,48626.000000,33228.000000
56562.000000,57546.000000,48623.000000,33235.000000
56536.000000,57554.000000,48580.000000,33244.000000
56543.000000,57577.000000,48614.000000,33258.000000
56553.000000,57603.000000,48607.000000,33256.000000
56538.000000,57569.000000,48594.000000,33218.000000
56575.000000,57569.000000,48606.000000,33213.000000
56538.000000,57556.000000,48576.000000,33212.000000
56581.000000,57557.000000,48589.000000,33236.000000
56555.000000,57545.000000,48606.000000,33226.000000
56501.000000,57570.000000,48578.000000,33249.000000
56522.000000,57568.000000,48573.000000,33208.000000
56535.000000,57541.000000,48579.000000,33263.000000
56541.000000,57555.000000,48560.000000,33228.000000
56529.000000,57537.000000,48549.000000,33207.000000
56512.000000,57499.000000,48551.000000,33198.000000
56514.000000,57514.000000,48572.000000,33196.000000
56491.000000,57536.000000,48517.000000,33203.000000
56474.000000,57503.000000,48534.000000,33197.000000
56460.000000,57504.000000,48522.000000,33199.000000
56470.000000,57527.000000,48549.000000,33209.000000
56475.000000,57496.000000,48539.000000,33199.000000
56480.000000,57511.000000,48520.000000,33204.000000
56492.000000,57505.000000,48570.000000,33200.000000
56472.000000,57508.000000,48544.000000,33216.000000
56474.000000,57491.000000,48512.000000,33184.000000
56507.000000,57524.000000,48538.000000,33191.000000
56476.000000,57517.000000,48538.000000,33187.000000
56477.000000,57510.000000,48550.000000,33205.000000
56506.000000,57528.000000,48521.000000,33209.000000
56488.000000,57509.000000,48509.000000,33225.000000
56476.000000,57516.000000,48536.000000,33194.000000
56467.000000,57490.000000,48512.000000,33207.000000
56494.000000,57493.000000,48534.000000,33190.000000
56483.000000,57494.000000,48527.000000,33236.000000
56483.000000,57476.000000,48500.000000,33183.000000
56470.000000,57438.000000,48489.000000,33179.000000
56455.000000,57492.000000,48501.000000,33193.000000
56426.000000,57477.000000,48498.000000,33194.000000
56460.000000,57478.000000,48502.000000,33221.000000
56441.000000,57475.000000,48486.000000,33196.000000
56434.000000,57472.000000,48484.000000,33172.000000
56449.000000,57463.000000,48497.000000,33196.000000
56449.000000,57439.000000,48465.000000,33152.000000
56464.000000,57450.000000,48502.000000,33157.000000
56432.000000,57452.000000,48466.000000,33167.000000
56422.000000,57452.000000,48456.000000,33183.000000
56427.000000,57453.000000,48469.000000,33159.000000
56422.000000,57450.000000,48436.000000,33166.000000
56419.000000,57462.000000,48481.000000,33172.000000
56402.000000,57465.000000,48459.000000,33151.000000
56424.000000,57435.000000,48464.000000,33173.000000
56391.000000,57475.000000,48452.000000,33173.000000
56379.000000,57445.000000,48492.000000,33178.000000
56437.000000,57449.000000,48468.000000,33151.000000
56404.000000,57437.000000,48474.000000,33175.000000
56389.000000,57429.000000,48427.000000,33169.000000
56408.000000,57431.000000,48434.000000,33156.000000
56400.000000,57417.000000,48424.000000,33153.000000
56378.000000,57431.000000,48419.000000,33182.000000
56426.000000,57441.000000,48445.000000,33163.000000
56421.000000,57425.000000,48431.000000,33140.000000
56416.000000,57436.000000,48424.000000,33168.000000
56407.000000,57420.000000,48435.000000,33137.000000
56423.000000,57407.000000,48406.000000,33140.000000
56386.000000,57417.000000,48402.000000,33153.000000
56341.000000,57426.000000,48406.000000,33118.000000
56334.000000,57389.000000,48385.000000,33119.000000
56334.000000,57381.000000,48390.000000,33128.000000
56352.000000,57421.000000,48380.000000,33139.000000
56324.000000,57375.000000,48380.000000,33139.000000
56300.000000,57342.000000,48371.000000,33131.000000
56294.000000,57350.000000,48381.000000,33113.000000
56321.000000,57320.000000,48348.000000,33108.000000
56284.000000,57314.000000,48315.000000,33126.000000
56272.000000,57335.000000,48321.000000,33090.000000
56261.000000,57323.000000,48327.000000,33094.000000
56257.000000,57320.000000,48300.000000,33085.000000
56246.000000,57327.000000,48302.000000,33062.000000
56222.000000,57336.000000,48280.000000,33077.000000
56255.000000,57287.000000,48285.000000,33078.000000
56239.000000,57286.000000,48271.000000,33062.000000
56219.000000,57337.000000,48270.000000,33106.000000
56229.000000,57293.000000,48299.000000,33077.000000
56232.000000,57298.000000,48287.000000,33065.000000
56227.000000,57310.000000,48308.000000,33084.000000
56239.000000,57304.000000,48270.000000,33085.000000
56258.000000,57315.000000,48271.000000,33083.000000
56223.000000,57303.000000,48290.000000,33091.000000
56249.000000,57310.000000,48324.000000,33070.000000
56233.000000,57328.000000,48289.000000,33068.000000
56250.000000,57283.000000,48298.000000,33079.000000
56275.000000,57301.000000,48324.000000,33103.000000
56259.000000,57351.000000,48297.000000,33075.000000
56299.000000,57332.000000,48327.000000,33086.000000
56276.000000,57349.000000,48332.000000,33126.000000
56268.000000,57331.000000,48290.000000,33107.000000
56275.000000,57322.000000,48332.000000,33106.000000
56284.000000,57307.000000,48341.000000,33114.000000
56301.000000,57344.000000,48343.000000,33145.000000
56285.000000,57357.000000,48370.000000,33110.000000
56294.000000,57364.000000,48320.000000,33118.000000
56295.000000,57397.000000,48377.000000,33112.000000
56300.000000,57382.000000,48340.000000,33106.000000
56319.000000,57371.000000,48373.000000,33106.000000
56354.000000,57373.000000,48361.000000,33139.000000
56354.000000,57377.000000,48393.000000,33161.000000
56330.000000,57397.000000,48398.000000,33146.000000
56337.000000,57417.000000,48439.000000,33121.000000
56388.000000,57439.000000,48444.000000,33158.000000
56401.000000,57432.000000,48468.000000,33156.000000
56413.000000,57446.000000,48470.000000,33177.000000
56437.000000,57472.000000,48505.000000,33198.000000
56419.000000,57476.000000,48498.000000,33168.000000
56471.000000,57487.000000,48536.000000,33188.000000
56491.000000,57547.000000,48566.000000,33209.000000
56513.000000,57565.000000,48586.000000,33237.000000
56554.000000,57541.000000,48639.000000,33251.000000
56592.000000,57587.000000,48626.000000,33241.000000
56574.000000,57597.000000,48644.000000,33284.000000
56632.000000,57643.000000,48714.000000,33280.000000
56625.000000,57652.000000,48719.000000,33289.000000
56653.000000,57659.000000,48740.000000,33336.000000
56654.000000,57678.000000,48747.000000,33327.000000
56659.000000,57685.000000,48744.000000,33347.000000
56669.000000,57680.000000,48714.000000,33316.000000
56666.000000,57670.000000,48753.000000,33319.000000
56646.000000,57690.000000,48732.000000,33306.000000
56644.000000,57655.000000,48750.000000,33312.000000
56630.000000,57668.000000,48752.000000,33323.000000
56659.000000,57678.000000,48727.000000,33285.000000
56657.000000,57660.000000,48729.000000,33287.000000
56649.000000,57654.000000,48723.000000,33294.000000
56627.000000,57667.000000,48706.000000,33293.000000
56658.000000,57676.000000,48738.000000,33300.000000
56640.000000,57665.000000,48721.000000,33272.000000
56630.000000,57683.000000,48700.000000,33289.000000
56604.000000,57643.000000,48733.000000,33307.000000
56631.000000,57634.000000,48731.000000,33295.000000
56606.000000,57670.000000,48712.000000,33310.000000
56634.000000,57658.000000,48736.000000,33308.000000
56620.000000,57685.000000,48725.000000,33296.000000
56620.000000,57643.000000,48685.000000,33280.000000
56646.000000,57644.000000,48714.000000,33313.000000
56642.000000,57673.000000,48689.000000,33273.000000
56625.000000,57641.000000,48706.000000,33302.000000
56613.000000,57651.000000,48729.000000,33288.000000
56611.000000,57640.000000,48706.000000,33286.000000
56632.000000,57645.000000,48702.000000,33307.000000
56645.000000,57633.000000,48708.000000,33271.000000
56613.000000,57628.000000,48717.000000,33283.000000
56631.000000,57669.000000,48696.000000,33308.000000
56621.000000,57664.000000,48705.000000,33273.000000
56595.000000,57645.000000,48685.000000,33280.000000
56621.000000,57640.000000,48693.000000,33266.000000
56599.000000,57643.000000,48682.000000,33281.000000
56587.000000,57611.000000,48688.000000,33269.000000
56581.000000,57622.000000,48695.000000,33266.000000
56578.000000,57606.000000,48685.000000,33296.000000
56604.000000,57611.000000,48654.000000,33284.000000
56607.000000,57610.000000,48650.000000,33261.000000
56602.000000,57641.000000,48675.000000,33272.000000
56603.000000,57633.000000,48652.000000,33275.000000
56595.000000,57601.000000,48649.000000,33266.000000
56614.000000,57623.000000,48660.000000,33274.000000
56587.000000,57599.000000,48635.000000,33271.000000
56595.000000,57591.000000,48653.000000,33261.000000
56562.000000,57606.000000,48651.000000,33244.000000
56563.000000,57600.000000,48627.000000,33269.000000
56555.000000,57597.000000,48660.000000,33269.000000
56543.000000,57599.000000,48615.000000,33262.000000
56586.000000,57579.000000,48611.000000,33255.000000
56566.000000,57594.000000,48631.000000,33291.000000
56577.000000,57614.000000,48616.000000,33242.000000
56567.000000,57620.000000,48625.000000,33248.000000
56558.000000,57627.000000,48642.000000,33251.000000
56574.000000,57618.000000,48631.000000,33264.000000
56565.000000,57598.000000,48620.000000,33238.000000
56571.000000,57560.000000,48611.000000,33286.000000
56577.000000,57605.000000,48607.000000,33257.000000
56562.000000,57593.000000,48618.000000,33248.000000
56579.000000,57631.000000,48660.000000,33258.000000
56581.000000,57600.000000,48624.000000,33242.000000
56517.000000,57584.000000,48603.000000,33250.000000
56554.000000,57573.000000,48615.000000,33237.000000
56535.000000,57576.000000,48632.000000,33252.000000
56570.000000,57599.000000,48592.000000,33231.000000
56525.000000,57592.000000,48601.000000,33254.000000
56522.000000,57572.000000,48612.000000,33245.000000
56517.000000,57564.000000,48585.000000,33236.000000
56519.000000,57561.000000,48591.000000,33235.000000
56519.000000,57572.000000,48581.000000,33244.000000
56520.000000,57547.000000,48597.000000,33230.000000
56515.000000,57529.000000,48566.000000,33232.000000
56493.000000,57539.000000,48585.000000,33228.000000
56499.000000,57535.000000,48579.000000,33227.000000
56481.000000,57524.000000,48575.000000,33223.000000
56501.000000,57533.000000,48556.000000,33229.000000
56493.000000,57518.000000,48567.000000,33254.000000
56511.000000,57525.000000,48554.000000,33219.000000
56478.000000,57558.000000,48545.000000,33191.000000
56490.000000,57512.000000,48563.000000,33204.000000
56499.000000,57568.000000,48537.000000,33198.000000
56502.000000,57547.000000,48548.000000,33222.000000
56485.000000,57521.000000,48548.000000,33220.000000
56471.000000,57498.000000,48547.000000,33207.000000
56439.000000,57524.000000,48533.000000,33197.000000
56473.000000,57504.000000,48556.000000,33199.000000
56483.000000,57535.000000,48540.000000,33214.000000
56439.000000,57526.000000,48499.000000,33204.000000
56446.000000,57512.000000,48511.000000,33203.000000
56463.000000,57494.000000,48511.000000,33205.000000
56476.000000,57502.000000,48503.000000,33184.000000
56441.000000,57500.000000,48483.000000,33190.000000
56449.000000,57477.000000,48512.000000,33176.000000
56431.000000,57495.000000,48484.000000,33182.000000
56435.000000,57495.000000,48467.000000,33195.000000
56421.000000,57484.000000,48463.000000,33193.000000
56428.000000,57469.000000,48507.000000,33198.000000
56415.000000,57483.000000,48503.000000,33184.000000
56421.000000,57486.000000,48502.000000,33184.000000
56412.000000,57491.000000,48479.000000,33183.000000
56410.000000,57470.000000,48493.000000,33158.000000
56430.000000,57483.000000,48480.000000,33182.000000
56426.000000,57470.000000,48449.000000,33183.000000
56408.000000,57472.000000,48467.000000,33140.000000
56401.000000,57441.000000,48462.000000,33150.000000
56378.000000,57459.000000,48453.000000,33192.000000
56358.000000,57423.000000,48436.000000,33159.000000
56393.000000,57434.000000,48420.000000,33149.000000
56330.000000,57431.000000,48426.000000,33142.000000
56353.000000,57419.000000,48379.000000,33128.000000
56311.000000,57431.000000,48385.000000,33121.000000
56318.000000,57396.000000,48362.000000,33109.000000
56310.000000,57390.000000,48341.000000,33114.000000
56302.000000,57364.000000,48329.000000,33093.000000
56284.000000,57348.000000,48350.000000,33083.000000
56293.000000,57354.000000,48306.000000,33073.000000
56260.000000,57342.000000,48297.000000,33098.000000
56245.000000,57340.000000,48303.000000,33105.000000
56274.000000,57325.000000,48307.000000,33095.000000
56248.000000,57354.000000,48325.000000,33092.000000
56278.000000,57342.000000,48290.000000,33114.000000
56278.000000,57316.000000,48304.000000,33076.000000
56241.000000,57324.000000,48344.000000,33062.000000
56220.000000,57338.000000,48305.000000,33082.000000
56261.000000,57350.000000,48307.000000,33085.000000
56266.000000,57341.000000,48315.000000,33070.000000
56236.000000,57346.000000,48324.000000,33111.000000
56253.000000,57305.000000,48302.000000,33090.000000
56252.000000,57332.000000,48329.000000,33099.000000
56241.000000,57344.000000,48331.000000,33107.000000
56283.000000,57350.000000,48329.000000,33123.000000
56254.000000,57334.000000,48343.000000,33115.000000
56279.000000,57368.000000,48323.000000,33112.000000
56294.000000,57349.000000,48363.000000,33111.000000
56285.000000,57339.000000,48349.000000,33111.000000
56271.000000,57343.000000,48352.000000,33110.000000
56297.000000,57409.000000,48351.000000,33133.000000
56302.000000,57385.000000,48348.000000,33122.000000
56313.000000,57378.000000,48369.000000,33108.000000
56310.000000,57363.000000,48359.000000,33144.000000
56343.000000,57385.000000,48375.000000,33123.000000
56295.000000,57368.000000,48377.000000,33129.000000
56274.000000,57362.000000,48380.000000,33124.000000
56325.000000,57419.000000,48380.000000,33137.000000
56322.000000,57394.000000,48396.000000,33123.000000
56334.000000,57411.000000,48411.000000,33148.000000
56361.000000,57443.000000,48430.000000,33156.000000
56337.000000,57432.000000,48420.000000,33137.000000
56376.000000,57434.000000,48470.000000,33145.000000
56418.000000,57487.000000,48472.000000,33186.000000
56393.000000,57491.000000,48477.000000,33179.000000
56474.000000,57477.000000,48508.000000,33202.000000
56464.000000,57507.000000,48553.000000,33203.000000
56485.000000,57531.000000,48558.000000,33218.000000
56505.000000,57571.000000,48575.000000,33254.000000
56511.000000,57569.000000,48608.000000,33237.000000
56586.000000,57619.000000,48676.000000,33262.000000
56581.000000,57613.000000,48682.000000,33298.000000
56576.000000,57620.000000,48711.000000,33271.000000
56632.000000,57651.000000,48732.000000,33281.000000
56652.000000,57675.000000,48726.000000,33322.000000
56604.000000,57681.000000,48726.000000,33297.000000
56650.000000,57701.000000,48761.000000,33311.000000
56609.000000,57702.000000,48777.000000,33330.000000
56650.000000,57692.000000,48731.000000,33296.000000
56651.000000,57669.000000,48759.000000,33338.000000
56648.000000,57695.000000,48788.000000,33296.000000
56631.000000,57702.000000,48723.000000,33317.000000
56639.000000,57666.000000,48753.000000,33322.000000
56647.000000,57713.000000,48792.000000,33322.000000
56631.000000,57684.000000,48747.000000,33311.000000
56645.000000,57698.000000,48756.000000,33310.000000
56657.000000,57698.000000,48752.000000,33319.000000
56621.000000,57686.000000,48747.000000,33330.000000
56672.000000,57694.000000,48764.000000,33315.000000
56685.000000,57680.000000,48730.000000,33312.000000
56644.000000,57705.000000,48719.000000,33297.000000
56642.000000,57694.000000,48753.000000,33315.000000
56640.000000,57657.000000,48732.000000,33303.000000
56646.000000,57684.000000,48756.000000,33305.000000
56655.000000,57690.000000,48724.000000,33316.000000
56635.000000,57673.000000,48753.000000,33288.000000
56648.000000,57681.000000,48727.000000,33306.000000
56630.000000,57678.000000,48726.000000,33303.000000
56629.000000,57684.000000,48732.000000,33319.000000
56635.000000,57676.000000,48727.000000,33299.000000
56609.000000,57668.000000,48710.000000,33297.000000
56645.000000,57658.000000,48716.000000,33301.000000
56635.000000,57673.000000,48714.000000,33304.000000
56620.000000,57679.000000,48713.000000,33296.000000
56622.000000,57661.000000,48723.000000,33303.000000
56606.000000,57685.000000,48681.000000,33295.000000
56621.000000,57674.000000,48705.000000,33309.000000
56598.000000,57674.000000,48714.000000,33301.000000
56614.000000,57672.000000,48684.000000,33281.000000
56612.000000,57662.000000,48733.000000,33297.000000
56591.000000,57655.000000,48711.000000,33290.000000
56634.000000,57652.000000,48674.000000,33299.000000
56611.000000,57640.000000,48696.000000,33311.000000
56596.000000,57644.000000,48700.000000,33278.000000
56613.000000,57637.000000,48682.000000,33267.000000
56580.000000,57621.000000,48669.000000,33272.000000
56616.000000,57667.000000,48687.000000,33292.000000
56574.000000,57646.000000,48644.000000,33295.000000
56592.000000,57618.000000,48675.000000,33288.000000
56600.000000,57652.000000,48682.000000,33310.000000
56587.000000,57668.000000,48669.000000,33286.000000
56586.000000,57649.000000,48666.000000,33254.000000
56599.000000,57636.000000,48656.000000,33259.000000
56571.000000,57638.000000,48670.000000,33276.000000
56561.000000,57597.000000,48662.000000,33264.000000
56561.000000,57647.000000,48655.000000,33285.000000
56559.000000,57619.000000,48667.000000,33258.000000
56555.000000,57652.000000,48659.000000,33258.000000
56547.000000,57600.000000,48637.000000,33256.000000
56552.000000,57633.000000,48632.000000,33256.000000
56570.000000,57582.000000,48664.000000,33275.000000
56572.000000,57610.000000,48625.000000,33271.000000
56550.000000,57626.000000,48665.000000,33277.000000
56551.000000,57594.000000,48639.000000,33267.000000
56536.000000,57609.000000,48625.000000,33253.000000
56540.000000,57594.000000,48615.000000,33261.000000
56554.000000,57595.000000,48609.000000,33243.000000
56529.000000,57612.000000,48606.000000,33245.000000
56544.000000,57579.000000,48614.000000,33257.000000
56519.000000,57600.000000,48640.000000,33248.000000
56497.000000,57557.000000,48594.000000,33227.000000
56520.000000,57597.000000,48622.000000,33243.000000
56533.000000,57567.000000,48611.000000,33237.000000
56513.000000,57547.000000,48581.000000,33249.000000
56483.000000,57571.000000,48596.000000,33229.000000
56502.000000,57567.000000,48569.000000,33225.000000
56481.000000,57562.000000,48576.000000,33222.000000
56502.000000,57564.000000,48609.000000,33249.000000
56452.000000,57549.000000,48570.000000,33214.000000
56456.000000,57546.000000,48583.000000,33210.000000
56490.000000,57543.000000,48569.000000,33211.000000
56500.000000,57546.000000,48542.000000,33238.000000
56509.000000,57559.000000,48601.000000,33198.000000
56454.000000,57524.000000,48552.000000,33193.000000
56459.000000,57514.000000,48571.000000,33240.000000
56471.000000,57562.000000,48558.000000,33211.000000
56443.000000,57512.000000,48548.000000,33191.000000
56464.000000,57528.000000,48530.000000,33195.000000
56455.000000,57520.000000,48539.000000,33217.000000
56450.000000,57529.000000,48526.000000,33186.000000
56460.000000,57493.000000,48515.000000,33226.000000
56412.000000,57509.000000,48521.000000,33176.000000
56462.000000,57484.000000,48538.000000,33186.000000
56451.000000,57507.000000,48512.000000,33225.000000
56441.000000,57517.000000,48499.000000,33211.000000
56438.000000,57497.000000,48518.000000,33210.000000
56446.000000,57492.000000,48500.000000,33226.000000
56453.000000,57500.000000,48505.000000,33202.000000
56445.000000,57492.000000,48511.000000,33188.000000
56420.000000,57518.000000,48542.000000,33213.000000
56443.000000,57507.000000,48521.000000,33205.000000
56414.000000,57474.000000,48486.000000,33205.000000
56423.000000,57477.000000,48463.000000,33165.000000
56437.000000,57502.000000,48487.000000,33191.000000
56416.000000,57463.000000,48483.000000,33205.000000
56405.000000,57462.000000,48486.000000,33173.000000
56391.000000,57488.000000,48459.000000,33175.000000
56388.000000,57468.000000,48461.000000,33201.000000
56380.000000,57474.000000,48456.000000,33187.000000
56362.000000,57441.000000,48436.000000,33151.000000
56350.000000,57449.000000,48418.000000,33186.000000
56381.000000,57452.000000,48428.000000,33147.000000
56341.000000,57458.000000,48423.000000,33148.000000
56339.000000,57390.000000,48394.000000,33137.000000
56312.000000,57415.000000,48412.000000,33177.000000
56321.000000,57404.000000,48408.000000,33117.000000
56316.000000,57389.000000,48396.000000,33126.000000
56291.000000,57375.000000,48377.000000,33124.000000
56294.000000,57396.000000,48352.000000,33108.000000
56267.000000,57357.000000,48352.000000,33097.000000
56262.000000,57368.000000,48394.000000,33112.000000
56248.000000,57385.000000,48392.000000,33129.000000
56282.000000,57354.000000,48377.000000,33118.000000
56293.000000,57374.000000,48360.000000,33125.000000
56260.000000,57393.000000,48346.000000,33140.000000
56262.000000,57375.000000,48345.000000,33118.000000
56249.000000,57371.000000,48371.000000,33101.000000
56266.000000,57361.000000,48339.000000,33134.000000
56290.000000,57368.000000,48351.000000,33108.000000
56271.000000,57393.000000,48367.000000,33143.000000
56270.000000,57396.000000,48340.000000,33106.000000
56277.000000,57397.000000,48350.000000,33119.000000
56282.000000,57353.000000,48355.000000,33142.000000
56299.000000,57368.000000,48393.000000,33110.000000
56273.000000,57402.000000,48336.000000,33141.000000
56274.000000,57372.000000,48382.000000,33109.000000
56296.000000,57392.000000,48361.000000,33142.000000
56270.000000,57365.000000,48357.000000,33137.000000
56282.000000,57369.000000,48380.000000,33140.000000
56267.000000,57373.000000,48404.000000,33127.000000
56292.000000,57397.000000,48386.000000,33128.000000
56305.000000,57391.000000,48404.000000,33128.000000
56312.000000,57386.000000,48401.000000,33134.000000
56329.000000,57408.000000,48419.000000,33140.000000
56338.000000,57426.000000,48386.000000,33165.000000
56315.000000,57367.000000,48411.000000,33115.000000
56358.000000,57404.000000,48416.000000,33150.000000
56347.000000,57434.000000,48406.000000,33158.000000
56361.000000,57448.000000,48462.000000,33186.000000
56389.000000,57436.000000,48470.000000,33170.000000
56406.000000,57486.000000,48493.000000,33201.000000
56419.000000,57499.000000,48507.000000,33163.000000
56448.000000,57512.000000,48531.000000,33231.000000
56470.000000,57538.000000,48554.000000,33227.000000
56529.000000,57589.000000,48559.000000,33240.000000
56518.000000,57570.000000,48618.000000,33231.000000
56543.000000,57622.000000,48641.000000,33286.000000
56546.000000,57607.000000,48672.000000,33278.000000
56596.000000,57669.000000,48697.000000,33291.000000
56635.000000,57692.000000,48730.000000,33307.000000
56635.000000,57714.000000,48750.000000,33301.000000
56670.000000,57708.000000,48800.000000,33320.000000
56643.000000,57712.000000,48803.000000,33331.000000
56664.000000,57737.000000,48787.000000,33311.000000
56683.000000,57715.000000,48823.000000,33353.000000
56685.000000,57717.000000,48795.000000,33329.000000
56694.000000,57731.000000,48795.000000,33323.000000
56661.000000,57726.000000,48799.000000,33339.000000
56656.000000,57699.000000,48820.000000,33331.000000
56657.000000,57734.000000,48809.000000,33359.000000
56662.000000,57736.000000,48823.000000,33345.000000
56677.000000,57740.000000,48793.000000,33322.000000
56669.000000,57756.000000,48806.000000,33350.000000
56696.000000,57736.000000,48817.000000,33331.000000
56687.000000,57726.000000,48825.000000,33339.000000
56679.000000,57740.000000,48825.000000,33344.000000
56697.000000,57753.000000,48816.000000,33344.000000
56684.000000,57732.000000,48782.000000,33330.000000
56668.000000,57717.000000,48804.000000,33335.000000
56701.000000,57756.000000,48798.000000,33367.000000
56672.000000,57736.000000,48777.000000,33346.000000
56690.000000,57714.000000,48759.000000,33316.000000
56666.000000,57723.000000,48775.000000,33348.000000
56651.000000,57760.000000,48791.000000,33374.000000
56678.000000,57726.000000,48781.000000,33355.000000
56641.000000,57718.000000,48755.000000,33324.000000
56664.000000,57705.000000,48780.000000,33342.000000
56634.000000,57713.000000,48769.000000,33348.000000
56662.000000,57717.000000,48789.000000,33302.000000
56637.000000,57731.000000,48770.000000,33314.000000
56644.000000,57737.000000,48749.000000,33337.000000
56623.000000,57737.000000,48770.000000,33308.000000
56639.000000,57695.000000,48759.000000,33310.000000
56644.000000,57740.000000,48744.000000,33325.000000
56636.000000,57658.000000,48735.000000,33316.000000
56638.000000,57720.000000,48738.000000,33301.000000
56628.000000,57710.000000,48732.000000,33330.000000
56624.000000,57673.000000,48741.000000,33334.000000
56638.000000,57664.000000,48772.000000,33313.000000
56635.000000,57732.000000,48751.000000,33320.000000
56596.000000,57701.000000,48708.000000,33319.000000
56633.000000,57677.000000,48735.000000,33313.000000
56622.000000,57700.000000,48719.000000,33335.000000
56630.000000,57683.000000,48732.000000,33314.000000
56623.000000,57713.000000,48725.000000,33330.000000
56599.000000,57688.000000,48740.000000,33313.000000
56611.000000,57653.000000,48713.000000,33329.000000
56625.000000,57704.000000,48733.000000,33296.000000
56585.000000,57686.000000,48691.000000,33331.000000
56624.000000,57700.000000,48721.000000,33306.000000
56614.000000,57683.000000,48753.000000,33301.000000
56602.000000,57689.000000,48720.000000,33314.000000
56602.000000,57662.000000,48709.000000,33302.000000
56627.000000,57658.000000,48749.000000,33326.000000
56580.000000,57658.000000,48686.000000,33315.000000
56625.000000,57672.000000,48684.000000,33292.000000
56586.000000,57632.000000,48695.000000,33319.000000
56610.000000,57685.000000,48705.000000,33316.000000
56587.000000,57709.000000,48687.000000,33296.000000
56564.000000,57632.000000,48683.000000,33290.000000
56586.000000,57663.000000,48718.000000,33306.000000
56591.000000,57668.000000,48690.000000,33299.000000
56585.000000,57658.000000,48652.000000,33278.000000
56570.000000,57644.000000,48678.000000,33300.000000
56566.000000,57647.000000,48669.000000,33295.000000
56566.000000,57647.000000,48668.000000,33298.000000
56544.000000,57633.000000,48689.000000,33268.000000
56571.000000,57661.000000,48667.000000,33268.000000
56558.000000,57647.000000,48683.000000,33279.000000
56558.000000,57632.000000,48671.000000,33277.000000
56558.000000,57641.000000,48673.000000,33298.000000
56542.000000,57634.000000,48653.000000,33286.000000
56566.000000,57641.000000,48671.000000,33270.000000
56538.000000,57594.000000,48665.000000,33263.000000
56551.000000,57633.000000,48650.000000,33281.000000
56554.000000,57617.000000,48638.000000,33264.000000
56526.000000,57609.000000,48619.000000,33241.000000
56522.000000,57615.000000,48622.000000,33266.000000
56530.000000,57603.000000,48625.000000,33262.000000
56526.000000,57616.000000,48665.000000,33250.000000
56539.000000,57599.000000,48653.000000,33242.000000
56496.000000,57625.000000,48660.000000,33247.000000
56503.000000,57608.000000,48618.000000,33244.000000
56515.000000,57610.000000,48604.000000,33234.000000
56479.000000,57596.000000,48624.000000,33266.000000
56506.000000,57583.000000,48610.000000,33228.000000
56492.000000,57618.000000,48612.000000,33251.000000
56474.000000,57565.000000,48616.000000,33221.000000
56526.000000,57587.000000,48596.000000,33248.000000
56459.000000,57582.000000,48603.000000,33222.000000
56507.000000,57579.000000,48576.000000,33234.000000
56501.000000,57573.000000,48566.000000,33242.000000
56496.000000,57592.000000,48615.000000,33251.000000
56476.000000,57589.000000,48582.000000,33248.000000
56475.000000,57571.000000,48571.000000,33229.000000
56513.000000,57574.000000,48571.000000,33255.000000
56498.000000,57604.000000,48560.000000,33236.000000
56485.000000,57554.000000,48570.000000,33235.000000
56488.000000,57590.000000,48599.000000,33238.000000
56494.000000,57602.000000,48611.000000,33247.000000
56493.000000,57586.000000,48586.000000,33241.000000
56480.000000,57570.000000,48573.000000,33242.000000
56458.000000,57585.000000,48568.000000,33250.000000
56443.000000,57565.000000,48582.000000,33209.000000
56439.000000,57571.000000,48553.000000,33231.000000
56433.000000,57567.000000,48521.000000,33211.000000
56426.000000,57545.000000,48545.000000,33227.000000
56414.000000,57558.000000,48530.000000,33216.000000
56409.000000,57539.000000,48494.000000,33188.000000
56379.000000,57512.000000,48490.000000,33186.000000
56392.000000,57501.000000,48467.000000,33176.000000
56402.000000,57491.000000,48477.000000,33187.000000
56359.000000,57476.000000,48419.000000,33174.000000
56306.000000,57468.000000,48467.000000,33173.000000
56325.000000,57483.000000,48438.000000,33164.000000
56300.000000,57421.000000,48405.000000,33138.000000
56335.000000,57478.000000,48445.000000,33133.000000
56304.000000,57446.000000,48412.000000,33157.000000
56289.000000,57444.000000,48414.000000,33137.000000
56316.000000,57471.000000,48420.000000,33141.000000
56305.000000,57454.000000,48410.000000,33153.000000
56312.000000,57448.000000,48394.000000,33161.000000
56324.000000,57454.000000,48439.000000,33166.000000
56282.000000,57460.000000,48433.000000,33179.000000
56335.000000,57447.000000,48427.000000,33169.000000
56307.000000,57453.000000,48423.000000,33139.000000
56306.000000,57458.000000,48439.000000,33167.000000
56298.000000,57466.000000,48430.000000,33144.000000
56324.000000,57464.000000,48442.000000,33144.000000
56315.000000,57419.000000,48453.000000,33137.000000
56337.000000,57466.000000,48442.000000,33164.000000
56310.000000,57464.000000,48450.000000,33162.000000
56283.000000,57468.000000,48414.000000,33147.000000
56312.000000,57445.000000,48448.000000,33179.000000
56342.000000,57452.000000,48447.000000,33162.000000
56335.000000,57460.000000,48429.000000,33175.000000
56319.000000,57487.000000,48464.000000,33167.000000
56370.000000,57458.000000,48451.000000,33177.000000
56329.000000,57445.000000,48449.000000,33174.000000
56349.000000,57455.000000,48485.000000,33189.000000
56366.000000,57511.000000,48482.000000,33193.000000
56379.000000,57500.000000,48486.000000,33191.000000
56326.000000,57467.000000,48519.000000,33210.000000
56370.000000,57483.000000,48492.000000,33179.000000
56383.000000,57484.000000,48503.000000,33213.000000
56400.000000,57508.000000,48525.000000,33196.000000
56398.000000,57538.000000,48543.000000,33197.000000
56461.000000,57571.000000,48567.000000,33212.000000
56431.000000,57559.000000,48582.000000,33216.000000
56465.000000,57572.000000,48627.000000,33250.000000
56507.000000,57593.000000,48621.000000,33261.000000
56532.000000,57608.000000,48665.000000,33283.000000
56534.000000,57617.000000,48665.000000,33298.000000
56615.000000,57701.000000,48743.000000,33314.000000
56621.000000,57750.000000,48792.000000,33301.000000
56676.000000,57713.000000,48801.000000,33346.000000
56684.000000,57746.000000,48823.000000,33353.000000
56654.000000,57778.000000,48833.000000,33373.000000
56677.000000,57760.000000,48845.000000,33349.000000
56703.000000,57765.000000,48855.000000,33335.000000
56692.000000,57790.000000,48855.000000,33376.000000
56728.000000,57767.000000,48857.000000,33356.000000
56710.000000,57770.000000,48834.000000,33365.000000
56689.000000,57784.000000,48822.000000,33376.000000
56706.000000,57798.000000,48866.000000,33385.000000
56693.000000,57797.000000,48857.000000,33384.000000
56675.000000,57752.000000,48879.000000,33350.000000
56694.000000,57791.000000,48853.000000,33385.000000
56690.000000,57764.000000,48829.000000,33392.000000
56646.000000,57773.000000,48837.000000,33368.000000
56687.000000,57787.000000,48843.000000,33354.000000
56672.000000,57742.000000,48838.000000,33347.000000
56679.000000,57773.000000,48818.000000,33353.000000
56678.000000,57773.000000,48831.000000,33376.000000
56665.000000,57774.000000,48808.000000,33352.000000
56670.000000,57734.000000,48805.000000,33319.000000
56668.000000,57752.000000,48813.000000,33365.000000
56655.000000,57766.000000,48805.000000,33356.000000
56624.000000,57736.000000,48806.000000,33341.000000
56635.000000,57747.000000,48813.000000,33376.000000
56632.000000,57785.000000,48814.000000,33373.000000
56663.000000,57750.000000,48792.000000,33341.000000
56661.000000,57754.000000,48819.000000,33361.000000
56627.000000,57740.000000,48793.000000,33341.000000
56651.000000,57726.000000,48786.000000,33321.000000
56629.000000,57728.000000,48779.000000,33352.000000
56632.000000,57724.000000,48780.000000,33322.000000
56630.000000,57735.000000,48789.000000,33326.000000
56620.000000,57728.000000,48756.000000,33337.000000
56624.000000,57735.000000,48782.000000,33334.000000
56662.000000,57704.000000,48794.000000,33333.000000
56619.000000,57718.000000,48761.000000,33333.000000
56608.000000,57702.000000,48781.000000,33341.000000
56613.000000,57748.000000,48759.000000,33332.000000
56612.000000,57702.000000,48776.000000,33331.000000
56606.000000,57708.000000,48769.000000,33316.000000
56604.000000,57718.000000,48751.000000,33306.000000
56591.000000,57683.000000,48760.000000,33342.000000
56585.000000,57698.000000,48746.000000,33311.000000
56605.000000,57678.000000,48744.000000,33314.000000
56615.000000,57707.000000,48751.000000,33333.000000
56581.000000,57699.000000,48761.000000,33317.000000
56586.000000,57691.000000,48744.000000,33297.000000
56624.000000,57708.000000,48733.000000,33300.000000
56573.000000,57660.000000,48710.000000,33303.000000
56592.000000,57686.000000,48734.000000,33294.000000
56581.000000,57648.000000,48749.000000,33307.000000
56594.000000,57692.000000,48712.000000,33318.000000
56580.000000,57702.000000,48742.000000,33311.000000
56569.000000,57682.000000,48722.000000,33301.000000
56579.000000,57653.000000,48712.000000,33317.000000
56559.000000,57660.000000,48720.000000,33296.000000
56580.000000,57678.000000,48734.000000,33273.000000
56541.000000,57678.000000,48710.000000,33303.000000
56555.000000,57658.000000,48712.000000,33319.000000
56562.000000,57661.000000,48708.000000,33293.000000
56562.000000,57666.000000,48707.000000,33319.000000
56537.000000,57616.000000,48659.000000,33284.000000
56566.000000,57632.000000,48689.000000,33293.000000
56526.000000,57643.000000,48687.000000,33278.000000
56532.000000,57639.000000,48684.000000,33287.000000
56529.000000,57637.000000,48683.000000,33287.000000
56502.000000,57640.000000,48669.000000,33244.000000
56552.000000,57624.000000,48642.000000,33278.000000
56529.000000,57639.000000,48695.000000,33298.000000
56531.000000,57656.000000,48661.000000,33298.000000
56532.000000,57622.000000,48651.000000,33263.000000
56538.000000,57639.000000,48663.000000,33288.000000
56492.000000,57651.000000,48675.000000,33280.000000
56519.000000,57630.000000,48658.000000,33249.000000
56519.000000,57602.000000,48672.000000,33269.000000
56485.000000,57607.000000,48653.000000,33281.000000
56491.000000,57611.000000,48634.000000,33261.000000
56482.000000,57608.000000,48618.000000,33258.000000
56500.000000,57606.000000,48643.000000,33266.000000
56519.000000,57602.000000,48602.000000,33252.000000
56496.000000,57589.000000,48615.000000,33271.000000
56475.000000,57599.000000,48654.000000,33264.000000
56500.000000,57591.000000,48601.000000,33244.000000
56469.000000,57598.000000,48611.000000,33261.000000
56486.000000,57607.000000,48591.000000,33278.000000
56502.000000,57588.000000,48608.000000,33254.000000
56472.000000,57594.000000,48576.000000,33241.000000
56477.000000,57588.000000,48594.000000,33258.000000
56464.000000,57569.000000,48597.000000,33256.000000
56469.000000,57588.000000,48618.000000,33241.000000
56446.000000,57581.000000,48611.000000,33256.000000
56462.000000,57558.000000,48637.000000,33229.000000
56458.000000,57588.000000,48585.000000,33263.000000
56445.000000,57568.000000,48619.000000,33238.000000
56447.000000,57587.000000,48591.000000,33241.000000
56453.000000,57570.000000,48589.000000,33223.000000
56426.000000,57577.000000,48589.000000,33245.000000
56434.000000,57580.000000,48593.000000,33240.000000
56440.000000,57552.000000,48583.000000,33249.000000
56426.000000,57554.000000,48568.000000,33228.000000
56409.000000,57572.000000,48574.000000,33221.000000
56422.000000,57566.000000,48556.000000,33254.000000
56396.000000,57557.000000,48551.000000,33206.000000
56369.000000,57535.000000,48519.000000,33211.000000
56391.000000,57543.000000,48532.000000,33207.000000
56355.000000,57499.000000,48509.000000,33196.000000
56336.000000,57479.000000,48518.000000,33192.000000
56317.000000,57498.000000,48474.000000,33182.000000
56315.000000,57435.000000,48465.000000,33157.000000
56320.000000,57450.000000,48445.000000,33172.000000
56302.000000,57432.000000,48435.000000,33160.000000
56259.000000,57445.000000,48422.000000,33162.000000
56292.000000,57454.000000,48422.000000,33154.000000
56271.000000,57455.000000,48401.000000,33170.000000
56284.000000,57450.000000,48405.000000,33149.000000
56267.000000,57439.000000,48410.000000,33173.000000
56283.000000,57422.000000,48417.000000,33164.000000
56267.000000,57419.000000,48391.000000,33137.000000
56273.000000,57428.000000,48418.000000,33155.000000
56258.000000,57427.000000,48417.000000,33126.000000
56254.000000,57420.000000,48429.000000,33170.000000
56277.000000,57415.000000,48419.000000,33143.000000
56262.000000,57471.000000,48419.000000,33152.000000
56263.000000,57450.000000,48399.000000,33133.000000
56276.000000,57443.000000,48411.000000,33141.000000
56281.000000,57433.000000,48436.000000,33166.000000
56253.000000,57437.000000,48438.000000,33130.000000
56278.000000,57420.000000,48430.000000,33180.000000
56249.000000,57463.000000,48406.000000,33131.000000
56276.000000,57421.000000,48432.000000,33145.000000
56284.000000,57457.000000,48440.000000,33165.000000
56285.000000,57443.000000,48431.000000,33145.000000
56310.000000,57420.000000,48445.000000,33160.000000
56303.000000,57457.000000,48472.000000,33181.000000
56289.000000,57477.000000,48463.000000,33185.000000
56309.000000,57458.000000,48433.000000,33166.000000
56333.000000,57455.000000,48475.000000,33203.000000
56324.000000,57465.000000,48473.000000,33169.000000
56320.000000,57475.000000,48486.000000,33189.000000
56313.000000,57475.000000,48492.000000,33204.000000
56309.000000,57510.000000,48488.000000,33198.000000
56345.000000,57485.000000,48507.000000,33215.000000
56388.000000,57495.000000,48519.000000,33204.000000
56394.000000,57519.000000,48524.000000,33243.000000
56434.000000,57548.000000,48570.000000,33213.000000
56436.000000,57545.000000,48602.000000,33265.000000
56427.000000,57561.000000,48611.000000,33277.000000
56480.000000,57628.000000,48645.000000,33265.000000
56500.000000,57581.000000,48645.000000,33266.000000
56521.000000,57630.000000,48699.000000,33298.000000
56564.000000,57671.000000,48718.000000,33292.000000
56558.000000,57664.000000,48733.000000,33306.000000
56597.000000,57687.000000,48765.000000,33351.000000
56622.000000,57723.000000,48779.000000,33350.000000
56628.000000,57733.000000,48797.000000,33344.000000
56671.000000,57748.000000,48835.000000,33354.000000
56653.000000,57758.000000,48840.000000,33366.000000
56647.000000,57781.000000,48859.000000,33354.000000
56668.000000,57771.000000,48841.000000,33385.000000
56670.000000,57802.000000,48876.000000,33385.000000
56693.000000,57777.000000,48847.000000,33365.000000
56670.000000,57797.000000,48863.000000,33364.000000
56665.000000,57806.000000,48846.000000,33365.000000
56680.000000,57788.000000,48874.000000,33357.000000
56675.000000,57771.000000,48858.000000,33372.000000
56669.000000,57788.000000,48833.000000,33369.000000
56656.000000,57781.000000,48875.000000,33391.000000
56693.000000,57798.000000,48871.000000,33377.000000
56656.000000,57775.000000,48840.000000,33365.000000
56663.000000,57804.000000,48852.000000,33351.000000
56681.000000,57805.000000,48868.000000,33394.000000
56667.000000,57780.000000,48848.000000,33359.000000
56631.000000,57730.000000,48824.000000,33327.000000
56653.000000,57788.000000,48850.000000,33373.000000
56627.000000,57769.000000,48832.000000,33363.000000
56636.000000,57761.000000,48850.000000,33345.000000
56626.000000,57751.000000,48843.000000,33333.000000
56657.000000,57759.000000,48823.000000,33354.000000
56635.000000,57752.000000,48833.000000,33321.000000
56646.000000,57762.000000,48817.000000,33361.000000
56635.000000,57744.000000,48782.000000,33351.000000
56635.000000,57748.000000,48816.000000,33337.000000
56608.000000,57736.000000,48805.000000,33326.000000
56636.000000,57751.000000,48801.000000,33345.000000
56631.000000,57718.000000,48810.000000,33321.000000
56627.000000,57744.000000,48815.000000,33361.000000
56628.000000,57732.000000,48777.000000,33342.000000
56589.000000,57750.000000,48786.000000,33348.000000
56640.000000,57740.000000,48813.000000,33356.000000
56626.000000,57737.000000,48806.000000,33343.000000
56601.000000,57744.000000,48805.000000,33349.000000
56622.000000,57759.000000,48821.000000,33335.000000
56623.000000,57728.000000,48783.000000,33321.000000
56634.000000,57729.000000,48795.000000,33352.000000
56632.000000,57744.000000,48774.000000,33347.000000
56619.000000,57769.000000,48772.000000,33341.000000
56607.000000,57732.000000,48786.000000,33342.000000
56588.000000,57734.000000,48794.000000,33364.000000
56632.000000,57729.000000,48816.000000,33327.000000
56595.000000,57728.000000,48780.000000,33338.000000
56634.000000,57760.000000,48771.000000,33321.000000
56626.000000,57730.000000,48807.000000,33357.000000
56610.000000,57751.000000,48783.000000,33330.000000
56612.000000,57763.000000,48797.000000,33339.000000
56602.000000,57730.000000,48758.000000,33337.000000
56644.000000,57724.000000,48809.000000,33347.000000
56617.000000,57732.000000,48776.000000,33301.000000
56610.000000,57694.000000,48763.000000,33304.000000
56607.000000,57737.000000,48809.000000,33367.000000
56607.000000,57719.000000,48755.000000,33347.000000
56588.000000,57699.000000,48773.000000,33330.000000
56576.000000,57708.000000,48785.000000,33337.000000
56575.000000,57715.000000,48730.000000,33320.000000
56573.000000,57702.000000,48729.000000,33327.000000
56574.000000,57679.000000,48761.000000,33309.000000
56555.000000,57683.000000,48738.000000,33340.000000
56572.000000,57714.000000,48753.000000,33304.000000
56566.000000,57661.000000,48727.000000,33302.000000
56554.000000,57673.000000,48715.000000,33294.000000
56565.000000,57635.000000,48709.000000,33299.000000
56533.000000,57662.000000,48720.000000,33311.000000
56535.000000,57655.000000,48694.000000,33299.000000
56547.000000,57653.000000,48703.000000,33290.000000
56533.000000,57688.000000,48713.000000,33318.000000
56502.000000,57646.000000,48683.000000,33300.000000
56526.000000,57664.000000,48702.000000,33287.000000
56528.000000,57662.000000,48687.000000,33309.000000
56549.000000,57663.000000,48689.000000,33281.000000
56496.000000,57651.000000,48689.000000,33282.000000
56519.000000,57640.000000,48673.000000,33274.000000
56521.000000,57632.000000,48688.000000,33294.000000
56495.000000,57671.000000,48688.000000,33303.000000
56540.000000,57642.000000,48694.000000,33296.000000
56518.000000,57652.000000,48705.000000,33291.000000
56532.000000,57661.000000,48642.000000,33299.000000
56485.000000,57634.000000,48671.000000,33276.000000
56468.000000,57671.000000,48656.000000,33275.000000
56506.000000,57620.000000,48653.000000,33283.000000
56461.000000,57622.000000,48651.000000,33253.000000
56488.000000,57632.000000,48655.000000,33276.000000
56488.000000,57615.000000,48624.000000,33259.000000
56491.000000,57629.000000,48648.000000,33276.000000
56491.000000,57618.000000,48638.000000,33244.000000
56506.000000,57566.000000,48641.000000,33266.000000
56491.000000,57630.000000,48628.000000,33256.000000
56463.000000,57606.000000,48636.000000,33243.000000
56459.000000,57630.000000,48608.000000,33279.000000
56464.000000,57625.000000,48637.000000,33247.000000
56492.000000,57619.000000,48648.000000,33269.000000
56478.000000,57606.000000,48632.000000,33238.000000
56451.000000,57635.000000,48591.000000,33267.000000
56462.000000,57603.000000,48619.000000,33281.000000
56429.000000,57585.000000,48616.000000,33258.000000
56444.000000,57610.000000,48637.000000,33245.000000
56408.000000,57620.000000,48582.000000,33268.000000
56446.000000,57588.000000,48579.000000,33227.000000
56424.000000,57588.000000,48594.000000,33243.000000
56438.000000,57567.000000,48554.000000,33230.000000
56405.000000,57572.000000,48551.000000,33237.000000
56420.000000,57584.000000,48560.000000,33245.000000
56374.000000,57546.000000,48526.000000,33220.000000
56360.000000,57545.000000,48547.000000,33213.000000
56374.000000,57529.000000,48524.000000,33236.000000
56383.000000,57540.000000,48518.000000,33202.000000
56342.000000,57519.000000,48509.000000,33207.000000
56353.000000,57523.000000,48496.000000,33216.000000
56312.000000,57514.000000,48488.000000,33199.000000
56305.000000,57498.000000,48490.000000,33187.000000
56316.000000,57502.000000,48489.000000,33192.000000
56285.000000,57497.000000,48467.000000,33185.000000
56324.000000,57469.000000,48469.000000,33151.000000
56320.000000,57498.000000,48458.000000,33148.000000
56265.000000,57500.000000,48460.000000,33179.000000
56273.000000,57487.000000,48469.000000,33152.000000
56307.000000,57490.000000,48479.000000,33174.000000
56310.000000,57479.000000,48454.000000,33209.000000
56297.000000,57511.000000,48508.000000,33190.000000
56293.000000,57512.000000,48471.000000,33145.000000
56309.000000,57488.000000,48469.000000,33174.000000
56316.000000,57488.000000,48474.000000,33198.000000
56298.000000,57484.000000,48478.000000,33168.000000
56311.000000,57521.000000,48464.000000,33196.000000
56318.000000,57522.000000,48504.000000,33184.000000
56319.000000,57522.000000,48500.000000,33193.000000
56364.000000,57507.000000,48466.000000,33185.000000
56340.000000,57510.000000,48509.000000,33238.000000
56307.000000,57533.000000,48500.000000,33213.000000
56347.000000,57534.000000,48530.000000,33235.000000
56327.000000,57515.000000,48524.000000,33205.000000
56336.000000,57532.000000,48538.000000,33205.000000
56381.000000,57523.000000,48536.000000,33203.000000
56371.000000,57554.000000,48515.000000,33204.000000
56381.000000,57554.000000,48551.000000,33236.000000
56371.000000,57546.000000,48556.000000,33211.000000
56417.000000,57564.000000,48555.000000,33239.000000
56406.000000,57557.000000,48616.000000,33244.000000
56443.000000,57591.000000,48603.000000,33225.000000
56461.000000,57592.000000,48637.000000,33253.000000
56471.000000,57620.000000,48639.000000,33280.000000
56489.000000,57651.000000,48685.000000,33285.000000
56529.000000,57661.000000,48707.000000,33313.000000
56539.000000,57679.000000,48722.000000,33317.000000
56541.000000,57722.000000,48780.000000,33324.000000
56575.000000,57710.000000,48795.000000,33324.000000
56614.000000,57720.000000,48812.000000,33334.000000
56618.000000,57752.000000,48834.000000,33376.000000
56641.000000,57791.000000,48856.000000,33414.000000
56657.000000,57795.000000,48877.000000,33379.000000
56690.000000,57794.000000,48897.000000,33375.000000
56658.000000,57828.000000,48898.000000,33397.000000
56712.000000,57826.000000,48916.000000,33410.000000
56683.000000,57833.000000,48903.000000,33392.000000
56692.000000,57836.000000,48929.000000,33400.000000
56663.000000,57814.000000,48891.000000,33381.000000
56723.000000,57860.000000,48920.000000,33400.000000
56682.000000,57854.000000,48925.000000,33407.000000
56683.000000,57816.000000,48911.000000,33408.000000
56699.000000,57854.000000,48929.000000,33389.000000
56677.000000,57818.000000,48904.000000,33410.000000
56675.000000,57852.000000,48939.000000,33411.000000
56737.000000,57826.000000,48916.000000,33410.000000
56692.000000,57830.000000,48902.000000,33398.000000
56716.000000,57856.000000,48924.000000,33418.000000
56690.000000,57831.000000,48905.000000,33414.000000
56685.000000,57828.000000,48887.000000,33414.000000
56687.000000,57851.000000,48905.000000,33408.000000
56656.000000,57839.000000,48873.000000,33424.000000
56675.000000,57828.000000,48895.000000,33382.000000
56673.000000,57831.000000,48922.000000,33435.000000
56680.000000,57858.000000,48916.000000,33401.000000
56675.000000,57848.000000,48867.000000,33408.000000
56672.000000,57819.000000,48895.000000,33383.000000
56659.000000,57799.000000,48908.000000,33399.000000
56689.000000,57852.000000,48896.000000,33426.000000
56703.000000,57793.000000,48883.000000,33364.000000
56665.000000,57808.000000,48886.000000,33405.000000
56668.000000,57802.000000,48877.000000,33388.000000
56660.000000,57813.000000,48848.000000,33373.000000
56661.000000,57813.000000,48887.000000,33407.000000
56681.000000,57809.000000,48878.000000,33407.000000
56635.000000,57804.000000,48858.000000,33384.000000
56664.000000,57800.000000,48860.000000,33382.000000
56648.000000,57731.000000,48878.000000,33389.000000
56656.000000,57825.000000,48850.000000,33381.000000
56638.000000,57819.000000,48840.000000,33384.000000
56632.000000,57791.000000,48853.000000,33366.000000
56644.000000,57794.000000,48851.000000,33370.000000
56653.000000,57812.000000,48832.000000,33398.000000
56639.000000,57813.000000,48833.000000,33375.000000
56640.000000,57813.000000,48846.000000,33405.000000
56645.000000,57780.000000,48851.000000,33376.000000
56621.000000,57780.000000,48830.000000,33349.000000
56639.000000,57772.000000,48817.000000,33360.000000
56636.000000,57799.000000,48830.000000,33362.000000
56643.000000,57767.000000,48842.000000,33368.000000
56636.000000,57795.000000,48828.000000,33376.000000
56638.000000,57795.000000,48825.000000,33360.000000
56637.000000,57799.000000,48846.000000,33404.000000
56636.000000,57756.000000,48818.000000,33383.000000
56631.000000,57751.000000,48824.000000,33376.000000
56611.000000,57790.000000,48824.000000,33369.000000
56584.000000,57791.000000,48801.000000,33321.000000
56627.000000,57776.000000,48848.000000,33364.000000
56615.000000,57781.000000,48828.000000,33380.000000
56615.000000,57776.000000,48823.000000,33340.000000
56612.000000,57722.000000,48817.000000,33348.000000
56598.000000,57784.000000,48813.000000,33364.000000
56585.000000,57742.000000,48792.000000,33338.000000
56601.000000,57756.000000,48801.000000,33373.000000
56613.000000,57776.000000,48785.000000,33351.000000
56576.000000,57746.000000,48790.000000,33338.000000
56580.000000,57767.000000,48772.000000,33333.000000
56600.000000,57750.000000,48786.000000,33327.000000
56592.000000,57768.000000,48794.000000,33338.000000
56567.000000,57774.000000,48775.000000,33357.000000
56584.000000,57731.000000,48781.000000,33346.000000
56584.000000,57747.000000,48777.000000,33342.000000
56566.000000,57725.000000,48779.000000,33303.000000
56601.000000,57730.000000,48770.000000,33358.000000
56587.000000,57749.000000,48772.000000,33317.000000
56553.000000,57720.000000,48754.000000,33329.000000
56576.000000,57734.000000,48745.000000,33362.000000
56561.000000,57722.000000,48766.000000,33332.000000
56544.000000,57708.000000,48738.000000,33326.000000
56557.000000,57683.000000,48764.000000,33321.000000
56554.000000,57682.000000,48744.000000,33324.000000
56514.000000,57698.000000,48731.000000,33335.000000
56562.000000,57735.000000,48746.000000,33347.000000
56546.000000,57713.000000,48731.000000,33331.000000
56529.000000,57699.000000,48729.000000,33309.000000
56537.000000,57720.000000,48691.000000,33301.000000
56556.000000,57688.000000,48736.000000,33319.000000
56525.000000,57698.000000,48730.000000,33309.000000
56536.000000,57725.000000,48763.000000,33326.000000
56543.000000,57686.000000,48733.000000,33304.000000
56535.000000,57720.000000,48717.000000,33315.000000
56527.000000,57711.000000,48738.000000,33319.000000
56546.000000,57681.000000,48709.000000,33314.000000
56533.000000,57700.000000,48723.000000,33327.000000
56497.000000,57717.000000,48701.000000,33293.000000
56529.000000,57686.000000,48690.000000,33286.000000
56519.000000,57675.000000,48722.000000,33298.000000
56496.000000,57671.000000,48691.000000,33336.000000
56512.000000,57688.000000,48687.000000,33304.000000
56534.000000,57684.000000,48693.000000,33300.000000
56495.000000,57718.000000,48678.000000,33318.000000
56484.000000,57673.000000,48694.000000,33296.000000
56481.000000,57672.000000,48678.000000,33324.000000
56481.000000,57644.000000,48693.000000,33301.000000
56494.000000,57668.000000,48645.000000,33293.000000
56465.000000,57654.000000,48667.000000,33279.000000
56453.000000,57630.000000,48655.000000,33302.000000
56425.000000,57635.000000,48624.000000,33269.000000
56428.000000,57620.000000,48621.000000,33245.000000
56398.000000,57595.000000,48614.000000,33262.000000
56360.000000,57600.000000,48567.000000,33247.000000
56369.000000,57561.000000,48565.000000,33218.000000
56388.000000,57554.000000,48560.000000,33242.000000
56338.000000,57583.000000,48571.000000,33226.000000
56377.000000,57573.000000,48588.000000,33256.000000
56344.000000,57557.000000,48564.000000,33229.000000
56372.000000,57545.000000,48548.000000,33235.000000
56330.000000,57582.000000,48549.000000,33243.000000
56347.000000,57563.000000,48534.000000,33217.000000
56355.000000,57584.000000,48556.000000,33227.000000
56342.000000,57588.000000,48559.000000,33276.000000
56340.000000,57558.000000,48550.000000,33213.000000
56369.000000,57600.000000,48596.000000,33239.000000
56340.000000,57593.000000,48556.000000,33238.000000
56380.000000,57565.000000,48578.000000,33252.000000
56382.000000,57582.000000,48581.000000,33249.000000
56327.000000,57577.000000,48573.000000,33217.000000
56396.000000,57564.000000,48576.000000,33226.000000
56368.000000,57569.000000,48568.000000,33240.000000
56355.000000,57575.000000,48557.000000,33273.000000
56375.000000,57605.000000,48563.000000,33255.000000
56337.000000,57567.000000,48567.000000,33222.000000
56381.000000,57617.000000,48575.000000,33272.000000
56371.000000,57561.000000,48572.000000,33266.000000
56394.000000,57588.000000,48570.000000,33253.000000
56407.000000,57631.000000,48606.000000,33261.000000
56385.000000,57581.000000,48579.000000,33242.000000
56399.000000,57610.000000,48613.000000,33246.000000
56398.000000,57619.000000,48611.000000,33263.000000
56410.000000,57613.000000,48602.000000,33253.000000
56398.000000,57622.000000,48632.000000,33272.000000
56424.000000,57611.000000,48617.000000,33271.000000
56416.000000,57622.000000,48635.000000,33286.000000
56431.000000,57613.000000,48618.000000,33282.000000
56461.000000,57664.000000,48672.000000,33277.000000
56484.000000,57673.000000,48708.000000,33302.000000
56477.000000,57698.000000,48693.000000,33284.000000
56525.000000,57728.000000,48757.000000,33327.000000
56549.000000,57742.000000,48777.000000,33344.000000
56598.000000,57783.000000,48806.000000,33388.000000
56609.000000,57766.000000,48801.000000,33367.000000
56625.000000,57771.000000,48842.000000,33374.000000
56638.000000,57808.000000,48874.000000,33370.000000
56645.000000,57833.000000,48879.000000,33401.000000
56656.000000,57874.000000,48916.000000,33411.000000
56697.000000,57873.000000,48909.000000,33426.000000
56726.000000,57879.000000,48983.000000,33440.000000
56704.000000,57898.000000,48978.000000,33435.000000
56710.000000,57906.000000,48974.000000,33429.000000
56755.000000,57929.000000,48984.000000,33449.000000
56728.000000,57904.000000,48960.000000,33445.000000
56723.000000,57903.000000,48964.000000,33452.000000
56738.000000,57920.000000,48982.000000,33471.000000
56712.000000,57916.000000,48969.000000,33450.000000
56738.000000,57897.000000,48970.000000,33453.000000
56724.000000,57894.000000,48973.000000,33423.000000
56727.000000,57930.000000,48987.000000,33469.000000
56755.000000,57911.000000,48989.000000,33454.000000
56734.000000,57888.000000,48954.000000,33451.000000
56721.000000,57893.000000,48988.000000,33441.000000
56723.000000,57915.000000,48954.000000,33455.000000
56736.000000,57899.000000,48986.000000,33445.000000
56727.000000,57951.000000,48974.000000,33445.000000
56721.000000,57917.000000,48979.000000,33449.000000
56716.000000,57902.000000,48957.000000,33431.000000
56715.000000,57917.000000,48967.000000,33430.000000
56714.000000,57914.000000,48958.000000,33439.000000
56708.000000,57875.000000,48966.000000,33433.000000
56700.000000,57888.000000,48937.000000,33419.000000
56705.000000,57854.000000,48933.000000,33439.000000
56693.000000,57897.000000,48919.000000,33412.000000
56703.000000,57898.000000,48937.000000,33430.000000
56704.000000,57907.000000,48962.000000,33451.000000
56714.000000,57871.000000,48952.000000,33446.000000
56690.000000,57905.000000,48956.000000,33427.000000
56680.000000,57883.000000,48930.000000,33443.000000
56679.000000,57920.000000,48961.000000,33442.000000
56699.000000,57859.000000,48933.000000,33445.000000
56689.000000,57911.000000,48958.000000,33423.000000
56709.000000,57892.000000,48944.000000,33418.000000
56700.000000,57883.000000,48917.000000,33426.000000
56686.000000,57897.000000,48942.000000,33423.000000
56682.000000,57884.000000,48931.000000,33415.000000
56675.000000,57872.000000,48935.000000,33423.000000
56727.000000,57867.000000,48934.000000,33416.000000
56703.000000,57906.000000,48924.000000,33412.000000
56702.000000,57837.000000,48931.000000,33416.000000
56693.000000,57887.000000,48921.000000,33427.000000
56671.000000,57845.000000,48900.000000,33407.000000
56654.000000,57844.000000,48919.000000,33385.000000
56653.000000,57858.000000,48923.000000,33407.000000
56630.000000,57838.000000,48925.000000,33403.000000
56669.000000,57836.000000,48892.000000,33401.000000
56645.000000,57863.000000,48914.000000,33416.000000
56651.000000,57829.000000,48892.000000,33404.000000
56648.000000,57829.000000,48864.000000,33407.000000
56655.000000,57822.000000,48877.000000,33385.000000
56637.000000,57830.000000,48897.000000,33398.000000
56631.000000,57839.000000,48916.000000,33393.000000
56653.000000,57809.000000,48857.000000,33386.000000
56619.000000,57838.000000,48871.000000,33424.000000
56606.000000,57827.000000,48855.000000,33406.000000
56632.000000,57817.000000,48857.000000,33407.000000
56607.000000,57803.000000,48847.000000,33419.000000
56596.000000,57811.000000,48843.000000,33389.000000
56604.000000,57820.000000,48841.000000,33384.000000
56601.000000,57782.000000,48847.000000,33389.000000
56612.000000,57800.000000,48854.000000,33360.000000
56590.000000,57793.000000,48822.000000,33379.000000
56626.000000,57794.000000,48843.000000,33366.000000
56605.000000,57793.000000,48840.000000,33376.000000
56576.000000,57793.000000,48822.000000,33359.000000
56559.000000,57790.000000,48804.000000,33367.000000
56603.000000,57782.000000,48819.000000,33374.000000
56563.000000,57798.000000,48815.000000,33385.000000
56589.000000,57748.000000,48821.000000,33359.000000
56564.000000,57799.000000,48823.000000,33355.000000
56593.000000,57793.000000,48770.000000,33340.000000
56562.000000,57768.000000,48818.000000,33355.000000
56563.000000,57739.000000,48776.000000,33339.000000
56560.000000,57760.000000,48763.000000,33335.000000
56535.000000,57744.000000,48764.000000,33356.000000
56534.000000,57725.000000,48761.000000,33332.000000
56545.000000,57740.000000,48761.000000,33364.000000
56530.000000,57713.000000,48737.000000,33333.000000
56522.000000,57683.000000,48751.000000,33333.000000
56515.000000,57731.000000,48754.000000,33323.000000
56515.000000,57736.000000,48755.000000,33314.000000
56485.000000,57696.000000,48749.000000,33316.000000
56521.000000,57736.000000,48722.000000,33291.000000
56504.000000,57685.000000,48772.000000,33313.000000
56524.000000,57695.000000,48711.000000,33306.000000
56468.000000,57710.000000,48734.000000,33302.000000
56495.000000,57718.000000,48726.000000,33330.000000
56471.000000,57701.000000,48716.000000,33300.000000
56464.000000,57688.000000,48712.000000,33292.000000
56482.000000,57669.000000,48705.000000,33279.000000
56492.000000,57653.000000,48692.000000,33302.000000
56471.000000,57680.000000,48712.000000,33300.000000
56469.000000,57717.000000,48701.000000,33290.000000
56486.000000,57665.000000,48682.000000,33320.000000
56470.000000,57673.000000,48720.000000,33286.000000
56478.000000,57681.000000,48704.000000,33320.000000
56471.000000,57694.000000,48676.000000,33314.000000
56463.000000,57715.000000,48704.000000,33302.000000
56464.000000,57629.000000,48692.000000,33300.000000
56481.000000,57643.000000,48686.000000,33295.000000
56437.000000,57665.000000,48638.000000,33260.000000
56393.000000,57621.000000,48628.000000,33283.000000
56376.000000,57641.000000,48632.000000,33273.000000
56362.000000,57593.000000,48605.000000,33260.000000
56398.000000,57563.000000,48609.000000,33241.000000
56353.000000,57565.000000,48562.000000,33234.000000
56352.000000,57564.000000,48575.000000,33235.000000
56307.000000,57574.000000,48559.000000,33202.000000
56318.000000,57552.000000,48558.000000,33221.000000
56307.000000,57560.000000,48533.000000,33223.000000
56295.000000,57552.000000,48500.000000,33206.000000
56276.000000,57498.000000,48492.000000,33202.000000
56275.000000,57554.000000,48514.000000,33239.000000
56290.000000,57522.000000,48521.000000,33191.000000
56290.000000,57527.000000,48501.000000,33196.000000
56244.000000,57522.000000,48525.000000,33196.000000
56287.000000,57535.000000,48520.000000,33232.000000
56260.000000,57539.000000,48498.000000,33203.000000
56261.000000,57521.000000,48520.000000,33195.000000
56293.000000,57515.000000,48523.000000,33208.000000
56298.000000,57559.000000,48518.000000,33199.000000
56294.000000,57509.000000,48511.000000,33198.000000
56305.000000,57533.000000,48526.000000,33232.000000
56297.000000,57532.000000,48520.000000,33223.000000
56278.000000,57507.000000,48511.000000,33200.000000
56295.000000,57526.000000,48528.000000,33191.000000
56298.000000,57525.000000,48529.000000,33237.000000
56281.000000,57507.000000,48535.000000,33236.000000
56286.000000,57569.000000,48558.000000,33245.000000
56268.000000,57545.000000,48519.000000,33237.000000
56304.000000,57528.000000,48550.000000,33231.000000
56328.000000,57553.000000,48591.000000,33229.000000
56323.000000,57596.000000,48562.000000,33262.000000
56326.000000,57586.000000,48597.000000,33226.000000
56327.000000,57571.000000,48589.000000,33249.000000
56358.000000,57589.000000,48595.000000,33267.000000
56375.000000,57581.000000,48596.000000,33252.000000
56376.000000,57588.000000,48620.000000,33263.000000
56358.000000,57611.000000,48637.000000,33285.000000
56393.000000,57596.000000,48629.000000,33262.000000
56397.000000,57640.000000,48675.000000,33281.000000
56449.000000,57660.000000,48692.000000,33290.000000
56444.000000,57707.000000,48693.000000,33299.000000
56509.000000,57710.000000,48755.000000,33327.000000
56545.000000,57710.000000,48765.000000,33344.000000
56553.000000,57761.000000,48818.000000,33363.000000
56588.000000,57774.000000,48827.000000,33390.000000
56614.000000,57777.000000,48862.000000,33378.000000
56619.000000,57822.000000,48907.000000,33410.000000
56652.000000,57830.000000,48898.000000,33423.000000
56659.000000,57841.000000,48938.000000,33402.000000
56688.000000,57861.000000,48942.000000,33428.000000
56660.000000,57865.000000,48950.000000,33418.000000
56697.000000,57859.000000,48934.000000,33399.000000
56663.000000,57838.000000,48949.000000,33412.000000
56685.000000,57878.000000,48942.000000,33434.000000
56668.000000,57889.000000,48952.000000,33456.000000
56674.000000,57885.000000,48914.000000,33426.000000
56682.000000,57839.000000,48964.000000,33453.000000
56659.000000,57871.000000,48924.000000,33449.000000
56693.000000,57838.000000,48933.000000,33434.000000
56679.000000,57856.000000,48980.000000,33455.000000
56672.000000,57875.000000,48952.000000,33437.000000
56685.000000,57848.000000,48954.000000,33445.000000
56671.000000,57863.000000,48936.000000,33451.000000
56675.000000,57862.000000,48938.000000,33427.000000
56669.000000,57891.000000,48969.000000,33433.000000
56685.000000,57854.000000,48934.000000,33450.000000
56677.000000,57875.000000,48926.000000,33419.000000
56671.000000,57840.000000,48942.000000,33428.000000
56662.000000,57867.000000,48936.000000,33432.000000
56682.000000,57877.000000,48952.000000,33413.000000
56632.000000,57845.000000,48931.000000,33398.000000
56636.000000,57827.000000,48927.000000,33405.000000
56672.000000,57850.000000,48916.000000,33421.000000
56667.000000,57872.000000,48903.000000,33418.000000
56636.000000,57831.000000,48906.000000,33440.000000
56658.000000,57842.000000,48909.000000,33419.000000
56651.000000,57847.000000,48921.000000,33440.000000
56663.000000,57841.000000,48913.000000,33422.000000
56641.000000,57859.000000,48897.000000,33419.000000
56623.000000,57827.000000,48909.000000,33382.000000
56641.000000,57839.000000,48911.000000,33392.000000
56660.000000,57852.000000,48926.000000,33397.000000
56641.000000,57849.000000,48911.000000,33384.000000
56658.000000,57849.000000,48921.000000,33412.000000
56655.000000,57852.000000,48876.000000,33440.000000
56648.000000,57849.000000,48909.000000,33392.000000
56614.000000,57844.000000,48900.000000,33387.000000
56632.000000,57864.000000,48920.000000,33410.000000
56630.000000,57833.000000,48919.000000,33415.000000
56631.000000,57849.000000,48926.000000,33406.000000
56618.000000,57836.000000,48898.000000,33416.000000
56650.000000,57837.000000,48899.000000,33398.000000
56613.000000,57818.000000,48877.000000,33390.000000
56622.000000,57808.000000,48897.000000,33397.000000
56645.000000,57838.000000,48874.000000,33378.000000
56620.000000,57822.000000,48905.000000,33373.000000
56594.000000,57831.000000,48895.000000,33408.000000
56649.000000,57854.000000,48896.000000,33378.000000
56633.000000,57851.000000,48917.000000,33422.000000
56615.000000,57806.000000,48881.000000,33402.000000
56638.000000,57815.000000,48891.000000,33415.000000
56604.000000,57828.000000,48904.000000,33418.000000
56601.000000,57825.000000,48854.000000,33389.000000
56604.000000,57814.000000,48866.000000,33388.000000
56603.000000,57850.000000,48865.000000,33414.000000
56591.000000,57847.000000,48904.000000,33385.000000
56618.000000,57822.000000,48874.000000,33374.000000
56626.000000,57839.000000,48889.000000,33412.000000
56612.000000,57822.000000,48872.000000,33397.000000
56595.000000,57818.000000,48884.000000,33392.000000
56598.000000,57800.000000,48834.000000,33388.000000
56622.000000,57823.000000,48875.000000,33389.000000
56589.000000,57814.000000,48862.000000,33372.000000
56608.000000,57810.000000,48874.000000,33413.000000
56565.000000,57800.000000,48866.000000,33398.000000
56600.000000,57825.000000,48856.000000,33387.000000
56581.000000,57851.000000,48851.000000,33408.000000
56580.000000,57821.000000,48858.000000,33357.000000
56573.000000,57804.000000,48855.000000,33377.000000
56593.000000,57806.000000,48841.000000,33394.000000
56539.000000,57785.000000,48819.000000,33400.000000
56569.000000,57797.000000,48844.000000,33371.000000
56537.000000,57770.000000,48831.000000,33377.000000
56568.000000,57772.000000,48824.000000,33361.000000
56535.000000,57777.000000,48823.000000,33364.000000
56545.000000,57778.000000,48834.000000,33341.000000
56555.000000,57758.000000,48785.000000,33381.000000
56507.000000,57740.000000,48778.000000,33365.000000
56555.000000,57730.000000,48777.000000,33349.000000
56544.000000,57762.000000,48818.000000,33344.000000
56523.000000,57764.000000,48757.000000,33345.000000
56527.000000,57730.000000,48786.000000,33331.000000
56509.000000,57756.000000,48763.000000,33350.000000
56502.000000,57737.000000,48779.000000,33359.000000
56513.000000,57732.000000,48777.000000,33323.000000
56520.000000,57752.000000,48761.000000,33331.000000
56504.000000,57742.000000,48774.000000,33337.000000
56506.000000,57711.000000,48752.000000,33337.000000
56491.000000,57726.000000,48776.000000,33354.000000
56485.000000,57733.000000,48740.000000,33334.000000
56488.000000,57721.000000,48765.000000,33352.000000
56480.000000,57706.000000,48766.000000,33332.000000
56487.000000,57729.000000,48734.000000,33318.000000
56528.000000,57744.000000,48775.000000,33309.000000
56491.000000,57699.000000,48728.000000,33298.000000
56504.000000,57729.000000,48764.000000,33352.000000
56522.000000,57723.000000,48770.000000,33342.000000
56491.000000,57693.000000,48736.000000,33329.000000
56457.000000,57719.000000,48766.000000,33348.000000
56470.000000,57729.000000,48740.000000,33327.000000
56455.000000,57720.000000,48723.000000,33323.000000
56446.000000,57723.000000,48726.000000,33339.000000
56440.000000,57699.000000,48695.000000,33309.000000
56441.000000,57688.000000,48684.000000,33293.000000
56407.000000,57679.000000,48697.000000,33301.000000
56454.000000,57660.000000,48638.000000,33283.000000
56396.000000,57656.000000,48642.000000,33306.000000
56375.000000,57643.000000,48625.000000,33282.000000
56361.000000,57628.000000,48606.000000,33245.000000
56337.000000,57625.000000,48606.000000,33262.000000
56324.000000,57586.000000,48596.000000,33268.000000
56314.000000,57573.000000,48591.000000,33240.000000
56316.000000,57582.000000,48588.000000,33245.000000
56290.000000,57593.000000,48588.000000,33260.000000
56296.000000,57561.000000,48548.000000,33263.000000
56299.000000,57560.000000,48581.000000,33252.000000
56295.000000,57578.000000,48580.000000,33248.000000
56283.000000,57569.000000,48549.000000,33244.000000
56299.000000,57579.000000,48593.000000,33240.000000
56312.000000,57590.000000,48584.000000,33229.000000
56299.000000,57576.000000,48580.000000,33241.000000
56295.000000,57582.000000,48571.000000,33217.000000
56305.000000,57579.000000,48588.000000,33242.000000
56311.000000,57596.000000,48538.000000,33264.000000
56311.000000,57576.000000,48576.000000,33250.000000
56280.000000,57582.000000,48547.000000,33260.000000
56291.000000,57585.000000,48579.000000,33241.000000
56318.000000,57568.000000,48557.000000,33239.000000
56336.000000,57574.000000,48583.000000,33244.000000
56336.000000,57578.000000,48607.000000,33268.000000
56333.000000,57594.000000,48630.000000,33258.000000
56326.000000,57585.000000,48572.000000,33250.000000
56337.000000,57620.000000,48611.000000,33244.000000
56338.000000,57592.000000,48603.000000,33266.000000
56374.000000,57598.000000,48616.000000,33264.000000
56353.000000,57592.000000,48605.000000,33243.000000
56335.000000,57593.000000,48655.000000,33264.000000
56320.000000,57629.000000,48615.000000,33255.000000
56331.000000,57643.000000,48614.000000,33268.000000
56385.000000,57621.000000,48645.000000,33290.000000
56392.000000,57640.000000,48651.000000,33284.000000
56412.000000,57658.000000,48677.000000,33276.000000
56387.000000,57648.000000,48665.000000,33320.000000
56425.000000,57690.000000,48709.000000,33301.000000
56460.000000,57711.000000,48721.000000,33345.000000
56553.000000,57765.000000,48819.000000,33368.000000
56542.000000,57787.000000,48860.000000,33366.000000
56580.000000,57819.000000,48875.000000,33387.000000
56609.000000,57812.000000,48887.000000,33402.000000
56659.000000,57869.000000,48951.000000,33435.000000
56643.000000,57874.000000,48931.000000,33441.000000
56673.000000,57897.000000,48954.000000,33466.000000
56657.000000,57915.000000,48977.000000,33441.000000
56670.000000,57910.000000,48987.000000,33440.000000
56692.000000,57904.000000,48984.000000,33452.000000
56676.000000,57906.000000,48986.000000,33447.000000
56702.000000,57889.000000,48980.000000,33473.000000
56738.000000,57892.000000,48990.000000,33442.000000
56705.000000,57905.000000,48994.000000,33432.000000
56709.000000,57919.000000,48999.000000,33462.000000
56706.000000,57906.000000,48988.000000,33420.000000
56697.000000,57921.000000,48968.000000,33461.000000
56691.000000,57906.000000,48985.000000,33473.000000
56673.000000,57911.000000,49005.000000,33480.000000
56711.000000,57924.000000,48977.000000,33445.000000
56694.000000,57907.000000,49022.000000,33452.000000
56702.000000,57903.000000,48963.000000,33437.000000
56693.000000,57926.000000,48983.000000,33445.000000
56720.000000,57876.000000,48978.000000,33442.000000
56679.000000,57941.000000,49033.000000,33481.000000
56701.000000,57917.000000,48994.000000,33460.000000
56675.000000,57894.000000,48997.000000,33443.000000
56683.000000,57894.000000,48976.000000,33464.000000
56683.000000,57935.000000,48967.000000,33470.000000
56677.000000,57881.000000,48968.000000,33438.000000
56709.000000,57915.000000,48981.000000,33474.000000
56665.000000,57894.000000,48974.000000,33448.000000
56685.000000,57880.000000,48970.000000,33449.000000
56676.000000,57919.000000,48978.000000,33439.000000
56650.000000,57905.000000,48951.000000,33441.000000
56694.000000,57881.000000,48962.000000,33442.000000
56678.000000,57888.000000,48965.000000,33433.000000
56639.000000,57919.000000,48963.000000,33462.000000
56668.000000,57906.000000,48950.000000,33454.000000
56688.000000,57897.000000,48957.000000,33439.000000
56675.000000,57903.000000,48958.000000,33434.000000
56675.000000,57888.000000,48975.000000,33441.000000
56654.000000,57845.000000,48940.000000,33427.000000
56633.000000,57879.000000,48961.000000,33436.000000
56644.000000,57913.000000,48942.000000,33429.000000
56672.000000,57881.000000,48951.000000,33429.000000
56655.000000,57883.000000,48941.000000,33433.000000
56648.000000,57904.000000,48951.000000,33458.000000
56674.000000,57870.000000,48948.000000,33453.000000
56644.000000,57877.000000,48932.000000,33422.000000
56652.000000,57884.000000,48958.000000,33423.000000
56625.000000,57908.000000,48919.000000,33417.000000
56653.000000,57866.000000,48925.000000,33428.000000
56658.000000,57886.000000,48932.000000,33420.000000
56674.000000,57882.000000,48951.000000,33438.000000
56624.000000,57847.000000,48924.000000,33432.000000
56629.000000,57880.000000,48941.000000,33450.000000
56652.000000,57855.000000,48904.000000,33422.000000
56648.000000,57867.000000,48924.000000,33420.000000
56625.000000,57852.000000,48915.000000,33422.000000
56624.000000,57844.000000,48900.000000,33419.000000
56632.000000,57852.000000,48917.000000,33414.000000
56631.000000,57872.000000,48914.000000,33451.000000
56621.000000,57864.000000,48889.000000,33436.000000
56608.000000,57823.000000,48897.000000,33394.000000
56596.000000,57811.000000,48906.000000,33414.000000
56596.000000,57829.000000,48874.000000,33414.000000
56586.000000,57861.000000,48886.000000,33396.000000
56592.000000,57829.000000,48858.000000,33404.000000
56618.000000,57820.000000,48855.000000,33409.000000
56597.000000,57841.000000,48869.000000,33404.000000
56570.000000,57831.000000,48876.000000,33411.000000
56623.000000,57848.000000,48832.000000,33414.000000
56565.000000,57828.000000,48868.000000,33360.000000
56587.000000,57797.000000,48878.000000,33380.000000
56598.000000,57829.000000,48846.000000,33396.000000
56614.000000,57827.000000,48875.000000,33388.000000
56581.000000,57826.000000,48858.000000,33416.000000
56588.000000,57800.000000,48880.000000,33400.000000
56591.000000,57803.000000,48870.000000,33395.000000
56568.000000,57807.000000,48880.000000,33405.000000
56587.000000,57824.000000,48871.000000,33382.000000
56582.000000,57848.000000,48868.000000,33420.000000
56574.000000,57818.000000,48856.000000,33386.000000
56575.000000,57811.000000,48843.000000,33396.000000
56568.000000,57807.000000,48850.000000,33399.000000
56597.000000,57785.000000,48869.000000,33400.000000
56544.000000,57834.000000,48836.000000,33415.000000
56568.000000,57798.000000,48850.000000,33393.000000
56549.000000,57812.000000,48824.000000,33384.000000
56530.000000,57810.000000,48837.000000,33382.000000
56539.000000,57791.000000,48828.000000,33342.000000
56539.000000,57758.000000,48817.000000,33351.000000
56564.000000,57781.000000,48830.000000,33379.000000
56523.000000,57760.000000,48788.000000,33361.000000
56512.000000,57783.000000,48800.000000,33367.000000
56534.000000,57787.000000,48810.000000,33348.000000
56489.000000,57771.000000,48801.000000,33343.000000
56536.000000,57745.000000,48799.000000,33342.000000
56515.000000,57763.000000,48801.000000,33354.000000
56513.000000,57749.000000,48789.000000,33367.000000
56537.000000,57808.000000,48788.000000,33347.000000
56522.000000,57764.000000,48799.000000,33356.000000
56507.000000,57749.000000,48791.000000,33348.000000
56523.000000,57787.000000,48808.000000,33367.000000
56487.000000,57708.000000,48803.000000,33366.000000
56507.000000,57779.000000,48809.000000,33398.000000
56504.000000,57764.000000,48777.000000,33367.000000
56518.000000,57772.000000,48803.000000,33365.000000
56513.000000,57762.000000,48814.000000,33376.000000
56487.000000,57753.000000,48761.000000,33352.000000
56468.000000,57762.000000,48791.000000,33332.000000
56474.000000,57720.000000,48749.000000,33316.000000
56465.000000,57734.000000,48732.000000,33334.000000
56445.000000,57715.000000,48735.000000,33315.000000
56439.000000,57735.000000,48723.000000,33309.000000
56415.000000,57699.000000,48693.000000,33313.000000
56393.000000,57677.000000,48691.000000,33319.000000
56396.000000,57671.000000,48684.000000,33301.000000
56389.000000,57664.000000,48650.000000,33279.000000
56395.000000,57653.000000,48685.000000,33262.000000
56367.000000,57678.000000,48658.000000,33293.000000
56356.000000,57632.000000,48623.000000,33258.000000
56367.000000,57635.000000,48622.000000,33277.000000
56338.000000,57638.000000,48606.000000,33276.000000
56357.000000,57642.000000,48623.000000,33274.000000
56345.000000,57687.000000,48627.000000,33293.000000
56337.000000,57605.000000,48615.000000,33291.000000
56330.000000,57624.000000,48632.000000,33281.000000
56356.000000,57623.000000,48644.000000,33274.000000
56336.000000,57636.000000,48648.000000,33313.000000
56337.000000,57606.000000,48627.000000,33290.000000
56341.000000,57641.000000,48606.000000,33293.000000
56369.000000,57628.000000,48639.000000,33289.000000
56325.000000,57629.000000,48614.000000,33264.000000
56356.000000,57636.000000,48659.000000,33302.000000
56314.000000,57636.000000,48654.000000,33295.000000
56358.000000,57645.000000,48640.000000,33295.000000
56366.000000,57659.000000,48647.000000,33283.000000
56339.000000,57623.000000,48652.000000,33295.000000
56371.000000,57634.000000,48686.000000,33315.000000
56367.000000,57645.000000,48644.000000,33289.000000
56385.000000,57653.000000,48661.000000,33309.000000
56375.000000,57654.000000,48669.000000,33291.000000
56397.000000,57684.000000,48686.000000,33314.000000
56390.000000,57671.000000,48708.000000,33308.000000
56391.000000,57674.000000,48687.000000,33304.000000
56401.000000,57677.000000,48705.000000,33327.000000
56409.000000,57682.000000,48714.000000,33318.000000
56416.000000,57705.000000,48723.000000,33347.000000
56384.000000,57731.000000,48737.000000,33322.000000
56441.000000,57703.000000,48762.000000,33346.000000
56444.000000,57735.000000,48757.000000,33336.000000
56493.000000,57742.000000,48799.000000,33339.000000
56527.000000,57784.000000,48815.000000,33394.000000
56527.000000,57807.000000,48830.000000,33377.000000
56565.000000,57802.000000,48866.000000,33384.000000
56577.000000,57860.000000,48896.000000,33416.000000
56625.000000,57861.000000,48930.000000,33442.000000
56614.000000,57886.000000,48937.000000,33404.000000
56657.000000,57884.000000,48973.000000,33455.000000
56659.000000,57892.000000,48962.000000,33438.000000
56688.000000,57934.000000,49033.000000,33467.000000
56682.000000,57969.000000,49012.000000,33470.000000
56662.000000,57966.000000,49025.000000,33460.000000
56712.000000,57960.000000,49062.000000,33499.000000
56713.000000,57976.000000,49089.000000,33504.000000
56719.000000,57963.000000,49034.000000,33476.000000
56723.000000,58000.000000,49047.000000,33486.000000
56726.000000,57977.000000,49063.000000,33517.000000
56716.000000,57954.000000,49041.000000,33468.000000
56692.000000,57951.000000,49051.000000,33483.000000
56690.000000,57940.000000,49050.000000,33481.000000
56734.000000,57955.000000,49032.000000,33513.000000
56709.000000,57975.000000,49034.000000,33487.000000
56727.000000,57953.000000,49056.000000,33463.000000
56743.000000,57968.000000,49052.000000,33488.000000
56731.000000,57997.000000,49049.000000,33467.000000
56698.000000,57975.000000,49043.000000,33508.000000
56724.000000,57980.000000,49067.000000,33471.000000
56731.000000,57987.000000,49045.000000,33478.000000
56696.000000,57964.000000,49035.000000,33502.000000
56737.000000,57941.000000,49012.000000,33485.000000
56712.000000,57967.000000,49056.000000,33481.000000
56714.000000,57938.000000,49013.000000,33478.000000
56688.000000,57942.000000,49031.000000,33480.000000
56696.000000,57975.000000,49040.000000,33462.000000
56718.000000,57962.000000,49063.000000,33488.000000
56698.000000,57959.000000,49038.000000,33513.000000
56675.000000,57947.000000,49027.000000,33486.000000
56687.000000,57968.000000,49019.000000,33479.000000
56682.000000,57911.000000,49019.000000,33498.000000
56708.000000,57955.000000,49029.000000,33478.000000
56704.000000,57903.000000,49029.000000,33468.000000
56683.000000,57945.000000,48995.000000,33496.000000
56686.000000,57945.000000,49017.000000,33460.000000
56684.000000,57912.000000,48996.000000,33446.000000
56688.000000,57942.000000,48991.000000,33445.000000
56686.000000,57926.000000,48989.000000,33443.000000
56693.000000,57919.000000,49005.000000,33445.000000
56689.000000,57931.000000,48974.000000,33469.000000
56683.000000,57941.000000,48996.000000,33454.000000
56672.000000,57928.000000,48985.000000,33477.000000
56640.000000,57918.000000,48982.000000,33437.000000
56668.000000,57954.000000,49000.000000,33461.000000
56645.000000,57924.000000,48978.000000,33458.000000
56657.000000,57910.000000,48961.000000,33442.000000
56677.000000,57943.000000,49001.000000,33466.000000
56655.000000,57928.000000,48999.000000,33462.000000
56671.000000,57924.000000,48985.000000,33460.000000
56652.000000,57921.000000,48965.000000,33449.000000
56640.000000,57925.000000,48962.000000,33440.000000
56663.000000,57894.000000,48963.000000,33443.000000
56646.000000,57913.000000,48986.000000,33433.000000
56658.000000,57872.000000,48958.000000,33444.000000
56644.000000,57893.000000,48987.000000,33437.000000
56649.000000,57903.000000,48943.000000,33440.000000
56622.000000,57918.000000,48963.000000,33443.000000
56653.000000,57872.000000,48982.000000,33455.000000
56643.000000,57913.000000,48975.000000,33446.000000
56614.000000,57893.000000,48950.000000,33430.000000
56641.000000,57884.000000,48955.000000,33422.000000
56648.000000,57909.000000,48937.000000,33444.000000
56600.000000,57872.000000,48935.000000,33432.000000
56603.000000,57874.000000,48950.000000,33437.000000
56633.000000,57904.000000,48930.000000,33440.000000
56614.000000,57900.000000,48949.000000,33429.000000
56606.000000,57896.000000,48951.000000,33451.000000
56609.000000,57865.000000,48945.000000,33444.000000
56622.000000,57869.000000,48913.000000,33449.000000
56600.000000,57849.000000,48918.000000,33412.000000
56601.000000,57881.000000,48936.000000,33428.000000
56590.000000,57877.000000,48917.000000,33436.000000
56625.000000,57882.000000,48936.000000,33432.000000
56614.000000,57883.000000,48913.000000,33398.000000
56600.000000,57879.000000,48897.000000,33417.000000
56593.000000,57876.000000,48944.000000,33427.000000
56598.000000,57858.000000,48902.000000,33421.000000
56583.000000,57851.000000,48893.000000,33425.000000
56601.000000,57863.000000,48936.000000,33410.000000
56570.000000,57876.000000,48892.000000,33448.000000
56601.000000,57872.000000,48870.000000,33402.000000
56563.000000,57828.000000,48940.000000,33425.000000
56562.000000,57856.000000,48902.000000,33415.000000
56567.000000,57847.000000,48878.000000,33401.000000
56548.000000,57843.000000,48852.000000,33391.000000
56570.000000,57846.000000,48881.000000,33407.000000
56584.000000,57822.000000,48883.000000,33385.000000
56546.000000,57819.000000,48874.000000,33418.000000
56545.000000,57834.000000,48844.000000,33383.000000
56547.000000,57865.000000,48866.000000,33383.000000
56523.000000,57815.000000,48862.000000,33392.000000
56536.000000,57821.000000,48837.000000,33402.000000
56553.000000,57851.000000,48873.000000,33395.000000
56527.000000,57820.000000,48859.000000,33402.000000
56538.000000,57832.000000,48841.000000,33377.000000
56528.000000,57829.000000,48851.000000,33382.000000
56539.000000,57818.000000,48848.000000,33392.000000
56550.000000,57819.000000,48868.000000,33366.000000
56528.000000,57802.000000,48868.000000,33396.000000
56552.000000,57825.000000,48847.000000,33368.000000
56531.000000,57824.000000,48851.000000,33356.000000
56522.000000,57809.000000,48848.000000,33358.000000
56530.000000,57809.000000,48854.000000,33358.000000
56514.000000,57820.000000,48807.000000,33355.000000
56509.000000,57799.000000,48785.000000,33347.000000
56495.000000,57783.000000,48790.000000,33343.000000
56485.000000,57802.000000,48818.000000,33400.000000
56468.000000,57754.000000,48779.000000,33347.000000
56425.000000,57780.000000,48807.000000,33351.000000
56437.000000,57751.000000,48741.000000,33338.000000
56418.000000,57759.000000,48713.000000,33353.000000
56409.000000,57725.000000,48752.000000,33324.000000
56383.000000,57732.000000,48720.000000,33327.000000
56382.000000,57721.000000,48722.000000,33324.000000
56396.000000,57705.000000,48702.000000,33311.000000
56359.000000,57725.000000,48709.000000,33303.000000
56417.000000,57711.000000,48700.000000,33339.000000
56382.000000,57695.000000,48702.000000,33313.000000
56348.000000,57667.000000,48706.000000,33302.000000
56386.000000,57665.000000,48707.000000,33297.000000
56369.000000,57679.000000,48672.000000,33304.000000
56363.000000,57672.000000,48723.000000,33272.000000
56349.000000,57717.000000,48652.000000,33314.000000
56375.000000,57685.000000,48685.000000,33294.000000
56357.000000,57692.000000,48698.000000,33306.000000
56360.000000,57697.000000,48715.000000,33328.000000
56329.000000,57681.000000,48672.000000,33317.000000
56353.000000,57729.000000,48722.000000,33335.000000
56388.000000,57724.000000,48714.000000,33329.000000
56400.000000,57701.000000,48724.000000,33316.000000
56427.000000,57696.000000,48729.000000,33324.000000
56422.000000,57717.000000,48760.000000,33345.000000
56405.000000,57743.000000,48720.000000,33346.000000
56413.000000,57732.000000,48744.000000,33315.000000
56396.000000,57740.000000,48743.000000,33349.000000
56386.000000,57732.000000,48729.000000,33312.000000
56388.000000,57733.000000,48741.000000,33340.000000
56395.000000,57714.000000,48728.000000,33333.000000
56409.000000,57741.000000,48755.000000,33330.000000
56427.000000,57735.000000,48751.000000,33331.000000
56423.000000,57728.000000,48753.000000,33323.000000
56400.000000,57729.000000,48787.000000,33352.000000
56446.000000,57733.000000,48782.000000,33337.000000
56477.000000,57760.000000,48825.000000,33373.000000
56455.000000,57766.000000,48789.000000,33364.000000
56485.000000,57791.000000,48811.000000,33357.000000
56477.000000,57782.000000,48837.000000,33379.000000
56519.000000,57816.000000,48869.000000,33383.000000
56551.000000,57853.000000,48886.000000,33432.000000
56556.000000,57864.000000,48911.000000,33409.000000
56628.000000,57884.000000,48941.000000,33427.000000
56613.000000,57923.000000,48960.000000,33459.000000
56662.000000,57907.000000,48969.000000,33479.000000
56692.000000,57945.000000,49013.000000,33472.000000
56713.000000,57995.000000,49077.000000,33522.000000
56757.000000,58028.000000,49102.000000,33560.000000
56726.000000,58018.000000,49094.000000,33505.000000
56773.000000,58032.000000,49104.000000,33509.000000
56742.000000,58027.000000,49144.000000,33551.000000
56764.000000,58046.000000,49153.000000,33543.000000
56751.000000,58056.000000,49142.000000,33521.000000
56771.000000,58028.000000,49119.000000,33552.000000
56749.000000,58051.000000,49145.000000,33542.000000
56745.000000,58035.000000,49119.000000,33532.000000
56763.000000,57995.000000,49107.000000,33497.000000
56750.000000,58035.000000,49112.000000,33541.000000
56725.000000,58040.000000,49110.000000,33505.000000
56753.000000,58019.000000,49113.000000,33514.000000
56734.000000,58004.000000,49110.000000,33500.000000
56747.000000,58018.000000,49086.000000,33529.000000
56731.000000,58010.000000,49117.000000,33535.000000
56760.000000,58014.000000,49103.000000,33505.000000
56716.000000,58000.000000,49077.000000,33512.000000
56709.000000,58022.000000,49090.000000,33546.000000
56708.000000,57994.000000,49115.000000,33513.000000
56722.000000,58019.000000,49068.000000,33489.000000
56721.000000,58019.000000,49086.000000,33507.000000
56706.000000,58001.000000,49065.000000,33513.000000
56722.000000,57982.000000,49074.000000,33500.000000
56737.000000,57983.000000,49074.000000,33499.000000
56721.000000,58017.000000,49070.000000,33504.000000
56711.000000,58016.000000,49089.000000,33501.000000
56706.000000,58000.000000,49074.000000,33497.000000
56699.000000,58006.000000,49092.000000,33513.000000
56692.000000,57994.000000,49076.000000,33489.000000
56712.000000,57998.000000,49068.000000,33496.000000
56713.000000,57985.000000,49063.000000,33477.000000
56681.000000,57991.000000,49071.000000,33481.000000
56667.000000,57965.000000,49051.000000,33469.000000
56699.000000,57970.000000,49046.000000,33478.000000
56662.000000,57970.000000,49043.000000,33514.000000
56685.000000,57998.000000,49037.000000,33477.000000
56671.000000,57960.000000,49030.000000,33498.000000
56678.000000,57959.000000,49052.000000,33475.000000
56705.000000,57965.000000,49060.000000,33472.000000
56680.000000,57974.000000,49033.000000,33468.000000
56671.000000,57957.000000,49015.000000,33497.000000
56657.000000,57957.000000,49030.000000,33504.000000
56661.000000,57929.000000,49017.000000,33480.000000
56688.000000,57940.000000,49031.000000,33484.000000
56660.000000,57968.000000,49044.000000,33466.000000
56650.000000,57949.000000,49015.000000,33490.000000
56671.000000,57969.000000,49030.000000,33500.000000
56678.000000,57933.000000,49028.000000,33486.000000
56662.000000,57948.000000,49038.000000,33479.000000
56630.000000,57928.000000,49013.000000,33480.000000
56660.000000,57943.000000,48978.000000,33462.000000
56652.000000,57944.000000,49003.000000,33495.000000
56646.000000,57957.000000,49021.000000,33485.000000
56663.000000,57940.000000,49011.000000,33473.000000
56632.000000,57931.000000,49003.000000,33449.000000
56658.000000,57922.000000,48995.000000,33465.000000
56624.000000,57949.000000,48991.000000,33468.000000
56619.000000,57931.000000,48981.000000,33429.000000
56643.000000,57911.000000,48979.000000,33479.000000
56604.000000,57931.000000,49017.000000,33430.000000
56615.000000,57929.000000,48994.000000,33482.000000
56639.000000,57936.000000,48972.000000,33458.000000
56613.000000,57884.000000,48957.000000,33439.000000
56589.000000,57889.000000,48974.000000,33433.000000
56635.000000,57898.000000,48982.000000,33433.000000
56599.000000,57889.000000,48973.000000,33470.000000
56601.000000,57897.000000,48961.000000,33426.000000
56574.000000,57884.000000,48978.000000,33407.000000
56591.000000,57905.000000,48953.000000,33424.000000
56592.000000,57900.000000,48937.000000,33446.000000
56592.000000,57870.000000,48968.000000,33434.000000
56574.000000,57877.000000,48951.000000,33419.000000
56599.000000,57892.000000,48942.000000,33462.000000
56563.000000,57871.000000,48923.000000,33434.000000
56559.000000,57884.000000,48947.000000,33406.000000
56572.000000,57876.000000,48934.000000,33418.000000
56581.000000,57881.000000,48925.000000,33412.000000
56563.000000,57878.000000,48920.000000,33418.000000
56542.000000,57841.000000,48930.000000,33428.000000
56571.000000,57865.000000,48912.000000,33446.000000
56543.000000,57842.000000,48934.000000,33434.000000
56579.000000,57847.000000,48909.000000,33406.000000
56575.000000,57854.000000,48913.000000,33427.000000
56560.000000,57884.000000,48905.000000,33410.000000
56561.000000,57859.000000,48907.000000,33411.000000
56539.000000,57851.000000,48902.000000,33417.000000
56556.000000,57843.000000,48900.000000,33414.000000
56555.000000,57853.000000,48927.000000,33438.000000
56533.000000,57857.000000,48869.000000,33411.000000
56510.000000,57827.000000,48860.000000,33386.000000
56534.000000,57810.000000,48886.000000,33421.000000
56498.000000,57819.000000,48883.000000,33395.000000
56532.000000,57836.000000,48881.000000,33411.000000
56517.000000,57814.000000,48865.000000,33400.000000
56502.000000,57836.000000,48890.000000,33410.000000
56552.000000,57852.000000,48863.000000,33399.000000
56492.000000,57809.000000,48894.000000,33400.000000
56519.000000,57800.000000,48876.000000,33403.000000
56549.000000,57806.000000,48885.000000,33389.000000
56516.000000,57840.000000,48884.000000,33384.000000
56527.000000,57830.000000,48881.000000,33401.000000
56498.000000,57811.000000,48873.000000,33396.000000
56478.000000,57812.000000,48846.000000,33403.000000
56491.000000,57819.000000,48840.000000,33381.000000
56489.000000,57776.000000,48831.000000,33379.000000
56477.000000,57782.000000,48840.000000,33373.000000
56432.000000,57802.000000,48810.000000,33369.000000
56462.000000,57784.000000,48783.000000,33350.000000
56435.000000,57762.000000,48800.000000,33362.000000
56425.000000,57755.000000,48796.000000,33343.000000
56418.000000,57734.000000,48767.000000,33332.000000
56407.000000,57699.000000,48724.000000,33345.000000
56368.000000,57750.000000,48726.000000,33316.000000
56353.000000,57719.000000,48721.000000,33348.000000
56368.000000,57691.000000,48718.000000,33298.000000
56353.000000,57673.000000,48708.000000,33329.000000
56358.000000,57703.000000,48706.000000,33339.000000
56359.000000,57703.000000,48707.000000,33317.000000
56339.000000,57709.000000,48713.000000,33300.000000
56344.000000,57717.000000,48724.000000,33326.000000
56341.000000,57694.000000,48709.000000,33338.000000
56359.000000,57676.000000,48720.000000,33305.000000
56357.000000,57715.000000,48693.000000,33326.000000
56363.000000,57713.000000,48707.000000,33303.000000
56344.000000,57696.000000,48704.000000,33332.000000
56372.000000,57701.000000,48720.000000,33331.000000
56349.000000,57706.000000,48696.000000,33325.000000
56375.000000,57704.000000,48730.000000,33325.000000
56350.000000,57710.000000,48702.000000,33352.000000
56360.000000,57716.000000,48710.000000,33326.000000
56400.000000,57722.000000,48743.000000,33329.000000
56378.000000,57732.000000,48749.000000,33318.000000
56387.000000,57722.000000,48772.000000,33343.000000
56373.000000,57730.000000,48725.000000,33323.000000
56387.000000,57753.000000,48739.000000,33366.000000
56393.000000,57738.000000,48769.000000,33365.000000
56391.000000,57757.000000,48774.000000,33357.000000
56413.000000,57753.000000,48791.000000,33341.000000
56420.000000,57760.000000,48826.000000,33335.000000
56458.000000,57786.000000,48796.000000,33388.000000
56455.000000,57780.000000,48796.000000,33371.000000
56404.000000,57753.000000,48808.000000,33365.000000
56453.000000,57783.000000,48804.000000,33364.000000
56469.000000,57793.000000,48834.000000,33365.000000
56451.000000,57773.000000,48828.000000,33369.000000
56488.000000,57822.000000,48881.000000,33385.000000
56495.000000,57832.000000,48892.000000,33377.000000
56525.000000,57839.000000,48887.000000,33421.000000
56542.000000,57872.000000,48915.000000,33433.000000
56573.000000,57899.000000,48947.000000,33443.000000
56625.000000,57908.000000,48986.000000,33457.000000
56655.000000,57956.000000,49011.000000,33464.000000
56663.000000,57938.000000,49034.000000,33485.000000
56687.000000,57976.000000,49055.000000,33472.000000
56714.000000,58000.000000,49099.000000,33520.000000
56715.000000,58038.000000,49133.000000,33514.000000
56703.000000,58024.000000,49103.000000,33526.000000
56747.000000,58080.000000,49117.000000,33507.000000
56761.000000,58038.000000,49167.000000,33532.000000
56736.000000,58058.000000,49161.000000,33542.000000
56752.000000,58070.000000,49156.000000,33549.000000
56734.000000,58013.000000,49146.000000,33525.000000
56759.000000,58052.000000,49147.000000,33544.000000
56793.000000,58075.000000,49151.000000,33545.000000
56753.000000,58047.000000,49160.000000,33530.000000
56752.000000,58072.000000,49169.000000,33541.000000
56742.000000,58033.000000,49132.000000,33544.000000
56729.000000,58032.000000,49161.000000,33534.000000
56768.000000,58038.000000,49140.000000,33523.000000
56756.000000,58087.000000,49162.000000,33531.000000
56746.000000,58056.000000,49138.000000,33519.000000
56731.000000,58031.000000,49132.000000,33526.000000
56766.000000,58049.000000,49165.000000,33564.000000
56737.000000,58042.000000,49156.000000,33503.000000
56726.000000,58048.000000,49147.000000,33540.000000
56733.000000,58071.000000,49148.000000,33545.000000
56740.000000,58040.000000,49127.000000,33546.000000
56749.000000,58061.000000,49111.000000,33537.000000
56727.000000,58045.000000,49136.000000,33537.000000
56725.000000,58043.000000,49114.000000,33525.000000
56771.000000,58069.000000,49156.000000,33525.000000
56729.000000,58060.000000,49106.000000,33517.000000
56744.000000,58028.000000,49121.000000,33518.000000
56730.000000,58042.000000,49119.000000,33523.000000
56713.000000,58038.000000,49119.000000,33510.000000
56731.000000,58044.000000,49146.000000,33540.000000
56739.000000,58050.000000,49146.000000,33537.000000
56726.000000,58049.000000,49138.000000,33537.000000
56729.000000,58041.000000,49128.000000,33525.000000
56740.000000,58024.000000,49125.000000,33512.000000
56707.000000,58022.000000,49100.000000,33521.000000
56735.000000,58044.000000,49127.000000,33525.000000
56687.000000,58016.000000,49112.000000,33485.000000
56745.000000,58032.000000,49104.000000,33511.000000
56718.000000,58032.000000,49100.000000,33515.000000
56717.000000,58027.000000,49099.000000,33527.000000
56715.000000,58037.000000,49096.000000,33493.000000
56663.000000,58008.000000,49091.000000,33518.000000
56689.000000,58010.000000,49097.000000,33489.000000
56675.000000,58009.000000,49097.000000,33522.000000
56658.000000,58003.000000,49117.000000,33526.000000
56706.000000,58018.000000,49088.000000,33507.000000
56690.000000,58010.000000,49071.000000,33517.000000
56672.000000,58032.000000,49089.000000,33508.000000
56692.000000,58027.000000,49054.000000,33511.000000
56683.000000,57995.000000,49089.000000,33518.000000
56696.000000,58010.000000,49128.000000,33532.000000
56687.000000,57995.000000,49101.000000,33503.000000
56711.000000,58047.000000,49062.000000,33502.000000
56681.000000,58001.000000,49067.000000,33505.000000
56687.000000,58024.000000,49078.000000,33496.000000
56675.000000,58000.000000,49061.000000,33509.000000
56673.000000,58001.000000,49089.000000,33512.000000
56671.000000,58044.000000,49082.000000,33510.000000
56688.000000,58028.000000,49046.000000,33484.000000
56681.000000,57985.000000,49065.000000,33499.000000
56684.000000,57986.000000,49051.000000,33528.000000
56642.000000,57977.000000,49075.000000,33489.000000
56668.000000,57980.000000,49046.000000,33478.000000
56648.000000,57987.000000,49030.000000,33482.000000
56642.000000,57963.000000,49022.000000,33491.000000
56640.000000,57979.000000,48998.000000,33468.000000
56628.000000,57978.000000,49008.000000,33478.000000
56654.000000,57988.000000,49027.000000,33471.000000
56656.000000,57946.000000,49035.000000,33467.000000
56635.000000,57942.000000,49016.000000,33452.000000
56661.000000,57963.000000,49011.000000,33460.000000
56620.000000,57942.000000,48996.000000,33457.000000
56610.000000,57947.000000,48986.000000,33448.000000
56632.000000,57951.000000,49004.000000,33461.000000
56629.000000,57973.000000,49019.000000,33468.000000
56610.000000,57951.000000,48990.000000,33438.000000
56628.000000,57935.000000,49002.000000,33474.000000
56602.000000,57941.000000,48991.000000,33462.000000
56604.000000,57956.000000,48970.000000,33457.000000
56613.000000,57933.000000,48972.000000,33450.000000
56580.000000,57932.000000,49000.000000,33460.000000
56568.000000,57921.000000,48974.000000,33433.000000
56600.000000,57926.000000,48971.000000,33474.000000
56568.000000,57916.000000,48975.000000,33442.000000
56577.000000,57930.000000,48989.000000,33446.000000
56572.000000,57940.000000,48977.000000,33436.000000
56573.000000,57892.000000,48959.000000,33428.000000
56611.000000,57888.000000,48951.000000,33428.000000
56567.000000,57906.000000,48931.000000,33424.000000
56548.000000,57884.000000,48958.000000,33409.000000
56552.000000,57931.000000,48938.000000,33430.000000
56569.000000,57910.000000,48967.000000,33464.000000
56539.000000,57893.000000,48928.000000,33425.000000
56558.000000,57876.000000,48933.000000,33441.000000
56568.000000,57887.000000,48939.000000,33442.000000
56564.000000,57869.000000,48932.000000,33422.000000
56550.000000,57891.000000,48936.000000,33414.000000
56566.000000,57898.000000,48943.000000,33437.000000
56556.000000,57878.000000,48954.000000,33433.000000
56552.000000,57902.000000,48941.000000,33463.000000
56540.000000,57884.000000,48935.000000,33434.000000
56548.000000,57854.000000,48940.000000,33420.000000
56536.000000,57887.000000,48882.000000,33436.000000
56518.000000,57846.000000,48889.000000,33412.000000
56506.000000,57881.000000,48906.000000,33413.000000
56506.000000,57880.000000,48885.000000,33403.000000
56468.000000,57850.000000,48872.000000,33383.000000
56472.000000,57815.000000,48874.000000,33383.000000
56450.000000,57844.000000,48847.000000,33391.000000
56456.000000,57791.000000,48815.000000,33362.000000
56414.000000,57790.000000,48810.000000,33365.000000
56403.000000,57791.000000,48806.000000,33354.000000
56435.000000,57767.000000,48806.000000,33339.000000
56427.000000,57768.000000,48798.000000,33361.000000
56411.000000,57746.000000,48773.000000,33360.000000
56391.000000,57769.000000,48758.000000,33321.000000
56405.000000,57766.000000,48770.000000,33345.000000
56389.000000,57774.000000,48782.000000,33360.000000
56397.000000,57765.000000,48760.000000,33326.000000
56383.000000,57748.000000,48773.000000,33329.000000
56399.000000,57785.000000,48810.000000,33351.000000
56381.000000,57778.000000,48762.000000,33351.000000
56388.000000,57778.000000,48787.000000,33356.000000
56391.000000,57739.000000,48806.000000,33395.000000
56407.000000,57766.000000,48798.000000,33384.000000
56379.000000,57796.000000,48804.000000,33351.000000
56410.000000,57763.000000,48799.000000,33360.000000
56432.000000,57744.000000,48779.000000,33369.000000
56405.000000,57795.000000,48776.000000,33354.000000
56413.000000,57778.000000,48812.000000,33331.000000
56411.000000,57768.000000,48804.000000,33344.000000
56405.000000,57774.000000,48784.000000,33332.000000
56397.000000,57769.000000,48781.000000,33372.000000
56407.000000,57792.000000,48797.000000,33364.000000
56395.000000,57775.000000,48805.000000,33359.000000
56411.000000,57787.000000,48810.000000,33356.000000
56395.000000,57780.000000,48816.000000,33361.000000
56432.000000,57789.000000,48819.000000,33382.000000
56400.000000,57789.000000,48782.000000,33355.000000
56399.000000,57767.000000,48845.000000,33350.000000
56398.000000,57785.000000,48823.000000,33342.000000
56419.000000,57794.000000,48814.000000,33341.000000
56422.000000,57808.000000,48847.000000,33401.000000
56466.000000,57810.000000,48867.000000,33380.000000
56465.000000,57840.000000,48876.000000,33407.000000
56479.000000,57852.000000,48869.000000,33408.000000
56501.000000,57848.000000,48908.000000,33402.000000
56517.000000,57886.000000,48934.000000,33415.000000
56573.000000,57903.000000,48962.000000,33424.000000
56580.000000,57887.000000,48967.000000,33450.000000
56597.000000,57945.000000,49029.000000,33488.000000
56610.000000,57923.000000,49018.000000,33464.000000
56632.000000,57960.000000,49042.000000,33492.000000
56674.000000,58005.000000,49101.000000,33491.000000
56695.000000,58020.000000,49117.000000,33523.000000
56703.000000,58043.000000,49105.000000,33495.000000
56713.000000,58067.000000,49134.000000,33537.000000
56752.000000,58069.000000,49173.000000,33577.000000
56735.000000,58060.000000,49163.000000,33533.000000
56756.000000,58108.000000,49170.000000,33562.000000
56749.000000,58080.000000,49133.000000,33534.000000
56724.000000,58079.000000,49178.000000,33543.000000
56748.000000,58061.000000,49197.000000,33566.000000
56755.000000,58078.000000,49166.000000,33553.000000
56747.000000,58104.000000,49186.000000,33543.000000
56766.000000,58080.000000,49189.000000,33528.000000
56750.000000,58097.000000,49181.000000,33551.000000
56790.000000,58117.000000,49179.000000,33569.000000
56753.000000,58087.000000,49174.000000,33558.000000
56770.000000,58084.000000,49210.000000,33541.000000
56742.000000,58091.000000,49170.000000,33562.000000
56771.000000,58078.000000,49180.000000,33557.000000
56744.000000,58093.000000,49192.000000,33551.000000
56753.000000,58090.000000,49189.000000,33564.000000
56741.000000,58087.000000,49196.000000,33539.000000
56721.000000,58075.000000,49183.000000,33570.000000
56733.000000,58087.000000,49185.000000,33561.000000
56741.000000,58075.000000,49157.000000,33545.000000
56758.000000,58053.000000,49188.000000,33517.000000
56742.000000,58059.000000,49176.000000,33532.000000
56765.000000,58089.000000,49188.000000,33558.000000
56725.000000,58088.000000,49166.000000,33550.000000
56727.000000,58095.000000,49151.000000,33558.000000
56716.000000,58060.000000,49132.000000,33541.000000
56742.000000,58069.000000,49168.000000,33545.000000
56711.000000,58049.000000,49134.000000,33522.000000
56700.000000,58054.000000,49139.000000,33497.000000
56712.000000,58063.000000,49142.000000,33522.000000
56692.000000,58059.000000,49108.000000,33541.000000
56685.000000,58048.000000,49142.000000,33535.000000
56717.000000,58051.000000,49142.000000,33540.000000
56714.000000,58054.000000,49136.000000,33521.000000
56717.000000,58054.000000,49138.000000,33531.000000
56749.000000,58083.000000,49165.000000,33528.000000
56705.000000,58069.000000,49114.000000,33549.000000
56697.000000,58059.000000,49150.000000,33519.000000
56727.000000,58067.000000,49153.000000,33532.000000
56693.000000,58053.000000,49111.000000,33524.000000
56689.000000,58061.000000,49155.000000,33511.000000
56703.000000,58042.000000,49145.000000,33525.000000
56721.000000,58055.000000,49137.000000,33518.000000
56712.000000,58068.000000,49137.000000,33528.000000
56706.000000,58045.000000,49144.000000,33526.000000
56696.000000,58078.000000,49114.000000,33536.000000
56696.000000,58070.000000,49115.000000,33523.000000
56681.000000,58045.000000,49128.000000,33547.000000
56670.000000,58051.000000,49167.000000,33535.000000
56704.000000,58047.000000,49118.000000,33528.000000
56705.000000,58018.000000,49127.000000,33539.000000
56681.000000,58066.000000,49098.000000,33533.000000
56683.000000,58006.000000,49125.000000,33508.000000
56654.000000,58060.000000,49116.000000,33518.000000
56648.000000,58026.000000,49098.000000,33502.000000
56665.000000,58040.000000,49106.000000,33512.000000
56713.000000,58040.000000,49120.000000,33520.000000
56686.000000,58007.000000,49080.000000,33497.000000
56673.000000,58035.000000,49075.000000,33513.000000
56632.000000,57977.000000,49097.000000,33519.000000
56644.000000,58003.000000,49075.000000,33488.000000
56637.000000,58025.000000,49094.000000,33501.000000
56636.000000,57993.000000,49030.000000,33488.000000
56641.000000,58007.000000,49039.000000,33477.000000
56649.000000,58022.000000,49066.000000,33496.000000
56621.000000,57994.000000,49075.000000,33522.000000
56608.000000,58018.000000,49034.000000,33473.000000
56648.000000,58024.000000,49062.000000,33462.000000
56646.000000,57999.000000,49093.000000,33503.000000
56652.000000,57963.000000,49057.000000,33488.000000
56639.000000,58013.000000,49047.000000,33521.000000
56611.000000,58008.000000,49047.000000,33462.000000
56622.000000,58016.000000,49037.000000,33474.000000
56618.000000,57996.000000,49066.000000,33481.000000
56621.000000,57992.000000,49053.000000,33500.000000
56621.000000,57968.000000,49031.000000,33474.000000
56628.000000,57968.000000,49034.000000,33485.000000
56628.000000,57971.000000,49034.000000,33478.000000
56604.000000,57967.000000,49015.000000,33443.000000
56578.000000,57947.000000,49013.000000,33468.000000
56627.000000,57972.000000,49027.000000,33448.000000
56573.000000,57977.000000,49014.000000,33460.000000
56600.000000,57937.000000,49021.000000,33466.000000
56573.000000,57956.000000,49025.000000,33461.000000
56629.000000,57951.000000,49011.000000,33466.000000
56603.000000,57947.000000,49010.000000,33480.000000
56595.000000,57946.000000,49029.000000,33468.000000
56616.000000,57976.000000,49032.000000,33454.000000
56572.000000,57969.000000,49012.000000,33482.000000
56555.000000,57956.000000,49018.000000,33430.000000
56614.000000,57972.000000,49019.000000,33458.000000
56607.000000,57954.000000,49028.000000,33443.000000
56579.000000,57939.000000,49022.000000,33445.000000
56591.000000,57949.000000,49011.000000,33474.000000
56577.000000,57950.000000,49013.000000,33474.000000
56558.000000,57953.000000,48987.000000,33467.000000
56565.000000,57959.000000,48989.000000,33465.000000
56548.000000,57894.000000,48962.000000,33452.000000
56551.000000,57956.000000,48970.000000,33434.000000
56543.000000,57918.000000,48966.000000,33440.000000
56543.000000,57912.000000,48967.000000,33442.000000
56528.000000,57901.000000,48941.000000,33417.000000
56507.000000,57889.000000,48912.000000,33427.000000
56501.000000,57890.000000,48902.000000,33421.000000
56458.000000,57866.000000,48882.000000,33422.000000
56456.000000,57885.000000,48890.000000,33401.000000
56431.000000,57868.000000,48852.000000,33389.000000
56414.000000,57832.000000,48858.000000,33390.000000
56422.000000,57827.000000,48830.000000,33383.000000
56436.000000,57834.000000,48865.000000,33378.000000
56424.000000,57842.000000,48839.000000,33344.000000
56425.000000,57825.000000,48840.000000,33377.000000
56449.000000,57823.000000,48866.000000,33419.000000
56432.000000,57837.000000,48849.000000,33394.000000
56457.000000,57841.000000,48848.000000,33385.000000
56442.000000,57853.000000,48865.000000,33383.000000
56419.000000,57846.000000,48861.000000,33408.000000
56417.000000,57818.000000,48852.000000,33387.000000
56448.000000,57861.000000,48880.000000,33396.000000
56441.000000,57855.000000,48863.000000,33393.000000
56471.000000,57840.000000,48863.000000,33369.000000
56446.000000,57830.000000,48866.000000,33407.000000
56439.000000,57861.000000,48885.000000,33393.000000
56447.000000,57864.000000,48871.000000,33398.000000
56448.000000,57869.000000,48854.000000,33390.000000
56447.000000,57870.000000,48889.000000,33402.000000
56452.000000,57883.000000,48895.000000,33415.000000
56478.000000,57866.000000,48893.000000,33434.000000
56442.000000,57881.000000,48901.000000,33391.000000
56453.000000,57910.000000,48913.000000,33418.000000
56482.000000,57919.000000,48924.000000,33429.000000
56463.000000,57888.000000,48949.000000,33401.000000
56564.000000,57927.000000,48996.000000,33472.000000
56584.000000,57981.000000,49034.000000,33480.000000
56599.000000,57996.000000,49053.000000,33473.000000
56660.000000,58049.000000,49086.000000,33502.000000
56629.000000,58057.000000,49114.000000,33528.000000
56685.000000,58081.000000,49131.000000,33503.000000
56685.000000,58071.000000,49143.000000,33554.000000
56692.000000,58071.000000,49168.000000,33555.000000
56759.000000,58143.000000,49207.000000,33572.000000
56739.000000,58114.000000,49219.000000,33548.000000
56773.000000,58161.000000,49217.000000,33570.000000
56754.000000,58160.000000,49235.000000,33582.000000
56791.000000,58149.000000,49261.000000,33579.000000
56814.000000,58180.000000,49270.000000,33577.000000
56790.000000,58162.000000,49286.000000,33595.000000
56819.000000,58156.000000,49300.000000,33572.000000
56804.000000,58188.000000,49281.000000,33612.000000
56800.000000,58167.000000,49262.000000,33562.000000
56828.000000,58173.000000,49272.000000,33598.000000
56815.000000,58164.000000,49266.000000,33591.000000
56808.000000,58180.000000,49256.000000,33577.000000
56812.000000,58164.000000,49251.000000,33569.000000
56793.000000,58162.000000,49259.000000,33582.000000
56794.000000,58171.000000,49282.000000,33608.000000
56778.000000,58196.000000,49265.000000,33622.000000
56789.000000,58151.000000,49279.000000,33586.000000
56785.000000,58154.000000,49236.000000,33601.000000
56776.000000,58167.000000,49242.000000,33595.000000
56777.000000,58169.000000,49271.000000,33612.000000
56804.000000,58168.000000,49236.000000,33589.000000
56782.000000,58186.000000,49227.000000,33598.000000
56780.000000,58163.000000,49213.000000,33623.000000
56794.000000,58149.000000,49243.000000,33559.000000
56754.000000,58133.000000,49219.000000,33603.000000
56752.000000,58152.000000,49235.000000,33553.000000
56783.000000,58158.000000,49226.000000,33576.000000
56756.000000,58149.000000,49218.000000,33567.000000
56770.000000,58149.000000,49216.000000,33561.000000
56762.000000,58138.000000,49227.000000,33571.000000
56770.000000,58151.000000,49182.000000,33556.000000
56772.000000,58119.000000,49203.000000,33560.000000
56759.000000,58138.000000,49238.000000,33589.000000
56770.000000,58142.000000,49223.000000,33599.000000
56740.000000,58131.000000,49212.000000,33580.000000
56773.000000,58108.000000,49226.000000,33562.000000
56749.000000,58138.000000,49201.000000,33583.000000
56756.000000,58095.000000,49209.000000,33569.000000
56746.000000,58135.000000,49201.000000,33571.000000
56752.000000,58144.000000,49174.000000,33557.000000
56740.000000,58110.000000,49197.000000,33546.000000
56737.000000,58126.000000,49213.000000,33529.000000
56719.000000,58116.000000,49198.000000,33558.000000
56755.000000,58081.000000,49188.000000,33531.000000
56724.000000,58092.000000,49168.000000,33530.000000
56717.000000,58075.000000,49166.000000,33544.000000
56712.000000,58089.000000,49175.000000,33535.000000
56731.000000,58103.000000,49167.000000,33560.000000
56704.000000,58106.000000,49167.000000,33539.000000
56713.000000,58109.000000,49132.000000,33520.000000
56706.000000,58072.000000,49176.000000,33553.000000
56715.000000,58080.000000,49161.000000,33539.000000
56684.000000,58073.000000,49135.000000,33527.000000
56709.000000,58057.000000,49141.000000,33535.000000
56721.000000,58089.000000,49138.000000,33556.000000
56700.000000,58060.000000,49157.000000,33525.000000
56699.000000,58084.000000,49145.000000,33539.000000
56689.000000,58078.000000,49168.000000,33539.000000
56667.000000,58063.000000,49124.000000,33538.000000
56681.000000,58106.000000,49138.000000,33528.000000
56696.000000,58070.000000,49135.000000,33529.000000
56677.000000,58062.000000,49123.000000,33510.000000
56672.000000,58072.000000,49121.000000,33554.000000
56676.000000,58063.000000,49119.000000,33539.000000
56695.000000,58078.000000,49118.000000,33513.000000
56661.000000,58056.000000,49113.000000,33526.000000
56660.000000,58081.000000,49097.000000,33535.000000
56672.000000,58047.000000,49106.000000,33508.000000
56671.000000,58054.000000,49140.000000,33510.000000
56662.000000,58066.000000,49112.000000,33533.000000
56637.000000,58051.000000,49126.000000,33508.000000
56658.000000,58018.000000,49095.000000,33518.000000
56621.000000,58016.000000,49083.000000,33526.000000
56665.000000,58012.000000,49077.000000,33498.000000
56620.000000,58011.000000,49085.000000,33505.000000
56591.000000,58046.000000,49054.000000,33487.000000
56628.000000,57995.000000,49056.000000,33481.000000
56617.000000,57991.000000,49064.000000,33538.000000
56633.000000,57998.000000,49055.000000,33472.000000
56608.000000,57995.000000,49064.000000,33466.000000
56602.000000,58027.000000,49050.000000,33514.000000
56582.000000,58005.000000,49032.000000,33487.000000
56599.000000,57990.000000,49034.000000,33472.000000
56587.000000,58007.000000,49026.000000,33507.000000
56571.000000,58005.000000,49016.000000,33478.000000
56600.000000,57989.000000,49017.000000,33466.000000
56577.000000,57999.000000,49061.000000,33453.000000
56585.000000,57969.000000,49022.000000,33478.000000
56592.000000,57964.000000,49028.000000,33459.000000
56611.000000,57998.000000,49015.000000,33490.000000
56593.000000,58008.000000,49024.000000,33496.000000
56570.000000,57960.000000,48988.000000,33483.000000
56582.000000,57940.000000,49005.000000,33485.000000
56572.000000,57962.000000,48979.000000,33471.000000
56544.000000,57933.000000,48991.000000,33438.000000
56555.000000,57961.000000,48990.000000,33448.000000
56560.000000,57945.000000,48963.000000,33440.000000
56532.000000,57902.000000,48976.000000,33441.000000
56534.000000,57913.000000,48979.000000,33468.000000
56531.000000,57950.000000,48971.000000,33466.000000
56543.000000,57918.000000,48953.000000,33434.000000
56540.000000,57926.000000,48977.000000,33455.000000
56516.000000,57938.000000,48969.000000,33453.000000
56538.000000,57922.000000,48982.000000,33400.000000
56523.000000,57951.000000,48964.000000,33439.000000
56539.000000,57954.000000,48951.000000,33427.000000
56518.000000,57944.000000,48969.000000,33455.000000
56502.000000,57908.000000,48946.000000,33429.000000
56517.000000,57894.000000,48942.000000,33448.000000
56493.000000,57906.000000,48908.000000,33407.000000
56482.000000,57878.000000,48892.000000,33423.000000
56451.000000,57878.000000,48923.000000,33393.000000
56430.000000,57861.000000,48866.000000,33375.000000
56450.000000,57843.000000,48891.000000,33410.000000
56430.000000,57859.000000,48836.000000,33381.000000
56399.000000,57820.000000,48834.000000,33365.000000
56381.000000,57854.000000,48820.000000,33397.000000
56365.000000,57811.000000,48809.000000,33372.000000
56388.000000,57802.000000,48832.000000,33362.000000
56391.000000,57815.000000,48789.000000,33359.000000
56347.000000,57809.000000,48821.000000,33386.000000
56343.000000,57794.000000,48801.000000,33375.000000
56336.000000,57775.000000,48800.000000,33344.000000
56354.000000,57795.000000,48799.000000,33355.000000
56343.000000,57795.000000,48808.000000,33362.000000
56346.000000,57799.000000,48787.000000,33357.000000
56354.000000,57810.000000,48812.000000,33367.000000
56352.000000,57804.000000,48793.000000,33370.000000
56381.000000,57786.000000,48815.000000,33369.000000
56363.000000,57804.000000,48819.000000,33357.000000
56371.000000,57804.000000,48785.000000,33346.000000
56353.000000,57788.000000,48781.000000,33355.000000
56355.000000,57792.000000,48818.000000,33377.000000
56367.000000,57800.000000,48808.000000,33371.000000
56345.000000,57793.000000,48798.000000,33340.000000
56370.000000,57771.000000,48818.000000,33398.000000
56346.000000,57812.000000,48786.000000,33354.000000
56367.000000,57809.000000,48820.000000,33371.000000
56343.000000,57808.000000,48809.000000,33356.000000
56348.000000,57814.000000,48810.000000,33354.000000
56374.000000,57774.000000,48816.000000,33332.000000
56352.000000,57805.000000,48826.000000,33363.000000
56369.000000,57830.000000,48823.000000,33378.000000
56395.000000,57809.000000,48837.000000,33363.000000
56364.000000,57778.000000,48806.000000,33379.000000
56375.000000,57790.000000,48835.000000,33404.000000
56358.000000,57818.000000,48838.000000,33384.000000
56407.000000,57784.000000,48843.000000,33379.000000
56405.000000,57836.000000,48873.000000,33387.000000
56408.000000,57860.000000,48890.000000,33391.000000
56460.000000,57846.000000,48914.000000,33401.000000
56502.000000,57872.000000,48920.000000,33426.000000
56527.000000,57895.000000,48939.000000,33419.000000
56545.000000,57931.000000,49003.000000,33478.000000
56550.000000,57982.000000,49020.000000,33461.000000
56589.000000,57965.000000,49035.000000,33502.000000
56580.000000,57986.000000,49056.000000,33491.000000
56626.000000,58004.000000,49098.000000,33492.000000
56674.000000,58050.000000,49144.000000,33527.000000
56656.000000,58054.000000,49116.000000,33529.000000
56707.000000,58070.000000,49181.000000,33513.000000
56694.000000,58070.000000,49169.000000,33561.000000
56748.000000,58097.000000,49174.000000,33549.000000
56719.000000,58095.000000,49193.000000,33544.000000
56733.000000,58074.000000,49177.000000,33562.000000
56727.000000,58096.000000,49201.000000,33557.000000
56704.000000,58074.000000,49195.000000,33537.000000
56713.000000,58083.000000,49188.000000,33562.000000
56719.000000,58096.000000,49180.000000,33545.000000
56674.000000,58109.000000,49198.000000,33567.000000
56695.000000,58105.000000,49184.000000,33554.000000
56723.000000,58114.000000,49204.000000,33580.000000
56723.000000,58100.000000,49223.000000,33541.000000
56735.000000,58100.000000,49208.000000,33560.000000
56723.000000,58111.000000,49219.000000,33547.000000
56706.000000,58093.000000,49172.000000,33545.000000
56731.000000,58093.000000,49177.000000,33561.000000
56710.000000,58109.000000,49204.000000,33559.000000
56709.000000,58118.000000,49212.000000,33546.000000
56717.000000,58093.000000,49177.000000,33551.000000
56729.000000,58118.000000,49195.000000,33562.000000
56708.000000,58122.000000,49184.000000,33554.000000
56732.000000,58083.000000,49187.000000,33542.000000
56700.000000,58141.000000,49195.000000,33565.000000
56710.000000,58083.000000,49178.000000,33537.000000
56679.000000,58098.000000,49203.000000,33546.000000
56704.000000,58123.000000,49183.000000,33562.000000
56654.000000,58085.000000,49186.000000,33520.000000
56700.000000,58101.000000,49187.000000,33546.000000
56708.000000,58099.000000,49183.000000,33547.000000
56711.000000,58073.000000,49153.000000,33550.000000
56691.000000,58107.000000,49155.000000,33548.000000
56690.000000,58101.000000,49164.000000,33532.000000
56686.000000,58053.000000,49159.000000,33548.000000
56674.000000,58090.000000,49171.000000,33538.000000
56687.000000,58114.000000,49177.000000,33544.000000
56695.000000,58089.000000,49142.000000,33521.000000
56693.000000,58095.000000,49171.000000,33558.000000
56688.000000,58073.000000,49156.000000,33547.000000
56703.000000,58096.000000,49144.000000,33555.000000
56658.000000,58063.000000,49133.000000,33523.000000
56680.000000,58058.000000,49134.000000,33541.000000
56672.000000,58053.000000,49139.000000,33536.000000
56663.000000,58055.000000,49129.000000,33537.000000
56675.000000,58029.000000,49108.000000,33512.000000
56671.000000,58042.000000,49127.000000,33526.000000
56680.000000,58065.000000,49128.000000,33531.000000
56667.000000,58055.000000,49128.000000,33516.000000
56668.000000,58053.000000,49147.000000,33530.000000
56664.000000,58066.000000,49131.000000,33509.000000
56647.000000,58077.000000,49101.000000,33517.000000
56684.000000,58044.000000,49100.000000,33509.000000
56657.000000,58066.000000,49138.000000,33549.000000
56634.000000,58063.000000,49120.000000,33521.000000
56668.000000,58022.000000,49128.000000,33527.000000
56680.000000,58103.000000,49167.000000,33540.000000
56653.000000,58066.000000,49115.000000,33496.000000
56666.000000,58045.000000,49152.000000,33498.000000
56657.000000,58042.000000,49125.000000,33540.000000
56663.000000,58087.000000,49184.000000,33548.000000
56648.000000,58068.000000,49169.000000,33517.000000
56662.000000,58054.000000,49124.000000,33533.000000
56661.000000,58049.000000,49136.000000,33537.000000
56644.000000,58073.000000,49129.000000,33511.000000
56652.000000,58045.000000,49134.000000,33531.000000
56634.000000,58048.000000,49097.000000,33526.000000
56620.000000,58049.000000,49096.000000,33511.000000
56635.000000,58019.000000,49105.000000,33528.000000
56632.000000,58066.000000,49132.000000,33520.000000
56610.000000,58010.000000,49100.000000,33535.000000
56601.000000,58008.000000,49078.000000,33520.000000
56638.000000,58037.000000,49093.000000,33511.000000
56605.000000,57997.000000,49064.000000,33499.000000
56629.000000,58010.000000,49087.000000,33485.000000
56592.000000,57996.000000,49092.000000,33498.000000
56607.000000,58018.000000,49065.000000,33501.000000
56612.000000,57998.000000,49054.000000,33479.000000
56605.000000,57987.000000,49054.000000,33485.000000
56597.000000,57996.000000,49046.000000,33478.000000
56558.000000,57994.000000,49030.000000,33484.000000
56568.000000,58006.000000,49038.000000,33485.000000
56587.000000,57952.000000,49043.000000,33482.000000
56564.000000,57970.000000,49045.000000,33468.000000
56529.000000,57963.000000,49007.000000,33499.000000
56559.000000,57975.000000,49026.000000,33466.000000
56582.000000,57961.000000,48999.000000,33480.000000
56545.000000,57968.000000,49010.000000,33484.000000
56551.000000,57954.000000,49030.000000,33482.000000
56563.000000,57974.000000,48989.000000,33449.000000
56559.000000,57957.000000,49002.000000,33471.000000
56551.000000,57925.000000,49034.000000,33465.000000
56547.000000,57951.000000,48980.000000,33467.000000
56554.000000,57972.000000,49032.000000,33438.000000
56528.000000,57966.000000,49006.000000,33443.000000
56535.000000,57959.000000,49000.000000,33464.000000
56565.000000,57957.000000,48995.000000,33452.000000
56515.000000,57940.000000,48976.000000,33430.000000
56531.000000,57958.000000,48988.000000,33480.000000
56536.000000,57928.000000,49034.000000,33458.000000
56487.000000,57928.000000,49013.000000,33445.000000
56532.000000,57931.000000,49003.000000,33471.000000
56538.000000,57949.000000,48995.000000,33466.000000
56525.000000,57931.000000,48988.000000,33447.000000
56518.000000,57963.000000,48976.000000,33431.000000
56486.000000,57928.000000,48971.000000,33450.000000
56495.000000,57922.000000,48961.000000,33440.000000
56496.000000,57937.000000,48952.000000,33443.000000
56466.000000,57898.000000,48949.000000,33410.000000
56467.000000,57892.000000,48952.000000,33404.000000
56488.000000,57910.000000,48922.000000,33436.000000
56427.000000,57876.000000,48921.000000,33414.000000
56443.000000,57894.000000,48930.000000,33402.000000
56452.000000,57887.000000,48903.000000,33416.000000
56404.000000,57850.000000,48868.000000,33419.000000
56419.000000,57842.000000,48874.000000,33402.000000
56388.000000,57852.000000,48891.000000,33432.000000
56390.000000,57842.000000,48878.000000,33396.000000
56384.000000,57835.000000,48840.000000,33375.000000
56376.000000,57822.000000,48820.000000,33367.000000
56331.000000,57829.000000,48844.000000,33371.000000
56344.000000,57839.000000,48825.000000,33380.000000
56363.000000,57817.000000,48834.000000,33365.000000
56351.000000,57798.000000,48831.000000,33397.000000
56380.000000,57816.000000,48813.000000,33375.000000
56348.000000,57819.000000,48845.000000,33368.000000
56382.000000,57832.000000,48826.000000,33396.000000
56354.000000,57818.000000,48857.000000,33384.000000
56373.000000,57834.000000,48847.000000,33369.000000
56374.000000,57814.000000,48847.000000,33381.000000
56331.000000,57823.000000,48879.000000,33396.000000
56358.000000,57843.000000,48871.000000,33397.000000
56386.000000,57840.000000,48859.000000,33412.000000
56380.000000,57840.000000,48848.000000,33407.000000
56374.000000,57797.000000,48888.000000,33387.000000
56387.000000,57866.000000,48881.000000,33385.000000
56376.000000,57847.000000,48861.000000,33410.000000
56406.000000,57843.000000,48887.000000,33382.000000
56402.000000,57854.000000,48895.000000,33404.000000
56406.000000,57851.000000,48904.000000,33442.000000
56400.000000,57872.000000,48906.000000,33403.000000
56404.000000,57882.000000,48902.000000,33418.000000
56404.000000,57864.000000,48918.000000,33431.000000
56435.000000,57893.000000,48907.000000,33424.000000
56463.000000,57900.000000,48941.000000,33426.000000
56431.000000,57932.000000,48957.000000,33425.000000
56483.000000,57930.000000,48979.000000,33433.000000
56502.000000,57938.000000,48984.000000,33451.000000
56502.000000,57926.000000,48989.000000,33464.000000
56541.000000,57961.000000,49042.000000,33494.000000
56592.000000,57988.000000,49040.000000,33489.000000
56575.000000,58011.000000,49038.000000,33510.000000
56654.000000,58107.000000,49140.000000,33536.000000
56694.000000,58091.000000,49180.000000,33545.000000
56702.000000,58143.000000,49226.000000,33585.000000
56730.000000,58140.000000,49241.000000,33599.000000
56746.000000,58187.000000,49255.000000,33600.000000
56751.000000,58192.000000,49262.000000,33613.000000
56758.000000,58168.000000,49270.000000,33604.000000
56785.000000,58220.000000,49295.000000,33614.000000
56781.000000,58243.000000,49325.000000,33615.000000
56794.000000,58197.000000,49291.000000,33634.000000
56804.000000,58194.000000,49291.000000,33605.000000
56827.000000,58207.000000,49351.000000,33613.000000
56803.000000,58222.000000,49288.000000,33616.000000
56779.000000,58210.000000,49293.000000,33616.000000
56814.000000,58188.000000,49297.000000,33619.000000
56816.000000,58212.000000,49327.000000,33614.000000
56828.000000,58191.000000,49324.000000,33625.000000
56803.000000,58197.000000,49306.000000,33644.000000
56811.000000,58214.000000,49350.000000,33629.000000
56794.000000,58208.000000,49332.000000,33641.000000
56814.000000,58238.000000,49291.000000,33645.000000
56809.000000,58207.000000,49299.000000,33630.000000
56794.000000,58219.000000,49319.000000,33623.000000
56806.000000,58223.000000,49299.000000,33639.000000
56797.000000,58225.000000,49339.000000,33640.000000
56782.000000,58234.000000,49309.000000,33624.000000
56805.000000,58212.000000,49330.000000,33604.000000
56771.000000,58182.000000,49301.000000,33626.000000
56777.000000,58221.000000,49343.000000,33611.000000
56804.000000,58216.000000,49286.000000,33598.000000
56751.000000,58215.000000,49315.000000,33585.000000
56776.000000,58200.000000,49299.000000,33637.000000
56760.000000,58223.000000,49280.000000,33604.000000
56768.000000,58196.000000,49300.000000,33609.000000
56787.000000,58182.000000,49284.000000,33601.000000
56755.000000,58195.000000,49274.000000,33609.000000
56770.000000,58183.000000,49265.000000,33596.000000
56753.000000,58188.000000,49262.000000,33627.000000
56769.000000,58172.000000,49276.000000,33644.000000
56732.000000,58163.000000,49260.000000,33624.000000
56766.000000,58194.000000,49292.000000,33593.000000
56772.000000,58184.000000,49259.000000,33613.000000
56743.000000,58158.000000,49268.000000,33615.000000
56774.000000,58178.000000,49299.000000,33598.000000
56747.000000,58159.000000,49246.000000,33607.000000
56748.000000,58178.000000,49266.000000,33592.000000
56739.000000,58192.000000,49256.000000,33606.000000
56775.000000,58184.000000,49258.000000,33591.000000
56739.000000,58150.000000,49273.000000,33605.000000
56717.000000,58156.000000,49240.000000,33595.000000
56734.000000,58168.000000,49250.000000,33585.000000
56729.000000,58116.000000,49230.000000,33596.000000
56692.000000,58151.000000,49228.000000,33609.000000
56731.000000,58150.000000,49246.000000,33597.000000
56698.000000,58156.000000,49263.000000,33610.000000
56691.000000,58152.000000,49236.000000,33590.000000
56712.000000,58141.000000,49238.000000,33582.000000
56734.000000,58186.000000,49221.000000,33584.000000
56727.000000,58152.000000,49230.000000,33608.000000
56685.000000,58137.000000,49213.000000,33594.000000
56705.000000,58124.000000,49212.000000,33612.000000
56730.000000,58149.000000,49241.000000,33578.000000
56720.000000,58127.000000,49228.000000,33590.000000
56723.000000,58171.000000,49195.000000,33585.000000
56700.000000,58151.000000,49221.000000,33579.000000
56693.000000,58118.000000,49240.000000,33572.000000
56708.000000,58146.000000,49231.000000,33590.000000
56681.000000,58137.000000,49195.000000,33593.000000
56702.000000,58109.000000,49194.000000,33555.000000
56710.000000,58145.000000,49201.000000,33557.000000
56695.000000,58111.000000,49167.000000,33560.000000
56709.000000,58124.000000,49190.000000,33577.000000
56659.000000,58114.000000,49183.000000,33588.000000
56653.000000,58096.000000,49179.000000,33545.000000
56653.000000,58083.000000,49157.000000,33546.000000
56613.000000,58075.000000,49166.000000,33559.000000
56641.000000,58068.000000,49163.000000,33547.000000
56642.000000,58087.000000,49161.000000,33564.000000
56636.000000,58085.000000,49132.000000,33546.000000
56660.000000,58107.000000,49174.000000,33564.000000
56649.000000,58053.000000,49150.000000,33521.000000
56631.000000,58085.000000,49125.000000,33552.000000
56651.000000,58080.000000,49155.000000,33550.000000
56615.000000,58066.000000,49130.000000,33546.000000
56626.000000,58058.000000,49140.000000,33551.000000
56606.000000,58072.000000,49132.000000,33524.000000
56615.000000,58077.000000,49141.000000,33536.000000
56636.000000,58063.000000,49107.000000,33526.000000
56594.000000,58043.000000,49099.000000,33523.000000
56617.000000,58051.000000,49122.000000,33543.000000
56594.000000,58046.000000,49096.000000,33502.000000
56600.000000,58031.000000,49055.000000,33483.000000
56606.000000,58040.000000,49094.000000,33486.000000
56565.000000,58027.000000,49099.000000,33523.000000
56567.000000,58003.000000,49071.000000,33494.000000
56569.000000,58020.000000,49069.000000,33516.000000
56536.000000,58011.000000,49042.000000,33494.000000
56532.000000,57995.000000,49039.000000,33502.000000
56567.000000,58020.000000,49093.000000,33502.000000
56546.000000,58007.000000,49047.000000,33495.000000
56542.000000,57977.000000,49051.000000,33505.000000
56533.000000,57993.000000,49050.000000,33486.000000
56527.000000,58007.000000,49067.000000,33479.000000
56553.000000,57986.000000,49053.000000,33494.000000
56527.000000,57982.000000,49064.000000,33480.000000
56530.000000,58016.000000,49055.000000,33498.000000
56547.000000,57992.000000,49057.000000,33493.000000
56568.000000,57990.000000,49031.000000,33470.000000
56538.000000,58005.000000,49057.000000,33499.000000
56543.000000,57982.000000,49065.000000,33508.000000
56511.000000,57963.000000,49044.000000,33485.000000
56532.000000,57952.000000,49046.000000,33499.000000
56524.000000,57985.000000,49025.000000,33478.000000
56523.000000,57953.000000,49005.000000,33479.000000
56486.000000,57966.000000,49021.000000,33469.000000
56519.000000,57972.000000,48973.000000,33480.000000
56472.000000,57909.000000,48984.000000,33427.000000
56462.000000,57913.000000,48954.000000,33463.000000
56435.000000,57906.000000,48955.000000,33464.000000
56414.000000,57876.000000,48929.000000,33446.000000
56410.000000,57897.000000,48895.000000,33445.000000
56398.000000,57885.000000,48894.000000,33442.000000
56415.000000,57851.000000,48905.000000,33418.000000
56387.000000,57875.000000,48876.000000,33405.000000
56356.000000,57874.000000,48872.000000,33412.000000
56375.000000,57844.000000,48881.000000,33418.000000
56348.000000,57825.000000,48878.000000,33377.000000
56371.000000,57814.000000,48872.000000,33397.000000
56347.000000,57855.000000,48877.000000,33384.000000
56384.000000,57812.000000,48870.000000,33385.000000
56355.000000,57841.000000,48899.000000,33402.000000
56348.000000,57848.000000,48846.000000,33385.000000
56384.000000,57810.000000,48867.000000,33405.000000
56360.000000,57857.000000,48876.000000,33417.000000
56362.000000,57851.000000,48848.000000,33390.000000
56355.000000,57874.000000,48890.000000,33399.000000
56372.000000,57870.000000,48892.000000,33394.000000
56354.000000,57839.000000,48877.000000,33407.000000
56372.000000,57861.000000,48900.000000,33434.000000
56408.000000,57872.000000,48890.000000,33436.000000
56393.000000,57848.000000,48900.000000,33400.000000
56361.000000,57873.000000,48911.000000,33423.000000
56373.000000,57870.000000,48901.000000,33383.000000
56382.000000,57829.000000,48891.000000,33400.000000
56379.000000,57864.000000,48912.000000,33425.000000
56392.000000,57860.000000,48879.000000,33440.000000
56398.000000,57865.000000,48923.000000,33434.000000
56417.000000,57864.000000,48936.000000,33425.000000
56417.000000,57886.000000,48922.000000,33432.000000
56444.000000,57888.000000,48933.000000,33438.000000
56411.000000,57883.000000,48934.000000,33424.000000
56430.000000,57912.000000,48963.000000,33457.000000
56460.000000,57911.000000,48992.000000,33469.000000
56468.000000,57930.000000,48998.000000,33431.000000
56525.000000,57945.000000,49015.000000,33491.000000
56535.000000,57943.000000,49052.000000,33499.000000
56574.000000,58017.000000,49068.000000,33488.000000
56578.000000,58039.000000,49128.000000,33548.000000
56594.000000,58049.000000,49119.000000,33522.000000
56647.000000,58084.000000,49182.000000,33557.000000
56668.000000,58083.000000,49188.000000,33574.000000
56705.000000,58149.000000,49233.000000,33574.000000
56717.000000,58137.000000,49256.000000,33595.000000
56720.000000,58148.000000,49267.000000,33585.000000
56764.000000,58178.000000,49270.000000,33619.000000
56745.000000,58155.000000,49281.000000,33584.000000
56741.000000,58162.000000,49310.000000,33614.000000
56745.000000,58148.000000,49283.000000,33610.000000
56778.000000,58161.000000,49280.000000,33595.000000
56756.000000,58168.000000,49312.000000,33609.000000
56768.000000,58186.000000,49303.000000,33612.000000
56747.000000,58171.000000,49299.000000,33618.000000
56765.000000,58154.000000,49285.000000,33605.000000
56745.000000,58177.000000,49313.000000,33605.000000
56743.000000,58191.000000,49327.000000,33613.000000
56745.000000,58162.000000,49263.000000,33609.000000
56757.000000,58179.000000,49266.000000,33605.000000
56753.000000,58174.000000,49276.000000,33609.000000
56729.000000,58178.000000,49268.000000,33595.000000
56718.000000,58159.000000,49283.000000,33603.000000
56740.000000,58164.000000,49269.000000,33596.000000
56752.000000,58167.000000,49271.000000,33636.000000
56759.000000,58175.000000,49281.000000,33608.000000
56728.000000,58159.000000,49261.000000,33602.000000
56732.000000,58180.000000,49299.000000,33603.000000
56753.000000,58184.000000,49273.000000,33622.000000
56713.000000,58184.000000,49266.000000,33582.000000
56732.000000,58176.000000,49251.000000,33592.000000
56698.000000,58169.000000,49246.000000,33609.000000
56719.000000,58147.000000,49258.000000,33603.000000
56709.000000,58168.000000,49274.000000,33625.000000
56731.000000,58167.000000,49221.000000,33620.000000
56736.000000,58148.000000,49270.000000,33583.000000
56733.000000,58140.000000,49274.000000,33611.000000
56720.000000,58181.000000,49232.000000,33593.000000
56728.000000,58147.000000,49245.000000,33620.000000
56748.000000,58157.000000,49253.000000,33588.000000
56724.000000,58155.000000,49263.000000,33627.000000
56726.000000,58172.000000,49259.000000,33613.000000
56715.000000,58168.000000,49259.000000,33581.000000
56737.000000,58180.000000,49267.000000,33587.000000
56720.000000,58176.000000,49272.000000,33583.000000
56722.000000,58138.000000,49248.000000,33584.000000
56713.000000,58141.000000,49241.000000,33610.000000
56731.000000,58152.000000,49273.000000,33582.000000
56715.000000,58164.000000,49233.000000,33586.000000
56730.000000,58139.000000,49266.000000,33612.000000
56711.000000,58150.000000,49267.000000,33583.000000
56701.000000,58145.000000,49239.000000,33625.000000
56685.000000,58143.000000,49258.000000,33580.000000
56710.000000,58131.000000,49263.000000,33620.000000
56687.000000,58144.000000,49244.000000,33602.000000
56705.000000,58135.000000,49226.000000,33566.000000
56697.000000,58134.000000,49246.000000,33634.000000
56670.000000,58135.000000,49210.000000,33587.000000
56706.000000,58143.000000,49224.000000,33589.000000
56699.000000,58156.000000,49220.000000,33581.000000
56699.000000,58153.000000,49261.000000,33611.000000
56685.000000,58142.000000,49256.000000,33573.000000
56697.000000,58141.000000,49243.000000,33585.000000
56695.000000,58148.000000,49223.000000,33570.000000
56691.000000,58151.000000,49226.000000,33588.000000
56695.000000,58146.000000,49228.000000,33581.000000
56703.000000,58134.000000,49224.000000,33584.000000
56693.000000,58154.000000,49236.000000,33595.000000
56716.000000,58150.000000,49229.000000,33589.000000
56693.000000,58170.000000,49222.000000,33610.000000
56722.000000,58155.000000,49245.000000,33629.000000
56689.000000,58162.000000,49235.000000,33583.000000
56690.000000,58134.000000,49224.000000,33603.000000
56677.000000,58147.000000,49232.000000,33610.000000
56666.000000,58145.000000,49189.000000,33596.000000
56655.000000,58140.000000,49237.000000,33573.000000
56667.000000,58146.000000,49220.000000,33570.000000
56687.000000,58148.000000,49201.000000,33598.000000
56650.000000,58111.000000,49206.000000,33565.000000
56646.000000,58101.000000,49177.000000,33585.000000
56651.000000,58147.000000,49193.000000,33574.000000
56662.000000,58108.000000,49199.000000,33564.000000
56633.000000,58135.000000,49177.000000,33550.000000
56631.000000,58100.000000,49162.000000,33562.000000
56630.000000,58106.000000,49173.000000,33541.000000
56606.000000,58093.000000,49166.000000,33547.000000
56633.000000,58117.000000,49174.000000,33567.000000
56618.000000,58099.000000,49127.000000,33578.000000
56631.000000,58106.000000,49115.000000,33529.000000
56598.000000,58070.000000,49126.000000,33538.000000
56632.000000,58090.000000,49136.000000,33544.000000
56605.000000,58045.000000,49158.000000,33539.000000
56601.000000,58071.000000,49124.000000,33542.000000
56618.000000,58100.000000,49131.000000,33566.000000
56604.000000,58056.000000,49123.000000,33528.000000
56592.000000,58058.000000,49121.000000,33521.000000
56601.000000,58062.000000,49122.000000,33524.000000
56567.000000,58058.000000,49083.000000,33534.000000
56550.000000,58049.000000,49113.000000,33539.000000
56579.000000,58050.000000,49104.000000,33550.000000
56606.000000,58075.000000,49120.000000,33510.000000
56566.000000,58044.000000,49107.000000,33516.000000
56576.000000,58049.000000,49122.000000,33528.000000
56562.000000,58069.000000,49083.000000,33517.000000
56547.000000,58012.000000,49070.000000,33514.000000
56557.000000,58018.000000,49083.000000,33503.000000
56547.000000,58031.000000,49076.000000,33545.000000
56575.000000,58011.000000,49083.000000,33505.000000
56539.000000,58019.000000,49062.000000,33512.000000
56504.000000,58030.000000,49077.000000,33522.000000
56534.000000,57996.000000,49051.000000,33486.000000
56496.000000,57968.000000,49028.000000,33470.000000
56494.000000,57958.000000,49049.000000,33518.000000
56522.000000,58001.000000,49027.000000,33493.000000
56465.000000,57993.000000,48998.000000,33446.000000
56493.000000,57949.000000,48997.000000,33461.000000
56454.000000,57970.000000,49004.000000,33485.000000
56435.000000,57940.000000,48948.000000,33446.000000
56443.000000,57931.000000,48939.000000,33464.000000
56384.000000,57902.000000,48908.000000,33439.000000
56390.000000,57889.000000,48902.000000,33437.000000
56390.000000,57901.000000,48948.000000,33444.000000
56360.000000,57907.000000,48916.000000,33419.000000
56362.000000,57879.000000,48911.000000,33403.000000
56375.000000,57888.000000,48894.000000,33410.000000
56359.000000,57876.000000,48909.000000,33425.000000
56363.000000,57877.000000,48918.000000,33419.000000
56357.000000,57874.000000,48906.000000,33420.000000
56374.000000,57864.000000,48907.000000,33411.000000
56406.000000,57841.000000,48910.000000,33413.000000
56340.000000,57860.000000,48905.000000,33424.000000
56355.000000,57875.000000,48899.000000,33414.000000
56368.000000,57875.000000,48879.000000,33426.000000
56384.000000,57868.000000,48903.000000,33376.000000
56372.000000,57889.000000,48934.000000,33429.000000
56406.000000,57889.000000,48921.000000,33432.000000
56398.000000,57860.000000,48894.000000,33430.000000
56399.000000,57893.000000,48930.000000,33436.000000
56384.000000,57890.000000,48925.000000,33449.000000
56378.000000,57885.000000,48916.000000,33428.000000
56380.000000,57882.000000,48924.000000,33420.000000
56418.000000,57940.000000,48950.000000,33458.000000
56421.000000,57900.000000,48953.000000,33438.000000
56383.000000,57902.000000,48949.000000,33445.000000
56425.000000,57932.000000,48914.000000,33439.000000
56415.000000,57911.000000,48961.000000,33453.000000
56416.000000,57897.000000,48945.000000,33442.000000
56415.000000,57929.000000,48976.000000,33438.000000
56416.000000,57942.000000,48982.000000,33452.000000
56435.000000,57930.000000,48938.000000,33453.000000
56419.000000,57942.000000,49009.000000,33481.000000
56455.000000,57968.000000,49033.000000,33451.000000
56452.000000,57961.000000,49006.000000,33458.000000
56503.000000,57975.000000,49062.000000,33507.000000
56498.000000,57986.000000,49065.000000,33522.000000
56541.000000,57989.000000,49100.000000,33503.000000
56561.000000,58051.000000,49160.000000,33536.000000
56618.000000,58050.000000,49145.000000,33521.000000
56634.000000,58090.000000,49192.000000,33564.000000
56633.000000,58138.000000,49213.000000,33573.000000
56698.000000,58129.000000,49255.000000,33610.000000
56694.000000,58147.000000,49285.000000,33612.000000
56746.000000,58156.000000,49288.000000,33606.000000
56752.000000,58202.000000,49334.000000,33630.000000
56738.000000,58228.000000,49339.000000,33660.000000
56735.000000,58221.000000,49332.000000,33638.000000
56771.000000,58242.000000,49356.000000,33661.000000
56757.000000,58217.000000,49339.000000,33641.000000
56766.000000,58233.000000,49352.000000,33641.000000
56775.000000,58179.000000,49338.000000,33618.000000
56752.000000,58216.000000,49335.000000,33650.000000
56769.000000,58200.000000,49324.000000,33631.000000
56752.000000,58215.000000,49333.000000,33592.000000
56768.000000,58208.000000,49326.000000,33625.000000
56769.000000,58193.000000,49302.000000,33631.000000
56757.000000,58214.000000,49282.000000,33636.000000
56730.000000,58211.000000,49336.000000,33637.000000
56746.000000,58190.000000,49285.000000,33652.000000
56764.000000,58189.000000,49310.000000,33613.000000
56764.000000,58187.000000,49310.000000,33591.000000
56727.000000,58218.000000,49329.000000,33613.000000
56718.000000,58187.000000,49300.000000,33590.000000
56707.000000,58173.000000,49284.000000,33606.000000
56743.000000,58199.000000,49278.000000,33652.000000
56711.000000,58156.000000,49278.000000,33609.000000
56745.000000,58202.000000,49278.000000,33614.000000
56743.000000,58188.000000,49299.000000,33625.000000
56729.000000,58194.000000,49292.000000,33611.000000
56715.000000,58143.000000,49277.000000,33599.000000
56713.000000,58171.000000,49264.000000,33631.000000
56719.000000,58171.000000,49278.000000,33600.000000
56702.000000,58190.000000,49297.000000,33625.000000
56689.000000,58162.000000,49254.000000,33574.000000
56699.000000,58164.000000,49296.000000,33625.000000
56684.000000,58163.000000,49283.000000,33612.000000
56704.000000,58151.000000,49254.000000,33591.000000
56719.000000,58161.000000,49242.000000,33576.000000
56708.000000,58129.000000,49234.000000,33611.000000
56697.000000,58156.000000,49255.000000,33573.000000
56709.000000,58179.000000,49255.000000,33605.000000
56685.000000,58146.000000,49220.000000,33588.000000
56681.000000,58172.000000,49243.000000,33607.000000
56684.000000,58110.000000,49239.000000,33575.000000
56670.000000,58101.000000,49252.000000,33587.000000
56697.000000,58160.000000,49273.000000,33615.000000
56682.000000,58111.000000,49245.000000,33587.000000
56689.000000,58139.000000,49225.000000,33603.000000
56684.000000,58138.000000,49217.000000,33587.000000
56677.000000,58162.000000,49243.000000,33587.000000
56655.000000,58135.000000,49262.000000,33617.000000
56671.000000,58126.000000,49235.000000,33586.000000
56661.000000,58114.000000,49197.000000,33574.000000
56682.000000,58127.000000,49243.000000,33603.000000
56693.000000,58134.000000,49236.000000,33578.000000
56670.000000,58122.000000,49213.000000,33579.000000
56699.000000,58151.000000,49227.000000,33600.000000
56671.000000,58121.000000,49211.000000,33577.000000
56678.000000,58114.000000,49247.000000,33587.000000
56676.000000,58139.000000,49246.000000,33595.000000
56665.000000,58139.000000,49191.000000,33575.000000
56669.000000,58129.000000,49207.000000,33602.000000
56688.000000,58137.000000,49190.000000,33579.000000
56621.000000,58103.000000,49201.000000,33559.000000
56666.000000,58135.000000,49214.000000,33576.000000
56669.000000,58093.000000,49203.000000,33575.000000
56643.000000,58126.000000,49190.000000,33560.000000
56630.000000,58086.000000,49227.000000,33578.000000
56644.000000,58111.000000,49187.000000,33564.000000
56640.000000,58105.000000,49174.000000,33545.000000
56642.000000,58102.000000,49173.000000,33574.000000
56619.000000,58119.000000,49179.000000,33573.000000
56639.000000,58114.000000,49164.000000,33561.000000
56599.000000,58078.000000,49164.000000,33560.000000
56618.000000,58094.000000,49137.000000,33571.000000
56619.000000,58096.000000,49159.000000,33578.000000
56592.000000,58080.000000,49172.000000,33559.000000
56612.000000,58095.000000,49158.000000,33558.000000
56619.000000,58080.000000,49171.000000,33541.000000
56595.000000,58103.000000,49137.000000,33540.000000
56600.000000,58094.000000,49150.000000,33550.000000
56596.000000,58087.000000,49128.000000,33565.000000
56553.000000,58039.000000,49117.000000,33510.000000
56590.000000,58046.000000,49137.000000,33540.000000
56580.000000,58065.000000,49136.000000,33538.000000
56571.000000,58054.000000,49103.000000,33530.000000
56568.000000,58049.000000,49123.000000,33528.000000
56567.000000,58059.000000,49133.000000,33547.000000
56577.000000,58035.000000,49119.000000,33522.000000
56578.000000,58042.000000,49120.000000,33539.000000
56521.000000,58075.000000,49110.000000,33489.000000
56540.000000,58054.000000,49100.000000,33533.000000
56571.000000,58044.000000,49129.000000,33546.000000
56576.000000,58053.000000,49103.000000,33534.000000
56543.000000,58050.000000,49077.000000,33529.000000
56529.000000,58070.000000,49101.000000,33531.000000
56558.000000,58032.000000,49104.000000,33531.000000
56553.000000,58007.000000,49067.000000,33507.000000
56539.000000,58065.000000,49111.000000,33508.000000
56556.000000,58023.000000,49068.000000,33506.000000
56545.000000,58015.000000,49092.000000,33507.000000
56540.000000,58039.000000,49079.000000,33495.000000
56528.000000,58037.000000,49087.000000,33539.000000
56555.000000,58047.000000,49101.000000,33526.000000
56534.000000,57997.000000,49062.000000,33485.000000
56540.000000,58019.000000,49065.000000,33521.000000
56498.000000,58004.000000,49082.000000,33487.000000
56504.000000,57979.000000,49043.000000,33495.000000
56496.000000,57997.000000,49026.000000,33494.000000
56464.000000,57978.000000,48987.000000,33480.000000
56441.000000,57940.000000,48980.000000,33468.000000
56433.000000,57917.000000,48974.000000,33446.000000
56387.000000,57900.000000,48958.000000,33444.000000
56389.000000,57892.000000,48923.000000,33445.000000
56363.000000,57899.000000,48922.000000,33421.000000
56343.000000,57899.000000,48893.000000,33405.000000
56359.000000,57886.000000,48876.000000,33434.000000
56327.000000,57882.000000,48891.000000,33407.000000
56348.000000,57866.000000,48894.000000,33426.000000
56326.000000,57878.000000,48885.000000,33421.000000
56364.000000,57874.000000,48854.000000,33426.000000
56332.000000,57858.000000,48896.000000,33385.000000
56369.000000,57869.000000,48902.000000,33415.000000
56340.000000,57899.000000,48916.000000,33419.000000
56326.000000,57903.000000,48902.000000,33408.000000
56342.000000,57876.000000,48896.000000,33438.000000
56366.000000,57877.000000,48933.000000,33433.000000
56352.000000,57882.000000,48916.000000,33454.000000
56342.000000,57882.000000,48918.000000,33429.000000
56354.000000,57867.000000,48919.000000,33429.000000
56354.000000,57906.000000,48888.000000,33429.000000
56375.000000,57885.000000,48913.000000,33423.000000
56399.000000,57864.000000,48943.000000,33439.000000
56378.000000,57874.000000,48928.000000,33434.000000
56381.000000,57883.000000,48904.000000,33415.000000
56394.000000,57904.000000,48916.000000,33450.000000
56391.000000,57916.000000,48937.000000,33441.000000
56410.000000,57922.000000,48965.000000,33450.000000
56369.000000,57879.000000,48964.000000,33433.000000
56411.000000,57932.000000,48965.000000,33441.000000
56408.000000,57909.000000,48972.000000,33428.000000
56422.000000,57909.000000,48968.000000,33441.000000
56412.000000,57960.000000,48984.000000,33464.000000
56421.000000,57924.000000,48992.000000,33442.000000
56431.000000,57956.000000,48989.000000,33473.000000
56442.000000,57970.000000,48999.000000,33498.000000
56479.000000,57992.000000,49049.000000,33527.000000
56522.000000,58019.000000,49066.000000,33496.000000
56553.000000,58027.000000,49095.000000,33518.000000
56594.000000,58074.000000,49139.000000,33523.000000
56594.000000,58068.000000,49157.000000,33545.000000
56669.000000,58088.000000,49210.000000,33549.000000
56674.000000,58137.000000,49240.000000,33605.000000
56661.000000,58150.000000,49237.000000,33605.000000
56701.000000,58157.000000,49264.000000,33615.000000
56717.000000,58185.000000,49283.000000,33594.000000
56754.000000,58219.000000,49299.000000,33600.000000
56739.000000,58213.000000,49300.000000,33619.000000
56735.000000,58194.000000,49317.000000,33634.000000
56754.000000,58213.000000,49333.000000,33616.000000
56781.000000,58243.000000,49345.000000,33615.000000
56772.000000,58209.000000,49331.000000,33636.000000
56743.000000,58231.000000,49349.000000,33617.000000
56719.000000,58220.000000,49358.000000,33617.000000
56761.000000,58229.000000,49319.000000,33604.000000
56742.000000,58219.000000,49325.000000,33613.000000
56742.000000,58191.000000,49322.000000,33633.000000
56777.000000,58213.000000,49335.000000,33625.000000
56752.000000,58221.000000,49339.000000,33611.000000
56752.000000,58217.000000,49306.000000,33629.000000
56743.000000,58196.000000,49355.000000,33631.000000
56772.000000,58219.000000,49330.000000,33634.000000
56720.000000,58223.000000,49326.000000,33615.000000
56745.000000,58234.000000,49313.000000,33617.000000
56747.000000,58211.000000,49340.000000,33643.000000
56752.000000,58197.000000,49335.000000,33621.000000
56731.000000,58191.000000,49317.000000,33619.000000
56722.000000,58188.000000,49298.000000,33615.000000
56749.000000,58228.000000,49340.000000,33647.000000
56758.000000,58202.000000,49326.000000,33662.000000
56728.000000,58216.000000,49314.000000,33636.000000
56703.000000,58193.000000,49317.000000,33634.000000
56753.000000,58219.000000,49311.000000,33634.000000
56736.000000,58185.000000,49317.000000,33639.000000
56723.000000,58205.000000,49303.000000,33604.000000
56709.000000,58226.000000,49308.000000,33614.000000
56722.000000,58205.000000,49271.000000,33629.000000
56697.000000,58206.000000,49302.000000,33614.000000
56735.000000,58177.000000,49284.000000,33621.000000
56672.000000,58169.000000,49258.000000,33612.000000
56717.000000,58190.000000,49302.000000,33621.000000
56696.000000,58187.000000,49249.000000,33584.000000
56717.000000,58172.000000,49270.000000,33603.000000
56725.000000,58162.000000,49278.000000,33608.000000
56710.000000,58192.000000,49276.000000,33604.000000
56693.000000,58145.000000,49266.000000,33566.000000
56727.000000,58178.000000,49275.000000,33591.000000
56687.000000,58175.000000,49252.000000,33612.000000
56698.000000,58157.000000,49236.000000,33585.000000
56720.000000,58188.000000,49237.000000,33561.000000
56673.000000,58148.000000,49235.000000,33579.000000
56671.000000,58116.000000,49237.000000,33592.000000
56694.000000,58190.000000,49282.000000,33620.000000
56686.000000,58147.000000,49240.000000,33589.000000
56686.000000,58164.000000,49264.000000,33598.000000
56694.000000,58183.000000,49272.000000,33586.000000
56687.000000,58170.000000,49254.000000,33603.000000
56682.000000,58193.000000,49243.000000,33578.000000
56678.000000,58172.000000,49275.000000,33602.000000
56675.000000,58159.000000,49228.000000,33568.000000
56681.000000,58171.000000,49252.000000,33593.000000
56678.000000,58151.000000,49243.000000,33587.000000
56657.000000,58139.000000,49223.000000,33578.000000
56660.000000,58163.000000,49229.000000,33597.000000
56679.000000,58116.000000,49211.000000,33590.000000
56635.000000,58117.000000,49218.000000,33582.000000
56641.000000,58114.000000,49171.000000,33584.000000
56664.000000,58121.000000,49197.000000,33587.000000
56614.000000,58119.000000,49189.000000,33558.000000
56667.000000,58102.000000,49211.000000,33551.000000
56654.000000,58137.000000,49195.000000,33581.000000
56626.000000,58109.000000,49219.000000,33531.000000
56623.000000,58100.000000,49185.000000,33579.000000
56610.000000,58131.000000,49208.000000,33570.000000
56629.000000,58099.000000,49181.000000,33534.000000
56604.000000,58073.000000,49182.000000,33590.000000
56601.000000,58107.000000,49183.000000,33560.000000
56613.000000,58106.000000,49142.000000,33548.000000
56612.000000,58098.000000,49173.000000,33548.000000
56607.000000,58111.000000,49168.000000,33550.000000
56623.000000,58089.000000,49181.000000,33560.000000
56575.000000,58085.000000,49161.000000,33530.000000
56591.000000,58079.000000,49156.000000,33528.000000
56586.000000,58075.000000,49124.000000,33536.000000
56573.000000,58039.000000,49120.000000,33543.000000
56576.000000,58072.000000,49129.000000,33534.000000
56539.000000,58051.000000,49114.000000,33526.000000
56561.000000,58057.000000,49106.000000,33536.000000
56541.000000,58037.000000,49137.000000,33508.000000
56545.000000,58034.000000,49090.000000,33511.000000
56544.000000,58045.000000,49101.000000,33517.000000
56530.000000,58044.000000,49090.000000,33508.000000
56501.000000,58023.000000,49060.000000,33500.000000
56511.000000,58006.000000,49064.000000,33502.000000
56529.000000,58023.000000,49049.000000,33501.000000
56529.000000,58012.000000,49064.000000,33526.000000
56515.000000,57994.000000,49060.000000,33511.000000
56513.000000,58014.000000,49064.000000,33518.000000
56501.000000,58021.000000,49083.000000,33519.000000
56522.000000,58025.000000,49046.000000,33517.000000
56516.000000,57994.000000,49051.000000,33489.000000
56511.000000,58008.000000,49074.000000,33520.000000
56495.000000,58004.000000,49067.000000,33477.000000
56505.000000,58012.000000,49069.000000,33490.000000
56507.000000,57989.000000,49039.000000,33497.000000
56491.000000,57998.000000,49036.000000,33499.000000
56486.000000,57978.000000,49037.000000,33497.000000
56534.000000,57977.000000,49068.000000,33515.000000
56469.000000,58005.000000,49058.000000,33496.000000
56498.000000,57990.000000,49036.000000,33478.000000
56517.000000,57960.000000,49040.000000,33499.000000
56466.000000,58012.000000,49026.000000,33491.000000
56463.000000,57983.000000,49009.000000,33482.000000
56479.000000,57964.000000,49011.000000,33489.000000
56418.000000,57953.000000,48985.000000,33492.000000
56421.000000,57932.000000,49008.000000,33447.000000
56433.000000,57911.000000,48972.000000,33448.000000
56364.000000,57930.000000,48933.000000,33466.000000
56379.000000,57933.000000,48942.000000,33452.000000
56366.000000,57894.000000,48910.000000,33417.000000
56371.000000,57920.000000,48908.000000,33419.000000
56355.000000,57894.000000,48895.000000,33412.000000
56333.000000,57850.000000,48903.000000,33401.000000
56324.000000,57844.000000,48871.000000,33427.000000
56327.000000,57858.000000,48919.000000,33414.000000
56332.000000,57837.000000,48852.000000,33394.000000
56315.000000,57879.000000,48888.000000,33432.000000
56341.000000,57874.000000,48868.000000,33400.000000
56342.000000,57863.000000,48875.000000,33395.000000
56292.000000,57860.000000,48901.000000,33402.000000
56309.000000,57879.000000,48894.000000,33417.000000
56289.000000,57894.000000,48881.000000,33423.000000
56327.000000,57854.000000,48899.000000,33394.000000
56357.000000,57858.000000,48896.000000,33419.000000
56332.000000,57878.000000,48894.000000,33411.000000
56334.000000,57898.000000,48894.000000,33392.000000
56340.000000,57847.000000,48908.000000,33446.000000
56322.000000,57865.000000,48909.000000,33400.000000
56381.000000,57880.000000,48912.000000,33430.000000
56350.000000,57887.000000,48889.000000,33419.000000
56359.000000,57862.000000,48909.000000,33426.000000
56347.000000,57890.000000,48906.000000,33440.000000
56375.000000,57865.000000,48906.000000,33422.000000
56355.000000,57870.000000,48913.000000,33429.000000
56355.000000,57892.000000,48934.000000,33425.000000
56347.000000,57903.000000,48916.000000,33406.000000
56372.000000,57883.000000,48929.000000,33448.000000
56341.000000,57899.000000,48923.000000,33419.000000
56388.000000,57889.000000,48942.000000,33431.000000
56369.000000,57943.000000,48934.000000,33462.000000
56403.000000,57912.000000,48943.000000,33461.000000
56400.000000,57915.000000,48978.000000,33440.000000
56421.000000,57949.000000,49025.000000,33468.000000
56443.000000,57951.000000,49022.000000,33485.000000
56430.000000,57967.000000,49021.000000,33489.000000
56478.000000,57979.000000,49040.000000,33497.000000
56508.000000,58014.000000,49112.000000,33508.000000
56551.000000,58026.000000,49093.000000,33532.000000
56588.000000,58087.000000,49185.000000,33527.000000
56590.000000,58084.000000,49209.000000,33534.000000
56620.000000,58097.000000,49221.000000,33570.000000
56656.000000,58131.000000,49250.000000,33589.000000
56677.000000,58120.000000,49258.000000,33566.000000
56714.000000,58161.000000,49280.000000,33613.000000
56722.000000,58205.000000,49298.000000,33628.000000
56734.000000,58184.000000,49326.000000,33601.000000
56708.000000,58203.000000,49330.000000,33643.000000
56732.000000,58233.000000,49334.000000,33653.000000
56717.000000,58244.000000,49347.000000,33636.000000
56739.000000,58236.000000,49338.000000,33635.000000
56761.000000,58259.000000,49355.000000,33628.000000
56714.000000,58226.000000,49336.000000,33644.000000
56777.000000,58248.000000,49354.000000,33650.000000
56746.000000,58255.000000,49352.000000,33645.000000
56763.000000,58235.000000,49371.000000,33628.000000
56729.000000,58225.000000,49347.000000,33661.000000
56735.000000,58245.000000,49333.000000,33634.000000
56731.000000,58204.000000,49372.000000,33639.000000
56758.000000,58253.000000,49349.000000,33627.000000
56740.000000,58239.000000,49337.000000,33614.000000
56742.000000,58237.000000,49321.000000,33634.000000
56747.000000,58215.000000,49323.000000,33641.000000
56748.000000,58227.000000,49337.000000,33636.000000
56783.000000,58214.000000,49346.000000,33641.000000
56754.000000,58245.000000,49330.000000,33644.000000
56727.000000,58230.000000,49336.000000,33639.000000
56735.000000,58260.000000,49344.000000,33626.000000
56767.000000,58217.000000,49356.000000,33647.000000
56708.000000,58251.000000,49346.000000,33654.000000
56744.000000,58215.000000,49324.000000,33642.000000
56744.000000,58228.000000,49348.000000,33641.000000
56737.000000,58226.000000,49312.000000,33647.000000
56761.000000,58216.000000,49300.000000,33641.000000
56742.000000,58212.000000,49301.000000,33623.000000
56717.000000,58234.000000,49350.000000,33615.000000
56742.000000,58221.000000,49302.000000,33641.000000
56728.000000,58222.000000,49339.000000,33656.000000
56737.000000,58210.000000,49289.000000,33645.000000
56687.000000,58213.000000,49295.000000,33597.000000
56736.000000,58214.000000,49314.000000,33616.000000
56716.000000,58186.000000,49293.000000,33609.000000
56699.000000,58217.000000,49316.000000,33626.000000
56719.000000,58193.000000,49272.000000,33609.000000
56718.000000,58191.000000,49287.000000,33605.000000
56701.000000,58169.000000,49295.000000,33627.000000
56667.000000,58184.000000,49285.000000,33605.000000
56697.000000,58210.000000,49311.000000,33597.000000
56681.000000,58199.000000,49306.000000,33632.000000
56712.000000,58212.000000,49298.000000,33639.000000
56694.000000,58208.000000,49289.000000,33601.000000
56695.000000,58167.000000,49279.000000,33613.000000
56725.000000,58190.000000,49318.000000,33625.000000
56699.000000,58177.000000,49275.000000,33606.000000
56659.000000,58183.000000,49293.000000,33612.000000
56717.000000,58219.000000,49263.000000,33627.000000
56701.000000,58185.000000,49275.000000,33626.000000
56709.000000,58178.000000,49269.000000,33588.000000
56670.000000,58160.000000,49264.000000,33624.000000
56663.000000,58170.000000,49262.000000,33590.000000
56670.000000,58179.000000,49238.000000,33625.000000
56674.000000,58179.000000,49232.000000,33569.000000
56680.000000,58136.000000,49261.000000,33592.000000
56646.000000,58172.000000,49248.000000,33565.000000
56672.000000,58160.000000,49241.000000,33594.000000
56660.000000,58163.000000,49251.000000,33571.000000
56618.000000,58151.000000,49231.000000,33585.000000
56654.000000,58174.000000,49243.000000,33592.000000
56647.000000,58155.000000,49234.000000,33595.000000
56661.000000,58151.000000,49238.000000,33575.000000
56648.000000,58132.000000,49233.000000,33597.000000
56614.000000,58145.000000,49206.000000,33588.000000
56613.000000,58129.000000,49219.000000,33554.000000
56606.000000,58127.000000,49201.000000,33580.000000
56644.000000,58135.000000,49176.000000,33571.000000
56630.000000,58130.000000,49168.000000,33524.000000
56613.000000,58108.000000,49200.000000,33563.000000
56620.000000,58107.000000,49163.000000,33558.000000
56580.000000,58126.000000,49166.000000,33554.000000
56629.000000,58085.000000,49165.000000,33541.000000
56610.000000,58122.000000,49170.000000,33571.000000
56597.000000,58086.000000,49146.000000,33592.000000
56591.000000,58080.000000,49156.000000,33529.000000
56587.000000,58100.000000,49158.000000,33550.000000
56555.000000,58097.000000,49142.000000,33532.000000
56582.000000,58087.000000,49126.000000,33541.000000
56545.000000,58074.000000,49148.000000,33536.000000
56546.000000,58102.000000,49139.000000,33551.000000
56569.000000,58072.000000,49146.000000,33563.000000
56565.000000,58076.000000,49155.000000,33528.000000
56543.000000,58088.000000,49144.000000,33562.000000
56568.000000,58069.000000,49112.000000,33528.000000
56523.000000,58064.000000,49134.000000,33505.000000
56539.000000,58069.000000,49126.000000,33556.000000
56545.000000,58063.000000,49119.000000,33526.000000
56532.000000,58048.000000,49112.000000,33517.000000
56538.000000,58040.000000,49115.000000,33523.000000
56534.000000,58061.000000,49101.000000,33531.000000
56512.000000,58053.000000,49079.000000,33492.000000
56517.000000,58066.000000,49102.000000,33544.000000
56525.000000,58017.000000,49101.000000,33517.000000
56511.000000,58048.000000,49114.000000,33521.000000
56526.000000,58033.000000,49086.000000,33513.000000
56519.000000,58034.000000,49077.000000,33491.000000
56500.000000,58022.000000,49090.000000,33539.000000
56518.000000,58022.000000,49078.000000,33511.000000
56473.000000,58007.000000,49075.000000,33505.000000
56460.000000,57996.000000,49064.000000,33526.000000
56482.000000,58011.000000,49046.000000,33509.000000
56451.000000,57997.000000,49032.000000,33479.000000
56432.000000,57966.000000,49008.000000,33468.000000
56423.000000,57998.000000,49016.000000,33483.000000
56396.000000,57981.000000,48956.000000,33450.000000
56380.000000,57942.000000,48976.000000,33443.000000
56400.000000,57953.000000,48963.000000,33454.000000
56372.000000,57929.000000,48919.000000,33436.000000
56372.000000,57934.000000,48959.000000,33444.000000
56364.000000,57915.000000,48957.000000,33471.000000
56359.000000,57919.000000,48933.000000,33439.000000
56366.000000,57911.000000,48934.000000,33427.000000
56354.000000,57911.000000,48943.000000,33449.000000
56358.000000,57909.000000,48930.000000,33441.000000
56373.000000,57918.000000,48936.000000,33423.000000
56349.000000,57938.000000,48933.000000,33427.000000
56337.000000,57931.000000,48956.000000,33430.000000
56350.000000,57928.000000,48966.000000,33421.000000
56367.000000,57906.000000,48935.000000,33432.000000
56344.000000,57904.000000,48924.000000,33436.000000
56332.000000,57912.000000,48949.000000,33445.000000
56353.000000,57914.000000,48966.000000,33436.000000
56349.000000,57906.000000,48952.000000,33427.000000
56353.000000,57895.000000,48946.000000,33445.000000
56362.000000,57895.000000,48925.000000,33437.000000
56361.000000,57910.000000,48947.000000,33444.000000
56360.000000,57906.000000,48936.000000,33440.000000
56346.000000,57909.000000,48899.000000,33449.000000
56384.000000,57921.000000,48968.000000,33459.000000
56373.000000,57891.000000,48946.000000,33444.000000
56369.000000,57923.000000,48988.000000,33452.000000
56383.000000,57935.000000,48977.000000,33452.000000
56388.000000,57922.000000,48970.000000,33445.000000
56395.000000,57954.000000,49004.000000,33466.000000
56417.000000,57943.000000,48966.000000,33473.000000
56427.000000,57968.000000,48987.000000,33470.000000
56420.000000,57961.000000,48986.000000,33473.000000
56448.000000,57980.000000,49016.000000,33494.000000
56435.000000,58001.000000,49050.000000,33464.000000
56442.000000,57989.000000,49051.000000,33483.000000
56477.000000,57974.000000,49056.000000,33515.000000
56512.000000,58030.000000,49085.000000,33526.000000
56543.000000,58029.000000,49111.000000,33517.000000
56541.000000,58086.000000,49164.000000,33554.000000
56554.000000,58091.000000,49147.000000,33558.000000
56605.000000,58102.000000,49204.000000,33553.000000
56641.000000,58161.000000,49200.000000,33590.000000
56667.000000,58150.000000,49269.000000,33612.000000
56679.000000,58193.000000,49278.000000,33647.000000
56692.000000,58218.000000,49324.000000,33626.000000
56712.000000,58222.000000,49320.000000,33652.000000
56741.000000,58212.000000,49346.000000,33653.000000
56743.000000,58231.000000,49344.000000,33642.000000
56750.000000,58218.000000,49342.000000,33634.000000
56762.000000,58238.000000,49340.000000,33674.000000
56758.000000,58223.000000,49363.000000,33655.000000
56760.000000,58260.000000,49370.000000,33638.000000
56731.000000,58222.000000,49362.000000,33666.000000
56801.000000,58265.000000,49375.000000,33651.000000
56755.000000,58250.000000,49347.000000,33632.000000
56750.000000,58275.000000,49347.000000,33647.000000
56762.000000,58247.000000,49377.000000,33674.000000
56760.000000,58248.000000,49380.000000,33694.000000
56778.000000,58260.000000,49378.000000,33651.000000
56778.000000,58289.000000,49371.000000,33693.000000
56749.000000,58251.000000,49342.000000,33648.000000
56753.000000,58244.000000,49374.000000,33660.000000
56736.000000,58249.000000,49367.000000,33652.000000
56778.000000,58262.000000,49351.000000,33671.000000
56774.000000,58269.000000,49390.000000,33648.000000
56755.000000,58247.000000,49321.000000,33630.000000
56749.000000,58262.000000,49346.000000,33651.000000
56723.000000,58246.000000,49359.000000,33632.000000
56727.000000,58220.000000,49333.000000,33628.000000
56739.000000,58256.000000,49348.000000,33657.000000
56734.000000,58262.000000,49339.000000,33636.000000
56726.000000,58214.000000,49326.000000,33631.000000
56732.000000,58244.000000,49320.000000,33688.000000
56724.000000,58240.000000,49349.000000,33643.000000
56724.000000,58242.000000,49349.000000,33647.000000
56712.000000,58230.000000,49320.000000,33630.000000
56724.000000,58222.000000,49323.000000,33635.000000
56718.000000,58187.000000,49299.000000,33619.000000
56713.000000,58192.000000,49316.000000,33618.000000
56705.000000,58190.000000,49326.000000,33608.000000
56705.000000,58208.000000,49316.000000,33626.000000
56686.000000,58184.000000,49282.000000,33610.000000
56698.000000,58230.000000,49330.000000,33642.000000
56711.000000,58188.000000,49322.000000,33627.000000
56700.000000,58188.000000,49326.000000,33630.000000
56707.000000,58197.000000,49286.000000,33640.000000
56690.000000,58196.000000,49289.000000,33619.000000
56692.000000,58204.000000,49291.000000,33606.000000
56719.000000,58200.000000,49295.000000,33631.000000
56657.000000,58184.000000,49287.000000,33601.000000
56671.000000,58204.000000,49281.000000,33630.000000
56681.000000,58182.000000,49287.000000,33605.000000
56662.000000,58169.000000,49256.000000,33577.000000
56669.000000,58174.000000,49215.000000,33594.000000
56665.000000,58135.000000,49211.000000,33599.000000
56642.000000,58154.000000,49247.000000,33580.000000
56657.000000,58153.000000,49235.000000,33596.000000
56656.000000,58169.000000,49249.000000,33592.000000
56663.000000,58152.000000,49256.000000,33588.000000
56632.000000,58115.000000,49237.000000,33610.000000
56652.000000,58148.000000,49266.000000,33590.000000
56650.000000,58157.000000,49255.000000,33564.000000
56630.000000,58152.000000,49246.000000,33615.000000
56626.000000,58155.000000,49221.000000,33615.000000
56634.000000,58144.000000,49223.000000,33576.000000
56636.000000,58148.000000,49220.000000,33581.000000
56636.000000,58126.000000,49210.000000,33564.000000
56625.000000,58117.000000,49210.000000,33557.000000
56620.000000,58125.000000,49198.000000,33576.000000
56608.000000,58134.000000,49219.000000,33585.000000
56618.000000,58141.000000,49229.000000,33565.000000
56622.000000,58140.000000,49212.000000,33575.000000
56591.000000,58154.000000,49198.000000,33578.000000
56584.000000,58136.000000,49206.000000,33567.000000
56600.000000,58108.000000,49209.000000,33576.000000
56593.000000,58124.000000,49190.000000,33583.000000
56564.000000,58107.000000,49193.000000,33567.000000
56599.000000,58152.000000,49210.000000,33572.000000
56580.000000,58108.000000,49195.000000,33543.000000
56583.000000,58123.000000,49208.000000,33562.000000
56575.000000,58104.000000,49180.000000,33540.000000
56562.000000,58124.000000,49205.000000,33554.000000
56578.000000,58115.000000,49174.000000,33542.000000
56541.000000,58108.000000,49138.000000,33536.000000
56555.000000,58084.000000,49173.000000,33548.000000
56538.000000,58054.000000,49141.000000,33506.000000
56543.000000,58109.000000,49143.000000,33528.000000
56526.000000,58041.000000,49144.000000,33519.000000
56520.000000,58071.000000,49113.000000,33514.000000
56522.000000,58073.000000,49102.000000,33523.000000
56536.000000,58029.000000,49125.000000,33516.000000
56519.000000,58043.000000,49104.000000,33539.000000
56516.000000,58028.000000,49112.000000,33523.000000
56534.000000,58071.000000,49131.000000,33532.000000
56524.000000,58042.000000,49093.000000,33499.000000
56531.000000,58069.000000,49116.000000,33520.000000
56507.000000,58062.000000,49099.000000,33538.000000
56530.000000,58035.000000,49114.000000,33546.000000
56527.000000,58053.000000,49099.000000,33541.000000
56543.000000,58064.000000,49129.000000,33527.000000
56525.000000,58082.000000,49123.000000,33521.000000
56504.000000,58056.000000,49105.000000,33515.000000
56491.000000,58057.000000,49091.000000,33505.000000
56519.000000,58048.000000,49105.000000,33503.000000
56506.000000,58050.000000,49100.000000,33496.000000
56525.000000,58046.000000,49068.000000,33511.000000
56472.000000,58040.000000,49087.000000,33527.000000
56483.000000,57987.000000,49059.000000,33503.000000
56448.000000,57997.000000,49049.000000,33463.000000
56415.000000,57979.000000,49061.000000,33468.000000
56438.000000,57981.000000,49027.000000,33466.000000
56419.000000,57967.000000,49001.000000,33465.000000
56376.000000,57997.000000,48997.000000,33467.000000
56384.000000,57984.000000,48982.000000,33430.000000
56399.000000,57951.000000,48979.000000,33485.000000
56363.000000,57933.000000,48936.000000,33441.000000
56370.000000,57936.000000,48969.000000,33460.000000
56379.000000,57914.000000,48939.000000,33448.000000
56305.000000,57924.000000,48947.000000,33448.000000
56316.000000,57927.000000,48937.000000,33424.000000
56311.000000,57884.000000,48938.000000,33444.000000
56322.000000,57929.000000,48946.000000,33430.000000
56319.000000,57915.000000,48948.000000,33464.000000
56322.000000,57901.000000,48928.000000,33419.000000
56305.000000,57896.000000,48914.000000,33421.000000
56341.000000,57939.000000,48947.000000,33418.000000
56348.000000,57907.000000,48962.000000,33443.000000
56351.000000,57919.000000,48940.000000,33432.000000
56350.000000,57908.000000,48932.000000,33414.000000
56354.000000,57931.000000,48974.000000,33457.000000
56365.000000,57919.000000,48959.000000,33442.000000
56367.000000,57926.000000,48963.000000,33460.000000
56342.000000,57923.000000,48965.000000,33446.000000
56368.000000,57946.000000,48958.000000,33440.000000
56359.000000,57960.000000,48963.000000,33441.000000
56365.000000,57938.000000,48959.000000,33456.000000
56362.000000,57958.000000,48984.000000,33469.000000
56382.000000,57958.000000,48982.000000,33472.000000
56381.000000,57988.000000,49004.000000,33438.000000
56417.000000,57980.000000,48984.000000,33472.000000
56403.000000,57940.000000,49019.000000,33472.000000
56402.000000,57970.000000,48985.000000,33451.000000
56422.000000,57975.000000,49009.000000,33488.000000
56423.000000,57973.000000,49017.000000,33463.000000
56419.000000,57979.000000,49017.000000,33480.000000
56426.000000,57965.000000,49011.000000,33460.000000
56421.000000,57999.000000,49055.000000,33480.000000
56447.000000,57996.000000,49042.000000,33486.000000
56482.000000,58034.000000,49094.000000,33492.000000
56486.000000,58042.000000,49081.000000,33527.000000
56521.000000,58068.000000,49122.000000,33515.000000
56540.000000,58096.000000,49158.000000,33536.000000
56558.000000,58111.000000,49176.000000,33542.000000
56607.000000,58119.000000,49200.000000,33545.000000
56647.000000,58154.000000,49249.000000,33597.000000
56667.000000,58203.000000,49258.000000,33615.000000
56695.000000,58206.000000,49312.000000,33601.000000
56718.000000,58219.000000,49314.000000,33647.000000
56749.000000,58237.000000,49357.000000,33656.000000
56761.000000,58252.000000,49383.000000,33651.000000
56759.000000,58285.000000,49391.000000,33690.000000
56766.000000,58273.000000,49387.000000,33658.000000
56764.000000,58285.000000,49405.000000,33661.000000
56797.000000,58308.000000,49405.000000,33678.000000
56797.000000,58318.000000,49386.000000,33692.000000
56798.000000,58300.000000,49383.000000,33654.000000
56802.000000,58287.000000,49416.000000,33667.000000
56741.000000,58296.000000,49386.000000,33667.000000
56779.000000,58278.000000,49427.000000,33693.000000
56767.000000,58315.000000,49393.000000,33667.000000
56787.000000,58317.000000,49374.000000,33675.000000
56781.000000,58272.000000,49414.000000,33679.000000
56760.000000,58238.000000,49386.000000,33655.000000
56755.000000,58264.000000,49381.000000,33660.000000
56765.000000,58271.000000,49381.000000,33644.000000
56785.000000,58287.000000,49406.000000,33668.000000
56782.000000,58275.000000,49395.000000,33648.000000
56763.000000,58274.000000,49370.000000,33658.000000
56728.000000,58249.000000,49409.000000,33638.000000
56750.000000,58247.000000,49368.000000,33634.000000
56747.000000,58286.000000,49368.000000,33629.000000
56753.000000,58257.000000,49369.000000,33656.000000
56759.000000,58247.000000,49387.000000,33652.000000
56752.000000,58235.000000,49380.000000,33668.000000
56745.000000,58271.000000,49386.000000,33648.000000
56741.000000,58260.000000,49363.000000,33671.000000
56746.000000,58262.000000,49375.000000,33669.000000
56739.000000,58249.000000,49348.000000,33640.000000
56757.000000,58250.000000,49375.000000,33646.000000
56760.000000,58257.000000,49358.000000,33647.000000
56732.000000,58269.000000,49335.000000,33655.000000
56725.000000,58251.000000,49349.000000,33621.000000
56740.000000,58232.000000,49348.000000,33660.000000
56737.000000,58249.000000,49339.000000,33652.000000
56740.000000,58235.000000,49359.000000,33642.000000
56741.000000,58232.000000,49331.000000,33653.000000
56705.000000,58222.000000,49331.000000,33630.000000
56707.000000,58226.000000,49356.000000,33604.000000
56691.000000,58219.000000,49320.000000,33646.000000
56734.000000,58240.000000,49307.000000,33641.000000
56691.000000,58223.000000,49334.000000,33632.000000
56697.000000,58213.000000,49311.000000,33596.000000
56730.000000,58234.000000,49323.000000,33621.000000
56705.000000,58191.000000,49300.000000,33611.000000
56704.000000,58201.000000,49304.000000,33627.000000
56712.000000,58217.000000,49307.000000,33608.000000
56703.000000,58204.000000,49318.000000,33601.000000
56693.000000,58188.000000,49303.000000,33623.000000
56697.000000,58215.000000,49330.000000,33614.000000
56701.000000,58207.000000,49301.000000,33638.000000
56673.000000,58205.000000,49291.000000,33613.000000
56699.000000,58194.000000,49298.000000,33603.000000
56694.000000,58213.000000,49300.000000,33597.000000
56700.000000,58182.000000,49286.000000,33605.000000
56682.000000,58166.000000,49280.000000,33589.000000
56664.000000,58149.000000,49285.000000,33646.000000
56687.000000,58175.000000,49258.000000,33622.000000
56675.000000,58182.000000,49280.000000,33593.000000
56669.000000,58177.000000,49302.000000,33604.000000
56660.000000,58176.000000,49296.000000,33611.000000
56656.000000,58172.000000,49242.000000,33591.000000
56647.000000,58151.000000,49235.000000,33595.000000
56650.000000,58154.000000,49265.000000,33611.000000
56661.000000,58163.000000,49199.000000,33594.000000
56617.000000,58132.000000,49245.000000,33582.000000
56650.000000,58147.000000,49250.000000,33614.000000
56652.000000,58129.000000,49229.000000,33602.000000
56638.000000,58149.000000,49168.000000,33586.000000
56632.000000,58118.000000,49248.000000,33578.000000
56590.000000,58107.000000,49204.000000,33571.000000
56618.000000,58127.000000,49203.000000,33584.000000
56581.000000,58160.000000,49218.000000,33608.000000
56614.000000,58142.000000,49206.000000,33571.000000
56602.000000,58124.000000,49188.000000,33586.000000
56569.000000,58109.000000,49208.000000,33563.000000
56586.000000,58129.000000,49211.000000,33574.000000
56601.000000,58126.000000,49202.000000,33582.000000
56570.000000,58096.000000,49187.000000,33584.000000
56593.000000,58115.000000,49192.000000,33564.000000
56582.000000,58139.000000,49189.000000,33581.000000
56609.000000,58117.000000,49203.000000,33550.000000
56592.000000,58103.000000,49168.000000,33534.000000
56581.000000,58104.000000,49159.000000,33554.000000
56576.000000,58111.000000,49165.000000,33566.000000
56545.000000,58079.000000,49143.000000,33553.000000
56541.000000,58077.000000,49172.000000,33527.000000
56564.000000,58070.000000,49135.000000,33536.000000
56558.000000,58096.000000,49156.000000,33564.000000
56543.000000,58080.000000,49159.000000,33564.000000
56512.000000,58078.000000,49134.000000,33558.000000
56553.000000,58070.000000,49106.000000,33518.000000
56526.000000,58065.000000,49152.000000,33553.000000
56512.000000,58078.000000,49145.000000,33539.000000
56542.000000,58088.000000,49125.000000,33522.000000
56534.000000,58073.000000,49117.000000,33514.000000
56516.000000,58070.000000,49084.000000,33530.000000
56503.000000,58061.000000,49127.000000,33534.000000
56496.000000,58038.000000,49127.000000,33510.000000
56522.000000,58059.000000,49114.000000,33518.000000
56506.000000,58023.000000,49097.000000,33520.000000
56470.000000,58068.000000,49078.000000,33496.000000
56492.000000,58026.000000,49102.000000,33510.000000
56504.000000,58050.000000,49095.000000,33534.000000
56476.000000,58012.000000,49052.000000,33504.000000
56470.000000,58028.000000,49092.000000,33504.000000
56455.000000,58037.000000,49068.000000,33531.000000
56419.000000,58010.000000,49048.000000,33484.000000
56430.000000,57977.000000,49040.000000,33486.000000
56399.000000,58001.000000,49033.000000,33510.000000
56396.000000,57962.000000,48982.000000,33460.000000
56391.000000,57978.000000,48977.000000,33482.000000
56376.000000,57976.000000,48990.000000,33468.000000
56365.000000,57935.000000,48974.000000,33463.000000
56364.000000,57928.000000,48961.000000,33458.000000
56364.000000,57943.000000,48974.000000,33468.000000
56353.000000,57940.000000,48979.000000,33459.000000
56368.000000,57918.000000,48940.000000,33427.000000
56333.000000,57947.000000,48953.000000,33439.000000
56333.000000,57920.000000,48945.000000,33446.000000
56332.000000,57934.000000,48985.000000,33460.000000
56350.000000,57934.000000,48961.000000,33462.000000
56350.000000,57932.000000,48982.000000,33443.000000
56377.000000,57908.000000,48979.000000,33492.000000
56339.000000,57927.000000,48988.000000,33444.000000
56370.000000,57939.000000,48962.000000,33468.000000
56385.000000,57973.000000,48986.000000,33459.000000
56375.000000,57955.000000,49017.000000,33439.000000
56381.000000,57978.000000,48964.000000,33449.000000
56368.000000,57951.000000,48998.000000,33472.000000
56390.000000,57990.000000,48973.000000,33480.000000
56380.000000,57966.000000,49016.000000,33492.000000
56403.000000,57979.000000,49019.000000,33451.000000
56413.000000,57998.000000,49010.000000,33481.000000
56402.000000,57971.000000,49015.000000,33491.000000
56395.000000,57992.000000,49019.000000,33476.000000
56421.000000,57987.000000,49020.000000,33466.000000
56403.000000,58002.000000,49039.000000,33482.000000
56409.000000,57981.000000,49049.000000,33478.000000
56425.000000,58000.000000,49056.000000,33501.000000
56422.000000,57970.000000,49016.000000,33467.000000
56421.000000,57976.000000,49049.000000,33481.000000
56430.000000,58012.000000,49054.000000,33494.000000
56445.000000,58023.000000,49068.000000,33514.000000
56452.000000,58025.000000,49094.000000,33478.000000
56458.000000,58036.000000,49105.000000,33528.000000
56504.000000,58047.000000,49113.000000,33535.000000
56518.000000,58056.000000,49120.000000,33536.000000
56569.000000,58101.000000,49159.000000,33556.000000
56549.000000,58128.000000,49202.000000,33586.000000
56592.000000,58124.000000,49218.000000,33570.000000
56623.000000,58162.000000,49287.000000,33583.000000
56652.000000,58162.000000,49284.000000,33605.000000
56666.000000,58205.000000,49308.000000,33626.000000
56671.000000,58242.000000,49341.000000,33659.000000
56717.000000,58235.000000,49344.000000,33630.000000
56730.000000,58248.000000,49362.000000,33641.000000
56739.000000,58252.000000,49370.000000,33670.000000
56749.000000,58271.000000,49377.000000,33661.000000
56774.000000,58270.000000,49396.000000,33673.000000
56788.000000,58304.000000,49418.000000,33668.000000
56768.000000,58283.000000,49413.000000,33692.000000
56764.000000,58288.000000,49393.000000,33676.000000
56797.000000,58277.000000,49405.000000,33680.000000
56781.000000,58282.000000,49399.000000,33677.000000
56781.000000,58284.000000,49400.000000,33689.000000
56762.000000,58288.000000,49414.000000,33673.000000
56750.000000,58302.000000,49421.000000,33661.000000
56806.000000,58286.000000,49427.000000,33658.000000
56772.000000,58298.000000,49432.000000,33685.000000
56768.000000,58284.000000,49383.000000,33682.000000
56763.000000,58272.000000,49398.000000,33667.000000
56781.000000,58322.000000,49400.000000,33668.000000
56751.000000,58274.000000,49377.000000,33653.000000
56783.000000,58244.000000,49386.000000,33687.000000
56755.000000,58257.000000,49390.000000,33701.000000
56749.000000,58300.000000,49367.000000,33683.000000
56767.000000,58254.000000,49423.000000,33640.000000
56748.000000,58274.000000,49395.000000,33672.000000
56738.000000,58280.000000,49376.000000,33665.000000
56764.000000,58235.000000,49372.000000,33664.000000
56728.000000,58278.000000,49385.000000,33683.000000
56745.000000,58271.000000,49386.000000,33663.000000
56720.000000,58276.000000,49387.000000,33672.000000
56763.000000,58282.000000,49377.000000,33658.000000
56737.000000,58290.000000,49366.000000,33668.000000
56752.000000,58297.000000,49389.000000,33625.000000
56762.000000,58282.000000,49377.000000,33684.000000
56734.000000,58280.000000,49366.000000,33658.000000
56748.000000,58272.000000,49364.000000,33661.000000
56746.000000,58269.000000,49371.000000,33661.000000
56738.000000,58259.000000,49371.000000,33682.000000
56728.000000,58271.000000,49375.000000,33661.000000
56712.000000,58251.000000,49349.000000,33664.000000
56739.000000,58279.000000,49363.000000,33645.000000
56722.000000,58251.000000,49356.000000,33652.000000
56718.000000,58263.000000,49357.000000,33646.000000
56712.000000,58259.000000,49376.000000,33636.000000
56714.000000,58249.000000,49362.000000,33658.000000
56727.000000,58246.000000,49341.000000,33636.000000
56729.000000,58240.000000,49340.000000,33636.000000
56696.000000,58242.000000,49354.000000,33638.000000
56741.000000,58249.000000,49336.000000,33659.000000
56713.000000,58231.000000,49363.000000,33627.000000
56696.000000,58255.000000,49348.000000,33622.000000
56701.000000,58194.000000,49361.000000,33630.000000
56716.000000,58265.000000,49349.000000,33645.000000
56677.000000,58242.000000,49328.000000,33651.000000
56683.000000,58218.000000,49306.000000,33649.000000
56701.000000,58219.000000,49340.000000,33644.000000
56699.000000,58234.000000,49346.000000,33660.000000
56693.000000,58245.000000,49346.000000,33644.000000
56687.000000,58216.000000,49353.000000,33621.000000
56695.000000,58250.000000,49322.000000,33670.000000
56717.000000,58251.000000,49329.000000,33638.000000
56682.000000,58262.000000,49345.000000,33638.000000
56675.000000,58255.000000,49315.000000,33638.000000
56689.000000,58252.000000,49331.000000,33644.000000
56691.000000,58240.000000,49329.000000,33609.000000
56689.000000,58235.000000,49311.000000,33655.000000
56681.000000,58237.000000,49297.000000,33601.000000
56674.000000,58198.000000,49291.000000,33626.000000
56681.000000,58238.000000,49338.000000,33652.000000
56651.000000,58227.000000,49314.000000,33645.000000
56684.000000,58219.000000,49278.000000,33677.000000
56629.000000,58230.000000,49291.000000,33611.000000
56657.000000,58224.000000,49296.000000,33641.000000
56652.000000,58212.000000,49270.000000,33601.000000
56639.000000,58194.000000,49251.000000,33635.000000
56675.000000,58217.000000,49265.000000,33633.000000
56637.000000,58170.000000,49251.000000,33591.000000
56632.000000,58218.000000,49266.000000,33612.000000
56635.000000,58194.000000,49285.000000,33612.000000
56636.000000,58188.000000,49295.000000,33615.000000
56619.000000,58201.000000,49266.000000,33606.000000
56675.000000,58205.000000,49287.000000,33620.000000
56620.000000,58195.000000,49247.000000,33591.000000
56661.000000,58215.000000,49251.000000,33622.000000
56620.000000,58203.000000,49243.000000,33595.000000
56638.000000,58209.000000,49277.000000,33611.000000
56643.000000,58239.000000,49288.000000,33625.000000
56642.000000,58252.000000,49277.000000,33607.000000
56591.000000,58212.000000,49256.000000,33585.000000
56618.000000,58210.000000,49253.000000,33615.000000
56628.000000,58189.000000,49260.000000,33588.000000
56634.000000,58186.000000,49260.000000,33581.000000
56591.000000,58172.000000,49222.000000,33605.000000
56618.000000,58168.000000,49245.000000,33569.000000
56591.000000,58169.000000,49237.000000,33593.000000
56584.000000,58196.000000,49233.000000,33584.000000
56614.000000,58160.000000,49227.000000,33578.000000
56609.000000,58169.000000,49241.000000,33590.000000
56592.000000,58162.000000,49220.000000,33595.000000
56575.000000,58147.000000,49204.000000,33564.000000
56541.000000,58125.000000,49186.000000,33556.000000
56536.000000,58128.000000,49155.000000,33553.000000
56520.000000,58139.000000,49162.000000,33561.000000
56529.000000,58081.000000,49126.000000,33555.000000
56500.000000,58099.000000,49104.000000,33531.000000
56454.000000,58070.000000,49055.000000,33504.000000
56439.000000,58051.000000,49072.000000,33493.000000
56425.000000,58047.000000,49067.000000,33505.000000
56426.000000,58042.000000,49079.000000,33551.000000
56414.000000,58026.000000,49059.000000,33512.000000
56429.000000,58052.000000,49060.000000,33508.000000
56439.000000,58061.000000,49082.000000,33522.000000
56440.000000,58022.000000,49075.000000,33507.000000
56407.000000,58030.000000,49060.000000,33516.000000
56409.000000,58032.000000,49083.000000,33510.000000
56447.000000,58040.000000,49083.000000,33513.000000
56415.000000,58059.000000,49078.000000,33518.000000
56444.000000,58056.000000,49087.000000,33507.000000
56445.000000,58061.000000,49074.000000,33520.000000
56415.000000,58056.000000,49067.000000,33524.000000
56453.000000,58037.000000,49082.000000,33529.000000
56407.000000,58055.000000,49099.000000,33514.000000
56431.000000,58042.000000,49089.000000,33491.000000
56450.000000,58036.000000,49090.000000,33521.000000
56453.000000,58081.000000,49097.000000,33533.000000
56462.000000,58061.000000,49110.000000,33532.000000
56434.000000,58074.000000,49127.000000,33512.000000
56465.000000,58067.000000,49126.000000,33539.000000
56510.000000,58101.000000,49167.000000,33560.000000
56500.000000,58086.000000,49153.000000,33584.000000
56489.000000,58094.000000,49130.000000,33540.000000
56518.000000,58111.000000,49166.000000,33564.000000
56525.000000,58137.000000,49206.000000,33576.000000
56518.000000,58109.000000,49188.000000,33581.000000
56543.000000,58147.000000,49203.000000,33603.000000
56578.000000,58170.000000,49242.000000,33583.000000
56571.000000,58188.000000,49222.000000,33601.000000
56652.000000,58201.000000,49268.000000,33603.000000
56638.000000,58210.000000,49304.000000,33649.000000
56677.000000,58252.000000,49343.000000,33655.000000
56691.000000,58268.000000,49383.000000,33667.000000
56721.000000,58277.000000,49402.000000,33684.000000
56761.000000,58296.000000,49405.000000,33700.000000
56764.000000,58331.000000,49441.000000,33708.000000
56767.000000,58309.000000,49455.000000,33704.000000
56809.000000,58333.000000,49438.000000,33719.000000
56777.000000,58351.000000,49492.000000,33678.000000
56802.000000,58342.000000,49458.000000,33733.000000
56812.000000,58337.000000,49490.000000,33711.000000
56802.000000,58366.000000,49507.000000,33722.000000
56815.000000,58338.000000,49490.000000,33731.000000
56802.000000,58357.000000,49505.000000,33704.000000
56810.000000,58410.000000,49481.000000,33724.000000
56822.000000,58361.000000,49511.000000,33726.000000
56790.000000,58381.000000,49496.000000,33732.000000
56837.000000,58380.000000,49506.000000,33746.000000
56810.000000,58400.000000,49505.000000,33754.000000
56828.000000,58403.000000,49501.000000,33716.000000
56846.000000,58427.000000,49498.000000,33753.000000
56842.000000,58376.000000,49510.000000,33764.000000
56794.000000,58372.000000,49472.000000,33705.000000
56843.000000,58384.000000,49502.000000,33729.000000
56814.000000,58373.000000,49493.000000,33747.000000
56841.000000,58402.000000,49515.000000,33730.000000
56800.000000,58356.000000,49493.000000,33743.000000
56806.000000,58388.000000,49472.000000,33714.000000
56824.000000,58340.000000,49492.000000,33727.000000
56791.000000,58340.000000,49479.000000,33717.000000
56744.000000,58344.000000,49480.000000,33711.000000
56789.000000,58344.000000,49459.000000,33739.000000
56774.000000,58311.000000,49434.000000,33690.000000
56769.000000,58345.000000,49463.000000,33707.000000
56749.000000,58324.000000,49427.000000,33693.000000
56744.000000,58305.000000,49439.000000,33691.000000
56737.000000,58296.000000,49444.000000,33712.000000
56782.000000,58326.000000,49439.000000,33700.000000
56733.000000,58281.000000,49400.000000,33685.000000
56735.000000,58300.000000,49428.000000,33682.000000
56740.000000,58285.000000,49424.000000,33735.000000
56746.000000,58303.000000,49418.000000,33682.000000
56719.000000,58297.000000,49400.000000,33708.000000
56728.000000,58327.000000,49398.000000,33680.000000
56718.000000,58280.000000,49395.000000,33674.000000
56741.000000,58253.000000,49409.000000,33674.000000
56753.000000,58287.000000,49379.000000,33676.000000
56736.000000,58289.000000,49400.000000,33669.000000
56685.000000,58290.000000,49386.000000,33687.000000
56724.000000,58304.000000,49388.000000,33664.000000
56710.000000,58269.000000,49396.000000,33657.000000
56726.000000,58243.000000,49344.000000,33653.000000
56706.000000,58266.000000,49401.000000,33679.000000
56691.000000,58244.000000,49364.000000,33672.000000
56697.000000,58249.000000,49351.000000,33642.000000
56694.000000,58248.000000,49385.000000,33650.000000
56692.000000,58247.000000,49362.000000,33685.000000
56685.000000,58257.000000,49312.000000,33632.000000
56702.000000,58208.000000,49361.000000,33668.000000
56696.000000,58235.000000,49354.000000,33687.000000
56714.000000,58244.000000,49328.000000,33665.000000
56671.000000,58233.000000,49351.000000,33671.000000
56658.000000,58231.000000,49309.000000,33642.000000
56666.000000,58205.000000,49329.000000,33639.000000
56662.000000,58211.000000,49325.000000,33650.000000
56672.000000,58214.000000,49326.000000,33653.000000
56650.000000,58191.000000,49307.000000,33627.000000
56638.000000,58198.000000,49283.000000,33615.000000
56629.000000,58174.000000,49288.000000,33634.000000
56619.000000,58170.000000,49310.000000,33641.000000
56603.000000,58172.000000,49288.000000,33620.000000
56623.000000,58191.000000,49311.000000,33628.000000
56600.000000,58155.000000,49284.000000,33629.000000
56631.000000,58173.000000,49272.000000,33608.000000
56600.000000,58178.000000,49288.000000,33634.000000
56589.000000,58143.000000,49248.000000,33597.000000
56592.000000,58165.000000,49280.000000,33597.000000
56608.000000,58183.000000,49264.000000,33600.000000
56560.000000,58162.000000,49239.000000,33584.000000
56595.000000,58131.000000,49245.000000,33575.000000
56583.000000,58147.000000,49251.000000,33617.000000
56573.000000,58160.000000,49229.000000,33586.000000
56601.000000,58133.000000,49249.000000,33590.000000
56540.000000,58143.000000,49228.000000,33605.000000
56559.000000,58112.000000,49208.000000,33585.000000
56578.000000,58131.000000,49214.000000,33592.000000
56532.000000,58135.000000,49190.000000,33582.000000
56555.000000,58114.000000,49212.000000,33588.000000
56523.000000,58095.000000,49173.000000,33578.000000
56507.000000,58086.000000,49186.000000,33537.000000
56520.000000,58109.000000,49173.000000,33565.000000
56520.000000,58085.000000,49154.000000,33559.000000
56510.000000,58058.000000,49180.000000,33558.000000
56497.000000,58088.000000,49159.000000,33560.000000
56515.000000,58070.000000,49174.000000,33564.000000
56515.000000,58072.000000,49149.000000,33549.000000
56504.000000,58097.000000,49160.000000,33546.000000
56509.000000,58064.000000,49188.000000,33558.000000
56496.000000,58078.000000,49133.000000,33535.000000
56487.000000,58082.000000,49187.000000,33559.000000
56473.000000,58060.000000,49162.000000,33526.000000
56482.000000,58085.000000,49167.000000,33545.000000
56477.000000,58077.000000,49126.000000,33539.000000
56484.000000,58070.000000,49153.000000,33547.000000
56470.000000,58040.000000,49134.000000,33545.000000
56503.000000,58028.000000,49127.000000,33546.000000
56453.000000,58052.000000,49140.000000,33552.000000
56439.000000,58053.000000,49085.000000,33543.000000
56411.000000,58020.000000,49123.000000,33523.000000
56437.000000,58062.000000,49100.000000,33529.000000
56444.000000,58014.000000,49092.000000,33524.000000
56414.000000,57972.000000,49073.000000,33510.000000
56393.000000,58000.000000,49025.000000,33534.000000
56342.000000,57970.000000,49064.000000,33483.000000
56366.000000,57938.000000,49029.000000,33480.000000
56369.000000,57974.000000,49031.000000,33520.000000
56331.000000,57908.000000,49022.000000,33460.000000
56387.000000,57943.000000,49028.000000,33478.000000
56342.000000,57975.000000,49010.000000,33496.000000
56324.000000,57948.000000,49000.000000,33489.000000
56337.000000,57935.000000,49025.000000,33470.000000
56322.000000,57950.000000,49003.000000,33463.000000
56322.000000,57969.000000,49022.000000,33476.000000
56325.000000,57950.000000,49002.000000,33480.000000
56327.000000,57944.000000,49011.000000,33497.000000
56320.000000,57963.000000,49046.000000,33495.000000
56349.000000,57969.000000,49018.000000,33494.000000
56313.000000,57951.000000,49028.000000,33470.000000
56334.000000,57966.000000,49027.000000,33477.000000
56347.000000,57974.000000,49054.000000,33506.000000
56365.000000,57975.000000,49015.000000,33480.000000
56354.000000,58000.000000,49028.000000,33471.000000
56354.000000,58003.000000,49018.000000,33482.000000
56320.000000,57971.000000,49007.000000,33486.000000
56363.000000,58010.000000,49053.000000,33479.000000
56329.000000,58009.000000,49042.000000,33503.000000
56387.000000,57978.000000,49042.000000,33532.000000
56378.000000,58022.000000,49073.000000,33497.000000
56385.000000,58031.000000,49068.000000,33499.000000
56386.000000,58009.000000,49078.000000,33566.000000
56402.000000,58014.000000,49088.000000,33506.000000
56411.000000,58025.000000,49076.000000,33558.000000
56404.000000,58005.000000,49105.000000,33514.000000
56406.000000,57995.000000,49071.000000,33534.000000
56418.000000,58034.000000,49142.000000,33528.000000
56397.000000,58041.000000,49079.000000,33542.000000
56445.000000,58063.000000,49109.000000,33531.000000
56466.000000,58071.000000,49130.000000,33552.000000
56447.000000,58068.000000,49161.000000,33561.000000
56461.000000,58073.000000,49155.000000,33553.000000
56494.000000,58114.000000,49178.000000,33614.000000
56514.000000,58128.000000,49196.000000,33579.000000
56584.000000,58116.000000,49252.000000,33601.000000
56595.000000,58176.000000,49285.000000,33625.000000
56606.000000,58205.000000,49327.000000,33627.000000
56632.000000,58230.000000,49364.000000,33645.000000
56653.000000,58245.000000,49385.000000,33635.000000
56699.000000,58285.000000,49391.000000,33664.000000
56730.000000,58293.000000,49407.000000,33671.000000
56746.000000,58292.000000,49456.000000,33711.000000
56771.000000,58308.000000,49461.000000,33725.000000
56756.000000,58343.000000,49480.000000,33731.000000
56754.000000,58370.000000,49455.000000,33742.000000
56745.000000,58332.000000,49493.000000,33723.000000
56797.000000,58361.000000,49514.000000,33727.000000
56774.000000,58333.000000,49483.000000,33738.000000
56808.000000,58366.000000,49495.000000,33744.000000
56765.000000,58361.000000,49513.000000,33719.000000
56778.000000,58351.000000,49477.000000,33714.000000
56760.000000,58352.000000,49493.000000,33711.000000
56747.000000,58335.000000,49452.000000,33723.000000
56757.000000,58334.000000,49503.000000,33721.000000
56777.000000,58348.000000,49506.000000,33719.000000
56795.000000,58328.000000,49480.000000,33709.000000
56765.000000,58345.000000,49508.000000,33715.000000
56772.000000,58345.000000,49469.000000,33724.000000
56755.000000,58333.000000,49495.000000,33716.000000
56766.000000,58344.000000,49516.000000,33730.000000
56756.000000,58314.000000,49435.000000,33713.000000
56735.000000,58315.000000,49477.000000,33692.000000
56735.000000,58312.000000,49479.000000,33691.000000
56747.000000,58316.000000,49484.000000,33729.000000
56765.000000,58336.000000,49465.000000,33700.000000
56744.000000,58334.000000,49452.000000,33700.000000
56754.000000,58286.000000,49445.000000,33714.000000
56708.000000,58335.000000,49458.000000,33699.000000
56755.000000,58309.000000,49470.000000,33715.000000
56756.000000,58329.000000,49454.000000,33695.000000
56718.000000,58328.000000,49482.000000,33711.000000
56758.000000,58302.000000,49443.000000,33704.000000
56743.000000,58324.000000,49456.000000,33687.000000
56752.000000,58301.000000,49449.000000,33699.000000
56773.000000,58329.000000,49466.000000,33676.000000
56744.000000,58313.000000,49441.000000,33713.000000
56758.000000,58286.000000,49438.000000,33747.000000
56753.000000,58299.000000,49450.000000,33689.000000
56711.000000,58259.000000,49422.000000,33682.000000
56716.000000,58287.000000,49428.000000,33704.000000
56710.000000,58297.000000,49387.000000,33680.000000
56690.000000,58291.000000,49411.000000,33684.000000
56730.000000,58292.000000,49429.000000,33689.000000
56689.000000,58261.000000,49420.000000,33668.000000
56688.000000,58257.000000,49399.000000,33681.000000
56699.000000,58291.000000,49401.000000,33669.000000
56704.000000,58274.000000,49386.000000,33678.000000
56711.000000,58272.000000,49374.000000,33666.000000
56692.000000,58274.000000,49371.000000,33694.000000
56706.000000,58273.000000,49372.000000,33658.000000
56674.000000,58222.000000,49358.000000,33659.000000
56665.000000,58256.000000,49416.000000,33694.000000
56687.000000,58256.000000,49358.000000,33700.000000
56668.000000,58252.000000,49375.000000,33690.000000
56672.000000,58274.000000,49387.000000,33670.000000
56684.000000,58233.000000,49376.000000,33666.000000
56672.000000,58272.000000,49374.000000,33691.000000
56667.000000,58246.000000,49354.000000,33666.000000
56679.000000,58244.000000,49388.000000,33678.000000
56640.000000,58226.000000,49361.000000,33661.000000
56654.000000,58237.000000,49348.000000,33664.000000
56684.000000,58242.000000,49377.000000,33676.000000
56667.000000,58273.000000,49374.000000,33670.000000
56643.000000,58255.000000,49336.000000,33637.000000
56669.000000,58241.000000,49355.000000,33671.000000
56647.000000,58234.000000,49353.000000,33689.000000
56680.000000,58219.000000,49346.000000,33641.000000
56621.000000,58210.000000,49345.000000,33627.000000
56606.000000,58188.000000,49313.000000,33622.000000
56611.000000,58182.000000,49328.000000,33623.000000
56627.000000,58202.000000,49329.000000,33637.000000
56601.000000,58213.000000,49317.000000,33645.000000
56609.000000,58213.000000,49309.000000,33628.000000
56602.000000,58161.000000,49282.000000,33624.000000
56577.000000,58164.000000,49314.000000,33619.000000
56587.000000,58194.000000,49286.000000,33593.000000
56588.000000,58134.000000,49271.000000,33608.000000
56585.000000,58152.000000,49267.000000,33623.000000
56567.000000,58174.000000,49280.000000,33601.000000
56562.000000,58163.000000,49254.000000,33591.000000
56556.000000,58158.000000,49272.000000,33628.000000
56583.000000,58147.000000,49256.000000,33609.000000
56594.000000,58154.000000,49263.000000,33604.000000
56568.000000,58169.000000,49240.000000,33601.000000
56534.000000,58147.000000,49237.000000,33611.000000
56568.000000,58154.000000,49274.000000,33586.000000
56578.000000,58143.000000,49237.000000,33599.000000
56543.000000,58121.000000,49223.000000,33591.000000
56524.000000,58154.000000,49215.000000,33596.000000
56535.000000,58121.000000,49225.000000,33583.000000
56529.000000,58111.000000,49241.000000,33570.000000
56549.000000,58139.000000,49252.000000,33606.000000
56529.000000,58138.000000,49189.000000,33589.000000
56533.000000,58129.000000,49225.000000,33584.000000
56527.000000,58111.000000,49224.000000,33603.000000
56496.000000,58119.000000,49203.000000,33562.000000
56501.000000,58102.000000,49200.000000,33554.000000
56507.000000,58123.000000,49216.000000,33581.000000
56523.000000,58127.000000,49217.000000,33587.000000
56488.000000,58114.000000,49196.000000,33570.000000
56495.000000,58093.000000,49187.000000,33575.000000
56492.000000,58108.000000,49177.000000,33577.000000
56475.000000,58112.000000,49173.000000,33540.000000
56490.000000,58062.000000,49169.000000,33582.000000
56446.000000,58099.000000,49142.000000,33540.000000
56454.000000,58053.000000,49142.000000,33515.000000
56447.000000,58014.000000,49141.000000,33541.000000
56420.000000,58058.000000,49118.000000,33544.000000
56413.000000,58050.000000,49111.000000,33515.000000
56423.000000,58022.000000,49088.000000,33514.000000
56426.000000,58029.000000,49116.000000,33497.000000
56351.000000,58007.000000,49091.000000,33508.000000
56388.000000,57993.000000,49052.000000,33503.000000
56357.000000,57988.000000,49075.000000,33493.000000
56381.000000,57997.000000,49072.000000,33499.000000
56334.000000,57976.000000,49047.000000,33460.000000
56350.000000,57999.000000,49071.000000,33515.000000
56340.000000,58012.000000,49061.000000,33498.000000
56363.000000,57990.000000,49056.000000,33481.000000
56357.000000,58000.000000,49049.000000,33505.000000
56339.000000,58017.000000,49055.000000,33494.000000
56357.000000,57987.000000,49068.000000,33485.000000
56379.000000,58027.000000,49095.000000,33520.000000
56365.000000,58028.000000,49052.000000,33503.000000
56376.000000,58036.000000,49089.000000,33497.000000
56401.000000,57998.000000,49068.000000,33507.000000
56386.000000,58013.000000,49079.000000,33526.000000
56379.000000,58010.000000,49092.000000,33514.000000
56373.000000,57991.000000,49053.000000,33496.000000
56374.000000,58026.000000,49060.000000,33515.000000
56366.000000,58044.000000,49089.000000,33517.000000
56374.000000,58016.000000,49087.000000,33519.000000
56382.000000,58054.000000,49106.000000,33493.000000
56414.000000,58033.000000,49098.000000,33521.000000
56399.000000,58035.000000,49093.000000,33499.000000
56401.000000,58057.000000,49124.000000,33534.000000
56405.000000,58049.000000,49120.000000,33539.000000
56397.000000,58042.000000,49129.000000,33533.000000
56415.000000,58060.000000,49148.000000,33540.000000
56426.000000,58064.000000,49116.000000,33540.000000
56435.000000,58070.000000,49114.000000,33561.000000
56439.000000,58059.000000,49187.000000,33533.000000
56488.000000,58103.000000,49201.000000,33571.000000
56481.000000,58096.000000,49184.000000,33565.000000
56478.000000,58113.000000,49216.000000,33572.000000
56522.000000,58166.000000,49235.000000,33596.000000
56522.000000,58158.000000,49259.000000,33616.000000
56576.000000,58151.000000,49319.000000,33615.000000
56593.000000,58233.000000,49349.000000,33667.000000
56628.000000,58219.000000,49369.000000,33626.000000
56650.000000,58265.000000,49377.000000,33680.000000
56705.000000,58301.000000,49402.000000,33682.000000
56699.000000,58286.000000,49407.000000,33691.000000
56736.000000,58300.000000,49476.000000,33709.000000
56746.000000,58349.000000,49490.000000,33733.000000
56772.000000,58358.000000,49504.000000,33723.000000
56749.000000,58361.000000,49515.000000,33720.000000
56798.000000,58349.000000,49501.000000,33726.000000
56777.000000,58361.000000,49498.000000,33720.000000
56790.000000,58394.000000,49502.000000,33728.000000
56788.000000,58376.000000,49484.000000,33744.000000
56764.000000,58370.000000,49510.000000,33730.000000
56781.000000,58378.000000,49493.000000,33740.000000
56765.000000,58351.000000,49524.000000,33720.000000
56787.000000,58355.000000,49510.000000,33744.000000
56775.000000,58357.000000,49486.000000,33727.000000
56763.000000,58361.000000,49525.000000,33720.000000
56759.000000,58340.000000,49505.000000,33723.000000
56749.000000,58368.000000,49498.000000,33705.000000
56742.000000,58366.000000,49485.000000,33703.000000
56767.000000,58343.000000,49460.000000,33736.000000
56781.000000,58353.000000,49504.000000,33716.000000
56742.000000,58350.000000,49487.000000,33705.000000
56735.000000,58359.000000,49476.000000,33728.000000
56757.000000,58341.000000,49505.000000,33718.000000
56726.000000,58357.000000,49486.000000,33722.000000
56753.000000,58374.000000,49495.000000,33722.000000
56726.000000,58350.000000,49484.000000,33733.000000
56753.000000,58378.000000,49508.000000,33741.000000
56767.000000,58343.000000,49470.000000,33711.000000
56752.000000,58329.000000,49477.000000,33716.000000
56738.000000,58355.000000,49498.000000,33729.000000
56735.000000,58351.000000,49462.000000,33719.000000
56741.000000,58370.000000,49503.000000,33715.000000
56737.000000,58345.000000,49473.000000,33726.000000
56713.000000,58361.000000,49508.000000,33728.000000
56733.000000,58314.000000,49451.000000,33718.000000
56746.000000,58354.000000,49471.000000,33719.000000
56747.000000,58352.000000,49462.000000,33732.000000
56748.000000,58350.000000,49462.000000,33704.000000
56714.000000,58354.000000,49449.000000,33710.000000
56746.000000,58358.000000,49461.000000,33703.000000
56717.000000,58368.000000,49475.000000,33709.000000
56713.000000,58339.000000,49481.000000,33728.000000
56736.000000,58362.000000,49455.000000,33698.000000
56726.000000,58316.000000,49424.000000,33691.000000
56743.000000,58308.000000,49466.000000,33696.000000
56744.000000,58325.000000,49458.000000,33711.000000
56714.000000,58325.000000,49436.000000,33702.000000
56706.000000,58320.000000,49427.000000,33696.000000
56724.000000,58339.000000,49463.000000,33712.000000
56683.000000,58309.000000,49432.000000,33699.000000
56730.000000,58347.000000,49428.000000,33699.000000
56717.000000,58324.000000,49426.000000,33711.000000
56708.000000,58320.000000,49458.000000,33695.000000
56682.000000,58308.000000,49462.000000,33713.000000
56714.000000,58317.000000,49458.000000,33691.000000
56697.000000,58334.000000,49435.000000,33709.000000
56691.000000,58310.000000,49413.000000,33670.000000
56706.000000,58307.000000,49427.000000,33700.000000
56692.000000,58309.000000,49401.000000,33691.000000
56662.000000,58274.000000,49424.000000,33681.000000
56683.000000,58308.000000,49396.000000,33693.000000
56662.000000,58292.000000,49402.000000,33673.000000
56677.000000,58281.000000,49393.000000,33669.000000
56661.000000,58264.000000,49395.000000,33686.000000
56662.000000,58270.000000,49385.000000,33683.000000
56636.000000,58247.000000,49359.000000,33678.000000
56675.000000,58218.000000,49395.000000,33700.000000
56632.000000,58248.000000,49394.000000,33657.000000
56657.000000,58271.000000,49369.000000,33666.000000
56621.000000,58264.000000,49360.000000,33689.000000
56637.000000,58257.000000,49351.000000,33662.000000
56622.000000,58230.000000,49375.000000,33674.000000
56659.000000,58218.000000,49351.000000,33649.000000
56618.000000,58258.000000,49363.000000,33654.000000
56613.000000,58252.000000,49371.000000,33646.000000
56632.000000,58232.000000,49341.000000,33657.000000
56611.000000,58245.000000,49337.000000,33646.000000
56620.000000,58219.000000,49325.000000,33638.000000
56583.000000,58237.000000,49326.000000,33660.000000
56617.000000,58248.000000,49322.000000,33644.000000
56598.000000,58221.000000,49323.000000,33652.000000
56569.000000,58230.000000,49305.000000,33633.000000
56613.000000,58174.000000,49301.000000,33663.000000
56551.000000,58200.000000,49283.000000,33650.000000
56577.000000,58207.000000,49311.000000,33630.000000
56581.000000,58190.000000,49290.000000,33595.000000
56537.000000,58208.000000,49276.000000,33628.000000
56563.000000,58194.000000,49283.000000,33609.000000
56549.000000,58187.000000,49246.000000,33572.000000
56555.000000,58186.000000,49247.000000,33622.000000
56544.000000,58150.000000,49267.000000,33595.000000
56575.000000,58198.000000,49236.000000,33636.000000
56529.000000,58181.000000,49240.000000,33580.000000
56521.000000,58166.000000,49238.000000,33612.000000
56550.000000,58152.000000,49235.000000,33602.000000
56534.000000,58150.000000,49245.000000,33597.000000
56540.000000,58160.000000,49266.000000,33603.000000
56514.000000,58189.000000,49241.000000,33596.000000
56513.000000,58152.000000,49273.000000,33596.000000
56538.000000,58175.000000,49241.000000,33594.000000
56497.000000,58133.000000,49212.000000,33592.000000
56506.000000,58117.000000,49208.000000,33586.000000
56497.000000,58108.000000,49216.000000,33596.000000
56483.000000,58139.000000,49208.000000,33596.000000
56488.000000,58112.000000,49216.000000,33588.000000
56447.000000,58107.000000,49166.000000,33582.000000
56459.000000,58130.000000,49174.000000,33544.000000
56391.000000,58067.000000,49157.000000,33541.000000
56414.000000,58080.000000,49125.000000,33556.000000
56408.000000,58068.000000,49095.000000,33547.000000
56410.000000,58070.000000,49114.000000,33530.000000
56380.000000,58028.000000,49084.000000,33535.000000
56362.000000,58026.000000,49084.000000,33513.000000
56372.000000,58034.000000,49075.000000,33520.000000
56331.000000,58021.000000,49074.000000,33521.000000
56355.000000,58029.000000,49058.000000,33523.000000
56353.000000,57995.000000,49077.000000,33493.000000
56338.000000,58012.000000,49057.000000,33506.000000
56356.000000,58002.000000,49062.000000,33502.000000
56349.000000,58004.000000,49052.000000,33520.000000
56354.000000,58002.000000,49071.000000,33521.000000
56361.000000,58031.000000,49048.000000,33529.000000
56337.000000,58015.000000,49077.000000,33500.000000
56351.000000,58036.000000,49066.000000,33517.000000
56350.000000,58013.000000,49077.000000,33519.000000
56340.000000,57999.000000,49063.000000,33495.000000
56357.000000,58016.000000,49099.000000,33496.000000
56379.000000,58024.000000,49074.000000,33528.000000
56369.000000,58035.000000,49082.000000,33511.000000
56382.000000,58040.000000,49070.000000,33513.000000
56382.000000,58063.000000,49112.000000,33529.000000
56368.000000,58048.000000,49114.000000,33542.000000
56371.000000,58016.000000,49114.000000,33504.000000
56393.000000,58045.000000,49096.000000,33536.000000
56361.000000,58057.000000,49108.000000,33487.000000
56387.000000,58069.000000,49117.000000,33548.000000
56384.000000,58015.000000,49113.000000,33510.000000
56407.000000,58024.000000,49102.000000,33555.000000
56400.000000,58032.000000,49123.000000,33521.000000
56400.000000,58062.000000,49164.000000,33559.000000
56407.000000,58046.000000,49114.000000,33562.000000
56439.000000,58075.000000,49145.000000,33564.000000
56411.000000,58044.000000,49164.000000,33573.000000
56411.000000,58078.000000,49167.000000,33572.000000
56502.000000,58165.000000,49237.000000,33586.000000
56559.000000,58163.000000,49274.000000,33613.000000
56588.000000,58200.000000,49311.000000,33669.000000
56608.000000,58231.000000,49337.000000,33659.000000
56635.000000,58256.000000,49360.000000,33657.000000
56648.000000,58257.000000,49392.000000,33678.000000
56675.000000,58311.000000,49424.000000,33686.000000
56675.000000,58311.000000,49436.000000,33721.000000
56735.000000,58309.000000,49476.000000,33704.000000
56728.000000,58337.000000,49467.000000,33726.000000
56760.000000,58319.000000,49503.000000,33703.000000
56732.000000,58343.000000,49504.000000,33731.000000
56740.000000,58373.000000,49510.000000,33734.000000
56725.000000,58354.000000,49506.000000,33725.000000
56747.000000,58367.000000,49502.000000,33726.000000
56720.000000,58327.000000,49525.000000,33742.000000
56723.000000,58376.000000,49466.000000,33739.000000
56717.000000,58330.000000,49448.000000,33742.000000
56738.000000,58314.000000,49488.000000,33732.000000
56723.000000,58357.000000,49483.000000,33734.000000
56745.000000,58345.000000,49503.000000,33740.000000
56708.000000,58335.000000,49475.000000,33724.000000
56735.000000,58359.000000,49510.000000,33724.000000
56749.000000,58340.000000,49473.000000,33737.000000
56738.000000,58306.000000,49472.000000,33734.000000
56724.000000,58351.000000,49503.000000,33717.000000
56736.000000,58323.000000,49478.000000,33738.000000
56694.000000,58363.000000,49464.000000,33742.000000
56717.000000,58325.000000,49484.000000,33716.000000
56728.000000,58312.000000,49501.000000,33753.000000
56715.000000,58319.000000,49458.000000,33698.000000
56710.000000,58330.000000,49457.000000,33712.000000
56710.000000,58327.000000,49496.000000,33713.000000
56700.000000,58329.000000,49469.000000,33733.000000
56689.000000,58331.000000,49482.000000,33720.000000
56706.000000,58319.000000,49473.000000,33724.000000
56725.000000,58288.000000,49469.000000,33730.000000
56705.000000,58315.000000,49464.000000,33710.000000
56684.000000,58334.000000,49464.000000,33712.000000
56685.000000,58337.000000,49474.000000,33691.000000
56697.000000,58327.000000,49476.000000,33721.000000
56697.000000,58342.000000,49463.000000,33716.000000
56703.000000,58319.000000,49432.000000,33710.000000
56727.000000,58327.000000,49460.000000,33716.000000
56721.000000,58324.000000,49456.000000,33724.000000
56693.000000,58324.000000,49460.000000,33695.000000
56720.000000,58323.000000,49491.000000,33717.000000
56690.000000,58347.000000,49481.000000,33738.000000
56696.000000,58310.000000,49467.000000,33694.000000
56699.000000,58328.000000,49455.000000,33698.000000
56685.000000,58292.000000,49462.000000,33730.000000
56704.000000,58328.000000,49479.000000,33733.000000
56663.000000,58296.000000,49447.000000,33688.000000
56642.000000,58307.000000,49436.000000,33714.000000
56702.000000,58290.000000,49439.000000,33700.000000
56677.000000,58293.000000,49437.000000,33674.000000
56663.000000,58284.000000,49422.000000,33705.000000
56664.000000,58299.000000,49429.000000,33670.000000
56643.000000,58267.000000,49420.000000,33684.000000
56687.000000,58305.000000,49449.000000,33695.000000
56649.000000,58311.000000,49438.000000,33701.000000
56675.000000,58277.000000,49404.000000,33674.000000
56670.000000,58305.000000,49430.000000,33722.000000
56675.000000,58271.000000,49425.000000,33714.000000
56680.000000,58278.000000,49411.000000,33686.000000
56653.000000,58337.000000,49416.000000,33710.000000
56655.000000,58276.000000,49423.000000,33694.000000
56668.000000,58269.000000,49415.000000,33684.000000
56665.000000,58291.000000,49417.000000,33694.000000
56657.000000,58270.000000,49394.000000,33700.000000
56653.000000,58288.000000,49374.000000,33682.000000
56626.000000,58286.000000,49395.000000,33660.000000
56645.000000,58259.000000,49403.000000,33695.000000
56631.000000,58267.000000,49387.000000,33652.000000
56617.000000,58252.000000,49365.000000,33679.000000
56648.000000,58266.000000,49396.000000,33663.000000
56597.000000,58220.000000,49358.000000,33696.000000
56594.000000,58247.000000,49344.000000,33657.000000
56605.000000,58214.000000,49356.000000,33665.000000
56570.000000,58210.000000,49327.000000,33668.000000
56578.000000,58248.000000,49316.000000,33616.000000
56559.000000,58217.000000,49319.000000,33634.000000
56581.000000,58197.000000,49316.000000,33644.000000
56562.000000,58210.000000,49314.000000,33624.000000
56568.000000,58185.000000,49310.000000,33640.000000
56519.000000,58149.000000,49287.000000,33625.000000
56563.000000,58174.000000,49292.000000,33649.000000
56537.000000,58185.000000,49267.000000,33624.000000
56515.000000,58146.000000,49272.000000,33619.000000
56537.000000,58172.000000,49284.000000,33648.000000
56525.000000,58164.000000,49269.000000,33647.000000
56519.000000,58130.000000,49255.000000,33589.000000
56521.000000,58182.000000,49270.000000,33640.000000
56517.000000,58190.000000,49238.000000,33620.000000
56539.000000,58150.000000,49255.000000,33592.000000
56510.000000,58148.000000,49240.000000,33609.000000
56564.000000,58173.000000,49277.000000,33627.000000
56497.000000,58160.000000,49261.000000,33615.000000
56511.000000,58156.000000,49241.000000,33625.000000
56535.000000,58187.000000,49310.000000,33607.000000
56518.000000,58148.000000,49261.000000,33610.000000
56510.000000,58138.000000,49281.000000,33640.000000
56513.000000,58157.000000,49264.000000,33615.000000
56518.000000,58149.000000,49249.000000,33594.000000
56514.000000,58177.000000,49267.000000,33618.000000
56505.000000,58124.000000,49243.000000,33583.000000
56543.000000,58147.000000,49246.000000,33604.000000
56458.000000,58155.000000,49226.000000,33608.000000
56500.000000,58156.000000,49235.000000,33613.000000
56488.000000,58136.000000,49228.000000,33601.000000
56497.000000,58130.000000,49243.000000,33621.000000
56477.000000,58138.000000,49207.000000,33603.000000
56455.000000,58100.000000,49173.000000,33552.000000
56420.000000,58055.000000,49194.000000,33584.000000
56431.000000,58076.000000,49149.000000,33560.000000
56444.000000,58086.000000,49166.000000,33537.000000
56398.000000,58094.000000,49152.000000,33567.000000
56406.000000,58083.000000,49121.000000,33531.000000
56379.000000,58094.000000,49124.000000,33566.000000
56356.000000,58046.000000,49136.000000,33542.000000
56363.000000,58060.000000,49121.000000,33528.000000
56373.000000,58035.000000,49123.000000,33535.000000
56374.000000,58058.000000,49126.000000,33548.000000
56377.000000,58089.000000,49133.000000,33533.000000
56380.000000,58064.000000,49119.000000,33562.000000
56369.000000,58064.000000,49125.000000,33561.000000
56362.000000,58051.000000,49123.000000,33546.000000
56376.000000,58090.000000,49153.000000,33549.000000
56393.000000,58047.000000,49113.000000,33542.000000
56387.000000,58069.000000,49136.000000,33560.000000
56381.000000,58064.000000,49139.000000,33574.000000
56369.000000,58071.000000,49135.000000,33557.000000
56366.000000,58092.000000,49163.000000,33583.000000
56373.000000,58096.000000,49142.000000,33548.000000
56381.000000,58081.000000,49161.000000,33550.000000
56418.000000,58075.000000,49184.000000,33564.000000
56403.000000,58082.000000,49150.000000,33564.000000
56403.000000,58091.000000,49175.000000,33543.000000
56416.000000,58106.000000,49175.000000,33577.000000
56398.000000,58120.000000,49169.000000,33554.000000
56422.000000,58084.000000,49145.000000,33542.000000
56411.000000,58103.000000,49178.000000,33561.000000
56427.000000,58101.000000,49181.000000,33567.000000
56403.000000,58102.000000,49156.000000,33564.000000
56440.000000,58081.000000,49172.000000,33565.000000
56396.000000,58085.000000,49187.000000,33594.000000
56425.000000,58102.000000,49194.000000,33561.000000
56433.000000,58121.000000,49217.000000,33590.000000
56458.000000,58118.000000,49225.000000,33573.000000
56439.000000,58132.000000,49246.000000,33609.000000
56446.000000,58143.000000,49228.000000,33607.000000
56474.000000,58129.000000,49240.000000,33608.000000
56531.000000,58198.000000,49261.000000,33637.000000
56554.000000,58202.000000,49318.000000,33641.000000
56537.000000,58228.000000,49330.000000,33636.000000
56576.000000,58231.000000,49366.000000,33653.000000
56657.000000,58280.000000,49428.000000,33688.000000
56650.000000,58303.000000,49434.000000,33694.000000
56688.000000,58303.000000,49463.000000,33694.000000
56736.000000,58352.000000,49484.000000,33741.000000
56715.000000,58378.000000,49501.000000,33757.000000
56737.000000,58359.000000,49519.000000,33718.000000
56766.000000,58384.000000,49560.000000,33764.000000
56745.000000,58398.000000,49548.000000,33737.000000
56758.000000,58400.000000,49533.000000,33762.000000
56794.000000,58393.000000,49578.000000,33792.000000
56757.000000,58401.000000,49565.000000,33774.000000
56793.000000,58413.000000,49592.000000,33771.000000
56774.000000,58398.000000,49558.000000,33770.000000
56779.000000,58408.000000,49578.000000,33771.000000
56753.000000,58392.000000,49561.000000,33773.000000
56789.000000,58425.000000,49573.000000,33756.000000
56793.000000,58409.000000,49579.000000,33785.000000
56778.000000,58414.000000,49591.000000,33767.000000
56766.000000,58407.000000,49561.000000,33771.000000
56777.000000,58448.000000,49567.000000,33762.000000
56759.000000,58429.000000,49572.000000,33786.000000
56766.000000,58415.000000,49579.000000,33749.000000
56754.000000,58400.000000,49532.000000,33746.000000
56765.000000,58410.000000,49556.000000,33771.000000
56755.000000,58401.000000,49557.000000,33781.000000
56761.000000,58413.000000,49554.000000,33752.000000
56736.000000,58387.000000,49545.000000,33762.000000
56722.000000,58384.000000,49529.000000,33752.000000
56728.000000,58369.000000,49532.000000,33755.000000
56744.000000,58384.000000,49517.000000,33736.000000
56740.000000,58350.000000,49500.000000,33727.000000
56735.000000,58388.000000,49516.000000,33728.000000
56710.000000,58369.000000,49523.000000,33725.000000
56728.000000,58363.000000,49507.000000,33747.000000
56727.000000,58364.000000,49497.000000,33747.000000
56715.000000,58378.000000,49507.000000,33738.000000
56755.000000,58359.000000,49519.000000,33754.000000
56742.000000,58333.000000,49491.000000,33757.000000
56728.000000,58367.000000,49517.000000,33729.000000
56714.000000,58359.000000,49491.000000,33734.000000
56710.000000,58366.000000,49493.000000,33731.000000
56731.000000,58374.000000,49495.000000,33752.000000
56686.000000,58393.000000,49493.000000,33722.000000
56723.000000,58312.000000,49496.000000,33732.000000
56718.000000,58382.000000,49512.000000,33740.000000
56733.000000,58381.000000,49487.000000,33750.000000
56738.000000,58358.000000,49530.000000,33716.000000
56742.000000,58375.000000,49508.000000,33723.000000
56723.000000,58365.000000,49500.000000,33744.000000
56719.000000,58350.000000,49506.000000,33743.000000
56715.000000,58354.000000,49485.000000,33714.000000
56704.000000,58355.000000,49531.000000,33764.000000
56727.000000,58331.000000,49518.000000,33732.000000
56699.000000,58348.000000,49481.000000,33730.000000
56718.000000,58353.000000,49501.000000,33755.000000
56697.000000,58376.000000,49479.000000,33715.000000
56693.000000,58316.000000,49468.000000,33731.000000
56708.000000,58319.000000,49495.000000,33738.000000
56690.000000,58353.000000,49451.000000,33705.000000
56686.000000,58326.000000,49455.000000,33698.000000
56684.000000,58345.000000,49478.000000,33719.000000
56640.000000,58316.000000,49459.000000,33689.000000
56673.000000,58337.000000,49475.000000,33716.000000
56684.000000,58323.000000,49464.000000,33719.000000
56662.000000,58308.000000,49438.000000,33697.000000
56654.000000,58328.000000,49473.000000,33703.000000
56683.000000,58326.000000,49459.000000,33725.000000
56674.000000,58295.000000,49448.000000,33734.000000
56688.000000,58341.000000,49464.000000,33714.000000
56667.000000,58327.000000,49424.000000,33736.000000
56665.000000,58313.000000,49458.000000,33714.000000
56676.000000,58312.000000,49405.000000,33698.000000
56654.000000,58324.000000,49429.000000,33708.000000
56646.000000,58308.000000,49419.000000,33703.000000
56662.000000,58299.000000,49428.000000,33693.000000
56640.000000,58306.000000,49431.000000,33699.000000
56652.000000,58281.000000,49395.000000,33698.000000
56645.000000,58296.000000,49418.000000,33706.000000
56646.000000,58277.000000,49405.000000,33699.000000
56606.000000,58294.000000,49403.000000,33686.000000
56617.000000,58310.000000,49407.000000,33719.000000
56618.000000,58273.000000,49393.000000,33697.000000
56617.000000,58268.000000,49399.000000,33672.000000
56612.000000,58252.000000,49389.000000,33697.000000
56594.000000,58276.000000,49330.000000,33654.000000
56610.000000,58263.000000,49373.000000,33654.000000
56586.000000,58270.000000,49377.000000,33682.000000
56587.000000,58242.000000,49347.000000,33676.000000
56575.000000,58236.000000,49373.000000,33645.000000
56578.000000,58239.000000,49368.000000,33650.000000
56553.000000,58222.000000,49339.000000,33655.000000
56556.000000,58216.000000,49346.000000,33633.000000
56531.000000,58217.000000,49314.000000,33661.000000
56544.000000,58224.000000,49322.000000,33651.000000
56556.000000,58209.000000,49341.000000,33636.000000
56507.000000,58216.000000,49280.000000,33635.000000
56529.000000,58231.000000,49318.000000,33636.000000
56530.000000,58216.000000,49287.000000,33633.000000
56526.000000,58181.000000,49298.000000,33622.000000
56518.000000,58170.000000,49279.000000,33611.000000
56511.000000,58139.000000,49296.000000,33638.000000
56500.000000,58172.000000,49293.000000,33618.000000
56518.000000,58187.000000,49308.000000,33660.000000
56538.000000,58184.000000,49322.000000,33628.000000
56520.000000,58204.000000,49312.000000,33637.000000
56538.000000,58199.000000,49280.000000,33625.000000
56508.000000,58174.000000,49313.000000,33641.000000
56535.000000,58190.000000,49304.000000,33626.000000
56493.000000,58160.000000,49264.000000,33600.000000
56480.000000,58129.000000,49240.000000,33613.000000
56476.000000,58153.000000,49257.000000,33622.000000
56478.000000,58155.000000,49220.000000,33605.000000
56437.000000,58123.000000,49189.000000,33585.000000
56426.000000,58090.000000,49205.000000,33581.000000
56379.000000,58090.000000,49182.000000,33580.000000
56388.000000,58102.000000,49156.000000,33570.000000
56383.000000,58070.000000,49149.000000,33549.000000
56376.000000,58089.000000,49158.000000,33568.000000
56394.000000,58120.000000,49158.000000,33567.000000
56356.000000,58070.000000,49154.000000,33534.000000
56378.000000,58090.000000,49159.000000,33578.000000
56375.000000,58079.000000,49178.000000,33578.000000
56320.000000,58030.000000,49163.000000,33563.000000
56356.000000,58094.000000,49154.000000,33567.000000
56372.000000,58076.000000,49138.000000,33552.000000
56388.000000,58083.000000,49187.000000,33525.000000
56375.000000,58096.000000,49140.000000,33556.000000
56396.000000,58086.000000,49151.000000,33571.000000
56368.000000,58086.000000,49154.000000,33572.000000
56383.000000,58088.000000,49186.000000,33581.000000
56375.000000,58097.000000,49167.000000,33579.000000
56394.000000,58089.000000,49180.000000,33577.000000
56385.000000,58114.000000,49167.000000,33555.000000
56399.000000,58118.000000,49217.000000,33548.000000
56394.000000,58103.000000,49256.000000,33606.000000
56392.000000,58121.000000,49204.000000,33581.000000
56442.000000,58146.000000,49213.000000,33595.000000
56413.000000,58114.000000,49190.000000,33583.000000
56431.000000,58123.000000,49210.000000,33567.000000
56420.000000,58140.000000,49212.000000,33622.000000
56441.000000,58147.000000,49224.000000,33604.000000
56462.000000,58133.000000,49246.000000,33574.000000
56428.000000,58168.000000,49217.000000,33606.000000
56443.000000,58152.000000,49235.000000,33588.000000
56451.000000,58146.000000,49286.000000,33594.000000
56478.000000,58187.000000,49273.000000,33639.000000
56495.000000,58204.000000,49297.000000,33651.000000
56532.000000,58224.000000,49319.000000,33604.000000
56530.000000,58230.000000,49339.000000,33647.000000
56577.000000,58256.000000,49379.000000,33687.000000
56590.000000,58330.000000,49386.000000,33677.000000
56607.000000,58284.000000,49418.000000,33714.000000
56651.000000,58336.000000,49451.000000,33709.000000
56689.000000,58363.000000,49511.000000,33751.000000
56685.000000,58351.000000,49523.000000,33706.000000
56720.000000,58392.000000,49518.000000,33756.000000
56755.000000,58419.000000,49556.000000,33741.000000
56763.000000,58423.000000,49587.000000,33775.000000
56769.000000,58435.000000,49581.000000,33766.000000
56764.000000,58429.000000,49585.000000,33780.000000
56798.000000,58464.000000,49574.000000,33779.000000
56769.000000,58425.000000,49606.000000,33778.000000
56748.000000,58446.000000,49590.000000,33764.000000
56793.000000,58443.000000,49628.000000,33779.000000
56787.000000,58443.000000,49591.000000,33811.000000
56807.000000,58458.000000,49604.000000,33789.000000
56812.000000,58493.000000,49610.000000,33801.000000
56798.000000,58470.000000,49628.000000,33784.000000
56756.000000,58460.000000,49604.000000,33776.000000
56775.000000,58449.000000,49618.000000,33781.000000
56783.000000,58450.000000,49603.000000,33810.000000
56767.000000,58463.000000,49602.000000,33764.000000
56775.000000,58449.000000,49609.000000,33793.000000
56777.000000,58422.000000,49617.000000,33794.000000
56780.000000,58462.000000,49583.000000,33771.000000
56756.000000,58449.000000,49589.000000,33744.000000
56768.000000,58452.000000,49617.000000,33783.000000
56772.000000,58470.000000,49586.000000,33805.000000
56761.000000,58438.000000,49580.000000,33761.000000
56759.000000,58429.000000,49585.000000,33806.000000
56766.000000,58478.000000,49587.000000,33773.000000
56774.000000,58434.000000,49584.000000,33793.000000
56763.000000,58427.000000,49565.000000,33769.000000
56730.000000,58461.000000,49575.000000,33773.000000
56711.000000,58442.000000,49575.000000,33769.000000
56729.000000,58438.000000,49559.000000,33765.000000
56739.000000,58430.000000,49585.000000,33761.000000
56733.000000,58414.000000,49579.000000,33752.000000
56724.000000,58396.000000,49570.000000,33766.000000
56718.000000,58433.000000,49579.000000,33797.000000
56728.000000,58449.000000,49544.000000,33759.000000
56737.000000,58421.000000,49554.000000,33772.000000
56724.000000,58419.000000,49566.000000,33781.000000
56721.000000,58436.000000,49564.000000,33745.000000
56723.000000,58420.000000,49561.000000,33789.000000
56705.000000,58400.000000,49535.000000,33747.000000
56697.000000,58424.000000,49550.000000,33753.000000
56713.000000,58428.000000,49541.000000,33776.000000
56705.000000,58389.000000,49551.000000,33761.000000
56708.000000,58429.000000,49554.000000,33754.000000
56695.000000,58412.000000,49544.000000,33746.000000
56694.000000,58400.000000,49524.000000,33749.000000
56731.000000,58412.000000,49571.000000,33751.000000
56706.000000,58396.000000,49543.000000,33779.000000
56720.000000,58398.000000,49526.000000,33755.000000
56691.000000,58408.000000,49530.000000,33772.000000
56713.000000,58419.000000,49539.000000,33764.000000
56710.000000,58383.000000,49530.000000,33761.000000
56713.000000,58370.000000,49522.000000,33767.000000
56687.000000,58371.000000,49505.000000,33772.000000
56675.000000,58377.000000,49496.000000,33719.000000
56656.000000,58360.000000,49498.000000,33764.000000
56662.000000,58364.000000,49503.000000,33751.000000
56644.000000,58356.000000,49507.000000,33727.000000
56664.000000,58351.000000,49489.000000,33730.000000
56639.000000,58355.000000,49474.000000,33730.000000
56666.000000,58346.000000,49480.000000,33729.000000
56646.000000,58356.000000,49459.000000,33725.000000
56679.000000,58376.000000,49480.000000,33727.000000
56651.000000,58365.000000,49461.000000,33728.000000
56609.000000,58368.000000,49459.000000,33732.000000
56663.000000,58355.000000,49457.000000,33704.000000
56639.000000,58337.000000,49456.000000,33727.000000
56641.000000,58329.000000,49471.000000,33707.000000
56660.000000,58343.000000,49481.000000,33749.000000
56638.000000,58315.000000,49473.000000,33717.000000
56642.000000,58356.000000,49446.000000,33734.000000
56625.000000,58327.000000,49431.000000,33708.000000
56624.000000,58337.000000,49455.000000,33723.000000
56640.000000,58322.000000,49423.000000,33702.000000
56598.000000,58320.000000,49403.000000,33682.000000
56611.000000,58336.000000,49468.000000,33713.000000
56573.000000,58295.000000,49434.000000,33696.000000
56615.000000,58292.000000,49399.000000,33691.000000
56594.000000,58312.000000,49391.000000,33675.000000
56600.000000,58283.000000,49391.000000,33681.000000
56563.000000,58293.000000,49391.000000,33680.000000
56586.000000,58290.000000,49396.000000,33668.000000
56588.000000,58296.000000,49378.000000,33672.000000
56560.000000,58249.000000,49398.000000,33666.000000
56548.000000,58281.000000,49365.000000,33662.000000
56561.000000,58267.000000,49342.000000,33678.000000
56557.000000,58305.000000,49355.000000,33680.000000
56564.000000,58233.000000,49369.000000,33681.000000
56576.000000,58293.000000,49368.000000,33677.000000
56539.000000,58290.000000,49363.000000,33669.000000
56551.000000,58261.000000,49340.000000,33666.000000
56536.000000,58282.000000,49372.000000,33657.000000
56553.000000,58281.000000,49358.000000,33669.000000
56553.000000,58276.000000,49380.000000,33657.000000
56542.000000,58253.000000,49352.000000,33669.000000
56532.000000,58284.000000,49351.000000,33679.000000
56533.000000,58280.000000,49349.000000,33674.000000
56549.000000,58252.000000,49329.000000,33653.000000
56552.000000,58222.000000,49344.000000,33657.000000
56552.000000,58231.000000,49337.000000,33647.000000
56510.000000,58209.000000,49295.000000,33646.000000
56501.000000,58232.000000,49308.000000,33628.000000
56466.000000,58229.000000,49275.000000,33644.000000
56466.000000,58193.000000,49257.000000,33613.000000
56446.000000,58190.000000,49270.000000,33619.000000
56419.000000,58173.000000,49239.000000,33618.000000
56387.000000,58175.000000,49246.000000,33618.000000
56425.000000,58149.000000,49228.000000,33601.000000
56443.000000,58153.000000,49230.000000,33603.000000
56366.000000,58129.000000,49219.000000,33573.000000
56386.000000,58129.000000,49207.000000,33596.000000
56416.000000,58154.000000,49222.000000,33619.000000
56375.000000,58162.000000,49195.000000,33574.000000
56389.000000,58152.000000,49176.000000,33608.000000
56399.000000,58140.000000,49194.000000,33585.000000
56380.000000,58123.000000,49202.000000,33609.000000
56392.000000,58141.000000,49185.000000,33600.000000
56369.000000,58147.000000,49216.000000,33590.000000
56372.000000,58155.000000,49192.000000,33592.000000
56379.000000,58153.000000,49189.000000,33588.000000
56408.000000,58146.000000,49223.000000,33592.000000
56350.000000,58109.000000,49198.000000,33567.000000
56418.000000,58158.000000,49208.000000,33619.000000
56405.000000,58154.000000,49209.000000,33585.000000
56380.000000,58124.000000,49219.000000,33599.000000
56402.000000,58158.000000,49245.000000,33598.000000
56398.000000,58164.000000,49217.000000,33574.000000
56406.000000,58170.000000,49206.000000,33568.000000
56433.000000,58182.000000,49229.000000,33608.000000
56389.000000,58154.000000,49205.000000,33605.000000
56408.000000,58161.000000,49236.000000,33604.000000
56394.000000,58164.000000,49233.000000,33615.000000
56416.000000,58168.000000,49261.000000,33611.000000
56422.000000,58156.000000,49238.000000,33625.000000
56411.000000,58143.000000,49231.000000,33604.000000
56421.000000,58165.000000,49265.000000,33621.000000
56451.000000,58181.000000,49262.000000,33604.000000
56462.000000,58179.000000,49279.000000,33619.000000
56416.000000,58200.000000,49282.000000,33631.000000
56473.000000,58210.000000,49296.000000,33670.000000
56458.000000,58199.000000,49309.000000,33618.000000
56514.000000,58254.000000,49345.000000,33671.000000
56529.000000,58252.000000,49356.000000,33692.000000
56555.000000,58232.000000,49360.000000,33693.000000
56589.000000,58258.000000,49407.000000,33671.000000
56624.000000,58301.000000,49474.000000,33707.000000
56658.000000,58333.000000,49465.000000,33724.000000
56639.000000,58338.000000,49509.000000,33720.000000
56656.000000,58371.000000,49533.000000,33737.000000
56703.000000,58374.000000,49536.000000,33747.000000
56718.000000,58365.000000,49522.000000,33725.000000
56730.000000,58419.000000,49564.000000,33799.000000
56726.000000,58424.000000,49592.000000,33734.000000
56750.000000,58417.000000,49583.000000,33770.000000
56715.000000,58421.000000,49575.000000,33780.000000
56711.000000,58400.000000,49597.000000,33775.000000
56701.000000,58423.000000,49601.000000,33792.000000
56734.000000,58404.000000,49606.000000,33791.000000
56768.000000,58420.000000,49570.000000,33793.000000
56718.000000,58435.000000,49573.000000,33763.000000
56753.000000,58416.000000,49558.000000,33758.000000
56719.000000,58410.000000,49593.000000,33788.000000
56751.000000,58406.000000,49604.000000,33789.000000
56723.000000,58428.000000,49578.000000,33769.000000
56739.000000,58444.000000,49594.000000,33765.000000
56727.000000,58443.000000,49588.000000,33775.000000
56748.000000,58399.000000,49568.000000,33800.000000
56717.000000,58443.000000,49567.000000,33790.000000
56737.000000,58426.000000,49601.000000,33803.000000
56746.000000,58413.000000,49592.000000,33761.000000
56732.000000,58396.000000,49554.000000,33761.000000
56755.000000,58446.000000,49592.000000,33749.000000
56724.000000,58422.000000,49581.000000,33778.000000
56723.000000,58429.000000,49575.000000,33752.000000
56735.000000,58417.000000,49573.000000,33786.000000
56727.000000,58416.000000,49554.000000,33790.000000
56728.000000,58431.000000,49559.000000,33754.000000
56707.000000,58381.000000,49548.000000,33793.000000
56710.000000,58382.000000,49541.000000,33757.000000
56674.000000,58369.000000,49543.000000,33739.000000
56715.000000,58407.000000,49525.000000,33786.000000
56674.000000,58370.000000,49504.000000,33740.000000
56681.000000,58395.000000,49533.000000,33734.000000
56689.000000,58373.000000,49508.000000,33749.000000
56670.000000,58351.000000,49515.000000,33717.000000
56661.000000,58375.000000,49498.000000,33716.000000
56672.000000,58401.000000,49514.000000,33750.000000
56686.000000,58349.000000,49512.000000,33729.000000
56652.000000,58384.000000,49515.000000,33740.000000
56682.000000,58364.000000,49521.000000,33726.000000
56654.000000,58367.000000,49524.000000,33740.000000
56670.000000,58364.000000,49491.000000,33730.000000
56661.000000,58358.000000,49496.000000,33736.000000
56667.000000,58375.000000,49485.000000,33752.000000
56655.000000,58365.000000,49507.000000,33741.000000
56675.000000,58348.000000,49503.000000,33721.000000
56648.000000,58344.000000,49503.000000,33767.000000
56638.000000,58350.000000,49516.000000,33749.000000
56645.000000,58361.000000,49487.000000,33730.000000
56652.000000,58383.000000,49496.000000,33741.000000
56639.000000,58336.000000,49492.000000,33759.000000
56679.000000,58343.000000,49497.000000,33729.000000
56648.000000,58371.000000,49508.000000,33743.000000
56649.000000,58365.000000,49503.000000,33746.000000
56652.000000,58358.000000,49500.000000,33710.000000
56610.000000,58328.000000,49489.000000,33748.000000
56607.000000,58359.000000,49463.000000,33748.000000
56634.000000,58354.000000,49458.000000,33743.000000
56639.000000,58301.000000,49478.000000,33756.000000
56642.000000,58337.000000,49448.000000,33722.000000
56624.000000,58316.000000,49448.000000,33722.000000
56626.000000,58310.000000,49468.000000,33753.000000
56610.000000,58330.000000,49462.000000,33708.000000
56609.000000,58328.000000,49449.000000,33739.000000
56593.000000,58332.000000,49442.000000,33707.000000
56602.000000,58293.000000,49457.000000,33747.000000
56605.000000,58327.000000,49445.000000,33711.000000
56576.000000,58286.000000,49430.000000,33703.000000
56610.000000,58326.000000,49446.000000,33719.000000
56565.000000,58314.000000,49437.000000,33693.000000
56566.000000,58296.000000,49414.000000,33701.000000
56573.000000,58293.000000,49418.000000,33682.000000
56567.000000,58292.000000,49393.000000,33685.000000
56576.000000,58265.000000,49400.000000,33679.000000
56546.000000,58290.000000,49397.000000,33702.000000
56563.000000,58297.000000,49389.000000,33672.000000
56576.000000,58259.000000,49417.000000,33687.000000
56574.000000,58242.000000,49388.000000,33690.000000
56557.000000,58287.000000,49371.000000,33687.000000
56548.000000,58284.000000,49398.000000,33695.000000
56554.000000,58271.000000,49389.000000,33696.000000
56550.000000,58274.000000,49399.000000,33679.000000
56555.000000,58280.000000,49391.000000,33671.000000
56554.000000,58270.000000,49361.000000,33683.000000
56539.000000,58266.000000,49363.000000,33663.000000
56490.000000,58264.000000,49345.000000,33682.000000
56532.000000,58249.000000,49349.000000,33651.000000
56524.000000,58255.000000,49388.000000,33679.000000
56522.000000,58262.000000,49331.000000,33677.000000
56538.000000,58234.000000,49368.000000,33666.000000
56516.000000,58240.000000,49376.000000,33666.000000
56537.000000,58244.000000,49365.000000,33663.000000
56521.000000,58247.000000,49333.000000,33669.000000
56501.000000,58231.000000,49343.000000,33670.000000
56514.000000,58276.000000,49343.000000,33671.000000
56503.000000,58240.000000,49332.000000,33647.000000
56520.000000,58226.000000,49340.000000,33652.000000
56505.000000,58239.000000,49355.000000,33659.000000
56480.000000,58231.000000,49328.000000,33670.000000
56481.000000,58243.000000,49321.000000,33687.000000
56490.000000,58212.000000,49296.000000,33668.000000
56456.000000,58238.000000,49293.000000,33603.000000
56435.000000,58183.000000,49290.000000,33654.000000
56424.000000,58160.000000,49284.000000,33620.000000
56442.000000,58179.000000,49273.000000,33623.000000
56429.000000,58157.000000,49268.000000,33626.000000
56401.000000,58131.000000,49215.000000,33584.000000
56389.000000,58123.000000,49233.000000,33583.000000
56388.000000,58122.000000,49203.000000,33624.000000
56344.000000,58099.000000,49191.000000,33587.000000
56359.000000,58136.000000,49197.000000,33567.000000
56348.000000,58115.000000,49187.000000,33575.000000
56356.000000,58087.000000,49157.000000,33558.000000
56318.000000,58080.000000,49181.000000,33558.000000
56302.000000,58121.000000,49171.000000,33566.000000
56310.000000,58112.000000,49170.000000,33536.000000
56323.000000,58099.000000,49179.000000,33545.000000
56323.000000,58073.000000,49146.000000,33571.000000
56312.000000,58076.000000,49150.000000,33562.000000
56318.000000,58113.000000,49198.000000,33575.000000
56331.000000,58119.000000,49172.000000,33587.000000
56344.000000,58108.000000,49199.000000,33591.000000
56370.000000,58106.000000,49169.000000,33583.000000
56325.000000,58105.000000,49195.000000,33581.000000
56332.000000,58106.000000,49195.000000,33578.000000
56368.000000,58093.000000,49198.000000,33575.000000
56362.000000,58131.000000,49196.000000,33573.000000
56335.000000,58131.000000,49214.000000,33571.000000
56371.000000,58156.000000,49207.000000,33585.000000
56373.000000,58152.000000,49187.000000,33583.000000
56359.000000,58121.000000,49194.000000,33574.000000
56379.000000,58117.000000,49220.000000,33579.000000
56353.000000,58144.000000,49192.000000,33598.000000
56360.000000,58106.000000,49199.000000,33570.000000
56355.000000,58126.000000,49215.000000,33563.000000
56367.000000,58135.000000,49212.000000,33588.000000
56366.000000,58113.000000,49190.000000,33592.000000
56407.000000,58135.000000,49223.000000,33594.000000
56383.000000,58136.000000,49216.000000,33612.000000
56389.000000,58161.000000,49253.000000,33597.000000
56396.000000,58169.000000,49274.000000,33607.000000
56424.000000,58164.000000,49284.000000,33619.000000
56436.000000,58191.000000,49319.000000,33621.000000
56473.000000,58203.000000,49322.000000,33667.000000
56476.000000,58220.000000,49322.000000,33636.000000
56517.000000,58227.000000,49368.000000,33676.000000
56527.000000,58280.000000,49387.000000,33685.000000
56574.000000,58255.000000,49415.000000,33706.000000
56642.000000,58315.000000,49475.000000,33738.000000
56641.000000,58334.000000,49468.000000,33746.000000
56648.000000,58366.000000,49503.000000,33766.000000
56653.000000,58367.000000,49516.000000,33761.000000
56698.000000,58410.000000,49548.000000,33758.000000
56713.000000,58400.000000,49571.000000,33775.000000
56699.000000,58404.000000,49582.000000,33753.000000
56725.000000,58422.000000,49565.000000,33788.000000
56704.000000,58423.000000,49556.000000,33775.000000
56713.000000,58417.000000,49586.000000,33795.000000
56748.000000,58416.000000,49566.000000,33791.000000
56714.000000,58438.000000,49577.000000,33798.000000
56709.000000,58423.000000,49558.000000,33775.000000
56698.000000,58398.000000,49582.000000,33781.000000
56679.000000,58426.000000,49610.000000,33774.000000
56702.000000,58404.000000,49562.000000,33764.000000
56717.000000,58398.000000,49543.000000,33756.000000
56703.000000,58398.000000,49556.000000,33766.000000
56716.000000,58419.000000,49553.000000,33787.000000
56714.000000,58414.000000,49563.000000,33740.000000
56696.000000,58382.000000,49575.000000,33763.000000
56685.000000,58379.000000,49560.000000,33756.000000
56681.000000,58395.000000,49526.000000,33780.000000
56698.000000,58353.000000,49550.000000,33729.000000
56681.000000,58395.000000,49555.000000,33750.000000
56627.000000,58377.000000,49536.000000,33751.000000
56681.000000,58364.000000,49533.000000,33756.000000
56663.000000,58335.000000,49530.000000,33742.000000
56682.000000,58389.000000,49540.000000,33786.000000
56640.000000,58379.000000,49511.000000,33743.000000
56676.000000,58371.000000,49539.000000,33749.000000
56666.000000,58345.000000,49536.000000,33743.000000
56657.000000,58374.000000,49515.000000,33731.000000
56657.000000,58383.000000,49489.000000,33768.000000
56659.000000,58344.000000,49504.000000,33735.000000
56697.000000,58398.000000,49542.000000,33747.000000
56654.000000,58348.000000,49518.000000,33728.000000
56637.000000,58364.000000,49499.000000,33737.000000
56641.000000,58364.000000,49511.000000,33754.000000
56653.000000,58353.000000,49476.000000,33746.000000
56658.000000,58378.000000,49514.000000,33748.000000
56620.000000,58340.000000,49483.000000,33705.000000
56646.000000,58338.000000,49514.000000,33743.000000
56590.000000,58342.000000,49485.000000,33732.000000
56614.000000,58328.000000,49480.000000,33701.000000
56640.000000,58366.000000,49491.000000,33724.000000
56621.000000,58358.000000,49496.000000,33724.000000
56637.000000,58345.000000,49491.000000,33720.000000
56613.000000,58337.000000,49511.000000,33731.000000
56605.000000,58339.000000,49473.000000,33750.000000
56611.000000,58350.000000,49496.000000,33710.000000
56636.000000,58311.000000,49474.000000,33746.000000
56609.000000,58347.000000,49472.000000,33710.000000
56616.000000,58337.000000,49496.000000,33714.000000
56629.000000,58312.000000,49472.000000,33731.000000
56622.000000,58349.000000,49452.000000,33731.000000
56623.000000,58339.000000,49453.000000,33728.000000
56605.000000,58326.000000,49471.000000,33728.000000
56627.000000,58321.000000,49471.000000,33746.000000
56605.000000,58294.000000,49460.000000,33697.000000
56649.000000,58289.000000,49470.000000,33697.000000
56614.000000,58336.000000,49483.000000,33725.000000
56570.000000,58307.000000,49436.000000,33707.000000
56589.000000,58333.000000,49446.000000,33719.000000
56582.000000,58294.000000,49453.000000,33710.000000
56588.000000,58325.000000,49459.000000,33736.000000
56579.000000,58332.000000,49432.000000,33709.000000
56594.000000,58296.000000,49426.000000,33694.000000
56594.000000,58279.000000,49439.000000,33720.000000
56575.000000,58281.000000,49435.000000,33741.000000
56597.000000,58295.000000,49424.000000,33699.000000
56567.000000,58325.000000,49429.000000,33723.000000
56555.000000,58324.000000,49418.000000,33716.000000
56549.000000,58284.000000,49413.000000,33671.000000
56560.000000,58283.000000,49418.000000,33726.000000
56572.000000,58316.000000,49393.000000,33696.000000
56555.000000,58299.000000,49433.000000,33708.000000
56569.000000,58288.000000,49405.000000,33686.000000
56527.000000,58288.000000,49426.000000,33707.000000
56536.000000,58275.000000,49397.000000,33696.000000
56523.000000,58280.000000,49405.000000,33694.000000
56517.000000,58292.000000,49408.000000,33682.000000
56539.000000,58247.000000,49413.000000,33695.000000
56523.000000,58255.000000,49396.000000,33679.000000
56502.000000,58243.000000,49398.000000,33694.000000
56525.000000,58242.000000,49380.000000,33660.000000
56533.000000,58261.000000,49384.000000,33679.000000
56527.000000,58256.000000,49394.000000,33673.000000
56523.000000,58295.000000,49391.000000,33689.000000
56494.000000,58244.000000,49353.000000,33682.000000
56497.000000,58235.000000,49359.000000,33654.000000
56533.000000,58251.000000,49359.000000,33727.000000
56507.000000,58240.000000,49375.000000,33662.000000
56533.000000,58264.000000,49376.000000,33659.000000
56511.000000,58251.000000,49387.000000,33673.000000
56525.000000,58256.000000,49385.000000,33664.000000
56507.000000,58240.000000,49381.000000,33665.000000
56530.000000,58260.000000,49375.000000,33669.000000
56520.000000,58280.000000,49395.000000,33687.000000
56522.000000,58233.000000,49374.000000,33711.000000
56549.000000,58266.000000,49395.000000,33695.000000
56506.000000,58258.000000,49412.000000,33703.000000
56486.000000,58267.000000,49385.000000,33709.000000
56516.000000,58238.000000,49366.000000,33686.000000
56502.000000,58244.000000,49369.000000,33695.000000
56493.000000,58238.000000,49372.000000,33672.000000
56508.000000,58236.000000,49386.000000,33670.000000
56476.000000,58215.000000,49362.000000,33663.000000
56456.000000,58260.000000,49354.000000,33673.000000
56470.000000,58250.000000,49341.000000,33691.000000
56433.000000,58202.000000,49325.000000,33652.000000
56455.000000,58219.000000,49323.000000,33661.000000
56409.000000,58198.000000,49289.000000,33665.000000
56433.000000,58189.000000,49291.000000,33635.000000
56427.000000,58184.000000,49269.000000,33641.000000
56402.000000,58164.000000,49269.000000,33614.000000
56390.000000,58173.000000,49271.000000,33631.000000
56386.000000,58176.000000,49282.000000,33613.000000
56385.000000,58205.000000,49279.000000,33632.000000
56373.000000,58175.000000,49266.000000,33576.000000
56406.000000,58180.000000,49278.000000,33626.000000
56393.000000,58164.000000,49282.000000,33648.000000
56398.000000,58194.000000,49273.000000,33638.000000
56421.000000,58162.000000,49284.000000,33638.000000
56379.000000,58201.000000,49289.000000,33616.000000
56419.000000,58206.000000,49293.000000,33648.000000
56426.000000,58216.000000,49287.000000,33635.000000
56412.000000,58234.000000,49295.000000,33668.000000
56429.000000,58207.000000,49346.000000,33644.000000
56456.000000,58230.000000,49330.000000,33675.000000
56441.000000,58241.000000,49343.000000,33647.000000
56442.000000,58210.000000,49326.000000,33657.000000
56438.000000,58237.000000,49337.000000,33654.000000
56474.000000,58243.000000,49369.000000,33682.000000
56462.000000,58266.000000,49355.000000,33678.000000
56455.000000,58229.000000,49361.000000,33672.000000
56450.000000,58272.000000,49365.000000,33678.000000
56451.000000,58258.000000,49326.000000,33673.000000
56451.000000,58257.000000,49380.000000,33674.000000
56480.000000,58287.000000,49388.000000,33703.000000
56473.000000,58279.000000,49369.000000,33676.000000
56508.000000,58282.000000,49356.000000,33670.000000
56476.000000,58312.000000,49440.000000,33732.000000
56502.000000,58327.000000,49434.000000,33724.000000
56544.000000,58308.000000,49449.000000,33736.000000
56561.000000,58341.000000,49495.000000,33734.000000
56554.000000,58379.000000,49468.000000,33748.000000
56623.000000,58397.000000,49503.000000,33761.000000
56620.000000,58415.000000,49543.000000,33755.000000
56677.000000,58443.000000,49600.000000,33817.000000
56684.000000,58444.000000,49603.000000,33814.000000
56705.000000,58473.000000,49659.000000,33827.000000
56732.000000,58497.000000,49689.000000,33848.000000
56712.000000,58510.000000,49662.000000,33846.000000
56739.000000,58528.000000,49693.000000,33832.000000
56797.000000,58508.000000,49712.000000,33843.000000
56780.000000,58546.000000,49711.000000,33861.000000
56779.000000,58545.000000,49724.000000,33868.000000
56801.000000,58544.000000,49710.000000,33851.000000
56792.000000,58560.000000,49714.000000,33848.000000
56813.000000,58543.000000,49711.000000,33855.000000
56809.000000,58556.000000,49748.000000,33850.000000
56780.000000,58537.000000,49761.000000,33883.000000
56800.000000,58577.000000,49738.000000,33882.000000
56808.000000,58571.000000,49740.000000,33885.000000
56794.000000,58597.000000,49748.000000,33874.000000
56792.000000,58547.000000,49736.000000,33867.000000
56792.000000,58546.000000,49708.000000,33858.000000
56796.000000,58562.000000,49724.000000,33857.000000
56839.000000,58569.000000,49732.000000,33885.000000
56784.000000,58571.000000,49764.000000,33876.000000
56771.000000,58563.000000,49729.000000,33871.000000
56790.000000,58584.000000,49745.000000,33872.000000
56799.000000,58586.000000,49737.000000,33885.000000
56777.000000,58554.000000,49728.000000,33844.000000
56817.000000,58555.000000,49743.000000,33872.000000
56785.000000,58607.000000,49734.000000,33846.000000
56789.000000,58570.000000,49732.000000,33859.000000
56796.000000,58551.000000,49708.000000,33849.000000
56788.000000,58552.000000,49721.000000,33840.000000
56753.000000,58555.000000,49690.000000,33852.000000
56768.000000,58535.000000,49701.000000,33869.000000
56734.000000,58524.000000,49720.000000,33862.000000
56774.000000,58577.000000,49716.000000,33853.000000
56767.000000,58553.000000,49705.000000,33849.000000
56753.000000,58540.000000,49711.000000,33863.000000
56754.000000,58568.000000,49736.000000,33862.000000
56722.000000,58548.000000,49686.000000,33837.000000
56765.000000,58558.000000,49692.000000,33848.000000
56747.000000,58542.000000,49663.000000,33841.000000
56785.000000,58562.000000,49700.000000,33838.000000
56770.000000,58574.000000,49698.000000,33862.000000
56741.000000,58550.000000,49719.000000,33857.000000
56776.000000,58568.000000,49699.000000,33856.000000
56735.000000,58519.000000,49700.000000,33861.000000
56755.000000,58521.000000,49694.000000,33845.000000
56748.000000,58538.000000,49703.000000,33862.000000
56732.000000,58530.000000,49675.000000,33843.000000
56762.000000,58525.000000,49698.000000,33863.000000
56717.000000,58518.000000,49681.000000,33842.000000
56722.000000,58540.000000,49681.000000,33853.000000
56724.000000,58532.000000,49694.000000,33877.000000
56739.000000,58533.000000,49691.000000,33834.000000
56731.000000,58521.000000,49657.000000,33823.000000
56742.000000,58537.000000,49676.000000,33841.000000
56738.000000,58541.000000,49668.000000,33833.000000
56755.000000,58559.000000,49681.000000,33833.000000
56742.000000,58534.000000,49670.000000,33812.000000
56696.000000,58521.000000,49676.000000,33846.000000
56719.000000,58501.000000,49695.000000,33831.000000
56743.000000,58523.000000,49661.000000,33825.000000
56703.000000,58533.000000,49657.000000,33841.000000
56729.000000,58503.000000,49674.000000,33857.000000
56683.000000,58512.000000,49678.000000,33832.000000
56669.000000,58485.000000,49655.000000,33839.000000
56691.000000,58514.000000,49630.000000,33818.000000
56693.000000,58485.000000,49611.000000,33835.000000
56690.000000,58508.000000,49635.000000,33837.000000
56687.000000,58488.000000,49630.000000,33813.000000
56660.000000,58511.000000,49650.000000,33808.000000
56653.000000,58485.000000,49605.000000,33804.000000
56663.000000,58511.000000,49628.000000,33813.000000
56674.000000,58472.000000,49603.000000,33790.000000
56668.000000,58488.000000,49596.000000,33812.000000
56648.000000,58475.000000,49638.000000,33804.000000
56633.000000,58483.000000,49626.000000,33802.000000
56656.000000,58454.000000,49593.000000,33801.000000
56659.000000,58504.000000,49619.000000,33810.000000
56639.000000,58496.000000,49583.000000,33800.000000
56640.000000,58476.000000,49610.000000,33798.000000
56661.000000,58493.000000,49628.000000,33799.000000
56677.000000,58484.000000,49593.000000,33823.000000
56630.000000,58490.000000,49590.000000,33774.000000
56650.000000,58504.000000,49613.000000,33804.000000
56638.000000,58480.000000,49635.000000,33799.000000
56614.000000,58461.000000,49621.000000,33801.000000
56625.000000,58502.000000,49615.000000,33817.000000
56637.000000,58478.000000,49605.000000,33800.000000
56651.000000,58492.000000,49596.000000,33826.000000
56642.000000,58494.000000,49607.000000,33801.000000
56633.000000,58469.000000,49610.000000,33822.000000
56639.000000,58492.000000,49591.000000,33790.000000
56632.000000,58498.000000,49568.000000,33807.000000
56639.000000,58460.000000,49594.000000,33807.000000
56617.000000,58465.000000,49576.000000,33833.000000
56632.000000,58502.000000,49610.000000,33787.000000
56648.000000,58452.000000,49593.000000,33811.000000
56609.000000,58444.000000,49598.000000,33811.000000
56593.000000,58466.000000,49587.000000,33777.000000
56633.000000,58460.000000,49580.000000,33780.000000
56604.000000,58440.000000,49583.000000,33783.000000
56604.000000,58449.000000,49579.000000,33777.000000
56583.000000,58455.000000,49568.000000,33784.000000
56585.000000,58428.000000,49565.000000,33780.000000
56538.000000,58418.000000,49554.000000,33768.000000
56564.000000,58421.000000,49541.000000,33783.000000
56564.000000,58405.000000,49526.000000,33768.000000
56517.000000,58390.000000,49509.000000,33748.000000
56529.000000,58347.000000,49499.000000,33754.000000
56501.000000,58389.000000,49488.000000,33747.000000
56488.000000,58394.000000,49457.000000,33757.000000
56500.000000,58385.000000,49446.000000,33748.000000
56478.000000,58388.000000,49464.000000,33739.000000
56476.000000,58369.000000,49459.000000,33710.000000
56481.000000,58353.000000,49447.000000,33716.000000
56490.000000,58338.000000,49470.000000,33698.000000
56468.000000,58393.000000,49446.000000,33700.000000
56460.000000,58327.000000,49434.000000,33719.000000
56478.000000,58387.000000,49476.000000,33716.000000
56477.000000,58359.000000,49408.000000,33729.000000
56491.000000,58339.000000,49455.000000,33697.000000
56472.000000,58375.000000,49444.000000,33698.000000
56475.000000,58346.000000,49484.000000,33727.000000
56504.000000,58375.000000,49447.000000,33731.000000
56476.000000,58381.000000,49463.000000,33734.000000
56478.000000,58401.000000,49467.000000,33736.000000
56525.000000,58394.000000,49503.000000,33740.000000
56490.000000,58367.000000,49476.000000,33732.000000
56508.000000,58375.000000,49487.000000,33719.000000
56470.000000,58356.000000,49470.000000,33719.000000
56474.000000,58383.000000,49491.000000,33740.000000
56494.000000,58369.000000,49487.000000,33740.000000
56484.000000,58362.000000,49481.000000,33724.000000
56497.000000,58356.000000,49498.000000,33720.000000
56505.000000,58390.000000,49484.000000,33733.000000
56482.000000,58371.000000,49470.000000,33755.000000
56515.000000,58379.000000,49510.000000,33755.000000
56470.000000,58365.000000,49495.000000,33737.000000
56511.000000,58414.000000,49529.000000,33765.000000
56481.000000,58383.000000,49500.000000,33758.000000
56528.000000,58424.000000,49518.000000,33749.000000
56531.000000,58425.000000,49535.000000,33788.000000
56523.000000,58417.000000,49534.000000,33775.000000
56557.000000,58420.000000,49564.000000,33780.000000
56550.000000,58464.000000,49546.000000,33780.000000
56600.000000,58478.000000,49570.000000,33787.000000
56645.000000,58489.000000,49589.000000,33806.000000
56663.000000,58494.000000,49631.000000,33796.000000
56674.000000,58534.000000,49673.000000,33842.000000
56678.000000,58541.000000,49681.000000,33825.000000
56741.000000,58559.000000,49681.000000,33850.000000
56738.000000,58591.000000,49753.000000,33882.000000
56733.000000,58595.000000,49770.000000,33894.000000
56783.000000,58611.000000,49783.000000,33898.000000
56789.000000,58612.000000,49782.000000,33907.000000
56803.000000,58627.000000,49810.000000,33910.000000
56800.000000,58652.000000,49837.000000,33870.000000
56812.000000,58652.000000,49828.000000,33882.000000
56800.000000,58656.000000,49787.000000,33918.000000
56835.000000,58681.000000,49835.000000,33899.000000
56802.000000,58642.000000,49811.000000,33923.000000
56808.000000,58648.000000,49813.000000,33894.000000
56801.000000,58626.000000,49810.000000,33902.000000
56817.000000,58612.000000,49808.000000,33932.000000
56824.000000,58592.000000,49787.000000,33900.000000
56788.000000,58648.000000,49830.000000,33900.000000
56801.000000,58669.000000,49793.000000,33922.000000
56786.000000,58638.000000,49808.000000,33887.000000
56781.000000,58606.000000,49810.000000,33899.000000
56800.000000,58635.000000,49791.000000,33904.000000
56802.000000,58667.000000,49789.000000,33892.000000
56774.000000,58606.000000,49807.000000,33902.000000
56780.000000,58635.000000,49799.000000,33909.000000
56763.000000,58636.000000,49818.000000,33893.000000
56811.000000,58613.000000,49786.000000,33891.000000
56796.000000,58640.000000,49800.000000,33916.000000
56776.000000,58606.000000,49801.000000,33900.000000
56798.000000,58626.000000,49797.000000,33910.000000
56792.000000,58650.000000,49783.000000,33892.000000
56796.000000,58641.000000,49796.000000,33884.000000
56764.000000,58604.000000,49772.000000,33877.000000
56760.000000,58637.000000,49778.000000,33891.000000
56797.000000,58645.000000,49801.000000,33877.000000
56772.000000,58631.000000,49777.000000,33875.000000
56781.000000,58619.000000,49784.000000,33926.000000
56769.000000,58602.000000,49788.000000,33906.000000
56772.000000,58619.000000,49791.000000,33879.000000
56767.000000,58597.000000,49768.000000,33902.000000
56780.000000,58629.000000,49795.000000,33902.000000
56747.000000,58609.000000,49760.000000,33868.000000
56737.000000,58596.000000,49764.000000,33866.000000
56747.000000,58614.000000,49771.000000,33895.000000
56745.000000,58611.000000,49759.000000,33886.000000
56733.000000,58590.000000,49765.000000,33872.000000
56743.000000,58591.000000,49766.000000,33896.000000
56708.000000,58596.000000,49749.000000,33862.000000
56739.000000,58602.000000,49741.000000,33864.000000
56746.000000,58606.000000,49751.000000,33895.000000
56737.000000,58630.000000,49752.000000,33887.000000
56708.000000,58584.000000,49757.000000,33862.000000
56730.000000,58586.000000,49755.000000,33892.000000
56714.000000,58579.000000,49738.000000,33877.000000
56719.000000,58564.000000,49733.000000,33851.000000
56736.000000,58589.000000,49724.000000,33874.000000
56701.000000,58574.000000,49761.000000,33871.000000
56725.000000,58578.000000,49754.000000,33879.000000
56695.000000,58579.000000,49747.000000,33883.000000
56733.000000,58556.000000,49739.000000,33882.000000
56733.000000,58590.000000,49735.000000,33877.000000
56713.000000,58578.000000,49720.000000,33891.000000
56743.000000,58648.000000,49761.000000,33883.000000
56757.000000,58640.000000,49758.000000,33868.000000
56690.000000,58604.000000,49741.000000,33885.000000
56704.000000,58609.000000,49727.000000,33865.000000
56727.000000,58618.000000,49745.000000,33887.000000
56718.000000,58585.000000,49716.000000,33875.000000
56707.000000,58597.000000,49747.000000,33847.000000
56718.000000,58591.000000,49708.000000,33865.000000
56699.000000,58582.000000,49726.000000,33848.000000
56694.000000,58582.000000,49726.000000,33855.000000
56679.000000,58600.000000,49685.000000,33842.000000
56665.000000,58534.000000,49688.000000,33858.000000
56715.000000,58563.000000,49708.000000,33851.000000
56651.000000,58560.000000,49672.000000,33828.000000
56662.000000,58556.000000,49675.000000,33850.000000
56674.000000,58579.000000,49707.000000,33848.000000
56664.000000,58568.000000,49670.000000,33827.000000
56672.000000,58546.000000,49693.000000,33819.000000
56658.000000,58521.000000,49696.000000,33833.000000
56620.000000,58538.000000,49657.000000,33836.000000
56654.000000,58518.000000,49652.000000,33805.000000
56649.000000,58521.000000,49668.000000,33835.000000
56658.000000,58521.000000,49663.000000,33850.000000
56647.000000,58507.000000,49652.000000,33819.000000
56651.000000,58510.000000,49636.000000,33823.000000
56627.000000,58529.000000,49633.000000,33818.000000
56643.000000,58527.000000,49643.000000,33805.000000
56626.000000,58546.000000,49640.000000,33834.000000
56653.000000,58537.000000,49667.000000,33813.000000
56630.000000,58527.000000,49644.000000,33814.000000
56624.000000,58537.000000,49654.000000,33815.000000
56616.000000,58526.000000,49647.000000,33849.000000
56616.000000,58556.000000,49658.000000,33826.000000
56616.000000,58529.000000,49653.000000,33840.000000
56593.000000,58555.000000,49650.000000,33846.000000
56629.000000,58508.000000,49630.000000,33822.000000
56611.000000,58519.000000,49625.000000,33811.000000
56625.000000,58523.000000,49618.000000,33827.000000
56616.000000,58521.000000,49628.000000,33817.000000
56612.000000,58507.000000,49606.000000,33817.000000
56603.000000,58493.000000,49613.000000,33815.000000
56581.000000,58507.000000,49633.000000,33815.000000
56553.000000,58513.000000,49602.000000,33790.000000
56591.000000,58513.000000,49619.000000,33789.000000
56590.000000,58486.000000,49598.000000,33792.000000
56578.000000,58481.000000,49601.000000,33800.000000
56561.000000,58477.000000,49586.000000,33781.000000
56573.000000,58420.000000,49590.000000,33776.000000
56531.000000,58465.000000,49541.000000,33768.000000
56525.000000,58436.000000,49561.000000,33796.000000
56533.000000,58424.000000,49538.000000,33788.000000
56509.000000,58425.000000,49528.000000,33784.000000
56512.000000,58440.000000,49503.000000,33760.000000
56452.000000,58433.000000,49501.000000,33754.000000
56467.000000,58397.000000,49464.000000,33738.000000
56471.000000,58406.000000,49498.000000,33761.000000
56454.000000,58424.000000,49491.000000,33740.000000
56456.000000,58412.000000,49478.000000,33719.000000
56474.000000,58396.000000,49492.000000,33733.000000
56483.000000,58438.000000,49508.000000,33765.000000
56462.000000,58419.000000,49520.000000,33758.000000
56481.000000,58415.000000,49503.000000,33771.000000
56483.000000,58454.000000,49521.000000,33761.000000
56453.000000,58417.000000,49505.000000,33745.000000
56503.000000,58425.000000,49514.000000,33760.000000
56498.000000,58430.000000,49526.000000,33772.000000
56493.000000,58408.000000,49501.000000,33727.000000
56490.000000,58447.000000,49531.000000,33764.000000
56489.000000,58425.000000,49533.000000,33788.000000
56462.000000,58417.000000,49529.000000,33753.000000
56506.000000,58429.000000,49523.000000,33765.000000
56463.000000,58447.000000,49510.000000,33774.000000
56492.000000,58425.000000,49522.000000,33758.000000
56515.000000,58413.000000,49564.000000,33768.000000
56515.000000,58461.000000,49507.000000,33757.000000
56515.000000,58446.000000,49564.000000,33769.000000
56511.000000,58454.000000,49557.000000,33790.000000
56541.000000,58474.000000,49563.000000,33774.000000
56520.000000,58471.000000,49561.000000,33779.000000
56557.000000,58479.000000,49592.000000,33793.000000
56586.000000,58486.000000,49602.000000,33803.000000
56585.000000,58516.000000,49647.000000,33802.000000
56609.000000,58510.000000,49643.000000,33814.000000
56633.000000,58532.000000,49670.000000,33849.000000
56666.000000,58560.000000,49722.000000,33863.000000
56686.000000,58575.000000,49745.000000,33858.000000
56721.000000,58613.000000,49782.000000,33909.000000
56745.000000,58631.000000,49778.000000,33903.000000
56757.000000,58687.000000,49837.000000,33901.000000
56791.000000,58665.000000,49844.000000,33929.000000
56801.000000,58715.000000,49888.000000,33941.000000
56803.000000,58700.000000,49894.000000,33932.000000
56833.000000,58712.000000,49906.000000,33943.000000
56838.000000,58710.000000,49896.000000,33946.000000
56814.000000,58708.000000,49884.000000,33931.000000
56845.000000,58713.000000,49921.000000,33948.000000
56833.000000,58765.000000,49882.000000,33974.000000
56842.000000,58748.000000,49927.000000,33932.000000
56845.000000,58735.000000,49935.000000,33954.000000
56863.000000,58725.000000,49917.000000,33957.000000
56841.000000,58724.000000,49902.000000,33920.000000
56833.000000,58733.000000,49899.000000,33958.000000
56831.000000,58715.000000,49904.000000,33933.000000
56815.000000,58730.000000,49898.000000,33942.000000
56835.000000,58702.000000,49908.000000,33967.000000
56831.000000,58722.000000,49899.000000,33958.000000
56809.000000,58736.000000,49910.000000,33950.000000
56857.000000,58741.000000,49915.000000,33966.000000
56849.000000,58744.000000,49916.000000,33976.000000
56800.000000,58721.000000,49905.000000,33935.000000
56820.000000,58716.000000,49909.000000,33948.000000
56846.000000,58753.000000,49888.000000,33944.000000
56869.000000,58739.000000,49895.000000,33952.000000
56850.000000,58754.000000,49921.000000,33959.000000
56848.000000,58723.000000,49921.000000,33966.000000
56837.000000,58700.000000,49904.000000,33977.000000
56805.000000,58744.000000,49911.000000,33929.000000
56847.000000,58706.000000,49930.000000,33942.000000
56822.000000,58745.000000,49895.000000,33965.000000
56828.000000,58709.000000,49909.000000,33945.000000
56788.000000,58746.000000,49872.000000,33984.000000
56808.000000,58734.000000,49890.000000,33941.000000
56819.000000,58749.000000,49921.000000,33952.000000
56850.000000,58726.000000,49887.000000,33964.000000
56818.000000,58695.000000,49890.000000,33914.000000
56807.000000,58743.000000,49880.000000,33929.000000
56832.000000,58719.000000,49890.000000,33952.000000
56797.000000,58733.000000,49894.000000,33925.000000
56834.000000,58696.000000,49885.000000,33960.000000
56796.000000,58736.000000,49861.000000,33936.000000
56794.000000,58714.000000,49839.000000,33923.000000
56790.000000,58700.000000,49865.000000,33944.000000
56810.000000,58716.000000,49901.000000,33945.000000
56793.000000,58680.000000,49871.000000,33946.000000
56817.000000,58695.000000,49849.000000,33931.000000
56811.000000,58708.000000,49847.000000,33943.000000
56749.000000,58724.000000,49857.000000,33941.000000
56794.000000,58686.000000,49866.000000,33912.000000
56807.000000,58733.000000,49871.000000,33953.000000
56803.000000,58722.000000,49865.000000,33944.000000
56769.000000,58676.000000,49883.000000,33931.000000
56789.000000,58724.000000,49864.000000,33919.000000
56778.000000,58679.000000,49878.000000,33926.000000
56772.000000,58697.000000,49851.000000,33937.000000
56761.000000,58669.000000,49871.000000,33933.000000
56795.000000,58701.000000,49857.000000,33960.000000
56781.000000,58713.000000,49852.000000,33895.000000
56771.000000,58669.000000,49851.000000,33937.000000
56778.000000,58698.000000,49849.000000,33941.000000
56766.000000,58720.000000,49846.000000,33931.000000
56754.000000,58662.000000,49831.000000,33903.000000
56761.000000,58676.000000,49844.000000,33913.000000
56784.000000,58665.000000,49841.000000,33915.000000
56746.000000,58681.000000,49812.000000,33906.000000
56752.000000,58668.000000,49796.000000,33925.000000
56759.000000,58643.000000,49817.000000,33901.000000
56719.000000,58624.000000,49805.000000,33899.000000
56718.000000,58653.000000,49820.000000,33898.000000
56714.000000,58673.000000,49819.000000,33920.000000
56719.000000,58623.000000,49803.000000,33878.000000
56702.000000,58644.000000,49792.000000,33888.000000
56714.000000,58642.000000,49767.000000,33890.000000
56685.000000,58616.000000,49782.000000,33874.000000
56680.000000,58629.000000,49779.000000,33893.000000
56707.000000,58631.000000,49763.000000,33898.000000
56671.000000,58615.000000,49794.000000,33884.000000
56687.000000,58623.000000,49766.000000,33857.000000
56692.000000,58598.000000,49759.000000,33875.000000
56696.000000,58607.000000,49762.000000,33865.000000
56680.000000,58613.000000,49759.000000,33859.000000
56666.000000,58594.000000,49744.000000,33886.000000
56658.000000,58607.000000,49713.000000,33853.000000
56657.000000,58623.000000,49778.000000,33851.000000
56636.000000,58594.000000,49752.000000,33864.000000
56662.000000,58606.000000,49738.000000,33885.000000
56640.000000,58573.000000,49723.000000,33865.000000
56639.000000,58582.000000,49697.000000,33845.000000
56653.000000,58599.000000,49733.000000,33875.000000
56619.000000,58583.000000,49724.000000,33885.000000
56653.000000,58599.000000,49741.000000,33874.000000
56649.000000,58579.000000,49725.000000,33842.000000
56657.000000,58593.000000,49732.000000,33869.000000
56667.000000,58584.000000,49710.000000,33835.000000
56644.000000,58574.000000,49752.000000,33861.000000
56641.000000,58573.000000,49716.000000,33834.000000
56625.000000,58611.000000,49735.000000,33868.000000
56649.000000,58593.000000,49714.000000,33849.000000
56628.000000,58597.000000,49729.000000,33854.000000
56624.000000,58575.000000,49714.000000,33834.000000
56626.000000,58582.000000,49698.000000,33846.000000
56607.000000,58553.000000,49711.000000,33858.000000
56610.000000,58574.000000,49709.000000,33832.000000
56630.000000,58537.000000,49661.000000,33843.000000
56600.000000,58562.000000,49668.000000,33854.000000
56560.000000,58537.000000,49669.000000,33859.000000
56584.000000,58525.000000,49656.000000,33832.000000
56540.000000,58521.000000,49635.000000,33826.000000
56575.000000,58505.000000,49622.000000,33827.000000
56526.000000,58487.000000,49637.000000,33816.000000
56517.000000,58466.000000,49639.000000,33756.000000
56532.000000,58505.000000,49602.000000,33804.000000
56494.000000,58479.000000,49570.000000,33800.000000
56551.000000,58498.000000,49617.000000,33794.000000
56520.000000,58500.000000,49583.000000,33804.000000
56526.000000,58498.000000,49586.000000,33789.000000
56528.000000,58481.000000,49598.000000,33814.000000
56540.000000,58497.000000,49589.000000,33794.000000
56525.000000,58499.000000,49616.000000,33801.000000
56512.000000,58511.000000,49614.000000,33815.000000
56550.000000,58530.000000,49606.000000,33800.000000
56513.000000,58506.000000,49613.000000,33776.000000
56538.000000,58513.000000,49648.000000,33807.000000
56538.000000,58533.000000,49612.000000,33815.000000
56520.000000,58512.000000,49641.000000,33811.000000
56522.000000,58533.000000,49627.000000,33817.000000
56533.000000,58540.000000,49655.000000,33846.000000
56559.000000,58544.000000,49658.000000,33840.000000
56535.000000,58540.000000,49635.000000,33794.000000
56552.000000,58522.000000,49646.000000,33816.000000
56553.000000,58531.000000,49661.000000,33840.000000
56532.000000,58523.000000,49649.000000,33831.000000
56531.000000,58532.000000,49654.000000,33827.000000
56530.000000,58526.000000,49652.000000,33822.000000
56570.000000,58553.000000,49647.000000,33836.000000
56565.000000,58556.000000,49692.000000,33836.000000
56557.000000,58540.000000,49676.000000,33833.000000
56567.000000,58520.000000,49673.000000,33826.000000
56545.000000,58562.000000,49682.000000,33839.000000
56589.000000,58520.000000,49682.000000,33841.000000
56611.000000,58562.000000,49700.000000,33816.000000
56584.000000,58578.000000,49680.000000,33856.000000
56607.000000,58575.000000,49692.000000,33854.000000
56629.000000,58617.000000,49729.000000,33868.000000
56652.000000,58616.000000,49744.000000,33878.000000
56681.000000,58638.000000,49763.000000,33900.000000
56700.000000,58610.000000,49780.000000,33886.000000
56714.000000,58679.000000,49828.000000,33925.000000
56717.000000,58695.000000,49850.000000,33954.000000
56756.000000,58734.000000,49864.000000,33952.000000
56791.000000,58754.000000,49952.000000,33959.000000
56813.000000,58758.000000,49950.000000,33991.000000
56832.000000,58797.000000,49954.000000,33994.000000
56858.000000,58795.000000,49981.000000,33970.000000
56882.000000,58823.000000,50013.000000,34000.000000
56869.000000,58812.000000,50006.000000,34017.000000
56894.000000,58817.000000,50039.000000,34001.000000
56913.000000,58829.000000,50019.000000,34013.000000
56891.000000,58825.000000,49985.000000,33987.000000
56915.000000,58844.000000,50001.000000,34006.000000
56878.000000,58848.000000,49984.000000,34012.000000
56883.000000,58836.000000,50029.000000,34004.000000
56917.000000,58844.000000,50034.000000,34020.000000
56854.000000,58832.000000,50014.000000,34008.000000
56905.000000,58873.000000,50046.000000,34034.000000
56879.000000,58862.000000,50009.000000,34005.000000
56880.000000,58832.000000,50014.000000,33988.000000
56892.000000,58821.000000,50030.000000,34023.000000
56877.000000,58837.000000,49999.000000,34022.000000
56885.000000,58848.000000,50037.000000,34021.000000
56877.000000,58789.000000,50022.000000,33966.000000
56889.000000,58814.000000,50007.000000,34044.000000
56857.000000,58797.000000,49978.000000,34013.000000
56877.000000,58817.000000,49987.000000,33994.000000
56866.000000,58812.000000,50009.000000,34018.000000
56867.000000,58849.000000,49991.000000,33984.000000
56895.000000,58801.000000,49991.000000,34009.000000
56862.000000,58821.000000,49970.000000,33995.000000
56888.000000,58804.000000,49998.000000,34006.000000
56898.000000,58835.000000,50016.000000,34014.000000
56867.000000,58843.000000,49994.000000,34000.000000
56908.000000,58814.000000,50024.000000,34024.000000
56889.000000,58848.000000,50004.000000,34001.000000
56867.000000,58838.000000,49984.000000,33974.000000
56840.000000,58813.000000,50011.000000,33999.000000
56861.000000,58845.000000,50024.000000,34036.000000
56836.000000,58838.000000,50001.000000,34014.000000
56855.000000,58838.000000,49995.000000,34002.000000
56881.000000,58831.000000,49989.000000,34003.000000
56865.000000,58795.000000,49976.000000,33984.000000
56837.000000,58800.000000,49979.000000,33997.000000
56857.000000,58803.000000,49997.000000,34011.000000
56849.000000,58792.000000,49967.000000,33983.000000
56853.000000,58780.000000,49963.000000,33989.000000
56853.000000,58789.000000,49975.000000,34003.000000
56807.000000,58783.000000,49940.000000,33955.000000
56841.000000,58781.000000,49982.000000,33999.000000
56809.000000,58747.000000,49955.000000,33968.000000
56833.000000,58776.000000,49968.000000,33967.000000
56797.000000,58817.000000,49948.000000,33989.000000
56805.000000,58746.000000,49943.000000,33975.000000
56826.000000,58786.000000,49947.000000,33995.000000
56809.000000,58768.000000,49921.000000,34002.000000
56798.000000,58771.000000,49945.000000,33976.000000
56771.000000,58756.000000,49950.000000,33964.000000
56821.000000,58772.000000,49958.000000,33968.000000
56787.000000,58788.000000,49919.000000,33974.000000
56787.000000,58740.000000,49958.000000,33963.000000
56812.000000,58768.000000,49933.000000,33949.000000
56781.000000,58764.000000,49925.000000,33968.000000
56803.000000,58759.000000,49917.000000,33974.000000
56803.000000,58763.000000,49964.000000,33990.000000
56766.000000,58768.000000,49934.000000,33976.000000
56775.000000,58764.000000,49935.000000,33977.000000
56773.000000,58763.000000,49927.000000,33963.000000
56757.000000,58718.000000,49905.000000,33956.000000
56801.000000,58743.000000,49927.000000,33953.000000
56786.000000,58751.000000,49905.000000,33983.000000
56760.000000,58747.000000,49901.000000,33948.000000
56763.000000,58744.000000,49916.000000,33954.000000
56746.000000,58773.000000,49910.000000,33929.000000
56773.000000,58752.000000,49917.000000,33988.000000
56749.000000,58747.000000,49925.000000,33964.000000
56757.000000,58733.000000,49906.000000,33934.000000
56764.000000,58752.000000,49912.000000,33968.000000
56767.000000,58731.000000,49892.000000,33907.000000
56743.000000,58723.000000,49866.000000,33916.000000
56733.000000,58717.000000,49880.000000,33929.000000
56730.000000,58743.000000,49875.000000,33939.000000
56709.000000,58732.000000,49868.000000,33920.000000
56713.000000,58725.000000,49866.000000,33934.000000
56728.000000,58730.000000,49879.000000,33939.000000
56684.000000,58714.000000,49864.000000,33906.000000
56739.000000,58695.000000,49858.000000,33921.000000
56705.000000,58728.000000,49854.000000,33935.000000
56720.000000,58715.000000,49831.000000,33935.000000
56701.000000,58707.000000,49830.000000,33917.000000
56717.000000,58705.000000,49845.000000,33892.000000
56705.000000,58686.000000,49840.000000,33923.000000
56687.000000,58693.000000,49811.000000,33903.000000
56693.000000,58697.000000,49829.000000,33918.000000
56702.000000,58707.000000,49819.000000,33888.000000
56697.000000,58692.000000,49824.000000,33920.000000
56679.000000,58692.000000,49834.000000,33924.000000
56676.000000,58672.000000,49827.000000,33907.000000
56671.000000,58711.000000,49838.000000,33938.000000
56670.000000,58673.000000,49814.000000,33901.000000
56688.000000,58692.000000,49805.000000,33912.000000
56647.000000,58662.000000,49837.000000,33926.000000
56713.000000,58683.000000,49828.000000,33923.000000
56698.000000,58692.000000,49828.000000,33916.000000
56651.000000,58664.000000,49804.000000,33890.000000
56672.000000,58642.000000,49795.000000,33917.000000
56655.000000,58652.000000,49805.000000,33901.000000
56640.000000,58646.000000,49776.000000,33899.000000
56645.000000,58629.000000,49792.000000,33882.000000
56607.000000,58628.000000,49762.000000,33890.000000
56616.000000,58635.000000,49795.000000,33884.000000
56620.000000,58596.000000,49763.000000,33867.000000
56596.000000,58596.000000,49746.000000,33862.000000
56596.000000,58600.000000,49721.000000,33828.000000
56568.000000,58618.000000,49707.000000,33828.000000
56535.000000,58584.000000,49719.000000,33854.000000
56562.000000,58568.000000,49698.000000,33820.000000
56553.000000,58590.000000,49683.000000,33847.000000
56544.000000,58579.000000,49699.000000,33854.000000
56549.000000,58563.000000,49684.000000,33850.000000
56516.000000,58568.000000,49667.000000,33823.000000
56537.000000,58570.000000,49685.000000,33840.000000
56501.000000,58540.000000,49692.000000,33857.000000
56534.000000,58547.000000,49644.000000,33824.000000
56524.000000,58530.000000,49654.000000,33824.000000
56515.000000,58564.000000,49654.000000,33826.000000
56517.000000,58551.000000,49673.000000,33833.000000
56477.000000,58550.000000,49667.000000,33829.000000
56548.000000,58568.000000,49671.000000,33826.000000
56544.000000,58566.000000,49701.000000,33851.000000
56555.000000,58543.000000,49682.000000,33851.000000
56511.000000,58532.000000,49678.000000,33819.000000
56538.000000,58561.000000,49713.000000,33847.000000
56530.000000,58568.000000,49685.000000,33851.000000
56542.000000,58532.000000,49678.000000,33825.000000
56550.000000,58567.000000,49684.000000,33865.000000
56539.000000,58582.000000,49700.000000,33849.000000
56537.000000,58568.000000,49709.000000,33829.000000
56552.000000,58547.000000,49683.000000,33855.000000
56561.000000,58598.000000,49709.000000,33833.000000
56558.000000,58584.000000,49708.000000,33828.000000
56537.000000,58568.000000,49700.000000,33860.000000
56535.000000,58559.000000,49713.000000,33847.000000
56559.000000,58578.000000,49727.000000,33852.000000
56589.000000,58573.000000,49739.000000,33888.000000
56554.000000,58569.000000,49723.000000,33859.000000
56591.000000,58591.000000,49752.000000,33885.000000
56612.000000,58591.000000,49793.000000,33895.000000
56609.000000,58603.000000,49784.000000,33877.000000
56641.000000,58630.000000,49799.000000,33891.000000
56660.000000,58623.000000,49804.000000,33921.000000
56692.000000,58674.000000,49844.000000,33943.000000
56711.000000,58716.000000,49853.000000,33953.000000
56730.000000,58744.000000,49899.000000,33963.000000
56748.000000,58728.000000,49967.000000,33968.000000
56826.000000,58760.000000,49967.000000,33968.000000
56832.000000,58790.000000,50020.000000,33984.000000
56834.000000,58799.000000,49994.000000,33994.000000
56856.000000,58841.000000,50018.000000,33999.000000
56844.000000,58853.000000,50062.000000,34035.000000
56864.000000,58853.000000,50061.000000,34028.000000
56876.000000,58842.000000,50048.000000,34021.000000
56869.000000,58859.000000,50043.000000,34037.000000
56878.000000,58842.000000,50049.000000,34022.000000
56876.000000,58848.000000,50052.000000,33997.000000
56875.000000,58823.000000,50045.000000,34040.000000
56862.000000,58863.000000,50045.000000,34030.000000
56836.000000,58873.000000,50052.000000,34047.000000
56865.000000,58848.000000,50030.000000,34001.000000
56898.000000,58853.000000,50074.000000,34022.000000
56851.000000,58849.000000,50042.000000,34010.000000
56846.000000,58829.000000,50049.000000,33996.000000
56874.000000,58804.000000,50037.000000,34018.000000
56846.000000,58802.000000,50047.000000,34012.000000
56825.000000,58825.000000,50042.000000,34029.000000
56838.000000,58804.000000,50013.000000,34002.000000
56844.000000,58831.000000,50022.000000,34007.000000
56846.000000,58813.000000,50013.000000,34022.000000
56859.000000,58812.000000,50020.000000,34018.000000
56836.000000,58807.000000,50006.000000,34027.000000
56835.000000,58814.000000,50009.000000,34024.000000
56854.000000,58825.000000,50044.000000,34013.000000
56840.000000,58823.000000,50003.000000,33990.000000
56831.000000,58825.000000,50021.000000,33986.000000
56862.000000,58854.000000,50032.000000,34018.000000
56830.000000,58837.000000,50015.000000,34006.000000
56847.000000,58821.000000,50044.000000,34020.000000
56828.000000,58849.000000,50029.000000,34025.000000
56803.000000,58836.000000,50009.000000,34016.000000
56830.000000,58851.000000,50038.000000,34000.000000
56830.000000,58830.000000,50031.000000,33996.000000
56834.000000,58829.000000,50012.000000,34008.000000
56826.000000,58850.000000,50031.000000,34003.000000
56816.000000,58828.000000,50013.000000,33998.000000
56833.000000,58853.000000,50022.000000,34023.000000
56851.000000,58813.000000,50039.000000,34010.000000
56837.000000,58824.000000,49995.000000,33993.000000
56822.000000,58850.000000,50029.000000,34025.000000
56848.000000,58843.000000,50010.000000,34012.000000
56820.000000,58825.000000,50003.000000,34021.000000
56797.000000,58836.000000,50032.000000,34009.000000
56844.000000,58830.000000,49997.000000,33990.000000
56837.000000,58824.000000,50004.000000,34004.000000
56810.000000,58825.000000,49996.000000,33998.000000
56824.000000,58829.000000,49983.000000,33983.000000
56808.000000,58813.000000,49969.000000,33965.000000
56817.000000,58822.000000,49985.000000,33994.000000
56785.000000,58808.000000,49979.000000,33998.000000
56791.000000,58802.000000,49989.000000,33987.000000
56798.000000,58823.000000,50004.000000,33986.000000
56787.000000,58819.000000,49954.000000,33988.000000
56803.000000,58817.000000,49964.000000,34005.000000
56794.000000,58822.000000,49947.000000,33991.000000
56771.000000,58806.000000,49963.000000,33970.000000
56778.000000,58799.000000,49993.000000,33978.000000
56786.000000,58789.000000,49965.000000,33998.000000
56799.000000,58815.000000,49974.000000,34002.000000
56802.000000,58788.000000,49990.000000,33971.000000
56780.000000,58777.000000,49995.000000,33987.000000
56755.000000,58801.000000,49963.000000,34010.000000
56768.000000,58804.000000,49935.000000,33994.000000
56765.000000,58783.000000,49977.000000,33989.000000
56766.000000,58750.000000,49941.000000,33981.000000
56750.000000,58778.000000,49934.000000,33961.000000
56750.000000,58760.000000,49937.000000,33967.000000
56738.000000,58791.000000,49936.000000,33976.000000
56771.000000,58750.000000,49920.000000,33966.000000
56740.000000,58764.000000,49921.000000,33960.000000
56751.000000,58766.000000,49935.000000,33996.000000
56742.000000,58757.000000,49898.000000,33955.000000
56738.000000,58757.000000,49898.000000,33956.000000
56704.000000,58763.000000,49906.000000,33940.000000
56732.000000,58755.000000,49928.000000,33963.000000
56702.000000,58745.000000,49930.000000,33949.000000
56721.000000,58767.000000,49878.000000,33955.000000
56732.000000,58774.000000,49913.000000,33978.000000
56706.000000,58719.000000,49895.000000,33943.000000
56709.000000,58734.000000,49862.000000,33965.000000
56726.000000,58747.000000,49886.000000,33966.000000
56689.000000,58732.000000,49888.000000,33959.000000
56721.000000,58746.000000,49891.000000,33960.000000
56689.000000,58720.000000,49902.000000,33952.000000
56703.000000,58711.000000,49888.000000,33949.000000
56690.000000,58727.000000,49868.000000,33942.000000
56694.000000,58727.000000,49887.000000,33926.000000
56677.000000,58707.000000,49885.000000,33938.000000
56700.000000,58690.000000,49840.000000,33966.000000
56663.000000,58714.000000,49846.000000,33942.000000
56680.000000,58731.000000,49849.000000,33919.000000
56660.000000,58686.000000,49843.000000,33958.000000
56681.000000,58686.000000,49851.000000,33948.000000
56663.000000,58676.000000,49847.000000,33916.000000
56665.000000,58690.000000,49845.000000,33912.000000
56652.000000,58677.000000,49841.000000,33923.000000
56666.000000,58695.000000,49834.000000,33949.000000
56689.000000,58684.000000,49858.000000,33936.000000
56676.000000,58704.000000,49857.000000,33920.000000
56669.000000,58683.000000,49849.000000,33953.000000
56652.000000,58676.000000,49834.000000,33915.000000
56630.000000,58679.000000,49820.000000,33908.000000
56616.000000,58687.000000,49822.000000,33947.000000
56605.000000,58634.000000,49822.000000,33910.000000
56625.000000,58660.000000,49790.000000,33880.000000
56621.000000,58632.000000,49777.000000,33904.000000
56602.000000,58658.000000,49760.000000,33913.000000
56603.000000,58617.000000,49739.000000,33889.000000
56611.000000,58653.000000,49749.000000,33894.000000
56562.000000,58622.000000,49785.000000,33906.000000
56582.000000,58621.000000,49723.000000,33865.000000
56543.000000,58626.000000,49751.000000,33877.000000
56534.000000,58601.000000,49724.000000,33846.000000
56551.000000,58585.000000,49723.000000,33864.000000
56532.000000,58574.000000,49723.000000,33879.000000
56524.000000,58611.000000,49711.000000,33868.000000
56548.000000,58596.000000,49726.000000,33897.000000
56524.000000,58607.000000,49720.000000,33883.000000
56560.000000,58625.000000,49742.000000,33872.000000
56538.000000,58625.000000,49721.000000,33885.000000
56521.000000,58602.000000,49700.000000,33872.000000
56519.000000,58639.000000,49729.000000,33866.000000
56548.000000,58627.000000,49728.000000,33906.000000
56525.000000,58607.000000,49730.000000,33884.000000
56555.000000,58616.000000,49765.000000,33882.000000
56550.000000,58641.000000,49764.000000,33871.000000
56552.000000,58619.000000,49742.000000,33885.000000
56548.000000,58626.000000,49739.000000,33889.000000
56538.000000,58626.000000,49725.000000,33873.000000
56562.000000,58614.000000,49747.000000,33877.000000
56548.000000,58600.000000,49755.000000,33858.000000
56542.000000,58601.000000,49768.000000,33866.000000
56577.000000,58649.000000,49752.000000,33903.000000
56542.000000,58611.000000,49740.000000,33882.000000
56534.000000,58593.000000,49748.000000,33885.000000
56578.000000,58633.000000,49741.000000,33879.000000
56576.000000,58647.000000,49769.000000,33906.000000
56571.000000,58623.000000,49773.000000,33905.000000
56585.000000,58643.000000,49796.000000,33899.000000
56575.000000,58678.000000,49781.000000,33889.000000
56580.000000,58636.000000,49794.000000,33890.000000
56598.000000,58658.000000,49773.000000,33921.000000
56587.000000,58674.000000,49798.000000,33928.000000
56586.000000,58666.000000,49831.000000,33928.000000
56620.000000,58662.000000,49818.000000,33924.000000
56649.000000,58716.000000,49846.000000,33939.000000
56666.000000,58701.000000,49877.000000,33940.000000
56687.000000,58732.000000,49887.000000,33929.000000
56710.000000,58748.000000,49926.000000,33965.000000
56740.000000,58793.000000,49940.000000,33962.000000
56755.000000,58772.000000,49967.000000,33981.000000
56792.000000,58796.000000,50060.000000,34009.000000
56825.000000,58822.000000,50037.000000,34015.000000
56842.000000,58837.000000,50043.000000,34014.000000
56864.000000,58860.000000,50080.000000,34038.000000
56864.000000,58885.000000,50134.000000,34051.000000
56901.000000,58913.000000,50106.000000,34067.000000
56920.000000,58904.000000,50101.000000,34070.000000
56897.000000,58923.000000,50128.000000,34063.000000
56904.000000,58915.000000,50126.000000,34103.000000
56909.000000,58924.000000,50129.000000,34060.000000
56907.000000,58928.000000,50143.000000,34080.000000
56913.000000,58921.000000,50141.000000,34085.000000
56901.000000,58964.000000,50143.000000,34076.000000
56889.000000,58940.000000,50118.000000,34065.000000
56896.000000,58934.000000,50147.000000,34096.000000
56910.000000,58916.000000,50139.000000,34053.000000
56912.000000,58928.000000,50155.000000,34082.000000
56906.000000,58947.000000,50144.000000,34080.000000
56919.000000,58945.000000,50148.000000,34086.000000
56924.000000,58970.000000,50158.000000,34089.000000
56920.000000,58971.000000,50163.000000,34115.000000
56919.000000,58962.000000,50150.000000,34085.000000
56939.000000,58960.000000,50169.000000,34094.000000
56912.000000,58952.000000,50164.000000,34092.000000
56905.000000,58950.000000,50153.000000,34086.000000
56932.000000,58946.000000,50160.000000,34067.000000
56926.000000,58981.000000,50169.000000,34093.000000
56882.000000,58966.000000,50137.000000,34091.000000
56918.000000,58955.000000,50150.000000,34061.000000
56889.000000,58962.000000,50158.000000,34072.000000
56877.000000,58957.000000,50127.000000,34092.000000
56890.000000,58934.000000,50127.000000,34054.000000
56883.000000,58965.000000,50127.000000,34081.000000
56852.000000,58923.000000,50133.000000,34050.000000
56897.000000,58912.000000,50122.000000,34072.000000
56909.000000,58929.000000,50147.000000,34104.000000
56878.000000,58919.000000,50111.000000,34079.000000
56913.000000,58953.000000,50139.000000,34084.000000
56902.000000,58955.000000,50145.000000,34110.000000
56944.000000,58971.000000,50122.000000,34074.000000
56888.000000,58971.000000,50149.000000,34056.000000
56896.000000,58952.000000,50130.000000,34076.000000
56905.000000,58951.000000,50122.000000,34086.000000
56899.000000,58951.000000,50149.000000,34109.000000
56873.000000,58939.000000,50132.000000,34066.000000
56918.000000,58940.000000,50121.000000,34088.000000
56898.000000,58977.000000,50122.000000,34078.000000
56889.000000,58947.000000,50131.000000,34062.000000
56886.000000,58951.000000,50127.000000,34086.000000
56881.000000,58929.000000,50118.000000,34097.000000
56889.000000,58942.000000,50111.000000,34062.000000
56914.000000,58954.000000,50134.000000,34056.000000
56838.000000,58892.000000,50099.000000,34074.000000
56848.000000,58940.000000,50102.000000,34059.000000
56860.000000,58912.000000,50112.000000,34062.000000
56876.000000,58943.000000,50117.000000,34077.000000
56856.000000,58913.000000,50114.000000,34079.000000
56856.000000,58920.000000,50099.000000,34049.000000
56884.000000,58905.000000,50089.000000,34049.000000
56871.000000,58900.000000,50083.000000,34053.000000
56841.000000,58898.000000,50075.000000,34059.000000
56846.000000,58908.000000,50103.000000,34069.000000
56849.000000,58882.000000,50071.000000,34053.000000
56853.000000,58880.000000,50057.000000,34038.000000
56833.000000,58897.000000,50062.000000,34048.000000
56802.000000,58862.000000,50050.000000,34046.000000
56823.000000,58870.000000,50059.000000,34039.000000
56823.000000,58891.000000,50079.000000,34061.000000
56831.000000,58887.000000,50053.000000,34061.000000
56849.000000,58901.000000,50055.000000,34008.000000
56797.000000,58858.000000,50072.000000,34018.000000
56791.000000,58866.000000,50057.000000,34031.000000
56815.000000,58902.000000,50052.000000,34064.000000
56832.000000,58846.000000,50052.000000,34017.000000
56832.000000,58886.000000,50065.000000,34080.000000
56804.000000,58881.000000,50042.000000,34042.000000
56784.000000,58892.000000,50067.000000,34052.000000
56780.000000,58865.000000,50042.000000,34038.000000
56797.000000,58882.000000,50044.000000,34004.000000
56802.000000,58868.000000,50040.000000,34050.000000
56785.000000,58868.000000,50036.000000,34031.000000
56776.000000,58839.000000,50034.000000,34039.000000
56769.000000,58864.000000,50057.000000,34036.000000
56776.000000,58837.000000,50003.000000,34015.000000
56770.000000,58838.000000,50014.000000,33993.000000
56764.000000,58849.000000,50017.000000,34006.000000
56780.000000,58827.000000,49988.000000,33990.000000
56780.000000,58844.000000,50001.000000,34029.000000
56778.000000,58864.000000,50027.000000,34017.000000
56782.000000,58836.000000,50021.000000,34010.000000
56768.000000,58887.000000,50021.000000,34034.000000
56806.000000,58898.000000,50016.000000,34040.000000
56759.000000,58863.000000,50014.000000,34024.000000
56768.000000,58883.000000,50031.000000,34030.000000
56798.000000,58891.000000,50023.000000,34040.000000
56758.000000,58867.000000,50024.000000,34045.000000
56768.000000,58888.000000,50012.000000,34032.000000
56789.000000,58872.000000,50030.000000,34036.000000
56754.000000,58884.000000,50022.000000,34012.000000
56752.000000,58876.000000,50033.000000,34008.000000
56773.000000,58887.000000,50029.000000,34043.000000
56782.000000,58863.000000,50051.000000,34023.000000
56768.000000,58850.000000,50032.000000,34005.000000
56765.000000,58873.000000,50036.000000,34033.000000
56750.000000,58836.000000,50009.000000,34033.000000
56758.000000,58844.000000,50020.000000,34007.000000
56764.000000,58875.000000,50007.000000,34017.000000
56703.000000,58841.000000,49971.000000,33996.000000
56737.000000,58802.000000,49983.000000,34040.000000
56750.000000,58858.000000,49972.000000,34034.000000
56698.000000,58852.000000,49918.000000,33979.000000
56684.000000,58810.000000,49955.000000,33964.000000
56668.000000,58816.000000,49960.000000,33965.000000
56674.000000,58802.000000,49943.000000,33979.000000
56703.000000,58807.000000,49920.000000,33975.000000
56655.000000,58813.000000,49898.000000,33982.000000
56676.000000,58777.000000,49941.000000,33967.000000
56651.000000,58785.000000,49947.000000,33952.000000
56659.000000,58774.000000,49927.000000,33970.000000
56684.000000,58781.000000,49922.000000,33966.000000
56654.000000,58782.000000,49945.000000,33963.000000
56643.000000,58775.000000,49895.000000,33951.000000
56655.000000,58812.000000,49884.000000,33963.000000
56649.000000,58804.000000,49888.000000,33977.000000
56673.000000,58762.000000,49898.000000,33975.000000
56668.000000,58791.000000,49920.000000,33974.000000
56642.000000,58782.000000,49925.000000,33976.000000
56671.000000,58799.000000,49931.000000,33969.000000
56669.000000,58796.000000,49944.000000,33984.000000
56669.000000,58776.000000,49912.000000,33976.000000
56639.000000,58778.000000,49932.000000,33962.000000
56684.000000,58796.000000,49954.000000,33992.000000
56686.000000,58832.000000,49943.000000,33991.000000
56652.000000,58797.000000,49933.000000,33984.000000
56673.000000,58791.000000,49958.000000,34026.000000
56687.000000,58791.000000,49962.000000,33995.000000
56687.000000,58813.000000,49956.000000,33971.000000
56667.000000,58818.000000,49963.000000,33978.000000
56680.000000,58821.000000,49974.000000,33964.000000
56665.000000,58812.000000,49960.000000,33995.000000
56691.000000,58836.000000,49939.000000,34005.000000
56674.000000,58827.000000,49963.000000,33997.000000
56706.000000,58821.000000,49979.000000,34003.000000
56705.000000,58863.000000,49978.000000,34023.000000
56706.000000,58847.000000,49993.000000,34000.000000
56721.000000,58853.000000,50007.000000,34011.000000
56755.000000,58890.000000,50054.000000,34019.000000
56764.000000,58875.000000,50072.000000,34058.000000
56817.000000,58905.000000,50088.000000,34071.000000
56833.000000,58935.000000,50101.000000,34081.000000
56813.000000,58942.000000,50119.000000,34071.000000
56890.000000,58941.000000,50140.000000,34069.000000
56890.000000,58991.000000,50170.000000,34103.000000
56903.000000,59018.000000,50193.000000,34100.000000
56949.000000,59031.000000,50242.000000,34153.000000
56951.000000,59070.000000,50261.000000,34126.000000
56983.000000,59091.000000,50256.000000,34150.000000
56997.000000,59101.000000,50299.000000,34155.000000
57018.000000,59102.000000,50319.000000,34151.000000
57011.000000,59116.000000,50286.000000,34167.000000
57002.000000,59096.000000,50346.000000,34163.000000
56989.000000,59127.000000,50366.000000,34187.000000
56958.000000,59110.000000,50294.000000,34159.000000
56998.000000,59086.000000,50318.000000,34164.000000
57017.000000,59115.000000,50328.000000,34175.000000
57022.000000,59133.000000,50328.000000,34161.000000
57003.000000,59094.000000,50320.000000,34181.000000
57006.000000,59111.000000,50305.000000,34186.000000
57001.000000,59101.000000,50338.000000,34181.000000
57022.000000,59081.000000,50341.000000,34184.000000
57015.000000,59107.000000,50305.000000,34150.000000
57024.000000,59112.000000,50322.000000,34153.000000
56997.000000,59115.000000,50309.000000,34168.000000
56981.000000,59080.000000,50301.000000,34172.000000
56979.000000,59111.000000,50306.000000,34159.000000
56951.000000,59104.000000,50318.000000,34154.000000
56969.000000,59106.000000,50314.000000,34133.000000
56972.000000,59119.000000,50323.000000,34158.000000
56982.000000,59080.000000,50323.000000,34162.000000
56981.000000,59095.000000,50308.000000,34140.000000
56984.000000,59099.000000,50312.000000,34168.000000
56982.000000,59101.000000,50273.000000,34156.000000
56978.000000,59102.000000,50311.000000,34161.000000
56978.000000,59091.000000,50305.000000,34152.000000
56962.000000,59078.000000,50256.000000,34139.000000
56983.000000,59088.000000,50304.000000,34127.000000
56968.000000,59087.000000,50302.000000,34142.000000
56995.000000,59065.000000,50314.000000,34123.000000
56991.000000,59069.000000,50275.000000,34146.000000
56984.000000,59060.000000,50313.000000,34155.000000
56988.000000,59084.000000,50307.000000,34156.000000
56966.000000,59069.000000,50287.000000,34152.000000
56981.000000,59051.000000,50283.000000,34163.000000
56975.000000,59088.000000,50296.000000,34131.000000
56977.000000,59113.000000,50287.000000,34129.000000
56950.000000,59087.000000,50297.000000,34136.000000
56960.000000,59085.000000,50287.000000,34148.000000
56969.000000,59091.000000,50294.000000,34148.000000
56959.000000,59053.000000,50270.000000,34133.000000
56966.000000,59071.000000,50302.000000,34136.000000
56961.000000,59063.000000,50272.000000,34146.000000
56964.000000,59029.000000,50265.000000,34127.000000
56960.000000,59067.000000,50258.000000,34172.000000
56940.000000,59074.000000,50238.000000,34126.000000
56953.000000,59051.000000,50260.000000,34151.000000
56974.000000,59067.000000,50269.000000,34133.000000
56933.000000,59080.000000,50257.000000,34159.000000
56928.000000,59088.000000,50274.000000,34128.000000
56944.000000,59035.000000,50248.000000,34149.000000
56953.000000,59077.000000,50265.000000,34120.000000
56952.000000,59020.000000,50264.000000,34148.000000
56948.000000,59054.000000,50275.000000,34140.000000
56918.000000,59029.000000,50228.000000,34110.000000
56916.000000,59035.000000,50251.000000,34119.000000
56927.000000,59051.000000,50206.000000,34128.000000
56942.000000,59047.000000,50227.000000,34113.000000
56930.000000,59035.000000,50258.000000,34134.000000
56908.000000,59045.000000,50225.000000,34098.000000
56887.000000,59024.000000,50239.000000,34115.000000
56902.000000,59045.000000,50207.000000,34100.000000
56893.000000,59026.000000,50215.000000,34135.000000
56899.000000,59000.000000,50257.000000,34137.000000
56888.000000,59020.000000,50226.000000,34099.000000
56895.000000,58983.000000,50217.000000,34104.000000
56885.000000,59032.000000,50208.000000,34130.000000
56897.000000,59017.000000,50201.000000,34107.000000
56904.000000,59024.000000,50205.000000,34149.000000
56862.000000,59032.000000,50204.000000,34133.000000
56897.000000,59008.000000,50193.000000,34120.000000
56904.000000,58998.000000,50197.000000,34127.000000
56876.000000,58993.000000,50177.000000,34151.000000
56851.000000,58997.000000,50189.000000,34080.000000
56864.000000,59009.000000,50174.000000,34100.000000
56865.000000,58994.000000,50187.000000,34124.000000
56839.000000,59004.000000,50175.000000,34114.000000
56847.000000,58966.000000,50185.000000,34102.000000
56847.000000,58981.000000,50151.000000,34082.000000
56842.000000,58952.000000,50139.000000,34096.000000
56842.000000,59006.000000,50185.000000,34109.000000
56849.000000,58974.000000,50158.000000,34082.000000
56818.000000,58972.000000,50180.000000,34077.000000
56845.000000,58960.000000,50165.000000,34084.000000
56825.000000,58966.000000,50131.000000,34108.000000
56814.000000,58973.000000,50168.000000,34071.000000
56839.000000,58991.000000,50187.000000,34101.000000
56811.000000,58995.000000,50164.000000,34103.000000
56808.000000,58980.000000,50164.000000,34077.000000
56854.000000,58977.000000,50146.000000,34102.000000
56829.000000,58990.000000,50155.000000,34093.000000
56823.000000,58964.000000,50117.000000,34069.000000
56829.000000,58975.000000,50127.000000,34087.000000
56849.000000,58946.000000,50157.000000,34098.000000
56817.000000,58961.000000,50143.000000,34076.000000
56810.000000,58965.000000,50176.000000,34087.000000
56817.000000,58966.000000,50128.000000,34057.000000
56819.000000,58950.000000,50118.000000,34062.000000
56804.000000,58976.000000,50138.000000,34074.000000
56792.000000,58951.000000,50145.000000,34057.000000
56809.000000,58942.000000,50124.000000,34073.000000
56763.000000,58959.000000,50120.000000,34076.000000
56786.000000,58928.000000,50092.000000,34100.000000
56762.000000,58913.000000,50090.000000,34045.000000
56757.000000,58894.000000,50095.000000,34044.000000
56741.000000,58910.000000,50053.000000,34052.000000
56729.000000,58886.000000,50056.000000,34041.000000
56694.000000,58857.000000,50024.000000,34017.000000
56694.000000,58841.000000,50040.000000,34002.000000
56676.000000,58862.000000,49989.000000,34006.000000
56645.000000,58844.000000,50003.000000,34011.000000
56709.000000,58873.000000,50019.000000,34027.000000
56673.000000,58856.000000,49972.000000,33999.000000
56684.000000,58826.000000,50014.000000,34001.000000
56664.000000,58807.000000,50005.000000,33994.000000
56668.000000,58853.000000,50001.000000,34010.000000
56671.000000,58863.000000,50001.000000,34001.000000
56648.000000,58831.000000,49987.000000,34003.000000
56670.000000,58857.000000,50011.000000,34002.000000
56654.000000,58831.000000,50008.000000,34010.000000
56671.000000,58853.000000,50022.000000,34033.000000
56670.000000,58828.000000,49995.000000,34034.000000
56666.000000,58843.000000,50011.000000,33996.000000
56697.000000,58851.000000,50028.000000,34001.000000
56682.000000,58822.000000,49990.000000,34017.000000
56699.000000,58837.000000,50001.000000,34023.000000
56683.000000,58861.000000,50054.000000,34023.000000
56660.000000,58847.000000,50015.000000,34024.000000
56682.000000,58843.000000,50021.000000,34018.000000
56709.000000,58874.000000,50044.000000,34040.000000
56701.000000,58881.000000,50047.000000,34023.000000
56710.000000,58877.000000,50056.000000,34045.000000
56712.000000,58909.000000,50083.000000,34039.000000
56729.000000,58914.000000,50061.000000,34037.000000
56707.000000,58904.000000,50091.000000,34039.000000
56799.000000,58938.000000,50112.000000,34080.000000
56783.000000,58934.000000,50153.000000,34074.000000
56780.000000,58916.000000,50144.000000,34050.000000
56824.000000,58969.000000,50172.000000,34105.000000
56831.000000,58950.000000,50202.000000,34112.000000
56898.000000,59007.000000,50195.000000,34131.000000
56903.000000,59052.000000,50253.000000,34150.000000
56921.000000,59061.000000,50306.000000,34155.000000
56953.000000,59055.000000,50298.000000,34132.000000
56952.000000,59118.000000,50357.000000,34184.000000
57007.000000,59150.000000,50349.000000,34202.000000
57004.000000,59142.000000,50370.000000,34200.000000
57020.000000,59138.000000,50383.000000,34214.000000
57038.000000,59151.000000,50404.000000,34231.000000
57029.000000,59166.000000,50412.000000,34205.000000
57032.000000,59185.000000,50392.000000,34182.000000
57046.000000,59204.000000,50415.000000,34228.000000
57044.000000,59163.000000,50383.000000,34216.000000
57050.000000,59193.000000,50388.000000,34247.000000
57024.000000,59186.000000,50413.000000,34207.000000
57054.000000,59144.000000,50408.000000,34228.000000
57016.000000,59180.000000,50431.000000,34214.000000
57050.000000,59186.000000,50406.000000,34235.000000
57001.000000,59162.000000,50419.000000,34209.000000
57042.000000,59136.000000,50392.000000,34210.000000
57042.000000,59182.000000,50418.000000,34231.000000
57028.000000,59173.000000,50385.000000,34231.000000
57020.000000,59188.000000,50407.000000,34205.000000
56994.000000,59175.000000,50404.000000,34215.000000
57029.000000,59192.000000,50422.000000,34214.000000
57042.000000,59189.000000,50421.000000,34207.000000
57031.000000,59165.000000,50402.000000,34201.000000
57015.000000,59166.000000,50403.000000,34231.000000
57036.000000,59171.000000,50421.000000,34220.000000
57012.000000,59168.000000,50386.000000,34198.000000
57041.000000,59176.000000,50373.000000,34184.000000
57019.000000,59178.000000,50405.000000,34210.000000
56977.000000,59152.000000,50391.000000,34180.000000
56999.000000,59175.000000,50394.000000,34206.000000
57002.000000,59159.000000,50394.000000,34204.000000
56988.000000,59162.000000,50383.000000,34204.000000
57023.000000,59157.000000,50401.000000,34190.000000
57004.000000,59107.000000,50389.000000,34193.000000
57026.000000,59123.000000,50371.000000,34177.000000
56966.000000,59104.000000,50373.000000,34163.000000
56994.000000,59127.000000,50373.000000,34182.000000
57015.000000,59112.000000,50366.000000,34189.000000
56979.000000,59139.000000,50336.000000,34183.000000
56994.000000,59124.000000,50367.000000,34222.000000
56988.000000,59124.000000,50366.000000,34176.000000
56994.000000,59100.000000,50341.000000,34160.000000
56998.000000,59115.000000,50360.000000,34180.000000
56979.000000,59140.000000,50369.000000,34168.000000
56963.000000,59130.000000,50361.000000,34161.000000
57004.000000,59085.000000,50365.000000,34178.000000
56942.000000,59125.000000,50339.000000,34186.000000
56970.000000,59101.000000,50335.000000,34185.000000
56994.000000,59149.000000,50362.000000,34201.000000
56976.000000,59088.000000,50386.000000,34164.000000
56986.000000,59110.000000,50312.000000,34151.000000
57017.000000,59129.000000,50374.000000,34167.000000
56989.000000,59131.000000,50336.000000,34204.000000
56955.000000,59107.000000,50347.000000,34181.000000
56982.000000,59116.000000,50364.000000,34194.000000
56979.000000,59142.000000,50356.000000,34201.000000
56983.000000,59095.000000,50372.000000,34160.000000
56977.000000,59115.000000,50362.000000,34183.000000
56977.000000,59115.000000,50325.000000,34176.000000
56941.000000,59075.000000,50368.000000,34163.000000
56975.000000,59104.000000,50331.000000,34158.000000
56975.000000,59098.000000,50346.000000,34168.000000
56931.000000,59077.000000,50309.000000,34155.000000
56933.000000,59085.000000,50302.000000,34171.000000
56947.000000,59116.000000,50294.000000,34167.000000
56935.000000,59064.000000,50300.000000,34176.000000
56955.000000,59102.000000,50322.000000,34163.000000
56939.000000,59081.000000,50313.000000,34146.000000
56926.000000,59067.000000,50277.000000,34152.000000
56932.000000,59058.000000,50314.000000,34147.000000
56907.000000,59076.000000,50305.000000,34152.000000
56906.000000,59090.000000,50285.000000,34149.000000
56909.000000,59096.000000,50286.000000,34145.000000
56899.000000,59048.000000,50291.000000,34130.000000
56920.000000,59064.000000,50244.000000,34142.000000
56905.000000,59050.000000,50282.000000,34139.000000
56899.000000,59062.000000,50278.000000,34153.000000
56902.000000,59066.000000,50290.000000,34142.000000
56874.000000,59042.000000,50290.000000,34148.000000
56893.000000,59047.000000,50302.000000,34164.000000
56897.000000,59032.000000,50257.000000,34140.000000
56887.000000,59033.000000,50236.000000,34150.000000
56887.000000,59043.000000,50250.000000,34166.000000
56873.000000,59056.000000,50244.000000,34148.000000
56895.000000,59028.000000,50252.000000,34119.000000
56872.000000,59018.000000,50257.000000,34132.000000
56880.000000,59033.000000,50234.000000,34122.000000
56829.000000,59019.000000,50249.000000,34124.000000
56862.000000,59006.000000,50244.000000,34113.000000
56852.000000,59000.000000,50209.000000,34127.000000
56824.000000,59008.000000,50208.000000,34091.000000
56870.000000,59022.000000,50219.000000,34126.000000
56851.000000,59019.000000,50213.000000,34136.000000
56825.000000,59017.000000,50234.000000,34109.000000
56827.000000,59013.000000,50202.000000,34110.000000
56850.000000,59016.000000,50223.000000,34110.000000
56835.000000,59021.000000,50225.000000,34097.000000
56838.000000,58983.000000,50224.000000,34105.000000
56839.000000,59029.000000,50209.000000,34115.000000
56843.000000,59008.000000,50210.000000,34109.000000
56852.000000,59008.000000,50224.000000,34089.000000
56811.000000,59021.000000,50222.000000,34133.000000
56833.000000,58999.000000,50229.000000,34124.000000
56796.000000,59012.000000,50232.000000,34105.000000
56825.000000,59010.000000,50193.000000,34116.000000
56845.000000,59015.000000,50198.000000,34117.000000
56816.000000,58994.000000,50202.000000,34096.000000
56832.000000,58992.000000,50175.000000,34115.000000
56775.000000,58976.000000,50165.000000,34081.000000
56788.000000,58976.000000,50160.000000,34078.000000
56794.000000,58959.000000,50164.000000,34089.000000
56754.000000,58952.000000,50131.000000,34081.000000
56750.000000,58953.000000,50113.000000,34076.000000
56752.000000,58941.000000,50124.000000,34096.000000
56714.000000,58907.000000,50093.000000,34076.000000
56729.000000,58943.000000,50093.000000,34066.000000
56716.000000,58912.000000,50075.000000,34038.000000
56698.000000,58915.000000,50087.000000,34033.000000
56690.000000,58921.000000,50067.000000,34051.000000
56678.000000,58865.000000,50062.000000,34036.000000
56716.000000,58883.000000,50088.000000,34045.000000
56680.000000,58917.000000,50031.000000,34043.000000
56674.000000,58874.000000,50051.000000,34017.000000
56707.000000,58867.000000,50043.000000,34049.000000
56670.000000,58903.000000,50044.000000,34026.000000
56688.000000,58866.000000,50054.000000,34033.000000
56699.000000,58881.000000,50053.000000,34050.000000
56685.000000,58884.000000,50045.000000,34051.000000
56700.000000,58873.000000,50049.000000,34041.000000
56683.000000,58881.000000,50076.000000,34048.000000
56705.000000,58892.000000,50080.000000,34057.000000
56688.000000,58886.000000,50046.000000,34046.000000
56714.000000,58874.000000,50080.000000,34041.000000
56739.000000,58900.000000,50067.000000,34028.000000
56705.000000,58888.000000,50090.000000,34033.000000
56717.000000,58935.000000,50077.000000,34052.000000
56715.000000,58902.000000,50075.000000,34070.000000
56735.000000,58906.000000,50087.000000,34055.000000
56694.000000,58927.000000,50125.000000,34070.000000
56690.000000,58912.000000,50075.000000,34091.000000
56714.000000,58938.000000,50113.000000,34055.000000
56701.000000,58907.000000,50102.000000,34068.000000
56738.000000,58913.000000,50121.000000,34073.000000
56745.000000,58942.000000,50104.000000,34026.000000
56754.000000,58943.000000,50121.000000,34059.000000
56770.000000,58910.000000,50110.000000,34055.000000
56744.000000,58946.000000,50134.000000,34083.000000
56730.000000,58949.000000,50130.000000,34057.000000
56764.000000,58960.000000,50169.000000,34107.000000
56787.000000,58985.000000,50147.000000,34116.000000
56812.000000,58984.000000,50167.000000,34097.000000
56822.000000,58981.000000,50219.000000,34131.000000
56859.000000,59014.000000,50227.000000,34131.000000
56854.000000,59015.000000,50260.000000,34151.000000
56917.000000,59078.000000,50307.000000,34164.000000
56966.000000,59090.000000,50338.000000,34184.000000
56946.000000,59059.000000,50360.000000,34183.000000
56987.000000,59130.000000,50408.000000,34219.000000
56986.000000,59156.000000,50410.000000,34188.000000
57019.000000,59186.000000,50406.000000,34207.000000
57043.000000,59204.000000,50433.000000,34246.000000
57035.000000,59170.000000,50473.000000,34232.000000
57037.000000,59218.000000,50455.000000,34262.000000
57053.000000,59201.000000,50455.000000,34257.000000
57066.000000,59192.000000,50469.000000,34237.000000
57047.000000,59224.000000,50448.000000,34236.000000
57076.000000,59215.000000,50462.000000,34229.000000
57091.000000,59217.000000,50481.000000,34262.000000
57054.000000,59220.000000,50462.000000,34224.000000
57069.000000,59205.000000,50467.000000,34238.000000
57030.000000,59215.000000,50437.000000,34236.000000
57061.000000,59220.000000,50467.000000,34258.000000
57043.000000,59227.000000,50471.000000,34254.000000
57036.000000,59205.000000,50461.000000,34249.000000
57061.000000,59207.000000,50508.000000,34248.000000
57034.000000,59208.000000,50466.000000,34240.000000
57039.000000,59213.000000,50445.000000,34241.000000
57061.000000,59201.000000,50424.000000,34264.000000
57023.000000,59202.000000,50459.000000,34250.000000
57018.000000,59174.000000,50468.000000,34225.000000
57059.000000,59189.000000,50462.000000,34215.000000
57048.000000,59191.000000,50445.000000,34260.000000
57030.000000,59183.000000,50448.000000,34256.000000
57049.000000,59210.000000,50449.000000,34265.000000
57016.000000,59210.000000,50457.000000,34235.000000
57039.000000,59202.000000,50458.000000,34247.000000
57048.000000,59204.000000,50457.000000,34237.000000
57035.000000,59212.000000,50469.000000,34236.000000
57039.000000,59210.000000,50486.000000,34228.000000
57034.000000,59223.000000,50443.000000,34238.000000
57054.000000,59227.000000,50468.000000,34249.000000
57055.000000,59185.000000,50449.000000,34233.000000
57018.000000,59209.000000,50462.000000,34249.000000
57021.000000,59185.000000,50459.000000,34222.000000
57017.000000,59197.000000,50431.000000,34235.000000
57048.000000,59182.000000,50452.000000,34219.000000
57034.000000,59213.000000,50473.000000,34236.000000
57012.000000,59182.000000,50449.000000,34233.000000
57009.000000,59211.000000,50453.000000,34244.000000
57017.000000,59183.000000,50432.000000,34223.000000
57040.000000,59214.000000,50456.000000,34240.000000
57008.000000,59171.000000,50421.000000,34225.000000
57017.000000,59175.000000,50432.000000,34213.000000
57020.000000,59162.000000,50418.000000,34229.000000
57007.000000,59188.000000,50430.000000,34220.000000
57018.000000,59191.000000,50412.000000,34209.000000
57011.000000,59176.000000,50396.000000,34215.000000
57014.000000,59215.000000,50420.000000,34207.000000
57015.000000,59158.000000,50444.000000,34230.000000
56995.000000,59170.000000,50396.000000,34198.000000
57003.000000,59168.000000,50407.000000,34221.000000
56982.000000,59177.000000,50382.000000,34238.000000
56996.000000,59182.000000,50433.000000,34239.000000
56999.000000,59128.000000,50418.000000,34208.000000
56975.000000,59166.000000,50394.000000,34222.000000
56991.000000,59177.000000,50404.000000,34221.000000
57001.000000,59173.000000,50428.000000,34207.000000
56995.000000,59173.000000,50410.000000,34225.000000
56976.000000,59166.000000,50407.000000,34199.000000
56979.000000,59157.000000,50389.000000,34204.000000
56972.000000,59132.000000,50429.000000,34203.000000
56987.000000,59161.000000,50376.000000,34234.000000
56971.000000,59154.000000,50394.000000,34207.000000
56962.000000,59162.000000,50364.000000,34200.000000
56981.000000,59142.000000,50396.000000,34222.000000
56941.000000,59148.000000,50378.000000,34205.000000
56941.000000,59134.000000,50384.000000,34190.000000
56947.000000,59135.000000,50361.000000,34187.000000
56959.000000,59157.000000,50359.000000,34206.000000
56950.000000,59103.000000,50340.000000,34193.000000
56953.000000,59116.000000,50339.000000,34170.000000
56950.000000,59117.000000,50355.000000,34177.000000
56943.000000,59121.000000,50343.000000,34191.000000
56949.000000,59122.000000,50322.000000,34194.000000
56950.000000,59118.000000,50344.000000,34186.000000
56916.000000,59149.000000,50322.000000,34199.000000
56948.000000,59130.000000,50329.000000,34170.000000
56926.000000,59128.000000,50325.000000,34179.000000
56932.000000,59129.000000,50289.000000,34200.000000
56918.000000,59132.000000,50319.000000,34181.000000
56922.000000,59106.000000,50326.000000,34178.000000
56919.000000,59078.000000,50303.000000,34183.000000
56936.000000,59122.000000,50313.000000,34159.000000
56922.000000,59119.000000,50339.000000,34187.000000
56905.000000,59116.000000,50325.000000,34168.000000
56926.000000,59117.000000,50333.000000,34154.000000
56933.000000,59133.000000,50291.000000,34181.000000
56918.000000,59133.000000,50298.000000,34176.000000
56871.000000,59116.000000,50330.000000,34169.000000
56903.000000,59101.000000,50321.000000,34185.000000
56906.000000,59097.000000,50303.000000,34156.000000
56918.000000,59104.000000,50312.000000,34163.000000
56875.000000,59100.000000,50274.000000,34168.000000
56916.000000,59097.000000,50301.000000,34153.000000
56891.000000,59101.000000,50325.000000,34164.000000
56896.000000,59123.000000,50313.000000,34155.000000
56921.000000,59078.000000,50332.000000,34148.000000
56883.000000,59077.000000,50306.000000,34149.000000
56890.000000,59141.000000,50285.000000,34149.000000
56872.000000,59093.000000,50293.000000,34151.000000
56890.000000,59076.000000,50303.000000,34167.000000
56883.000000,59096.000000,50316.000000,34165.000000
56882.000000,59073.000000,50308.000000,34137.000000
56876.000000,59077.000000,50308.000000,34118.000000
56853.000000,59048.000000,50260.000000,34145.000000
56836.000000,59077.000000,50293.000000,34147.000000
56848.000000,59062.000000,50250.000000,34144.000000
56832.000000,59047.000000,50240.000000,34134.000000
56818.000000,59065.000000,50250.000000,34123.000000
56831.000000,59067.000000,50216.000000,34147.000000
56786.000000,59018.000000,50175.000000,34102.000000
56798.000000,59030.000000,50229.000000,34119.000000
56775.000000,59051.000000,50233.000000,34102.000000
56792.000000,59020.000000,50169.000000,34105.000000
56776.000000,59026.000000,50163.000000,34102.000000
56745.000000,59028.000000,50157.000000,34100.000000
56777.000000,59012.000000,50169.000000,34114.000000
56784.000000,59043.000000,50174.000000,34086.000000
56766.000000,59011.000000,50203.000000,34096.000000
56770.000000,59036.000000,50185.000000,34106.000000
56771.000000,59013.000000,50162.000000,34097.000000
56771.000000,59045.000000,50195.000000,34114.000000
56765.000000,59009.000000,50202.000000,34098.000000
56779.000000,59021.000000,50189.000000,34108.000000
56756.000000,59006.000000,50210.000000,34124.000000
56774.000000,59013.000000,50193.000000,34105.000000
56753.000000,59028.000000,50225.000000,34103.000000
56767.000000,59013.000000,50194.000000,34110.000000
56747.000000,59002.000000,50167.000000,34090.000000
56785.000000,59028.000000,50186.000000,34086.000000
56782.000000,59033.000000,50235.000000,34146.000000
56767.000000,59020.000000,50192.000000,34134.000000
56781.000000,59039.000000,50214.000000,34115.000000
56803.000000,59027.000000,50214.000000,34136.000000
56792.000000,59050.000000,50224.000000,34123.000000
56793.000000,59047.000000,50220.000000,34116.000000
56781.000000,59015.000000,50193.000000,34096.000000
56789.000000,59021.000000,50238.000000,34123.000000
56804.000000,59053.000000,50227.000000,34146.000000
56788.000000,59057.000000,50253.000000,34128.000000
56828.000000,59034.000000,50251.000000,34135.000000
56862.000000,59085.000000,50268.000000,34135.000000
56832.000000,59071.000000,50289.000000,34141.000000
56866.000000,59083.000000,50303.000000,34149.000000
56914.000000,59141.000000,50306.000000,34181.000000
56905.000000,59141.000000,50342.000000,34162.000000
56910.000000,59150.000000,50335.000000,34193.000000
56964.000000,59172.000000,50408.000000,34224.000000
57002.000000,59192.000000,50415.000000,34223.000000
57008.000000,59206.000000,50461.000000,34234.000000
57014.000000,59250.000000,50461.000000,34246.000000
57030.000000,59255.000000,50495.000000,34271.000000
57093.000000,59277.000000,50519.000000,34276.000000
57073.000000,59318.000000,50546.000000,34290.000000
57097.000000,59312.000000,50572.000000,34301.000000
57128.000000,59327.000000,50551.000000,34274.000000
57131.000000,59309.000000,50583.000000,34306.000000
57132.000000,59356.000000,50592.000000,34299.000000
57130.000000,59352.000000,50592.000000,34318.000000
57128.000000,59345.000000,50598.000000,34299.000000
57119.000000,59347.000000,50585.000000,34333.000000
57137.000000,59330.000000,50592.000000,34313.000000
57138.000000,59336.000000,50569.000000,34306.000000
57124.000000,59325.000000,50596.000000,34300.000000
57113.000000,59334.000000,50587.000000,34277.000000
57132.000000,59358.000000,50599.000000,34279.000000
57122.000000,59335.000000,50635.000000,34312.000000
57139.000000,59346.000000,50580.000000,34312.000000
57128.000000,59333.000000,50570.000000,34322.000000
57133.000000,59363.000000,50616.000000,34315.000000
57129.000000,59353.000000,50585.000000,34291.000000
57113.000000,59338.000000,50591.000000,34303.000000
57130.000000,59351.000000,50594.000000,34325.000000
57118.000000,59352.000000,50611.000000,34313.000000
57133.000000,59330.000000,50583.000000,34328.000000
57124.000000,59346.000000,50590.000000,34298.000000
57117.000000,59340.000000,50599.000000,34326.000000
57070.000000,59345.000000,50588.000000,34311.000000
57090.000000,59351.000000,50593.000000,34297.000000
57116.000000,59348.000000,50582.000000,34329.000000
57108.000000,59376.000000,50543.000000,34280.000000
57112.000000,59333.000000,50583.000000,34304.000000
57091.000000,59308.000000,50581.000000,34311.000000
57096.000000,59371.000000,50567.000000,34296.000000
57094.000000,59315.000000,50570.000000,34294.000000
57096.000000,59316.000000,50564.000000,34274.000000
57090.000000,59326.000000,50570.000000,34305.000000
57085.000000,59355.000000,50571.000000,34312.000000
57100.000000,59333.000000,50566.000000,34286.000000
57113.000000,59351.000000,50585.000000,34300.000000
57096.000000,59315.000000,50577.000000,34313.000000
57082.000000,59324.000000,50580.000000,34279.000000
57074.000000,59324.000000,50566.000000,34298.000000
57080.000000,59339.000000,50540.000000,34279.000000
57099.000000,59320.000000,50561.000000,34281.000000
57081.000000,59318.000000,50539.000000,34293.000000
57104.000000,59328.000000,50552.000000,34285.000000
57093.000000,59329.000000,50540.000000,34295.000000
57064.000000,59292.000000,50544.000000,34307.000000
57072.000000,59333.000000,50556.000000,34282.000000
57057.000000,59294.000000,50542.000000,34280.000000
57068.000000,59277.000000,50531.000000,34288.000000
57091.000000,59338.000000,50539.000000,34313.000000
57056.000000,59301.000000,50547.000000,34289.000000
57052.000000,59314.000000,50550.000000,34292.000000
57062.000000,59262.000000,50523.000000,34284.000000
57027.000000,59293.000000,50529.000000,34250.000000
57048.000000,59298.000000,50526.000000,34276.000000
57056.000000,59301.000000,50527.000000,34282.000000
57065.000000,59293.000000,50535.000000,34269.000000
57036.000000,59263.000000,50500.000000,34293.000000
57047.000000,59298.000000,50497.000000,34267.000000
57050.000000,59313.000000,50521.000000,34281.000000
57035.000000,59286.000000,50495.000000,34269.000000
57048.000000,59265.000000,50524.000000,34270.000000
57022.000000,59283.000000,50528.000000,34276.000000
57016.000000,59304.000000,50479.000000,34272.000000
57028.000000,59284.000000,50520.000000,34270.000000
57025.000000,59279.000000,50526.000000,34272.000000
57011.000000,59265.000000,50488.000000,34276.000000
57024.000000,59291.000000,50513.000000,34259.000000
57019.000000,59260.000000,50495.000000,34287.000000
56992.000000,59284.000000,50501.000000,34279.000000
57029.000000,59297.000000,50489.000000,34266.000000
57000.000000,59253.000000,50478.000000,34233.000000
56987.000000,59281.000000,50514.000000,34260.000000
57015.000000,59256.000000,50464.000000,34261.000000
56988.000000,59252.000000,50464.000000,34248.000000
57004.000000,59241.000000,50490.000000,34253.000000
56968.000000,59243.000000,50451.000000,34212.000000
56958.000000,59255.000000,50455.000000,34229.000000
56958.000000,59257.000000,50428.000000,34223.000000
56946.000000,59235.000000,50425.000000,34244.000000
56938.000000,59238.000000,50411.000000,34239.000000
56905.000000,59217.000000,50411.000000,34231.000000
56946.000000,59209.000000,50452.000000,34236.000000
56942.000000,59200.000000,50440.000000,34209.000000
56962.000000,59185.000000,50442.000000,34209.000000
56957.000000,59203.000000,50419.000000,34221.000000
56899.000000,59223.000000,50412.000000,34214.000000
56958.000000,59188.000000,50423.000000,34216.000000
56930.000000,59220.000000,50419.000000,34235.000000
56928.000000,59231.000000,50431.000000,34214.000000
56950.000000,59240.000000,50413.000000,34234.000000
56947.000000,59210.000000,50427.000000,34240.000000
56961.000000,59242.000000,50420.000000,34211.000000
56956.000000,59253.000000,50427.000000,34221.000000
56925.000000,59200.000000,50417.000000,34214.000000
56941.000000,59214.000000,50436.000000,34232.000000
56944.000000,59219.000000,50422.000000,34222.000000
56940.000000,59195.000000,50413.000000,34207.000000
56951.000000,59237.000000,50433.000000,34231.000000
56935.000000,59236.000000,50392.000000,34216.000000
56940.000000,59233.000000,50408.000000,34225.000000
56941.000000,59207.000000,50393.000000,34203.000000
56931.000000,59215.000000,50443.000000,34221.000000
56920.000000,59197.000000,50394.000000,34223.000000
56917.000000,59174.000000,50359.000000,34202.000000
56880.000000,59174.000000,50385.000000,34209.000000
56861.000000,59207.000000,50352.000000,34206.000000
56880.000000,59164.000000,50342.000000,34194.000000
56864.000000,59153.000000,50334.000000,34188.000000
56846.000000,59140.000000,50313.000000,34163.000000
56843.000000,59147.000000,50324.000000,34185.000000
56806.000000,59115.000000,50295.000000,34151.000000
56809.000000,59119.000000,50283.000000,34156.000000
56779.000000,59110.000000,50249.000000,34147.000000
56782.000000,59079.000000,50266.000000,34155.000000
56773.000000,59087.000000,50274.000000,34149.000000
56774.000000,59095.000000,50236.000000,34135.000000
56764.000000,59112.000000,50263.000000,34139.000000
56793.000000,59080.000000,50266.000000,34126.000000
56767.000000,59091.000000,50290.000000,34160.000000
56792.000000,59104.000000,50256.000000,34141.000000
56796.000000,59078.000000,50267.000000,34131.000000
56783.000000,59122.000000,50297.000000,34155.000000
56798.000000,59078.000000,50274.000000,34176.000000
56791.000000,59102.000000,50287.000000,34147.000000
56775.000000,59131.000000,50283.000000,34153.000000
56800.000000,59113.000000,50282.000000,34161.000000
56783.000000,59148.000000,50279.000000,34147.000000
56820.000000,59131.000000,50283.000000,34151.000000
56780.000000,59115.000000,50310.000000,34150.000000
56849.000000,59130.000000,50313.000000,34170.000000
56791.000000,59099.000000,50284.000000,34173.000000
56793.000000,59134.000000,50328.000000,34164.000000
56793.000000,59117.000000,50296.000000,34170.000000
56829.000000,59121.000000,50332.000000,34184.000000
56791.000000,59113.000000,50320.000000,34162.000000
56817.000000,59132.000000,50305.000000,34172.000000
56818.000000,59139.000000,50311.000000,34174.000000
56803.000000,59150.000000,50308.000000,34163.000000
56845.000000,59130.000000,50328.000000,34177.000000
56795.000000,59101.000000,50340.000000,34141.000000
56834.000000,59165.000000,50341.000000,34187.000000
56853.000000,59152.000000,50354.000000,34170.000000
56845.000000,59152.000000,50351.000000,34176.000000
56883.000000,59190.000000,50367.000000,34218.000000
56852.000000,59160.000000,50386.000000,34199.000000
56884.000000,59171.000000,50392.000000,34195.000000
56888.000000,59209.000000,50441.000000,34245.000000
56951.000000,59240.000000,50454.000000,34251.000000
56949.000000,59291.000000,50448.000000,34245.000000
56993.000000,59229.000000,50509.000000,34234.000000
57022.000000,59298.000000,50561.000000,34296.000000
57010.000000,59320.000000,50565.000000,34304.000000
57087.000000,59351.000000,50592.000000,34307.000000
57129.000000,59351.000000,50618.000000,34343.000000
57122.000000,59404.000000,50644.000000,34339.000000
57129.000000,59388.000000,50666.000000,34356.000000
57159.000000,59419.000000,50652.000000,34329.000000
57136.000000,59439.000000,50692.000000,34335.000000
57141.000000,59428.000000,50683.000000,34340.000000
57170.000000,59423.000000,50683.000000,34325.000000
57145.000000,59400.000000,50713.000000,34351.000000
57174.000000,59437.000000,50685.000000,34374.000000
57144.000000,59418.000000,50716.000000,34334.000000
57139.000000,59408.000000,50710.000000,34369.000000
57155.000000,59408.000000,50672.000000,34370.000000
57118.000000,59416.000000,50683.000000,34350.000000
57155.000000,59396.000000,50672.000000,34355.000000
57155.000000,59426.000000,50686.000000,34357.000000
57117.000000,59420.000000,50661.000000,34318.000000
57135.000000,59423.000000,50682.000000,34331.000000
57154.000000,59427.000000,50668.000000,34346.000000
57148.000000,59422.000000,50681.000000,34357.000000
57134.000000,59409.000000,50685.000000,34352.000000
57144.000000,59412.000000,50669.000000,34336.000000
57151.000000,59423.000000,50679.000000,34363.000000
57135.000000,59386.000000,50673.000000,34353.000000
57123.000000,59406.000000,50689.000000,34322.000000
57090.000000,59380.000000,50674.000000,34353.000000
57108.000000,59399.000000,50633.000000,34367.000000
57130.000000,59417.000000,50656.000000,34351.000000
57120.000000,59399.000000,50668.000000,34344.000000
57137.000000,59403.000000,50648.000000,34355.000000
57131.000000,59402.000000,50651.000000,34338.000000
57137.000000,59410.000000,50642.000000,34351.000000
57116.000000,59405.000000,50647.000000,34347.000000
57120.000000,59390.000000,50668.000000,34364.000000
57102.000000,59409.000000,50650.000000,34346.000000
57128.000000,59395.000000,50650.000000,34339.000000
57086.000000,59386.000000,50638.000000,34337.000000
57108.000000,59359.000000,50627.000000,34337.000000
57082.000000,59368.000000,50641.000000,34336.000000
57089.000000,59357.000000,50627.000000,34303.000000
57117.000000,59398.000000,50616.000000,34329.000000
57087.000000,59373.000000,50628.000000,34331.000000
57074.000000,59377.000000,50618.000000,34299.000000
57076.000000,59381.000000,50613.000000,34323.000000
57088.000000,59373.000000,50616.000000,34316.000000
57092.000000,59367.000000,50612.000000,34311.000000
57087.000000,59363.000000,50629.000000,34332.000000
57077.000000,59372.000000,50619.000000,34337.000000
57113.000000,59363.000000,50620.000000,34337.000000
57053.000000,59366.000000,50629.000000,34306.000000
57106.000000,59335.000000,50632.000000,34339.000000
57079.000000,59360.000000,50600.000000,34348.000000
57075.000000,59355.000000,50591.000000,34324.000000
57090.000000,59365.000000,50604.000000,34325.000000
57042.000000,59346.000000,50577.000000,34308.000000
57092.000000,59329.000000,50620.000000,34270.000000
57060.000000,59356.000000,50614.000000,34327.000000
57026.000000,59375.000000,50575.000000,34326.000000
57059.000000,59354.000000,50585.000000,34292.000000
57057.000000,59327.000000,50601.000000,34305.000000
57082.000000,59333.000000,50565.000000,34327.000000
57059.000000,59328.000000,50566.000000,34305.000000
57040.000000,59322.000000,50566.000000,34296.000000
57052.000000,59340.000000,50612.000000,34341.000000
57046.000000,59347.000000,50571.000000,34312.000000
57043.000000,59311.000000,50596.000000,34312.000000
57057.000000,59329.000000,50602.000000,34306.000000
57006.000000,59329.000000,50568.000000,34302.000000
57060.000000,59332.000000,50594.000000,34292.000000
57044.000000,59328.000000,50586.000000,34324.000000
57028.000000,59317.000000,50588.000000,34310.000000
57047.000000,59360.000000,50535.000000,34293.000000
57032.000000,59287.000000,50572.000000,34301.000000
57046.000000,59344.000000,50588.000000,34326.000000
57030.000000,59344.000000,50557.000000,34289.000000
57027.000000,59352.000000,50565.000000,34301.000000
57052.000000,59329.000000,50579.000000,34286.000000
57024.000000,59321.000000,50529.000000,34297.000000
57014.000000,59334.000000,50565.000000,34312.000000
57039.000000,59351.000000,50570.000000,34309.000000
57015.000000,59325.000000,50553.000000,34319.000000
57028.000000,59327.000000,50550.000000,34280.000000
57010.000000,59301.000000,50518.000000,34278.000000
57035.000000,59315.000000,50525.000000,34308.000000
56991.000000,59294.000000,50543.000000,34276.000000
56991.000000,59315.000000,50538.000000,34273.000000
56996.000000,59317.000000,50568.000000,34294.000000
56981.000000,59279.000000,50527.000000,34273.000000
56999.000000,59325.000000,50525.000000,34266.000000
56970.000000,59313.000000,50494.000000,34265.000000
56961.000000,59277.000000,50513.000000,34267.000000
56987.000000,59299.000000,50531.000000,34304.000000
56992.000000,59282.000000,50506.000000,34266.000000
56932.000000,59301.000000,50530.000000,34288.000000
56984.000000,59284.000000,50512.000000,34281.000000
56973.000000,59268.000000,50491.000000,34258.000000
56964.000000,59267.000000,50509.000000,34238.000000
57009.000000,59302.000000,50508.000000,34259.000000
56956.000000,59288.000000,50485.000000,34274.000000
56980.000000,59296.000000,50502.000000,34279.000000
56958.000000,59276.000000,50484.000000,34287.000000
56975.000000,59296.000000,50521.000000,34271.000000
56954.000000,59292.000000,50518.000000,34258.000000
56976.000000,59280.000000,50514.000000,34258.000000
56969.000000,59297.000000,50503.000000,34272.000000
56990.000000,59265.000000,50510.000000,34260.000000
56982.000000,59311.000000,50508.000000,34277.000000
56985.000000,59311.000000,50495.000000,34265.000000
56977.000000,59306.000000,50485.000000,34260.000000
56946.000000,59267.000000,50475.000000,34256.000000
56936.000000,59295.000000,50465.000000,34263.000000
56924.000000,59276.000000,50489.000000,34239.000000
56940.000000,59263.000000,50477.000000,34240.000000
56922.000000,59286.000000,50483.000000,34232.000000
56909.000000,59265.000000,50433.000000,34247.000000
56906.000000,59222.000000,50434.000000,34228.000000
56884.000000,59250.000000,50422.000000,34245.000000
56865.000000,59223.000000,50401.000000,34220.000000
56851.000000,59211.000000,50395.000000,34236.000000
56838.000000,59197.000000,50402.000000,34211.000000
56863.000000,59193.000000,50414.000000,34220.000000
56809.000000,59215.000000,50391.000000,34204.000000
56829.000000,59174.000000,50377.000000,34210.000000
56861.000000,59183.000000,50405.000000,34207.000000
56832.000000,59178.000000,50388.000000,34184.000000
56845.000000,59214.000000,50379.000000,34201.000000
56843.000000,59184.000000,50394.000000,34230.000000
56820.000000,59202.000000,50351.000000,34177.000000
56819.000000,59201.000000,50375.000000,34195.000000
56847.000000,59202.000000,50388.000000,34198.000000
56815.000000,59203.000000,50416.000000,34227.000000
56864.000000,59215.000000,50414.000000,34223.000000
56842.000000,59201.000000,50410.000000,34202.000000
56869.000000,59220.000000,50414.000000,34241.000000
56856.000000,59227.000000,50436.000000,34194.000000
56875.000000,59213.000000,50412.000000,34206.000000
56876.000000,59201.000000,50419.000000,34220.000000
56833.000000,59215.000000,50435.000000,34205.000000
56855.000000,59204.000000,50415.000000,34210.000000
56847.000000,59207.000000,50406.000000,34213.000000
56862.000000,59224.000000,50414.000000,34206.000000
56879.000000,59213.000000,50427.000000,34209.000000
56838.000000,59215.000000,50411.000000,34225.000000
56846.000000,59226.000000,50439.000000,34202.000000
56848.000000,59218.000000,50415.000000,34219.000000
56871.000000,59232.000000,50444.000000,34238.000000
56872.000000,59263.000000,50450.000000,34246.000000
56896.000000,59255.000000,50446.000000,34244.000000
56927.000000,59283.000000,50478.000000,34265.000000
56912.000000,59277.000000,50473.000000,34250.000000
56953.000000,59278.000000,50497.000000,34266.000000
56934.000000,59269.000000,50517.000000,34284.000000
56943.000000,59310.000000,50532.000000,34273.000000
56970.000000,59298.000000,50556.000000,34285.000000
57020.000000,59349.000000,50594.000000,34295.000000
57031.000000,59365.000000,50591.000000,34324.000000
57083.000000,59376.000000,50655.000000,34332.000000
57098.000000,59458.000000,50681.000000,34347.000000
57089.000000,59444.000000,50707.000000,34361.000000
57130.000000,59461.000000,50716.000000,34356.000000
57163.000000,59469.000000,50745.000000,34369.000000
57160.000000,59451.000000,50762.000000,34380.000000
57189.000000,59510.000000,50774.000000,34387.000000
57176.000000,59512.000000,50806.000000,34406.000000
57209.000000,59519.000000,50782.000000,34397.000000
57201.000000,59540.000000,50806.000000,34418.000000
57197.000000,59558.000000,50813.000000,34419.000000
57202.000000,59503.000000,50790.000000,34417.000000
57201.000000,59503.000000,50804.000000,34406.000000
57197.000000,59509.000000,50767.000000,34399.000000
57199.000000,59541.000000,50805.000000,34408.000000
57210.000000,59503.000000,50823.000000,34410.000000
57208.000000,59524.000000,50771.000000,34405.000000
57201.000000,59477.000000,50765.000000,34411.000000
57210.000000,59527.000000,50813.000000,34440.000000
57214.000000,59523.000000,50800.000000,34436.000000
57247.000000,59538.000000,50779.000000,34385.000000
57183.000000,59507.000000,50770.000000,34414.000000
57209.000000,59522.000000,50790.000000,34404.000000
57189.000000,59522.000000,50815.000000,34426.000000
57207.000000,59518.000000,50789.000000,34412.000000
57189.000000,59546.000000,50789.000000,34400.000000
57198.000000,59519.000000,50795.000000,34413.000000
57193.000000,59538.000000,50809.000000,34417.000000
57191.000000,59519.000000,50779.000000,34428.000000
57190.000000,59551.000000,50801.000000,34402.000000
57181.000000,59514.000000,50799.000000,34409.000000
57175.000000,59504.000000,50781.000000,34402.000000
57189.000000,59517.000000,50802.000000,34402.000000
57166.000000,59508.000000,50772.000000,34396.000000
57182.000000,59527.000000,50761.000000,34397.000000
57176.000000,59508.000000,50790.000000,34405.000000
57195.000000,59520.000000,50770.000000,34393.000000
57174.000000,59497.000000,50794.000000,34422.000000
57175.000000,59505.000000,50776.000000,34395.000000
57167.000000,59478.000000,50764.000000,34365.000000
57170.000000,59494.000000,50777.000000,34386.000000
57125.000000,59495.000000,50733.000000,34386.000000
57150.000000,59482.000000,50744.000000,34388.000000
57192.000000,59499.000000,50766.000000,34410.000000
57144.000000,59480.000000,50743.000000,34389.000000
57131.000000,59465.000000,50761.000000,34401.000000
57138.000000,59440.000000,50757.000000,34388.000000
57126.000000,59485.000000,50738.000000,34389.000000
57159.000000,59458.000000,50765.000000,34395.000000
57128.000000,59469.000000,50747.000000,34408.000000
57109.000000,59471.000000,50735.000000,34350.000000
57149.000000,59464.000000,50751.000000,34393.000000
57140.000000,59485.000000,50748.000000,34379.000000
57092.000000,59449.000000,50727.000000,34359.000000
57130.000000,59464.000000,50718.000000,34373.000000
57133.000000,59483.000000,50709.000000,34387.000000
57140.000000,59465.000000,50721.000000,34370.000000
57110.000000,59503.000000,50742.000000,34387.000000
57142.000000,59433.000000,50697.000000,34370.000000
57109.000000,59487.000000,50709.000000,34391.000000
57158.000000,59474.000000,50739.000000,34366.000000
57110.000000,59453.000000,50717.000000,34336.000000
57124.000000,59431.000000,50751.000000,34372.000000
57109.000000,59453.000000,50723.000000,34375.000000
57101.000000,59451.000000,50710.000000,34386.000000
57097.000000,59440.000000,50707.000000,34346.000000
57099.000000,59426.000000,50710.000000,34376.000000
57069.000000,59468.000000,50690.000000,34372.000000
57102.000000,59459.000000,50704.000000,34365.000000
57091.000000,59418.000000,50745.000000,34376.000000
57092.000000,59458.000000,50691.000000,34375.000000
57079.000000,59459.000000,50722.000000,34373.000000
57098.000000,59457.000000,50705.000000,34370.000000
57091.000000,59443.000000,50688.000000,34357.000000
57074.000000,59427.000000,50701.000000,34344.000000
57079.000000,59423.000000,50696.000000,34348.000000
57088.000000,59424.000000,50695.000000,34368.000000
57098.000000,59472.000000,50670.000000,34345.000000
57056.000000,59439.000000,50678.000000,34357.000000
57093.000000,59442.000000,50687.000000,34356.000000
57055.000000,59422.000000,50676.000000,34391.000000
57073.000000,59428.000000,50687.000000,34328.000000
57087.000000,59439.000000,50663.000000,34349.000000
57065.000000,59410.000000,50672.000000,34342.000000
57058.000000,59403.000000,50661.000000,34333.000000
57069.000000,59403.000000,50666.000000,34353.000000
57054.000000,59405.000000,50637.000000,34336.000000
57063.000000,59397.000000,50622.000000,34336.000000
57089.000000,59418.000000,50649.000000,34325.000000
57030.000000,59401.000000,50625.000000,34314.000000
57062.000000,59388.000000,50613.000000,34336.000000
57034.000000,59372.000000,50610.000000,34355.000000
57055.000000,59425.000000,50649.000000,34358.000000
57032.000000,59365.000000,50629.000000,34336.000000
57025.000000,59414.000000,50617.000000,34319.000000
57050.000000,59387.000000,50612.000000,34320.000000
56996.000000,59377.000000,50623.000000,34338.000000
57001.000000,59387.000000,50616.000000,34318.000000
57011.000000,59355.000000,50585.000000,34285.000000
57008.000000,59373.000000,50591.000000,34314.000000
56997.000000,59386.000000,50594.000000,34321.000000
57004.000000,59361.000000,50581.000000,34312.000000
57027.000000,59352.000000,50614.000000,34336.000000
56990.000000,59360.000000,50576.000000,34305.000000
56981.000000,59364.000000,50583.000000,34314.000000
56995.000000,59366.000000,50604.000000,34315.000000
56989.000000,59358.000000,50578.000000,34328.000000
56997.000000,59327.000000,50560.000000,34285.000000
56957.000000,59314.000000,50528.000000,34281.000000
56973.000000,59311.000000,50519.000000,34285.000000
56959.000000,59298.000000,50513.000000,34298.000000
56913.000000,59317.000000,50527.000000,34280.000000
56904.000000,59296.000000,50505.000000,34269.000000
56920.000000,59281.000000,50465.000000,34282.000000
56901.000000,59285.000000,50510.000000,34260.000000
56875.000000,59259.000000,50454.000000,34253.000000
56838.000000,59236.000000,50417.000000,34196.000000
56855.000000,59262.000000,50409.000000,34236.000000
56874.000000,59222.000000,50419.000000,34223.000000
56815.000000,59216.000000,50405.000000,34209.000000
56843.000000,59204.000000,50408.000000,34229.000000
56793.000000,59233.000000,50413.000000,34209.000000
56817.000000,59202.000000,50443.000000,34240.000000
56835.000000,59196.000000,50439.000000,34226.000000
56840.000000,59234.000000,50427.000000,34233.000000
56820.000000,59199.000000,50389.000000,34253.000000
56860.000000,59237.000000,50429.000000,34240.000000
56824.000000,59233.000000,50416.000000,34231.000000
56867.000000,59218.000000,50420.000000,34233.000000
56802.000000,59222.000000,50407.000000,34211.000000
56854.000000,59253.000000,50434.000000,34252.000000
56858.000000,59237.000000,50441.000000,34248.000000
56815.000000,59247.000000,50435.000000,34238.000000
56861.000000,59247.000000,50430.000000,34251.000000
56877.000000,59238.000000,50460.000000,34225.000000
56842.000000,59245.000000,50454.000000,34237.000000
56874.000000,59278.000000,50493.000000,34244.000000
56889.000000,59264.000000,50454.000000,34241.000000
56865.000000,59246.000000,50465.000000,34242.000000
56870.000000,59261.000000,50462.000000,34247.000000
56882.000000,59236.000000,50500.000000,34263.000000
56856.000000,59266.000000,50488.000000,34254.000000
56901.000000,59232.000000,50483.000000,34241.000000
56922.000000,59255.000000,50475.000000,34274.000000
56892.000000,59303.000000,50503.000000,34281.000000
56897.000000,59295.000000,50517.000000,34250.000000
56897.000000,59274.000000,50523.000000,34272.000000
56910.000000,59317.000000,50525.000000,34278.000000
56935.000000,59297.000000,50562.000000,34291.000000
56989.000000,59346.000000,50594.000000,34299.000000
57010.000000,59344.000000,50587.000000,34319.000000
57034.000000,59335.000000,50624.000000,34359.000000
57047.000000,59390.000000,50669.000000,34354.000000
57080.000000,59425.000000,50685.000000,34377.000000
57089.000000,59395.000000,50711.000000,34373.000000
57110.000000,59456.000000,50740.000000,34422.000000
57109.000000,59453.000000,50743.000000,34374.000000
57149.000000,59484.000000,50766.000000,34401.000000
57155.000000,59457.000000,50790.000000,34416.000000
57162.000000,59516.000000,50782.000000,34443.000000
57199.000000,59474.000000,50808.000000,34395.000000
57196.000000,59504.000000,50805.000000,34422.000000
57166.000000,59505.000000,50784.000000,34438.000000
57144.000000,59488.000000,50804.000000,34417.000000
57197.000000,59481.000000,50838.000000,34439.000000
57168.000000,59510.000000,50798.000000,34419.000000
57151.000000,59486.000000,50823.000000,34405.000000
57153.000000,59522.000000,50783.000000,34429.000000
57158.000000,59522.000000,50787.000000,34425.000000
57155.000000,59519.000000,50799.000000,34418.000000
57183.000000,59526.000000,50820.000000,34407.000000
57173.000000,59495.000000,50816.000000,34421.000000
57143.000000,59508.000000,50803.000000,34432.000000
57123.000000,59500.000000,50795.000000,34441.000000
57180.000000,59512.000000,50835.000000,34449.000000
57152.000000,59525.000000,50764.000000,34419.000000
57186.000000,59512.000000,50822.000000,34442.000000
57169.000000,59513.000000,50829.000000,34427.000000
57139.000000,59489.000000,50801.000000,34421.000000
57196.000000,59526.000000,50808.000000,34406.000000
57154.000000,59489.000000,50812.000000,34411.000000
57136.000000,59496.000000,50808.000000,34430.000000
57161.000000,59515.000000,50797.000000,34392.000000
57135.000000,59507.000000,50794.000000,34401.000000
57175.000000,59537.000000,50819.000000,34399.000000
57129.000000,59533.000000,50820.000000,34412.000000
57142.000000,59510.000000,50776.000000,34430.000000
57167.000000,59531.000000,50810.000000,34406.000000
57165.000000,59538.000000,50809.000000,34436.000000
57163.000000,59516.000000,50798.000000,34398.000000
57176.000000,59529.000000,50806.000000,34401.000000
57163.000000,59551.000000,50819.000000,34424.000000
57184.000000,59549.000000,50818.000000,34400.000000
57189.000000,59534.000000,50786.000000,34404.000000
57159.000000,59563.000000,50783.000000,34415.000000
57198.000000,59580.000000,50818.000000,34428.000000
57161.000000,59527.000000,50824.000000,34405.000000
57194.000000,59548.000000,50831.000000,34400.000000
57203.000000,59546.000000,50818.000000,34415.000000
57188.000000,59530.000000,50814.000000,34418.000000
57191.000000,59572.000000,50831.000000,34399.000000
57176.000000,59550.000000,50810.000000,34424.000000
57196.000000,59541.000000,50812.000000,34398.000000
57183.000000,59537.000000,50823.000000,34421.000000
57171.000000,59541.000000,50803.000000,34395.000000
57180.000000,59514.000000,50801.000000,34433.000000
57158.000000,59536.000000,50792.000000,34432.000000
57137.000000,59543.000000,50767.000000,34411.000000
57156.000000,59512.000000,50791.000000,34404.000000
57169.000000,59528.000000,50792.000000,34410.000000
57125.000000,59499.000000,50747.000000,34402.000000
57133.000000,59517.000000,50770.000000,34381.000000
57125.000000,59495.000000,50757.000000,34404.000000
57108.000000,59511.000000,50760.000000,34398.000000
57125.000000,59474.000000,50723.000000,34374.000000
57107.000000,59487.000000,50724.000000,34371.000000
57081.000000,59507.000000,50759.000000,34394.000000
57124.000000,59469.000000,50736.000000,34400.000000
57092.000000,59464.000000,50735.000000,34378.000000
57095.000000,59497.000000,50745.000000,34401.000000
57111.000000,59474.000000,50739.000000,34371.000000
57108.000000,59445.000000,50724.000000,34342.000000
57082.000000,59447.000000,50729.000000,34375.000000
57030.000000,59477.000000,50719.000000,34377.000000
57085.000000,59414.000000,50702.000000,34387.000000
57079.000000,59476.000000,50735.000000,34382.000000
57066.000000,59477.000000,50744.000000,34378.000000
57068.000000,59436.000000,50716.000000,34372.000000
57049.000000,59465.000000,50727.000000,34386.000000
57057.000000,59461.000000,50698.000000,34359.000000
57061.000000,59451.000000,50695.000000,34350.000000
57075.000000,59449.000000,50719.000000,34372.000000
57054.000000,59454.000000,50678.000000,34386.000000
57056.000000,59450.000000,50708.000000,34354.000000
57043.000000,59448.000000,50693.000000,34388.000000
57037.000000,59461.000000,50684.000000,34363.000000
57079.000000,59447.000000,50707.000000,34361.000000
57064.000000,59437.000000,50711.000000,34388.000000
57028.000000,59442.000000,50670.000000,34339.000000
57051.000000,59425.000000,50668.000000,34375.000000
57035.000000,59430.000000,50684.000000,34357.000000
57021.000000,59443.000000,50657.000000,34331.000000
57028.000000,59420.000000,50656.000000,34336.000000
57027.000000,59438.000000,50668.000000,34367.000000
56994.000000,59430.000000,50669.000000,34348.000000
57030.000000,59405.000000,50643.000000,34327.000000
57050.000000,59474.000000,50650.000000,34340.000000
57019.000000,59413.000000,50647.000000,34336.000000
56993.000000,59408.000000,50679.000000,34344.000000
57010.000000,59403.000000,50667.000000,34350.000000
57004.000000,59398.000000,50656.000000,34343.000000
56998.000000,59423.000000,50660.000000,34343.000000
57009.000000,59385.000000,50640.000000,34337.000000
57016.000000,59403.000000,50642.000000,34338.000000
57009.000000,59409.000000,50647.000000,34335.000000
57021.000000,59400.000000,50642.000000,34332.000000
57022.000000,59393.000000,50656.000000,34343.000000
57003.000000,59417.000000,50635.000000,34340.000000
56956.000000,59420.000000,50616.000000,34335.000000
56972.000000,59379.000000,50634.000000,34328.000000
56954.000000,59368.000000,50639.000000,34354.000000
56984.000000,59366.000000,50598.000000,34319.000000
56974.000000,59385.000000,50608.000000,34310.000000
56932.000000,59351.000000,50587.000000,34326.000000
56916.000000,59338.000000,50549.000000,34316.000000
56926.000000,59341.000000,50533.000000,34324.000000
56913.000000,59344.000000,50534.000000,34290.000000
56899.000000,59303.000000,50538.000000,34310.000000
56896.000000,59306.000000,50494.000000,34277.000000
56876.000000,59250.000000,50503.000000,34250.000000
56859.000000,59294.000000,50472.000000,34273.000000
56871.000000,59292.000000,50476.000000,34228.000000
56840.000000,59288.000000,50487.000000,34275.000000
56863.000000,59277.000000,50498.000000,34261.000000
56846.000000,59263.000000,50504.000000,34285.000000
56866.000000,59266.000000,50476.000000,34262.000000
56860.000000,59279.000000,50468.000000,34258.000000
56850.000000,59276.000000,50488.000000,34277.000000
56840.000000,59270.000000,50471.000000,34249.000000
56815.000000,59248.000000,50469.000000,34281.000000
56819.000000,59276.000000,50468.000000,34254.000000
56829.000000,59269.000000,50512.000000,34268.000000
56890.000000,59303.000000,50492.000000,34272.000000
56888.000000,59298.000000,50492.000000,34263.000000
56845.000000,59312.000000,50495.000000,34283.000000
56873.000000,59311.000000,50512.000000,34274.000000
56866.000000,59278.000000,50570.000000,34276.000000
56865.000000,59335.000000,50532.000000,34270.000000
56899.000000,59318.000000,50528.000000,34270.000000
56888.000000,59331.000000,50528.000000,34248.000000
56874.000000,59306.000000,50545.000000,34285.000000
56900.000000,59338.000000,50549.000000,34282.000000
56894.000000,59376.000000,50537.000000,34280.000000
56911.000000,59322.000000,50555.000000,34281.000000
56881.000000,59336.000000,50555.000000,34304.000000
56899.000000,59342.000000,50561.000000,34307.000000
56918.000000,59324.000000,50591.000000,34300.000000
56939.000000,59341.000000,50599.000000,34278.000000
56974.000000,59357.000000,50604.000000,34332.000000
56944.000000,59337.000000,50627.000000,34319.000000
56939.000000,59380.000000,50631.000000,34341.000000
56947.000000,59419.000000,50622.000000,34322.000000
56993.000000,59376.000000,50645.000000,34324.000000
57028.000000,59410.000000,50689.000000,34365.000000
57011.000000,59470.000000,50702.000000,34365.000000
57074.000000,59494.000000,50763.000000,34389.000000
57094.000000,59513.000000,50775.000000,34408.000000
57111.000000,59498.000000,50819.000000,34410.000000
57166.000000,59548.000000,50828.000000,34462.000000
57163.000000,59565.000000,50862.000000,34464.000000
57188.000000,59597.000000,50902.000000,34454.000000
57239.000000,59633.000000,50897.000000,34483.000000
57223.000000,59632.000000,50957.000000,34460.000000
57258.000000,59625.000000,50934.000000,34512.000000
57265.000000,59656.000000,50960.000000,34468.000000
57247.000000,59621.000000,50957.000000,34488.000000
57258.000000,59669.000000,50955.000000,34494.000000
57236.000000,59645.000000,50937.000000,34508.000000
57235.000000,59651.000000,50969.000000,34492.000000
57232.000000,59636.000000,50977.000000,34496.000000
57258.000000,59658.000000,50947.000000,34474.000000
57253.000000,59646.000000,50956.000000,34485.000000
57255.000000,59635.000000,50945.000000,34480.000000
57255.000000,59615.000000,50946.000000,34502.000000
57236.000000,59614.000000,50954.000000,34463.000000
57222.000000,59642.000000,50952.000000,34472.000000
57255.000000,59651.000000,50957.000000,34505.000000
57243.000000,59662.000000,50928.000000,34481.000000
57232.000000,59653.000000,50933.000000,34504.000000
57222.000000,59628.000000,50959.000000,34493.000000
57238.000000,59635.000000,50926.000000,34493.000000
57239.000000,59645.000000,50920.000000,34490.000000
57205.000000,59636.000000,50940.000000,34480.000000
57244.000000,59621.000000,50968.000000,34498.000000
57247.000000,59639.000000,50940.000000,34490.000000
57269.000000,59633.000000,50931.000000,34475.000000
57255.000000,59657.000000,50918.000000,34491.000000
57229.000000,59630.000000,50936.000000,34474.000000
57254.000000,59617.000000,50938.000000,34465.000000
57223.000000,59651.000000,50924.000000,34495.000000
57235.000000,59641.000000,50957.000000,34503.000000
57232.000000,59585.000000,50902.000000,34475.000000
57210.000000,59604.000000,50907.000000,34450.000000
57231.000000,59599.000000,50920.000000,34466.000000
57237.000000,59615.000000,50949.000000,34490.000000
57226.000000,59588.000000,50892.000000,34448.000000
57215.000000,59613.000000,50925.000000,34480.000000
57202.000000,59613.000000,50899.000000,34454.000000
57176.000000,59610.000000,50905.000000,34446.000000
57190.000000,59600.000000,50905.000000,34471.000000
57184.000000,59602.000000,50896.000000,34448.000000
57170.000000,59597.000000,50890.000000,34476.000000
57198.000000,59605.000000,50871.000000,34458.000000
57191.000000,59593.000000,50896.000000,34494.000000
57191.000000,59598.000000,50888.000000,34460.000000
57190.000000,59588.000000,50893.000000,34447.000000
57151.000000,59593.000000,50852.000000,34448.000000
57193.000000,59586.000000,50868.000000,34453.000000
57189.000000,59575.000000,50871.000000,34458.000000
57197.000000,59563.000000,50883.000000,34481.000000
57185.000000,59596.000000,50885.000000,34449.000000
57179.000000,59590.000000,50895.000000,34459.000000
57205.000000,59552.000000,50892.000000,34488.000000
57192.000000,59586.000000,50869.000000,34462.000000
57175.000000,59571.000000,50871.000000,34457.000000
57171.000000,59601.000000,50875.000000,34470.000000
57186.000000,59603.000000,50861.000000,34459.000000
57161.000000,59588.000000,50863.000000,34462.000000
57172.000000,59564.000000,50860.000000,34471.000000
57163.000000,59611.000000,50885.000000,34457.000000
57133.000000,59597.000000,50839.000000,34445.000000
57147.000000,59568.000000,50835.000000,34437.000000
57139.000000,59561.000000,50840.000000,34446.000000
57129.000000,59569.000000,50830.000000,34421.000000
57158.000000,59541.000000,50857.000000,34426.000000
57173.000000,59543.000000,50851.000000,34446.000000
57148.000000,59555.000000,50846.000000,34447.000000
57126.000000,59571.000000,50831.000000,34399.000000
57114.000000,59557.000000,50806.000000,34437.000000
57140.000000,59556.000000,50841.000000,34425.000000
57124.000000,59533.000000,50851.000000,34438.000000
57146.000000,59542.000000,50824.000000,34403.000000
57128.000000,59567.000000,50822.000000,34434.000000
57151.000000,59575.000000,50815.000000,34411.000000
57109.000000,59565.000000,50827.000000,34413.000000
57128.000000,59544.000000,50859.000000,34446.000000
57165.000000,59561.000000,50820.000000,34425.000000
57106.000000,59572.000000,50816.000000,34434.000000
57112.000000,59556.000000,50818.000000,34454.000000
57095.000000,59550.000000,50785.000000,34406.000000
57122.000000,59529.000000,50805.000000,34418.000000
57085.000000,59552.000000,50801.000000,34425.000000
57094.000000,59542.000000,50806.000000,34431.000000
57085.000000,59528.000000,50782.000000,34416.000000
57084.000000,59523.000000,50779.000000,34413.000000
57094.000000,59537.000000,50782.000000,34408.000000
57104.000000,59515.000000,50761.000000,34396.000000
57075.000000,59550.000000,50772.000000,34398.000000
57075.000000,59521.000000,50785.000000,34423.000000
57079.000000,59520.000000,50746.000000,34412.000000
57062.000000,59485.000000,50782.000000,34412.000000
57074.000000,59507.000000,50770.000000,34413.000000
57081.000000,59520.000000,50743.000000,34387.000000
57047.000000,59486.000000,50760.000000,34401.000000
57063.000000,59473.000000,50755.000000,34425.000000
57051.000000,59506.000000,50728.000000,34385.000000
57060.000000,59505.000000,50752.000000,34402.000000
57068.000000,59506.000000,50744.000000,34404.000000
57062.000000,59488.000000,50758.000000,34407.000000
57056.000000,59527.000000,50751.000000,34380.000000
57083.000000,59505.000000,50764.000000,34405.000000
57057.000000,59542.000000,50735.000000,34423.000000
57074.000000,59526.000000,50773.000000,34430.000000
57070.000000,59544.000000,50780.000000,34386.000000
57068.000000,59519.000000,50726.000000,34412.000000
57049.000000,59501.000000,50761.000000,34413.000000
57031.000000,59511.000000,50733.000000,34405.000000
57055.000000,59521.000000,50759.000000,34405.000000
56998.000000,59453.000000,50682.000000,34388.000000
57017.000000,59459.000000,50696.000000,34366.000000
56995.000000,59429.000000,50677.000000,34394.000000
56967.000000,59439.000000,50686.000000,34372.000000
56978.000000,59447.000000,50663.000000,34363.000000
56938.000000,59424.000000,50649.000000,34359.000000
56950.000000,59419.000000,50643.000000,34349.000000
56942.000000,59399.000000,50636.000000,34340.000000
56926.000000,59426.000000,50606.000000,34341.000000
56915.000000,59395.000000,50630.000000,34322.000000
56894.000000,59446.000000,50624.000000,34341.000000
56954.000000,59370.000000,50637.000000,34319.000000
56947.000000,59432.000000,50637.000000,34364.000000
56966.000000,59413.000000,50671.000000,34349.000000
56923.000000,59459.000000,50633.000000,34339.000000
56940.000000,59433.000000,50648.000000,34338.000000
56969.000000,59446.000000,50663.000000,34330.000000
56988.000000,59463.000000,50657.000000,34365.000000
56972.000000,59435.000000,50629.000000,34356.000000
56982.000000,59435.000000,50698.000000,34347.000000
56976.000000,59455.000000,50652.000000,34334.000000
56973.000000,59438.000000,50677.000000,34342.000000
56989.000000,59448.000000,50660.000000,34355.000000
56966.000000,59442.000000,50675.000000,34350.000000
56983.000000,59445.000000,50687.000000,34341.000000
56977.000000,59451.000000,50695.000000,34361.000000
56973.000000,59449.000000,50688.000000,34370.000000
56987.000000,59458.000000,50692.000000,34375.000000
57001.000000,59448.000000,50663.000000,34341.000000
56972.000000,59450.000000,50676.000000,34367.000000
57007.000000,59467.000000,50694.000000,34360.000000
56990.000000,59441.000000,50716.000000,34393.000000
57000.000000,59482.000000,50699.000000,34382.000000
56986.000000,59469.000000,50689.000000,34365.000000
57014.000000,59488.000000,50694.000000,34375.000000
57009.000000,59489.000000,50739.000000,34392.000000
57048.000000,59503.000000,50766.000000,34388.000000
57034.000000,59534.000000,50722.000000,34383.000000
57062.000000,59513.000000,50767.000000,34384.000000
57086.000000,59537.000000,50811.000000,34432.000000
57066.000000,59554.000000,50836.000000,34423.000000
57134.000000,59571.000000,50855.000000,34456.000000
57192.000000,59622.000000,50919.000000,34480.000000
57196.000000,59653.000000,50924.000000,34507.000000
57234.000000,59662.000000,50966.000000,34488.000000
57252.000000,59691.000000,50998.000000,34519.000000
57288.000000,59721.000000,51002.000000,34537.000000
57291.000000,59728.000000,51023.000000,34519.000000
57312.000000,59725.000000,51035.000000,34537.000000
57312.000000,59744.000000,51091.000000,34579.000000
57320.000000,59769.000000,51080.000000,34555.000000
57325.000000,59781.000000,51079.000000,34550.000000
57333.000000,59786.000000,51087.000000,34550.000000
57348.000000,59759.000000,51108.000000,34586.000000
57343.000000,59779.000000,51073.000000,34585.000000
57310.000000,59738.000000,51057.000000,34559.000000
57333.000000,59755.000000,51094.000000,34551.000000
57325.000000,59753.000000,51060.000000,34561.000000
57306.000000,59747.000000,51056.000000,34524.000000
57318.000000,59753.000000,51076.000000,34565.000000
57319.000000,59728.000000,51065.000000,34540.000000
57314.000000,59735.000000,51068.000000,34567.000000
57320.000000,59741.000000,51058.000000,34543.000000
57328.000000,59784.000000,51104.000000,34564.000000
57359.000000,59766.000000,51095.000000,34582.000000
57341.000000,59779.000000,51097.000000,34570.000000
57367.000000,59774.000000,51096.000000,34584.000000
57312.000000,59784.000000,51073.000000,34574.000000
57340.000000,59803.000000,51094.000000,34572.000000
57341.000000,59786.000000,51068.000000,34596.000000
57356.000000,59801.000000,51104.000000,34592.000000
57348.000000,59785.000000,51107.000000,34556.000000
57366.000000,59813.000000,51089.000000,34586.000000
57337.000000,59798.000000,51105.000000,34562.000000
57321.000000,59781.000000,51078.000000,34581.000000
57347.000000,59802.000000,51103.000000,34558.000000
57306.000000,59813.000000,51098.000000,34580.000000
57325.000000,59791.000000,51094.000000,34569.000000
57347.000000,59802.000000,51105.000000,34566.000000
57308.000000,59785.000000,51059.000000,34562.000000
57298.000000,59769.000000,51078.000000,34560.000000
57312.000000,59800.000000,51046.000000,34560.000000
57322.000000,59754.000000,51062.000000,34553.000000
57330.000000,59786.000000,51060.000000,34583.000000
57296.000000,59763.000000,51076.000000,34566.000000
57325.000000,59784.000000,51096.000000,34567.000000
57318.000000,59773.000000,51065.000000,34547.000000
57335.000000,59793.000000,51086.000000,34576.000000
57339.000000,59774.000000,51086.000000,34574.000000
57307.000000,59777.000000,51059.000000,34544.000000
57336.000000,59811.000000,51067.000000,34568.000000
57309.000000,59782.000000,51066.000000,34547.000000
57312.000000,59733.000000,51084.000000,34571.000000
57319.000000,59735.000000,51075.000000,34530.000000
57301.000000,59786.000000,51040.000000,34546.000000
57315.000000,59772.000000,51070.000000,34536.000000
57311.000000,59740.000000,51045.000000,34564.000000
57284.000000,59748.000000,51055.000000,34541.000000
57299.000000,59770.000000,51040.000000,34555.000000
57312.000000,59752.000000,51058.000000,34550.000000
57282.000000,59773.000000,51010.000000,34565.000000
57282.000000,59782.000000,51032.000000,34530.000000
57284.000000,59736.000000,51063.000000,34541.000000
57302.000000,59772.000000,51053.000000,34558.000000
57294.000000,59750.000000,51048.000000,34537.000000
57319.000000,59768.000000,51015.000000,34574.000000
57274.000000,59767.000000,51032.000000,34547.000000
57284.000000,59779.000000,51041.000000,34572.000000
57296.000000,59746.000000,51046.000000,34556.000000
57288.000000,59763.000000,51051.000000,34543.000000
57286.000000,59754.000000,51070.000000,34538.000000
57270.000000,59765.000000,51022.000000,34543.000000
57284.000000,59743.000000,51039.000000,34556.000000
57302.000000,59780.000000,51038.000000,34561.000000
57254.000000,59785.000000,51025.000000,34530.000000
57278.000000,59752.000000,51024.000000,34557.000000
57289.000000,59770.000000,51046.000000,34541.000000
57245.000000,59780.000000,51022.000000,34556.000000
57294.000000,59732.000000,50991.000000,34556.000000
57230.000000,59735.000000,51002.000000,34528.000000
57252.000000,59742.000000,50993.000000,34509.000000
57235.000000,59751.000000,51018.000000,34533.000000
57234.000000,59739.000000,51000.000000,34522.000000
57242.000000,59724.000000,50986.000000,34519.000000
57256.000000,59707.000000,51008.000000,34555.000000
57220.000000,59740.000000,51015.000000,34501.000000
57224.000000,59741.000000,50996.000000,34505.000000
57198.000000,59732.000000,50988.000000,34531.000000
57199.000000,59704.000000,50968.000000,34526.000000
57221.000000,59700.000000,50980.000000,34539.000000
57208.000000,59727.000000,50969.000000,34532.000000
57200.000000,59703.000000,50960.000000,34522.000000
57199.000000,59706.000000,50938.000000,34524.000000
57203.000000,59716.000000,50968.000000,34510.000000
57237.000000,59696.000000,50989.000000,34526.000000
57207.000000,59713.000000,50974.000000,34503.000000
57199.000000,59728.000000,50989.000000,34520.000000
57199.000000,59712.000000,50974.000000,34521.000000
57208.000000,59721.000000,50961.000000,34516.000000
57195.000000,59706.000000,50992.000000,34480.000000
57220.000000,59688.000000,50959.000000,34507.000000
57191.000000,59716.000000,50962.000000,34504.000000
57205.000000,59717.000000,50966.000000,34493.000000
57181.000000,59691.000000,50944.000000,34500.000000
57202.000000,59704.000000,50949.000000,34531.000000
57175.000000,59702.000000,50954.000000,34502.000000
57200.000000,59674.000000,50930.000000,34513.000000
57129.000000,59690.000000,50954.000000,34472.000000
57183.000000,59672.000000,50933.000000,34494.000000
57145.000000,59663.000000,50914.000000,34483.000000
57152.000000,59663.000000,50905.000000,34450.000000
57141.000000,59664.000000,50887.000000,34483.000000
57101.000000,59650.000000,50878.000000,34458.000000
57100.000000,59646.000000,50862.000000,34464.000000
57089.000000,59652.000000,50863.000000,34465.000000
57086.000000,59643.000000,50875.000000,34447.000000
57084.000000,59608.000000,50846.000000,34435.000000
57057.000000,59625.000000,50831.000000,34438.000000
57045.000000,59632.000000,50819.000000,34459.000000
57031.000000,59599.000000,50833.000000,34454.000000
57046.000000,59591.000000,50831.000000,34462.000000
57045.000000,59595.000000,50822.000000,34434.000000
57053.000000,59597.000000,50819.000000,34437.000000
57045.000000,59590.000000,50810.000000,34441.000000
57056.000000,59597.000000,50820.000000,34438.000000
57024.000000,59626.000000,50841.000000,34443.000000
57036.000000,59604.000000,50836.000000,34460.000000
57055.000000,59590.000000,50827.000000,34447.000000
57032.000000,59577.000000,50807.000000,34426.000000
57048.000000,59582.000000,50810.000000,34423.000000
57042.000000,59605.000000,50809.000000,34436.000000
57059.000000,59594.000000,50824.000000,34432.000000
57062.000000,59594.000000,50856.000000,34436.000000
57068.000000,59615.000000,50829.000000,34461.000000
57064.000000,59599.000000,50829.000000,34461.000000
57055.000000,59634.000000,50828.000000,34432.000000
57049.000000,59591.000000,50824.000000,34455.000000
57073.000000,59619.000000,50822.000000,34451.000000
57064.000000,59601.000000,50824.000000,34459.000000
57042.000000,59616.000000,50877.000000,34468.000000
57065.000000,59596.000000,50814.000000,34463.000000
57072.000000,59597.000000,50865.000000,34468.000000
57057.000000,59618.000000,50890.000000,34477.000000
57069.000000,59617.000000,50877.000000,34479.000000
57083.000000,59632.000000,50885.000000,34463.000000
57115.000000,59654.000000,50881.000000,34477.000000
57115.000000,59675.000000,50870.000000,34468.000000
57119.000000,59674.000000,50925.000000,34486.000000
57100.000000,59662.000000,50936.000000,34490.000000
57129.000000,59674.000000,50909.000000,34482.000000
57147.000000,59687.000000,50945.000000,34511.000000
57197.000000,59706.000000,50998.000000,34520.000000
57184.000000,59700.000000,50992.000000,34531.000000
57228.000000,59746.000000,51015.000000,34541.000000
57267.000000,59731.000000,51082.000000,34529.000000
57285.000000,59789.000000,51099.000000,34575.000000
57302.000000,59836.000000,51129.000000,34571.000000
57309.000000,59822.000000,51132.000000,34605.000000
57350.000000,59853.000000,51147.000000,34598.000000
57384.000000,59887.000000,51161.000000,34607.000000
57361.000000,59885.000000,51162.000000,34637.000000
57362.000000,59934.000000,51201.000000,34636.000000
57359.000000,59893.000000,51227.000000,34626.000000
57401.000000,59905.000000,51238.000000,34659.000000
57407.000000,59921.000000,51219.000000,34639.000000
57391.000000,59929.000000,51222.000000,34643.000000
57405.000000,59889.000000,51221.000000,34623.000000
57385.000000,59952.000000,51199.000000,34643.000000
57371.000000,59908.000000,51218.000000,34632.000000
57396.000000,59885.000000,51227.000000,34633.000000
57413.000000,59880.000000,51213.000000,34630.000000
57388.000000,59912.000000,51214.000000,34651.000000
57384.000000,59927.000000,51209.000000,34628.000000
57398.000000,59889.000000,51213.000000,34657.000000
57395.000000,59899.000000,51217.000000,34649.000000
57402.000000,59898.000000,51243.000000,34631.000000
57373.000000,59921.000000,51244.000000,34650.000000
57404.000000,59914.000000,51243.000000,34663.000000
57404.000000,59942.000000,51243.000000,34649.000000
57418.000000,59905.000000,51240.000000,34641.000000
57401.000000,59928.000000,51224.000000,34651.000000
57388.000000,59939.000000,51223.000000,34629.000000
57412.000000,59913.000000,51222.000000,34649.000000
57433.000000,59918.000000,51223.000000,34674.000000
57395.000000,59930.000000,51242.000000,34671.000000
57413.000000,59900.000000,51205.000000,34624.000000
57400.000000,59921.000000,51220.000000,34651.000000
57376.000000,59928.000000,51209.000000,34638.000000
57393.000000,59901.000000,51201.000000,34633.000000
57373.000000,59925.000000,51219.000000,34647.000000
57381.000000,59921.000000,51216.000000,34654.000000
57370.000000,59925.000000,51226.000000,34635.000000
57372.000000,59890.000000,51188.000000,34629.000000
57369.000000,59877.000000,51231.000000,34667.000000
57365.000000,59874.000000,51223.000000,34610.000000
57348.000000,59866.000000,51218.000000,34637.000000
57369.000000,59888.000000,51229.000000,34635.000000
57389.000000,59902.000000,51217.000000,34618.000000
57348.000000,59907.000000,51222.000000,34642.000000
57342.000000,59889.000000,51200.000000,34643.000000
57380.000000,59921.000000,51206.000000,34637.000000
57362.000000,59880.000000,51196.000000,34615.000000
57366.000000,59891.000000,51207.000000,34647.000000
57371.000000,59858.000000,51198.000000,34633.000000
57385.000000,59912.000000,51204.000000,34638.000000
57391.000000,59903.000000,51209.000000,34630.000000
57382.000000,59911.000000,51211.000000,34646.000000
57371.000000,59902.000000,51204.000000,34622.000000
57354.000000,59884.000000,51197.000000,34628.000000
57360.000000,59893.000000,51196.000000,34612.000000
57337.000000,59885.000000,51193.000000,34647.000000
57359.000000,59879.000000,51191.000000,34623.000000
57356.000000,59880.000000,51183.000000,34614.000000
57354.000000,59929.000000,51212.000000,34632.000000
57363.000000,59896.000000,51200.000000,34618.000000
57334.000000,59889.000000,51177.000000,34637.000000
57352.000000,59914.000000,51200.000000,34648.000000
57327.000000,59885.000000,51161.000000,34626.000000
57347.000000,59882.000000,51203.000000,34609.000000
57361.000000,59859.000000,51175.000000,34630.000000
57350.000000,59918.000000,51193.000000,34647.000000
57355.000000,59867.000000,51169.000000,34619.000000
57318.000000,59844.000000,51171.000000,34636.000000
57328.000000,59862.000000,51174.000000,34613.000000
57311.000000,59871.000000,51167.000000,34625.000000
57321.000000,59888.000000,51140.000000,34624.000000
57289.000000,59862.000000,51121.000000,34626.000000
57296.000000,59852.000000,51137.000000,34598.000000
57299.000000,59845.000000,51117.000000,34617.000000
57272.000000,59832.000000,51135.000000,34613.000000
57311.000000,59826.000000,51147.000000,34602.000000
57272.000000,59811.000000,51088.000000,34610.000000
57278.000000,59838.000000,51122.000000,34606.000000
57247.000000,59831.000000,51110.000000,34557.000000
57271.000000,59811.000000,51127.000000,34593.000000
57266.000000,59850.000000,51127.000000,34597.000000
57258.000000,59840.000000,51093.000000,34584.000000
57239.000000,59829.000000,51096.000000,34607.000000
57239.000000,59776.000000,51084.000000,34564.000000
57259.000000,59793.000000,51090.000000,34600.000000
57223.000000,59812.000000,51090.000000,34594.000000
57224.000000,59795.000000,51081.000000,34559.000000
57253.000000,59814.000000,51078.000000,34588.000000
57230.000000,59780.000000,51075.000000,34559.000000
57230.000000,59804.000000,51085.000000,34566.000000
57205.000000,59779.000000,51074.000000,34596.000000
57213.000000,59788.000000,51064.000000,34578.000000
57230.000000,59810.000000,51067.000000,34579.000000
57237.000000,59776.000000,51032.000000,34573.000000
57233.000000,59796.000000,51070.000000,34555.000000
57254.000000,59811.000000,51084.000000,34552.000000
57208.000000,59762.000000,51043.000000,34543.000000
57248.000000,59816.000000,51075.000000,34578.000000
57213.000000,59808.000000,51052.000000,34583.000000
57205.000000,59772.000000,51050.000000,34526.000000
57218.000000,59786.000000,51052.000000,34554.000000
57222.000000,59786.000000,51068.000000,34574.000000
57189.000000,59740.000000,51046.000000,34571.000000
57209.000000,59743.000000,51049.000000,34559.000000
57178.000000,59778.000000,51029.000000,34565.000000
57157.000000,59777.000000,50991.000000,34562.000000
57155.000000,59758.000000,51015.000000,34551.000000
57157.000000,59708.000000,50984.000000,34526.000000
57159.000000,59738.000000,50979.000000,34521.000000
57111.000000,59695.000000,50959.000000,34519.000000
57138.000000,59742.000000,50932.000000,34527.000000
57123.000000,59727.000000,50931.000000,34520.000000
57117.000000,59727.000000,50937.000000,34512.000000
57064.000000,59697.000000,50916.000000,34492.000000
57070.000000,59667.000000,50928.000000,34487.000000
57067.000000,59669.000000,50920.000000,34500.000000
57080.000000,59673.000000,50894.000000,34475.000000
57056.000000,59634.000000,50896.000000,34500.000000
57081.000000,59663.000000,50892.000000,34488.000000
57046.000000,59643.000000,50884.000000,34466.000000
57052.000000,59666.000000,50912.000000,34518.000000
57042.000000,59655.000000,50911.000000,34465.000000
57094.000000,59680.000000,50927.000000,34506.000000
57042.000000,59662.000000,50891.000000,34511.000000
57038.000000,59661.000000,50880.000000,34483.000000
57108.000000,59664.000000,50932.000000,34500.000000
57047.000000,59671.000000,50906.000000,34494.000000
57089.000000,59649.000000,50945.000000,34485.000000
57079.000000,59671.000000,50923.000000,34508.000000
57073.000000,59666.000000,50891.000000,34501.000000
57072.000000,59653.000000,50920.000000,34482.000000
57076.000000,59678.000000,50905.000000,34509.000000
57091.000000,59686.000000,50914.000000,34509.000000
57098.000000,59711.000000,50924.000000,34505.000000
57073.000000,59674.000000,50923.000000,34519.000000
57100.000000,59717.000000,50952.000000,34500.000000
57092.000000,59707.000000,50959.000000,34504.000000
57108.000000,59703.000000,50931.000000,34512.000000
57105.000000,59691.000000,50973.000000,34527.000000
57081.000000,59711.000000,50941.000000,34511.000000
57107.000000,59741.000000,50985.000000,34525.000000
57118.000000,59723.000000,50972.000000,34520.000000
57125.000000,59698.000000,50972.000000,34520.000000
57147.000000,59745.000000,50997.000000,34543.000000
57159.000000,59748.000000,51011.000000,34522.000000
57154.000000,59765.000000,50996.000000,34540.000000
57184.000000,59774.000000,51014.000000,34549.000000
57191.000000,59798.000000,51074.000000,34581.000000
57187.000000,59778.000000,51061.000000,34569.000000
57252.000000,59834.000000,51115.000000,34593.000000
57257.000000,59829.000000,51146.000000,34593.000000
57289.000000,59869.000000,51169.000000,34617.000000
57347.000000,59910.000000,51207.000000,34658.000000
57352.000000,59939.000000,51222.000000,34646.000000
57397.000000,59929.000000,51271.000000,34688.000000
57419.000000,59976.000000,51293.000000,34704.000000
57434.000000,59988.000000,51297.000000,34676.000000
57428.000000,60028.000000,51302.000000,34680.000000
57428.000000,59999.000000,51320.000000,34699.000000
57458.000000,59996.000000,51332.000000,34709.000000
57445.000000,60011.000000,51339.000000,34689.000000
57452.000000,60013.000000,51341.000000,34714.000000
57456.000000,60039.000000,51335.000000,34716.000000
57418.000000,60001.000000,51360.000000,34733.000000
57449.000000,60012.000000,51330.000000,34712.000000
57468.000000,60040.000000,51359.000000,34717.000000
57482.000000,60026.000000,51345.000000,34714.000000
57454.000000,60007.000000,51327.000000,34714.000000
57464.000000,60045.000000,51352.000000,34742.000000
57481.000000,60014.000000,51326.000000,34700.000000
57468.000000,59999.000000,51361.000000,34712.000000
57443.000000,60015.000000,51332.000000,34697.000000
57470.000000,60002.000000,51319.000000,34727.000000
57470.000000,60008.000000,51344.000000,34702.000000
57440.000000,59998.000000,51335.000000,34716.000000
57454.000000,60019.000000,51370.000000,34734.000000
57453.000000,60039.000000,51351.000000,34714.000000
57439.000000,60010.000000,51347.000000,34710.000000
57459.000000,60044.000000,51358.000000,34717.000000
57445.000000,60058.000000,51362.000000,34726.000000
57412.000000,60035.000000,51333.000000,34696.000000
57461.000000,60041.000000,51364.000000,34703.000000
57428.000000,60008.000000,51349.000000,34728.000000
57468.000000,60025.000000,51311.000000,34692.000000
57433.000000,60007.000000,51341.000000,34707.000000
57442.000000,60037.000000,51311.000000,34707.000000
57446.000000,59990.000000,51321.000000,34707.000000
57448.000000,60015.000000,51335.000000,34690.000000
57435.000000,60011.000000,51326.000000,34717.000000
57411.000000,60029.000000,51309.000000,34704.000000
57407.000000,60001.000000,51287.000000,34701.000000
57412.000000,59994.000000,51316.000000,34720.000000
57427.000000,60026.000000,51313.000000,34673.000000
57427.000000,59992.000000,51321.000000,34693.000000
57430.000000,60018.000000,51305.000000,34721.000000
57404.000000,60008.000000,51311.000000,34685.000000
57426.000000,59994.000000,51295.000000,34671.000000
57421.000000,59983.000000,51297.000000,34718.000000
57402.000000,59983.000000,51316.000000,34689.000000
57397.000000,59981.000000,51312.000000,34674.000000
57439.000000,59976.000000,51324.000000,34697.000000
57413.000000,60006.000000,51261.000000,34674.000000
57424.000000,60025.000000,51284.000000,34679.000000
57413.000000,59981.000000,51311.000000,34690.000000
57432.000000,60018.000000,51314.000000,34719.000000
57404.000000,59994.000000,51290.000000,34705.000000
57365.000000,60007.000000,51311.000000,34714.000000
57393.000000,60022.000000,51270.000000,34711.000000
57428.000000,59996.000000,51284.000000,34702.000000
57353.000000,60001.000000,51249.000000,34690.000000
57407.000000,59954.000000,51294.000000,34688.000000
57392.000000,59992.000000,51258.000000,34693.000000
57374.000000,59973.000000,51276.000000,34690.000000
57383.000000,59977.000000,51273.000000,34698.000000
57359.000000,59983.000000,51256.000000,34688.000000
57396.000000,59944.000000,51246.000000,34663.000000
57373.000000,59961.000000,51262.000000,34666.000000
57366.000000,59963.000000,51281.000000,34686.000000
57374.000000,60002.000000,51260.000000,34688.000000
57360.000000,59933.000000,51236.000000,34647.000000
57371.000000,59970.000000,51258.000000,34692.000000
57379.000000,59965.000000,51254.000000,34659.000000
57321.000000,59950.000000,51259.000000,34663.000000
57331.000000,59966.000000,51229.000000,34670.000000
57372.000000,59933.000000,51242.000000,34670.000000
57344.000000,59959.000000,51223.000000,34672.000000
57355.000000,59933.000000,51222.000000,34663.000000
57339.000000,59970.000000,51241.000000,34669.000000
57325.000000,59942.000000,51210.000000,34667.000000
57319.000000,59940.000000,51207.000000,34625.000000
57340.000000,59948.000000,51219.000000,34667.000000
57319.000000,59913.000000,51230.000000,34627.000000
57331.000000,59929.000000,51222.000000,34651.000000
57330.000000,59938.000000,51214.000000,34657.000000
57305.000000,59908.000000,51219.000000,34650.000000
57311.000000,59913.000000,51208.000000,34630.000000
57316.000000,59918.000000,51204.000000,34626.000000
57286.000000,59898.000000,51194.000000,34647.000000
57297.000000,59909.000000,51175.000000,34634.000000
57306.000000,59900.000000,51228.000000,34647.000000
57299.000000,59892.000000,51177.000000,34637.000000
57283.000000,59911.000000,51178.000000,34667.000000
57261.000000,59884.000000,51141.000000,34622.000000
57269.000000,59895.000000,51167.000000,34633.000000
57295.000000,59911.000000,51161.000000,34651.000000
57260.000000,59891.000000,51143.000000,34631.000000
57298.000000,59906.000000,51173.000000,34646.000000
57289.000000,59874.000000,51155.000000,34644.000000
57281.000000,59866.000000,51143.000000,34626.000000
57262.000000,59883.000000,51178.000000,34624.000000
57255.000000,59867.000000,51149.000000,34616.000000
57266.000000,59868.000000,51130.000000,34601.000000
57291.000000,59861.000000,51169.000000,34623.000000
57307.000000,59904.000000,51145.000000,34606.000000
57258.000000,59860.000000,51171.000000,34635.000000
57296.000000,59898.000000,51157.000000,34619.000000
57277.000000,59880.000000,51131.000000,34641.000000
57264.000000,59882.000000,51164.000000,34643.000000
57265.000000,59867.000000,51118.000000,34604.000000
57244.000000,59846.000000,51151.000000,34617.000000
57244.000000,59842.000000,51111.000000,34605.000000
57229.000000,59834.000000,51126.000000,34636.000000
57207.000000,59844.000000,51108.000000,34624.000000
57229.000000,59841.000000,51111.000000,34615.000000
57186.000000,59838.000000,51087.000000,34577.000000
57161.000000,59808.000000,51051.000000,34561.000000
57164.000000,59756.000000,51038.000000,34564.000000
57138.000000,59771.000000,51031.000000,34546.000000
57103.000000,59783.000000,51019.000000,34552.000000
57119.000000,59777.000000,51017.000000,34528.000000
57106.000000,59775.000000,51008.000000,34547.000000
57116.000000,59803.000000,51026.000000,34542.000000
57110.000000,59778.000000,51005.000000,34579.000000
57093.000000,59767.000000,50986.000000,34552.000000
57112.000000,59778.000000,51014.000000,34551.000000
57133.000000,59785.000000,51039.000000,34564.000000
57134.000000,59777.000000,51009.000000,34530.000000
57124.000000,59796.000000,51033.000000,34578.000000
57133.000000,59779.000000,51008.000000,34542.000000
57167.000000,59784.000000,51052.000000,34569.000000
57157.000000,59819.000000,51047.000000,34578.000000
57161.000000,59825.000000,51082.000000,34576.000000
57160.000000,59793.000000,51048.000000,34575.000000
57159.000000,59824.000000,51051.000000,34589.000000
57153.000000,59820.000000,51049.000000,34602.000000
57155.000000,59817.000000,51072.000000,34579.000000
57183.000000,59821.000000,51078.000000,34587.000000
57165.000000,59856.000000,51073.000000,34632.000000
57190.000000,59839.000000,51072.000000,34581.000000
57165.000000,59834.000000,51074.000000,34608.000000
57192.000000,59839.000000,51094.000000,34593.000000
57193.000000,59800.000000,51111.000000,34583.000000
57189.000000,59831.000000,51107.000000,34594.000000
57223.000000,59848.000000,51098.000000,34626.000000
57224.000000,59875.000000,51154.000000,34617.000000
57232.000000,59862.000000,51140.000000,34613.000000
57254.000000,59883.000000,51155.000000,34625.000000
57234.000000,59867.000000,51178.000000,34628.000000
57293.000000,59886.000000,51178.000000,34643.000000
57329.000000,59947.000000,51238.000000,34669.000000
57356.000000,59954.000000,51254.000000,34678.000000
57398.000000,59980.000000,51288.000000,34698.000000
57414.000000,60017.000000,51338.000000,34715.000000
57433.000000,60046.000000,51334.000000,34721.000000
57454.000000,60061.000000,51353.000000,34738.000000
57470.000000,60052.000000,51390.000000,34762.000000
57478.000000,60051.000000,51393.000000,34757.000000
57481.000000,60117.000000,51410.000000,34765.000000
57486.000000,60098.000000,51407.000000,34768.000000
57525.000000,60131.000000,51466.000000,34798.000000
57490.000000,60122.000000,51433.000000,34789.000000
57541.000000,60098.000000,51463.000000,34753.000000
57537.000000,60112.000000,51446.000000,34784.000000
57522.000000,60144.000000,51467.000000,34779.000000
57561.000000,60152.000000,51468.000000,34786.000000
57557.000000,60147.000000,51473.000000,34792.000000
57498.000000,60154.000000,51473.000000,34787.000000
57541.000000,60147.000000,51460.000000,34780.000000
57532.000000,60139.000000,51503.000000,34772.000000
57524.000000,60125.000000,51473.000000,34760.000000
57519.000000,60132.000000,51443.000000,34799.000000
57523.000000,60135.000000,51478.000000,34779.000000
57539.000000,60167.000000,51441.000000,34816.000000
57540.000000,60124.000000,51451.000000,34780.000000
57499.000000,60148.000000,51459.000000,34763.000000
57513.000000,60106.000000,51459.000000,34788.000000
57504.000000,60125.000000,51464.000000,34762.000000
57518.000000,60173.000000,51449.000000,34792.000000
57499.000000,60117.000000,51461.000000,34797.000000
57509.000000,60096.000000,51444.000000,34756.000000
57529.000000,60124.000000,51444.000000,34797.000000
57492.000000,60118.000000,51422.000000,34766.000000
57511.000000,60137.000000,51446.000000,34772.000000
57511.000000,60138.000000,51421.000000,34771.000000
57494.000000,60147.000000,51428.000000,34766.000000
57500.000000,60121.000000,51424.000000,34767.000000
57492.000000,60114.000000,51443.000000,34779.000000
57488.000000,60129.000000,51453.000000,34788.000000
57500.000000,60141.000000,51464.000000,34782.000000
57496.000000,60143.000000,51446.000000,34758.000000
57494.000000,60134.000000,51422.000000,34779.000000
57497.000000,60114.000000,51435.000000,34810.000000
57489.000000,60111.000000,51430.000000,34768.000000
57511.000000,60103.000000,51419.000000,34752.000000
57521.000000,60093.000000,51439.000000,34781.000000
57506.000000,60153.000000,51427.000000,34769.000000
57483.000000,60121.000000,51440.000000,34752.000000
57480.000000,60131.000000,51435.000000,34773.000000
57479.000000,60112.000000,51446.000000,34762.000000
57510.000000,60099.000000,51415.000000,34767.000000
57462.000000,60111.000000,51421.000000,34771.000000
57490.000000,60126.000000,51424.000000,34764.000000
57478.000000,60134.000000,51426.000000,34751.000000
57497.000000,60102.000000,51385.000000,34750.000000
57488.000000,60117.000000,51426.000000,34768.000000
57491.000000,60126.000000,51427.000000,34745.000000
57475.000000,60104.000000,51411.000000,34730.000000
57488.000000,60112.000000,51426.000000,34760.000000
57467.000000,60099.000000,51391.000000,34758.000000
57452.000000,60075.000000,51425.000000,34798.000000
57454.000000,60099.000000,51389.000000,34737.000000
57466.000000,60117.000000,51387.000000,34785.000000
57452.000000,60090.000000,51416.000000,34742.000000
57475.000000,60071.000000,51394.000000,34748.000000
57474.000000,60052.000000,51380.000000,34755.000000
57462.000000,60103.000000,51392.000000,34767.000000
57440.000000,60093.000000,51358.000000,34751.000000
57465.000000,60084.000000,51381.000000,34762.000000
57451.000000,60086.000000,51381.000000,34722.000000
57437.000000,60092.000000,51362.000000,34722.000000
57446.000000,60071.000000,51407.000000,34745.000000
57464.000000,60069.000000,51380.000000,34753.000000
57437.000000,60084.000000,51366.000000,34766.000000
57444.000000,60072.000000,51393.000000,34746.000000
57418.000000,60092.000000,51393.000000,34749.000000
57434.000000,60106.000000,51382.000000,34748.000000
57453.000000,60082.000000,51363.000000,34732.000000
57442.000000,60079.000000,51374.000000,34742.000000
57416.000000,60082.000000,51377.000000,34728.000000
57450.000000,60068.000000,51366.000000,34748.000000
57410.000000,60059.000000,51360.000000,34712.000000
57410.000000,60077.000000,51348.000000,34758.000000
57426.000000,60055.000000,51338.000000,34717.000000
57416.000000,60059.000000,51337.000000,34683.000000
57419.000000,60032.000000,51348.000000,34753.000000
57409.000000,60046.000000,51338.000000,34720.000000
57380.000000,60023.000000,51340.000000,34709.000000
57408.000000,60042.000000,51337.000000,34707.000000
57403.000000,60029.000000,51330.000000,34702.000000
57386.000000,60039.000000,51323.000000,34717.000000
57383.000000,60007.000000,51309.000000,34698.000000
57405.000000,60038.000000,51297.000000,34703.000000
57383.000000,60041.000000,51281.000000,34677.000000
57379.000000,60018.000000,51305.000000,34729.000000
57378.000000,60033.000000,51314.000000,34680.000000
57396.000000,60004.000000,51278.000000,34717.000000
57345.000000,60024.000000,51292.000000,34711.000000
57342.000000,60014.000000,51322.000000,34692.000000
57373.000000,60034.000000,51317.000000,34714.000000
57373.000000,60045.000000,51319.000000,34720.000000
57375.000000,60074.000000,51322.000000,34712.000000
57382.000000,60031.000000,51320.000000,34701.000000
57383.000000,60026.000000,51337.000000,34706.000000
57377.000000,60051.000000,51336.000000,34732.000000
57366.000000,60036.000000,51317.000000,34708.000000
57383.000000,60038.000000,51313.000000,34704.000000
57346.000000,60020.000000,51295.000000,34706.000000
57352.000000,60010.000000,51312.000000,34711.000000
57364.000000,60045.000000,51304.000000,34728.000000
57347.000000,60014.000000,51282.000000,34706.000000
57333.000000,59999.000000,51281.000000,34692.000000
57327.000000,60010.000000,51275.000000,34692.000000
57293.000000,59987.000000,51240.000000,34701.000000
57292.000000,59967.000000,51227.000000,34673.000000
57293.000000,59931.000000,51224.000000,34658.000000
57259.000000,59960.000000,51240.000000,34699.000000
57265.000000,59968.000000,51227.000000,34654.000000
57231.000000,59979.000000,51202.000000,34656.000000
57249.000000,59954.000000,51206.000000,34644.000000
57292.000000,59953.000000,51195.000000,34672.000000
57247.000000,59958.000000,51167.000000,34674.000000
57243.000000,59949.000000,51175.000000,34654.000000
57261.000000,59936.000000,51208.000000,34647.000000
57232.000000,59964.000000,51204.000000,34643.000000
57243.000000,59977.000000,51177.000000,34649.000000
57240.000000,59956.000000,51191.000000,34649.000000
57231.000000,59964.000000,51156.000000,34675.000000
57242.000000,59926.000000,51194.000000,34651.000000
57260.000000,59963.000000,51221.000000,34676.000000
57229.000000,59970.000000,51201.000000,34678.000000
57236.000000,59966.000000,51200.000000,34636.000000
57266.000000,59940.000000,51200.000000,34654.000000
57261.000000,59978.000000,51196.000000,34640.000000
57284.000000,59972.000000,51209.000000,34665.000000
57283.000000,59953.000000,51190.000000,34671.000000
57270.000000,60003.000000,51207.000000,34683.000000
57231.000000,59970.000000,51224.000000,34632.000000
57260.000000,59969.000000,51219.000000,34661.000000
57255.000000,59983.000000,51215.000000,34678.000000
57231.000000,59954.000000,51207.000000,34686.000000
57271.000000,59971.000000,51205.000000,34656.000000
57250.000000,59947.000000,51232.000000,34689.000000
57264.000000,59985.000000,51265.000000,34650.000000
57304.000000,59979.000000,51231.000000,34690.000000
57278.000000,59996.000000,51230.000000,34667.000000
57288.000000,60013.000000,51253.000000,34672.000000
57299.000000,60021.000000,51259.000000,34709.000000
57313.000000,60007.000000,51266.000000,34690.000000
57314.000000,60039.000000,51292.000000,34719.000000
57328.000000,60050.000000,51291.000000,34685.000000
57374.000000,60026.000000,51313.000000,34705.000000
57360.000000,60074.000000,51371.000000,34736.000000
57396.000000,60068.000000,51357.000000,34727.000000
57437.000000,60105.000000,51405.000000,34759.000000
57444.000000,60142.000000,51431.000000,34761.000000
57475.000000,60164.000000,51470.000000,34822.000000
57490.000000,60191.000000,51468.000000,34796.000000
57514.000000,60207.000000,51504.000000,34840.000000
57579.000000,60229.000000,51533.000000,34837.000000
57523.000000,60258.000000,51533.000000,34837.000000
57603.000000,60248.000000,51588.000000,34817.000000
57564.000000,60243.000000,51589.000000,34820.000000
57565.000000,60246.000000,51560.000000,34813.000000
57593.000000,60241.000000,51572.000000,34857.000000
57604.000000,60227.000000,51598.000000,34866.000000
57595.000000,60279.000000,51593.000000,34862.000000
57568.000000,60267.000000,51563.000000,34866.000000
57610.000000,60297.000000,51589.000000,34824.000000
57615.000000,60315.000000,51587.000000,34881.000000
57625.000000,60298.000000,51610.000000,34862.000000
57598.000000,60307.000000,51596.000000,34861.000000
57628.000000,60293.000000,51601.000000,34864.000000
57610.000000,60291.000000,51596.000000,34863.000000
57600.000000,60275.000000,51623.000000,34838.000000
57618.000000,60282.000000,51592.000000,34874.000000
57607.000000,60269.000000,51606.000000,34880.000000
57626.000000,60310.000000,51627.000000,34864.000000
57588.000000,60280.000000,51587.000000,34882.000000
57611.000000,60274.000000,51584.000000,34885.000000
57640.000000,60279.000000,51597.000000,34869.000000
57609.000000,60273.000000,51594.000000,34850.000000
57612.000000,60293.000000,51578.000000,34871.000000
57590.000000,60291.000000,51616.000000,34883.000000
57615.000000,60304.000000,51587.000000,34864.000000
57612.000000,60288.000000,51603.000000,34888.000000
57616.000000,60292.000000,51609.000000,34869.000000
57594.000000,60297.000000,51586.000000,34866.000000
57659.000000,60313.000000,51611.000000,34893.000000
57606.000000,60308.000000,51589.000000,34859.000000
57601.000000,60281.000000,51609.000000,34848.000000
57586.000000,60282.000000,51623.000000,34840.000000
57619.000000,60303.000000,51626.000000,34878.000000
57585.000000,60280.000000,51582.000000,34834.000000
57600.000000,60309.000000,51610.000000,34872.000000
57600.000000,60292.000000,51569.000000,34868.000000
57586.000000,60266.000000,51587.000000,34857.000000
57563.000000,60295.000000,51593.000000,34856.000000
57607.000000,60302.000000,51597.000000,34839.000000
57591.000000,60287.000000,51596.000000,34873.000000
57571.000000,60300.000000,51603.000000,34862.000000
57555.000000,60264.000000,51592.000000,34855.000000
57593.000000,60295.000000,51585.000000,34849.000000
57574.000000,60253.000000,51541.000000,34853.000000
57556.000000,60292.000000,51591.000000,34868.000000
57599.000000,60301.000000,51591.000000,34854.000000
57570.000000,60288.000000,51596.000000,34845.000000
57587.000000,60308.000000,51610.000000,34898.000000
57585.000000,60302.000000,51589.000000,34829.000000
57569.000000,60318.000000,51581.000000,34841.000000
57605.000000,60293.000000,51591.000000,34843.000000
57574.000000,60304.000000,51582.000000,34889.000000
57576.000000,60326.000000,51569.000000,34875.000000
57574.000000,60286.000000,51598.000000,34872.000000
57590.000000,60331.000000,51603.000000,34891.000000
57588.000000,60295.000000,51591.000000,34850.000000
57565.000000,60304.000000,51573.000000,34867.000000
57594.000000,60299.000000,51581.000000,34844.000000
57588.000000,60271.000000,51583.000000,34839.000000
57554.000000,60286.000000,51551.000000,34828.000000
57556.000000,60286.000000,51573.000000,34869.000000
57570.000000,60296.000000,51565.000000,34842.000000
57542.000000,60287.000000,51587.000000,34844.000000
57549.000000,60271.000000,51539.000000,34835.000000
57547.000000,60283.000000,51555.000000,34852.000000
57559.000000,60270.000000,51558.000000,34851.000000
57528.000000,60262.000000,51539.000000,34840.000000
57556.000000,60265.000000,51522.000000,34835.000000
57521.000000,60257.000000,51526.000000,34831.000000
57501.000000,60235.000000,51504.000000,34831.000000
57514.000000,60282.000000,51561.000000,34850.000000
57519.000000,60270.000000,51520.000000,34828.000000
57520.000000,60266.000000,51526.000000,34835.000000
57509.000000,60261.000000,51515.000000,34827.000000
57519.000000,60246.000000,51538.000000,34839.000000
57511.000000,60252.000000,51525.000000,34849.000000
57469.000000,60227.000000,51492.000000,34819.000000
57476.000000,60243.000000,51483.000000,34821.000000
57478.000000,60205.000000,51543.000000,34841.000000
57432.000000,60190.000000,51489.000000,34808.000000
57485.000000,60213.000000,51496.000000,34790.000000
57471.000000,60211.000000,51494.000000,34837.000000
57469.000000,60205.000000,51464.000000,34814.000000
57455.000000,60216.000000,51487.000000,34804.000000
57450.000000,60201.000000,51465.000000,34799.000000
57442.000000,60193.000000,51462.000000,34778.000000
57437.000000,60170.000000,51459.000000,34768.000000
57448.000000,60196.000000,51447.000000,34801.000000
57441.000000,60171.000000,51473.000000,34786.000000
57434.000000,60191.000000,51454.000000,34795.000000
57442.000000,60174.000000,51437.000000,34778.000000
57442.000000,60155.000000,51446.000000,34812.000000
57443.000000,60164.000000,51441.000000,34791.000000
57434.000000,60170.000000,51443.000000,34801.000000
57430.000000,60190.000000,51441.000000,34803.000000
57435.000000,60165.000000,51441.000000,34788.000000
57422.000000,60186.000000,51454.000000,34804.000000
57401.000000,60205.000000,51433.000000,34812.000000
57431.000000,60165.000000,51459.000000,34811.000000
57414.000000,60160.000000,51472.000000,34829.000000
57435.000000,60181.000000,51465.000000,34804.000000
57419.000000,60131.000000,51442.000000,34773.000000
57405.000000,60156.000000,51430.000000,34771.000000
57371.000000,60139.000000,51402.000000,34796.000000
57403.000000,60143.000000,51382.000000,34776.000000
57367.000000,60094.000000,51367.000000,34783.000000
57347.000000,60121.000000,51383.000000,34766.000000
57320.000000,60122.000000,51343.000000,34744.000000
57311.000000,60091.000000,51335.000000,34713.000000
57290.000000,60092.000000,51323.000000,34723.000000
57314.000000,60067.000000,51335.000000,34736.000000
57283.000000,60077.000000,51287.000000,34712.000000
57306.000000,60057.000000,51303.000000,34719.000000
57297.000000,60056.000000,51314.000000,34746.000000
57299.000000,60079.000000,51323.000000,34702.000000
57297.000000,60071.000000,51318.000000,34732.000000
57269.000000,60079.000000,51293.000000,34717.000000
57295.000000,60079.000000,51336.000000,34730.000000
57269.000000,60103.000000,51297.000000,34728.000000
57289.000000,60085.000000,51305.000000,34707.000000
57317.000000,60065.000000,51334.000000,34707.000000
57311.000000,60094.000000,51318.000000,34748.000000
57314.000000,60094.000000,51331.000000,34757.000000
57293.000000,60101.000000,51311.000000,34757.000000
57288.000000,60099.000000,51340.000000,34751.000000
57300.000000,60069.000000,51340.000000,34737.000000
57353.000000,60086.000000,51345.000000,34729.000000
57284.000000,60100.000000,51338.000000,34767.000000
57328.000000,60111.000000,51340.000000,34724.000000
57318.000000,60095.000000,51332.000000,34728.000000
57335.000000,60114.000000,51345.000000,34739.000000
57311.000000,60136.000000,51371.000000,34759.000000
57336.000000,60119.000000,51364.000000,34760.000000
57308.000000,60100.000000,51368.000000,34761.000000
57342.000000,60135.000000,51366.000000,34784.000000
57342.000000,60105.000000,51371.000000,34769.000000
57325.000000,60153.000000,51384.000000,34768.000000
57343.000000,60154.000000,51424.000000,34762.000000
57340.000000,60110.000000,51397.000000,34781.000000
57360.000000,60119.000000,51395.000000,34768.000000
57394.000000,60121.000000,51420.000000,34785.000000
57368.000000,60182.000000,51420.000000,34790.000000
57420.000000,60175.000000,51449.000000,34807.000000
57389.000000,60179.000000,51443.000000,34805.000000
57437.000000,60203.000000,51485.000000,34804.000000
57467.000000,60221.000000,51499.000000,34803.000000
57483.000000,60249.000000,51529.000000,34860.000000
57504.000000,60277.000000,51565.000000,34865.000000
57536.000000,60277.000000,51589.000000,34878.000000
57568.000000,60328.000000,51619.000000,34860.000000
57622.000000,60341.000000,51653.000000,34881.000000
57607.000000,60372.000000,51685.000000,34936.000000
57656.000000,60427.000000,51701.000000,34942.000000
57647.000000,60391.000000,51723.000000,34951.000000
57661.000000,60429.000000,51726.000000,34950.000000
57684.000000,60439.000000,51748.000000,34931.000000
57703.000000,60432.000000,51740.000000,34965.000000
57679.000000,60403.000000,51716.000000,34957.000000
57698.000000,60415.000000,51765.000000,34931.000000
57688.000000,60430.000000,51736.000000,34975.000000
57712.000000,60427.000000,51758.000000,34943.000000
57661.000000,60424.000000,51743.000000,34942.000000
57699.000000,60399.000000,51720.000000,34922.000000
57711.000000,60402.000000,51747.000000,34969.000000
57651.000000,60426.000000,51736.000000,34948.000000
57701.000000,60422.000000,51729.000000,34949.000000
57700.000000,60428.000000,51747.000000,34977.000000
57661.000000,60413.000000,51717.000000,34956.000000
57683.000000,60414.000000,51739.000000,34944.000000
57693.000000,60423.000000,51741.000000,34983.000000
57678.000000,60418.000000,51760.000000,34924.000000
57647.000000,60397.000000,51724.000000,34941.000000
57656.000000,60433.000000,51740.000000,34929.000000
57665.000000,60418.000000,51726.000000,34940.000000
57655.000000,60413.000000,51734.000000,34948.000000
57665.000000,60396.000000,51747.000000,34945.000000
57660.000000,60432.000000,51737.000000,34985.000000
57699.000000,60431.000000,51734.000000,34955.000000
57651.000000,60406.000000,51737.000000,34952.000000
57689.000000,60434.000000,51731.000000,34944.000000
57679.000000,60395.000000,51741.000000,34949.000000
57658.000000,60423.000000,51741.000000,34953.000000
57658.000000,60413.000000,51741.000000,34948.000000
57631.000000,60432.000000,51728.000000,34942.000000
57667.000000,60401.000000,51745.000000,34924.000000
57674.000000,60413.000000,51717.000000,34977.000000
57673.000000,60429.000000,51717.000000,34942.000000
57644.000000,60428.000000,51743.000000,34926.000000
57671.000000,60400.000000,51718.000000,34927.000000
57637.000000,60434.000000,51716.000000,34966.000000
57636.000000,60377.000000,51700.000000,34940.000000
57656.000000,60386.000000,51710.000000,34927.000000
57642.000000,60382.000000,51691.000000,34941.000000
57634.000000,60411.000000,51711.000000,34949.000000
57641.000000,60388.000000,51692.000000,34960.000000
57633.000000,60396.000000,51701.000000,34945.000000
57666.000000,60430.000000,51707.000000,34948.000000
57634.000000,60437.000000,51698.000000,34937.000000
57646.000000,60373.000000,51695.000000,34926.000000
57630.000000,60425.000000,51710.000000,34941.000000
57626.000000,60402.000000,51696.000000,34922.000000
57614.000000,60372.000000,51668.000000,34931.000000
57601.000000,60346.000000,51689.000000,34940.000000
57623.000000,60383.000000,51672.000000,34927.000000
57610.000000,60407.000000,51696.000000,34902.000000
57610.000000,60354.000000,51664.000000,34916.000000
57632.000000,60377.000000,51672.000000,34929.000000
57604.000000,60365.000000,51683.000000,34948.000000
57587.000000,60380.000000,51681.000000,34908.000000
57603.000000,60361.000000,51660.000000,34923.000000
57609.000000,60367.000000,51676.000000,34928.000000
57600.000000,60369.000000,51660.000000,34921.000000
57609.000000,60367.000000,51663.000000,34937.000000
57583.000000,60396.000000,51650.000000,34912.000000
57573.000000,60360.000000,51655.000000,34914.000000
57592.000000,60352.000000,51646.000000,34916.000000
57571.000000,60353.000000,51648.000000,34904.000000
57565.000000,60333.000000,51661.000000,34907.000000
57583.000000,60310.000000,51641.000000,34891.000000
57549.000000,60348.000000,51622.000000,34896.000000
57555.000000,60303.000000,51623.000000,34895.000000
57541.000000,60315.000000,51634.000000,34920.000000
57572.000000,60313.000000,51625.000000,34911.000000
57560.000000,60331.000000,51645.000000,34909.000000
57561.000000,60313.000000,51606.000000,34896.000000
57552.000000,60354.000000,51613.000000,34874.000000
57554.000000,60321.000000,51637.000000,34914.000000
57548.000000,60334.000000,51601.000000,34864.000000
57521.000000,60322.000000,51601.000000,34898.000000
57526.000000,60294.000000,51588.000000,34876.000000
57516.000000,60296.000000,51581.000000,34880.000000
57528.000000,60309.000000,51588.000000,34875.000000
57513.000000,60274.000000,51583.000000,34867.000000
57494.000000,60284.000000,51591.000000,34880.000000
57496.000000,60300.000000,51562.000000,34871.000000
57515.000000,60272.000000,51567.000000,34872.000000
57505.000000,60317.000000,51577.000000,34884.000000
57494.000000,60290.000000,51560.000000,34869.000000
57503.000000,60313.000000,51586.000000,34895.000000
57484.000000,60270.000000,51574.000000,34867.000000
57497.000000,60274.000000,51566.000000,34867.000000
57480.000000,60255.000000,51549.000000,34864.000000
57492.000000,60271.000000,51576.000000,34867.000000
57488.000000,60251.000000,51557.000000,34873.000000
57484.000000,60265.000000,51563.000000,34849.000000
57473.000000,60292.000000,51559.000000,34872.000000
57496.000000,60268.000000,51542.000000,34849.000000
57461.000000,60259.000000,51525.000000,34861.000000
57474.000000,60283.000000,51581.000000,34887.000000
57465.000000,60291.000000,51551.000000,34874.000000
57461.000000,60278.000000,51541.000000,34857.000000
57492.000000,60261.000000,51546.000000,34863.000000
57438.000000,60278.000000,51561.000000,34865.000000
57461.000000,60291.000000,51534.000000,34839.000000
57462.000000,60253.000000,51513.000000,34858.000000
57439.000000,60303.000000,51535.000000,34858.000000
57464.000000,60290.000000,51539.000000,34833.000000
57426.000000,60256.000000,51536.000000,34830.000000
57435.000000,60248.000000,51506.000000,34846.000000
57453.000000,60230.000000,51516.000000,34838.000000
57446.000000,60215.000000,51502.000000,34826.000000
57407.000000,60217.000000,51482.000000,34852.000000
57405.000000,60232.000000,51457.000000,34831.000000
57390.000000,60175.000000,51435.000000,34807.000000
57373.000000,60235.000000,51421.000000,34799.000000
57360.000000,60196.000000,51455.000000,34795.000000
57389.000000,60188.000000,51446.000000,34810.000000
57344.000000,60178.000000,51427.000000,34775.000000
57331.000000,60179.000000,51422.000000,34772.000000
57336.000000,60203.000000,51391.000000,34785.000000
57326.000000,60183.000000,51400.000000,34783.000000
57347.000000,60163.000000,51390.000000,34797.000000
57333.000000,60159.000000,51377.000000,34771.000000
57336.000000,60170.000000,51409.000000,34781.000000
57340.000000,60165.000000,51415.000000,34776.000000
57338.000000,60188.000000,51438.000000,34804.000000
57329.000000,60205.000000,51435.000000,34788.000000
57330.000000,60187.000000,51426.000000,34801.000000
57339.000000,60157.000000,51435.000000,34798.000000
57314.000000,60150.000000,51446.000000,34771.000000
57362.000000,60170.000000,51437.000000,34800.000000
57363.000000,60190.000000,51447.000000,34784.000000
57323.000000,60151.000000,51436.000000,34797.000000
57369.000000,60220.000000,51446.000000,34799.000000
57379.000000,60188.000000,51464.000000,34805.000000
57382.000000,60181.000000,51428.000000,34835.000000
57365.000000,60180.000000,51484.000000,34815.000000
57379.000000,60201.000000,51468.000000,34808.000000
57397.000000,60191.000000,51446.000000,34802.000000
57400.000000,60213.000000,51450.000000,34821.000000
57382.000000,60196.000000,51498.000000,34836.000000
57387.000000,60210.000000,51494.000000,34826.000000
57396.000000,60231.000000,51461.000000,34835.000000
57389.000000,60249.000000,51523.000000,34849.000000
57416.000000,60227.000000,51495.000000,34833.000000
57466.000000,60247.000000,51522.000000,34856.000000
57427.000000,60260.000000,51540.000000,34841.000000
57497.000000,60262.000000,51575.000000,34849.000000
57491.000000,60300.000000,51571.000000,34865.000000
57479.000000,60331.000000,51607.000000,34886.000000
57531.000000,60341.000000,51615.000000,34885.000000
57586.000000,60384.000000,51667.000000,34898.000000
57595.000000,60401.000000,51712.000000,34937.000000
57620.000000,60412.000000,51743.000000,34927.000000
57649.000000,60454.000000,51799.000000,34947.000000
57663.000000,60476.000000,51798.000000,34986.000000
57685.000000,60492.000000,51782.000000,34987.000000
57697.000000,60485.000000,51826.000000,34992.000000
57715.000000,60526.000000,51833.000000,34989.000000
57705.000000,60498.000000,51845.000000,35000.000000
57740.000000,60514.000000,51860.000000,35015.000000
57753.000000,60525.000000,51846.000000,35017.000000
57766.000000,60514.000000,51851.000000,35037.000000
57726.000000,60507.000000,51857.000000,35029.000000
57750.000000,60511.000000,51842.000000,35014.000000
57757.000000,60506.000000,51860.000000,35028.000000
57755.000000,60534.000000,51852.000000,35022.000000
57745.000000,60510.000000,51872.000000,35021.000000
57712.000000,60511.000000,51867.000000,35040.000000
57736.000000,60555.000000,51871.000000,34991.000000
57753.000000,60543.000000,51855.000000,35008.000000
57707.000000,60544.000000,51863.000000,35011.000000
57744.000000,60495.000000,51877.000000,35012.000000
57752.000000,60529.000000,51862.000000,34998.000000
57721.000000,60524.000000,51836.000000,35023.000000
57732.000000,60545.000000,51851.000000,35003.000000
57741.000000,60543.000000,51865.000000,35026.000000
57718.000000,60537.000000,51862.000000,35028.000000
57765.000000,60540.000000,51865.000000,35022.000000
57734.000000,60533.000000,51851.000000,35013.000000
57712.000000,60521.000000,51851.000000,34999.000000
57722.000000,60535.000000,51854.000000,35024.000000
57720.000000,60514.000000,51831.000000,35027.000000
57702.000000,60505.000000,51834.000000,35003.000000
57741.000000,60540.000000,51854.000000,35028.000000
57724.000000,60525.000000,51857.000000,35025.000000
57706.000000,60533.000000,51855.000000,34983.000000
57755.000000,60527.000000,51847.000000,35000.000000
57719.000000,60527.000000,51817.000000,34991.000000
57705.000000,60504.000000,51814.000000,35003.000000
57710.000000,60525.000000,51848.000000,35016.000000
57730.000000,60556.000000,51827.000000,35025.000000
57700.000000,60512.000000,51823.000000,34992.000000
57682.000000,60529.000000,51835.000000,35025.000000
57732.000000,60537.000000,51818.000000,35012.000000
57687.000000,60531.000000,51833.000000,35028.000000
57679.000000,60530.000000,51821.000000,35027.000000
57696.000000,60518.000000,51812.000000,35022.000000
57721.000000,60526.000000,51812.000000,35011.000000
57708.000000,60517.000000,51831.000000,35047.000000
57766.000000,60517.000000,51809.000000,34989.000000
57705.000000,60510.000000,51807.000000,34986.000000
57721.000000,60484.000000,51817.000000,35019.000000
57680.000000,60496.000000,51803.000000,35016.000000
57701.000000,60492.000000,51805.000000,34977.000000
57692.000000,60504.000000,51809.000000,35008.000000
57681.000000,60488.000000,51786.000000,35000.000000
57657.000000,60477.000000,51802.000000,34994.000000
57692.000000,60523.000000,51805.000000,34977.000000
57670.000000,60500.000000,51792.000000,34974.000000
57679.000000,60468.000000,51791.000000,34981.000000
57650.000000,60518.000000,51809.000000,34995.000000
57647.000000,60499.000000,51763.000000,35001.000000
57654.000000,60459.000000,51785.000000,34967.000000
57654.000000,60436.000000,51767.000000,34981.000000
57668.000000,60469.000000,51772.000000,34979.000000
57661.000000,60470.000000,51779.000000,34982.000000
57688.000000,60490.000000,51797.000000,34979.000000
57650.000000,60488.000000,51776.000000,34997.000000
57646.000000,60484.000000,51787.000000,34978.000000
57652.000000,60478.000000,51793.000000,34983.000000
57644.000000,60495.000000,51776.000000,34991.000000
57671.000000,60473.000000,51753.000000,34976.000000
57655.000000,60439.000000,51769.000000,34991.000000
57623.000000,60459.000000,51733.000000,34952.000000
57620.000000,60447.000000,51749.000000,34934.000000
57617.000000,60452.000000,51736.000000,34979.000000
57649.000000,60459.000000,51766.000000,34965.000000
57624.000000,60462.000000,51766.000000,34965.000000
57625.000000,60493.000000,51747.000000,34970.000000
57625.000000,60460.000000,51742.000000,34962.000000
57605.000000,60415.000000,51747.000000,34970.000000
57598.000000,60479.000000,51723.000000,34966.000000
57626.000000,60434.000000,51722.000000,34942.000000
57608.000000,60430.000000,51718.000000,34960.000000
57597.000000,60459.000000,51707.000000,34967.000000
57578.000000,60421.000000,51740.000000,34956.000000
57565.000000,60458.000000,51711.000000,34958.000000
57597.000000,60427.000000,51704.000000,34959.000000
57609.000000,60437.000000,51718.000000,34934.000000
57575.000000,60412.000000,51716.000000,34937.000000
57604.000000,60409.000000,51728.000000,34948.000000
57593.000000,60422.000000,51688.000000,34933.000000
57547.000000,60439.000000,51681.000000,34940.000000
57604.000000,60396.000000,51695.000000,34931.000000
57574.000000,60413.000000,51704.000000,34941.000000
57548.000000,60398.000000,51692.000000,34944.000000
57572.000000,60408.000000,51695.000000,34935.000000
57575.000000,60412.000000,51684.000000,34938.000000
57598.000000,60388.000000,51688.000000,34935.000000
57596.000000,60442.000000,51681.000000,34931.000000
57581.000000,60396.000000,51700.000000,34949.000000
57564.000000,60402.000000,51696.000000,34917.000000
57599.000000,60396.000000,51716.000000,34973.000000
57570.000000,60421.000000,51720.000000,34946.000000
57576.000000,60432.000000,51678.000000,34927.000000
57564.000000,60416.000000,51704.000000,34961.000000
57583.000000,60406.000000,51712.000000,34925.000000
57564.000000,60384.000000,51676.000000,34931.000000
57560.000000,60409.000000,51665.000000,34956.000000
57560.000000,60396.000000,51687.000000,34927.000000
57563.000000,60400.000000,51641.000000,34953.000000
57543.000000,60375.000000,51624.000000,34907.000000
57490.000000,60380.000000,51649.000000,34929.000000
57510.000000,60322.000000,51617.000000,34889.000000
57487.000000,60365.000000,51598.000000,34889.000000
57465.000000,60356.000000,51609.000000,34886.000000
57462.000000,60322.000000,51575.000000,34906.000000
57480.000000,60327.000000,51558.000000,34863.000000
57449.000000,60348.000000,51569.000000,34883.000000
57462.000000,60331.000000,51587.000000,34878.000000
57450.000000,60332.000000,51585.000000,34874.000000
57455.000000,60320.000000,51574.000000,34892.000000
57438.000000,60326.000000,51571.000000,34871.000000
57476.000000,60321.000000,51560.000000,34874.000000
57466.000000,60329.000000,51583.000000,34896.000000
57432.000000,60334.000000,51557.000000,34887.000000
57439.000000,60327.000000,51590.000000,34864.000000
57467.000000,60334.000000,51580.000000,34887.000000
57479.000000,60349.000000,51599.000000,34894.000000
57477.000000,60336.000000,51592.000000,34883.000000
57470.000000,60367.000000,51608.000000,34909.000000
57466.000000,60378.000000,51624.000000,34917.000000
57479.000000,60368.000000,51608.000000,34895.000000
57487.000000,60367.000000,51626.000000,34890.000000
57467.000000,60392.000000,51639.000000,34926.000000
57459.000000,60372.000000,51621.000000,34891.000000
57478.000000,60359.000000,51627.000000,34880.000000
57488.000000,60395.000000,51644.000000,34911.000000
57488.000000,60380.000000,51637.000000,34901.000000
57480.000000,60365.000000,51616.000000,34901.000000
57478.000000,60366.000000,51615.000000,34914.000000
57521.000000,60377.000000,51623.000000,34904.000000
57531.000000,60367.000000,51628.000000,34900.000000
57496.000000,60385.000000,51634.000000,34890.000000
57495.000000,60348.000000,51657.000000,34884.000000
57509.000000,60363.000000,51654.000000,34919.000000
57499.000000,60383.000000,51658.000000,34909.000000
57521.000000,60375.000000,51652.000000,34922.000000
57532.000000,60423.000000,51695.000000,34952.000000
57523.000000,60424.000000,51709.000000,34934.000000
57519.000000,60442.000000,51711.000000,34930.000000
57595.000000,60465.000000,51711.000000,34945.000000
57620.000000,60486.000000,51733.000000,34976.000000
57611.000000,60496.000000,51792.000000,35001.000000
57675.000000,60494.000000,51828.000000,34985.000000
57701.000000,60551.000000,51837.000000,35027.000000
57725.000000,60581.000000,51861.000000,35063.000000
57746.000000,60589.000000,51909.000000,35062.000000
57781.000000,60626.000000,51937.000000,35079.000000
57823.000000,60648.000000,51976.000000,35079.000000
57813.000000,60628.000000,51998.000000,35099.000000
57821.000000,60677.000000,51973.000000,35106.000000
57833.000000,60632.000000,51976.000000,35078.000000
57858.000000,60695.000000,52014.000000,35105.000000
57844.000000,60678.000000,52021.000000,35117.000000
57857.000000,60690.000000,52016.000000,35120.000000
57857.000000,60709.000000,52035.000000,35099.000000
57863.000000,60703.000000,52029.000000,35122.000000
57841.000000,60692.000000,52019.000000,35133.000000
57859.000000,60709.000000,51989.000000,35123.000000
57841.000000,60686.000000,52017.000000,35107.000000
57842.000000,60680.000000,52011.000000,35107.000000
57861.000000,60706.000000,52025.000000,35102.000000
57872.000000,60701.000000,52020.000000,35109.000000
57824.000000,60666.000000,52004.000000,35098.000000
57850.000000,60717.000000,52034.000000,35149.000000
57839.000000,60711.000000,52032.000000,35118.000000
57848.000000,60692.000000,52006.000000,35091.000000
57840.000000,60676.000000,52011.000000,35127.000000
57841.000000,60659.000000,51995.000000,35098.000000
57857.000000,60672.000000,51989.000000,35094.000000
57824.000000,60681.000000,52009.000000,35119.000000
57821.000000,60690.000000,51992.000000,35099.000000
57825.000000,60679.000000,51972.000000,35081.000000
57856.000000,60686.000000,51996.000000,35107.000000
57813.000000,60722.000000,51986.000000,35095.000000
57807.000000,60696.000000,51980.000000,35112.000000
57826.000000,60693.000000,51993.000000,35105.000000
57844.000000,60705.000000,51990.000000,35118.000000
57848.000000,60698.000000,51985.000000,35093.000000
57815.000000,60711.000000,52001.000000,35096.000000
57836.000000,60676.000000,51982.000000,35107.000000
57834.000000,60679.000000,51980.000000,35079.000000
57824.000000,60685.000000,51978.000000,35093.000000
57791.000000,60694.000000,52007.000000,35090.000000
57813.000000,60695.000000,51977.000000,35109.000000
57811.000000,60725.000000,51960.000000,35121.000000
57808.000000,60680.000000,51970.000000,35090.000000
57800.000000,60677.000000,51977.000000,35093.000000
57809.000000,60694.000000,51988.000000,35113.000000
57814.000000,60661.000000,51958.000000,35096.000000
57818.000000,60703.000000,51973.000000,35101.000000
57799.000000,60698.000000,51968.000000,35105.000000
57808.000000,60676.000000,51940.000000,35069.000000
57812.000000,60660.000000,51956.000000,35083.000000
57832.000000,60662.000000,51987.000000,35073.000000
57792.000000,60693.000000,51976.000000,35082.000000
57822.000000,60657.000000,51947.000000,35109.000000
57813.000000,60674.000000,51965.000000,35089.000000
57829.000000,60666.000000,51967.000000,35089.000000
57781.000000,60670.000000,51976.000000,35112.000000
57785.000000,60666.000000,51946.000000,35085.000000
57814.000000,60669.000000,51951.000000,35092.000000
57813.000000,60665.000000,51963.000000,35071.000000
57823.000000,60704.000000,51979.000000,35110.000000
57811.000000,60680.000000,51959.000000,35099.000000
57800.000000,60666.000000,51972.000000,35078.000000
57783.000000,60660.000000,51983.000000,35075.000000
57778.000000,60662.000000,51973.000000,35092.000000
57775.000000,60650.000000,51974.000000,35059.000000
57813.000000,60675.000000,51947.000000,35079.000000
57785.000000,60680.000000,51943.000000,35047.000000
57757.000000,60657.000000,51964.000000,35080.000000
57740.000000,60654.000000,51941.000000,35099.000000
57785.000000,60672.000000,51954.000000,35063.000000
57758.000000,60688.000000,51934.000000,35091.000000
57765.000000,60672.000000,51931.000000,35059.000000
57746.000000,60647.000000,51930.000000,35081.000000
57740.000000,60662.000000,51967.000000,35089.000000
57745.000000,60659.000000,51916.000000,35051.000000
57752.000000,60652.000000,51927.000000,35081.000000
57736.000000,60663.000000,51906.000000,35077.000000
57772.000000,60676.000000,51905.000000,35067.000000
57726.000000,60661.000000,51916.000000,35071.000000
57719.000000,60642.000000,51918.000000,35064.000000
57761.000000,60677.000000,51908.000000,35092.000000
57747.000000,60652.000000,51928.000000,35066.000000
57745.000000,60644.000000,51897.000000,35068.000000
57746.000000,60636.000000,51937.000000,35054.000000
57745.000000,60651.000000,51914.000000,35069.000000
57739.000000,60655.000000,51921.000000,35055.000000
57734.000000,60649.000000,51925.000000,35067.000000
57737.000000,60630.000000,51932.000000,35058.000000
57736.000000,60630.000000,51899.000000,35048.000000
57752.000000,60689.000000,51889.000000,35073.000000
57738.000000,60644.000000,51894.000000,35068.000000
57741.000000,60639.000000,51914.000000,35075.000000
57762.000000,60665.000000,51923.000000,35064.000000
57750.000000,60642.000000,51906.000000,35063.000000
57701.000000,60641.000000,51887.000000,35052.000000
57725.000000,60639.000000,51895.000000,35052.000000
57718.000000,60648.000000,51901.000000,35059.000000
57687.000000,60619.000000,51883.000000,35064.000000
57694.000000,60628.000000,51876.000000,35058.000000
57701.000000,60618.000000,51904.000000,35055.000000
57711.000000,60612.000000,51869.000000,35067.000000
57697.000000,60619.000000,51889.000000,35055.000000
57697.000000,60638.000000,51894.000000,35055.000000
57707.000000,60640.000000,51856.000000,35033.000000
57694.000000,60643.000000,51897.000000,35046.000000
57680.000000,60591.000000,51861.000000,35021.000000
57685.000000,60614.000000,51839.000000,35053.000000
57665.000000,60602.000000,51848.000000,35053.000000
57673.000000,60588.000000,51853.000000,35012.000000
57625.000000,60553.000000,51828.000000,35023.000000
57585.000000,60594.000000,51793.000000,35006.000000
57610.000000,60532.000000,51784.000000,35007.000000
57630.000000,60587.000000,51787.000000,35017.000000
57586.000000,60531.000000,51805.000000,35016.000000
57563.000000,60536.000000,51763.000000,34988.000000
57586.000000,60556.000000,51760.000000,35000.000000
57587.000000,60546.000000,51746.000000,34989.000000
57573.000000,60544.000000,51753.000000,34978.000000
57582.000000,60522.000000,51759.000000,34989.000000
57570.000000,60539.000000,51798.000000,35003.000000
57583.000000,60517.000000,51764.000000,35008.000000
57583.000000,60553.000000,51750.000000,34977.000000
57575.000000,60551.000000,51754.000000,35006.000000
57578.000000,60550.000000,51792.000000,35003.000000
57569.000000,60529.000000,51794.000000,34994.000000
57591.000000,60538.000000,51783.000000,34986.000000
57624.000000,60557.000000,51801.000000,35003.000000
57586.000000,60549.000000,51784.000000,35002.000000
57599.000000,60534.000000,51790.000000,35001.000000
57606.000000,60589.000000,51810.000000,35004.000000
57620.000000,60593.000000,51839.000000,35030.000000
57630.000000,60571.000000,51812.000000,35016.000000
57639.000000,60578.000000,51833.000000,35056.000000
57643.000000,60598.000000,51867.000000,35017.000000
57631.000000,60620.000000,51831.000000,35021.000000
57655.000000,60594.000000,51836.000000,35037.000000
57642.000000,60590.000000,51837.000000,35053.000000
57624.000000,60602.000000,51830.000000,35058.000000
57664.000000,60566.000000,51847.000000,35027.000000
57685.000000,60615.000000,51876.000000,35053.000000
57662.000000,60630.000000,51870.000000,35051.000000
57677.000000,60613.000000,51883.000000,35054.000000
57695.000000,60684.000000,51892.000000,35091.000000
57690.000000,60646.000000,51936.000000,35088.000000
57738.000000,60678.000000,51967.000000,35098.000000
57762.000000,60673.000000,51974.000000,35114.000000
57763.000000,60731.000000,52009.000000,35142.000000
57855.000000,60730.000000,52024.000000,35147.000000
57862.000000,60758.000000,52074.000000,35164.000000
57902.000000,60787.000000,52075.000000,35176.000000
57894.000000,60840.000000,52129.000000,35209.000000
57965.000000,60825.000000,52149.000000,35197.000000
57954.000000,60866.000000,52163.000000,35217.000000
57975.000000,60850.000000,52162.000000,35225.000000
57963.000000,60863.000000,52220.000000,35228.000000
57984.000000,60852.000000,52209.000000,35209.000000
57985.000000,60882.000000,52220.000000,35258.000000
57980.000000,60888.000000,52193.000000,35231.000000
58002.000000,60902.000000,52221.000000,35239.000000
57996.000000,60918.000000,52203.000000,35241.000000
57965.000000,60904.000000,52238.000000,35247.000000
57994.000000,60925.000000,52238.000000,35252.000000
57994.000000,60915.000000,52220.000000,35240.000000
57969.000000,60889.000000,52210.000000,35270.000000
58006.000000,60896.000000,52221.000000,35250.000000
57944.000000,60882.000000,52213.000000,35249.000000
57963.000000,60919.000000,52225.000000,35244.000000
57982.000000,60897.000000,52230.000000,35239.000000
57961.000000,60885.000000,52216.000000,35243.000000
57972.000000,60883.000000,52209.000000,35231.000000
57971.000000,60881.000000,52227.000000,35245.000000
57964.000000,60880.000000,52232.000000,35233.000000
57979.000000,60900.000000,52207.000000,35230.000000
57989.000000,60887.000000,52228.000000,35245.000000
57952.000000,60918.000000,52219.000000,35244.000000
57976.000000,60911.000000,52211.000000,35220.000000
57990.000000,60893.000000,52227.000000,35204.000000
57970.000000,60913.000000,52244.000000,35228.000000
57980.000000,60902.000000,52205.000000,35252.000000
57973.000000,60903.000000,52219.000000,35215.000000
57949.000000,60885.000000,52185.000000,35218.000000
57974.000000,60880.000000,52208.000000,35242.000000
57964.000000,60872.000000,52207.000000,35238.000000
57958.000000,60876.000000,52203.000000,35217.000000
57997.000000,60882.000000,52200.000000,35266.000000
57948.000000,60864.000000,52203.000000,35223.000000
57962.000000,60875.000000,52187.000000,35226.000000
57962.000000,60888.000000,52193.000000,35194.000000
57943.000000,60851.000000,52172.000000,35239.000000
57945.000000,60866.000000,52188.000000,35231.000000
57959.000000,60884.000000,52174.000000,35230.000000
57948.000000,60894.000000,52161.000000,35222.000000
57947.000000,60873.000000,52205.000000,35251.000000
57913.000000,60875.000000,52178.000000,35261.000000
57950.000000,60871.000000,52199.000000,35258.000000
57954.000000,60875.000000,52168.000000,35231.000000
57967.000000,60878.000000,52165.000000,35228.000000
57956.000000,60856.000000,52171.000000,35249.000000
57946.000000,60837.000000,52141.000000,35232.000000
57955.000000,60901.000000,52175.000000,35240.000000
57957.000000,60896.000000,52145.000000,35236.000000
57939.000000,60856.000000,52172.000000,35245.000000
57935.000000,60866.000000,52144.000000,35231.000000
57955.000000,60880.000000,52147.000000,35243.000000
57894.000000,60865.000000,52144.000000,35214.000000
57919.000000,60853.000000,52144.000000,35240.000000
57917.000000,60865.000000,52156.000000,35218.000000
57918.000000,60841.000000,52137.000000,35219.000000
57916.000000,60877.000000,52169.000000,35246.000000
57921.000000,60851.000000,52138.000000,35220.000000
57897.000000,60830.000000,52131.000000,35236.000000
57922.000000,60819.000000,52103.000000,35211.000000
57913.000000,60866.000000,52140.000000,35228.000000
57878.000000,60842.000000,52121.000000,35212.000000
57926.000000,60843.000000,52153.000000,35207.000000
57897.000000,60886.000000,52159.000000,35195.000000
57914.000000,60853.000000,52140.000000,35199.000000
57924.000000,60825.000000,52136.000000,35193.000000
57891.000000,60845.000000,52114.000000,35202.000000
57877.000000,60834.000000,52120.000000,35222.000000
57906.000000,60825.000000,52108.000000,35196.000000
57914.000000,60842.000000,52130.000000,35208.000000
57898.000000,60827.000000,52118.000000,35191.000000
57890.000000,60833.000000,52089.000000,35202.000000
57872.000000,60834.000000,52113.000000,35215.000000
57854.000000,60822.000000,52095.000000,35193.000000
57843.000000,60818.000000,52072.000000,35189.000000
57847.000000,60815.000000,52074.000000,35202.000000
57890.000000,60803.000000,52096.000000,35166.000000
57868.000000,60820.000000,52088.000000,35194.000000
57855.000000,60793.000000,52079.000000,35160.000000
57861.000000,60805.000000,52060.000000,35181.000000
57840.000000,60794.000000,52068.000000,35174.000000
57857.000000,60768.000000,52067.000000,35176.000000
57824.000000,60804.000000,52051.000000,35181.000000
57859.000000,60802.000000,52057.000000,35188.000000
57831.000000,60777.000000,52050.000000,35176.000000
57830.000000,60774.000000,52061.000000,35174.000000
57831.000000,60784.000000,52041.000000,35186.000000
57816.000000,60778.000000,52051.000000,35164.000000
57828.000000,60791.000000,52073.000000,35185.000000
57822.000000,60807.000000,52046.000000,35187.000000
57829.000000,60795.000000,52021.000000,35179.000000
57840.000000,60796.000000,52045.000000,35188.000000
57830.000000,60792.000000,52047.000000,35182.000000
57822.000000,60778.000000,52082.000000,35195.000000
57814.000000,60803.000000,52053.000000,35173.000000
57837.000000,60783.000000,52066.000000,35186.000000
57839.000000,60806.000000,52055.000000,35186.000000
57823.000000,60791.000000,52025.000000,35185.000000
57803.000000,60783.000000,52051.000000,35180.000000
57822.000000,60753.000000,52037.000000,35186.000000
57790.000000,60751.000000,52036.000000,35152.000000
57768.000000,60747.000000,52030.000000,35165.000000
57771.000000,60738.000000,52013.000000,35139.000000
57765.000000,60749.000000,51980.000000,35146.000000
57768.000000,60673.000000,51993.000000,35154.000000
57728.000000,60733.000000,51980.000000,35116.000000
57758.000000,60693.000000,51977.000000,35129.000000
57712.000000,60713.000000,51937.000000,35106.000000
57703.000000,60707.000000,51943.000000,35143.000000
57725.000000,60676.000000,51923.000000,35099.000000
57681.000000,60684.000000,51917.000000,35133.000000
57704.000000,60670.000000,51925.000000,35106.000000
57687.000000,60689.000000,51882.000000,35107.000000
57680.000000,60654.000000,51938.000000,35114.000000
57652.000000,60661.000000,51910.000000,35099.000000
57666.000000,60673.000000,51912.000000,35123.000000
57683.000000,60650.000000,51925.000000,35113.000000
57661.000000,60674.000000,51901.000000,35122.000000
57691.000000,60688.000000,51926.000000,35107.000000
57666.000000,60674.000000,51920.000000,35106.000000
57673.000000,60657.000000,51922.000000,35109.000000
57686.000000,60713.000000,51941.000000,35118.000000
57676.000000,60704.000000,51940.000000,35122.000000
57682.000000,60658.000000,51920.000000,35129.000000
57701.000000,60691.000000,51945.000000,35110.000000
57687.000000,60686.000000,51914.000000,35119.000000
57715.000000,60674.000000,51942.000000,35119.000000
57731.000000,60696.000000,51961.000000,35130.000000
57697.000000,60670.000000,51923.000000,35144.000000
57703.000000,60686.000000,51968.000000,35106.000000
57705.000000,60704.000000,51953.000000,35135.000000
57709.000000,60706.000000,51943.000000,35124.000000
57705.000000,60721.000000,51975.000000,35142.000000
57706.000000,60701.000000,51973.000000,35134.000000
57741.000000,60709.000000,51975.000000,35141.000000
57703.000000,60694.000000,51955.000000,35135.000000
57732.000000,60718.000000,51959.000000,35133.000000
57720.000000,60716.000000,52003.000000,35129.000000
57722.000000,60708.000000,52000.000000,35176.000000
57739.000000,60764.000000,51972.000000,35150.000000
57761.000000,60758.000000,52025.000000,35153.000000
57759.000000,60755.000000,52024.000000,35179.000000
57765.000000,60758.000000,52044.000000,35159.000000
57782.000000,60773.000000,52042.000000,35194.000000
57802.000000,60824.000000,52069.000000,35195.000000
57831.000000,60817.000000,52086.000000,35215.000000
57866.000000,60799.000000,52114.000000,35214.000000
57882.000000,60833.000000,52144.000000,35216.000000
57926.000000,60896.000000,52180.000000,35252.000000
57928.000000,60899.000000,52227.000000,35282.000000
57982.000000,60897.000000,52234.000000,35279.000000
58012.000000,60945.000000,52258.000000,35270.000000
58055.000000,60962.000000,52275.000000,35287.000000
58060.000000,60984.000000,52308.000000,35319.000000
58059.000000,60987.000000,52344.000000,35322.000000
58066.000000,60991.000000,52344.000000,35348.000000
58092.000000,60979.000000,52359.000000,35327.000000
58096.000000,60981.000000,52322.000000,35323.000000
58097.000000,60985.000000,52339.000000,35313.000000
58078.000000,60990.000000,52327.000000,35326.000000
58094.000000,60969.000000,52329.000000,35306.000000
58080.000000,61010.000000,52346.000000,35316.000000
58043.000000,61004.000000,52324.000000,35331.000000
58081.000000,61008.000000,52329.000000,35355.000000
58087.000000,60969.000000,52321.000000,35311.000000
58038.000000,61014.000000,52364.000000,35328.000000
58057.000000,60985.000000,52317.000000,35308.000000
58036.000000,60960.000000,52291.000000,35324.000000
58074.000000,60972.000000,52310.000000,35304.000000
58026.000000,60966.000000,52321.000000,35294.000000
58060.000000,60982.000000,52343.000000,35294.000000
58063.000000,60957.000000,52314.000000,35312.000000
58052.000000,61003.000000,52317.000000,35322.000000
58042.000000,60975.000000,52321.000000,35337.000000
58065.000000,60937.000000,52293.000000,35289.000000
58053.000000,60987.000000,52317.000000,35303.000000
58045.000000,60988.000000,52288.000000,35315.000000
58043.000000,60937.000000,52289.000000,35300.000000
58043.000000,60955.000000,52277.000000,35326.000000
58041.000000,60986.000000,52289.000000,35298.000000
58041.000000,60954.000000,52289.000000,35286.000000
58036.000000,60959.000000,52273.000000,35307.000000
58046.000000,60951.000000,52302.000000,35327.000000
58031.000000,60971.000000,52265.000000,35284.000000
58017.000000,60968.000000,52303.000000,35303.000000
58041.000000,60961.000000,52299.000000,35292.000000
58008.000000,60979.000000,52277.000000,35311.000000
58019.000000,60956.000000,52286.000000,35318.000000
57985.000000,60972.000000,52284.000000,35307.000000
58011.000000,60971.000000,52285.000000,35309.000000
58025.000000,60961.000000,52283.000000,35298.000000
57981.000000,60949.000000,52277.000000,35280.000000
58027.000000,60958.000000,52279.000000,35311.000000
58025.000000,60956.000000,52259.000000,35303.000000
58050.000000,60953.000000,52291.000000,35288.000000
58004.000000,60958.000000,52284.000000,35297.000000
57985.000000,60937.000000,52269.000000,35299.000000
58006.000000,60958.000000,52273.000000,35286.000000
58007.000000,60952.000000,52227.000000,35309.000000
57993.000000,60974.000000,52267.000000,35307.000000
57987.000000,60965.000000,52259.000000,35325.000000
58027.000000,60936.000000,52269.000000,35296.000000
58016.000000,60936.000000,52244.000000,35316.000000
57981.000000,60933.000000,52264.000000,35283.000000
58008.000000,60913.000000,52263.000000,35308.000000
57981.000000,60940.000000,52255.000000,35311.000000
57984.000000,60911.000000,52238.000000,35264.000000
57963.000000,60947.000000,52250.000000,35277.000000
57969.000000,60938.000000,52225.000000,35255.000000
57949.000000,60918.000000,52239.000000,35248.000000
57962.000000,60928.000000,52239.000000,35291.000000
57955.000000,60901.000000,52215.000000,35256.000000
57948.000000,60930.000000,52213.000000,35282.000000
57961.000000,60913.000000,52222.000000,35263.000000
57943.000000,60907.000000,52206.000000,35256.000000
57932.000000,60928.000000,52225.000000,35265.000000
57936.000000,60882.000000,52192.000000,35253.000000
57923.000000,60937.000000,52177.000000,35270.000000
57914.000000,60903.000000,52202.000000,35239.000000
57911.000000,60886.000000,52205.000000,35245.000000
57948.000000,60888.000000,52209.000000,35234.000000
57917.000000,60900.000000,52181.000000,35256.000000
57941.000000,60894.000000,52169.000000,35255.000000
57931.000000,60879.000000,52169.000000,35255.000000
57903.000000,60866.000000,52170.000000,35237.000000
57923.000000,60859.000000,52183.000000,35261.000000
57881.000000,60875.000000,52171.000000,35244.000000
57892.000000,60867.000000,52138.000000,35214.000000
57917.000000,60847.000000,52173.000000,35252.000000
57897.000000,60884.000000,52156.000000,35238.000000
57885.000000,60840.000000,52138.000000,35228.000000
57878.000000,60867.000000,52128.000000,35232.000000
57894.000000,60860.000000,52145.000000,35217.000000
57904.000000,60844.000000,52153.000000,35234.000000
57878.000000,60867.000000,52157.000000,35216.000000
57860.000000,60856.000000,52158.000000,35236.000000
57874.000000,60879.000000,52124.000000,35228.000000
57938.000000,60901.000000,52110.000000,35254.000000
57884.000000,60862.000000,52117.000000,35233.000000
57872.000000,60872.000000,52125.000000,35227.000000
57859.000000,60884.000000,52111.000000,35228.000000
57883.000000,60838.000000,52121.000000,35238.000000
57892.000000,60828.000000,52160.000000,35204.000000
57848.000000,60831.000000,52134.000000,35226.000000
57840.000000,60852.000000,52105.000000,35216.000000
57832.000000,60828.000000,52093.000000,35201.000000
57846.000000,60827.000000,52111.000000,35228.000000
57855.000000,60819.000000,52099.000000,35210.000000
57856.000000,60812.000000,52093.000000,35211.000000
57850.000000,60822.000000,52084.000000,35239.000000
57818.000000,60815.000000,52095.000000,35196.000000
57769.000000,60799.000000,52081.000000,35185.000000
57811.000000,60800.000000,52059.000000,35203.000000
57797.000000,60779.000000,52052.000000,35183.000000
57798.000000,60799.000000,52048.000000,35182.000000
57776.000000,60773.000000,52056.000000,35159.000000
57757.000000,60803.000000,52019.000000,35193.000000
57772.000000,60760.000000,52050.000000,35149.000000
57753.000000,60751.000000,52019.000000,35169.000000
57739.000000,60737.000000,52012.000000,35184.000000
57765.000000,60756.000000,52005.000000,35150.000000
57737.000000,60756.000000,51999.000000,35169.000000
57729.000000,60736.000000,51972.000000,35151.000000
57728.000000,60736.000000,51958.000000,35133.000000
57725.000000,60738.000000,52013.000000,35154.000000
57732.000000,60711.000000,51996.000000,35167.000000
57730.000000,60732.000000,51998.000000,35148.000000
57739.000000,60747.000000,52001.000000,35179.000000
57729.000000,60742.000000,52027.000000,35138.000000
57717.000000,60764.000000,51995.000000,35153.000000
57751.000000,60761.000000,51987.000000,35168.000000
57745.000000,60758.000000,51999.000000,35161.000000
57725.000000,60739.000000,51992.000000,35141.000000
57728.000000,60791.000000,52032.000000,35182.000000
57739.000000,60761.000000,52029.000000,35175.000000
57730.000000,60757.000000,52006.000000,35148.000000
57753.000000,60741.000000,52013.000000,35150.000000
57755.000000,60766.000000,52010.000000,35190.000000
57736.000000,60782.000000,52001.000000,35155.000000
57771.000000,60781.000000,52014.000000,35179.000000
57766.000000,60770.000000,52021.000000,35195.000000
57769.000000,60777.000000,52028.000000,35157.000000
57776.000000,60803.000000,52050.000000,35171.000000
57777.000000,60747.000000,52044.000000,35181.000000
57746.000000,60807.000000,52064.000000,35170.000000
57771.000000,60791.000000,52047.000000,35186.000000
57789.000000,60815.000000,52088.000000,35198.000000
57800.000000,60800.000000,52097.000000,35198.000000
57765.000000,60811.000000,52049.000000,35193.000000
57806.000000,60843.000000,52111.000000,35225.000000
57806.000000,60836.000000,52118.000000,35211.000000
57836.000000,60829.000000,52121.000000,35226.000000
57861.000000,60869.000000,52139.000000,35249.000000
57882.000000,60872.000000,52158.000000,35238.000000
57897.000000,60881.000000,52195.000000,35262.000000
57922.000000,60909.000000,52201.000000,35276.000000
57945.000000,60913.000000,52229.000000,35283.000000
58006.000000,60969.000000,52286.000000,35326.000000
58000.000000,60966.000000,52303.000000,35299.000000
58030.000000,61015.000000,52315.000000,35332.000000
58022.000000,61001.000000,52330.000000,35342.000000
58110.000000,61056.000000,52374.000000,35344.000000
58113.000000,61065.000000,52399.000000,35359.000000
58101.000000,61069.000000,52416.000000,35394.000000
58131.000000,61063.000000,52400.000000,35327.000000
58106.000000,61076.000000,52405.000000,35386.000000
58114.000000,61075.000000,52428.000000,35360.000000
58122.000000,61036.000000,52421.000000,35364.000000
58111.000000,61080.000000,52409.000000,35372.000000
58114.000000,61071.000000,52406.000000,35396.000000
58091.000000,61052.000000,52415.000000,35380.000000
58102.000000,61058.000000,52429.000000,35399.000000
58095.000000,61085.000000,52400.000000,35376.000000
58080.000000,61075.000000,52416.000000,35361.000000
58119.000000,61038.000000,52393.000000,35354.000000
58109.000000,61064.000000,52395.000000,35383.000000
58100.000000,61056.000000,52396.000000,35361.000000
58081.000000,61067.000000,52414.000000,35362.000000
58104.000000,61084.000000,52402.000000,35380.000000
58090.000000,61072.000000,52394.000000,35380.000000
58099.000000,61052.000000,52407.000000,35378.000000
58087.000000,61067.000000,52382.000000,35351.000000
58103.000000,61117.000000,52433.000000,35379.000000
58073.000000,61068.000000,52388.000000,35353.000000
58097.000000,61054.000000,52388.000000,35351.000000
58119.000000,61069.000000,52366.000000,35366.000000
58112.000000,61087.000000,52413.000000,35356.000000
58085.000000,61065.000000,52395.000000,35340.000000
58091.000000,61043.000000,52386.000000,35365.000000
58109.000000,61047.000000,52408.000000,35348.000000
58072.000000,61061.000000,52405.000000,35355.000000
58083.000000,61069.000000,52325.000000,35349.000000
58089.000000,61036.000000,52351.000000,35347.000000
58087.000000,61038.000000,52367.000000,35365.000000
58069.000000,61036.000000,52390.000000,35348.000000
58069.000000,61053.000000,52349.000000,35364.000000
58047.000000,61008.000000,52379.000000,35332.000000
58056.000000,60988.000000,52335.000000,35321.000000
58060.000000,61028.000000,52374.000000,35359.000000
58045.000000,61002.000000,52371.000000,35324.000000
58038.000000,61010.000000,52334.000000,35324.000000
58045.000000,60986.000000,52342.000000,35330.000000
58028.000000,60991.000000,52321.000000,35332.000000
58041.000000,60994.000000,52331.000000,35303.000000
58055.000000,61017.000000,52319.000000,35358.000000
58029.000000,61031.000000,52323.000000,35312.000000
58044.000000,61009.000000,52334.000000,35314.000000
58011.000000,61023.000000,52357.000000,35324.000000
58026.000000,60987.000000,52360.000000,35368.000000
58011.000000,61009.000000,52341.000000,35342.000000
58025.000000,60985.000000,52324.000000,35329.000000
58053.000000,61018.000000,52340.000000,35325.000000
58040.000000,61017.000000,52322.000000,35350.000000
58030.000000,61014.000000,52333.000000,35309.000000
58032.000000,61024.000000,52363.000000,35340.000000
58052.000000,61039.000000,52355.000000,35334.000000
58040.000000,61023.000000,52315.000000,35327.000000
58038.000000,61021.000000,52349.000000,35341.000000
58028.000000,61011.000000,52339.000000,35328.000000
58049.000000,61011.000000,52319.000000,35311.000000
58005.000000,60995.000000,52340.000000,35326.000000
58016.000000,61018.000000,52329.000000,35333.000000
58013.000000,61008.000000,52316.000000,35325.000000
57978.000000,61000.000000,52314.000000,35300.000000
58014.000000,61024.000000,52295.000000,35308.000000
57996.000000,60975.000000,52278.000000,35309.000000
57983.000000,60961.000000,52279.000000,35295.000000
58014.000000,60969.000000,52280.000000,35280.000000
58000.000000,60990.000000,52270.000000,35318.000000
57974.000000,60961.000000,52275.000000,35311.000000
58003.000000,60987.000000,52290.000000,35284.000000
57976.000000,60983.000000,52280.000000,35322.000000
57952.000000,60942.000000,52249.000000,35286.000000
57984.000000,60959.000000,52308.000000,35308.000000
57987.000000,60994.000000,52270.000000,35321.000000
58003.000000,60942.000000,52249.000000,35292.000000
57992.000000,60948.000000,52259.000000,35334.000000
57983.000000,61011.000000,52281.000000,35315.000000
57981.000000,61007.000000,52260.000000,35303.000000
57984.000000,60966.000000,52245.000000,35300.000000
57978.000000,60988.000000,52279.000000,35298.000000
57974.000000,60963.000000,52263.000000,35305.000000
57996.000000,60987.000000,52267.000000,35300.000000
57987.000000,60991.000000,52278.000000,35293.000000
57962.000000,60979.000000,52266.000000,35292.000000
57942.000000,60963.000000,52252.000000,35279.000000
57973.000000,60979.000000,52232.000000,35314.000000
57968.000000,60963.000000,52265.000000,35301.000000
57958.000000,60945.000000,52229.000000,35316.000000
57929.000000,60972.000000,52265.000000,35320.000000
57954.000000,60931.000000,52247.000000,35319.000000
57940.000000,60961.000000,52245.000000,35280.000000
57939.000000,60971.000000,52264.000000,35292.000000
57924.000000,60925.000000,52251.000000,35294.000000
57951.000000,60945.000000,52249.000000,35281.000000
57931.000000,60955.000000,52257.000000,35299.000000
57947.000000,60948.000000,52235.000000,35275.000000
57917.000000,60940.000000,52246.000000,35271.000000
57915.000000,60922.000000,52208.000000,35302.000000
57908.000000,60963.000000,52214.000000,35262.000000
57889.000000,60951.000000,52220.000000,35254.000000
57911.000000,60908.000000,52207.000000,35269.000000
57897.000000,60954.000000,52181.000000,35263.000000
57887.000000,60898.000000,52191.000000,35243.000000
57869.000000,60910.000000,52166.000000,35265.000000
57850.000000,60906.000000,52179.000000,35241.000000
57820.000000,60868.000000,52148.000000,35230.000000
57839.000000,60885.000000,52115.000000,35235.000000
57800.000000,60845.000000,52112.000000,35240.000000
57828.000000,60858.000000,52127.000000,35234.000000
57818.000000,60849.000000,52114.000000,35226.000000
57825.000000,60878.000000,52123.000000,35229.000000
57830.000000,60887.000000,52112.000000,35224.000000
57822.000000,60897.000000,52117.000000,35235.000000
57825.000000,60873.000000,52139.000000,35251.000000
57813.000000,60885.000000,52131.000000,35226.000000
57850.000000,60879.000000,52148.000000,35250.000000
57813.000000,60877.000000,52157.000000,35206.000000
57814.000000,60893.000000,52146.000000,35259.000000
57828.000000,60889.000000,52112.000000,35230.000000
57839.000000,60866.000000,52159.000000,35228.000000
57825.000000,60871.000000,52141.000000,35263.000000
57817.000000,60883.000000,52122.000000,35243.000000
57850.000000,60906.000000,52147.000000,35238.000000
57845.000000,60876.000000,52123.000000,35240.000000
57822.000000,60905.000000,52151.000000,35291.000000
57827.000000,60892.000000,52157.000000,35251.000000
57830.000000,60897.000000,52170.000000,35246.000000
57841.000000,60905.000000,52167.000000,35219.000000
57858.000000,60894.000000,52172.000000,35247.000000
57856.000000,60890.000000,52198.000000,35278.000000
57830.000000,60920.000000,52162.000000,35270.000000
57917.000000,60900.000000,52189.000000,35267.000000
57889.000000,60897.000000,52196.000000,35262.000000
57899.000000,60931.000000,52202.000000,35269.000000
57861.000000,60940.000000,52183.000000,35273.000000
57902.000000,60951.000000,52226.000000,35284.000000
57913.000000,60948.000000,52248.000000,35288.000000
57949.000000,60983.000000,52248.000000,35299.000000
57974.000000,60983.000000,52300.000000,35333.000000
57980.000000,61023.000000,52309.000000,35337.000000
58001.000000,61043.000000,52310.000000,35335.000000
58055.000000,61030.000000,52363.000000,35343.000000
58065.000000,61067.000000,52393.000000,35371.000000
58098.000000,61099.000000,52422.000000,35368.000000
58143.000000,61136.000000,52457.000000,35429.000000
58120.000000,61121.000000,52515.000000,35410.000000
58158.000000,61120.000000,52486.000000,35412.000000
58177.000000,61154.000000,52467.000000,35431.000000
58150.000000,61171.000000,52519.000000,35421.000000
58163.000000,61170.000000,52528.000000,35419.000000
58173.000000,61182.000000,52522.000000,35426.000000
58173.000000,61182.000000,52549.000000,35437.000000
58184.000000,61189.000000,52557.000000,35449.000000
58169.000000,61196.000000,52541.000000,35439.000000
58178.000000,61173.000000,52537.000000,35435.000000
58203.000000,61188.000000,52568.000000,35430.000000
58197.000000,61223.000000,52543.000000,35439.000000
58192.000000,61214.000000,52560.000000,35434.000000
58165.000000,61210.000000,52520.000000,35432.000000
58178.000000,61167.000000,52565.000000,35434.000000
58163.000000,61202.000000,52516.000000,35412.000000
58162.000000,61198.000000,52516.000000,35455.000000
58187.000000,61191.000000,52551.000000,35436.000000
58202.000000,61178.000000,52550.000000,35438.000000
58181.000000,61186.000000,52535.000000,35427.000000
58155.000000,61193.000000,52502.000000,35423.000000
58147.000000,61204.000000,52530.000000,35466.000000
58187.000000,61212.000000,52514.000000,35432.000000
58190.000000,61192.000000,52555.000000,35438.000000
58152.000000,61197.000000,52526.000000,35433.000000
58184.000000,61216.000000,52551.000000,35412.000000
58179.000000,61218.000000,52540.000000,35444.000000
58169.000000,61186.000000,52537.000000,35424.000000
58164.000000,61199.000000,52514.000000,35442.000000
58164.000000,61212.000000,52525.000000,35424.000000
58177.000000,61198.000000,52525.000000,35419.000000
58176.000000,61218.000000,52521.000000,35429.000000
58197.000000,61195.000000,52558.000000,35453.000000
58155.000000,61196.000000,52557.000000,35451.000000
58167.000000,61181.000000,52544.000000,35427.000000
58160.000000,61239.000000,52541.000000,35439.000000
58172.000000,61210.000000,52524.000000,35451.000000
58159.000000,61213.000000,52523.000000,35449.000000
58171.000000,61199.000000,52543.000000,35421.000000
58175.000000,61219.000000,52547.000000,35463.000000
58182.000000,61208.000000,52509.000000,35436.000000
58164.000000,61184.000000,52518.000000,35402.000000
58151.000000,61206.000000,52524.000000,35410.000000
58175.000000,61178.000000,52525.000000,35436.000000
58148.000000,61184.000000,52507.000000,35425.000000
58119.000000,61189.000000,52511.000000,35442.000000
58127.000000,61181.000000,52523.000000,35410.000000
58117.000000,61152.000000,52506.000000,35419.000000
58144.000000,61185.000000,52509.000000,35446.000000
58158.000000,61154.000000,52502.000000,35397.000000
58112.000000,61189.000000,52518.000000,35423.000000
58109.000000,61171.000000,52491.000000,35415.000000
58130.000000,61174.000000,52501.000000,35440.000000
58132.000000,61148.000000,52488.000000,35403.000000
58111.000000,61166.000000,52496.000000,35441.000000
58106.000000,61162.000000,52476.000000,35413.000000
58091.000000,61147.000000,52492.000000,35387.000000
58109.000000,61176.000000,52502.000000,35385.000000
58103.000000,61152.000000,52462.000000,35387.000000
58096.000000,61131.000000,52466.000000,35412.000000
58068.000000,61151.000000,52451.000000,35443.000000
58099.000000,61116.000000,52468.000000,35407.000000
58098.000000,61165.000000,52464.000000,35431.000000
58068.000000,61142.000000,52446.000000,35428.000000
58107.000000,61142.000000,52472.000000,35410.000000
58083.000000,61159.000000,52472.000000,35387.000000
58093.000000,61131.000000,52464.000000,35397.000000
58074.000000,61135.000000,52451.000000,35401.000000
58085.000000,61130.000000,52450.000000,35402.000000
58061.000000,61124.000000,52448.000000,35384.000000
58076.000000,61143.000000,52453.000000,35411.000000
58074.000000,61135.000000,52438.000000,35393.000000
58080.000000,61116.000000,52431.000000,35384.000000
58068.000000,61115.000000,52423.000000,35394.000000
58062.000000,61118.000000,52428.000000,35367.000000
58020.000000,61144.000000,52382.000000,35401.000000
58049.000000,61123.000000,52420.000000,35386.000000
58034.000000,61103.000000,52410.000000,35381.000000
58020.000000,61065.000000,52396.000000,35359.000000
58024.000000,61073.000000,52412.000000,35381.000000
58010.000000,61094.000000,52395.000000,35396.000000
58011.000000,61056.000000,52373.000000,35374.000000
58009.000000,61083.000000,52374.000000,35369.000000
57995.000000,61091.000000,52342.000000,35390.000000
58024.000000,61088.000000,52377.000000,35347.000000
58039.000000,61107.000000,52392.000000,35380.000000
58040.000000,61094.000000,52392.000000,35385.000000
58008.000000,61102.000000,52358.000000,35368.000000
58045.000000,61067.000000,52369.000000,35373.000000
58042.000000,61092.000000,52396.000000,35389.000000
58020.000000,61111.000000,52361.000000,35361.000000
58064.000000,61113.000000,52381.000000,35381.000000
57999.000000,61110.000000,52405.000000,35373.000000
58061.000000,61129.000000,52423.000000,35400.000000
58048.000000,61098.000000,52403.000000,35365.000000
58040.000000,61111.000000,52397.000000,35354.000000
58008.000000,61072.000000,52378.000000,35373.000000
58009.000000,61084.000000,52407.000000,35378.000000
58015.000000,61107.000000,52365.000000,35392.000000
57990.000000,61058.000000,52352.000000,35345.000000
57958.000000,61050.000000,52338.000000,35328.000000
57978.000000,61084.000000,52358.000000,35371.000000
57972.000000,61040.000000,52345.000000,35357.000000
57922.000000,61013.000000,52296.000000,35328.000000
57908.000000,61045.000000,52325.000000,35340.000000
57896.000000,61031.000000,52308.000000,35314.000000
57922.000000,61001.000000,52296.000000,35333.000000
57898.000000,61006.000000,52263.000000,35307.000000
57927.000000,60980.000000,52265.000000,35323.000000
57909.000000,61004.000000,52270.000000,35321.000000
57902.000000,60975.000000,52259.000000,35312.000000
57907.000000,61005.000000,52262.000000,35316.000000
57899.000000,61016.000000,52247.000000,35309.000000
57904.000000,61024.000000,52269.000000,35312.000000
57892.000000,60991.000000,52274.000000,35317.000000
57887.000000,61010.000000,52258.000000,35308.000000
57914.000000,61019.000000,52278.000000,35313.000000
57894.000000,61015.000000,52265.000000,35302.000000
57885.000000,61024.000000,52281.000000,35330.000000
57901.000000,61028.000000,52289.000000,35323.000000
57900.000000,61042.000000,52282.000000,35347.000000
57879.000000,61027.000000,52281.000000,35308.000000
57913.000000,61026.000000,52288.000000,35345.000000
57924.000000,61034.000000,52304.000000,35341.000000
57936.000000,61035.000000,52303.000000,35339.000000
57926.000000,61029.000000,52294.000000,35334.000000
57919.000000,61065.000000,52302.000000,35340.000000
57919.000000,61030.000000,52311.000000,35344.000000
57911.000000,61034.000000,52324.000000,35312.000000
57954.000000,61052.000000,52305.000000,35353.000000
57943.000000,61039.000000,52330.000000,35305.000000
57934.000000,61042.000000,52298.000000,35343.000000
57925.000000,61059.000000,52348.000000,35337.000000
57929.000000,61050.000000,52332.000000,35328.000000
57944.000000,61065.000000,52330.000000,35344.000000
57958.000000,61089.000000,52359.000000,35333.000000
57926.000000,61076.000000,52355.000000,35348.000000
57956.000000,61091.000000,52367.000000,35360.000000
57980.000000,61080.000000,52394.000000,35371.000000
57965.000000,61100.000000,52356.000000,35384.000000
57995.000000,61116.000000,52391.000000,35382.000000
58019.000000,61104.000000,52415.000000,35383.000000
58048.000000,61152.000000,52443.000000,35421.000000
58073.000000,61182.000000,52471.000000,35428.000000
58120.000000,61199.000000,52494.000000,35435.000000
58147.000000,61238.000000,52557.000000,35439.000000
58129.000000,61234.000000,52570.000000,35487.000000
58200.000000,61257.000000,52593.000000,35494.000000
58233.000000,61294.000000,52624.000000,35485.000000
58237.000000,61285.000000,52642.000000,35510.000000
58216.000000,61315.000000,52678.000000,35549.000000
58276.000000,61314.000000,52682.000000,35529.000000
58286.000000,61348.000000,52683.000000,35524.000000
58300.000000,61336.000000,52705.000000,35548.000000
58252.000000,61317.000000,52682.000000,35516.000000
58285.000000,61335.000000,52719.000000,35537.000000
58267.000000,61331.000000,52672.000000,35535.000000
58304.000000,61326.000000,52705.000000,35527.000000
58274.000000,61361.000000,52698.000000,35549.000000
58276.000000,61339.000000,52686.000000,35547.000000
58279.000000,61348.000000,52702.000000,35553.000000
58284.000000,61346.000000,52705.000000,35530.000000
58266.000000,61347.000000,52706.000000,35535.000000
58267.000000,61329.000000,52691.000000,35529.000000
58270.000000,61320.000000,52700.000000,35518.000000
58264.000000,61340.000000,52709.000000,35518.000000
58283.000000,61333.000000,52690.000000,35550.000000
58258.000000,61323.000000,52682.000000,35520.000000
58244.000000,61321.000000,52673.000000,35509.000000
58248.000000,61322.000000,52710.000000,35524.000000
58257.000000,61310.000000,52671.000000,35544.000000
58268.000000,61308.000000,52687.000000,35524.000000
58233.000000,61339.000000,52670.000000,35526.000000
58268.000000,61343.000000,52662.000000,35549.000000
58230.000000,61328.000000,52651.000000,35548.000000
58233.000000,61337.000000,52690.000000,35527.000000
58253.000000,61307.000000,52670.000000,35534.000000
58212.000000,61301.000000,52634.000000,35526.000000
58231.000000,61322.000000,52671.000000,35508.000000
58226.000000,61312.000000,52671.000000,35523.000000
58247.000000,61297.000000,52634.000000,35532.000000
58253.000000,61300.000000,52650.000000,35523.000000
58228.000000,61332.000000,52638.000000,35504.000000
58244.000000,61273.000000,52657.000000,35524.000000
58236.000000,61311.000000,52645.000000,35522.000000
58231.000000,61313.000000,52651.000000,35492.000000
58231.000000,61318.000000,52661.000000,35536.000000
58202.000000,61300.000000,52639.000000,35536.000000
58209.000000,61284.000000,52620.000000,35518.000000
58215.000000,61319.000000,52632.000000,35517.000000
58198.000000,61288.000000,52629.000000,35522.000000
58227.000000,61295.000000,52646.000000,35532.000000
58214.000000,61287.000000,52630.000000,35523.000000
58224.000000,61286.000000,52652.000000,35523.000000
58221.000000,61280.000000,52615.000000,35528.000000
58218.000000,61314.000000,52631.000000,35516.000000
58220.000000,61306.000000,52641.000000,35523.000000
58194.000000,61288.000000,52621.000000,35525.000000
58177.000000,61270.000000,52619.000000,35488.000000
58223.000000,61265.000000,52636.000000,35511.000000
58199.000000,61270.000000,52619.000000,35500.000000
58209.000000,61292.000000,52607.000000,35512.000000
58203.000000,61284.000000,52624.000000,35524.000000
58196.000000,61279.000000,52587.000000,35512.000000
58157.000000,61240.000000,52596.000000,35472.000000
58180.000000,61265.000000,52583.000000,35516.000000
58157.000000,61267.000000,52598.000000,35492.000000
58166.000000,61235.000000,52602.000000,35475.000000
58153.000000,61245.000000,52585.000000,35485.000000
58172.000000,61252.000000,52579.000000,35503.000000
58171.000000,61215.000000,52587.000000,35468.000000
58159.000000,61226.000000,52573.000000,35479.000000
58148.000000,61249.000000,52561.000000,35468.000000
58184.000000,61229.000000,52544.000000,35449.000000
58120.000000,61205.000000,52578.000000,35481.000000
58116.000000,61209.000000,52536.000000,35462.000000
58121.000000,61224.000000,52568.000000,35462.000000
58124.000000,61188.000000,52550.000000,35467.000000
58133.000000,61209.000000,52538.000000,35449.000000
58121.000000,61221.000000,52534.000000,35479.000000
58130.000000,61201.000000,52528.000000,35464.000000
58110.000000,61212.000000,52518.000000,35466.000000
58124.000000,61232.000000,52511.000000,35452.000000
58097.000000,61187.000000,52517.000000,35401.000000
58096.000000,61216.000000,52505.000000,35451.000000
58107.000000,61213.000000,52528.000000,35461.000000
58104.000000,61166.000000,52508.000000,35435.000000
58087.000000,61202.000000,52517.000000,35446.000000
58080.000000,61166.000000,52508.000000,35457.000000
58083.000000,61182.000000,52482.000000,35453.000000
58083.000000,61171.000000,52480.000000,35452.000000
58089.000000,61184.000000,52496.000000,35449.000000
58103.000000,61176.000000,52518.000000,35449.000000
58106.000000,61180.000000,52492.000000,35437.000000
58108.000000,61184.000000,52507.000000,35468.000000
58084.000000,61186.000000,52489.000000,35461.000000
58080.000000,61198.000000,52472.000000,35468.000000
58081.000000,61193.000000,52523.000000,35459.000000
58082.000000,61204.000000,52479.000000,35439.000000
58075.000000,61182.000000,52523.000000,35421.000000
58060.000000,61168.000000,52467.000000,35447.000000
58098.000000,61195.000000,52477.000000,35438.000000
58064.000000,61151.000000,52469.000000,35437.000000
58065.000000,61178.000000,52525.000000,35450.000000
58078.000000,61171.000000,52480.000000,35435.000000
58075.000000,61169.000000,52474.000000,35427.000000
58093.000000,61164.000000,52476.000000,35432.000000
58064.000000,61162.000000,52456.000000,35435.000000
58047.000000,61140.000000,52455.000000,35408.000000
58021.000000,61150.000000,52444.000000,35433.000000
58016.000000,61146.000000,52452.000000,35412.000000
58006.000000,61142.000000,52409.000000,35385.000000
58017.000000,61111.000000,52407.000000,35411.000000
57981.000000,61137.000000,52387.000000,35417.000000
57994.000000,61138.000000,52375.000000,35392.000000
57968.000000,61084.000000,52393.000000,35397.000000
57958.000000,61086.000000,52413.000000,35388.000000
57978.000000,61080.000000,52380.000000,35399.000000
57972.000000,61073.000000,52366.000000,35365.000000
57913.000000,61101.000000,52350.000000,35371.000000
57947.000000,61058.000000,52352.000000,35381.000000
57944.000000,61072.000000,52345.000000,35361.000000
57920.000000,61099.000000,52355.000000,35370.000000
57952.000000,61106.000000,52318.000000,35372.000000
57942.000000,61066.000000,52362.000000,35386.000000
57919.000000,61077.000000,52359.000000,35389.000000
57930.000000,61080.000000,52371.000000,35353.000000
57954.000000,61087.000000,52362.000000,35399.000000
57955.000000,61108.000000,52365.000000,35384.000000
57964.000000,61083.000000,52382.000000,35395.000000
57948.000000,61083.000000,52365.000000,35405.000000
57979.000000,61070.000000,52351.000000,35363.000000
57960.000000,61123.000000,52396.000000,35416.000000
57952.000000,61126.000000,52371.000000,35381.000000
57958.000000,61118.000000,52397.000000,35385.000000
57968.000000,61114.000000,52431.000000,35403.000000
58002.000000,61124.000000,52430.000000,35397.000000
58001.000000,61103.000000,52417.000000,35402.000000
57998.000000,61142.000000,52422.000000,35424.000000
57984.000000,61127.000000,52412.000000,35387.000000
57998.000000,61152.000000,52433.000000,35414.000000
57994.000000,61141.000000,52468.000000,35437.000000
58007.000000,61152.000000,52440.000000,35399.000000
58004.000000,61139.000000,52431.000000,35397.000000
58051.000000,61179.000000,52492.000000,35418.000000
58080.000000,61201.000000,52496.000000,35453.000000
58081.000000,61198.000000,52519.000000,35425.000000
58107.000000,61187.000000,52518.000000,35469.000000
58137.000000,61249.000000,52536.000000,35469.000000
58129.000000,61242.000000,52596.000000,35507.000000
58178.000000,61264.000000,52622.000000,35498.000000
58186.000000,61282.000000,52619.000000,35483.000000
58223.000000,61307.000000,52668.000000,35517.000000
58262.000000,61327.000000,52686.000000,35542.000000
58291.000000,61375.000000,52743.000000,35565.000000
58304.000000,61387.000000,52770.000000,35589.000000
58317.000000,61402.000000,52765.000000,35571.000000
58329.000000,61400.000000,52777.000000,35578.000000
58314.000000,61427.000000,52788.000000,35600.000000
58311.000000,61418.000000,52776.000000,35579.000000
58318.000000,61427.000000,52739.000000,35578.000000
58356.000000,61439.000000,52815.000000,35584.000000
58326.000000,61442.000000,52766.000000,35595.000000
58321.000000,61426.000000,52757.000000,35583.000000
58331.000000,61388.000000,52813.000000,35609.000000
